sequence,elapsed_ms,type,direction,id,bytes,name,details,hex,marker
1,11,"PACKET","IN",207,45,"PlayerSync","id=207 bytes=45","cf 76 00 81 00 48 40 00 00 29 df aa b0 df a1 c9 d1 7a 56 1f 50 84 00 00 00 03 15 7b 40 00 02 f6 11 04 f7 d4 9f a7 73 fd fd 00 00 00 80",""
2,12,"RPC","IN",86,27,"ApplyPlayerAnimation","id=86 bytes=27","51 00 07 42 44 5f 46 49 52 45 07 77 61 73 68 5f 75 70 33 33 83 40 80 00 00 00 00",""
3,12,"PACKET","IN",207,41,"PlayerSync","id=207 bytes=41","cf 0b 00 00 00 38 74 a3 70 d2 e2 89 91 47 24 1e 90 80 00 00 00 00 42 8b c0 00 02 6f db 08 e8 f0 dd 37 a7 fd fd 11 05 05 16",""
4,13,"PACKET","IN",207,35,"PlayerSync","id=207 bytes=35","cf 2d 00 00 00 37 8d 62 b0 cb e9 09 91 5c 9a de 90 80 00 00 00 01 5c 03 c0 00 00 00 00 00 01 28 00 04 11",""
5,13,"PACKET","IN",207,45,"PlayerSync","id=207 bytes=45","cf 4f 00 fa 7f eb bf c0 00 17 a2 22 70 fa cf 89 91 6b 9d de 90 80 00 00 00 03 73 da 00 00 02 d6 4e f0 f5 6f 07 c8 47 fd fd 28 00 04 11",""
6,35,"PACKET","IN",200,38,"VehicleSync","id=200 bytes=38","c8 3f 00 4b 00 00 00 00 00 00 00 58 d0 c6 60 33 38 b3 26 5e ac 32 5b 62 b4 58 93 b9 b4 20 00 00 00 06 80 3a 00 00",""
7,35,"PACKET","IN",207,45,"PlayerSync","id=207 bytes=45","cf 4f 00 fa 7f eb bf c0 00 0b e0 62 70 da 0f 49 91 4c 1e 1e 90 80 00 00 00 03 73 da 00 00 00 4e 67 0c f5 6f 07 c8 47 fd fd 28 00 04 11",""
8,35,"PACKET","IN",207,45,"PlayerSync","id=207 bytes=45","cf 76 00 83 80 51 c0 00 00 2b a2 ea b0 cd a2 49 d1 54 57 5f 50 84 00 00 00 03 15 7b 40 00 00 85 12 80 f7 d4 9f a7 73 fd fd 00 00 00 80",""
9,59,"PACKET","IN",207,45,"PlayerSync","id=207 bytes=45","cf 76 00 84 00 53 40 00 00 18 e3 aa b0 e4 62 49 d1 4f 17 9f 50 84 00 00 00 03 15 7b 40 00 03 ca 20 64 f7 d4 9f a7 73 fd fd 00 00 00 80",""
10,82,"PACKET","IN",207,35,"PlayerSync","id=207 bytes=35","cf 37 00 00 00 16 3c 62 b0 f4 68 c9 91 56 9b 9e 90 80 00 00 00 02 2c 7b 40 00 00 00 00 00 01 28 00 04 11",""
11,82,"PACKET","IN",207,45,"PlayerSync","id=207 bytes=45","cf 4f 00 fa 7f eb bf c0 00 03 9e 62 70 ec 8e c9 91 71 1e 1e 90 80 00 00 00 03 73 da 00 00 00 a1 36 f4 f5 6f 07 c8 47 fd fd 28 00 04 11",""
12,83,"PACKET","IN",207,45,"PlayerSync","id=207 bytes=45","cf 76 00 85 00 57 80 00 00 07 24 6a b0 fb 62 49 d1 49 d7 df 50 84 00 00 00 03 15 7b 40 00 00 0e 24 64 f7 d4 9f a7 73 fd fd 00 00 00 80",""
13,83,"PACKET","IN",207,35,"PlayerSync","id=207 bytes=35","cf 97 00 00 00 39 55 a5 b0 df 38 c9 91 6c 24 9f 10 80 00 00 00 01 30 6f e8 00 00 00 00 00 01 28 00 04 11",""
14,83,"PACKET","IN",203,34,"AimSync","id=203 bytes=34","cb 97 00 04 82 d9 af ba 08 02 7e 3f ca fa fe bd bc 56 96 c3 81 d4 26 45 5b 71 7f 42 00 00 00 00 3f 36",""
15,83,"PACKET","OUT",207,69,"PlayerSync","id=207 bytes=69","cf 00 00 00 00 00 00 5f 9e a0 c3 95 ed 26 45 ed 9c 7c 42 0f 68 4f 3f 00 00 00 80 00 00 00 00 d5 0f 16 bf 64 00 00 00 00 00 00 00 00 00 00 00 00 00 00 00 00 00 00 00 00 00 00 00 00 00 00 00 00 00 a5 04 04 80",""
16,109,"PACKET","IN",207,41,"PlayerSync","id=207 bytes=41","cf 0b 00 00 00 15 f4 e3 70 d8 62 89 91 48 64 1e 90 80 00 00 00 00 42 8b c0 00 00 d7 2f 48 ea 8c ea 4f af fd fd 11 05 05 16",""
17,109,"PACKET","IN",207,45,"PlayerSync","id=207 bytes=45","cf 4f 00 fa 7f eb bf c0 00 0f 1c a2 70 d0 8e 89 91 4f de 5e 90 80 00 00 00 03 73 da 00 00 03 8c 4e e0 f5 6f 07 c8 47 fd fd 28 00 04 11",""
18,109,"PACKET","IN",207,45,"PlayerSync","id=207 bytes=45","cf 76 00 86 00 5a 80 00 00 11 65 ea b0 ef 62 89 d1 4f 18 5f 50 84 00 00 00 03 15 7b 40 00 00 e7 e6 b4 f7 d4 9f a7 73 fd fd 00 00 00 80",""
19,109,"PACKET","IN",207,35,"PlayerSync","id=207 bytes=35","cf 02 00 00 00 08 a8 a2 70 e7 a8 c9 91 7a 9d 5e 90 84 00 00 00 00 fc 56 c0 00 00 00 00 00 01 28 00 04 11",""
20,109,"PACKET","IN",207,35,"PlayerSync","id=207 bytes=35","cf 4b 00 00 00 03 ad a5 70 c6 0c c9 91 48 98 9e d0 80 00 00 00 02 73 ca 00 00 00 00 00 00 01 a5 04 04 80",""
21,110,"PACKET","IN",207,45,"PlayerSync","id=207 bytes=45","cf 76 00 86 80 5c 80 00 00 2d 67 2a b0 dd 62 c9 d1 44 d8 df 50 84 00 00 00 03 15 7b 40 00 01 8f de 64 f7 d4 9f a7 73 fd fd 00 00 00 80",""
22,133,"PACKET","IN",207,45,"PlayerSync","id=207 bytes=45","cf 4f 00 fa 7f eb bf c0 00 2b d9 e2 70 c2 8e 09 91 7f 9e 5e 90 80 00 00 00 03 73 da 00 00 02 0e 3a cc f5 6f 07 c8 47 fd fd 28 00 04 11",""
23,134,"PACKET","IN",207,45,"PlayerSync","id=207 bytes=45","cf 76 00 87 00 5e 00 00 00 0d e7 ea b0 f2 a2 c9 d1 7b 18 df 50 84 00 00 00 03 15 7b 40 00 00 15 5c 38 f7 d4 9f a7 73 fd fd 00 00 00 80",""
24,134,"PACKET","IN",207,45,"PlayerSync","id=207 bytes=45","cf 76 00 87 80 5f c0 00 00 2f 68 6a b0 c7 e3 09 d1 71 d9 1f 50 84 00 00 00 03 15 7b 40 00 00 41 5c 38 f7 d4 9f a7 73 fd fd 00 00 00 80",""
25,134,"PACKET","IN",207,35,"PlayerSync","id=207 bytes=35","cf 7e 00 00 00 19 9f e8 30 f4 7c 8a 51 40 30 1e 90 80 00 00 00 03 1d 3f 94 00 00 00 00 00 01 a5 04 08 80",""
26,161,"PACKET","IN",200,38,"VehicleSync","id=200 bytes=38","c8 3f 00 4b 00 00 00 00 00 00 00 59 b0 c5 d0 33 48 b3 06 5e ac 32 5b 62 b4 58 43 b9 b4 20 00 00 00 06 80 3a 00 00",""
27,161,"PACKET","IN",207,45,"PlayerSync","id=207 bytes=45","cf 4f 00 fa 7f eb bf c0 00 2e d8 22 70 e4 cd 89 91 5f 1e 9e 90 80 00 00 00 03 73 da 00 00 02 40 fa cc f5 6f 07 c8 47 fd fd 28 00 04 11",""
28,162,"PACKET","IN",207,45,"PlayerSync","id=207 bytes=45","cf 76 00 88 80 5f 80 00 00 39 6a 6a b0 cc a3 49 d1 62 59 df 50 84 00 00 00 03 15 7b 40 00 03 fb 4d 7c f7 d4 9f a7 73 fd fd 00 00 00 80",""
29,162,"RPC","IN",87,2,"ClearPlayerAnimation","id=87 bytes=2","7c 00",""
30,162,"RPC","IN",86,29,"ApplyPlayerAnimation","id=86 bytes=29","7c 00 05 43 41 52 52 59 0b 63 72 72 79 5f 70 72 74 69 61 6c 33 33 83 40 00 00 00 00 00",""
31,162,"PACKET","IN",207,41,"PlayerSync","id=207 bytes=41","cf 0b 00 00 00 33 f4 e3 70 de a2 89 91 49 a4 1e 90 80 00 00 00 00 42 8b c0 00 03 5a e7 68 e8 ac f2 2f b3 fd fd 11 05 05 16",""
32,163,"PACKET","IN",203,34,"AimSync","id=203 bytes=34","cb 0b 00 04 96 eb 35 3f 8e 37 29 3f 96 ca 76 be c2 f6 8e c3 95 68 26 45 3f 06 80 42 00 00 00 00 3f 36",""
33,163,"PACKET","IN",207,35,"PlayerSync","id=207 bytes=35","cf 1a 00 00 00 28 14 e5 b0 cd 83 09 d1 6c 24 9f 10 80 00 00 00 03 eb 49 80 00 00 00 00 00 01 28 00 04 11",""
34,163,"PACKET","IN",207,45,"PlayerSync","id=207 bytes=45","cf 4f 00 fa 7f eb bf c0 00 0e 16 62 70 ff 8d 09 91 41 1e de 90 80 00 00 00 03 73 da 00 00 03 10 ca d4 f5 6f 07 c8 47 fd fd 28 00 04 11",""
35,163,"PACKET","IN",203,34,"AimSync","id=203 bytes=34","cb 4f 00 04 46 ed fe 3e 29 eb 5b bf 96 4b f3 bd 2b 38 8a c3 13 65 26 45 29 8b 7e 42 00 00 00 00 3f 26",""
36,189,"PACKET","IN",207,39,"PlayerSync","id=207 bytes=39","cf 1c 00 83 80 42 00 00 00 1a 8b 23 30 fc 66 89 91 71 9f 1e 90 80 00 00 00 03 8c 37 e0 00 00 00 00 00 01 00 00 00 80",""
37,189,"PACKET","IN",207,35,"PlayerSync","id=207 bytes=35","cf 51 00 00 00 2e e7 28 30 ea ff 89 91 7b 67 1f 10 84 00 00 00 03 a6 8b c0 00 00 00 00 00 01 28 00 04 11",""
38,189,"PACKET","IN",207,35,"PlayerSync","id=207 bytes=35","cf 92 00 00 00 25 16 23 30 ce c8 89 91 43 23 5e 90 80 00 00 00 03 bd 7d c0 00 00 00 00 00 01 a5 04 04 80",""
39,189,"PACKET","IN",207,45,"PlayerSync","id=207 bytes=45","cf 1c 00 8a 00 45 40 00 00 00 8b 23 30 da 26 c9 91 70 5f 1e 90 80 00 00 00 02 e0 73 e0 00 01 8d 98 18 f7 76 34 fb ff fd fd 00 00 00 80",""
40,189,"PACKET","IN",200,38,"VehicleSync","id=200 bytes=38","c8 3f 00 4b 00 00 00 00 00 00 00 59 50 c6 10 33 48 b3 06 5e ac 32 5b 62 b4 58 63 b9 b4 20 00 00 00 06 80 3a 00 00",""
41,189,"PACKET","IN",207,45,"PlayerSync","id=207 bytes=45","cf 4f 00 fa 7f eb bf c0 00 3f 14 62 70 de 0c c9 91 62 1e de 90 80 00 00 00 03 73 da 00 00 02 d8 ca d4 f5 6f 07 c8 47 fd fd 28 00 04 11",""
42,190,"PACKET","IN",207,45,"PlayerSync","id=207 bytes=45","cf 76 00 89 00 5f 80 00 00 37 6b 6a b0 ee 23 49 d1 78 1a 1f 50 84 00 00 00 03 15 7b 40 00 03 3b 9f 7c f3 d4 9f a7 73 fd fd 00 00 00 80",""
43,210,"PACKET","IN",207,45,"PlayerSync","id=207 bytes=45","cf 1c 00 90 80 48 c0 00 00 0e ca e3 30 f5 66 c9 91 6e 1f 1e 90 80 00 00 00 01 e0 ab e0 00 01 79 98 18 f6 26 73 1b f3 fd fd 00 00 00 80",""
44,210,"PACKET","IN",207,35,"PlayerSync","id=207 bytes=35","cf 85 00 00 00 18 e4 22 b0 cb 69 09 91 7a 98 de 90 80 00 00 00 03 74 25 80 00 00 00 00 00 01 28 00 04 11",""
45,210,"PACKET","IN",203,34,"AimSync","id=203 bytes=34","cb 85 00 04 1f 5c 3c bf 45 cd b8 3e 3c b1 12 bf 4d e3 89 c3 90 99 26 45 5c 80 80 42 00 00 00 00 3f c6",""
46,230,"PACKET","IN",207,45,"PlayerSync","id=207 bytes=45","cf 1c 00 95 00 4c 40 00 00 04 8a a3 30 d0 27 09 91 6a 9f 1e 90 80 00 00 00 01 70 e3 e0 00 01 5d 98 18 f7 86 a7 cf e3 fd fd 00 00 00 80",""
47,230,"PACKET","IN",200,38,"VehicleSync","id=200 bytes=38","c8 20 00 41 00 00 00 00 00 00 00 0b d0 5b c0 21 ea aa 6f a9 5c 39 2c 82 54 59 58 47 a4 20 00 00 00 02 40 3f 00 00",""
48,231,"PACKET","IN",203,34,"AimSync","id=203 bytes=34","cb 20 00 12 a3 6f 7c 3f 38 23 95 bd 18 13 19 be f3 06 99 c3 c7 cf 25 45 6f 10 81 42 00 00 00 00 3f 37",""
49,231,"PACKET","IN",207,35,"PlayerSync","id=207 bytes=35","cf 4d 00 00 00 19 5f dc f0 c3 00 c9 91 7b ec 9e 90 80 00 00 00 00 39 bc 80 00 00 00 00 00 01 a8 04 04 11",""
50,231,"PACKET","IN",207,45,"PlayerSync","id=207 bytes=45","cf 4f 00 fa 7f eb bf c0 00 1d d2 a2 70 f8 cc 49 91 44 1f 1e 90 80 00 00 00 03 73 da 00 00 00 e4 0e c4 f5 6f 07 c8 47 fd fd 28 00 04 11",""
51,231,"PACKET","IN",207,35,"PlayerSync","id=207 bytes=35","cf 54 00 00 00 27 65 68 30 dc 13 49 d1 7b 67 1f 10 84 00 00 00 01 87 f6 c0 00 00 00 00 00 01 28 00 04 11",""
52,231,"PACKET","IN",207,45,"PlayerSync","id=207 bytes=45","cf 76 00 8a 00 5f 80 00 00 3c ed ea b0 c3 23 c9 d1 52 db 1f 50 84 00 00 00 03 15 7b 40 00 01 5b ae fc f3 d4 9f a7 73 fd fd 00 00 00 80",""
53,258,"PACKET","IN",207,35,"PlayerSync","id=207 bytes=35","cf 0b 00 00 00 36 74 e3 70 df 22 89 91 49 e4 1e 90 80 00 00 00 00 42 8b c0 00 00 00 00 00 01 a5 04 e8 80",""
54,258,"PACKET","IN",207,45,"PlayerSync","id=207 bytes=45","cf 1c 00 98 00 4e 80 00 00 25 8a 23 30 e9 27 09 91 66 5f 1e 90 80 00 00 00 02 e5 17 e0 00 01 35 98 18 f7 e6 da 5b cf fd fd 00 00 00 80",""
55,258,"PACKET","IN",207,45,"PlayerSync","id=207 bytes=45","cf 4f 00 fa 7f eb bf c0 00 2e 90 a2 70 d0 8c 09 91 67 1f 1e 90 80 00 00 00 03 73 da 00 00 03 a5 ae a8 f5 6f 07 c8 47 fd fd 28 00 04 11",""
56,258,"PACKET","IN",207,35,"PlayerSync","id=207 bytes=35","cf 7c 00 00 00 38 64 25 b0 e1 1a 09 d1 6c 24 9f 10 80 00 00 00 01 b1 ee 40 00 00 00 00 00 01 fb 04 e8 80",""
57,258,"PACKET","IN",207,45,"PlayerSync","id=207 bytes=45","cf 1c 00 9a 00 50 c0 00 00 32 09 a3 30 c0 a7 49 91 61 1f 1e 90 80 00 00 00 03 5d 4b e0 00 00 fd 98 18 f4 5b 0c 07 b7 fd fd 00 00 00 80",""
58,259,"PACKET","IN",200,38,"VehicleSync","id=200 bytes=38","c8 3f 00 4b 00 00 00 00 00 00 00 59 00 c6 30 33 58 b3 06 5e ac 32 5b 62 b4 58 73 b9 b4 20 00 00 00 06 80 3a 00 00",""
59,259,"PACKET","IN",207,45,"PlayerSync","id=207 bytes=45","cf 76 00 8a 80 5f 80 00 00 15 ae ea b0 df a3 c9 d1 5c 1b 5f 50 84 00 00 00 03 15 7b 40 00 01 2b ae fc f3 d4 9f a7 73 fd fd 00 00 00 80",""
60,279,"PACKET","IN",207,45,"PlayerSync","id=207 bytes=45","cf 1c 00 9b 80 52 80 00 00 24 c9 23 30 d7 67 49 91 5a 9f 1e 90 80 00 00 00 01 3d 83 e0 00 00 c9 98 18 f5 8b 38 bf 97 fd fd 00 00 00 80",""
61,279,"PACKET","IN",207,45,"PlayerSync","id=207 bytes=45","cf 4f 00 fa 7f eb bf c0 00 31 ce e2 70 f3 0b 89 91 46 9f 5e 90 80 00 00 00 03 73 da 00 00 00 c4 9e 8c f5 6f 07 c8 47 fd fd 28 00 04 11",""
62,308,"PACKET","IN",207,45,"PlayerSync","id=207 bytes=45","cf 1c 00 9c 80 53 c0 00 00 09 c8 a3 30 eb 67 49 91 53 9f 1e 90 80 00 00 00 00 05 b7 e0 00 00 71 98 18 f4 ef 67 0f 6f fd fd 00 00 00 80",""
63,308,"PACKET","IN",207,45,"PlayerSync","id=207 bytes=45","cf 76 00 8b 00 5f 80 00 00 03 71 aa b0 fa 24 09 d1 44 1c 5f 50 84 00 00 00 03 15 7b 40 00 02 e8 77 1c f3 d4 9f a7 73 fd fd 00 00 00 80",""
64,308,"PACKET","IN",207,45,"PlayerSync","id=207 bytes=45","cf 4f 00 fa 7f eb bf c0 00 1d 4d 62 70 dd cb 49 91 63 1f 5e 90 80 00 00 00 03 73 da 00 00 02 6f fe 6c f5 6f 07 c8 47 fd fd 28 00 04 11",""
65,308,"PACKET","IN",207,35,"PlayerSync","id=207 bytes=35","cf 79 00 00 00 38 43 a3 30 e6 09 89 91 63 a0 5e 90 84 00 00 00 01 83 df 40 00 00 00 00 00 01 a5 04 04 80",""
66,308,"PACKET","IN",203,34,"AimSync","id=203 bytes=34","cb 79 00 04 6a 03 53 be 44 3d 73 3f 1a 97 6f be fe b5 8b c3 5c f3 25 45 ae 07 80 42 00 00 00 00 3f 55",""
67,332,"PACKET","IN",207,45,"PlayerSync","id=207 bytes=45","cf 1c 00 9d 00 54 40 00 00 1b 87 e3 30 fd 67 49 91 4b 9f 1e 90 80 00 00 00 01 d9 e7 e0 00 01 93 34 1c f6 87 8a 53 47 fd fd 00 00 00 80",""
68,332,"PACKET","IN",207,45,"PlayerSync","id=207 bytes=45","cf 1c 00 9d 80 54 c0 00 00 06 07 23 30 ce e7 89 91 41 9f 1e 90 80 00 00 00 01 d2 17 e0 00 01 63 30 68 f7 ab a9 77 1b fd fd 00 00 00 80",""
69,332,"PACKET","IN",207,45,"PlayerSync","id=207 bytes=45","cf 4f 00 fa 7f eb bf c0 00 30 4b a2 70 c3 8b 09 91 41 9f 9e 90 80 00 00 00 03 73 da 00 00 03 a4 46 80 f5 6f 07 c8 47 fd fd 28 00 04 11",""
70,333,"PACKET","IN",207,45,"PlayerSync","id=207 bytes=45","cf 76 00 8b 00 5f 40 00 00 25 32 6a b0 d8 24 49 d1 50 1c 9f 50 84 00 00 00 03 15 7b 40 00 03 44 77 1c f3 d4 9f a7 73 fd fd 00 00 00 80",""
71,333,"PACKET","OUT",205,9,"UNKNOWN_PACKET","id=205 bytes=9","cd b8 4a 04 00 00 00 00 00",""
72,333,"PACKET","OUT",203,32,"AimSync","id=203 bytes=32","cb 04 68 1c 65 bf e6 e5 96 3e ae 7b ab be cc 0d 9f c3 18 dd 26 45 4b d9 81 42 00 00 00 00 3f c6",""
73,358,"PACKET","IN",207,45,"PlayerSync","id=207 bytes=45","cf 1c 00 9d 80 55 40 00 00 23 86 23 30 dd 67 89 91 77 5e de 90 80 00 00 00 00 0e 47 e0 00 01 23 30 68 f7 8b c5 b2 eb fd fd 00 00 00 80",""
74,359,"PACKET","IN",200,38,"VehicleSync","id=200 bytes=38","c8 3f 00 4b 00 00 00 00 00 00 00 58 c0 c6 50 33 68 b3 06 5e ac 32 5b 62 b4 58 83 b9 b4 20 00 00 00 06 80 3a 00 00",""
75,359,"PACKET","IN",203,34,"AimSync","id=203 bytes=34","cb 3f 00 12 51 3e 70 bf 6a ce b0 3e 77 bf ff bb 1c 7b e8 c3 9a 9f 2b 45 e5 f0 9c 42 00 00 00 00 3f 36",""
76,359,"PACKET","IN",207,45,"PlayerSync","id=207 bytes=45","cf 4f 00 fa 7f eb bf c0 00 1b 8a 22 70 ee 4a 89 91 5e 1f 9e 90 80 00 00 00 03 73 da 00 00 01 7a 8e a4 f5 6f 07 c8 47 fd fd 28 00 04 11",""
77,386,"PACKET","IN",207,45,"PlayerSync","id=207 bytes=45","cf 1c 00 9e 00 56 40 00 00 35 45 23 30 e8 e7 89 91 6c 5e de 90 80 00 00 00 00 ba 73 e0 00 00 f7 30 68 f6 03 df 66 b7 fd fd 00 00 00 80",""
78,386,"PACKET","IN",207,45,"PlayerSync","id=207 bytes=45","cf 4f 00 fa 7f eb bf c0 00 13 88 a2 70 db ca 49 91 7a 1f 9e 90 80 00 00 00 03 73 da 00 00 03 af 92 c4 f5 6f 07 c8 47 fd fd 28 00 04 11",""
79,386,"PACKET","IN",207,45,"PlayerSync","id=207 bytes=45","cf 76 00 8b 80 5f 40 00 00 3e 34 ea b0 ef e4 89 d1 71 1d 5f 50 84 00 00 00 03 15 7b 40 00 02 02 1a c4 f3 d4 9f a7 73 fd fd 00 00 00 80",""
80,386,"PACKET","IN",207,45,"PlayerSync","id=207 bytes=45","cf 1c 00 9e 80 57 40 00 00 3e 84 23 30 f1 27 89 91 61 1e de 90 80 00 00 00 03 96 9b e0 00 00 c3 30 68 f6 fb ee da 83 fd fd 00 00 00 80",""
81,407,"PACKET","IN",207,45,"PlayerSync","id=207 bytes=45","cf 1c 00 9e 80 58 00 00 00 01 03 63 30 f5 e7 89 91 55 9e de 90 80 00 00 00 00 aa c7 e0 00 00 9f 30 68 f6 33 f8 c2 4f fd fd 00 00 00 80",""
82,407,"PACKET","IN",207,45,"PlayerSync","id=207 bytes=45","cf 4f 00 fa 7f eb bf c0 00 3e 46 e2 70 c6 8a 09 91 56 9f de 90 80 00 00 00 03 73 da 00 00 00 52 66 f4 f5 6f 07 c8 47 fd fd 28 00 04 11",""
83,407,"RPC","IN",99,42,"MoveObject","id=99 bytes=42","83 00 f8 e3 a1 c3 d7 9b 26 45 53 c5 7d 42 f8 e3 a1 c3 d7 9b 26 45 ed 5e 7b 42 00 00 80 3e 00 00 00 00 00 00 00 00 08 cc 84 43",""
84,407,"RPC","IN",122,2,"StopObject","id=122 bytes=2","83 00",""
85,407,"RPC","IN",99,42,"MoveObject","id=99 bytes=42","83 00 f8 e3 a1 c3 d7 9b 26 45 53 c5 7d 42 f8 e3 a1 c3 d7 9b 26 45 53 c5 7d 42 00 00 80 3e 00 00 00 00 00 00 00 00 08 cc 84 43",""
86,407,"RPC","IN",122,2,"StopObject","id=122 bytes=2","83 00",""
87,408,"RPC","IN",99,42,"MoveObject","id=99 bytes=42","83 00 f8 e3 a1 c3 d7 9b 26 45 53 c5 7d 42 f8 e3 a1 c3 d7 9b 26 45 ed 5e 7b 42 00 00 80 3e 00 00 00 00 00 00 00 00 08 cc 84 43",""
88,408,"RPC","IN",122,2,"StopObject","id=122 bytes=2","83 00",""
89,408,"RPC","IN",99,42,"MoveObject","id=99 bytes=42","83 00 f8 e3 a1 c3 d7 9b 26 45 53 c5 7d 42 f8 e3 a1 c3 d7 9b 26 45 53 c5 7d 42 00 00 80 3e 00 00 00 00 00 00 00 00 08 cc 84 43",""
90,408,"RPC","IN",122,2,"StopObject","id=122 bytes=2","83 00",""
91,408,"RPC","IN",99,42,"MoveObject","id=99 bytes=42","83 00 f8 e3 a1 c3 d7 9b 26 45 53 c5 7d 42 f8 e3 a1 c3 d7 9b 26 45 ed 5e 7b 42 00 00 80 3e 00 00 00 00 00 00 00 00 08 cc 84 43",""
92,408,"RPC","IN",122,2,"StopObject","id=122 bytes=2","83 00",""
93,408,"RPC","IN",99,42,"MoveObject","id=99 bytes=42","83 00 f8 e3 a1 c3 d7 9b 26 45 53 c5 7d 42 f8 e3 a1 c3 d7 9b 26 45 53 c5 7d 42 00 00 80 3e 00 00 00 00 00 00 00 00 08 cc 84 43",""
94,408,"RPC","IN",122,2,"StopObject","id=122 bytes=2","83 00",""
95,408,"RPC","IN",99,42,"MoveObject","id=99 bytes=42","83 00 f8 e3 a1 c3 d7 9b 26 45 53 c5 7d 42 f8 e3 a1 c3 d7 9b 26 45 ed 5e 7b 42 00 00 80 3e 00 00 00 00 00 00 00 00 08 cc 84 43",""
96,408,"RPC","IN",122,2,"StopObject","id=122 bytes=2","83 00",""
97,409,"RPC","IN",99,42,"MoveObject","id=99 bytes=42","83 00 f8 e3 a1 c3 d7 9b 26 45 53 c5 7d 42 f8 e3 a1 c3 d7 9b 26 45 53 c5 7d 42 00 00 80 3e 00 00 00 00 00 00 00 00 08 cc 84 43",""
98,409,"RPC","IN",122,2,"StopObject","id=122 bytes=2","83 00",""
99,409,"RPC","IN",99,42,"MoveObject","id=99 bytes=42","83 00 f8 e3 a1 c3 d7 9b 26 45 53 c5 7d 42 f8 e3 a1 c3 d7 9b 26 45 ed 5e 7b 42 00 00 80 3e 00 00 00 00 00 00 00 00 08 cc 84 43",""
100,409,"RPC","IN",122,2,"StopObject","id=122 bytes=2","83 00",""
101,409,"RPC","IN",99,42,"MoveObject","id=99 bytes=42","83 00 f8 e3 a1 c3 d7 9b 26 45 53 c5 7d 42 f8 e3 a1 c3 d7 9b 26 45 53 c5 7d 42 00 00 80 3e 00 00 00 00 00 00 00 00 08 cc 84 43",""
102,409,"PACKET","IN",207,45,"PlayerSync","id=207 bytes=45","cf 1c 00 9e 80 58 c0 00 00 02 82 63 30 f7 27 89 91 49 de de 90 80 00 00 00 03 6a eb e0 00 00 97 30 68 f7 87 fd 8e 17 fd fd 00 00 00 80",""
103,409,"PACKET","IN",207,49,"PlayerSync","id=207 bytes=49","cf 30 00 00 00 22 fe a6 b0 cf 96 c9 d1 7b 67 1f 10 84 00 00 00 01 bd d3 00 00 00 00 00 00 03 ff fe 00 00 00 00 00 00 00 00 00 00 00 01 28 00 04 11",""
104,429,"PACKET","IN",207,45,"PlayerSync","id=207 bytes=45","cf 4f 00 fa 7f eb bf c0 00 03 c5 62 70 e9 49 89 91 75 df de 90 80 00 00 00 03 73 da 00 00 00 11 0e ec f5 6f 07 c8 47 fd fd 28 00 04 11",""
105,429,"PACKET","IN",207,45,"PlayerSync","id=207 bytes=45","cf 76 00 8b 00 5f 40 00 00 30 37 aa b0 ca e5 09 d1 5a 9e 5f 50 84 00 00 00 03 15 7b 40 00 01 5b f3 5c f7 d4 9f a7 73 fd fd 00 00 00 80",""
106,429,"PACKET","IN",207,45,"PlayerSync","id=207 bytes=45","cf 1c 00 9f 00 59 40 00 00 03 81 63 30 f5 27 89 91 7e 1e 9e 90 80 00 00 00 00 1f 13 e0 00 00 9b 30 68 f6 e3 fe 6d df fd fd 00 00 00 80",""
107,430,"PACKET","IN",203,34,"AimSync","id=203 bytes=34","cb 1c 00 04 c8 33 56 3d 05 e2 76 3f e2 bf 84 be 9e 17 8c c3 6f 7c 26 45 2b 36 7f 42 00 00 00 00 3f ff",""
108,430,"PACKET","IN",200,38,"VehicleSync","id=200 bytes=38","c8 3f 00 4b 00 00 00 00 00 00 00 58 80 c6 80 33 78 b3 06 5e ac 32 5b 62 b4 58 83 b9 b4 20 00 00 00 06 80 3a 00 00",""
109,430,"PACKET","IN",207,45,"PlayerSync","id=207 bytes=45","cf 76 00 8b 00 5f 80 00 00 0d b8 2a b0 d7 25 09 d1 7a 1e 5f 50 84 00 00 00 03 15 7b 40 00 02 c6 1e 94 f3 d4 9f a7 73 fd fd 00 00 00 80",""
110,457,"PACKET","IN",207,45,"PlayerSync","id=207 bytes=45","cf 1c 00 9f 00 59 80 00 00 04 80 63 30 ef a7 89 91 72 9e 9e 90 80 00 00 00 00 7b 37 e0 00 03 f4 7c 50 f4 4b fb 89 a7 fd fd 00 00 00 80",""
111,458,"PACKET","IN",207,45,"PlayerSync","id=207 bytes=45","cf 4f 00 fa 7f eb bf c0 00 10 83 a2 70 cd 89 49 91 54 a0 1e 90 80 00 00 00 03 73 da 00 00 03 15 72 e0 f5 6f 07 c8 47 fd fd 28 00 04 11",""
112,477,"PACKET","IN",207,45,"PlayerSync","id=207 bytes=45","cf 1c 00 9e 80 5a 00 00 00 01 c0 23 30 df 27 89 91 6f 9e 9e 90 80 00 00 00 00 63 57 e0 00 02 1e 82 cc f2 b6 e6 ec 37 fd fd 00 00 00 80",""
113,477,"PACKET","IN",207,45,"PlayerSync","id=207 bytes=45","cf 4f 00 fa 7f eb bf c0 00 3b c1 a2 70 ea c8 c9 91 75 e0 1e 90 80 00 00 00 03 73 da 00 00 02 e0 ca bc f5 6f 07 c8 47 fd fd 28 00 04 11",""
114,496,"PACKET","IN",207,45,"PlayerSync","id=207 bytes=45","cf 1c 00 9e 80 5a 80 00 00 2c bf a2 f0 cb e7 89 91 6b 9e 9e 90 80 00 00 00 01 af 73 e0 00 02 c8 03 58 f3 e2 f4 00 43 fd fd 00 00 00 80",""
115,496,"PACKET","IN",207,45,"PlayerSync","id=207 bytes=45","cf 4f 00 fa 7f eb bf c0 00 26 40 22 70 d5 88 89 91 52 a0 5e 90 80 00 00 00 03 73 da 00 00 00 47 7e a4 f5 6f 07 c8 47 fd fd 28 00 04 11",""
116,496,"PACKET","IN",207,45,"PlayerSync","id=207 bytes=45","cf 76 00 8a 80 5f 80 00 00 39 39 2a b0 fe a5 09 d1 5f 9e df 50 84 00 00 00 03 15 7b 40 00 01 f9 4b 14 f3 d4 9f a7 73 fd fd 00 00 00 80",""
117,497,"PACKET","IN",207,45,"PlayerSync","id=207 bytes=45","cf 1c 00 9e 80 5a c0 00 00 03 ff 62 f0 f5 e7 49 91 66 de 9e 90 80 00 00 00 00 67 8f e0 00 01 89 e7 e0 f2 af 04 84 4b fd fd 00 00 00 80",""
118,525,"PACKET","IN",207,35,"PlayerSync","id=207 bytes=35","cf 15 00 00 00 0d cb 23 30 d7 62 49 91 71 9f 1e 90 84 00 00 00 01 9e 65 80 00 00 00 00 00 01 a5 04 e8 80",""
119,525,"PACKET","IN",207,45,"PlayerSync","id=207 bytes=45","cf 1c 00 9e 80 5b 40 00 00 00 3e e2 f0 dd a7 49 91 60 de 9e 90 80 00 00 00 00 97 a7 e0 00 02 3c 74 38 f7 d7 1c 90 5b fd fd 00 00 00 80",""
120,526,"PACKET","IN",207,45,"PlayerSync","id=207 bytes=45","cf 4f 00 fa 7f eb bf c0 00 36 3e a2 30 c8 08 49 91 6c a0 5e 90 80 00 00 00 03 73 da 00 00 02 43 fe 9c f5 6f 07 c8 47 fd fd 28 00 04 11",""
121,526,"PACKET","IN",207,45,"PlayerSync","id=207 bytes=45","cf 1c 00 9e 80 5b 80 00 00 25 3e 22 f0 c3 a7 49 91 59 9e 9e 90 80 00 00 00 02 0f bb e0 00 03 16 00 74 f4 fb 30 c0 67 fd fd 00 00 00 80",""
122,526,"PACKET","IN",200,38,"VehicleSync","id=200 bytes=38","c8 3f 00 4b 00 00 00 00 00 00 00 58 20 c6 c0 33 88 b3 06 5e ac 32 5b 62 b4 58 a3 b9 b4 20 00 00 00 06 80 3a 00 00",""
123,526,"PACKET","IN",207,35,"PlayerSync","id=207 bytes=35","cf 47 00 00 00 01 a4 e2 f0 e7 ce 49 91 62 9b de 90 84 00 00 00 00 fb 2f c0 00 00 00 00 00 01 fb 04 04 80",""
124,550,"PACKET","IN",200,38,"VehicleSync","id=200 bytes=38","c8 20 00 41 00 00 00 00 00 00 00 0b c0 5b d0 21 ea aa 6f a9 5c 39 2c 82 54 59 58 47 a4 20 00 00 00 02 40 3f 00 00",""
125,550,"PACKET","IN",207,35,"PlayerSync","id=207 bytes=35","cf 2d 00 00 00 37 8d 62 b0 cb e9 09 91 5c 9a de 90 80 00 00 00 01 5c 03 c0 00 00 00 00 00 01 28 00 04 11",""
126,551,"PACKET","IN",207,45,"PlayerSync","id=207 bytes=45","cf 4f 00 fa 7f eb bf c0 00 34 fd 22 30 f7 07 c9 91 48 20 9e 90 80 00 00 00 03 73 da 00 00 02 57 fe 9c f5 6f 07 c8 47 fd fd 28 00 04 11",""
127,551,"PACKET","IN",207,45,"PlayerSync","id=207 bytes=45","cf 1c 00 9e 80 5c 00 00 00 27 7d 62 f0 e9 e7 09 91 51 1e 9e 90 80 00 00 00 00 ab cf e0 00 03 7e 9c a8 f6 83 5b 10 87 fd fd 00 00 00 80",""
128,575,"PACKET","IN",207,45,"PlayerSync","id=207 bytes=45","cf 1c 00 9e 00 5c 00 00 00 38 3c a2 f0 cc 27 09 91 49 1e 9e 90 80 00 00 00 00 73 df e0 00 02 b3 f8 cc f4 0b 30 0c 67 fd fd 00 00 00 80",""
129,575,"PACKET","IN",207,45,"PlayerSync","id=207 bytes=45","cf 4f 00 fa 7f eb bf c0 00 15 fb a2 30 df c7 89 91 65 60 9e 90 80 00 00 00 03 73 da 00 00 01 4c 46 9c f5 6f 07 c8 47 fd fd 28 00 04 11",""
130,576,"PACKET","IN",207,45,"PlayerSync","id=207 bytes=45","cf 76 00 8a 80 5f 80 00 00 22 bc 2a b0 e0 e5 89 d1 5b df df 50 84 00 00 00 03 15 7b 40 00 03 d7 cb 58 ef d4 9f a7 73 fd fd 00 00 00 80",""
131,576,"PACKET","IN",207,45,"PlayerSync","id=207 bytes=45","cf 1c 00 9d 00 5c 40 00 00 18 fc 22 f0 ea 26 c9 91 41 de 9e 90 80 00 00 00 01 63 eb e0 00 03 e0 35 00 f6 27 01 d8 47 fd fd 00 00 00 80",""
132,576,"PACKET","IN",207,45,"PlayerSync","id=207 bytes=45","cf 4f 00 fa 7f eb bf c0 00 28 fa 22 30 d3 07 49 91 7f 20 9e 90 80 00 00 00 03 73 da 00 00 02 a7 36 a4 f5 6f 07 c8 47 fd fd 28 00 04 11",""
133,577,"PACKET","IN",207,35,"PlayerSync","id=207 bytes=35","cf 5b 00 00 00 3f c4 a6 f0 d9 07 09 d1 7b 67 1f 10 84 00 00 00 01 2a 42 00 00 00 00 00 00 01 28 00 04 11",""
134,598,"RPC","IN",87,2,"ClearPlayerAnimation","id=87 bytes=2","4f 00",""
135,598,"RPC","IN",86,29,"ApplyPlayerAnimation","id=86 bytes=29","4f 00 05 43 41 52 52 59 0b 63 72 72 79 5f 70 72 74 69 61 6c 33 33 83 40 00 00 00 00 00",""
136,598,"PACKET","IN",207,41,"PlayerSync","id=207 bytes=41","cf 1c 00 00 00 0f 3b a2 f0 c3 a6 c9 91 7b 9e 5e 90 80 00 00 00 00 7b f3 e0 00 00 8f 65 2c f5 32 d0 b0 2f fd fd 00 00 00 80",""
137,598,"PACKET","IN",200,38,"VehicleSync","id=200 bytes=38","c8 3f 00 4b 00 00 00 00 00 00 00 58 d0 c6 60 33 88 b2 f6 5e ac 32 5b 62 b4 58 73 b9 b4 20 00 00 00 06 80 3a 00 00",""
138,598,"PACKET","IN",207,35,"PlayerSync","id=207 bytes=35","cf 97 00 00 00 39 55 a5 b0 df 38 c9 91 6c 24 9f 10 80 00 00 00 01 30 6f e8 00 00 00 00 00 01 28 00 04 11",""
139,599,"PACKET","IN",207,45,"PlayerSync","id=207 bytes=45","cf 4f 00 fa 7f eb bf c0 00 12 38 a2 30 fd 46 c9 91 5c 20 de 90 80 00 00 00 03 73 da 00 00 03 c1 96 c0 f5 6f 07 c8 47 fd fd 28 00 04 11",""
140,626,"PACKET","IN",207,35,"PlayerSync","id=207 bytes=35","cf 37 00 00 00 16 3c 62 b0 f4 68 c9 91 56 9b 9e 90 80 00 00 00 02 2c 7b 40 00 00 00 00 00 01 28 00 04 11",""
141,626,"PACKET","IN",207,35,"PlayerSync","id=207 bytes=35","cf 46 00 00 00 3e ca 23 30 fc 9b 89 91 68 df 1e 90 84 00 00 00 03 0d 37 c0 00 00 00 00 00 01 28 00 04 11",""
142,626,"PACKET","IN",203,34,"AimSync","id=203 bytes=34","cb 46 00 04 d5 98 ad 3e bb 7d 64 bf fd 3b 98 be a4 47 8c c3 08 79 26 45 2a ba 7d 42 00 00 00 00 23 37",""
143,648,"PACKET","IN",207,39,"PlayerSync","id=207 bytes=39","cf 4f 00 fa 7f eb bf c0 00 0a 77 22 30 ea c6 89 91 77 a0 de 90 80 00 00 00 03 73 da 00 00 00 00 00 00 01 a5 04 e8 80",""
144,648,"PACKET","IN",207,35,"PlayerSync","id=207 bytes=35","cf 7e 00 00 00 19 9f e8 30 f4 7c 8a 51 40 30 1e 90 80 00 00 00 03 1d 3f 94 00 00 00 00 00 01 a5 04 08 80",""
145,648,"PACKET","IN",207,45,"PlayerSync","id=207 bytes=45","cf 76 00 8a 80 5f 80 00 00 25 fd 2a b0 c3 25 c9 d1 73 a0 1f 50 84 00 00 00 03 15 7b 40 00 00 c7 f2 58 f3 d4 9f a7 73 fd fd 00 00 00 80",""
146,675,"PACKET","IN",207,39,"PlayerSync","id=207 bytes=39","cf 4f 00 e8 7f f3 7f c0 00 0a 77 22 30 ea c6 89 91 77 e0 de 90 80 00 00 00 03 73 da 00 00 00 00 00 00 01 c8 04 e8 80",""
147,676,"PACKET","IN",207,41,"PlayerSync","id=207 bytes=41","cf 1c 00 00 00 37 f9 a2 f0 e1 66 09 91 66 1e 5e 90 80 00 00 00 00 7b f3 e0 00 03 d1 54 38 f6 d6 ae c4 1f fd fd 00 00 00 80",""
148,676,"PACKET","IN",200,38,"VehicleSync","id=200 bytes=38","c8 3f 00 4b 00 00 00 00 00 00 00 5a a0 c5 80 33 88 b2 d6 5e ac 32 5b 62 b4 58 03 b9 b4 20 00 00 00 06 80 3a 00 00",""
149,676,"PACKET","IN",207,45,"PlayerSync","id=207 bytes=45","cf 4f 00 e8 7f f3 7f c0 00 3c 76 22 30 ff 86 49 91 46 a1 1e 90 80 00 00 00 00 f7 9a 00 00 00 39 98 18 f5 6f 07 c8 47 fd fd c8 04 e8 80",""
150,696,"PACKET","IN",207,39,"PlayerSync","id=207 bytes=39","cf 4b 00 f6 7f f8 3f c0 00 03 ad a5 70 c6 0c c9 91 48 98 9e d0 80 00 00 00 02 6f a2 00 00 00 00 00 00 01 a5 04 04 80",""
151,696,"PACKET","IN",203,34,"AimSync","id=203 bytes=34","cb 4b 00 04 88 06 e6 3e 40 6a 5f bf 95 b4 43 be 39 7e 96 c3 b3 63 26 45 e2 38 80 42 00 00 00 00 3f 22",""
152,697,"PACKET","IN",207,35,"PlayerSync","id=207 bytes=35","cf 51 00 00 00 2e e7 28 30 ea ff 89 91 7b 67 1f 10 84 00 00 00 03 a6 8b c0 00 00 00 00 00 01 28 00 04 11",""
153,697,"PACKET","IN",207,35,"PlayerSync","id=207 bytes=35","cf 1a 00 00 00 28 14 e5 b0 cd 83 09 d1 6c 24 9f 10 80 00 00 00 03 eb 49 80 00 00 00 00 00 01 28 00 04 11",""
154,697,"PACKET","IN",207,45,"PlayerSync","id=207 bytes=45","cf 4f 00 e8 7f f3 3f c0 00 14 f5 62 30 e8 c6 49 91 56 a1 1e 90 80 00 00 00 02 87 76 00 00 02 45 94 18 f6 97 93 ac c3 fd fd c8 04 e8 80",""
155,724,"PACKET","IN",207,35,"PlayerSync","id=207 bytes=35","cf 02 00 00 00 08 a8 a2 70 e7 a8 c9 91 7a 9d 5e 90 84 00 00 00 00 fc 56 c0 00 00 00 00 00 01 28 00 04 11",""
156,724,"PACKET","IN",207,45,"PlayerSync","id=207 bytes=45","cf 4f 00 e8 7f f3 3f c0 00 2b 34 22 30 d3 46 49 91 6b e1 1e 90 80 00 00 00 00 9b 4a 00 00 01 8d 94 18 f7 ab b8 79 03 fd fd c8 04 e8 80",""
157,724,"PACKET","IN",207,45,"PlayerSync","id=207 bytes=45","cf 76 00 8a 80 5f 80 00 00 21 be 2a b0 e4 a5 c9 d1 48 a0 9f 50 84 00 00 00 03 15 7b 40 00 02 05 35 98 ef d4 9f a7 73 fd fd 00 00 00 80",""
158,744,"PACKET","IN",207,45,"PlayerSync","id=207 bytes=45","cf 4b 00 ec 7f ef 3f c0 00 01 ec 25 70 dc 8c 89 91 54 98 1e d0 80 00 00 00 02 c3 92 00 00 02 0d 60 18 f4 87 86 90 b3 fd fd a5 04 04 80",""
159,744,"PACKET","IN",207,35,"PlayerSync","id=207 bytes=35","cf 4d 00 00 00 19 5f dc f0 c3 00 c9 91 7b ec 9e 90 80 00 00 00 00 39 bc 80 00 00 00 00 00 01 a8 04 04 11",""
160,744,"PACKET","IN",200,38,"VehicleSync","id=200 bytes=38","c8 3f 00 4b 00 00 00 00 00 00 00 5a 10 c5 b0 33 98 b2 d6 5e ac 32 5b 62 b4 58 33 b9 b4 20 00 00 00 06 80 3a 00 00",""
161,744,"PACKET","IN",207,45,"PlayerSync","id=207 bytes=45","cf 4f 00 e8 ff f2 ff c0 00 1c 73 22 30 c6 c6 49 91 7f 21 1e 90 80 00 00 00 03 1b 3a 00 00 00 e5 94 18 f4 07 e1 ed 4f fd fd c8 04 e8 80",""
162,769,"PACKET","IN",207,41,"PlayerSync","id=207 bytes=41","cf 1c 00 00 00 19 f8 a2 f0 ff 25 89 91 59 1e 5e 90 80 00 00 00 00 7b f3 e0 00 00 7b ba 38 f2 d6 ae c4 1f fd fd 00 00 00 80",""
163,769,"PACKET","IN",207,41,"PlayerSync","id=207 bytes=41","cf 4b 00 00 00 25 2a a5 70 fc 4c 49 91 7a d7 9e d0 80 00 00 00 02 c3 92 00 00 03 11 68 18 f7 17 9a d0 cf fd fd a5 04 04 80",""
164,769,"PACKET","IN",207,35,"PlayerSync","id=207 bytes=35","cf 54 00 00 00 27 65 68 30 dc 13 49 d1 7b 67 1f 10 84 00 00 00 01 87 f6 c0 00 00 00 00 00 01 28 00 04 11",""
165,769,"PACKET","IN",207,45,"PlayerSync","id=207 bytes=45","cf 4f 00 e8 ff f2 ff c0 00 1b 71 a2 30 f7 46 09 91 5a 61 5e 90 80 00 00 00 02 27 3a 00 00 00 a5 94 18 f7 9f e7 e9 63 fd fd c8 04 e8 80",""
166,769,"PACKET","IN",207,35,"PlayerSync","id=207 bytes=35","cf 85 00 00 00 18 e4 22 b0 cb 69 09 91 7a 98 de 90 80 00 00 00 03 74 25 80 00 00 00 00 00 01 28 00 04 11",""
167,769,"PACKET","IN",207,35,"PlayerSync","id=207 bytes=35","cf 92 00 00 00 25 16 23 30 ce c8 89 91 43 23 5e 90 80 00 00 00 03 bd 7d c0 00 00 00 00 00 01 a5 04 04 80",""
168,791,"RPC","IN",138,3,"ServerQuit","id=138 bytes=3","9e 00 00",""
169,792,"PACKET","IN",207,35,"PlayerSync","id=207 bytes=35","cf 7c 00 00 00 38 64 25 b0 e1 1a 09 d1 6c 24 9f 10 80 00 00 00 01 b1 ee 40 00 00 00 00 00 01 fb 04 e8 80",""
170,812,"PACKET","IN",207,45,"PlayerSync","id=207 bytes=45","cf 4f 00 e8 ff f2 bf c0 00 02 b0 62 30 e9 86 09 91 72 e1 5e 90 80 00 00 00 03 03 3a 00 00 03 18 a8 5c f4 1b e9 71 67 fd fd c8 04 e8 80",""
171,812,"RPC","IN",86,27,"ApplyPlayerAnimation","id=86 bytes=27","15 00 07 42 44 5f 46 49 52 45 07 77 61 73 68 5f 75 70 33 33 83 40 80 00 00 00 00",""
172,813,"PACKET","IN",207,35,"PlayerSync","id=207 bytes=35","cf 0b 00 00 00 36 74 e3 70 df 22 89 91 49 e4 1e 90 80 00 00 00 00 42 8b c0 00 00 00 00 00 01 a5 04 e8 80",""
173,813,"PACKET","IN",207,45,"PlayerSync","id=207 bytes=45","cf 76 00 8a 80 5f 80 00 00 23 bf 6a b0 ce e6 09 d1 75 60 df 50 84 00 00 00 03 15 7b 40 00 00 66 09 64 ef d4 9f a7 73 fd fd 00 00 00 80",""
174,843,"PACKET","IN",207,45,"PlayerSync","id=207 bytes=45","cf 4f 00 e9 7f f2 bf c0 00 34 6e e2 30 dc 46 09 91 4a a1 9e 90 80 00 00 00 00 4f 3e 00 00 01 9f 2c 68 f7 ab e4 0d 67 fd fd c8 04 e8 80",""
175,843,"RPC","IN",105,19,"TextDrawSetString","id=105 bytes=19","2f 01 0f 00 30 39 20 41 67 75 73 74 75 73 20 32 30 32 36",""
176,843,"RPC","IN",105,12,"TextDrawSetString","id=105 bytes=12","30 01 08 00 31 32 3a 31 34 3a 30 38",""
177,843,"PACKET","IN",207,41,"PlayerSync","id=207 bytes=41","cf 1c 00 00 00 09 f8 62 f0 e3 65 89 91 55 5e 5e 90 80 00 00 00 00 7b f3 e0 00 03 8b 6a bc de d6 ae c4 1f fd fd 00 00 00 80",""
178,843,"PACKET","IN",207,45,"PlayerSync","id=207 bytes=45","cf 4f 00 e9 7f f2 bf c0 00 38 6d a2 30 cf 86 09 91 61 21 9e 90 80 00 00 00 02 37 3a 00 00 01 73 2c 68 f6 fb e5 f5 63 fd fd c8 04 e8 80",""
179,865,"PACKET","IN",207,41,"PlayerSync","id=207 bytes=41","cf 4b 00 00 00 23 e7 65 70 ee cc 09 91 62 16 de d0 80 00 00 00 02 c3 92 00 00 03 2a 5e e0 f3 17 9a d0 cf fd fd a5 04 04 80",""
180,865,"PACKET","IN",207,45,"PlayerSync","id=207 bytes=45","cf 4f 00 e9 7f f2 7f c0 00 38 ac 62 30 c2 c6 09 91 77 a1 9e 90 80 00 00 00 02 bf 3a 00 00 01 8b 2c 68 f4 13 e9 59 67 fd fd c8 04 e8 80",""
181,895,"PACKET","IN",207,45,"PlayerSync","id=207 bytes=45","cf 76 00 8a 80 5f 80 00 00 02 ff ea b0 db 66 09 d1 55 e1 1f 50 84 00 00 00 03 15 7b 40 00 02 35 37 98 ef d4 9f a7 73 fd fd 00 00 00 80",""
182,896,"PACKET","IN",203,34,"AimSync","id=203 bytes=34","cb 76 00 04 4c 04 30 bf 0b c4 39 3f df 0c d7 bc 6b cb a9 c3 d7 6f 27 45 67 24 80 42 00 00 00 00 3f ff",""
183,896,"RPC","IN",87,2,"ClearPlayerAnimation","id=87 bytes=2","02 00",""
184,896,"RPC","IN",86,29,"ApplyPlayerAnimation","id=86 bytes=29","02 00 05 43 41 52 52 59 0b 63 72 72 79 5f 70 72 74 69 61 6c 33 33 83 40 00 00 00 00 00",""
185,897,"PACKET","IN",207,45,"PlayerSync","id=207 bytes=45","cf 4f 00 e9 7f f2 7f c0 00 35 eb 22 30 f6 05 c9 91 4e a1 de 90 80 00 00 00 00 57 3a 00 00 01 8b 2c 68 f7 cf e4 7d 67 fd fd c8 04 e8 80",""
186,897,"RPC","IN",105,7,"TextDrawSetString","id=105 bytes=7","26 08 03 00 31 30 30",""
187,897,"RPC","IN",105,5,"TextDrawSetString","id=105 bytes=5","27 08 01 00 30",""
188,897,"RPC","IN",105,6,"TextDrawSetString","id=105 bytes=6","28 08 02 00 34 36",""
189,897,"RPC","IN",105,5,"TextDrawSetString","id=105 bytes=5","29 08 01 00 32",""
190,897,"RPC","IN",105,7,"TextDrawSetString","id=105 bytes=7","2a 08 03 00 31 30 30",""
191,897,"RPC","IN",87,2,"ClearPlayerAnimation","id=87 bytes=2","1b 00",""
192,897,"RPC","IN",86,29,"ApplyPlayerAnimation","id=86 bytes=29","1b 00 05 43 41 52 52 59 0b 63 72 72 79 5f 70 72 74 69 61 6c 33 33 83 40 00 00 00 00 00",""
193,898,"PACKET","OUT",207,69,"PlayerSync","id=207 bytes=69","cf 00 00 00 00 00 00 5f 9e a0 c3 95 ed 26 45 ed 9c 7c 42 0f 68 4f 3f 00 00 00 80 00 00 00 00 d5 0f 16 bf 64 00 00 00 00 00 00 00 00 00 00 00 00 00 00 00 00 00 00 00 00 00 00 00 00 00 00 00 00 00 a5 04 04 80",""
194,923,"PACKET","IN",207,35,"PlayerSync","id=207 bytes=35","cf 1c 00 00 00 09 f8 62 f0 e3 65 89 91 55 5e 5e 90 80 00 00 00 00 7b f3 e0 00 00 00 00 00 01 00 00 00 80",""
195,924,"PACKET","IN",200,38,"VehicleSync","id=200 bytes=38","c8 3f 00 4b 00 00 00 00 00 00 00 59 d0 c5 a0 33 a8 b2 c6 5e ac 32 5b 62 b4 58 33 b9 b4 20 00 00 00 06 80 3a 00 00",""
196,924,"PACKET","IN",207,45,"PlayerSync","id=207 bytes=45","cf 4f 00 e9 7f f2 7f c0 00 30 69 e2 30 e9 85 c9 91 65 a1 de 90 80 00 00 00 01 c3 36 00 00 01 9b 2c 68 f5 07 e8 61 6b fd fd c8 04 e8 80",""
197,947,"PACKET","IN",200,38,"VehicleSync","id=200 bytes=38","c8 3f 00 4b 00 00 00 00 00 00 00 58 f0 c6 10 33 b8 b2 c6 5e ac 32 5b 62 b4 58 73 b9 b4 20 00 00 00 06 80 3a 00 00",""
198,947,"PACKET","IN",207,45,"PlayerSync","id=207 bytes=45","cf 4f 00 e9 7f f2 7f c0 00 28 a8 e2 30 df 85 c9 91 78 61 de 90 80 00 00 00 03 0b 32 00 00 03 68 27 f4 f2 4b e8 85 6f fd fd c8 04 e8 80",""
199,977,"PACKET","IN",200,38,"VehicleSync","id=200 bytes=38","c8 20 00 41 00 00 00 00 00 00 00 0b b0 5b e0 21 ea aa 6f a9 5c 39 2c 82 54 59 58 47 a4 20 00 00 00 02 40 3f 00 00",""
200,977,"PACKET","IN",203,34,"AimSync","id=203 bytes=34","cb 20 00 12 a3 6f 7c 3f 38 23 95 bd 18 13 19 be f3 06 99 c3 c7 cf 25 45 6f 10 81 42 00 00 00 00 3f 37",""
201,977,"PACKET","IN",207,41,"PlayerSync","id=207 bytes=41","cf 4b 00 00 00 13 e5 e5 70 c9 cc 09 91 7a 56 5e d0 80 00 00 00 02 c3 92 00 00 01 73 c7 68 ef 17 9a d0 cf fd fd a5 04 04 80",""
202,977,"PACKET","IN",207,45,"PlayerSync","id=207 bytes=45","cf 4f 00 e9 7f f2 bf c0 00 2a e7 a2 30 d4 05 c9 91 4e a2 1e 90 80 00 00 00 01 87 2e 00 00 02 b0 a8 28 f7 93 e8 e1 73 fd fd c8 04 e8 80",""
203,978,"PACKET","IN",207,35,"PlayerSync","id=207 bytes=35","cf 02 00 00 00 08 a8 a2 70 e7 a8 c9 91 7a 9d 5e 90 84 00 00 00 00 fc 56 c0 00 00 00 00 00 01 a5 04 e8 80",""
204,978,"PACKET","IN",207,35,"PlayerSync","id=207 bytes=35","cf 1b 00 00 00 02 a3 63 70 d7 5a c9 91 7b a3 1e 90 80 00 00 00 00 d6 93 00 00 00 00 00 00 01 28 00 04 11",""
205,978,"PACKET","IN",203,34,"AimSync","id=203 bytes=34","cb 1b 00 04 ec 3b 56 bf c3 62 b4 3e d5 85 d6 be 05 44 8d c3 85 67 26 45 c2 17 7e 42 00 00 00 00 3f 1a",""
206,978,"PACKET","IN",207,45,"PlayerSync","id=207 bytes=45","cf 4f 00 e9 7f f2 bf c0 00 11 a6 62 30 c8 45 c9 91 67 22 1e 90 80 00 00 00 02 87 2a 00 00 00 57 00 5c f6 0b ed a5 7b fd fd c8 04 e8 80",""
207,978,"PACKET","IN",207,45,"PlayerSync","id=207 bytes=45","cf 76 00 8a 80 5f 80 00 00 00 00 6a f0 eb e6 09 d1 40 21 5f 50 84 00 00 00 03 15 7b 40 00 03 a1 5c 18 ef d4 9f a7 73 fd fd 00 00 00 80",""
208,979,"PACKET","OUT",207,69,"PlayerSync","id=207 bytes=69","cf 00 00 00 00 00 04 5f 9e a0 c3 95 ed 26 45 ed 9c 7c 42 0f 68 4f 3f 00 00 00 80 00 00 00 00 d5 0f 16 bf 64 00 00 00 00 00 00 00 00 00 00 00 00 00 00 00 00 00 00 00 00 00 00 00 00 00 00 00 00 00 a5 04 04 80",""
209,1001,"PACKET","IN",207,49,"PlayerSync","id=207 bytes=49","cf 30 00 00 00 22 fe a6 b0 cf 96 c9 d1 7b 67 1f 10 84 00 00 00 01 bd d3 00 00 00 00 00 00 03 ff fe 00 00 00 00 00 00 00 00 00 00 00 01 28 00 04 11",""
210,1001,"PACKET","IN",200,38,"VehicleSync","id=200 bytes=38","c8 3f 00 4b 00 00 00 00 00 00 00 59 70 c5 e0 33 b8 b2 b6 5e ac 32 5b 62 b4 58 43 b9 b4 20 00 00 00 06 80 3a 00 00",""
211,1001,"PACKET","IN",207,45,"PlayerSync","id=207 bytes=45","cf 4f 00 e9 ff f2 bf c0 00 1a e5 22 30 fe 05 89 91 7d 62 1e 90 80 00 00 00 02 eb 2a 00 00 03 32 20 64 f7 53 ee 6d 7f fd fd c8 04 e8 80",""
212,1026,"RPC","IN",72,6,"SetPlayerColor","id=72 bytes=6","a5 00 ff ff ff ff",""
213,1026,"RPC","IN",72,6,"SetPlayerColor","id=72 bytes=6","a5 00 ff ff ff ff",""
214,1026,"RPC","IN",11,21,"SetPlayerName","id=11 bytes=21","a5 00 11 43 61 72 6c 65 6f 73 5f 41 6c 65 6a 61 6e 64 72 6f 01",""
215,1026,"PACKET","IN",207,35,"PlayerSync","id=207 bytes=35","cf 15 00 00 00 0d cb 23 30 d7 62 49 91 71 9f 1e 90 84 00 00 00 01 9e 65 80 00 00 00 00 00 01 28 00 04 11",""
216,1026,"PACKET","IN",207,45,"PlayerSync","id=207 bytes=45","cf 4f 00 e9 ff f2 bf c0 00 0e 23 e2 30 f3 05 89 91 55 22 5e 90 80 00 00 00 00 3b 2a 00 00 02 2c 88 58 f7 2b ed cd 7f fd fd c8 04 e8 80",""
217,1046,"RPC","IN",134,80,"ShowTextDraw","id=134 bytes=80","f0 00 13 9a 99 19 3f 00 00 00 40 00 00 00 66 00 00 cc 42 00 00 a0 41 00 00 00 32 00 01 00 00 00 66 04 00 00 00 59 43 00 00 b8 43 00 00 00 00 00 00 00 00 00 00 00 00 00 00 00 00 80 3f ff ff ff ff 0d 00 6c 64 5f 64 75 61 6c 3a 77 68 69 74 65",""
218,1046,"RPC","IN",134,80,"ShowTextDraw","id=134 bytes=80","2b 08 11 9a 99 19 3f 00 00 00 40 1a ff 00 aa 5c 8f 82 3f 00 00 a0 41 00 00 00 32 00 01 00 00 00 ff 04 00 00 00 59 43 00 00 b8 43 00 00 00 00 00 00 00 00 00 00 00 00 00 00 00 00 80 3f ff ff ff ff 0d 00 6c 64 5f 64 75 61 6c 3a 77 68 69 74 65",""
219,1047,"RPC","IN",134,75,"ShowTextDraw","id=134 bytes=75","2c 08 18 56 99 59 3e 33 33 b3 3f ff ff ff e6 00 00 a0 44 00 00 a0 44 00 00 00 32 00 00 00 00 00 ff 01 00 00 00 86 43 00 c0 b9 43 00 00 00 00 00 00 00 00 00 00 00 00 00 00 00 00 80 3f ff ff ff ff 08 00 4d 45 4e 47 45 4d 41 53",""
220,1047,"RPC","IN",86,27,"ApplyPlayerAnimation","id=86 bytes=27","66 00 07 42 44 5f 46 49 52 45 07 77 61 73 68 5f 75 70 33 33 83 40 80 00 00 00 00",""
221,1047,"RPC","IN",135,2,"HideTextDraw","id=135 bytes=2","4d 00",""
222,1047,"RPC","IN",135,2,"HideTextDraw","id=135 bytes=2","4e 00",""
223,1047,"RPC","IN",135,2,"HideTextDraw","id=135 bytes=2","4f 00",""
224,1047,"RPC","IN",135,2,"HideTextDraw","id=135 bytes=2","00 08",""
225,1047,"PACKET","IN",207,35,"PlayerSync","id=207 bytes=35","cf 47 00 00 00 01 a4 e2 f0 e7 ce 49 91 62 9b de 90 84 00 00 00 00 fb 2f c0 00 00 00 00 00 01 fb 04 04 80",""
226,1047,"PACKET","IN",207,35,"PlayerSync","id=207 bytes=35","cf 1b 00 00 00 02 a3 63 70 d7 5a c9 91 7b a3 1e 90 80 00 00 00 00 d6 93 00 00 00 00 00 00 01 a5 04 e8 80",""
227,1047,"PACKET","IN",207,45,"PlayerSync","id=207 bytes=45","cf 4f 00 e9 ff f2 bf c0 00 06 62 a2 30 e8 85 89 91 6c 22 5e 90 80 00 00 00 01 a3 26 00 00 00 fd a4 58 f4 43 f2 0d 83 fd fd c8 04 e8 80",""
228,1076,"PACKET","IN",207,45,"PlayerSync","id=207 bytes=45","cf 76 00 8b 00 5f 80 00 00 18 00 aa f0 f7 e6 09 d1 5d a1 5f 50 84 00 00 00 01 e9 af 40 00 01 fa af 04 ef d4 9f a7 73 fd fd 00 00 00 80",""
229,1076,"PACKET","IN",207,39,"PlayerSync","id=207 bytes=39","cf 4b 00 fd ff fe bf c0 00 13 e5 e5 70 c9 cc 09 91 7a 56 5e d0 80 00 00 00 03 73 5e 00 00 00 00 00 00 01 a5 04 04 80",""
230,1076,"PACKET","IN",207,45,"PlayerSync","id=207 bytes=45","cf 4f 00 e9 ff f2 bf c0 00 11 e1 62 30 df 05 89 91 42 22 9e 90 80 00 00 00 03 07 22 00 00 03 09 60 5c f5 47 f2 21 87 fd fd c8 04 e8 80",""
231,1076,"PACKET","IN",207,35,"PlayerSync","id=207 bytes=35","cf 97 00 00 00 39 55 a5 b0 df 38 c9 91 6c 24 9f 10 80 00 00 00 01 30 6f e8 00 00 00 00 00 01 28 00 04 11",""
232,1076,"PACKET","OUT",207,69,"PlayerSync","id=207 bytes=69","cf 00 00 00 00 00 04 5f 9e a0 c3 95 ed 26 45 ed 9c 7c 42 0f 68 4f 3f 00 00 00 80 00 00 00 00 d5 0f 16 bf 64 00 00 00 00 00 00 00 00 00 00 00 00 00 00 00 00 00 00 00 00 00 00 00 00 00 00 00 00 00 28 00 04 11",""
233,1098,"PACKET","IN",207,35,"PlayerSync","id=207 bytes=35","cf 2d 00 00 00 37 8d 62 b0 cb e9 09 91 5c 9a de 90 80 00 00 00 01 5c 03 c0 00 00 00 00 00 01 28 00 04 11",""
234,1098,"PACKET","IN",200,38,"VehicleSync","id=200 bytes=38","c8 3f 00 4b 00 00 00 00 00 00 00 58 d0 c6 60 33 d8 b2 b6 5e ac 32 5b 62 b4 58 73 b9 b4 20 00 00 00 06 80 3a 00 00",""
235,1098,"PACKET","IN",207,45,"PlayerSync","id=207 bytes=45","cf 4f 00 e9 ff f2 bf c0 00 06 a0 22 30 d5 45 89 91 59 a2 9e 90 80 00 00 00 00 63 22 00 00 02 7f 84 58 f6 43 f2 3d 8b fd fd c8 04 e8 80",""
236,1098,"PACKET","IN",207,45,"PlayerSync","id=207 bytes=45","cf 76 00 8b 00 5f 40 00 00 0d c0 ea f0 fc 66 09 d1 72 a1 5f 50 84 00 00 00 00 c6 13 40 00 03 b5 e4 64 f0 70 5b a3 1f fd fd 00 00 00 80",""
237,1098,"RPC","IN",99,42,"MoveObject","id=99 bytes=42","83 00 f8 e3 a1 c3 d7 9b 26 45 53 c5 7d 42 f8 e3 a1 c3 d7 9b 26 45 ed 5e 7b 42 00 00 80 3e 00 00 00 00 00 00 00 00 08 cc 84 43",""
238,1098,"RPC","IN",122,2,"StopObject","id=122 bytes=2","83 00",""
239,1098,"RPC","IN",99,42,"MoveObject","id=99 bytes=42","83 00 f8 e3 a1 c3 d7 9b 26 45 53 c5 7d 42 f8 e3 a1 c3 d7 9b 26 45 53 c5 7d 42 00 00 80 3e 00 00 00 00 00 00 00 00 08 cc 84 43",""
240,1098,"RPC","IN",122,2,"StopObject","id=122 bytes=2","83 00",""
241,1099,"RPC","IN",99,42,"MoveObject","id=99 bytes=42","83 00 f8 e3 a1 c3 d7 9b 26 45 53 c5 7d 42 f8 e3 a1 c3 d7 9b 26 45 ed 5e 7b 42 00 00 80 3e 00 00 00 00 00 00 00 00 08 cc 84 43",""
242,1099,"RPC","IN",122,2,"StopObject","id=122 bytes=2","83 00",""
243,1099,"RPC","IN",99,42,"MoveObject","id=99 bytes=42","83 00 f8 e3 a1 c3 d7 9b 26 45 53 c5 7d 42 f8 e3 a1 c3 d7 9b 26 45 53 c5 7d 42 00 00 80 3e 00 00 00 00 00 00 00 00 08 cc 84 43",""
244,1099,"RPC","IN",122,2,"StopObject","id=122 bytes=2","83 00",""
245,1099,"RPC","IN",99,42,"MoveObject","id=99 bytes=42","83 00 f8 e3 a1 c3 d7 9b 26 45 53 c5 7d 42 f8 e3 a1 c3 d7 9b 26 45 ed 5e 7b 42 00 00 80 3e 00 00 00 00 00 00 00 00 08 cc 84 43",""
246,1099,"RPC","IN",122,2,"StopObject","id=122 bytes=2","83 00",""
247,1099,"RPC","IN",99,42,"MoveObject","id=99 bytes=42","83 00 f8 e3 a1 c3 d7 9b 26 45 53 c5 7d 42 f8 e3 a1 c3 d7 9b 26 45 53 c5 7d 42 00 00 80 3e 00 00 00 00 00 00 00 00 08 cc 84 43",""
248,1099,"RPC","IN",122,2,"StopObject","id=122 bytes=2","83 00",""
249,1099,"RPC","IN",99,42,"MoveObject","id=99 bytes=42","83 00 f8 e3 a1 c3 d7 9b 26 45 53 c5 7d 42 f8 e3 a1 c3 d7 9b 26 45 ed 5e 7b 42 00 00 80 3e 00 00 00 00 00 00 00 00 08 cc 84 43",""
250,1099,"RPC","IN",122,2,"StopObject","id=122 bytes=2","83 00",""
251,1099,"RPC","IN",99,42,"MoveObject","id=99 bytes=42","83 00 f8 e3 a1 c3 d7 9b 26 45 53 c5 7d 42 f8 e3 a1 c3 d7 9b 26 45 53 c5 7d 42 00 00 80 3e 00 00 00 00 00 00 00 00 08 cc 84 43",""
252,1099,"RPC","IN",122,2,"StopObject","id=122 bytes=2","83 00",""
253,1099,"RPC","IN",99,42,"MoveObject","id=99 bytes=42","83 00 f8 e3 a1 c3 d7 9b 26 45 53 c5 7d 42 f8 e3 a1 c3 d7 9b 26 45 ed 5e 7b 42 00 00 80 3e 00 00 00 00 00 00 00 00 08 cc 84 43",""
254,1099,"RPC","IN",122,2,"StopObject","id=122 bytes=2","83 00",""
255,1100,"RPC","IN",99,42,"MoveObject","id=99 bytes=42","83 00 f8 e3 a1 c3 d7 9b 26 45 53 c5 7d 42 f8 e3 a1 c3 d7 9b 26 45 53 c5 7d 42 00 00 80 3e 00 00 00 00 00 00 00 00 08 cc 84 43",""
256,1100,"PACKET","IN",207,45,"PlayerSync","id=207 bytes=45","cf 4b 00 eb ff f4 3f c0 00 11 24 65 70 f3 4b c9 91 7c 16 1e d0 80 00 00 00 03 c7 4e 00 00 02 45 80 18 f4 27 d3 e9 27 fd fd a5 04 04 80",""
257,1100,"PACKET","OUT",207,69,"PlayerSync","id=207 bytes=69","cf 00 00 00 00 00 00 5f 9e a0 c3 95 ed 26 45 ed 9c 7c 42 0f 68 4f 3f 00 00 00 80 00 00 00 00 d5 0f 16 bf 64 00 00 00 00 00 00 00 00 00 00 00 00 00 00 00 00 00 00 00 00 00 00 00 00 00 00 00 00 00 28 00 04 11",""
258,1123,"RPC","IN",16,16,"PlaySound","id=16 bytes=16","42 51 00 00 00 00 00 00 00 00 00 00 00 00 00 00",""
259,1123,"RPC","IN",134,80,"ShowTextDraw","id=134 bytes=80","2b 08 11 9a 99 19 3f 00 00 00 40 1a ff 00 aa 33 33 23 42 00 00 a0 41 00 00 00 32 00 01 00 00 00 ff 04 00 00 00 59 43 00 00 b8 43 00 00 00 00 00 00 00 00 00 00 00 00 00 00 00 00 80 3f ff ff ff ff 0d 00 6c 64 5f 64 75 61 6c 3a 77 68 69 74 65",""
260,1123,"PACKET","IN",207,35,"PlayerSync","id=207 bytes=35","cf 37 00 00 00 16 3c 62 b0 f4 68 c9 91 56 9b 9e 90 80 00 00 00 02 2c 7b 40 00 00 00 00 00 01 28 00 04 11",""
261,1123,"PACKET","IN",203,34,"AimSync","id=203 bytes=34","cb 37 00 04 07 d9 34 bf a8 85 24 3f c2 d2 97 be 96 3b 8a c3 26 8f 26 45 17 37 7f 42 00 00 00 00 3f 3a",""
262,1123,"PACKET","IN",207,45,"PlayerSync","id=207 bytes=45","cf 4f 00 e9 ff f2 bf c0 00 29 de a2 30 cb 45 89 91 72 62 9e 90 80 00 00 00 01 bb 1e 00 00 00 b3 b0 5c f7 3b f2 61 8f fd fd c8 04 e8 80",""
263,1142,"PACKET","IN",207,35,"PlayerSync","id=207 bytes=35","cf 46 00 00 00 3e ca 23 30 fc 9b 89 91 68 df 1e 90 84 00 00 00 03 0d 37 c0 00 00 00 00 00 01 28 00 04 11",""
264,1142,"PACKET","IN",207,45,"PlayerSync","id=207 bytes=45","cf 4b 00 e4 ff f0 ff c0 00 2a a2 a5 70 de 4b c9 91 41 56 1e d0 80 00 00 00 01 cb 3a 00 00 03 8d 84 18 f7 77 da 15 43 fd fd a5 04 04 80",""
265,1142,"PACKET","IN",207,45,"PlayerSync","id=207 bytes=45","cf 4f 00 e9 ff f2 bf c0 00 1e 5d 62 30 c2 45 89 91 49 e2 de 90 80 00 00 00 03 0f 1a 00 00 02 a9 20 68 f4 27 f6 85 93 fd fd c8 04 e8 80",""
266,1142,"RPC","IN",87,2,"ClearPlayerAnimation","id=87 bytes=2","30 00",""
267,1142,"RPC","IN",86,29,"ApplyPlayerAnimation","id=86 bytes=29","30 00 05 43 41 52 52 59 0b 63 72 72 79 5f 70 72 74 69 61 6c 33 33 83 40 00 00 00 00 00",""
268,1143,"PACKET","IN",207,45,"PlayerSync","id=207 bytes=45","cf 76 00 8b 80 5f 40 00 00 1b 81 aa f0 c6 66 49 d1 4a a1 df 50 84 00 00 00 03 56 97 40 00 00 7e e8 fc f2 64 13 fe 87 fd fd 00 00 00 80",""
269,1163,"PACKET","IN",207,45,"PlayerSync","id=207 bytes=45","cf 4f 00 e9 ff f2 bf c0 00 3f 9b e2 30 f9 05 49 91 62 a2 de 90 80 00 00 00 00 5f 1a 00 00 03 9e 7c 68 f5 0b f6 ad 97 fd fd c8 04 e8 80",""
270,1194,"PACKET","IN",200,38,"VehicleSync","id=200 bytes=38","c8 3f 00 4b 00 00 00 00 00 00 00 58 70 c6 90 33 e8 b2 b6 5e ac 32 5b 62 b4 58 93 b9 b4 20 00 00 00 06 80 3a 00 00",""
271,1194,"PACKET","IN",207,45,"PlayerSync","id=207 bytes=45","cf 4b 00 e0 7f ee ff c0 00 28 a0 e5 70 cc 8b c9 91 4f 95 de d0 80 00 00 00 03 d3 26 00 00 01 c9 8c 18 f4 4b ea 09 67 fd fd a5 04 04 80",""
272,1194,"PACKET","IN",207,45,"PlayerSync","id=207 bytes=45","cf 4f 00 ea 7f f2 7f c0 00 1b 9a a2 30 f0 05 49 91 7c 22 de 90 80 00 00 00 00 1f 1e 00 00 03 21 10 70 f5 e7 f6 d9 9b fd fd c8 04 e8 80",""
273,1194,"PACKET","IN",203,34,"AimSync","id=203 bytes=34","cb 4f 00 04 db 4b 1e 3f ab 23 48 bf b2 71 a4 bd ae 7f 89 c3 82 41 26 45 20 12 7e 42 00 00 00 00 3f 26",""
274,1194,"PACKET","IN",207,35,"PlayerSync","id=207 bytes=35","cf 5b 00 00 00 3f c4 a6 f0 d9 07 09 d1 7b 67 1f 10 84 00 00 00 01 2a 42 00 00 00 00 00 00 01 a5 04 08 80",""
275,1195,"PACKET","IN",207,35,"PlayerSync","id=207 bytes=35","cf 1a 00 00 00 28 14 e5 b0 cd 83 09 d1 6c 24 9f 10 80 00 00 00 03 eb 49 80 00 00 00 00 00 01 28 00 04 11",""
276,1195,"PACKET","IN",207,35,"PlayerSync","id=207 bytes=35","cf 51 00 00 00 2e e7 28 30 ea ff 89 91 7b 67 1f 10 84 00 00 00 03 a6 8b c0 00 00 00 00 00 01 28 00 04 11",""
277,1195,"RPC","IN",86,27,"ApplyPlayerAnimation","id=86 bytes=27","7c 00 07 42 44 5f 46 49 52 45 07 77 61 73 68 5f 75 70 33 33 83 40 80 00 00 00 00",""
278,1218,"PACKET","IN",207,45,"PlayerSync","id=207 bytes=45","cf 4b 00 dd ff ed bf c0 00 37 1f 25 70 fe cb 89 91 69 55 9e d0 80 00 00 00 03 57 1a 00 00 02 63 00 18 f4 6b f2 b5 83 fd fd a5 04 04 80",""
279,1218,"PACKET","IN",207,45,"PlayerSync","id=207 bytes=45","cf 4f 00 ed 7f f1 bf c0 00 36 19 22 30 e6 85 49 91 55 63 1e 90 80 00 00 00 02 ab 3e 00 00 02 5e 28 70 f4 af f5 05 97 fd fd c8 04 e8 80",""
280,1218,"PACKET","IN",207,35,"PlayerSync","id=207 bytes=35","cf 7e 00 00 00 19 9f e8 30 f4 7c 8a 51 40 30 1e 90 80 00 00 00 03 1d 3f 94 00 00 00 00 00 01 a5 04 08 80",""
281,1218,"PACKET","IN",207,45,"PlayerSync","id=207 bytes=45","cf 76 00 8b 80 5f 40 00 00 30 43 ea f0 c1 26 49 d1 6e a2 df 50 84 00 00 00 03 57 4f 40 00 01 26 ca 30 f2 98 13 3d 77 fd fd 00 00 00 80",""
282,1241,"PACKET","IN",207,45,"PlayerSync","id=207 bytes=45","cf 4f 00 f0 7f f1 3f c0 00 3b 17 e2 30 d9 85 49 91 6b a3 1e 90 80 00 00 00 02 9b 62 00 00 01 e5 94 5c f5 bb e6 25 5f fd fd c8 04 e8 80",""
283,1242,"PACKET","IN",207,45,"PlayerSync","id=207 bytes=45","cf 4b 00 db 7f ec bf c0 00 24 dd 25 70 f0 cb 89 91 42 15 9e d0 80 00 00 00 03 2b 0e 00 00 00 cb 2c 68 f4 f3 f6 39 97 fd fd a5 04 04 80",""
284,1242,"PACKET","IN",207,45,"PlayerSync","id=207 bytes=45","cf 4f 00 f1 ff f0 ff c0 00 09 56 e2 30 c7 45 49 91 41 63 5e 90 80 00 00 00 03 b7 7a 00 00 02 85 90 4c f5 a3 ce 91 23 fd fd c8 04 e8 80",""
285,1242,"PACKET","IN",207,45,"PlayerSync","id=207 bytes=45","cf 76 00 8c 00 5f 40 00 00 1b 04 6a f0 fb e6 09 d1 67 a3 1f 50 84 00 00 00 01 33 6f 40 00 03 7b ba 28 f0 38 26 d5 43 fd fd 00 00 00 80",""
286,1242,"PACKET","IN",207,35,"PlayerSync","id=207 bytes=35","cf 7c 00 00 00 38 64 25 b0 e1 1a 09 d1 6c 24 9f 10 80 00 00 00 01 b1 ee 40 00 00 00 00 00 01 28 00 04 11",""
287,1261,"PACKET","IN",207,35,"PlayerSync","id=207 bytes=35","cf 54 00 00 00 27 65 68 30 dc 13 49 d1 7b 67 1f 10 84 00 00 00 01 87 f6 c0 00 00 00 00 00 01 28 00 04 11",""
288,1261,"PACKET","IN",207,45,"PlayerSync","id=207 bytes=45","cf 76 00 8c 80 5f 40 00 00 23 44 aa f0 f7 26 09 d1 4f a3 5f 50 84 00 00 00 00 7b 8b 40 00 03 ee a9 14 f3 70 38 89 13 fd fd 00 00 00 80",""
289,1286,"PACKET","IN",207,45,"PlayerSync","id=207 bytes=45","cf 4b 00 d9 ff ec 7f c0 00 29 9b 25 70 e5 cb 89 91 63 55 5e d0 80 00 00 00 03 37 02 00 00 02 df 2c 68 f4 8b f9 01 ab fd fd a5 04 04 80",""
290,1286,"PACKET","IN",207,45,"PlayerSync","id=207 bytes=45","cf 4f 00 f3 7f f0 bf c0 00 3d 95 a2 30 f3 05 09 91 54 63 5e 90 80 00 00 00 02 f7 92 00 00 03 db a4 40 f6 5b b7 74 f7 fd fd c8 04 e8 80",""
291,1286,"PACKET","IN",207,45,"PlayerSync","id=207 bytes=45","cf 76 00 8d 00 5f 40 00 00 24 84 ea f0 f1 a6 09 d1 74 a3 5f 50 84 00 00 00 01 07 a3 40 00 01 16 a8 fc f3 f4 55 0c e3 fd fd 00 00 00 80",""
292,1287,"RPC","IN",87,2,"ClearPlayerAnimation","id=87 bytes=2","37 00",""
293,1287,"RPC","IN",86,29,"ApplyPlayerAnimation","id=86 bytes=29","37 00 05 43 41 52 52 59 0b 63 72 72 79 5f 70 72 74 69 61 6c 33 33 83 40 00 00 00 00 00",""
294,1287,"PACKET","IN",200,38,"VehicleSync","id=200 bytes=38","c8 3f 00 4b 00 00 00 00 00 00 00 59 40 c6 30 33 e8 b2 a6 5e ac 32 5b 62 b4 58 63 b9 b4 20 00 00 00 06 80 3a 00 00",""
295,1287,"PACKET","IN",207,45,"PlayerSync","id=207 bytes=45","cf 76 00 8d 80 5f 00 00 00 29 05 2a f0 ea 66 09 d1 5d a3 9f 50 84 00 00 00 02 db b7 40 00 00 b3 61 64 f1 44 79 1c b7 fd fd 00 00 00 80",""
296,1308,"PACKET","IN",207,35,"PlayerSync","id=207 bytes=35","cf 4d 00 00 00 19 5f dc f0 c3 00 c9 91 7b ec 9e 90 80 00 00 00 00 39 bc 80 00 00 00 00 00 01 a8 04 04 11",""
297,1308,"PACKET","IN",207,45,"PlayerSync","id=207 bytes=45","cf 4f 00 f5 ff ef ff c0 00 26 94 a2 30 d9 05 09 91 68 23 5e 90 80 00 00 00 01 17 b2 00 00 03 4b cc 3c f6 d3 9a 70 cf fd fd c8 04 e8 80",""
298,1308,"PACKET","IN",207,45,"PlayerSync","id=207 bytes=45","cf 4b 00 d8 ff ec 7f c0 00 17 19 25 70 dc cb 89 91 49 95 5e d0 80 00 00 00 00 9e fa 00 00 00 77 30 68 f7 57 fb 25 bb fd fd a5 04 04 80",""
299,1308,"PACKET","IN",207,45,"PlayerSync","id=207 bytes=45","cf 76 00 90 00 5e c0 00 00 20 c5 aa f0 d8 e6 09 d1 69 e3 df 50 84 00 00 00 02 33 db 40 00 02 50 11 94 f1 1c c9 2c 6b fd fd 00 00 00 80",""
300,1309,"PACKET","IN",207,35,"PlayerSync","id=207 bytes=35","cf 79 00 00 00 38 43 a3 30 e6 09 89 91 63 a0 5e 90 84 00 00 00 01 83 df 40 00 00 00 00 00 01 a5 04 04 80",""
301,1309,"PACKET","IN",203,34,"AimSync","id=203 bytes=34","cb 79 00 04 ba e0 ed 3d 22 8d 76 3f 8b a7 78 be 16 5b 8c c3 9a d7 25 45 5b f1 80 42 00 00 00 00 3f 55",""
302,1309,"PACKET","IN",207,35,"PlayerSync","id=207 bytes=35","cf 85 00 00 00 18 e4 22 b0 cb 69 09 91 7a 98 de 90 80 00 00 00 03 74 25 80 00 00 00 00 00 01 28 00 04 11",""
303,1309,"PACKET","IN",203,34,"AimSync","id=203 bytes=34","cb 85 00 04 1f 5c 3c bf 45 cd b8 3e 3c b1 12 bf 4d e3 89 c3 90 99 26 45 5c 80 80 42 00 00 00 00 3f c6",""
304,1332,"PACKET","IN",200,38,"VehicleSync","id=200 bytes=38","c8 3f 00 4b 00 00 00 00 00 00 00 59 00 c6 50 33 f8 b2 a6 5e ac 32 5b 62 b4 58 63 b9 b4 20 00 00 00 06 80 3a 00 00",""
305,1332,"PACKET","IN",203,34,"AimSync","id=203 bytes=34","cb 3f 00 12 51 3e 70 bf 6a ce b0 3e 77 bf ff bb 16 7b e8 c3 9a 9f 2b 45 e5 f0 9c 42 00 00 00 00 3f 36",""
306,1332,"PACKET","IN",207,45,"PlayerSync","id=207 bytes=45","cf 4f 00 f6 7f ef ff c0 00 2d 13 62 30 f2 44 c9 91 7e 23 5e 90 80 00 00 00 00 ab be 00 00 00 eb 10 48 f7 c7 6b b8 97 fd fd c8 04 e8 80",""
307,1359,"PACKET","IN",207,35,"PlayerSync","id=207 bytes=35","cf 37 00 00 00 16 3c 62 b0 f4 68 c9 91 56 9b 9e 90 80 00 00 00 02 2c 7b 40 00 00 00 00 00 01 a5 04 e8 80",""
308,1360,"PACKET","IN",207,45,"PlayerSync","id=207 bytes=45","cf 4b 00 d7 7f eb bf c0 00 10 17 65 70 d6 cb 89 91 78 d5 1e d0 80 00 00 00 03 42 f2 00 00 03 ca 63 e4 f1 3b fe fd cb fd fd a5 04 04 80",""
309,1360,"PACKET","IN",203,34,"AimSync","id=203 bytes=34","cb 4b 00 04 4d b0 23 3f d0 43 3e bf 1e a5 49 be d7 7b 96 c3 e9 57 26 45 84 3e 80 42 00 00 00 00 3f 22",""
310,1360,"PACKET","IN",207,45,"PlayerSync","id=207 bytes=45","cf 76 00 92 00 5e 80 00 00 12 05 ea f0 ce a6 09 d1 4c a4 1f 50 84 00 00 00 03 9f e7 40 00 01 ec a5 98 f2 8c f6 2c 4b fd fd 00 00 00 80",""
311,1360,"PACKET","IN",207,35,"PlayerSync","id=207 bytes=35","cf 92 00 00 00 25 16 23 30 ce c8 89 91 43 23 5e 90 80 00 00 00 03 bd 7d c0 00 00 00 00 00 01 a5 04 04 80",""
312,1360,"PACKET","IN",203,34,"AimSync","id=203 bytes=34","cb 92 00 04 d5 a6 0e be ec 2e 50 3f a0 a6 10 bf 5b 11 8c c3 42 ee 25 45 49 fd 82 42 00 00 00 00 3f 37",""
313,1360,"PACKET","IN",207,45,"PlayerSync","id=207 bytes=45","cf 4f 00 f7 ff ef bf c0 00 10 92 a2 30 d3 84 c9 91 4d e3 9e 90 80 00 00 00 01 cf ce 00 00 03 9f 90 44 f5 27 56 38 83 fd fd c8 04 e8 80",""
314,1360,"PACKET","IN",207,45,"PlayerSync","id=207 bytes=45","cf 76 00 94 00 5e 40 00 00 3d 05 ea f0 c3 26 09 d1 6d a4 1f 50 84 00 00 00 02 1f f3 40 00 00 16 d5 d8 f3 3d 24 20 33 fd fd 00 00 00 80",""
315,1361,"PACKET","OUT",205,9,"UNKNOWN_PACKET","id=205 bytes=9","cd b8 4a 04 00 00 00 00 00",""
316,1383,"PACKET","IN",207,49,"PlayerSync","id=207 bytes=49","cf 30 00 00 00 22 fe a6 b0 cf 96 c9 d1 7b 67 1f 10 84 00 00 00 01 bd d3 00 00 00 00 00 00 03 ff fe 00 00 00 00 00 00 00 00 00 00 00 01 00 00 00 80",""
317,1383,"PACKET","IN",207,45,"PlayerSync","id=207 bytes=45","cf 4b 00 d5 ff ea ff c0 00 34 55 65 70 d1 8b 89 91 6a 15 1e d0 80 00 00 00 02 ae ee 00 00 00 e4 38 28 f5 ff fe ed d3 fd fd a5 04 04 80",""
318,1383,"PACKET","IN",207,45,"PlayerSync","id=207 bytes=45","cf 4f 00 f8 ff ef 3f c0 00 14 51 e2 30 f3 44 89 91 5b 23 9e 90 80 00 00 00 02 ab da 00 00 03 26 d8 48 f5 1b 2d e4 63 fd fd c8 04 e8 80",""
319,1383,"PACKET","IN",207,45,"PlayerSync","id=207 bytes=45","cf 76 00 96 80 5d c0 00 00 1e 06 2a f0 f7 25 c9 d1 4a 64 5f 50 84 00 00 00 01 af fb 40 00 03 2d c5 e4 f2 4d 5b 8c 1b fd fd 00 00 00 80",""
320,1410,"PACKET","IN",207,45,"PlayerSync","id=207 bytes=45","cf 76 00 98 80 5d 40 00 00 3a 86 2a f0 e7 65 c9 d1 69 24 5f 50 84 00 00 00 02 53 ff 40 00 03 8a 9e 70 f3 35 8c 90 0f fd fd 00 00 00 80",""
321,1410,"PACKET","IN",207,37,"PlayerSync","id=207 bytes=37","cf 1c 00 7e bf c0 00 09 f8 62 f0 e3 65 89 91 55 5e 5e 90 80 00 00 00 01 6b e7 e0 00 00 00 00 00 01 00 00 00 80",""
322,1410,"PACKET","IN",200,38,"VehicleSync","id=200 bytes=38","c8 3f 00 4b 00 00 00 00 00 00 00 59 40 c6 30 33 f8 b2 a6 5e ac 32 5b 62 b4 58 53 b9 b4 20 00 00 00 06 80 3a 00 00",""
323,1410,"PACKET","IN",207,45,"PlayerSync","id=207 bytes=45","cf 4f 00 f9 7f ef 3f c0 00 09 90 e2 30 fb c4 49 91 6e 23 9e 90 80 00 00 00 01 f3 e2 00 00 00 8f e0 58 f7 ef 05 44 4b fd fd c8 04 e8 80",""
324,1410,"PACKET","IN",207,45,"PlayerSync","id=207 bytes=45","cf 76 00 9b 00 5c c0 00 00 09 c6 6a f0 d6 e5 c9 d1 42 24 9f 50 84 00 00 00 03 fb ff 40 00 02 ac 9e 8c f1 b9 c7 50 03 fd fd 00 00 00 80",""
325,1410,"PACKET","IN",207,45,"PlayerSync","id=207 bytes=45","cf 1c 00 fe ff fa 7f c0 00 28 37 e2 f0 ca 65 89 91 50 de 5e 90 80 00 00 00 03 73 d7 e0 00 01 35 98 18 f5 be e0 74 37 fd fd 00 00 00 80",""
326,1411,"PACKET","IN",207,45,"PlayerSync","id=207 bytes=45","cf 4b 00 d4 ff ea bf c0 00 36 d2 e5 70 cb 8b 89 91 59 95 1e d0 80 00 00 00 00 8e ea 00 00 03 ac c0 74 f6 8f fd a9 db fd fd a5 04 04 80",""
327,1432,"PACKET","IN",207,45,"PlayerSync","id=207 bytes=45","cf 1c 00 fd 7f f7 3f c0 00 31 77 62 f0 f2 e5 49 91 4b 5e 5e 90 80 00 00 00 02 9b c7 e0 00 00 fd 98 18 f5 ff 13 7c 4f fd fd 00 00 00 80",""
328,1432,"PACKET","IN",207,45,"PlayerSync","id=207 bytes=45","cf 4f 00 f9 ff ee bf c0 00 2e 50 22 30 d7 04 49 91 79 23 9e 90 80 00 00 00 00 3b ea 00 00 02 b1 78 58 f6 fe ef 30 3b fd fd c8 04 e8 80",""
329,1432,"PACKET","IN",207,45,"PlayerSync","id=207 bytes=45","cf 76 00 9d 00 5c 40 00 00 0a 86 6a f0 c6 a5 c9 d1 54 24 9f 50 80 00 00 00 02 a3 ff 40 00 02 f1 ae 6c f0 91 fc 00 03 fd fd 00 00 00 80",""
330,1459,"PACKET","IN",207,45,"PlayerSync","id=207 bytes=45","cf 1c 00 fa 7f f3 ff c0 00 27 f6 e2 f0 dd 65 49 91 45 1e 5e 90 80 00 00 00 03 13 b3 e0 00 00 b5 98 18 f7 03 3f 88 6f fd fd 00 00 00 80",""
331,1459,"PACKET","IN",203,34,"AimSync","id=203 bytes=34","cb 1c 00 04 67 28 78 3f d1 2d d6 bc b4 15 7a be ce 41 8c c3 3f 96 26 45 73 a8 7d 42 00 00 00 00 3f ff",""
332,1460,"PACKET","IN",207,45,"PlayerSync","id=207 bytes=45","cf 76 00 9f 80 5b 80 00 00 3d 86 2a f0 f6 e5 89 d1 5e a4 9f 50 80 00 00 00 02 4f fb 40 00 01 92 5e 64 f0 62 36 ac 03 fd fd 00 00 00 80",""
333,1460,"PACKET","IN",207,45,"PlayerSync","id=207 bytes=45","cf 4b 00 d3 ff e9 7f c0 00 1d d0 a5 70 c7 4b 89 91 4e 55 1e d0 80 00 00 00 02 b2 e6 00 00 01 24 08 dc f7 23 fe 99 e3 fd fd a5 04 04 80",""
334,1460,"PACKET","IN",207,45,"PlayerSync","id=207 bytes=45","cf 4f 00 fa 7f ee 7f c0 00 0d cf a2 30 eb 84 09 91 44 a3 de 90 80 00 00 00 00 bf ee 00 00 00 f4 c8 6c f6 32 d6 f4 2f fd fd c8 04 e8 80",""
335,1460,"PACKET","IN",207,45,"PlayerSync","id=207 bytes=45","cf 76 00 a4 00 5a 40 00 00 21 06 2a f0 e6 65 89 d1 62 e4 9f 50 80 00 00 00 02 c3 f7 40 00 03 70 5e 94 f3 16 6b 50 0b fd fd 00 00 00 80",""
336,1482,"PACKET","IN",207,45,"PlayerSync","id=207 bytes=45","cf 1c 00 f6 ff f0 3f c0 00 0b b6 62 f0 c9 a5 49 91 7e 1e 1e 90 80 00 00 00 00 a3 9f e0 00 00 81 98 18 f4 1f 68 0c 97 fd fd 00 00 00 80",""
337,1483,"PACKET","IN",207,45,"PlayerSync","id=207 bytes=45","cf 4f 00 fa ff ee 7f c0 00 0c 8f 22 30 c4 04 09 91 4d a3 de 90 80 00 00 00 00 1b f2 00 00 02 7b 94 6c f5 e6 c2 20 27 fd fd c8 04 e8 80",""
338,1483,"PACKET","IN",207,45,"PlayerSync","id=207 bytes=45","cf 76 00 a8 80 58 80 00 00 3c 45 ea f0 d5 a5 89 d1 63 24 9f 50 80 00 00 00 00 8b f7 40 00 00 00 02 a0 f3 e6 86 5c 13 fd fd 00 00 00 80",""
339,1483,"PACKET","IN",207,45,"PlayerSync","id=207 bytes=45","cf 1c 00 f1 ff eb bf c0 00 1f f5 a2 f0 f8 25 09 91 76 1e 1e 90 80 00 00 00 03 97 83 e0 00 00 39 98 18 f5 4b 8d 0c bf fd fd 00 00 00 80",""
340,1484,"PACKET","IN",200,38,"VehicleSync","id=200 bytes=38","c8 3f 00 4b 00 00 00 00 00 00 00 59 90 c6 00 34 08 b2 96 5e ac 32 5b 62 b4 58 33 b9 b4 20 00 00 00 06 80 3a 00 00",""
341,1484,"PACKET","IN",207,45,"PlayerSync","id=207 bytes=45","cf 76 00 ae 00 56 00 00 00 15 45 ea f0 c5 e5 89 d1 61 a4 9f 50 80 00 00 00 02 13 ef 40 00 00 1e 3a 80 f2 ea 96 bc 17 fd fd 00 00 00 80",""
342,1509,"PACKET","IN",207,45,"PlayerSync","id=207 bytes=45","cf 1c 00 ec ff e7 ff c0 00 25 f4 e2 f0 e9 25 09 91 6d 9e 1e 90 80 00 00 00 03 e3 67 e0 00 00 09 98 18 f5 bf ad ac eb fd fd 00 00 00 80",""
343,1509,"PACKET","IN",207,45,"PlayerSync","id=207 bytes=45","cf 4f 00 fa ff ee 3f c0 00 10 ce a2 30 da 03 c9 91 56 23 de 90 80 00 00 00 01 c7 f2 00 00 03 99 38 6c f4 d6 b3 80 1f fd fd c8 04 e8 80",""
344,1509,"PACKET","IN",207,45,"PlayerSync","id=207 bytes=45","cf 76 00 b1 00 54 80 00 00 25 c5 aa f0 f6 a5 49 d1 5b 24 9f 50 80 00 00 00 02 fb eb 40 00 02 5d 96 78 f3 5e bb 84 23 fd fd 00 00 00 80",""
345,1509,"PACKET","IN",207,45,"PlayerSync","id=207 bytes=45","cf 1c 00 e8 ff e4 bf c0 00 1f f4 22 f0 dc a5 09 91 64 9e 1e 90 80 00 00 00 01 ab 4b e0 00 03 c1 94 18 f5 37 c9 99 1b fd fd 00 00 00 80",""
346,1509,"PACKET","IN",207,45,"PlayerSync","id=207 bytes=45","cf 76 00 b4 80 4e c0 00 00 1e 85 6a f0 e1 e5 49 d1 4f 24 9f 50 80 00 00 00 02 73 df 40 00 03 49 f7 6c f2 12 c9 90 2b fd fd 00 00 00 80",""
347,1534,"PACKET","IN",207,45,"PlayerSync","id=207 bytes=45","cf 1c 00 e5 ff e3 3f c0 00 10 33 62 f0 d2 e5 09 91 5b 1e 1e 90 80 00 00 00 00 f7 2b e0 00 03 b1 94 18 f7 5f dc 2d 4f fd fd 00 00 00 80",""
348,1535,"PACKET","IN",207,45,"PlayerSync","id=207 bytes=45","cf 4b 00 d4 7f e9 3f c0 00 32 ca 65 70 ff 0b 49 91 77 94 de d0 80 00 00 00 01 be de 00 00 01 ea 09 bc f7 af fe 69 ef fd fd a5 04 04 80",""
349,1535,"PACKET","IN",207,45,"PlayerSync","id=207 bytes=45","cf 4f 00 fa 7f ed ff c0 00 18 0e 22 30 ee 83 89 91 5e e3 de 90 80 00 00 00 01 ef f2 00 00 03 c5 5c 6c f7 9a a4 34 1f fd fd c8 04 e8 80",""
350,1535,"PACKET","IN",207,41,"PlayerSync","id=207 bytes=41","cf 1c 00 02 00 1a f2 62 f0 cb 25 09 91 50 1e 1e 90 80 00 00 00 01 cb 07 e0 00 03 88 20 64 f7 f7 ec e5 83 fd fd 00 00 00 80",""
351,1535,"PACKET","IN",207,45,"PlayerSync","id=207 bytes=45","cf 4f 00 f8 7f ec bf c0 00 1e cd a2 30 c2 83 89 91 67 a3 de 90 80 00 00 00 03 6b ee 00 00 01 24 bc 78 f6 c6 a7 ec 1b fd fd c8 04 e8 80",""
352,1535,"PACKET","IN",207,45,"PlayerSync","id=207 bytes=45","cf 76 00 b5 80 4d 00 00 00 3d 84 ea f0 cc 65 49 d1 77 a4 5f 50 80 00 00 00 03 3b d3 40 00 01 17 e7 bc f3 66 f9 f8 43 fd fd 00 00 00 80",""
353,1559,"PACKET","IN",207,45,"PlayerSync","id=207 bytes=45","cf 76 00 b6 80 4a 00 00 00 00 84 aa f0 f5 25 09 d1 54 a4 5f 50 80 00 00 00 02 ef c7 40 00 01 e2 64 1c f6 53 1f 8c 57 fd fd 00 00 00 80",""
354,1560,"PACKET","IN",200,38,"VehicleSync","id=200 bytes=38","c8 3f 00 4b 00 00 00 00 00 00 00 59 00 c6 40 34 18 b2 96 5e ac 32 5b 62 b4 58 53 b9 b4 20 00 00 00 06 80 3a 00 00",""
355,1560,"PACKET","IN",207,45,"PlayerSync","id=207 bytes=45","cf 4f 00 f6 ff eb ff c0 00 12 8d 22 30 d4 03 49 91 71 63 de 90 80 00 00 00 01 83 ee 00 00 01 ef 18 9c f4 86 b4 e0 23 fd fd c8 04 e8 80",""
356,1584,"PACKET","IN",200,38,"VehicleSync","id=200 bytes=38","c8 20 00 41 00 00 00 00 00 00 00 0b b0 5b e0 21 ea aa 6f a9 5c 39 2c 82 54 59 58 47 a4 20 00 00 00 02 40 3f 00 00",""
357,1585,"PACKET","IN",203,34,"AimSync","id=203 bytes=34","cb 20 00 12 a3 6f 7c 3f 38 23 95 bd 18 13 19 be f3 06 99 c3 c7 cf 25 45 6f 10 81 42 00 00 00 00 3f 37",""
358,1585,"PACKET","IN",207,35,"PlayerSync","id=207 bytes=35","cf 47 00 00 00 01 a4 e2 f0 e7 ce 49 91 62 9b de 90 84 00 00 00 00 fb 2f c0 00 00 00 00 00 01 fb 04 04 80",""
359,1585,"PACKET","IN",207,45,"PlayerSync","id=207 bytes=45","cf 76 00 b6 00 47 40 00 00 17 43 6a f0 c7 65 09 d1 77 23 df 50 80 00 00 00 02 43 bf 40 00 00 7f 9c 40 f6 47 45 6c 77 fd fd 00 00 00 80",""
360,1585,"PACKET","IN",207,35,"PlayerSync","id=207 bytes=35","cf 15 00 00 00 0d cb 23 30 d7 62 49 91 71 9f 1e 90 84 00 00 00 01 9e 65 80 00 00 00 00 00 01 28 00 04 11",""
361,1585,"PACKET","IN",207,35,"PlayerSync","id=207 bytes=35","cf 2d 00 00 00 37 8d 62 b0 cb e9 09 91 5c 9a de 90 80 00 00 00 01 5c 03 c0 00 00 00 00 00 01 28 00 04 11",""
362,1585,"PACKET","IN",207,45,"PlayerSync","id=207 bytes=45","cf 4b 00 d5 7f e8 bf c0 00 09 82 65 70 fb 0b 49 91 5b 49 de d0 80 00 00 00 01 12 d6 00 00 02 f8 b2 84 f7 fb fd d9 ff fd fd a5 04 04 80",""
363,1585,"PACKET","IN",207,35,"PlayerSync","id=207 bytes=35","cf 97 00 00 00 39 55 a5 b0 df 38 c9 91 6c 24 9f 10 80 00 00 00 01 30 6f e8 00 00 00 00 00 01 28 00 04 11",""
364,1608,"PACKET","IN",207,45,"PlayerSync","id=207 bytes=45","cf 4f 00 f4 ff eb bf c0 00 30 4c 62 30 e1 43 09 91 7c a3 de 90 80 00 00 00 01 b7 ea 00 00 00 95 ec cc f6 26 bc 9c 27 fd fd c8 04 e8 80",""
365,1609,"PACKET","IN",207,45,"PlayerSync","id=207 bytes=45","cf 76 00 b6 00 46 00 00 00 37 82 aa f0 f0 a4 c9 d1 43 23 df 50 80 00 00 00 01 77 bb 40 00 03 35 60 48 f5 c7 53 38 7f fd fd 00 00 00 80",""
366,1628,"PACKET","IN",207,45,"PlayerSync","id=207 bytes=45","cf 76 00 b6 00 45 40 00 00 3d 01 6a f0 c6 24 c9 d1 59 e3 5f 50 80 00 00 00 03 87 b7 40 00 02 06 ba 2c f7 b7 58 30 8b fd fd 00 00 00 80",""
367,1628,"PACKET","OUT",207,69,"PlayerSync","id=207 bytes=69","cf 00 00 00 00 00 00 5f 9e a0 c3 95 ed 26 45 ed 9c 7c 42 0f 68 4f 3f 00 00 00 80 00 00 00 00 d5 0f 16 bf 64 00 00 00 00 00 00 00 00 00 00 00 00 00 00 00 00 00 00 00 00 00 00 00 00 00 00 00 00 00 28 00 04 11",""
368,1650,"PACKET","IN",207,41,"PlayerSync","id=207 bytes=41","cf 1c 00 02 00 0e 2e 62 f0 d3 65 09 91 60 9d de 90 80 00 00 00 03 96 5b e0 00 03 07 0b 2c f0 17 ea 96 9b fd fd 00 00 00 80",""
369,1650,"PACKET","IN",207,45,"PlayerSync","id=207 bytes=45","cf 4f 00 f0 7f ea bf c0 00 06 8b a2 30 df 82 c9 91 4d 64 1e 90 80 00 00 00 00 8f e2 00 00 02 05 f0 ec f7 ce cc 10 2f fd fd c8 04 e8 80",""
370,1650,"PACKET","IN",207,45,"PlayerSync","id=207 bytes=45","cf 76 00 b6 80 43 c0 00 00 19 80 aa f0 e8 24 89 d1 4c e3 1f 50 80 00 00 00 03 fb af 40 00 01 8b 75 20 f7 8f 5f c8 8b fd fd 00 00 00 80",""
371,1650,"PACKET","IN",207,45,"PlayerSync","id=207 bytes=45","cf 76 00 b6 80 43 80 00 00 3b 3f ea b0 d4 a4 89 d1 55 a2 df 50 80 00 00 00 01 5b b3 40 00 03 21 54 18 f5 cb 6d c0 9b fd fd 00 00 00 80",""
372,1675,"PACKET","IN",200,38,"VehicleSync","id=200 bytes=38","c8 3f 00 4b 00 00 00 00 00 00 00 58 c0 c6 60 34 28 b2 96 5e ac 32 5b 62 b4 58 63 b9 b4 20 00 00 00 06 80 3a 00 00",""
373,1676,"PACKET","IN",207,45,"PlayerSync","id=207 bytes=45","cf 4b 00 d4 ff e8 ff c0 00 09 f9 65 30 fd cb 49 91 6a 88 de d0 80 00 00 00 01 d2 be 00 00 03 9d b6 cc f7 db ff 66 0b fd fd a5 04 04 80",""
374,1676,"PACKET","IN",207,45,"PlayerSync","id=207 bytes=45","cf 4f 00 ed ff ea 7f c0 00 11 ca 62 30 d8 42 89 91 63 24 1e 90 80 00 00 00 02 c7 da 00 00 00 9f b9 5c f4 0a f5 e4 3f fd fd c8 04 e8 80",""
375,1676,"PACKET","IN",207,45,"PlayerSync","id=207 bytes=45","cf 76 00 b6 80 43 40 00 00 1e 7f 6a b0 c1 24 89 d1 5f 62 9f 50 80 00 00 00 02 8f b3 40 00 00 a9 58 18 f7 4b 6b 38 97 fd fd 00 00 00 80",""
376,1676,"PACKET","IN",207,35,"PlayerSync","id=207 bytes=35","cf 5b 00 00 00 3f c4 a6 f0 d9 07 09 d1 7b 67 1f 10 84 00 00 00 01 2a 42 00 00 00 00 00 00 01 a5 04 08 80",""
377,1699,"PACKET","IN",207,45,"PlayerSync","id=207 bytes=45","cf 4f 00 e9 ff e9 ff c0 00 21 88 e2 30 cb 82 49 91 7d 24 1e 90 80 00 00 00 01 8f d2 00 00 00 20 89 b0 f7 93 05 0c 4b fd fd c8 04 e8 80",""
378,1699,"PACKET","IN",207,35,"PlayerSync","id=207 bytes=35","cf 0b 00 00 00 36 74 e3 70 df 22 89 91 49 e4 1e 90 80 00 00 00 00 42 8b c0 00 00 00 00 00 01 a5 04 e8 80",""
379,1699,"PACKET","IN",203,34,"AimSync","id=203 bytes=34","cb 0b 00 04 96 eb 35 3f 8e 37 29 3f 96 ca 76 be 14 f7 8e c3 a0 68 26 45 59 06 80 42 00 00 00 00 3f 36",""
380,1699,"PACKET","IN",207,35,"PlayerSync","id=207 bytes=35","cf 1a 00 00 00 28 14 e5 b0 cd 83 09 d1 6c 24 9f 10 80 00 00 00 03 eb 49 80 00 00 00 00 00 01 28 00 04 11",""
381,1699,"PACKET","IN",207,35,"PlayerSync","id=207 bytes=35","cf 1c 00 02 00 00 ad 62 f0 de 25 09 91 54 1d de 90 80 00 00 00 03 96 5b e0 00 00 00 00 00 01 00 00 00 80",""
382,1699,"PACKET","IN",207,35,"PlayerSync","id=207 bytes=35","cf 46 00 00 00 3e ca 23 30 fc 9b 89 91 68 df 1e 90 84 00 00 00 03 0d 37 c0 00 00 00 00 00 01 28 00 04 11",""
383,1724,"PACKET","IN",207,35,"PlayerSync","id=207 bytes=35","cf 1c 00 00 00 00 ad 62 f0 de 25 09 91 54 1d de 90 80 00 00 00 03 96 5b e0 00 00 00 00 00 01 00 00 00 80",""
384,1724,"PACKET","IN",200,38,"VehicleSync","id=200 bytes=38","c8 3f 00 4b 00 00 00 00 00 00 00 58 d0 c6 60 34 28 b2 96 5e ac 32 5b 62 b4 58 63 b9 b4 20 00 00 00 06 80 3a 00 00",""
385,1725,"PACKET","IN",207,45,"PlayerSync","id=207 bytes=45","cf 4f 00 e4 7f e9 3f c0 00 18 07 22 30 f8 c1 c9 91 5d a4 5e 90 80 00 00 00 01 53 c6 00 00 01 2e 02 14 f7 07 22 c0 5b fd fd c8 04 e8 80",""
386,1725,"PACKET","IN",207,35,"PlayerSync","id=207 bytes=35","cf 51 00 00 00 2e e7 28 30 ea ff 89 91 7b 67 1f 10 84 00 00 00 03 a6 8b c0 00 00 00 00 00 01 28 00 04 11",""
387,1725,"PACKET","IN",207,45,"PlayerSync","id=207 bytes=45","cf 4b 00 d4 ff e8 ff c0 00 13 ed e5 30 d9 cb 89 91 73 87 9e d0 80 00 00 00 02 86 a6 00 00 02 f4 b2 d4 f5 fb fd 52 2f fd fd a5 04 04 80",""
388,1747,"PACKET","IN",207,45,"PlayerSync","id=207 bytes=45","cf 4f 00 de ff e8 3f c0 00 18 05 22 30 e9 c1 89 91 41 e4 9e 90 80 00 00 00 02 af ba 00 00 02 ff 2a 44 f6 0b 41 f8 73 fd fd c8 04 e8 80",""
389,1769,"PACKET","IN",207,45,"PlayerSync","id=207 bytes=45","cf 4f 00 d9 ff e7 7f c0 00 2e 43 22 30 e6 c1 49 91 64 a4 9e 90 80 00 00 00 01 2f b2 00 00 01 69 56 70 f5 3f 59 e8 87 fd fd c8 04 e8 80",""
390,1770,"PACKET","IN",207,45,"PlayerSync","id=207 bytes=45","cf 76 00 b6 80 43 40 00 00 2b fa aa b0 e1 a3 c9 d1 49 a1 1f 50 80 00 00 00 00 47 c3 40 00 03 57 2e 2c f6 df 50 30 83 fd fd 00 00 00 80",""
391,1770,"PACKET","IN",207,45,"PlayerSync","id=207 bytes=45","cf 4b 00 d4 7f e9 3f c2 00 26 a9 25 30 ec 0b 89 91 4f c7 5e d0 80 00 00 00 00 ce 92 00 00 02 1b 2a b8 f4 2b fe 5e 3f fd fd a5 04 04 80",""
392,1792,"RPC","IN",99,42,"MoveObject","id=99 bytes=42","83 00 f8 e3 a1 c3 d7 9b 26 45 53 c5 7d 42 f8 e3 a1 c3 d7 9b 26 45 ed 5e 7b 42 00 00 80 3e 00 00 00 00 00 00 00 00 08 cc 84 43",""
393,1792,"RPC","IN",122,2,"StopObject","id=122 bytes=2","83 00",""
394,1792,"RPC","IN",99,42,"MoveObject","id=99 bytes=42","83 00 f8 e3 a1 c3 d7 9b 26 45 53 c5 7d 42 f8 e3 a1 c3 d7 9b 26 45 53 c5 7d 42 00 00 80 3e 00 00 00 00 00 00 00 00 08 cc 84 43",""
395,1792,"RPC","IN",122,2,"StopObject","id=122 bytes=2","83 00",""
396,1792,"RPC","IN",99,42,"MoveObject","id=99 bytes=42","83 00 f8 e3 a1 c3 d7 9b 26 45 53 c5 7d 42 f8 e3 a1 c3 d7 9b 26 45 ed 5e 7b 42 00 00 80 3e 00 00 00 00 00 00 00 00 08 cc 84 43",""
397,1792,"RPC","IN",122,2,"StopObject","id=122 bytes=2","83 00",""
398,1792,"RPC","IN",99,42,"MoveObject","id=99 bytes=42","83 00 f8 e3 a1 c3 d7 9b 26 45 53 c5 7d 42 f8 e3 a1 c3 d7 9b 26 45 53 c5 7d 42 00 00 80 3e 00 00 00 00 00 00 00 00 08 cc 84 43",""
399,1792,"RPC","IN",122,2,"StopObject","id=122 bytes=2","83 00",""
400,1792,"RPC","IN",99,42,"MoveObject","id=99 bytes=42","83 00 f8 e3 a1 c3 d7 9b 26 45 53 c5 7d 42 f8 e3 a1 c3 d7 9b 26 45 ed 5e 7b 42 00 00 80 3e 00 00 00 00 00 00 00 00 08 cc 84 43",""
401,1792,"RPC","IN",122,2,"StopObject","id=122 bytes=2","83 00",""
402,1793,"RPC","IN",99,42,"MoveObject","id=99 bytes=42","83 00 f8 e3 a1 c3 d7 9b 26 45 53 c5 7d 42 f8 e3 a1 c3 d7 9b 26 45 53 c5 7d 42 00 00 80 3e 00 00 00 00 00 00 00 00 08 cc 84 43",""
403,1793,"RPC","IN",122,2,"StopObject","id=122 bytes=2","83 00",""
404,1793,"RPC","IN",99,42,"MoveObject","id=99 bytes=42","83 00 f8 e3 a1 c3 d7 9b 26 45 53 c5 7d 42 f8 e3 a1 c3 d7 9b 26 45 ed 5e 7b 42 00 00 80 3e 00 00 00 00 00 00 00 00 08 cc 84 43",""
405,1793,"RPC","IN",122,2,"StopObject","id=122 bytes=2","83 00",""
406,1793,"RPC","IN",99,42,"MoveObject","id=99 bytes=42","83 00 f8 e3 a1 c3 d7 9b 26 45 53 c5 7d 42 f8 e3 a1 c3 d7 9b 26 45 53 c5 7d 42 00 00 80 3e 00 00 00 00 00 00 00 00 08 cc 84 43",""
407,1793,"RPC","IN",122,2,"StopObject","id=122 bytes=2","83 00",""
408,1793,"RPC","IN",99,42,"MoveObject","id=99 bytes=42","83 00 f8 e3 a1 c3 d7 9b 26 45 53 c5 7d 42 f8 e3 a1 c3 d7 9b 26 45 ed 5e 7b 42 00 00 80 3e 00 00 00 00 00 00 00 00 08 cc 84 43",""
409,1793,"RPC","IN",122,2,"StopObject","id=122 bytes=2","83 00",""
410,1793,"RPC","IN",99,42,"MoveObject","id=99 bytes=42","83 00 f8 e3 a1 c3 d7 9b 26 45 53 c5 7d 42 f8 e3 a1 c3 d7 9b 26 45 53 c5 7d 42 00 00 80 3e 00 00 00 00 00 00 00 00 08 cc 84 43",""
411,1793,"PACKET","IN",200,38,"VehicleSync","id=200 bytes=38","c8 3f 00 4b 00 00 00 00 00 00 00 58 d0 c6 60 34 28 b2 96 5e ac 32 5b 62 b4 58 53 b9 b4 20 00 00 00 06 80 3a 00 00",""
412,1794,"PACKET","IN",207,45,"PlayerSync","id=207 bytes=45","cf 4f 00 d8 7f e7 7f c0 00 33 41 22 30 e8 01 09 91 48 a4 de 90 80 00 00 00 01 2b ae 00 00 03 43 9a 94 f7 9b 6b 8c 97 fd fd c8 04 e8 80",""
413,1794,"PACKET","IN",207,35,"PlayerSync","id=207 bytes=35","cf 54 00 00 00 27 65 68 30 dc 13 49 d1 7b 67 1f 10 84 00 00 00 01 87 f6 c0 00 00 00 00 00 01 28 00 04 11",""
414,1794,"PACKET","IN",207,35,"PlayerSync","id=207 bytes=35","cf 7e 00 00 00 19 9f e8 30 f4 7c 8a 51 40 30 1e 90 80 00 00 00 03 1d 3f 94 00 00 00 00 00 01 a5 04 08 80",""
415,1814,"PACKET","IN",207,45,"PlayerSync","id=207 bytes=45","cf 4b 00 d3 ff e9 7f c2 00 17 a4 e5 30 c4 cb c9 91 6c 86 de d0 80 00 00 00 02 d6 7e 00 00 01 94 56 a8 f7 e3 f6 b2 5b fd fd a5 04 04 80",""
416,1815,"PACKET","IN",207,45,"PlayerSync","id=207 bytes=45","cf 4f 00 d7 7f e7 ff c0 00 28 3f 21 f0 e9 c0 c9 91 6d a4 de 90 80 00 00 00 03 b7 a6 00 00 00 7b fe 9c f6 cb 72 f0 9f fd fd c8 04 e8 80",""
417,1815,"PACKET","IN",207,45,"PlayerSync","id=207 bytes=45","cf 4f 00 d6 7f e8 3f c0 00 18 3d 21 f0 ee 40 89 91 53 25 1e 90 80 00 00 00 02 b3 a2 00 00 00 67 fe 9c f4 0f 7c f0 ab fd fd c8 04 e8 80",""
418,1815,"PACKET","IN",207,35,"PlayerSync","id=207 bytes=35","cf 7c 00 00 00 38 64 25 b0 e1 1a 09 d1 6c 24 9f 10 80 00 00 00 01 b1 ee 40 00 00 00 00 00 01 28 00 04 11",""
419,1841,"PACKET","IN",207,45,"PlayerSync","id=207 bytes=45","cf 76 00 b6 80 43 40 00 00 0c 77 aa b0 e5 a3 49 d1 4f 20 1f 50 80 00 00 00 03 d3 cb 40 00 00 a1 ec d4 f7 6f 35 9c 6b fd fd 00 00 00 80",""
420,1862,"PACKET","IN",207,35,"PlayerSync","id=207 bytes=35","cf 1c 00 02 00 00 ad 62 f0 de 25 09 91 54 1d de 90 80 00 00 00 03 96 5b e0 00 00 00 00 00 01 00 00 00 80",""
421,1862,"PACKET","IN",207,45,"PlayerSync","id=207 bytes=45","cf 4f 00 d5 7f e8 bf c0 00 1e fa e1 f0 f1 00 49 91 7b 65 1e 90 80 00 00 00 00 e3 9e 00 00 00 13 fe 9c f4 1b 86 10 b3 fd fd c8 04 e8 80",""
422,1862,"PACKET","IN",207,45,"PlayerSync","id=207 bytes=45","cf 4b 00 d3 7f e9 bf c2 00 2c a0 65 30 e4 cb c9 91 41 06 9e d0 80 00 00 00 01 22 6e 00 00 01 dc 5a a0 f7 43 f1 6e 73 fd fd a5 04 04 80",""
423,1863,"PACKET","IN",207,35,"PlayerSync","id=207 bytes=35","cf 1c 00 0a 00 00 ad 62 f0 de 25 09 91 54 1d de 90 80 00 00 00 03 96 5b e0 00 00 00 00 00 01 00 00 00 80",""
424,1863,"PACKET","IN",200,38,"VehicleSync","id=200 bytes=38","c8 3f 00 4b 00 00 00 00 00 00 00 58 a0 c6 80 34 48 b2 96 5e ac 32 5b 62 b4 58 63 b9 b4 20 00 00 00 06 80 3a 00 00",""
425,1863,"PACKET","IN",207,45,"PlayerSync","id=207 bytes=45","cf 4f 00 d5 7f e8 ff c0 00 04 38 e1 f0 fa 40 09 91 61 a5 5e 90 80 00 00 00 02 13 9a 00 00 03 0b 5e 98 f4 f3 8c 9c bf fd fd c8 04 e8 80",""
426,1863,"PACKET","IN",207,35,"PlayerSync","id=207 bytes=35","cf 79 00 00 00 38 43 a3 30 e6 09 89 91 63 a0 5e 90 84 00 00 00 01 83 df 40 00 00 00 00 00 01 a5 04 04 80",""
427,1892,"PACKET","IN",207,35,"PlayerSync","id=207 bytes=35","cf 1c 00 00 00 00 ad 62 f0 de 25 09 91 54 1d de 90 80 00 00 00 03 96 5b e0 00 00 00 00 00 01 00 00 00 80",""
428,1892,"PACKET","IN",207,35,"PlayerSync","id=207 bytes=35","cf 4d 00 00 00 19 5f dc f0 c3 00 c9 91 7b ec 9e 90 80 00 00 00 00 39 bc 80 00 00 00 00 00 01 a8 04 04 11",""
429,1892,"PACKET","IN",207,45,"PlayerSync","id=207 bytes=45","cf 76 00 b7 00 43 80 00 00 33 35 ea b0 de 63 09 d1 57 1f 9f 50 80 00 00 00 02 8f d3 40 00 01 0b 6e 44 f4 1b 2a 50 5f fd fd 00 00 00 80",""
430,1892,"PACKET","IN",207,35,"PlayerSync","id=207 bytes=35","cf 85 00 00 00 18 e4 22 b0 cb 69 09 91 7a 98 de 90 80 00 00 00 03 74 25 80 00 00 00 00 00 01 28 00 04 11",""
431,1892,"RPC","IN",105,19,"TextDrawSetString","id=105 bytes=19","2f 01 0f 00 30 39 20 41 67 75 73 74 75 73 20 32 30 32 36",""
432,1893,"RPC","IN",105,12,"TextDrawSetString","id=105 bytes=12","30 01 08 00 31 32 3a 31 34 3a 30 39",""
433,1893,"PACKET","IN",207,45,"PlayerSync","id=207 bytes=45","cf 4f 00 d4 ff e8 ff c0 00 25 f6 61 f0 fe 3f c9 51 4c 65 9e 90 80 00 00 00 02 9b 96 00 00 03 8b 02 a8 f5 03 91 ac c3 fd fd c8 04 e8 80",""
434,1893,"PACKET","IN",207,45,"PlayerSync","id=207 bytes=45","cf 76 00 b7 80 43 80 00 00 1e f4 ea b0 eb a2 c9 d1 49 1f 5f 50 80 00 00 00 00 1b d7 40 00 01 9c 3a 54 f4 3b 20 d8 5b fd fd 00 00 00 80",""
435,1893,"PACKET","IN",203,34,"AimSync","id=203 bytes=34","cb 76 00 04 4d c1 41 3f f0 66 23 3f cf ed 0f be a6 0b ac c3 69 6b 27 45 52 d8 80 42 00 00 00 00 3f ff",""
436,1916,"RPC","IN",86,27,"ApplyPlayerAnimation","id=86 bytes=27","02 00 07 42 44 5f 46 49 52 45 07 77 61 73 68 5f 75 70 33 33 83 40 80 00 00 00 00",""
437,1917,"PACKET","IN",207,35,"PlayerSync","id=207 bytes=35","cf 37 00 00 00 16 3c 62 b0 f4 68 c9 91 56 9b 9e 90 80 00 00 00 02 2c 7b 40 00 00 00 00 00 01 a5 04 e8 80",""
438,1918,"PACKET","IN",207,45,"PlayerSync","id=207 bytes=45","cf 4b 00 d7 7f e7 bf c2 00 36 d5 65 30 ca cc 49 91 62 85 5e d0 80 00 00 00 00 ee 72 00 00 03 ba 97 18 f4 e3 e8 0e 9b fd fd a5 04 04 80",""
439,1918,"PACKET","IN",207,45,"PlayerSync","id=207 bytes=45","cf 4f 00 d4 ff e8 ff c0 00 3b 73 e1 f0 c2 bf c9 51 78 25 9e 90 80 00 00 00 00 77 96 00 00 01 21 96 c0 f5 e3 97 ec c7 fd fd c8 04 e8 80",""
440,1938,"RPC","IN",86,27,"ApplyPlayerAnimation","id=86 bytes=27","1b 00 07 42 44 5f 46 49 52 45 07 77 61 73 68 5f 75 70 33 33 83 40 80 00 00 00 00",""
441,1939,"PACKET","IN",207,49,"PlayerSync","id=207 bytes=49","cf 30 00 00 00 22 fe a6 b0 cf 96 c9 d1 7b 67 1f 10 84 00 00 00 01 bd d3 00 00 00 00 00 00 03 ff fe 00 00 00 00 00 00 00 00 00 00 00 01 00 00 00 80",""
442,1939,"PACKET","IN",207,45,"PlayerSync","id=207 bytes=45","cf 4f 00 d4 ff e8 ff c0 00 20 f1 a1 f0 c9 ff 89 51 63 25 de 90 80 00 00 00 01 e3 92 00 00 01 1d 96 c0 f4 cb 9b bc cb fd fd c8 04 e8 80",""
443,1939,"PACKET","IN",207,35,"PlayerSync","id=207 bytes=35","cf 92 00 00 00 25 16 23 30 ce c8 89 91 43 23 5e 90 80 00 00 00 03 bd 7d c0 00 00 00 00 00 01 a5 04 04 80",""
444,1961,"PACKET","IN",207,41,"PlayerSync","id=207 bytes=41","cf 1c 00 00 00 0d a8 e2 f0 cb e5 49 91 60 1d 9e 90 80 00 00 00 03 96 5b e0 00 02 f4 b1 b8 f7 93 e4 32 9f fd fd 00 00 00 80",""
445,1961,"PACKET","IN",207,45,"PlayerSync","id=207 bytes=45","cf 4b 00 db ff e6 3f c2 00 20 90 25 30 f7 cc 49 91 5b 44 de d0 80 00 00 00 01 26 86 00 00 00 71 33 30 f7 0f ee 96 83 fd fd a5 04 04 80",""
446,1961,"PACKET","IN",207,45,"PlayerSync","id=207 bytes=45","cf 4f 00 d4 ff e8 ff c0 00 27 ef 21 f0 cf bf 49 51 58 66 1e 90 80 00 00 00 03 0f 8e 00 00 00 f5 96 c0 f4 3f 9c 5c d3 fd fd c8 04 e8 80",""
447,1961,"RPC","IN",105,7,"TextDrawSetString","id=105 bytes=7","26 08 03 00 31 30 30",""
448,1961,"RPC","IN",105,5,"TextDrawSetString","id=105 bytes=5","27 08 01 00 30",""
449,1961,"RPC","IN",105,6,"TextDrawSetString","id=105 bytes=6","28 08 02 00 34 36",""
450,1961,"RPC","IN",105,5,"TextDrawSetString","id=105 bytes=5","29 08 01 00 32",""
451,1961,"RPC","IN",105,7,"TextDrawSetString","id=105 bytes=7","2a 08 03 00 31 30 30",""
452,1984,"PACKET","IN",207,45,"PlayerSync","id=207 bytes=45","cf 76 00 b7 80 43 80 00 00 37 ef aa b0 e4 e1 c9 d1 6a dd df 50 80 00 00 00 02 33 df 40 00 00 4b 8a 54 f7 87 02 a8 47 fd fd 00 00 00 80",""
453,1985,"PACKET","IN",207,45,"PlayerSync","id=207 bytes=45","cf 4f 00 d4 ff e8 ff c0 00 03 2c a1 f0 d2 ff 09 51 53 26 5e 90 80 00 00 00 00 97 8e 00 00 02 ad 92 c0 f7 eb 9d 68 d7 fd fd c8 04 e8 80",""
454,2008,"PACKET","IN",207,35,"PlayerSync","id=207 bytes=35","cf 02 00 00 00 08 a8 a2 70 e7 a8 c9 91 7a 9d 5e 90 84 00 00 00 00 fc 56 c0 00 00 00 00 00 01 28 00 04 11",""
455,2009,"PACKET","IN",203,34,"AimSync","id=203 bytes=34","cb 02 00 04 a5 70 70 bf ae d1 99 be 6f 27 2a be 56 3d 89 c3 a6 a7 26 45 02 6b 7d 42 00 00 00 00 3f 36",""
456,2009,"PACKET","IN",207,45,"PlayerSync","id=207 bytes=45","cf 4b 00 df ff e4 bf c2 00 01 4a e5 30 dc 0c 89 91 5b 04 5e d0 80 00 00 00 01 c2 96 00 00 00 83 1f 20 f4 ff f5 82 6b fd fd a5 04 04 80",""
457,2009,"PACKET","IN",207,45,"PlayerSync","id=207 bytes=45","cf 76 00 b7 80 43 40 00 00 06 ae ea b0 ef a1 89 d1 70 5d 9f 50 80 00 00 00 03 47 df 40 00 03 41 1a 50 f4 42 fe 74 43 fd fd 00 00 00 80",""
458,2009,"PACKET","IN",207,45,"PlayerSync","id=207 bytes=45","cf 4f 00 d4 ff e8 ff c0 00 14 a9 e1 f0 d6 be c9 51 4e 26 9e 90 80 00 00 00 01 af 8a 00 00 03 7f ea b0 f7 03 a1 c8 db fd fd c8 04 e8 80",""
459,2029,"PACKET","IN",207,45,"PlayerSync","id=207 bytes=45","cf 76 00 b7 80 43 00 00 00 18 ad ea b0 fa 21 49 d1 77 9d 5f 50 80 00 00 00 00 6f e3 40 00 02 f1 06 54 f4 8a f8 60 43 fd fd 00 00 00 80",""
460,2029,"PACKET","IN",207,35,"PlayerSync","id=207 bytes=35","cf 1b 00 00 00 02 a3 63 70 d7 5a c9 91 7b a3 1e 90 80 00 00 00 00 d6 93 00 00 00 00 00 00 01 28 00 04 11",""
461,2029,"PACKET","IN",203,34,"AimSync","id=203 bytes=34","cb 1b 00 04 b3 fd 85 be 72 78 60 bf 1b 80 ce be 12 63 8d c3 f1 7c 26 45 d5 f8 7e 42 00 00 00 00 3f 1a",""
462,2030,"PACKET","IN",207,41,"PlayerSync","id=207 bytes=41","cf 1c 00 00 00 28 1c a2 f0 c8 65 c9 91 51 9d 1e 90 80 00 00 00 03 96 5b e0 00 02 0b 6f c0 f7 93 e4 32 9f fd fd 00 00 00 80",""
463,2030,"PACKET","IN",207,45,"PlayerSync","id=207 bytes=45","cf 4f 00 d4 ff e8 ff c0 00 09 67 61 f0 de fe 89 51 45 a6 de 90 80 00 00 00 02 bf 86 00 00 03 e5 86 d0 f6 97 a6 ec df fd fd c8 04 e8 80",""
464,2030,"PACKET","IN",207,41,"PlayerSync","id=207 bytes=41","cf 76 00 00 00 1d 6c ea b0 c0 61 49 d1 7d 1d 1f 50 80 00 00 00 00 6f e3 40 00 01 d9 62 7c f4 7a f6 24 3f fd fd 00 00 00 80",""
465,2058,"PACKET","IN",200,38,"VehicleSync","id=200 bytes=38","c8 3f 00 4b 00 00 00 00 00 00 00 58 a0 c6 70 34 58 b2 86 5e ac 32 5b 62 b4 58 63 b9 b4 20 00 00 00 06 80 3a 00 00",""
466,2058,"PACKET","IN",207,45,"PlayerSync","id=207 bytes=45","cf 4b 00 e3 ff e3 bf c2 00 1d 42 65 30 c8 cc c9 91 5d 03 9e d0 80 00 00 00 03 2a a2 00 00 02 fa bf 1c f4 ff f8 4e 57 fd fd a5 04 04 80",""
467,2058,"PACKET","IN",207,45,"PlayerSync","id=207 bytes=45","cf 4f 00 d4 ff e8 ff c0 00 1b 24 a1 f0 e5 be 49 51 7f a6 de 90 80 00 00 00 03 97 82 00 00 02 41 16 ec f6 17 a8 20 e7 fd fd c8 04 e8 80",""
468,2081,"PACKET","IN",207,45,"PlayerSync","id=207 bytes=45","cf 4b 00 e8 7f e2 bf c2 00 30 fd 24 f0 de 8c c9 91 6d 43 1e d0 80 00 00 00 01 aa ae 00 00 00 c3 e7 28 f7 9b fa ce 43 fd fd a5 04 04 80",""
469,2082,"PACKET","IN",207,45,"PlayerSync","id=207 bytes=45","cf 4f 00 d4 ff e8 ff c0 00 39 61 61 f0 e4 be 09 51 42 a7 5e 90 80 00 00 00 00 37 82 00 00 02 9a 5f 0c f5 bf ad b0 eb fd fd c8 04 e8 80",""
470,2109,"PACKET","IN",207,35,"PlayerSync","id=207 bytes=35","cf 2d 00 00 00 37 8d 62 b0 cb e9 09 91 5c 9a de 90 80 00 00 00 01 5c 03 c0 00 00 00 00 00 01 28 00 04 11",""
471,2109,"PACKET","IN",207,45,"PlayerSync","id=207 bytes=45","cf 4f 00 d4 ff e8 ff c0 00 35 5e 61 f0 e7 fd c9 51 42 a7 9e 90 80 00 00 00 01 07 7e 00 00 03 08 fa f8 f5 83 b3 98 ef fd fd c8 04 e8 80",""
472,2109,"PACKET","IN",207,45,"PlayerSync","id=207 bytes=45","cf 4b 00 ea 7f e2 3f c2 00 03 77 a4 f0 f1 4c c9 91 77 02 9e d0 80 00 00 00 00 5a b2 00 00 00 95 67 5c f5 3f fc da 37 fd fd a5 04 04 80",""
473,2131,"PACKET","IN",207,41,"PlayerSync","id=207 bytes=41","cf 1c 00 00 00 25 4d 62 f0 e4 e6 49 91 41 a4 de d0 80 00 00 00 03 96 5b e0 00 01 fe 78 78 f9 63 72 56 76 2f 4d 00 00 00 80",""
474,2131,"PACKET","IN",207,45,"PlayerSync","id=207 bytes=45","cf 4f 00 d6 7f e8 7f c0 00 29 1b a1 f0 f1 3d 89 51 7d a7 9e 90 80 00 00 00 03 97 82 00 00 01 1f 06 e4 f4 fb b5 2c f7 fd fd c8 04 e8 80",""
475,2131,"PACKET","IN",207,41,"PlayerSync","id=207 bytes=41","cf 76 00 00 00 0f 68 ea b0 d1 60 49 d1 68 9c 9f 50 80 00 00 00 00 6f e3 40 00 02 f0 bd 68 f4 7a f6 24 3f fd fd 00 00 00 80",""
476,2131,"PACKET","IN",200,38,"VehicleSync","id=200 bytes=38","c8 3f 00 4b 00 00 00 00 00 00 00 59 70 c6 00 34 58 b2 76 5e ac 32 5b 62 b4 58 33 b9 b4 20 00 00 00 06 80 3a 00 00",""
477,2131,"PACKET","IN",207,35,"PlayerSync","id=207 bytes=35","cf 47 00 00 00 01 a4 e2 f0 e7 ce 49 91 62 9b de 90 84 00 00 00 00 fb 2f c0 00 00 00 00 00 01 fb 04 04 80",""
478,2159,"PACKET","IN",200,38,"VehicleSync","id=200 bytes=38","c8 20 00 41 00 00 00 00 00 00 00 0b b0 5b e0 21 ea aa 6f a9 5c 39 2c 82 54 59 58 47 a4 20 00 00 00 02 40 3f 00 00",""
479,2159,"PACKET","IN",203,34,"AimSync","id=203 bytes=34","cb 20 00 12 a3 6f 7c 3f 38 23 95 bd 18 13 19 be f3 06 99 c3 c7 cf 25 45 6f 10 81 42 00 00 00 00 3f 37",""
480,2159,"PACKET","IN",207,45,"PlayerSync","id=207 bytes=45","cf 4b 00 eb ff e1 ff c2 00 39 b1 a4 f0 c3 4d 09 91 7f 42 1e d0 80 00 00 00 03 be ae 00 00 02 a0 e7 8c f5 9b fd 42 33 fd fd a5 04 04 80",""
481,2159,"PACKET","IN",207,45,"PlayerSync","id=207 bytes=45","cf 4f 00 d6 ff e7 ff c0 00 0c d9 21 f0 fb 3d 49 51 75 a7 de 90 80 00 00 00 02 bb 86 00 00 01 1b fa cc f5 bf ad ac eb fd fd c8 04 e8 80",""
482,2159,"PACKET","IN",207,35,"PlayerSync","id=207 bytes=35","cf 97 00 00 00 39 55 a5 b0 df 38 c9 91 6c 24 9f 10 80 00 00 00 01 30 6f e8 00 00 00 00 00 01 28 00 04 11",""
483,2180,"RPC","IN",138,3,"ServerQuit","id=138 bytes=3","42 00 00",""
484,2180,"PACKET","IN",207,45,"PlayerSync","id=207 bytes=45","cf 4b 00 ec ff e1 ff c2 00 02 2b 64 f0 d7 8d 09 91 79 81 9e d0 80 00 00 00 00 76 ae 00 00 00 a1 67 ac f5 87 fe 12 33 fd fd a5 04 04 80",""
485,2181,"PACKET","IN",207,45,"PlayerSync","id=207 bytes=45","cf 4f 00 da 7f e6 bf c0 00 38 d3 e1 f0 c9 3d 09 51 65 68 5e 90 80 00 00 00 02 ab 9a 00 00 01 a0 fe cc f7 c7 9b bc cf fd fd c8 04 e8 80",""
486,2181,"PACKET","IN",203,34,"AimSync","id=203 bytes=34","cb 4f 00 04 b9 a9 78 3e a2 f2 76 bf b9 de d1 bd 00 7f 87 c3 bc 0b 26 45 58 a8 7d 42 00 00 00 00 3f 26",""
487,2181,"PACKET","IN",207,41,"PlayerSync","id=207 bytes=41","cf 76 00 00 00 0a a6 ea b0 da 5f c9 d1 41 1c 9f 50 80 00 00 00 00 6f e3 40 00 02 ce a3 d4 f0 7a f6 24 3f fd fd 00 00 00 80",""
488,2209,"RPC","IN",16,16,"PlaySound","id=16 bytes=16","42 51 00 00 00 00 00 00 00 00 00 00 00 00 00 00",""
489,2209,"RPC","IN",134,80,"ShowTextDraw","id=134 bytes=80","2b 08 11 9a 99 19 3f 00 00 00 40 1a ff 00 aa cd cc 74 42 00 00 a0 41 00 00 00 32 00 01 00 00 00 ff 04 00 00 00 59 43 00 00 b8 43 00 00 00 00 00 00 00 00 00 00 00 00 00 00 00 00 80 3f ff ff ff ff 0d 00 6c 64 5f 64 75 61 6c 3a 77 68 69 74 65",""
490,2209,"RPC","IN",86,27,"ApplyPlayerAnimation","id=86 bytes=27","30 00 07 42 44 5f 46 49 52 45 07 77 61 73 68 5f 75 70 33 33 83 40 80 00 00 00 00",""
491,2209,"PACKET","IN",207,35,"PlayerSync","id=207 bytes=35","cf 15 00 00 00 0d cb 23 30 d7 62 49 91 71 9f 1e 90 84 00 00 00 01 9e 65 80 00 00 00 00 00 01 28 00 04 11",""
492,2209,"PACKET","IN",207,41,"PlayerSync","id=207 bytes=41","cf 1c 00 00 00 2a c5 22 f0 f6 66 09 91 7a 65 5f 10 80 00 00 00 03 96 5b e0 00 03 cf 96 94 f6 63 7a b5 6c cf 39 00 00 00 80",""
493,2209,"PACKET","IN",200,38,"VehicleSync","id=200 bytes=38","c8 3f 00 4b 00 00 00 00 00 00 00 59 b0 c5 f0 34 68 b2 76 5e ac 32 5b 62 b4 58 23 b9 b4 20 00 00 00 06 80 3a 00 00",""
494,2210,"PACKET","IN",207,35,"PlayerSync","id=207 bytes=35","cf 5b 00 00 00 3f c4 a6 f0 d9 07 09 d1 7b 67 1f 10 84 00 00 00 01 2a 42 00 00 00 00 00 00 01 a5 04 08 80",""
495,2210,"RPC","IN",87,2,"ClearPlayerAnimation","id=87 bytes=2","5b 00",""
496,2210,"RPC","IN",86,29,"ApplyPlayerAnimation","id=86 bytes=29","5b 00 05 43 41 52 52 59 0b 63 72 72 79 5f 70 72 74 69 61 6c 33 33 83 40 00 00 00 00 00",""
497,2210,"PACKET","OUT",207,69,"PlayerSync","id=207 bytes=69","cf 00 00 00 00 00 00 5f 9e a0 c3 95 ed 26 45 ed 9c 7c 42 0f 68 4f 3f 00 00 00 80 00 00 00 00 d5 0f 16 bf 64 00 00 00 00 00 00 00 00 00 00 00 00 00 00 00 00 00 00 00 00 00 00 00 00 00 00 00 00 00 28 00 04 11",""
498,2231,"PACKET","IN",207,45,"PlayerSync","id=207 bytes=45","cf 4b 00 ee ff e1 bf c2 00 19 e4 a4 f0 ee 4d 09 91 6e 01 1e d0 80 00 00 00 03 ce ae 00 00 01 b4 23 c4 f5 13 fe 7a 37 fd fd a5 04 04 80",""
499,2231,"PACKET","IN",207,45,"PlayerSync","id=207 bytes=45","cf 4f 00 dc 7f e5 ff c0 00 38 d1 61 f0 c9 7c c9 51 5e a8 9e 90 80 00 00 00 01 63 a6 00 00 01 84 c6 d4 f4 27 90 98 c3 fd fd c8 04 e8 80",""
500,2232,"RPC","IN",87,2,"ClearPlayerAnimation","id=87 bytes=2","54 00",""
501,2232,"RPC","IN",86,29,"ApplyPlayerAnimation","id=86 bytes=29","54 00 05 43 41 52 52 59 0b 63 72 72 79 5f 70 72 74 69 61 6c 33 33 83 40 00 00 00 00 00",""
502,2259,"PACKET","IN",207,45,"PlayerSync","id=207 bytes=45","cf 4f 00 df ff e4 ff c0 00 1c 0f 21 f0 c6 bc 89 51 56 e8 de 90 80 00 00 00 03 b3 b6 00 00 01 e8 c6 d4 f7 db 7d 30 af fd fd c8 04 e8 80",""
503,2259,"RPC","IN",164,63,"WorldVehicleAdd","id=164 bytes=63","1d 00 4a 02 00 00 fb 0d 81 c2 c7 dc 24 45 73 25 7d 42 01 c6 b7 42 56 58 35 c0 09 44 00 00 00 00 00 00 00 00 00 00 00 00 00 00 00 00 00 00 00 00 00 00 00 00 00 00 00 ff ff ff ff ff ff ff ff",""
504,2260,"RPC","IN",123,9,"SetVehicleNumberPlate","id=123 bytes=9","1d 00 06 52 45 4e 54 41 4c",""
505,2260,"RPC","IN",24,18,"SetVehicleParamsEx","id=24 bytes=18","1d 00 01 00 ff 00 ff ff ff ff ff ff ff ff ff ff ff ff",""
506,2260,"RPC","IN",32,50,"WorldPlayerAdd","id=32 bytes=50","a6 00 ff 73 00 00 00 fb 0d 81 c2 c7 dc 24 45 73 25 7d 42 74 fc 91 42 ff ff ff ff 04 01 00 e8 03 e8 03 e8 03 01 00 e8 03 01 00 e8 03 e8 03 e8 03 2d 01",""
507,2262,"RPC","IN",113,59,"SetPlayerAttachedObject","id=113 bytes=59","a6 00 03 00 00 00 b9 80 80 00 00 80 00 00 47 e1 3a 9e f0 bd 0a 5f 47 e1 3a de 00 00 5a 21 00 00 5a 21 00 00 61 e1 00 00 40 1f 80 00 40 1f 80 00 40 1f 80 00 7f ff 80 00 7f ff 80",""
508,2262,"RPC","IN",95,24,"CreatePickup","id=95 bytes=24","19 00 00 00 b5 09 00 00 17 00 00 00 e5 a1 59 c2 a4 24 26 45 69 de 7f 42",""
509,2262,"RPC","IN",95,24,"CreatePickup","id=95 bytes=24","21 00 00 00 fb 04 00 00 17 00 00 00 06 d2 5e c2 8f 8a 26 45 db 59 8f 42",""
510,2262,"RPC","IN",95,24,"CreatePickup","id=95 bytes=24","23 00 00 00 b5 09 00 00 17 00 00 00 f0 45 4a c2 00 20 26 45 69 de 7f 42",""
511,2262,"PACKET","IN",207,35,"PlayerSync","id=207 bytes=35","cf 1a 00 00 00 28 14 e5 b0 cd 83 09 d1 6c 24 9f 10 80 00 00 00 03 eb 49 80 00 00 00 00 00 01 28 00 04 11",""
512,2263,"PACKET","IN",207,35,"PlayerSync","id=207 bytes=35","cf 46 00 00 00 3e ca 23 30 fc 9b 89 91 68 df 1e 90 84 00 00 00 03 0d 37 c0 00 00 00 00 00 01 28 00 04 11",""
513,2263,"PACKET","IN",207,45,"PlayerSync","id=207 bytes=45","cf 4b 00 f0 ff e1 3f c2 00 18 dd e4 f0 c3 8d 49 91 62 80 9e d0 80 00 00 00 00 6e b6 00 00 01 c9 8f c8 f5 8b fd fe 33 fd fd a5 04 04 80",""
514,2263,"PACKET","IN",207,35,"PlayerSync","id=207 bytes=35","cf 51 00 00 00 2e e7 28 30 ea ff 89 91 7b 67 1f 10 84 00 00 00 03 a6 8b c0 00 00 00 00 00 01 28 00 04 11",""
515,2263,"PACKET","IN",207,45,"PlayerSync","id=207 bytes=45","cf 4f 00 e1 7f e4 7f c0 00 00 4c e1 f0 f6 bc 09 51 53 29 1e 90 80 00 00 00 01 13 c2 00 00 02 98 7e cc f7 37 5f 74 8b fd fd c8 04 e8 80",""
516,2263,"PACKET","IN",207,41,"PlayerSync","id=207 bytes=41","cf 76 00 00 00 21 e5 ea b0 e4 df 89 d1 6f 1c 5f 50 80 00 00 00 00 6f e3 40 00 00 55 de 38 ec 7a f6 24 3f fd fd 00 00 00 80",""
517,2289,"PACKET","IN",207,41,"PlayerSync","id=207 bytes=41","cf 1c 00 00 00 34 3c e2 b0 d1 a5 c9 91 6a c5 1f 50 80 00 00 00 03 96 5b e0 00 00 bf 6e 18 f5 53 d1 c9 4d b2 75 00 00 00 80",""
518,2289,"PACKET","IN",200,38,"VehicleSync","id=200 bytes=38","c8 3f 00 4b 00 00 00 00 00 00 00 59 50 c6 30 34 78 b2 76 5e ac 32 5b 62 b4 58 43 b9 b4 20 00 00 00 06 80 3a 00 00",""
519,2290,"PACKET","IN",207,45,"PlayerSync","id=207 bytes=45","cf 4f 00 e2 ff e3 ff c0 00 0a 0a e1 f0 ec fb c9 51 47 a9 5e 90 80 00 00 00 00 8f ca 00 00 01 63 fa b4 f7 ab 49 f4 7b fd fd c8 04 e8 80",""
520,2290,"PACKET","IN",207,45,"PlayerSync","id=207 bytes=45","cf 4b 00 f2 7f e1 3f c2 00 1d 97 24 f0 d6 0d 49 91 59 80 1e d0 80 00 00 00 01 36 b6 00 00 03 d2 a3 b0 f6 1f ff c2 2b fd fd a5 04 04 80",""
521,2290,"RPC","IN",87,2,"ClearPlayerAnimation","id=87 bytes=2","85 00",""
522,2290,"RPC","IN",86,29,"ApplyPlayerAnimation","id=86 bytes=29","85 00 05 43 41 52 52 59 0b 63 72 72 79 5f 70 72 74 69 61 6c 33 33 83 40 00 00 00 00 00",""
523,2310,"PACKET","IN",207,35,"PlayerSync","id=207 bytes=35","cf 0b 00 00 00 36 74 e3 70 df 22 89 91 49 e4 1e 90 80 00 00 00 00 42 8b c0 00 00 00 00 00 01 a5 04 e8 80",""
524,2310,"PACKET","IN",207,45,"PlayerSync","id=207 bytes=45","cf 4f 00 e4 ff e3 7f c0 00 17 89 21 f0 e7 3b 89 51 77 29 5e 90 80 00 00 00 00 57 d2 00 00 01 38 ca 98 f6 57 3b d8 6b fd fd c8 04 e8 80",""
525,2310,"PACKET","IN",200,44,"VehicleSync","id=200 bytes=44","c8 a6 00 1d 00 04 00 9c ff 08 00 56 80 62 70 3a cb 79 41 78 7c 24 6d b2 44 51 33 b7 d4 2b 50 03 93 f0 f0 01 d7 ce 88 02 70 2f 00 00",""
526,2310,"PACKET","IN",203,34,"AimSync","id=203 bytes=34","cb a6 00 12 83 95 7d bf 46 37 07 bd f7 37 08 be 45 07 7c c2 b2 dd 24 45 99 ca 81 42 00 00 00 00 1a 21",""
527,2332,"RPC","IN",86,27,"ApplyPlayerAnimation","id=86 bytes=27","37 00 07 42 44 5f 46 49 52 45 07 77 61 73 68 5f 75 70 33 33 83 40 80 00 00 00 00",""
528,2332,"PACKET","IN",207,45,"PlayerSync","id=207 bytes=45","cf 4f 00 e6 ff e2 ff c0 00 02 47 a1 f0 df 3b 49 51 65 29 9e 90 80 00 00 00 02 c7 d6 00 00 01 90 c6 88 f6 5b 25 14 5f fd fd c8 04 e8 80",""
529,2333,"PACKET","IN",207,35,"PlayerSync","id=207 bytes=35","cf 7e 00 00 00 19 9f e8 30 f4 7c 8a 51 40 30 1e 90 80 00 00 00 03 1d 3f 94 00 00 00 00 00 01 a5 04 08 80",""
530,2333,"PACKET","IN",207,45,"PlayerSync","id=207 bytes=45","cf 4b 00 f5 7f e0 bf c2 00 0c d0 64 f0 e8 4d 49 91 4f 3f 9e 90 80 00 00 00 00 5a c2 00 00 01 52 53 80 f6 33 fe b6 2b fd fd a5 04 04 80",""
531,2356,"PACKET","IN",207,45,"PlayerSync","id=207 bytes=45","cf 4f 00 e8 7f e2 bf c0 00 25 46 21 f0 da fb 09 51 4f 29 de 90 80 00 00 00 02 c3 da 00 00 03 03 fa 6c f7 ff 10 c0 53 fd fd c8 04 e8 80",""
532,2356,"PACKET","IN",207,35,"PlayerSync","id=207 bytes=35","cf 54 00 00 00 27 65 68 30 dc 13 49 d1 7b 67 1f 10 84 00 00 00 01 87 f6 c0 00 00 00 00 00 01 28 00 04 11",""
533,2356,"PACKET","IN",207,35,"PlayerSync","id=207 bytes=35","cf 76 00 00 00 21 e5 ea b0 e4 df 89 d1 6f 1c 5f 50 80 00 00 00 00 6f e3 40 00 00 00 00 00 01 00 00 00 80",""
534,2377,"PACKET","IN",207,41,"PlayerSync","id=207 bytes=41","cf 1c 00 00 00 2d 74 a2 b0 ec 65 49 91 72 be df 10 80 00 00 00 03 96 5b e0 00 03 f7 fa 20 f5 8b c8 e9 53 31 69 00 00 00 80",""
535,2377,"PACKET","IN",207,45,"PlayerSync","id=207 bytes=45","cf 4f 00 ea 7f e2 3f c0 00 2a 84 a1 f0 cc 3a c9 51 7d e9 de 90 80 00 00 00 03 6f de 00 00 00 d5 76 7c f7 a3 05 18 4b fd fd c8 04 e8 80",""
536,2377,"PACKET","IN",207,35,"PlayerSync","id=207 bytes=35","cf 37 00 00 00 16 3c 62 b0 f4 68 c9 91 56 9b 9e 90 80 00 00 00 02 2c 7b 40 00 00 00 00 00 01 28 00 04 11",""
537,2378,"PACKET","IN",203,34,"AimSync","id=203 bytes=34","cb 37 00 04 42 74 9c be 3c 8c 67 3f f6 57 98 be b7 a2 8a c3 ba 86 26 45 3e 39 7f 42 00 00 00 00 3f 3a",""
538,2378,"PACKET","IN",207,45,"PlayerSync","id=207 bytes=45","cf 4b 00 f7 7f e0 bf c2 00 2c c7 64 f0 f7 8d 49 91 62 be de 90 80 00 00 00 01 02 c6 00 00 02 87 c7 88 f7 3f ff 7e 1b fd fd a5 04 04 80",""
539,2378,"PACKET","IN",203,34,"AimSync","id=203 bytes=34","cb 4b 00 04 be 2f 7d 3f 15 db a4 bd 74 fc fd bd 73 d8 94 c3 70 3a 26 45 6a 1e 7f 42 00 00 00 00 3f 22",""
540,2378,"PACKET","OUT",205,9,"UNKNOWN_PACKET","id=205 bytes=9","cd b8 4a 04 00 00 00 00 00",""
541,2403,"PACKET","IN",207,45,"PlayerSync","id=207 bytes=45","cf 4f 00 ed ff e1 bf c0 00 20 83 61 f0 c1 ba 89 51 68 aa 1e 90 80 00 00 00 02 17 e6 00 00 03 17 02 8c f7 fa f4 10 43 fd fd c8 04 e8 80",""
542,2426,"PACKET","IN",200,38,"VehicleSync","id=200 bytes=38","c8 20 00 41 00 00 00 00 00 00 00 0b a0 5b f0 21 ea aa 6f a9 5c 39 2c 82 54 59 58 47 a4 20 00 00 00 02 40 3f 00 00",""
543,2426,"PACKET","IN",203,34,"AimSync","id=203 bytes=34","cb 20 00 12 a3 6f 7c 3f 38 23 95 bd 18 13 19 be f3 06 99 c3 c7 cf 25 45 6f 10 81 42 00 00 00 00 3f 37",""
544,2426,"PACKET","IN",207,45,"PlayerSync","id=207 bytes=45","cf 4b 00 f9 7f e0 7f c2 00 06 41 24 f0 c0 0d 89 91 68 be 5e 90 80 00 00 00 01 a6 ca 00 00 01 ce ff c0 f7 8f fd 0e 17 fd fd a5 04 04 80",""
545,2426,"PACKET","IN",207,45,"PlayerSync","id=207 bytes=45","cf 4f 00 ee ff e1 7f c0 00 19 01 a1 f0 cb fa 09 51 68 2a 5e 90 80 00 00 00 03 a3 e6 00 00 00 c2 62 c4 f7 12 df 24 33 fd fd c8 04 e8 80",""
546,2426,"PACKET","IN",207,35,"PlayerSync","id=207 bytes=35","cf 79 00 00 00 38 43 a3 30 e6 09 89 91 63 a0 5e 90 84 00 00 00 01 83 df 40 00 00 00 00 00 01 a5 04 04 80",""
547,2426,"PACKET","IN",207,35,"PlayerSync","id=207 bytes=35","cf 7c 00 00 00 38 64 25 b0 e1 1a 09 d1 6c 24 9f 10 80 00 00 00 01 b1 ee 40 00 00 00 00 00 01 28 00 04 11",""
548,2426,"PACKET","IN",200,38,"VehicleSync","id=200 bytes=38","c8 3f 00 4b 00 00 00 00 00 00 00 59 40 c6 20 34 88 b2 66 5e ac 32 5b 62 b4 58 43 b9 b4 20 00 00 00 06 80 3a 00 00",""
549,2426,"PACKET","IN",203,34,"AimSync","id=203 bytes=34","cb 3f 00 12 51 3e 70 bf 6a ce b0 3e 77 bf ff bb 12 7b e8 c3 9a 9f 2b 45 e5 f0 9c 42 00 00 00 00 3f 36",""
550,2427,"PACKET","IN",207,45,"PlayerSync","id=207 bytes=45","cf 4f 00 f1 7f e1 3f c2 00 1c 00 61 f0 f7 39 89 51 55 2a 9e 90 80 00 00 00 03 2f ea 00 00 03 31 ce f4 f4 ae d8 1c 33 fd fd df 04 02 80",""
551,2427,"PACKET","IN",207,35,"PlayerSync","id=207 bytes=35","cf 54 00 00 00 27 65 68 30 dc 13 49 d1 7b 67 1f 10 84 00 00 00 01 87 f6 c0 00 00 00 00 00 01 a5 04 04 80",""
552,2427,"PACKET","IN",207,35,"PlayerSync","id=207 bytes=35","cf 5b 00 00 00 3f c4 a6 f0 d9 07 09 d1 7b 67 1f 10 84 00 00 00 01 2a 42 00 00 00 00 00 00 01 a5 04 e8 80",""
553,2448,"PACKET","IN",207,41,"PlayerSync","id=207 bytes=41","cf 1c 00 00 00 1c 6d 62 b0 d2 e5 09 91 59 19 1f 10 80 00 00 00 03 96 5b e0 00 01 e8 b2 98 f4 93 7b e5 6c 74 c5 00 00 00 80",""
554,2448,"PACKET","IN",207,45,"PlayerSync","id=207 bytes=45","cf 4b 00 fa 7f e0 7f c2 00 30 ba 64 b0 c6 0d 89 91 6d 3d de 90 80 00 00 00 03 1e ca 00 00 00 bd 37 f4 f7 c7 fe 9e 0f fd fd a5 04 04 80",""
555,2449,"PACKET","IN",207,35,"PlayerSync","id=207 bytes=35","cf 4d 00 00 00 19 5f dc f0 c3 00 c9 91 7b ec 9e 90 80 00 00 00 00 39 bc 80 00 00 00 00 00 01 a8 04 04 11",""
556,2449,"PACKET","IN",207,45,"PlayerSync","id=207 bytes=45","cf 4f 00 f3 7f e0 ff c2 00 1a 7f 21 b0 d9 39 49 51 45 6a de 90 80 00 00 00 01 e3 ee 00 00 03 57 22 f4 f5 2e c9 2c 2b fd fd e9 04 02 80",""
557,2475,"RPC","IN",63,4,"DestroyPickup","id=63 bytes=4","21 00 00 00",""
558,2475,"RPC","IN",99,42,"MoveObject","id=99 bytes=42","83 00 f8 e3 a1 c3 d7 9b 26 45 53 c5 7d 42 f8 e3 a1 c3 d7 9b 26 45 ed 5e 7b 42 00 00 80 3e 00 00 00 00 00 00 00 00 08 cc 84 43",""
559,2475,"RPC","IN",122,2,"StopObject","id=122 bytes=2","83 00",""
560,2475,"RPC","IN",99,42,"MoveObject","id=99 bytes=42","83 00 f8 e3 a1 c3 d7 9b 26 45 53 c5 7d 42 f8 e3 a1 c3 d7 9b 26 45 53 c5 7d 42 00 00 80 3e 00 00 00 00 00 00 00 00 08 cc 84 43",""
561,2475,"RPC","IN",122,2,"StopObject","id=122 bytes=2","83 00",""
562,2475,"RPC","IN",99,42,"MoveObject","id=99 bytes=42","83 00 f8 e3 a1 c3 d7 9b 26 45 53 c5 7d 42 f8 e3 a1 c3 d7 9b 26 45 ed 5e 7b 42 00 00 80 3e 00 00 00 00 00 00 00 00 08 cc 84 43",""
563,2475,"RPC","IN",122,2,"StopObject","id=122 bytes=2","83 00",""
564,2475,"RPC","IN",99,42,"MoveObject","id=99 bytes=42","83 00 f8 e3 a1 c3 d7 9b 26 45 53 c5 7d 42 f8 e3 a1 c3 d7 9b 26 45 53 c5 7d 42 00 00 80 3e 00 00 00 00 00 00 00 00 08 cc 84 43",""
565,2475,"RPC","IN",122,2,"StopObject","id=122 bytes=2","83 00",""
566,2475,"RPC","IN",99,42,"MoveObject","id=99 bytes=42","83 00 f8 e3 a1 c3 d7 9b 26 45 53 c5 7d 42 f8 e3 a1 c3 d7 9b 26 45 ed 5e 7b 42 00 00 80 3e 00 00 00 00 00 00 00 00 08 cc 84 43",""
567,2475,"RPC","IN",122,2,"StopObject","id=122 bytes=2","83 00",""
568,2476,"RPC","IN",99,42,"MoveObject","id=99 bytes=42","83 00 f8 e3 a1 c3 d7 9b 26 45 53 c5 7d 42 f8 e3 a1 c3 d7 9b 26 45 53 c5 7d 42 00 00 80 3e 00 00 00 00 00 00 00 00 08 cc 84 43",""
569,2476,"RPC","IN",122,2,"StopObject","id=122 bytes=2","83 00",""
570,2476,"RPC","IN",99,42,"MoveObject","id=99 bytes=42","83 00 f8 e3 a1 c3 d7 9b 26 45 53 c5 7d 42 f8 e3 a1 c3 d7 9b 26 45 ed 5e 7b 42 00 00 80 3e 00 00 00 00 00 00 00 00 08 cc 84 43",""
571,2476,"RPC","IN",122,2,"StopObject","id=122 bytes=2","83 00",""
572,2476,"RPC","IN",99,42,"MoveObject","id=99 bytes=42","83 00 f8 e3 a1 c3 d7 9b 26 45 53 c5 7d 42 f8 e3 a1 c3 d7 9b 26 45 53 c5 7d 42 00 00 80 3e 00 00 00 00 00 00 00 00 08 cc 84 43",""
573,2476,"RPC","IN",122,2,"StopObject","id=122 bytes=2","83 00",""
574,2476,"RPC","IN",99,42,"MoveObject","id=99 bytes=42","83 00 f8 e3 a1 c3 d7 9b 26 45 53 c5 7d 42 f8 e3 a1 c3 d7 9b 26 45 ed 5e 7b 42 00 00 80 3e 00 00 00 00 00 00 00 00 08 cc 84 43",""
575,2476,"RPC","IN",122,2,"StopObject","id=122 bytes=2","83 00",""
576,2476,"RPC","IN",99,42,"MoveObject","id=99 bytes=42","83 00 f8 e3 a1 c3 d7 9b 26 45 53 c5 7d 42 f8 e3 a1 c3 d7 9b 26 45 53 c5 7d 42 00 00 80 3e 00 00 00 00 00 00 00 00 08 cc 84 43",""
577,2476,"PACKET","IN",200,44,"VehicleSync","id=200 bytes=44","c8 a6 00 1d 00 04 00 9c ff 08 00 53 50 43 40 16 9b 74 15 d9 3c 2a 6d 82 44 51 35 87 d4 21 94 93 d3 f0 90 00 37 dd 68 02 70 2f 00 00",""
578,2477,"PACKET","IN",207,45,"PlayerSync","id=207 bytes=45","cf 4b 00 fb 7f e0 7f c2 00 37 b3 64 b0 cb 8d 89 91 6b bd 5e 90 80 00 00 00 01 36 ce 00 00 02 8b f8 00 fb d7 fc 96 0f fd fd a5 04 04 80",""
579,2477,"PACKET","IN",207,45,"PlayerSync","id=207 bytes=45","cf 4f 00 f4 7f e0 ff c2 00 37 fd e1 b0 fd 78 c9 51 73 2a de 90 80 00 00 00 02 cb ee 00 00 03 aa 1a f0 f4 46 bf dc 23 fd fd e9 04 02 80",""
580,2501,"PACKET","IN",200,38,"VehicleSync","id=200 bytes=38","c8 3f 00 4b 00 00 00 00 00 00 00 59 40 c6 30 34 98 b2 66 5e ac 32 5b 62 b4 58 43 b9 b4 20 00 00 00 06 80 3a 00 00",""
581,2501,"PACKET","IN",207,45,"PlayerSync","id=207 bytes=45","cf 4f 00 f5 7f e0 bf c2 00 1f 3c e1 b0 e2 38 89 51 60 2b 1e 90 80 00 00 00 03 cf ee 00 00 03 5d 2a dc f7 b6 b6 18 23 fd fd e9 04 02 80",""
582,2526,"PACKET","IN",207,49,"PlayerSync","id=207 bytes=49","cf 30 00 00 00 22 fe a6 b0 cf 96 c9 d1 7b 67 1f 10 84 00 00 00 01 bd d3 00 00 00 00 00 00 03 ff fe 00 00 00 00 00 00 00 00 00 00 00 01 00 00 00 80",""
583,2526,"PACKET","IN",207,45,"PlayerSync","id=207 bytes=45","cf 4b 00 fc 7f e0 7f c2 00 2d 2c a4 b0 cf 8d 89 91 6e 7c de 90 80 00 00 00 03 b2 ce 00 00 00 00 2f fc f7 e7 fd a2 0b fd fd a5 04 04 80",""
584,2526,"PACKET","IN",207,41,"PlayerSync","id=207 bytes=41","cf 1c 00 00 00 0b 65 62 b0 f0 24 89 91 50 4d 1e d0 80 00 00 00 03 96 5b e0 00 03 b5 c3 5c f5 cb 21 19 90 bc 69 00 00 00 80",""
585,2527,"PACKET","IN",203,34,"AimSync","id=203 bytes=34","cb 1c 00 04 c8 8e 0f 3f 65 a3 53 bf 38 e3 3a 3d ab 06 8b c3 19 a4 26 45 a6 5b 7e 42 00 00 00 00 3f ff",""
586,2527,"PACKET","IN",207,45,"PlayerSync","id=207 bytes=45","cf 4f 00 f7 7f e0 bf c0 00 02 bb e1 b0 c2 78 49 51 4e ab 5e 90 80 00 00 00 02 03 f2 00 00 02 99 9e d4 f6 6e b0 18 23 fd fd e9 04 02 80",""
587,2550,"PACKET","IN",207,45,"PlayerSync","id=207 bytes=45","cf 4f 00 f7 ff e0 bf c0 00 0d ba e1 b0 e9 37 c9 51 79 2b 5e 90 80 00 00 00 02 2b f2 00 00 03 92 7e cc f6 4e a7 c4 1b fd fd e9 04 02 80",""
588,2550,"PACKET","IN",207,35,"PlayerSync","id=207 bytes=35","cf 92 00 00 00 25 16 23 30 ce c8 89 91 43 23 5e 90 80 00 00 00 03 bd 7d c0 00 00 00 00 00 01 a5 04 04 80",""
589,2551,"PACKET","IN",207,35,"PlayerSync","id=207 bytes=35","cf 02 00 00 00 08 a8 a2 70 e7 a8 c9 91 7a 9d 5e 90 84 00 00 00 00 fc 56 c0 00 00 00 00 00 01 28 00 04 11",""
590,2576,"PACKET","IN",207,45,"PlayerSync","id=207 bytes=45","cf 4f 00 f7 ff e0 bf c0 00 0d 39 e1 b0 cb 37 89 51 65 ab 9e 90 80 00 00 00 01 bb f2 00 00 02 ec 66 d8 f5 66 a7 70 1b fd fd e9 04 02 80",""
591,2576,"PACKET","IN",200,44,"VehicleSync","id=200 bytes=44","c8 a6 00 1d 00 04 00 9c ff 08 00 76 70 2b f0 03 db 73 c9 e9 9c 28 bd 72 44 53 37 17 d4 26 f9 93 f3 f0 80 03 a7 d1 08 12 70 2f 00 00",""
592,2576,"PACKET","IN",200,38,"VehicleSync","id=200 bytes=38","c8 3f 00 4b 00 00 00 00 00 00 00 5a 50 c5 a0 34 98 b2 56 5e ac 32 5b 62 b4 58 03 b9 b4 20 00 00 00 06 80 3a 00 00",""
593,2596,"PACKET","IN",207,49,"PlayerSync","id=207 bytes=49","cf 30 00 00 00 22 fe a6 b0 cf 96 c9 d1 7b 67 1f 10 84 00 00 00 01 bd d3 00 00 00 00 00 00 03 ff fe 00 00 00 00 00 00 00 00 00 00 00 01 28 00 04 11",""
594,2597,"PACKET","IN",207,45,"PlayerSync","id=207 bytes=45","cf 4f 00 f7 ff e0 bf c2 00 22 f8 a1 b0 df f7 09 51 58 ab de 90 80 00 00 00 01 4b f2 00 00 02 06 36 e0 f7 ea a4 50 1f fd fd e9 04 02 80",""
595,2627,"PACKET","IN",207,41,"PlayerSync","id=207 bytes=41","cf 1c 00 00 00 2b 20 a2 b0 f5 64 49 91 53 1a 5e 90 80 00 00 00 03 96 5b e0 00 03 dc 07 04 e8 68 1b c9 63 fd fd 00 00 00 80",""
596,2627,"PACKET","IN",207,35,"PlayerSync","id=207 bytes=35","cf 2d 00 00 00 37 8d 62 b0 cb e9 09 91 5c 9a de 90 80 00 00 00 01 5c 03 c0 00 00 00 00 00 01 28 00 04 11",""
597,2627,"PACKET","IN",207,45,"PlayerSync","id=207 bytes=45","cf 4b 00 fc 7f e0 7f c2 00 03 58 e4 b0 db 8d 89 91 7e fb 5e 90 80 00 00 00 00 82 ca 00 00 03 52 bb a4 f7 cf fd 6a 0f fd fd a5 04 04 80",""
598,2627,"PACKET","IN",207,45,"PlayerSync","id=207 bytes=45","cf 4f 00 f8 7f e0 bf ca 00 36 37 61 b0 df f7 09 51 6a 2b de 90 80 00 00 00 01 7f f2 00 00 01 b4 bb ec f3 ff ff fd ff fd fd e9 04 02 80",""
599,2627,"PACKET","IN",207,45,"PlayerSync","id=207 bytes=45","cf 4f 00 f8 7f e0 bf c0 00 02 f6 61 b0 df f7 09 51 7c 2b de 90 80 00 00 00 01 7f f2 00 00 03 2f a4 10 f7 ff ff fd ff fd fd ad 04 08 80",""
600,2627,"PACKET","IN",200,44,"VehicleSync","id=200 bytes=44","c8 a6 00 1d 00 02 00 9e ff 08 00 7e d0 16 b0 10 6b 7e e0 ca 0c 27 0d 62 44 53 38 e7 d4 2f de c4 13 f0 80 03 f7 d2 d8 12 70 2f 00 00",""
601,2651,"PACKET","IN",200,38,"VehicleSync","id=200 bytes=38","c8 3f 00 4b 00 00 00 00 00 00 00 5a 10 c5 d0 34 a8 b2 56 5e ac 32 5b 62 b4 58 13 b9 b4 20 00 00 00 06 80 3a 00 00",""
602,2676,"PACKET","IN",207,45,"PlayerSync","id=207 bytes=45","cf 4f 00 f8 7f e0 bf c0 00 0a f5 21 b0 df f7 09 51 4e 6c 1e 90 80 00 00 00 01 7f f2 00 00 00 11 94 14 f7 ff ff fd ff fd fd ad 04 08 80",""
603,2676,"PACKET","IN",207,35,"PlayerSync","id=207 bytes=35","cf 47 00 00 00 01 a4 e2 f0 e7 ce 49 91 62 9b de 90 84 00 00 00 00 fb 2f c0 00 00 00 00 00 01 fb 04 04 80",""
604,2676,"PACKET","IN",207,35,"PlayerSync","id=207 bytes=35","cf 97 00 00 00 39 55 a5 b0 df 38 c9 91 6c 24 9f 10 80 00 00 00 01 30 6f e8 00 00 00 00 00 01 28 00 04 11",""
605,2700,"PACKET","IN",207,41,"PlayerSync","id=207 bytes=41","cf 1c 00 00 00 33 9d e2 b0 d1 24 89 91 73 5a 1e 90 80 00 00 00 03 96 5b e0 00 02 c3 23 88 f3 93 e4 32 9f fd fd 00 00 00 80",""
606,2700,"PACKET","IN",207,45,"PlayerSync","id=207 bytes=45","cf 4f 00 f8 7f e0 bf c0 00 26 f3 e1 b0 df f7 09 51 5f ac 1e 90 80 00 00 00 01 7f f2 00 00 00 53 c0 10 f7 ff ff fd ff fd fd ad 04 08 80",""
607,2725,"PACKET","IN",207,45,"PlayerSync","id=207 bytes=45","cf 4b 00 fc 7f e0 7f c2 00 0e 08 64 b0 ed cd 89 91 47 fa 5e 90 80 00 00 00 00 e6 c6 00 00 01 84 ab ac f7 a7 fe ba 13 fd fd a5 04 04 80",""
608,2725,"PACKET","IN",207,45,"PlayerSync","id=207 bytes=45","cf 4f 00 f8 7f e0 bf c0 00 3c 72 a1 b0 df f7 09 51 70 ec 1e 90 80 00 00 00 01 7f f2 00 00 02 c4 90 0c f7 ff ff fd ff fd fd ad 04 08 80",""
609,2725,"PACKET","IN",207,45,"PlayerSync","id=207 bytes=45","cf 4f 00 f8 7f e0 bf c0 00 26 f1 a1 b0 df f7 09 51 41 2c 5e 90 80 00 00 00 01 7f f2 00 00 00 f1 28 00 f7 ff ff fd ff fd fd ad 04 08 80",""
610,2725,"PACKET","IN",207,35,"PlayerSync","id=207 bytes=35","cf 85 00 00 00 18 e4 22 b0 cb 69 09 91 7a 98 de 90 80 00 00 00 03 74 25 80 00 00 00 00 00 01 a5 04 e8 80",""
611,2725,"PACKET","IN",203,34,"AimSync","id=203 bytes=34","cb 85 00 04 1f 5c 3c bf 45 cd b8 3e 3c b1 12 bf 4d e3 89 c3 90 99 26 45 5c 80 80 42 00 00 00 00 3f c6",""
612,2726,"PACKET","IN",200,44,"VehicleSync","id=200 bytes=44","c8 a6 00 1d 00 02 00 9e ff 08 00 76 90 2f e0 0d eb 61 e6 ea 6c 25 8d 52 44 5e 0a c7 d4 25 32 f4 43 f0 80 04 67 d3 48 12 70 2f 00 00",""
613,2726,"PACKET","OUT",207,69,"PlayerSync","id=207 bytes=69","cf 00 00 00 00 00 00 5f 9e a0 c3 95 ed 26 45 ed 9c 7c 42 0f 68 4f 3f 00 00 00 80 00 00 00 00 d5 0f 16 bf 64 00 00 00 00 00 00 00 00 00 00 00 00 00 00 00 00 00 00 00 00 00 00 00 00 00 00 00 00 00 28 00 04 11",""
614,2747,"PACKET","IN",207,35,"PlayerSync","id=207 bytes=35","cf 15 00 00 00 0d cb 23 30 d7 62 49 91 71 9f 1e 90 84 00 00 00 01 9e 65 80 00 00 00 00 00 01 28 00 04 11",""
615,2747,"PACKET","IN",207,45,"PlayerSync","id=207 bytes=45","cf 4b 00 fb 7f e0 7f c2 00 39 41 64 b0 f6 cd 89 91 45 b9 de 90 80 00 00 00 00 c6 be 00 00 02 12 17 e0 f7 8b fd 36 17 fd fd a5 04 04 80",""
616,2747,"PACKET","IN",207,45,"PlayerSync","id=207 bytes=45","cf 4f 00 f8 7f e0 bf c0 00 1c 70 61 b0 df f7 09 51 54 6c 5e 90 80 00 00 00 01 7f f2 00 00 01 f4 70 40 f7 ff ff fd ff fd fd ad 04 08 80",""
617,2777,"PACKET","IN",207,35,"PlayerSync","id=207 bytes=35","cf 46 00 00 00 3e ca 23 30 fc 9b 89 91 68 df 1e 90 84 00 00 00 03 0d 37 c0 00 00 00 00 00 01 28 00 04 11",""
618,2777,"PACKET","IN",207,41,"PlayerSync","id=207 bytes=41","cf 1c 00 00 00 0a 9a e2 b0 f1 64 89 91 4e 5a 1e 90 80 00 00 00 03 96 5b e0 00 01 7e 62 f8 f3 93 e4 32 9f fd fd 00 00 00 80",""
619,2777,"PACKET","IN",207,45,"PlayerSync","id=207 bytes=45","cf 4f 00 f8 7f e0 bf c0 00 33 6e e1 b0 df f7 09 51 69 ac 5e 90 80 00 00 00 01 7f f2 00 00 03 40 d4 7c f7 ff ff fd ff fd fd ad 04 08 80",""
620,2799,"PACKET","IN",207,35,"PlayerSync","id=207 bytes=35","cf 1a 00 00 00 28 14 e5 b0 cd 83 09 d1 6c 24 9f 10 80 00 00 00 03 eb 49 80 00 00 00 00 00 01 28 00 04 11",""
621,2799,"PACKET","IN",207,45,"PlayerSync","id=207 bytes=45","cf 4b 00 fa 7f e0 7f c2 00 24 3a a4 70 c4 8d c9 91 7f 39 1e 90 80 00 00 00 01 52 b6 00 00 02 d2 33 f0 f6 f7 fc 6a 23 fd fd a5 04 04 80",""
622,2800,"PACKET","IN",207,45,"PlayerSync","id=207 bytes=45","cf 4f 00 f8 7f e0 bf c0 00 3d 6d 61 b0 df f7 09 51 7f 2c 5e 90 80 00 00 00 01 7f f2 00 00 03 40 d4 7c f7 ff ff fd ff fd fd ad 04 08 80",""
623,2825,"PACKET","IN",200,38,"VehicleSync","id=200 bytes=38","c8 3f 00 4b 00 00 00 00 00 00 00 58 e0 c6 50 34 c8 b2 56 5e ac 32 5b 62 b4 58 63 b9 b4 20 00 00 00 06 80 3a 00 00",""
624,2826,"PACKET","IN",207,45,"PlayerSync","id=207 bytes=45","cf 4b 00 f9 ff e0 7f c2 00 00 b3 64 70 d8 4d c9 91 69 38 9e 90 80 00 00 00 00 aa b2 00 00 02 2b 83 ec f6 37 fe 8e 2b fd fd a5 04 04 80",""
625,2826,"PACKET","IN",207,37,"PlayerSync","id=207 bytes=37","cf 76 00 80 80 00 00 21 e5 ea b0 e4 df 89 d1 6f 1c 5f 50 80 00 00 00 03 af ef 40 00 00 00 00 00 01 00 00 00 80",""
626,2826,"PACKET","IN",200,44,"VehicleSync","id=200 bytes=44","c8 a6 00 1d 00 01 00 9e ff 08 00 56 10 24 b0 0c 2b 6f dd 5a cc 24 9d 42 44 50 bb b7 d4 20 b4 54 43 f0 60 06 b7 d1 38 02 70 2f 00 00",""
627,2850,"PACKET","IN",207,45,"PlayerSync","id=207 bytes=45","cf 4f 00 f8 7f e0 bf c0 00 14 2c 21 b0 df f7 09 51 54 6c 9e 90 80 00 00 00 01 7f f2 00 00 03 30 d4 7c f7 ff ff fd ff fd fd ad 04 08 80",""
628,2850,"PACKET","IN",207,43,"PlayerSync","id=207 bytes=43","cf 76 00 84 00 00 00 0b a5 ea b0 dd 5f 89 d1 72 5c 5f 50 80 00 00 00 03 ff f3 40 00 03 aa 60 64 f3 1a b0 58 23 fd fd 00 00 00 80",""
629,2850,"PACKET","IN",200,38,"VehicleSync","id=200 bytes=38","c8 20 00 41 00 00 00 00 00 00 00 0b 90 5c 00 21 ea aa 6f a9 5c 39 2c 82 54 59 58 47 a4 20 00 00 00 02 40 3f 00 00",""
630,2850,"PACKET","IN",203,34,"AimSync","id=203 bytes=34","cb 20 00 12 a3 6f 7c 3f 38 23 95 bd 18 13 19 be f3 06 99 c3 c7 cf 25 45 6f 10 81 42 00 00 00 00 3f 37",""
631,2850,"PACKET","IN",207,45,"PlayerSync","id=207 bytes=45","cf 76 00 8b 00 7f bf c0 00 38 a5 aa b0 d5 df 89 d1 77 5c 5f 50 80 00 00 00 03 e7 eb 40 00 02 fe 5c 64 f2 72 9b d8 17 fd fd 00 00 00 80",""
632,2850,"PACKET","IN",207,45,"PlayerSync","id=207 bytes=45","cf 4b 00 f9 7f e0 7f c2 00 2a 6c e4 70 eb cd c9 91 66 78 1e 90 80 00 00 00 03 9a aa 00 00 00 5e 7b d4 f5 a7 fc d6 33 fd fd a5 04 04 80",""
633,2850,"PACKET","IN",207,45,"PlayerSync","id=207 bytes=45","cf 4f 00 f8 7f e0 bf c0 00 01 a9 a1 b0 df f7 09 51 48 0d de d0 80 00 00 00 01 7f f2 00 00 00 7b ec 1c f9 b3 0f fd ff 33 b1 ab 04 08 80",""
634,2851,"PACKET","IN",207,45,"PlayerSync","id=207 bytes=45","cf 76 00 90 00 7e 7f c0 00 1a 25 aa b0 cc df 89 d1 79 1c 5f 50 80 00 00 00 03 93 df 40 00 00 dc a4 fc f1 e2 c7 c8 27 fd fd 00 00 00 80",""
635,2875,"PACKET","IN",207,35,"PlayerSync","id=207 bytes=35","cf 0b 00 00 00 36 74 e3 70 df 22 89 91 49 e4 1e 90 80 00 00 00 00 42 8b c0 00 00 00 00 00 01 a5 04 e8 80",""
636,2875,"PACKET","IN",207,41,"PlayerSync","id=207 bytes=41","cf 1c 00 00 00 11 58 e2 b0 c5 a4 c9 91 4d da 1e 90 80 00 00 00 03 96 5b e0 00 01 4b d1 74 f3 93 e4 32 9f fd fd 00 00 00 80",""
637,2875,"PACKET","IN",207,35,"PlayerSync","id=207 bytes=35","cf 51 00 00 00 2e e7 28 30 ea ff 89 91 7b 67 1f 10 84 00 00 00 03 a6 8b c0 00 00 00 00 00 01 28 00 04 11",""
638,2875,"PACKET","IN",207,45,"PlayerSync","id=207 bytes=45","cf 76 00 97 80 7c 7f c0 00 33 e5 6a b0 c4 1f 89 d1 76 1c 5f 50 80 00 00 00 00 63 d3 40 00 01 7b fc fc f3 86 f7 cc 3f fd fd 00 00 00 80",""
639,2875,"PACKET","IN",207,45,"PlayerSync","id=207 bytes=45","cf 4f 00 f8 7f e0 bf c0 00 1f e8 e1 b0 df f7 09 51 5d ad 5e d0 80 00 00 00 01 7f f2 00 00 00 e4 8b 58 f4 ea 53 fd fd 8f f9 ab 04 08 80",""
640,2876,"PACKET","IN",200,38,"VehicleSync","id=200 bytes=38","c8 3f 00 4b 00 00 00 00 00 00 00 58 c0 c6 60 34 d8 b2 56 5e ac 32 5b 62 b4 58 63 b9 b4 20 00 00 00 06 80 3a 00 00",""
641,2876,"PACKET","IN",207,45,"PlayerSync","id=207 bytes=45","cf 76 00 9b 00 7b bf c0 00 39 25 2a b0 f9 9f 49 d1 6b 5c 5f 50 80 00 00 00 02 57 cf 40 00 01 3f 55 d8 f2 3b 24 fc 5f fd fd 00 00 00 80",""
642,2876,"PACKET","IN",200,44,"VehicleSync","id=200 bytes=44","c8 a6 00 1d 00 01 00 9e ff 08 00 57 90 29 e0 0b 4b 6f f4 2b 3c 24 ad 32 44 5f 9b 77 d4 27 c6 14 43 f0 50 09 77 dd 27 f2 70 2f 00 00",""
643,2925,"PACKET","IN",207,45,"PlayerSync","id=207 bytes=45","cf 4f 00 f8 7f e0 bf c0 00 30 68 21 b0 df f7 09 51 6f 0c 1f 10 80 00 00 00 01 7f f2 00 00 01 18 33 04 f5 c2 5b fd fc 0f f9 ab 04 08 80",""
644,2926,"PACKET","IN",207,35,"PlayerSync","id=207 bytes=35","cf 7e 00 00 00 19 9f e8 30 f4 7c 8a 51 40 30 1e 90 80 00 00 00 03 1d 3f 94 00 00 00 00 00 01 a5 04 08 80",""
645,2926,"PACKET","IN",207,45,"PlayerSync","id=207 bytes=45","cf 76 00 a4 00 78 ff c0 00 27 64 aa b0 e1 1f 49 d1 4d 9c 5f 50 80 00 00 00 00 d7 c7 40 00 02 62 de a4 f0 33 3a 34 6b fd fd 00 00 00 80",""
646,2926,"PACKET","IN",203,34,"AimSync","id=203 bytes=34","cb 76 00 04 6e ef 71 3f f4 ca 95 3e 82 56 15 be 8b 14 ac c3 1a 6f 27 45 a1 d8 80 42 00 00 00 00 3f ff",""
647,2926,"PACKET","IN",207,45,"PlayerSync","id=207 bytes=45","cf 4b 00 f9 7f e0 7f c2 00 00 1f e4 70 db 0e 09 91 50 b7 1e 90 80 00 00 00 03 36 a6 00 00 01 1e 5f 84 f4 a7 fe 5e 3b fd fd a5 04 04 80",""
648,2926,"PACKET","IN",207,45,"PlayerSync","id=207 bytes=45","cf 4f 00 f8 7f e0 bf c0 00 09 e7 a1 b0 df f7 09 51 4e 26 5f 10 80 00 00 00 01 7f f2 00 00 02 8c 8a b4 f4 12 67 fd fe 1b f5 ab 04 08 80",""
649,2974,"PACKET","IN",207,41,"PlayerSync","id=207 bytes=41","cf 1c 00 00 00 12 97 62 b0 d4 e4 c9 91 69 1a 1e 90 80 00 00 00 03 96 5b e0 00 03 a0 01 04 f3 93 e4 32 9f fd fd 00 00 00 80",""
650,2974,"PACKET","IN",207,35,"PlayerSync","id=207 bytes=35","cf 37 00 00 00 16 3c 62 b0 f4 68 c9 91 56 9b 9e 90 80 00 00 00 02 2c 7b 40 00 00 00 00 00 01 28 00 04 11",""
651,2974,"PACKET","IN",207,35,"PlayerSync","id=207 bytes=35","cf 5b 00 00 00 3f c4 a6 f0 d9 07 09 d1 7b 67 1f 10 84 00 00 00 01 2a 42 00 00 00 00 00 00 01 a5 04 e8 80",""
652,2975,"PACKET","IN",207,45,"PlayerSync","id=207 bytes=45","cf 76 00 a7 00 77 ff c0 00 0d 64 6a b0 d3 5f 49 d1 78 9c 1f 50 80 00 00 00 02 3b c3 40 00 01 d7 16 b0 f3 2b 42 e0 73 fd fd 00 00 00 80",""
653,2975,"RPC","IN",105,19,"TextDrawSetString","id=105 bytes=19","2f 01 0f 00 30 39 20 41 67 75 73 74 75 73 20 32 30 32 36",""
654,2975,"RPC","IN",105,12,"TextDrawSetString","id=105 bytes=12","30 01 08 00 31 32 3a 31 34 3a 31 30",""
655,2975,"PACKET","IN",200,38,"VehicleSync","id=200 bytes=38","c8 3f 00 4b 00 00 00 00 00 00 00 58 b0 c6 80 34 e8 b2 56 5e ac 32 5b 62 b4 58 63 b9 b4 20 00 00 00 06 80 3a 00 00",""
656,2975,"PACKET","IN",207,45,"PlayerSync","id=207 bytes=45","cf 4f 00 f8 7f e0 bf c0 00 1c 26 e1 b0 df f7 09 51 69 3e 1f 10 80 00 00 00 01 7f f2 00 00 02 0d f6 60 f5 a2 73 fd ff 37 f1 ab 04 08 80",""
657,2975,"PACKET","IN",207,45,"PlayerSync","id=207 bytes=45","cf 4f 00 f8 7f e0 bf c0 00 27 a6 21 b0 df f7 09 51 4a 93 5f 50 80 00 00 00 01 7f f2 00 00 02 90 e2 0c f4 0a 87 fd fe ab ed ab 04 08 80",""
658,2975,"PACKET","IN",200,44,"VehicleSync","id=200 bytes=44","c8 a6 00 1d 00 01 00 9e ff 08 00 54 60 26 c0 0a 9b 67 fb 1b 9c 25 bd 22 44 55 7b 47 d4 28 47 d4 43 f0 50 0b 87 de 37 f2 70 2f 00 00",""
659,2997,"PACKET","IN",207,35,"PlayerSync","id=207 bytes=35","cf 54 00 00 00 27 65 68 30 dc 13 49 d1 7b 67 1f 10 84 00 00 00 01 87 f6 c0 00 00 00 00 00 01 a5 04 04 80",""
660,2997,"PACKET","IN",207,41,"PlayerSync","id=207 bytes=41","cf 76 00 00 00 04 23 aa b0 f5 1f 09 d1 49 1c 1f 50 80 00 00 00 03 3b c3 40 00 01 a9 cd 24 f2 d7 45 e4 77 fd fd 00 00 00 80",""
661,3024,"PACKET","IN",207,35,"PlayerSync","id=207 bytes=35","cf 1b 00 00 00 02 a3 63 70 d7 5a c9 91 7b a3 1e 90 80 00 00 00 00 d6 93 00 00 00 00 00 00 01 28 00 04 11",""
662,3024,"PACKET","IN",203,34,"AimSync","id=203 bytes=34","cb 1b 00 04 87 7b a6 bc 07 30 6c bf 65 39 c5 be 25 86 8d c3 82 92 26 45 a9 84 80 42 00 00 00 00 3f 1a",""
663,3024,"PACKET","IN",207,45,"PlayerSync","id=207 bytes=45","cf 4f 00 8a 80 60 bf c0 00 0e a5 a1 b0 df f7 09 51 54 e2 9f 50 80 00 00 00 01 7f f2 00 00 02 b7 29 88 f4 ce 9b fd fc a7 e9 ab 04 08 80",""
664,3025,"PACKET","IN",207,45,"PlayerSync","id=207 bytes=45","cf 4b 00 f9 7f e0 7f c2 00 36 cf a4 70 db 8e 49 91 78 b5 9e 90 80 00 00 00 01 de a2 00 00 03 90 17 b8 f7 d3 f9 1a 43 fd fd a5 04 04 80",""
665,3025,"PACKET","IN",207,45,"PlayerSync","id=207 bytes=45","cf 4f 00 8a 80 60 bf c0 00 34 a4 e1 b0 df f7 09 51 50 2f 5f 50 80 00 00 00 01 7f f2 00 00 02 9e 04 fc f4 f6 b7 fd fe ef dd ab 04 08 80",""
666,3025,"RPC","IN",105,7,"TextDrawSetString","id=105 bytes=7","26 08 03 00 31 30 30",""
667,3025,"RPC","IN",105,5,"TextDrawSetString","id=105 bytes=5","27 08 01 00 30",""
668,3025,"RPC","IN",105,6,"TextDrawSetString","id=105 bytes=6","28 08 02 00 34 36",""
669,3025,"RPC","IN",105,5,"TextDrawSetString","id=105 bytes=5","29 08 01 00 32",""
670,3025,"RPC","IN",105,7,"TextDrawSetString","id=105 bytes=7","2a 08 03 00 31 30 30",""
671,3025,"PACKET","IN",207,39,"PlayerSync","id=207 bytes=39","cf 1c 00 96 80 75 ff c0 00 28 d6 62 b0 de 24 c9 91 79 9a 1e 90 80 00 00 00 03 2a 87 e0 00 00 00 00 00 01 00 00 00 80",""
672,3025,"PACKET","IN",207,35,"PlayerSync","id=207 bytes=35","cf 4d 00 00 00 19 5f dc f0 c3 00 c9 91 7b ec 9e 90 80 00 00 00 00 39 bc 80 00 00 00 00 00 01 a8 04 04 11",""
673,3045,"PACKET","IN",207,45,"PlayerSync","id=207 bytes=45","cf 1c 00 98 80 72 ff c0 00 0c 16 62 b0 de e4 c9 91 7b 9a 1e 90 80 00 00 00 01 22 b3 e0 00 00 cf 0a 34 ed 87 f6 fa 67 fd fd 00 00 00 80",""
674,3046,"PACKET","IN",200,38,"VehicleSync","id=200 bytes=38","c8 3f 00 4b 00 00 00 00 00 00 00 58 b0 c6 a0 34 f8 b2 56 5e ac 32 5b 62 b4 58 63 b9 b4 20 00 00 00 06 80 3a 00 00",""
675,3046,"PACKET","IN",207,45,"PlayerSync","id=207 bytes=45","cf 4f 00 8a 80 60 bf c0 00 11 e4 61 b0 df f7 09 51 4e b9 df 50 80 00 00 00 01 7f f2 00 00 01 45 14 6c f7 32 df fd fc c7 cd ab 04 08 80",""
676,3075,"PACKET","IN",207,35,"PlayerSync","id=207 bytes=35","cf 02 00 00 00 08 a8 a2 70 e7 a8 c9 91 7a 9d 5e 90 84 00 00 00 00 fc 56 c0 00 00 00 00 00 01 28 00 04 11",""
677,3075,"PACKET","IN",207,45,"PlayerSync","id=207 bytes=45","cf 1c 00 98 80 72 3f c0 00 20 d6 22 b0 df 64 c9 91 7e 9a 1e 90 80 00 00 00 00 ca db e0 00 02 65 4b 50 ed b7 fc 32 33 fd fd 00 00 00 80",""
678,3075,"PACKET","IN",207,45,"PlayerSync","id=207 bytes=45","cf 4f 00 8b 00 60 bf c0 00 36 a3 a1 b0 de 77 09 51 4a c1 df 90 80 00 00 00 01 7f f2 00 00 02 4a 08 08 f5 8b 0a 5d e9 37 b5 ab 04 08 80",""
679,3076,"PACKET","IN",207,41,"PlayerSync","id=207 bytes=41","cf 76 00 00 00 32 a2 aa b0 d5 5f 09 d1 57 9b df 50 80 00 00 00 03 3b c3 40 00 01 84 30 84 f2 d7 45 e4 77 fd fd 00 00 00 80",""
680,3076,"PACKET","IN",200,44,"VehicleSync","id=200 bytes=44","c8 a6 00 1d 00 01 00 a1 ff 08 00 50 30 22 90 09 eb 65 53 5c 0c 27 2d 12 44 5a bb 27 d4 28 a9 94 43 f0 40 0c 87 df 57 f2 70 2f 00 00",""
681,3076,"PACKET","IN",207,45,"PlayerSync","id=207 bytes=45","cf 1c 00 98 80 71 7f c0 00 26 55 e2 b0 df 64 c9 91 42 da 5e 90 80 00 00 00 02 8a ff e0 00 00 b2 7c 34 f3 f3 fd 49 fb fd fd 00 00 00 80",""
682,3098,"PACKET","IN",207,45,"PlayerSync","id=207 bytes=45","cf 1c 00 98 80 70 ff c0 00 1d 95 a2 b0 de 64 c9 91 48 1a 5e 90 80 00 00 00 02 1b 23 e0 00 01 7c 9c c4 f0 3f fe 2d c3 fd fd 00 00 00 80",""
683,3098,"PACKET","IN",207,45,"PlayerSync","id=207 bytes=45","cf 4f 00 8b 00 60 bf c0 00 0f 23 21 b0 da f7 09 51 7b 48 df 90 80 00 00 00 01 7f f2 00 00 01 c4 63 9c f3 eb 2a 0d cf eb 99 ab 04 08 80",""
684,3123,"PACKET","IN",207,45,"PlayerSync","id=207 bytes=45","cf 1c 00 99 00 70 7f c0 00 08 55 62 b0 db e4 c9 91 4e 1a 5e 90 80 00 00 00 03 3f 43 e0 00 00 ea 55 50 f2 9b f3 ad 8b fd fd 00 00 00 80",""
685,3123,"PACKET","IN",207,49,"PlayerSync","id=207 bytes=49","cf 30 00 00 00 22 fe a6 b0 cf 96 c9 d1 7b 67 1f 10 84 00 00 00 01 bd d3 00 00 00 00 00 00 03 ff fe 00 00 00 00 00 00 00 00 00 00 00 01 28 00 04 11",""
686,3123,"RPC","IN",63,4,"DestroyPickup","id=63 bytes=4","23 00 00 00",""
687,3123,"RPC","IN",63,4,"DestroyPickup","id=63 bytes=4","19 00 00 00",""
688,3123,"RPC","IN",99,42,"MoveObject","id=99 bytes=42","83 00 f8 e3 a1 c3 d7 9b 26 45 53 c5 7d 42 f8 e3 a1 c3 d7 9b 26 45 ed 5e 7b 42 00 00 80 3e 00 00 00 00 00 00 00 00 08 cc 84 43",""
689,3123,"RPC","IN",122,2,"StopObject","id=122 bytes=2","83 00",""
690,3123,"RPC","IN",99,42,"MoveObject","id=99 bytes=42","83 00 f8 e3 a1 c3 d7 9b 26 45 53 c5 7d 42 f8 e3 a1 c3 d7 9b 26 45 53 c5 7d 42 00 00 80 3e 00 00 00 00 00 00 00 00 08 cc 84 43",""
691,3123,"RPC","IN",122,2,"StopObject","id=122 bytes=2","83 00",""
692,3124,"RPC","IN",99,42,"MoveObject","id=99 bytes=42","83 00 f8 e3 a1 c3 d7 9b 26 45 53 c5 7d 42 f8 e3 a1 c3 d7 9b 26 45 ed 5e 7b 42 00 00 80 3e 00 00 00 00 00 00 00 00 08 cc 84 43",""
693,3124,"RPC","IN",122,2,"StopObject","id=122 bytes=2","83 00",""
694,3124,"RPC","IN",99,42,"MoveObject","id=99 bytes=42","83 00 f8 e3 a1 c3 d7 9b 26 45 53 c5 7d 42 f8 e3 a1 c3 d7 9b 26 45 53 c5 7d 42 00 00 80 3e 00 00 00 00 00 00 00 00 08 cc 84 43",""
695,3124,"RPC","IN",122,2,"StopObject","id=122 bytes=2","83 00",""
696,3124,"RPC","IN",99,42,"MoveObject","id=99 bytes=42","83 00 f8 e3 a1 c3 d7 9b 26 45 53 c5 7d 42 f8 e3 a1 c3 d7 9b 26 45 ed 5e 7b 42 00 00 80 3e 00 00 00 00 00 00 00 00 08 cc 84 43",""
697,3124,"RPC","IN",122,2,"StopObject","id=122 bytes=2","83 00",""
698,3124,"RPC","IN",99,42,"MoveObject","id=99 bytes=42","83 00 f8 e3 a1 c3 d7 9b 26 45 53 c5 7d 42 f8 e3 a1 c3 d7 9b 26 45 53 c5 7d 42 00 00 80 3e 00 00 00 00 00 00 00 00 08 cc 84 43",""
699,3124,"RPC","IN",122,2,"StopObject","id=122 bytes=2","83 00",""
700,3124,"RPC","IN",99,42,"MoveObject","id=99 bytes=42","83 00 f8 e3 a1 c3 d7 9b 26 45 53 c5 7d 42 f8 e3 a1 c3 d7 9b 26 45 ed 5e 7b 42 00 00 80 3e 00 00 00 00 00 00 00 00 08 cc 84 43",""
701,3124,"RPC","IN",122,2,"StopObject","id=122 bytes=2","83 00",""
702,3124,"RPC","IN",99,42,"MoveObject","id=99 bytes=42","83 00 f8 e3 a1 c3 d7 9b 26 45 53 c5 7d 42 f8 e3 a1 c3 d7 9b 26 45 53 c5 7d 42 00 00 80 3e 00 00 00 00 00 00 00 00 08 cc 84 43",""
703,3124,"RPC","IN",122,2,"StopObject","id=122 bytes=2","83 00",""
704,3125,"RPC","IN",99,42,"MoveObject","id=99 bytes=42","83 00 f8 e3 a1 c3 d7 9b 26 45 53 c5 7d 42 f8 e3 a1 c3 d7 9b 26 45 ed 5e 7b 42 00 00 80 3e 00 00 00 00 00 00 00 00 08 cc 84 43",""
705,3125,"RPC","IN",122,2,"StopObject","id=122 bytes=2","83 00",""
706,3125,"RPC","IN",99,42,"MoveObject","id=99 bytes=42","83 00 f8 e3 a1 c3 d7 9b 26 45 53 c5 7d 42 f8 e3 a1 c3 d7 9b 26 45 53 c5 7d 42 00 00 80 3e 00 00 00 00 00 00 00 00 08 cc 84 43",""
707,3125,"RPC","IN",122,2,"StopObject","id=122 bytes=2","83 00",""
708,3125,"RPC","IN",99,42,"MoveObject","id=99 bytes=42","83 00 f8 e3 a1 c3 d7 9b 26 45 53 c5 7d 42 f8 e3 a1 c3 d7 9b 26 45 ed 5e 7b 42 00 00 80 3e 00 00 00 00 00 00 00 00 08 cc 84 43",""
709,3125,"PACKET","IN",207,45,"PlayerSync","id=207 bytes=45","cf 4b 00 f9 7f e0 7f c2 00 3f fc 64 30 f4 8e 89 91 51 74 1e 90 80 00 00 00 01 02 9a 00 00 02 5a df fc f6 33 f8 be 4f fd fd a5 04 04 80",""
710,3126,"PACKET","IN",207,45,"PlayerSync","id=207 bytes=45","cf 4f 00 8b 00 60 bf c0 00 0a e2 a1 b0 eb b6 c9 51 73 8c 9f 90 80 00 00 00 01 7f f2 00 00 03 56 b9 54 f6 2e a0 dc 32 16 91 ab 04 08 80",""
711,3126,"PACKET","IN",207,45,"PlayerSync","id=207 bytes=45","cf 4f 00 8c 80 60 bf c0 00 39 a1 e1 b0 e8 36 c9 51 66 10 df 90 80 00 00 00 01 7f f2 00 00 02 e4 b6 e8 f0 47 75 c9 b8 63 59 ab 04 08 80",""
712,3126,"PACKET","IN",207,35,"PlayerSync","id=207 bytes=35","cf 92 00 00 00 25 16 23 30 ce c8 89 91 43 23 5e 90 80 00 00 00 03 bd 7d c0 00 00 00 00 00 01 a5 04 04 80",""
713,3126,"PACKET","IN",200,44,"VehicleSync","id=200 bytes=44","c8 a6 00 1d 00 02 00 b5 ff 08 00 5f 00 11 30 09 2b 6d 6a ac 6c 29 0d 02 44 52 9b 27 d4 2e eb 44 43 f0 40 0d 07 df d7 f2 70 2f 00 00",""
714,3147,"PACKET","IN",207,45,"PlayerSync","id=207 bytes=45","cf 1c 00 99 00 6f ff c0 00 3e 94 62 b0 d1 64 c9 91 5c 5a 5e 90 80 00 00 00 02 23 7f e0 00 00 6a de 34 f2 2f cf b5 23 fd fd 00 00 00 80",""
715,3147,"PACKET","IN",207,35,"PlayerSync","id=207 bytes=35","cf 2d 00 00 00 37 8d 62 b0 cb e9 09 91 5c 9a de 90 80 00 00 00 01 5c 03 c0 00 00 00 00 00 01 28 00 04 11",""
716,3147,"PACKET","IN",207,45,"PlayerSync","id=207 bytes=45","cf 4b 00 f9 7f e0 7f c0 00 1d 75 a4 30 d7 8e c9 91 73 b3 9e 90 80 00 00 00 02 1e 96 00 00 03 b4 ff e0 f5 af f8 1e 53 fd fd a5 04 04 80",""
717,3147,"PACKET","IN",207,45,"PlayerSync","id=207 bytes=45","cf 4f 00 8e 80 60 bf c0 00 27 e1 61 b0 e3 36 c9 51 46 15 df 90 80 00 00 00 01 7f f2 00 00 02 9e d7 24 f3 9f 55 19 a3 7f 6d ab 04 08 80",""
718,3147,"PACKET","IN",207,41,"PlayerSync","id=207 bytes=41","cf 76 00 00 00 02 a2 2a b0 fa de c9 d1 6d 9b 9f 50 80 00 00 00 03 3b c3 40 00 02 a1 d7 cc ee d7 45 e4 77 fd fd 00 00 00 80",""
719,3192,"PACKET","IN",207,45,"PlayerSync","id=207 bytes=45","cf 1c 00 99 80 6f bf c0 00 0c 54 22 b0 c8 a4 c9 91 64 9a 5e 90 80 00 00 00 00 33 9b e0 00 00 ff 12 7c f3 c7 b3 38 f3 fd fd 00 00 00 80",""
720,3192,"PACKET","IN",207,45,"PlayerSync","id=207 bytes=45","cf 4f 00 92 00 60 bf c0 00 0f a0 e1 b0 da f6 c9 51 4d 9c 1f 90 80 00 00 00 01 7f f2 00 00 00 7b 2f 9c f3 07 2a 59 7e db 89 ab 04 08 80",""
721,3193,"PACKET","IN",207,45,"PlayerSync","id=207 bytes=45","cf 1c 00 9a 00 6e ff c0 00 2c d3 62 b0 f9 24 89 91 6f 9a 5e 90 80 00 00 00 03 17 b3 e0 00 03 d6 9f 38 f3 ab 91 0c c7 fd fd 00 00 00 80",""
722,3193,"PACKET","IN",200,38,"VehicleSync","id=200 bytes=38","c8 20 00 41 00 00 00 00 00 00 00 0b 80 5c 00 21 ea aa 6f a9 5c 39 2c 82 54 59 58 47 a4 20 00 00 00 02 40 3f 00 00",""
723,3193,"PACKET","IN",207,45,"PlayerSync","id=207 bytes=45","cf 4b 00 f8 ff e0 7f c0 00 1b af 64 30 f8 ce c9 91 64 b3 5e 90 80 00 00 00 00 1e 92 00 00 01 da bb c0 f5 13 fb da 53 fd fd a5 04 04 80",""
724,3193,"PACKET","IN",207,45,"PlayerSync","id=207 bytes=45","cf 1c 00 9a 80 6e bf c0 00 23 92 e2 b0 e7 e4 89 91 79 5a 5e 90 80 00 00 00 03 4b c7 e0 00 00 bd 6b 94 f0 13 68 04 97 fd fd 00 00 00 80",""
725,3194,"PACKET","IN",200,38,"VehicleSync","id=200 bytes=38","c8 3f 00 4b 00 00 00 00 00 00 00 58 30 c6 f0 35 08 b2 56 5e ac 32 5b 62 b4 58 a3 b9 b4 20 00 00 00 06 80 3a 00 00",""
726,3194,"PACKET","IN",207,45,"PlayerSync","id=207 bytes=45","cf 4f 00 94 80 60 bf c0 00 08 a0 61 b0 ce b6 c9 51 5b e3 5f 90 80 00 00 00 01 7f f2 00 00 00 20 04 40 f4 a6 f1 09 50 ab a1 ab 04 08 80",""
727,3216,"PACKET","IN",207,45,"PlayerSync","id=207 bytes=45","cf 1c 00 9b 00 6e bf c0 00 24 52 62 b0 d3 a4 89 91 42 5a 9e 90 80 00 00 00 03 f7 d7 e0 00 01 b2 db e4 f1 67 3e 40 6f fd fd 00 00 00 80",""
728,3216,"PACKET","IN",200,38,"VehicleSync","id=200 bytes=38","c8 3f 00 4b 00 00 00 00 00 00 00 58 20 c6 f0 35 08 b2 56 5e ac 32 5b 62 b4 58 a3 b9 b4 20 00 00 00 06 80 3a 00 00",""
729,3216,"PACKET","IN",207,45,"PlayerSync","id=207 bytes=45","cf 4f 00 99 80 60 bf c0 00 08 1f e1 b0 fb b6 89 51 5a ec 1f 90 80 00 00 00 01 7f f2 00 00 00 e7 c4 d0 f7 86 bd b9 1d 6f a1 ab 04 08 80",""
730,3216,"PACKET","IN",203,34,"AimSync","id=203 bytes=34","cb 4f 00 04 59 e7 44 be f8 c2 7a bf 69 67 73 3d b3 6b 86 c3 78 e7 25 45 5b 73 80 42 00 00 00 00 3f 26",""
731,3216,"RPC","IN",86,27,"ApplyPlayerAnimation","id=86 bytes=27","5b 00 07 42 44 5f 46 49 52 45 07 77 61 73 68 5f 75 70 33 33 83 40 80 00 00 00 00",""
732,3216,"PACKET","IN",207,45,"PlayerSync","id=207 bytes=45","cf 1c 00 9c 00 6e 7f c0 00 2d 91 e2 b0 fc 24 49 91 4a 9a 9e 90 80 00 00 00 01 d3 e7 e0 00 02 18 4c 1c f4 6b 12 7c 4f fd fd 00 00 00 80",""
733,3217,"PACKET","IN",207,41,"PlayerSync","id=207 bytes=41","cf 76 00 00 00 3a e1 aa b0 f0 5e c9 d1 5c 1b 9f 50 80 00 00 00 03 3b c3 40 00 02 29 f9 b4 ea d7 45 e4 77 fd fd 00 00 00 80",""
734,3217,"PACKET","IN",200,44,"VehicleSync","id=200 bytes=44","c8 a6 00 1d 00 04 00 c1 ff 08 00 51 10 21 f0 07 9b 6e 01 bc dc 2b 6c f2 44 50 bb 27 d4 2d cc f4 43 f0 40 0f 07 d0 08 02 70 2f 00 00",""
735,3217,"RPC","IN",16,16,"PlaySound","id=16 bytes=16","42 51 00 00 00 00 00 00 00 00 00 00 00 00 00 00",""
736,3217,"RPC","IN",134,80,"ShowTextDraw","id=134 bytes=80","2b 08 11 9a 99 19 3f 00 00 00 40 1a ff 00 aa 33 33 a3 42 00 00 a0 41 00 00 00 32 00 01 00 00 00 ff 04 00 00 00 59 43 00 00 b8 43 00 00 00 00 00 00 00 00 00 00 00 00 00 00 00 00 80 3f ff ff ff ff 0d 00 6c 64 5f 64 75 61 6c 3a 77 68 69 74 65",""
737,3242,"PACKET","IN",207,45,"PlayerSync","id=207 bytes=45","cf 1c 00 9c 80 6e 3f c0 00 04 91 a2 b0 e1 24 49 91 52 1a 9e 90 80 00 00 00 00 cb f3 e0 00 00 01 2c 44 f4 16 e3 a4 33 fd fd 00 00 00 80",""
738,3242,"PACKET","IN",207,45,"PlayerSync","id=207 bytes=45","cf 4f 00 9c 00 60 bf c0 00 06 1f 61 b0 de b6 89 51 74 f6 1f 90 80 00 00 00 01 7f f2 00 00 03 76 5d 64 f7 42 9d 04 e7 db 89 ab 04 08 80",""
739,3242,"PACKET","IN",207,35,"PlayerSync","id=207 bytes=35","cf 97 00 00 00 39 55 a5 b0 df 38 c9 91 6c 24 9f 10 80 00 00 00 01 30 6f e8 00 00 00 00 00 01 28 00 04 11",""
740,3243,"PACKET","OUT",207,69,"PlayerSync","id=207 bytes=69","cf 00 00 00 00 00 00 5f 9e a0 c3 95 ed 26 45 ed 9c 7c 42 0f 68 4f 3f 00 00 00 80 00 00 00 00 d5 0f 16 bf 64 00 00 00 00 00 00 00 00 00 00 00 00 00 00 00 00 00 00 00 00 00 00 00 00 00 00 00 00 00 28 00 04 11",""
741,3266,"PACKET","IN",207,45,"PlayerSync","id=207 bytes=45","cf 4f 00 9e 80 60 bf c0 00 37 5e a1 b0 f4 36 49 51 54 01 1f d0 80 00 00 00 01 7f f2 00 00 00 c9 a9 c0 f4 26 90 a0 ab 5b 5d ab 04 08 80",""
742,3267,"RPC","IN",86,27,"ApplyPlayerAnimation","id=86 bytes=27","54 00 07 42 44 5f 46 49 52 45 07 77 61 73 68 5f 75 70 33 33 83 40 80 00 00 00 00",""
743,3267,"PACKET","IN",207,45,"PlayerSync","id=207 bytes=45","cf 1c 00 9d 00 6e 3f c0 00 2e 11 22 b0 c3 24 49 91 58 5a 9e 90 80 00 00 00 00 cf fb e0 00 02 8b 30 68 f5 2e ae 2c 1f fd fd 00 00 00 80",""
744,3267,"PACKET","IN",207,45,"PlayerSync","id=207 bytes=45","cf 1c 00 9d 80 6e 3f c0 00 32 50 e2 b0 e4 24 09 91 5c 9a 9e 90 80 00 00 00 00 53 ff e0 00 02 c3 30 68 f4 3a 7a 50 0f fd fd 00 00 00 80",""
745,3267,"PACKET","IN",200,38,"VehicleSync","id=200 bytes=38","c8 3f 00 4b 00 00 00 00 00 00 00 59 00 c6 70 35 08 b2 46 5e ac 32 5b 62 b4 58 73 b9 b4 20 00 00 00 06 80 3a 00 00",""
746,3267,"PACKET","IN",207,35,"PlayerSync","id=207 bytes=35","cf 47 00 00 00 01 a4 e2 f0 e7 ce 49 91 62 9b de 90 84 00 00 00 00 fb 2f c0 00 00 00 00 00 01 fb 04 04 80",""
747,3268,"PACKET","IN",207,45,"PlayerSync","id=207 bytes=45","cf 4f 00 a1 00 60 bf c0 00 25 de 21 b0 c0 36 49 51 4a 49 df d0 80 00 00 00 01 7f f2 00 00 01 69 cd c8 f6 ee 8f d0 66 07 11 ab 04 08 80",""
748,3292,"PACKET","IN",207,45,"PlayerSync","id=207 bytes=45","cf 1c 00 9e 80 6e 3f c0 00 0f d0 e2 b0 ca e4 09 91 5f 1a 9e 90 80 00 00 00 01 1b ff e0 00 02 1e 67 e4 f2 26 57 4c 07 fd fd 00 00 00 80",""
749,3292,"PACKET","IN",207,45,"PlayerSync","id=207 bytes=45","cf 4b 00 f8 ff e0 7f c0 00 14 5d a4 30 e4 4f 49 91 7d f2 5e 90 80 00 00 00 03 c6 86 00 00 03 8d 37 88 f6 67 f6 96 63 fd fd a5 04 04 80",""
750,3292,"PACKET","IN",207,45,"PlayerSync","id=207 bytes=45","cf 4f 00 a3 00 60 bf c0 00 21 5d a1 b0 d0 f6 09 51 42 cf df d0 80 00 00 00 01 7f f2 00 00 00 0f a1 88 f4 ba 9b d8 48 6a dd ab 04 08 80",""
751,3292,"PACKET","IN",207,35,"PlayerSync","id=207 bytes=35","cf 15 00 00 00 0d cb 23 30 d7 62 49 91 71 9f 1e 90 84 00 00 00 01 9e 65 80 00 00 00 00 00 01 28 00 04 11",""
752,3292,"PACKET","IN",207,35,"PlayerSync","id=207 bytes=35","cf 76 00 00 00 3a e1 aa b0 f0 5e c9 d1 5c 1b 9f 50 80 00 00 00 03 3b c3 40 00 00 00 00 00 01 00 00 00 80",""
753,3292,"PACKET","IN",207,35,"PlayerSync","id=207 bytes=35","cf 85 00 00 00 18 e4 22 b0 cb 69 09 91 7a 98 de 90 80 00 00 00 03 74 25 80 00 00 00 00 00 01 a5 04 e8 80",""
754,3293,"PACKET","IN",203,34,"AimSync","id=203 bytes=34","cb 85 00 04 1f 5c 3c bf 45 cd b8 3e 3c b1 12 bf 4d e3 89 c3 90 99 26 45 5c 80 80 42 00 00 00 00 3f c6",""
755,3314,"PACKET","IN",207,45,"PlayerSync","id=207 bytes=45","cf 1c 00 9f 00 6e 3f c0 00 30 d0 a2 b0 f1 63 c9 91 61 1a 9e 90 80 00 00 00 01 7f ff e0 00 02 26 67 e4 f0 9a 4d c0 07 fd fd 00 00 00 80",""
756,3314,"PACKET","IN",207,45,"PlayerSync","id=207 bytes=45","cf 4f 00 a6 00 60 bf c0 00 17 dd 21 b0 df f5 c9 51 59 53 df d0 80 00 00 00 01 7f f2 00 00 02 ae b9 58 f5 6a a3 04 31 8a 99 ab 04 08 80",""
757,3314,"PACKET","IN",200,44,"VehicleSync","id=200 bytes=44","c8 a6 00 1d 00 05 00 c1 ff 08 00 53 e0 22 a0 04 fb 6d f9 9d 3c 2e ec e2 44 52 5b 27 d4 29 52 14 73 f0 30 03 07 e0 28 02 70 2f 00 00",""
758,3314,"PACKET","IN",203,34,"AimSync","id=203 bytes=34","cb a6 00 12 bf 54 7d bf 36 4d 8a bc 68 76 12 be 3e 88 ca c2 2b d0 24 45 98 1d 82 42 00 00 00 00 1d 21",""
759,3345,"PACKET","IN",207,35,"PlayerSync","id=207 bytes=35","cf 1a 00 00 00 28 14 e5 b0 cd 83 09 d1 6c 24 9f 10 80 00 00 00 03 eb 49 80 00 00 00 00 00 01 28 00 04 11",""
760,3345,"PACKET","IN",207,45,"PlayerSync","id=207 bytes=45","cf 4b 00 f6 ff e0 bf c0 00 3a 54 a4 30 de 0f 89 91 48 f2 1e 90 80 00 00 00 00 06 7a 00 00 03 f9 7b 9c f5 af f6 32 67 fd fd a5 04 04 80",""
761,3345,"PACKET","IN",207,45,"PlayerSync","id=207 bytes=45","cf 1c 00 a1 00 6e 7f c0 00 32 50 62 b0 f9 63 89 91 65 9a 9e 90 80 00 00 00 02 d3 ff e0 00 01 be 80 34 f5 ca 44 c4 07 fd fd 00 00 00 80",""
762,3346,"PACKET","IN",207,35,"PlayerSync","id=207 bytes=35","cf 46 00 00 00 3e ca 23 30 fc 9b 89 91 68 df 1e 90 84 00 00 00 03 0d 37 c0 00 00 00 00 00 01 28 00 04 11",""
763,3346,"PACKET","IN",207,45,"PlayerSync","id=207 bytes=45","cf 4f 00 a6 80 60 bf c0 00 01 9c a1 b0 ea 75 89 51 4a d5 df d0 80 00 00 00 01 7f f2 00 00 03 6a d5 38 f7 a6 a5 3c 21 72 45 ab 04 08 80",""
764,3346,"PACKET","IN",207,35,"PlayerSync","id=207 bytes=35","cf 79 00 00 00 38 43 a3 30 e6 09 89 91 63 a0 5e 90 84 00 00 00 01 83 df 40 00 00 00 00 00 01 a5 04 04 80",""
765,3346,"PACKET","IN",203,34,"AimSync","id=203 bytes=34","cb 79 00 04 45 65 d4 3d a6 91 76 3f 45 15 7e be 22 54 8c c3 34 d6 25 45 b3 0a 81 42 00 00 00 00 3f 55",""
766,3346,"PACKET","IN",200,38,"VehicleSync","id=200 bytes=38","c8 3f 00 4b 00 00 00 00 00 00 00 58 60 c6 b0 35 18 b2 46 5e ac 32 5b 62 b4 58 b3 b9 b4 20 00 00 00 06 80 3a 00 00",""
767,3346,"PACKET","IN",203,34,"AimSync","id=203 bytes=34","cb 3f 00 12 51 3e 70 bf 6a ce b0 3e 77 bf ff bb 12 7b e8 c3 9a 9f 2b 45 f2 f0 9c 42 00 00 00 00 3f 36",""
768,3346,"PACKET","IN",207,45,"PlayerSync","id=207 bytes=45","cf 4f 00 a6 80 60 bf c0 00 2c 1b e1 b0 f5 35 49 51 7a d5 1f d0 80 00 00 00 01 7f f2 00 00 03 07 95 30 f5 12 a9 24 1f a1 e9 ab 04 08 80",""
769,3371,"PACKET","IN",207,45,"PlayerSync","id=207 bytes=45","cf 4b 00 f3 7f e0 ff c0 00 14 0e e4 30 cc 4f c9 91 77 31 9e 90 80 00 00 00 00 fa 5e 00 00 01 88 db b8 f5 43 f1 e2 7b fd fd a5 04 04 80",""
770,3371,"PACKET","IN",207,45,"PlayerSync","id=207 bytes=45","cf 1c 00 a3 80 6e 7f c0 00 02 50 62 b0 f9 a3 49 91 69 1a 9e 90 80 00 00 00 03 a7 ff e0 00 03 7e 84 80 f6 e2 2e 24 03 fd fd 00 00 00 80",""
771,3371,"PACKET","IN",207,45,"PlayerSync","id=207 bytes=45","cf 4f 00 a6 80 60 bf c0 00 29 9b 61 b0 c6 b5 49 51 56 12 df d0 80 00 00 00 01 7f f2 00 00 01 f9 fd 40 f6 1e a5 a0 26 6d 9d ab 04 08 80",""
772,3393,"PACKET","IN",207,45,"PlayerSync","id=207 bytes=45","cf 1c 00 a5 00 6e 7f c0 00 34 10 22 b0 d6 e3 49 91 6a 1a 9e 90 80 00 00 00 03 e7 ff e0 00 01 8c d4 a4 f6 26 18 a8 03 fd fd 00 00 00 80",""
773,3393,"PACKET","IN",200,44,"VehicleSync","id=200 bytes=44","c8 a6 00 1d 00 05 00 c1 ff 08 00 55 40 22 30 01 bb 64 22 fd ac 24 3c e2 44 56 eb 27 d4 2f 46 f4 93 f0 20 08 07 e0 38 02 70 2f 00 00",""
774,3393,"PACKET","IN",207,45,"PlayerSync","id=207 bytes=45","cf 4b 00 ee 7f e1 bf c0 00 0b c8 e4 30 c9 90 09 91 5c b1 5e 90 80 00 00 00 00 a2 3a 00 00 02 ec 13 b0 f4 1b ea 8e 9b fd fd a5 04 04 80",""
775,3394,"PACKET","IN",203,34,"AimSync","id=203 bytes=34","cb 4b 00 04 6d b1 7d 3f be 91 e4 3d ff af 97 bd ed de 91 c3 b8 39 26 45 5a 35 7e 42 00 00 00 00 3f 22",""
776,3394,"PACKET","IN",207,45,"PlayerSync","id=207 bytes=45","cf 4f 00 a7 00 60 bf c0 00 3b 5a a1 b0 d3 f5 09 51 48 51 1f d0 80 00 00 00 01 7f f2 00 00 01 50 09 50 f4 8e c9 a0 2d 89 bd ab 04 08 80",""
777,3394,"PACKET","IN",207,35,"PlayerSync","id=207 bytes=35","cf 5b 00 00 00 3f c4 a6 f0 d9 07 09 d1 7b 67 1f 10 84 00 00 00 01 2a 42 00 00 00 00 00 00 01 28 00 04 11",""
778,3394,"PACKET","OUT",205,9,"UNKNOWN_PACKET","id=205 bytes=9","cd b8 4a 04 00 00 00 00 00",""
779,3417,"PACKET","IN",207,45,"PlayerSync","id=207 bytes=45","cf 1c 00 a6 00 6e 7f c0 00 2c 50 22 b0 f1 a3 09 91 6a 5a 9e 90 80 00 00 00 03 fb ff e0 00 03 f6 64 d0 f5 46 0c 2c 03 fd fd 00 00 00 80",""
780,3417,"PACKET","IN",207,45,"PlayerSync","id=207 bytes=45","cf 4f 00 a7 80 60 bf c0 00 11 1a a1 b0 d3 f5 09 51 49 10 9f d0 80 00 00 00 01 7f f2 00 00 00 16 36 b4 ef 37 df fd ff bd 49 ab 04 08 80",""
781,3442,"RPC","IN",138,3,"ServerQuit","id=138 bytes=3","0e 00 00",""
782,3442,"PACKET","IN",207,35,"PlayerSync","id=207 bytes=35","cf 0b 00 00 00 36 74 e3 70 df 22 89 91 49 e4 1e 90 80 00 00 00 00 42 8b c0 00 00 00 00 00 01 a5 04 e8 80",""
783,3442,"PACKET","IN",207,45,"PlayerSync","id=207 bytes=45","cf 1c 00 a8 00 6e bf c0 00 2f d0 22 b0 e0 22 c9 91 6a 1a 9e 90 84 00 00 00 03 d3 ff e0 00 03 85 b1 28 f6 f1 f4 14 03 fd fd 00 00 00 80",""
784,3443,"PACKET","IN",200,38,"VehicleSync","id=200 bytes=38","c8 3f 00 4b 00 00 00 00 00 00 00 58 40 c6 c0 35 28 b2 46 5e ac 32 5b 62 b4 58 c3 b9 b4 20 00 00 00 06 80 3a 00 00",""
785,3443,"PACKET","IN",207,45,"PlayerSync","id=207 bytes=45","cf 4b 00 e9 ff e2 7f c0 00 13 c2 64 30 df 90 49 91 71 b0 de 90 80 00 00 00 01 f6 16 00 00 00 88 43 a4 f4 e7 d8 36 c7 fd fd a5 04 04 80",""
786,3443,"PACKET","IN",207,45,"PlayerSync","id=207 bytes=45","cf 4f 00 a7 80 60 bf c0 00 35 1a 61 b0 d3 f5 09 51 71 90 1f d0 80 00 00 00 01 7f f2 00 00 01 2e c9 b4 ec cf df fd fd 79 45 ab 04 08 80",""
787,3464,"PACKET","IN",207,45,"PlayerSync","id=207 bytes=45","cf 4f 00 a7 80 60 bf c0 00 19 da 61 b0 d3 f5 09 51 59 8f df d0 80 00 00 00 01 7f f2 00 00 00 3e 0d 9c ee db db fd fc 8d 41 ab 04 08 80",""
788,3464,"PACKET","IN",207,35,"PlayerSync","id=207 bytes=35","cf 51 00 00 00 2e e7 28 30 ea ff 89 91 7b 67 1f 10 84 00 00 00 03 a6 8b c0 00 00 00 00 00 01 28 00 04 11",""
789,3464,"PACKET","IN",200,44,"VehicleSync","id=200 bytes=44","c8 a6 00 1d 00 05 00 c1 ff 08 00 55 40 21 50 0e eb 59 17 cd fc 2d 1c d2 44 5c 5b 27 d4 22 64 34 b3 f0 10 0c 17 e0 48 02 70 2f 00 00",""
790,3465,"PACKET","IN",207,45,"PlayerSync","id=207 bytes=45","cf 1c 00 a9 00 6e bf c0 00 0d 10 62 b0 c3 22 89 91 67 da 9e 90 84 00 00 00 03 83 ff e0 00 00 42 05 ac f6 49 e8 74 03 fd fd 00 00 00 80",""
791,3465,"PACKET","IN",203,34,"AimSync","id=203 bytes=34","cb 1c 00 04 b8 cf 33 3f e1 4d 30 bf 32 34 38 be 38 bf 8a c3 25 9a 26 45 81 d5 7d 42 00 00 00 00 3f ff",""
792,3465,"PACKET","IN",207,45,"PlayerSync","id=207 bytes=45","cf 4b 00 e4 7f e3 bf c0 00 14 bc 63 f0 c2 10 c9 91 44 f0 9e 90 80 00 00 00 00 79 ea 00 00 00 b5 6f 8c f7 9f c5 8a eb fd fd a5 04 04 80",""
793,3491,"PACKET","IN",207,45,"PlayerSync","id=207 bytes=45","cf 4f 00 a7 00 60 bf c0 00 3f 9a 21 b0 d3 f5 09 51 42 0f 9f d0 80 00 00 00 01 7f f2 00 00 00 65 a9 9c ec e7 db fd ff c5 39 ab 04 08 80",""
794,3491,"PACKET","IN",207,45,"PlayerSync","id=207 bytes=45","cf 1c 00 aa 80 6e bf c0 00 27 d0 62 b0 cc e2 49 91 66 1a 9e 90 84 00 00 00 03 07 ff e0 00 03 61 ed fc f4 85 e0 f4 03 fd fd 00 00 00 80",""
795,3514,"PACKET","IN",207,45,"PlayerSync","id=207 bytes=45","cf 1c 00 ab 80 6e 7f c0 00 0f 10 a2 b0 d4 62 09 91 63 1a 9e 90 84 00 00 00 02 bb ff e0 00 00 48 66 24 f7 b1 d1 e8 03 fd fd 00 00 00 80",""
796,3514,"PACKET","IN",207,45,"PlayerSync","id=207 bytes=45","cf 4b 00 e2 ff e3 ff c0 00 33 37 23 f0 ec d1 09 91 5c f0 1e 90 80 00 00 00 01 09 da 00 00 03 ba 17 60 f5 4f ae f7 17 fd fd a5 04 04 80",""
797,3514,"PACKET","IN",207,45,"PlayerSync","id=207 bytes=45","cf 4f 00 a5 80 60 bf c0 00 1c 9a 21 b0 d3 f5 09 51 49 8f 1f d0 80 00 00 00 01 7f f2 00 00 00 42 9e 18 ee 97 d7 fd fe 51 35 ab 04 08 80",""
798,3515,"PACKET","IN",207,45,"PlayerSync","id=207 bytes=45","cf 1c 00 ac 00 6e 7f c0 00 3f d0 a2 b0 d7 21 c9 91 5f 9a 9e 90 84 00 00 00 02 53 ff e0 00 02 7b 36 54 f5 29 ce 84 03 fd fd 00 00 00 80",""
799,3515,"PACKET","IN",207,45,"PlayerSync","id=207 bytes=45","cf 4f 00 a4 00 60 bf c0 00 31 59 e1 b0 d3 f5 09 51 6f 0e 5f d0 80 00 00 00 01 7f f2 00 00 01 5a 4a 64 ef 8b d3 fd ff 55 2d ab 04 08 80",""
800,3543,"PACKET","IN",207,45,"PlayerSync","id=207 bytes=45","cf 1c 00 ac 80 6e 7f c0 00 3b 90 e2 b0 d5 a1 89 91 5b 9a 9e 90 84 00 00 00 01 df ff e0 00 00 94 ca 7c f5 d5 c7 50 03 fd fd 00 00 00 80",""
801,3543,"PACKET","IN",207,45,"PlayerSync","id=207 bytes=45","cf 4b 00 e1 ff e4 3f c0 00 32 72 a3 f0 d1 91 89 91 7e 2f 9e 90 80 00 00 00 03 c9 ca 00 00 02 b7 b3 34 f7 87 a1 77 27 fd fd a5 04 04 80",""
802,3543,"PACKET","IN",207,45,"PlayerSync","id=207 bytes=45","cf 4f 00 a2 80 60 bf c0 00 15 d9 e1 b0 d3 f5 09 51 49 0e 1f d0 80 00 00 00 01 7f f2 00 00 02 41 be 04 ec af d3 fd fd 09 29 ab 04 08 80",""
803,3543,"PACKET","IN",207,35,"PlayerSync","id=207 bytes=35","cf 54 00 00 00 27 65 68 30 dc 13 49 d1 7b 67 1f 10 84 00 00 00 01 87 f6 c0 00 00 00 00 00 01 a5 04 04 80",""
804,3543,"PACKET","IN",207,35,"PlayerSync","id=207 bytes=35","cf 7c 00 00 00 38 64 25 b0 e1 1a 09 d1 6c 24 9f 10 80 00 00 00 01 b1 ee 40 00 00 00 00 00 01 28 00 04 11",""
805,3543,"PACKET","IN",203,34,"AimSync","id=203 bytes=34","cb 7c 00 04 3a bf 60 be 68 18 72 bf c3 90 75 be 00 69 96 c3 00 7e 27 45 db 2a 80 42 00 00 00 00 3f 20",""
806,3543,"PACKET","IN",200,44,"VehicleSync","id=200 bytes=44","c8 a6 00 1d 00 05 00 c1 ff 08 00 5e 30 16 f0 0b 5b 58 52 fe 6c 26 1c d2 44 51 5a 97 d4 28 08 f4 d3 f0 10 01 57 f5 c7 f2 70 2f 00 00",""
807,3592,"PACKET","IN",200,38,"VehicleSync","id=200 bytes=38","c8 3f 00 4b 00 00 00 00 00 00 00 58 50 c6 c0 35 38 b2 46 5e ac 32 5b 62 b4 58 c3 b9 b4 20 00 00 00 06 80 3a 00 00",""
808,3593,"PACKET","IN",207,45,"PlayerSync","id=207 bytes=45","cf 4f 00 a1 80 60 bf c0 00 2d 59 a1 b0 d3 f5 09 51 6d 8d 5f d0 80 00 00 00 01 7f f2 00 00 03 1f e6 68 ed d3 cf fd fe f5 21 ab 04 08 80",""
809,3593,"PACKET","IN",207,45,"PlayerSync","id=207 bytes=45","cf 1c 00 ad 00 6e 7f c0 00 13 d1 a2 b0 c8 a1 09 91 50 9a 9e 90 84 00 00 00 00 e3 ff e0 00 02 e9 ea a0 f4 fd b8 f0 07 fd fd 00 00 00 80",""
810,3593,"PACKET","IN",207,45,"PlayerSync","id=207 bytes=45","cf 4f 00 a1 00 60 bf c0 00 0d 19 a1 b0 d3 f5 09 51 6d 4c df d0 80 00 00 00 01 7f f2 00 00 03 49 76 44 ee ab cb fd fc 7d 1d ab 04 08 80",""
811,3614,"PACKET","IN",207,45,"PlayerSync","id=207 bytes=45","cf 1c 00 ad 80 6e 7f c0 00 03 92 62 b0 c2 60 89 91 44 1a 9e 90 84 00 00 00 03 87 fb e0 00 02 1a 02 90 f6 09 ab 44 07 fd fd 00 00 00 80",""
812,3615,"PACKET","IN",200,38,"VehicleSync","id=200 bytes=38","c8 3f 00 4b 00 00 00 00 00 00 00 58 00 c6 f0 35 48 b2 46 5e ac 32 5b 62 b4 58 c3 b9 b4 20 00 00 00 06 80 3a 00 00",""
813,3615,"PACKET","IN",207,45,"PlayerSync","id=207 bytes=45","cf 4f 00 a0 80 60 bf c0 00 2c 59 61 b0 d3 f5 09 51 67 0c 5f d0 80 00 00 00 01 7f f2 00 00 03 d0 e6 50 ef bf c7 fd fe b1 15 ab 04 08 80",""
814,3615,"PACKET","IN",207,35,"PlayerSync","id=207 bytes=35","cf 02 00 00 00 08 a8 a2 70 e7 a8 c9 91 7a 9d 5e 90 84 00 00 00 00 fc 56 c0 00 00 00 00 00 01 28 00 04 11",""
815,3615,"PACKET","IN",207,45,"PlayerSync","id=207 bytes=45","cf 4b 00 e2 7f e4 3f c0 00 2d 69 a3 f0 eb 12 49 91 78 ae de 90 80 00 00 00 02 85 c2 00 00 00 ec 4f 48 f6 d3 96 d7 37 fd fd a5 04 04 80",""
816,3615,"PACKET","IN",207,35,"PlayerSync","id=207 bytes=35","cf 54 00 00 00 27 65 68 30 dc 13 49 d1 7b 67 1f 10 84 00 00 00 01 87 f6 c0 00 00 00 00 00 01 28 00 04 11",""
817,3642,"PACKET","IN",207,45,"PlayerSync","id=207 bytes=45","cf 1c 00 ae 00 6e 7f c0 00 15 53 22 b0 fc 9f c9 91 75 1a 5e 90 84 00 00 00 01 db fb e0 00 02 3e 7a 94 f6 45 9a 34 0b fd fd 00 00 00 80",""
818,3642,"PACKET","IN",207,45,"PlayerSync","id=207 bytes=45","cf 4f 00 9f 80 60 bf c0 00 0a 59 61 b0 d3 f5 09 51 57 4b df d0 80 00 00 00 01 7f f2 00 00 00 db d6 64 ec a7 c7 fd fc bd 11 ab 04 08 80",""
819,3643,"PACKET","IN",200,44,"VehicleSync","id=200 bytes=44","c8 a6 00 1d 00 05 00 c1 ff 08 00 5d 00 17 c0 07 cb 5d 4f ce cc 21 2c d2 44 5a c9 47 d4 22 dd d4 f3 f0 00 06 57 f3 87 f2 70 2f 00 00",""
820,3665,"PACKET","IN",207,45,"PlayerSync","id=207 bytes=45","cf 4f 00 9f 80 60 bf c0 00 2b 19 21 b0 d3 f5 09 51 4e 8b 5f d0 80 00 00 00 01 7f f2 00 00 02 ac 9a 60 ed 87 c3 fd fe ed 09 ab 04 08 80",""
821,3665,"PACKET","IN",207,49,"PlayerSync","id=207 bytes=49","cf 30 00 00 00 22 fe a6 b0 cf 96 c9 d1 7b 67 1f 10 84 00 00 00 01 bd d3 00 00 00 00 00 00 03 ff fe 00 00 00 00 00 00 00 00 00 00 00 01 28 00 04 11",""
822,3665,"PACKET","IN",207,35,"PlayerSync","id=207 bytes=35","cf 37 00 00 00 16 3c 62 b0 f4 68 c9 91 56 9b 9e 90 80 00 00 00 02 2c 7b 40 00 00 00 00 00 01 28 00 04 11",""
823,3666,"PACKET","IN",203,34,"AimSync","id=203 bytes=34","cb 37 00 04 a1 61 71 bf 63 2b 19 3e a8 60 98 be bf fe 89 c3 01 9f 26 45 58 39 7f 42 00 00 00 00 3f 3a",""
824,3666,"PACKET","IN",207,45,"PlayerSync","id=207 bytes=45","cf 1c 00 ae 00 6e 3f c0 00 10 54 22 b0 f4 1f 49 91 63 1a 5e 90 84 00 00 00 00 97 fb e0 00 03 3f f6 a4 f5 c9 89 d4 0f fd fd 00 00 00 80",""
825,3666,"PACKET","IN",207,45,"PlayerSync","id=207 bytes=45","cf 4f 00 9f 80 60 bf c0 00 3e 58 e1 b0 d3 f5 09 51 44 8a 9f d0 80 00 00 00 01 7f f2 00 00 01 da 52 d4 ed c3 bf fd fc 25 05 ab 04 08 80",""
826,3666,"PACKET","IN",207,35,"PlayerSync","id=207 bytes=35","cf 92 00 00 00 25 16 23 30 ce c8 89 91 43 23 5e 90 80 00 00 00 03 bd 7d c0 00 00 00 00 00 01 a5 04 04 80",""
827,3692,"PACKET","IN",200,38,"VehicleSync","id=200 bytes=38","c8 3f 00 4b 00 00 00 00 00 00 00 58 80 c6 c0 35 48 b2 36 5e ac 32 5b 62 b4 58 a3 b9 b4 20 00 00 00 06 80 3a 00 00",""
828,3692,"PACKET","IN",207,45,"PlayerSync","id=207 bytes=45","cf 4b 00 e2 7f e4 3f c0 00 16 1f e3 f0 e2 53 49 91 5c 2e 1e 90 80 00 00 00 03 bd b6 00 00 01 9e 2f 38 f5 2f 92 17 3f fd fd a5 04 04 80",""
829,3692,"PACKET","IN",207,45,"PlayerSync","id=207 bytes=45","cf 4f 00 97 80 65 ff c0 00 16 58 e1 b0 d3 f5 09 51 51 49 1f d0 80 00 00 00 02 3f fa 00 00 01 bd e4 00 f2 6b 4f fd fc 50 7d a5 04 08 80",""
830,3717,"PACKET","IN",207,35,"PlayerSync","id=207 bytes=35","cf 2d 00 00 00 37 8d 62 b0 cb e9 09 91 5c 9a de 90 80 00 00 00 01 5c 03 c0 00 00 00 00 00 01 28 00 04 11",""
831,3717,"PACKET","IN",207,45,"PlayerSync","id=207 bytes=45","cf 4f 00 95 00 65 ff c0 00 12 d8 a1 b0 c4 35 09 51 54 06 9f d0 80 00 00 00 03 23 fe 00 00 03 a4 62 90 f3 1e d1 80 77 1d 05 a5 04 08 80",""
832,3717,"PACKET","IN",200,44,"VehicleSync","id=200 bytes=44","c8 a6 00 1d 00 05 00 c1 ff 08 00 5d 60 17 e0 04 3b 59 5d 6f 3c 2e 4c c2 44 5e f7 f7 d4 2a 82 35 23 f0 00 0b 37 f4 37 f2 70 2f 00 00",""
833,3717,"PACKET","IN",207,45,"PlayerSync","id=207 bytes=45","cf 4f 00 93 00 65 ff c0 00 0d 18 61 b0 ec 34 c9 51 71 c3 df d0 84 00 00 00 03 cb fe 00 00 03 df cf bc f1 b2 a3 18 40 e5 3d a5 04 08 80",""
834,3742,"PACKET","IN",207,35,"PlayerSync","id=207 bytes=35","cf 97 00 00 00 39 55 a5 b0 df 38 c9 91 6c 24 9f 10 80 00 00 00 01 30 6f e8 00 00 00 00 00 01 28 00 04 11",""
835,3742,"PACKET","IN",207,45,"PlayerSync","id=207 bytes=45","cf 4f 00 90 00 65 ff c0 00 05 18 21 b0 cb b4 c9 51 68 c1 1f d0 84 00 00 00 00 4f fe 00 00 01 10 58 3c f5 92 83 60 2b 81 5d a5 04 08 80",""
836,3764,"PACKET","IN",207,45,"PlayerSync","id=207 bytes=45","cf 1c 00 ae 00 6e 3f c0 00 12 d7 22 b0 d9 5e 09 91 6c 1a 1e 90 84 00 00 00 03 2f f3 e0 00 00 a5 46 80 f4 61 6a f4 17 fd fd 00 00 00 80",""
837,3764,"PACKET","IN",207,45,"PlayerSync","id=207 bytes=45","cf 4b 00 e3 7f e3 ff c0 00 37 57 63 f0 fc d4 09 91 5c ad 5e 90 80 00 00 00 03 51 ba 00 00 03 a5 83 30 f4 3b 8c 3b 47 fd fd a5 04 04 80",""
838,3792,"PACKET","IN",207,45,"PlayerSync","id=207 bytes=45","cf 4f 00 8f 00 65 ff c0 00 09 17 e1 b0 e5 f4 89 51 46 be df 90 84 00 00 00 00 13 f6 00 00 00 59 7c 60 f4 ea 60 a0 18 a1 85 a5 04 08 80",""
839,3792,"PACKET","IN",200,38,"VehicleSync","id=200 bytes=38","c8 20 00 41 00 00 00 00 00 00 00 0b a0 5b f0 21 ea aa 6f a9 5c 39 2c 82 54 59 58 47 a4 20 00 00 00 02 40 3f 00 00",""
840,3792,"PACKET","IN",203,34,"AimSync","id=203 bytes=34","cb 20 00 12 a3 6f 7c 3f 38 23 95 bd 18 13 19 be f3 06 99 c3 c7 cf 25 45 6f 10 81 42 00 00 00 00 3f 37",""
841,3793,"PACKET","IN",200,38,"VehicleSync","id=200 bytes=38","c8 3f 00 4b 00 00 00 00 00 00 00 59 50 c6 50 35 48 b2 26 5e ac 32 5b 62 b4 58 73 b9 b4 20 00 00 00 06 80 3a 00 00",""
842,3793,"PACKET","IN",207,45,"PlayerSync","id=207 bytes=45","cf 4b 00 e5 7f e3 7f c0 00 3e 93 23 f0 e9 14 89 91 7d 2c de 90 80 00 00 00 02 f9 c6 00 00 02 dc ff 40 f7 9f 8c 0f 43 fd fd a5 04 04 80",""
843,3793,"PACKET","IN",207,45,"PlayerSync","id=207 bytes=45","cf 4f 00 8d 80 65 bf c0 00 21 97 a1 b0 fd 34 49 51 6a fd 1f 90 84 00 00 00 02 2f e6 00 00 02 d2 d8 58 f4 d6 3d d4 08 cd b1 a5 04 08 80",""
844,3793,"PACKET","IN",200,44,"VehicleSync","id=200 bytes=44","c8 a6 00 1d 00 05 00 c1 ff 08 00 50 b0 26 f0 00 ab 5d dc 6f ac 2d 8c c2 44 57 d6 d7 d4 21 16 45 43 f0 00 00 08 08 17 f2 70 2f 00 00",""
845,3793,"PACKET","IN",207,45,"PlayerSync","id=207 bytes=45","cf 1c 00 ae 80 6e 3f c0 00 16 d8 a2 b0 ca 1d 89 91 50 9a 1e 90 84 00 00 00 03 6b ef e0 00 02 80 ca 58 f7 41 54 98 1f fd fd 00 00 00 80",""
846,3794,"PACKET","IN",207,35,"PlayerSync","id=207 bytes=35","cf 47 00 00 00 01 a4 e2 f0 e7 ce 49 91 62 9b de 90 84 00 00 00 00 fb 2f c0 00 00 00 00 00 01 fb 04 04 80",""
847,3794,"PACKET","OUT",207,69,"PlayerSync","id=207 bytes=69","cf 00 00 00 00 00 00 5f 9e a0 c3 95 ed 26 45 ed 9c 7c 42 0f 68 4f 3f 00 00 00 80 00 00 00 00 d5 0f 16 bf 64 00 00 00 00 00 00 00 00 00 00 00 00 00 00 00 00 00 00 00 00 00 00 00 00 00 00 00 00 00 28 00 04 11",""
848,3817,"PACKET","IN",200,44,"VehicleSync","id=200 bytes=44","c8 20 00 41 00 00 00 00 00 08 00 03 50 53 50 31 ba ad cf 99 5c 39 5c 82 54 51 48 47 a4 2f aa 0b e3 be ef e7 59 0c 58 02 40 3f 00 00",""
849,3818,"PACKET","IN",203,34,"AimSync","id=203 bytes=34","cb 20 00 12 a3 6f 7c 3f 38 23 95 bd 18 13 19 be 2b 06 99 c3 c9 cf 25 45 2e 10 81 42 00 00 00 00 3f 37",""
850,3818,"PACKET","IN",207,45,"PlayerSync","id=207 bytes=45","cf 4f 00 8d 80 65 bf c0 00 1d d7 a1 b0 da b4 49 51 43 7d 1f 90 84 00 00 00 01 6b d6 00 00 03 0a 08 30 f6 f6 04 20 02 d1 f5 a5 04 08 80",""
851,3818,"PACKET","IN",207,45,"PlayerSync","id=207 bytes=45","cf 4b 00 e7 ff e2 bf c0 00 21 ce e3 f0 d3 15 09 91 5d 2c 9e 90 80 00 00 00 00 41 da 00 00 03 ff 5f 2c f7 97 95 d7 37 fd fd a5 04 04 80",""
852,3818,"PACKET","IN",207,45,"PlayerSync","id=207 bytes=45","cf 4f 00 8d 80 65 bf c0 00 31 d7 a1 b0 fd f4 09 51 56 3d df 90 84 00 00 00 00 53 c6 00 00 01 15 bb 90 f0 21 d5 28 05 d2 39 a5 04 08 80",""
853,3842,"PACKET","IN",207,35,"PlayerSync","id=207 bytes=35","cf 1a 00 00 00 28 14 e5 b0 cd 83 09 d1 6c 24 9f 10 80 00 00 00 03 eb 49 80 00 00 00 00 00 01 28 00 04 11",""
854,3842,"PACKET","IN",207,45,"PlayerSync","id=207 bytes=45","cf 1c 00 af 00 6e 7f c0 00 02 da 22 b0 d5 1d 09 91 46 1a 1e 90 84 00 00 00 02 a7 eb e0 00 01 11 82 68 f5 b5 40 a8 27 fd fd 00 00 00 80",""
855,3842,"PACKET","IN",207,35,"PlayerSync","id=207 bytes=35","cf 76 00 00 00 3a e1 aa b0 f0 5e c9 d1 5c 1b 9f 50 80 00 00 00 03 3b c3 40 00 00 00 00 00 01 00 00 00 80",""
856,3842,"PACKET","IN",207,45,"PlayerSync","id=207 bytes=45","cf 4f 00 8d 80 65 bf c0 00 17 57 e1 b0 e7 74 09 51 5a ff 5f 90 84 00 00 00 00 eb c6 00 00 00 25 e7 10 f3 59 9b 50 1a ca 81 a5 04 08 80",""
857,3864,"PACKET","IN",207,35,"PlayerSync","id=207 bytes=35","cf 15 00 00 00 0d cb 23 30 d7 62 49 91 71 9f 1e 90 84 00 00 00 01 9e 65 80 00 00 00 00 00 01 28 00 04 11",""
858,3864,"PACKET","IN",207,45,"PlayerSync","id=207 bytes=45","cf 1c 00 af 80 6e 7f c0 00 33 5b a2 b0 db 1c 89 91 5a 1a 1e 90 84 00 00 00 02 a3 e7 e0 00 01 0d aa a0 f4 d9 2d 90 2f fd fd 00 00 00 80",""
859,3864,"PACKET","IN",207,45,"PlayerSync","id=207 bytes=45","cf 4b 00 ea 7f e2 7f c0 00 13 ca a3 f0 f3 d5 49 91 56 ec 1e 90 80 00 00 00 03 99 e6 00 00 03 36 4f 04 f7 07 a2 2f 27 fd fd a5 04 04 80",""
860,3864,"PACKET","IN",200,44,"VehicleSync","id=200 bytes=44","c8 a6 00 1d 00 05 00 c1 ff 08 00 5c d0 29 80 0d ab 4f 83 20 0c 3e 3c c2 44 53 76 97 d4 24 e2 85 63 f0 00 02 b8 0f 87 f2 70 2f 00 00",""
861,3865,"PACKET","IN",207,45,"PlayerSync","id=207 bytes=45","cf 4f 00 8d 80 65 bf c0 00 00 d8 21 b0 d1 f4 09 51 42 81 1f d0 84 00 00 00 01 6f c6 00 00 03 11 ba 9c f0 ad 8f 58 23 1e 91 a5 04 08 80",""
862,3865,"PACKET","IN",207,35,"PlayerSync","id=207 bytes=35","cf 85 00 00 00 18 e4 22 b0 cb 69 09 91 7a 98 de 90 80 00 00 00 03 74 25 80 00 00 00 00 00 01 a5 04 e8 80",""
863,3891,"PACKET","IN",207,45,"PlayerSync","id=207 bytes=45","cf 1c 00 b0 00 6e bf c0 00 36 9d a2 b0 d7 1c 09 91 71 9a 1e 90 84 00 00 00 01 87 e3 e0 00 01 09 d2 d8 f7 ed 19 98 37 fd fd 00 00 00 80",""
864,3891,"PACKET","IN",200,44,"VehicleSync","id=200 bytes=44","c8 20 00 41 00 e0 ff f7 ff 08 00 0c b0 25 a0 50 3a a7 1f 19 5c 3b 6c 82 54 53 f8 17 a4 20 1a db b3 cd ef ee 89 0f 77 e2 40 3f 00 00",""
865,3891,"PACKET","IN",207,35,"PlayerSync","id=207 bytes=35","cf 46 00 00 00 3e ca 23 30 fc 9b 89 91 68 df 1e 90 84 00 00 00 03 0d 37 c0 00 00 00 00 00 01 28 00 04 11",""
866,3891,"PACKET","IN",207,45,"PlayerSync","id=207 bytes=45","cf 4b 00 eb ff e1 ff c0 00 32 46 23 f0 cf 55 c9 91 4d eb 9e 90 80 00 00 00 00 e5 f2 00 00 02 ed 7a e4 f4 c3 af cf 17 fd fd a5 04 04 80",""
867,3892,"PACKET","IN",207,45,"PlayerSync","id=207 bytes=45","cf 4f 00 8d 80 65 ff c0 00 20 98 21 b0 ff 73 c9 51 42 42 5f d0 84 00 00 00 01 87 c6 00 00 03 1e 36 24 f0 31 9b dc 1a 4e 81 a5 04 08 80",""
868,3892,"PACKET","IN",207,35,"PlayerSync","id=207 bytes=35","cf 79 00 00 00 38 43 a3 30 e6 09 89 91 63 a0 5e 90 84 00 00 00 01 83 df 40 00 00 00 00 00 01 a5 04 04 80",""
869,3933,"PACKET","IN",207,45,"PlayerSync","id=207 bytes=45","cf 1c 00 b0 80 6e bf c0 00 1b 9e e2 b0 d2 5b c9 91 7f 1a 1e 90 84 00 00 00 02 e3 df e0 00 02 86 fa e4 f7 6d 0c 04 3f fd fd 00 00 00 80",""
870,3933,"PACKET","IN",207,45,"PlayerSync","id=207 bytes=45","cf 4f 00 8e 00 66 3f c0 00 33 58 21 b0 f1 33 c9 51 7c c2 df d0 84 00 00 00 03 ff c2 00 00 00 dc bd 80 f3 05 ac 8c 10 92 65 a5 04 08 80",""
871,3933,"PACKET","IN",207,45,"PlayerSync","id=207 bytes=45","cf 4b 00 ec ff e1 ff c0 00 32 46 23 f0 ef 16 09 91 60 2b 5e 90 80 00 00 00 03 f1 f2 00 00 03 e1 71 04 f7 fd ff ff ff fd fd a5 04 04 80",""
872,3934,"PACKET","IN",200,44,"VehicleSync","id=200 bytes=44","c8 a6 00 1d 00 04 00 c1 ff 08 00 58 50 3f 40 1a 7b 44 e2 60 3c 3f dc c2 44 51 66 47 d4 2d 70 05 83 f0 00 05 38 09 57 f2 70 2f 00 00",""
873,3961,"PACKET","IN",207,45,"PlayerSync","id=207 bytes=45","cf 1c 00 b1 80 6e ff c0 00 36 21 22 b0 ce 5b 49 91 5a 9a 5e 90 84 00 00 00 00 3b db e0 00 00 ae 6e dc f6 c8 fd 48 47 fd fd 00 00 00 80",""
874,3961,"PACKET","IN",207,45,"PlayerSync","id=207 bytes=45","cf 4f 00 8f 80 66 7f c0 00 18 58 21 b0 e0 f3 c9 51 72 01 df d0 84 00 00 00 03 2f be 00 00 00 7d 9c 98 f0 9e 65 a8 1b 81 81 a5 04 08 80",""
875,3962,"PACKET","IN",200,38,"VehicleSync","id=200 bytes=38","c8 3f 00 4b 00 00 00 00 00 00 00 59 a0 c6 10 35 58 b2 16 5e ac 32 5b 62 b4 58 63 b9 b4 20 00 00 00 06 80 3a 00 00",""
876,3962,"PACKET","IN",200,38,"VehicleSync","id=200 bytes=38","c8 3f 00 4b 00 00 00 00 00 00 00 58 f0 c6 60 35 68 b2 16 5e ac 32 5b 62 b4 58 93 b9 b4 20 00 00 00 06 80 3a 00 00",""
877,3962,"PACKET","IN",207,45,"PlayerSync","id=207 bytes=45","cf 4f 00 96 00 67 7f c0 00 03 98 21 b0 d8 f3 c9 51 62 c1 1f d0 84 00 00 00 03 0f a6 00 00 01 7c 64 40 f1 6a 90 20 39 d9 49 a5 04 08 80",""
878,3989,"PACKET","IN",207,45,"PlayerSync","id=207 bytes=45","cf 4b 00 ed 7f e1 bf c0 00 32 46 23 f0 c7 56 89 91 75 ab 1e 90 80 00 00 00 00 c5 f6 00 00 02 53 c1 04 f7 fd ff ff ff fd fd a5 04 04 80",""
879,3990,"PACKET","IN",207,45,"PlayerSync","id=207 bytes=45","cf 4f 00 96 00 67 7f c0 00 1f d7 e1 b0 d2 73 c9 51 78 bf 9f 90 84 00 00 00 03 57 a6 00 00 01 5c f0 14 f2 de eb f0 a6 54 d5 a5 04 08 80",""
880,3990,"PACKET","IN",207,35,"PlayerSync","id=207 bytes=35","cf 7e 00 00 00 19 9f e8 30 f4 7c 8a 51 40 30 1e 90 80 00 00 00 03 1d 3f 94 00 00 00 00 00 01 a5 04 08 80",""
881,3990,"PACKET","IN",203,34,"AimSync","id=203 bytes=34","cb 7e 00 04 33 65 17 3f 26 9f 2c 3f 24 6d e2 3e 2d 32 a1 c3 56 d9 29 45 ef f8 78 42 00 00 00 00 3f c6",""
882,4015,"PACKET","IN",207,45,"PlayerSync","id=207 bytes=45","cf 1c 00 b2 00 6e ff c0 00 03 65 22 b0 d2 da 89 91 47 5a 9e 90 84 00 00 00 00 1f d3 e0 00 03 93 a2 a4 f6 24 e3 38 57 fd fd 00 00 00 80",""
883,4015,"RPC","IN",105,19,"TextDrawSetString","id=105 bytes=19","2f 01 0f 00 30 39 20 41 67 75 73 74 75 73 20 32 30 32 36",""
884,4015,"RPC","IN",105,12,"TextDrawSetString","id=105 bytes=12","30 01 08 00 31 32 3a 31 34 3a 31 32",""
885,4015,"PACKET","IN",207,35,"PlayerSync","id=207 bytes=35","cf 0b 00 00 00 36 74 e3 70 df 22 89 91 49 e4 1e 90 80 00 00 00 00 42 8b c0 00 00 00 00 00 01 a5 04 e8 80",""
886,4015,"PACKET","IN",207,35,"PlayerSync","id=207 bytes=35","cf 1b 00 00 00 02 a3 63 70 d7 5a c9 91 7b a3 1e 90 80 00 00 00 00 d6 93 00 00 00 00 00 00 01 28 00 04 11",""
887,4015,"PACKET","IN",203,34,"AimSync","id=203 bytes=34","cb 1b 00 04 29 75 6f bf ca c2 06 3c d0 03 b5 be f5 42 8d c3 48 6b 26 45 5b d3 7d 42 00 00 00 00 3f 1a",""
888,4015,"PACKET","IN",200,44,"VehicleSync","id=200 bytes=44","c8 a6 00 1d 00 03 00 c1 ff 08 00 5a a0 44 50 37 8b 44 bb 50 6c 33 1c d2 44 5e a5 37 d4 25 f3 45 a3 f0 00 09 48 05 f7 f2 70 2f 00 00",""
889,4015,"PACKET","IN",200,44,"VehicleSync","id=200 bytes=44","c8 20 00 41 00 95 ff d3 ff 08 00 04 f0 1a d0 6f fa 82 fd f9 5c 32 8c 92 54 53 17 d7 a4 2f 53 42 43 df cf ba f9 f7 47 d2 40 3f 00 00",""
890,4015,"PACKET","IN",207,45,"PlayerSync","id=207 bytes=45","cf 4f 00 9b 80 68 7f c0 00 3b d7 a1 b0 cd b3 c9 51 46 3e 5f 90 84 00 00 00 00 7f 8e 00 00 02 ec e4 24 f0 eb 09 ac ee 60 a9 a5 04 08 80",""
891,4042,"PACKET","IN",200,44,"VehicleSync","id=200 bytes=44","c8 20 00 41 00 96 ff d3 ff 08 00 01 e0 1d a0 6b ca 7d fd 39 5c 38 fc 92 54 5d 97 a7 a4 2e 83 14 23 da 6f 9a ea 7f 57 c2 40 3f 00 00",""
892,4042,"PACKET","IN",207,45,"PlayerSync","id=207 bytes=45","cf 4f 00 9d 80 68 ff c0 00 3a d7 61 b0 c9 b3 c9 51 57 fb 9f 90 84 00 00 00 01 83 7e 00 00 01 6c f0 b4 f0 83 2b 81 6c 68 79 a5 04 08 80",""
893,4065,"PACKET","IN",200,38,"VehicleSync","id=200 bytes=38","c8 3f 00 4b 00 00 00 00 00 00 00 58 70 c6 a0 35 78 b2 16 5e ac 32 5b 62 b4 58 c3 b9 b4 20 00 00 00 06 80 3a 00 00",""
894,4065,"PACKET","IN",207,45,"PlayerSync","id=207 bytes=45","cf 4b 00 ed 7f e1 bf c0 00 29 84 e3 f0 e4 d7 49 91 70 6a 9e 90 80 00 00 00 03 11 ee 00 00 02 47 22 30 f6 f2 95 3b eb fd fd a5 04 04 80",""
895,4065,"PACKET","IN",207,45,"PlayerSync","id=207 bytes=45","cf 4f 00 9f 00 69 7f c0 00 06 57 61 b0 c7 73 c9 51 59 39 5f 90 84 00 00 00 02 7f 6a 00 00 03 e2 b4 d4 f0 8f 2b 01 9b 08 69 a5 04 08 80",""
896,4065,"PACKET","IN",207,35,"PlayerSync","id=207 bytes=35","cf 51 00 00 00 2e e7 28 30 ea ff 89 91 7b 67 1f 10 84 00 00 00 03 a6 8b c0 00 00 00 00 00 01 28 00 04 11",""
897,4065,"PACKET","IN",200,44,"VehicleSync","id=200 bytes=44","c8 20 00 41 00 98 ff d0 ff 08 00 01 80 1d c0 6a 6a 51 7c 59 5c 33 0c a2 54 5a 27 77 a4 23 11 c6 43 d9 0f 78 fa d8 77 c2 40 3f 00 00",""
898,4065,"PACKET","IN",207,45,"PlayerSync","id=207 bytes=45","cf 4f 00 9f 80 69 7f c0 00 02 97 21 b0 c5 b3 c9 51 59 76 5f 90 84 00 00 00 03 f3 5a 00 00 03 1d b9 48 f1 1b 24 d5 c0 fc 61 a5 04 08 80",""
899,4065,"RPC","IN",105,7,"TextDrawSetString","id=105 bytes=7","26 08 03 00 31 30 30",""
900,4065,"RPC","IN",105,5,"TextDrawSetString","id=105 bytes=5","27 08 01 00 30",""
901,4065,"RPC","IN",105,6,"TextDrawSetString","id=105 bytes=6","28 08 02 00 34 36",""
902,4065,"RPC","IN",105,5,"TextDrawSetString","id=105 bytes=5","29 08 01 00 32",""
903,4066,"RPC","IN",105,7,"TextDrawSetString","id=105 bytes=7","2a 08 03 00 31 30 30",""
904,4092,"PACKET","IN",207,45,"PlayerSync","id=207 bytes=45","cf 1c 00 b2 80 6e ff c0 00 18 eb a2 b0 fd 99 49 91 54 9a de 90 84 00 00 00 00 ab c3 e0 00 02 2b 32 98 f7 f0 bb 98 73 fd fd 00 00 00 80",""
905,4093,"PACKET","IN",207,35,"PlayerSync","id=207 bytes=35","cf 4d 00 00 00 19 5f dc f0 c3 00 c9 91 7b ec 9e 90 80 00 00 00 00 39 bc 80 00 00 00 00 00 01 a8 04 04 11",""
906,4093,"PACKET","IN",203,34,"AimSync","id=203 bytes=34","cb 4d 00 04 4a 83 44 bf 31 9a 1a bf d6 b3 5b be ed 3d 71 c3 71 1f 26 45 ed 9e 7f 42 00 00 00 00 3f 48",""
907,4093,"PACKET","IN",207,35,"PlayerSync","id=207 bytes=35","cf 7c 00 00 00 38 64 25 b0 e1 1a 09 d1 6c 24 9f 10 80 00 00 00 01 b1 ee 40 00 00 00 00 00 01 28 00 04 11",""
908,4093,"PACKET","IN",207,45,"PlayerSync","id=207 bytes=45","cf 1c 00 b2 00 6e ff c0 00 0d 6d 22 b0 c7 19 49 91 65 9a de 90 84 00 00 00 02 73 bf e0 00 03 8d b2 b8 f7 68 b2 b8 7b fd fd 00 00 00 80",""
909,4093,"PACKET","IN",200,44,"VehicleSync","id=200 bytes=44","c8 a6 00 1d 00 01 00 c0 ff 08 00 5f 90 49 70 35 db 4e 04 c0 ac 38 ac d2 44 5d d4 17 d4 2c 96 25 c3 f0 10 0e 28 06 07 f2 70 2f 00 00",""
910,4117,"PACKET","IN",207,45,"PlayerSync","id=207 bytes=45","cf 1c 00 b2 00 6e bf c0 00 0b 2e a2 b0 d0 99 09 91 77 1a de 90 84 00 00 00 00 9b bf e0 00 00 51 9a c0 f6 9c ae e0 7f fd fd 00 00 00 80",""
911,4117,"PACKET","IN",207,45,"PlayerSync","id=207 bytes=45","cf 4f 00 9f 80 69 7f c0 00 32 d6 a1 b0 c4 33 c9 51 62 f2 9f 90 84 00 00 00 01 07 4e 00 00 00 43 11 d4 f0 7b 1c 29 d8 2c 59 a5 04 08 80",""
912,4117,"PACKET","IN",207,35,"PlayerSync","id=207 bytes=35","cf 5b 00 00 00 3f c4 a6 f0 d9 07 09 d1 7b 67 1f 10 84 00 00 00 01 2a 42 00 00 00 00 00 00 01 28 00 04 11",""
913,4117,"PACKET","IN",203,34,"AimSync","id=203 bytes=34","cb 5b 00 04 d7 91 25 3f 21 aa e9 be 2b 70 1c bf 58 7a 9b c3 81 25 27 45 3e 08 81 42 00 00 00 00 23 27",""
914,4117,"PACKET","IN",200,44,"VehicleSync","id=200 bytes=44","c8 20 00 41 00 99 ff cf ff 08 00 02 50 1c 10 61 fa 39 9b 59 5c 3f 0c a2 54 5f 77 37 a4 21 66 78 13 d2 af 56 2b 33 47 c2 40 3f 00 00",""
915,4117,"PACKET","IN",200,38,"VehicleSync","id=200 bytes=38","c8 3f 00 4b 00 00 00 00 00 00 00 58 b0 c6 a0 35 88 b2 06 5e ac 32 5b 62 b4 58 a3 b9 b4 20 00 00 00 06 80 3a 00 00",""
916,4142,"PACKET","IN",207,45,"PlayerSync","id=207 bytes=45","cf 4b 00 ee ff e1 bf c0 00 27 bb e3 b0 d9 98 49 91 7b a9 5e 90 80 00 00 00 03 0d ee 00 00 02 d9 fb 08 f6 7b ad 2b 17 fd fd a5 04 04 80",""
917,4142,"PACKET","IN",207,45,"PlayerSync","id=207 bytes=45","cf 4f 00 a0 00 69 7f c0 00 1f 16 61 b0 c3 33 c9 51 78 ae 5f 90 84 00 00 00 03 ff 36 00 00 03 15 36 2c f3 f7 0d bd e7 00 4d a5 04 08 80",""
918,4143,"RPC","IN",87,2,"ClearPlayerAnimation","id=87 bytes=2","1a 00",""
919,4143,"RPC","IN",86,29,"ApplyPlayerAnimation","id=86 bytes=29","1a 00 05 43 41 52 52 59 0b 63 72 72 79 5f 70 72 74 69 61 6c 33 33 83 40 00 00 00 00 00",""
920,4166,"PACKET","IN",207,35,"PlayerSync","id=207 bytes=35","cf 02 00 00 00 08 a8 a2 70 e7 a8 c9 91 7a 9d 5e 90 84 00 00 00 00 fc 56 c0 00 00 00 00 00 01 28 00 04 11",""
921,4166,"PACKET","IN",207,45,"PlayerSync","id=207 bytes=45","cf 4b 00 ef 7f e1 7f c0 00 30 f7 e3 b0 e9 58 89 91 41 29 1e 90 80 00 00 00 02 0d ee 00 00 00 85 7b 08 f5 57 b0 a7 13 fd fd a5 04 04 80",""
922,4167,"PACKET","IN",207,45,"PlayerSync","id=207 bytes=45","cf 4f 00 a0 00 69 7f c0 00 36 d5 e1 b0 c2 73 c9 51 46 e8 df 90 84 00 00 00 03 9f 26 00 00 03 e9 1a 98 f2 42 fc f9 f3 d8 41 a5 04 08 80",""
923,4167,"PACKET","IN",207,35,"PlayerSync","id=207 bytes=35","cf 76 00 00 00 3a e1 aa b0 f0 5e c9 d1 5c 1b 9f 50 80 00 00 00 03 3b c3 40 00 00 00 00 00 01 00 00 00 80",""
924,4167,"PACKET","IN",203,34,"AimSync","id=203 bytes=34","cb 76 00 04 6f 19 76 3f ea 60 6f 3e ef 1d 15 be 67 15 ac c3 a4 6f 27 45 da db 80 42 00 00 00 00 3f ff",""
925,4167,"PACKET","IN",207,45,"PlayerSync","id=207 bytes=45","cf 1c 00 b2 00 6e 7f c0 00 29 73 22 b0 f0 d8 49 91 6d 1b 1e 90 84 00 00 00 00 53 b7 e0 00 00 31 9a c0 f6 04 9e 10 8f fd fd 00 00 00 80",""
926,4167,"PACKET","IN",200,44,"VehicleSync","id=200 bytes=44","c8 20 00 41 00 9a ff ce ff 08 00 03 b0 18 f0 6e 89 fb aa 39 5c 3e ac b2 54 57 16 f7 a4 2b 2a 89 13 d1 4f 3e 3b 7f d7 b2 40 3f 00 00",""
927,4167,"PACKET","IN",207,45,"PlayerSync","id=207 bytes=45","cf 4f 00 a0 00 69 3f c0 00 17 d5 a1 b0 c1 f3 c9 51 61 62 df 90 84 00 00 00 03 43 1a 00 00 01 91 76 f0 f2 72 e6 bd f6 e0 35 a5 04 08 80",""
928,4191,"PACKET","IN",207,35,"PlayerSync","id=207 bytes=35","cf 54 00 00 00 27 65 68 30 dc 13 49 d1 7b 67 1f 10 84 00 00 00 01 87 f6 c0 00 00 00 00 00 01 28 00 04 11",""
929,4191,"PACKET","IN",200,44,"VehicleSync","id=200 bytes=44","c8 a6 00 1d 00 00 00 ba ff 08 00 56 70 44 a0 35 4b 4c ce f0 dc 3f fc d2 44 5b 92 e7 d4 26 88 f5 e3 f0 10 00 f8 13 57 f2 70 2f 00 00",""
930,4191,"PACKET","IN",200,38,"VehicleSync","id=200 bytes=38","c8 3f 00 4b 00 00 00 00 00 00 00 58 c0 c6 a0 35 98 b2 06 5e ac 32 5b 62 b4 58 a3 b9 b4 20 00 00 00 06 80 3a 00 00",""
931,4192,"PACKET","IN",207,45,"PlayerSync","id=207 bytes=45","cf 4b 00 ef ff e1 7f c0 00 02 73 e3 b0 fd d8 c9 91 7f a8 5e 90 80 00 00 00 00 d9 ee 00 00 01 6c 8e e4 f4 bb b1 9f 13 fd fd a5 04 04 80",""
932,4214,"PACKET","IN",207,35,"PlayerSync","id=207 bytes=35","cf 1a 00 00 00 28 14 e5 b0 cd 83 09 d1 6c 24 9f 10 80 00 00 00 03 eb 49 80 00 00 00 00 00 01 a5 04 e8 80",""
933,4214,"PACKET","IN",207,45,"PlayerSync","id=207 bytes=45","cf 1c 00 b2 00 6e 3f c0 00 0d f7 62 b0 eb d7 c9 91 5e 1b 5e 90 84 00 00 00 02 ef af e0 00 03 2d b6 b4 f4 10 97 dc 97 fd fd 00 00 00 80",""
934,4214,"PACKET","IN",200,44,"VehicleSync","id=200 bytes=44","c8 20 00 41 00 9a ff ce ff 08 00 05 20 15 30 6a 79 ce c9 29 5c 3f 0c c2 54 5c e6 a7 a4 2d 36 89 f3 d7 bf 0e cb ca c7 b2 40 3f 00 00",""
935,4215,"PACKET","IN",207,45,"PlayerSync","id=207 bytes=45","cf 4f 00 9f 80 69 3f c0 00 2e 15 21 b0 c1 b3 c9 51 4a 9b 1f 90 84 00 00 00 00 f7 0e 00 00 02 8f df 7c f2 e6 c6 95 f8 3c 29 a5 04 08 80",""
936,4215,"PACKET","IN",207,49,"PlayerSync","id=207 bytes=49","cf 30 00 00 00 22 fe a6 b0 cf 96 c9 d1 7b 67 1f 10 84 00 00 00 01 bd d3 00 00 00 00 00 00 03 ff fe 00 00 00 00 00 00 00 00 00 00 00 01 28 00 04 11",""
937,4215,"PACKET","IN",207,35,"PlayerSync","id=207 bytes=35","cf 76 00 00 00 3a e1 aa b0 f0 5e c9 d1 5c 1b 9f 50 80 00 00 00 03 3b c3 40 00 00 00 00 00 01 00 00 00 80",""
938,4242,"PACKET","IN",207,45,"PlayerSync","id=207 bytes=45","cf 4b 00 ef 7f e1 7f c0 00 00 ae a3 b0 e8 d9 49 91 5c a7 de 90 80 00 00 00 01 a9 e6 00 00 01 ed 5a cc f4 03 b2 c7 13 fd fd a5 04 04 80",""
939,4242,"PACKET","IN",207,45,"PlayerSync","id=207 bytes=45","cf 4f 00 9f 00 68 ff c0 00 28 94 a1 b0 c1 73 c9 51 5f 4c 5f 90 84 00 00 00 01 63 02 00 00 00 35 fc 54 f4 02 8d 9d ff 84 11 a5 04 08 80",""
940,4242,"PACKET","IN",203,34,"AimSync","id=203 bytes=34","cb 4f 00 04 46 c5 47 bf e3 6b 1b bf dc 75 19 be 5f d8 85 c3 e9 da 25 45 30 aa 80 42 00 00 00 00 3f 26",""
941,4242,"PACKET","IN",207,35,"PlayerSync","id=207 bytes=35","cf 97 00 00 00 39 55 a5 b0 df 38 c9 91 6c 24 9f 10 80 00 00 00 01 30 6f e8 00 00 00 00 00 01 28 00 04 11",""
942,4243,"PACKET","IN",200,44,"VehicleSync","id=200 bytes=44","c8 20 00 41 00 9a ff cd ff 08 00 06 30 10 a0 6a c9 87 a7 f9 5c 33 dc e2 54 5f 96 47 a4 27 c9 0a e3 d0 fe e2 fc 17 77 b2 40 3f 00 00",""
943,4264,"PACKET","IN",207,35,"PlayerSync","id=207 bytes=35","cf 2d 00 00 00 37 8d 62 b0 cb e9 09 91 5c 9a de 90 80 00 00 00 01 5c 03 c0 00 00 00 00 00 01 28 00 04 11",""
944,4265,"PACKET","IN",207,45,"PlayerSync","id=207 bytes=45","cf 4f 00 9f 00 68 ff c0 00 38 94 61 b0 c1 33 c9 51 5d be 1f 50 84 00 00 00 02 12 ee 00 00 03 cd 78 dc f5 76 36 cd fe cc 01 a5 04 08 80",""
945,4265,"PACKET","IN",200,44,"VehicleSync","id=200 bytes=44","c8 a6 00 1d 00 00 00 b5 ff 08 00 52 90 38 c0 34 ab 47 a9 81 1c 38 0c e2 44 56 11 17 d4 24 ba 45 f3 f0 20 01 88 1d 77 e2 70 2f 00 00",""
946,4293,"PACKET","IN",200,44,"VehicleSync","id=200 bytes=44","c8 20 00 41 00 9a ff cd ff 00 00 02 c0 23 60 56 29 42 86 c9 5c 3b 0c f2 54 5a b5 f7 a4 28 d7 9a e3 d2 4e a5 fc 73 37 b2 40 3f 00 00",""
947,4293,"PACKET","IN",207,45,"PlayerSync","id=207 bytes=45","cf 4b 00 ed 7f e1 bf c0 00 25 aa 63 b0 ff 59 89 91 5b e7 5e 90 80 00 00 00 03 79 d2 00 00 03 26 2a d0 f7 8f a9 a3 1b fd fd a5 04 04 80",""
948,4293,"PACKET","IN",207,45,"PlayerSync","id=207 bytes=45","cf 4f 00 9e 00 68 7f c0 00 38 94 61 b0 c1 33 c9 51 70 ad 5f 50 84 00 00 00 00 be e6 00 00 03 8e dd 74 f7 fd ff 8d fc 00 01 a5 04 08 80",""
949,4293,"RPC","IN",16,16,"PlaySound","id=16 bytes=16","42 51 00 00 00 00 00 00 00 00 00 00 00 00 00 00",""
950,4293,"RPC","IN",134,80,"ShowTextDraw","id=134 bytes=80","2b 08 11 9a 99 19 3f 00 00 00 40 1a ff 00 aa 00 00 cc 42 00 00 a0 41 00 00 00 32 00 01 00 00 00 ff 04 00 00 00 59 43 00 00 b8 43 00 00 00 00 00 00 00 00 00 00 00 00 00 00 00 00 80 3f ff ff ff ff 0d 00 6c 64 5f 64 75 61 6c 3a 77 68 69 74 65",""
951,4294,"PACKET","IN",207,45,"PlayerSync","id=207 bytes=45","cf 1c 00 b2 00 6e 3f c0 00 2a 7c a2 b0 e7 96 c9 91 5c db 9e 90 84 00 00 00 01 9f 9b e0 00 01 1d 95 d0 f7 fd fc 00 03 fd fd 00 00 00 80",""
952,4294,"PACKET","IN",207,35,"PlayerSync","id=207 bytes=35","cf 92 00 00 00 25 16 23 30 ce c8 89 91 43 23 5e 90 80 00 00 00 03 bd 7d c0 00 00 00 00 00 01 a5 04 04 80",""
953,4294,"RPC","IN",87,2,"ClearPlayerAnimation","id=87 bytes=2","51 00",""
954,4294,"RPC","IN",86,29,"ApplyPlayerAnimation","id=86 bytes=29","51 00 05 43 41 52 52 59 0b 63 72 72 79 5f 70 72 74 69 61 6c 33 33 83 40 00 00 00 00 00",""
955,4318,"PACKET","IN",207,45,"PlayerSync","id=207 bytes=45","cf 4b 00 ec 7f e1 ff c0 00 2c 26 a3 b0 d4 da 09 91 63 a6 de 90 80 00 00 00 00 09 ca 00 00 01 8c be d4 f7 eb 9e 8f 2b fd fd a5 04 04 80",""
956,4318,"PACKET","IN",207,45,"PlayerSync","id=207 bytes=45","cf 4f 00 9d 80 68 7f c0 00 38 94 61 b0 c1 33 c9 51 56 59 df 50 84 00 00 00 02 5a d6 00 00 03 41 f6 08 f7 fd ff cd fc 00 01 a5 04 08 80",""
957,4319,"PACKET","IN",200,44,"VehicleSync","id=200 bytes=44","c8 20 00 41 00 9a ff cd ff 00 00 0e 20 3a f0 3f b8 f5 75 99 5c 33 fd 12 54 53 f5 b7 a4 22 0e 8a 83 d4 1e 77 7c be e7 a2 40 3f 00 00",""
958,4319,"PACKET","IN",200,38,"VehicleSync","id=200 bytes=38","c8 3f 00 4b 00 00 00 00 00 00 00 58 30 c6 f0 35 a8 b2 06 5e ac 32 5b 62 b4 58 c3 b9 b4 20 00 00 00 06 80 3a 00 00",""
959,4319,"PACKET","IN",207,45,"PlayerSync","id=207 bytes=45","cf 4f 00 9d 00 68 7f c0 00 38 94 61 b0 c1 33 c9 51 55 82 5f 50 84 00 00 00 03 7a ca 00 00 03 c7 56 58 f7 fd ff f9 fc 00 01 a5 04 08 80",""
960,4341,"PACKET","IN",207,45,"PlayerSync","id=207 bytes=45","cf 4b 00 eb ff e1 ff c0 00 12 63 23 b0 ec 1a 49 91 6d 66 5e 90 80 00 00 00 01 09 c2 00 00 03 bb 9e bc f4 53 98 e3 37 fd fd a5 04 04 80",""
961,4341,"PACKET","IN",200,44,"VehicleSync","id=200 bytes=44","c8 a6 00 1d 00 00 00 b5 ff 08 00 57 00 20 70 44 3b 4b 0a 71 4c 3e ac e2 44 57 7f 57 c4 29 74 f6 03 f0 20 00 e8 1c f7 e2 70 2f 00 00",""
962,4341,"PACKET","IN",203,34,"AimSync","id=203 bytes=34","cb a6 00 12 f1 1a 7d bf 69 85 df 3b 09 66 19 be b6 63 0f c3 51 ce 24 45 89 d2 81 42 00 00 00 00 22 21",""
963,4364,"PACKET","IN",200,38,"VehicleSync","id=200 bytes=38","c8 3f 00 4b 00 00 00 00 00 00 00 57 e0 c7 10 35 b8 b2 06 5e ac 32 5b 62 b4 58 d3 b9 b4 20 00 00 00 06 80 3a 00 00",""
964,4364,"PACKET","IN",203,34,"AimSync","id=203 bytes=34","cb 3f 00 12 51 3e 70 bf 6a ce b0 3e 77 bf ff bb 0c 7b e8 c3 9a 9f 2b 45 f2 f0 9c 42 00 00 00 00 3f 36",""
965,4364,"PACKET","IN",207,45,"PlayerSync","id=207 bytes=45","cf 4f 00 9d 00 68 7f c0 00 25 d3 61 b0 c1 33 c9 51 7b e9 9f 10 84 00 00 00 00 26 c2 00 00 03 88 c2 88 f4 b6 a8 06 00 98 1d a5 04 08 80",""
966,4364,"PACKET","IN",207,45,"PlayerSync","id=207 bytes=45","cf 1c 00 b2 00 6e 3f c0 00 2a 7c a2 b0 d6 d6 09 91 5c db 9e 90 84 00 00 00 00 1f 8f e0 00 00 4a c1 40 f7 fd fc 00 03 fd fd 00 00 00 80",""
967,4364,"PACKET","IN",200,44,"VehicleSync","id=200 bytes=44","c8 20 00 41 00 9b ff cc ff 00 00 07 20 54 c0 2d 18 b5 e4 89 5c 3c 9d 22 54 5b 65 67 a4 2e 83 aa 33 de fe 3c bc fa 57 a2 40 3f 00 00",""
968,4364,"PACKET","IN",203,34,"AimSync","id=203 bytes=34","cb 20 00 12 be f5 7c 3f 86 33 fc bc a7 26 1a be 49 56 98 c3 d5 d5 25 45 d3 fc 80 42 00 00 00 00 3f 37",""
969,4365,"PACKET","IN",207,35,"PlayerSync","id=207 bytes=35","cf 51 00 00 00 2e e7 28 30 ea ff 89 91 7b 67 1f 10 84 00 00 00 03 a6 8b c0 00 00 00 00 00 01 a5 04 e8 80",""
970,4365,"PACKET","OUT",207,69,"PlayerSync","id=207 bytes=69","cf 00 00 00 00 00 00 5f 9e a0 c3 95 ed 26 45 ed 9c 7c 42 0f 68 4f 3f 00 00 00 80 00 00 00 00 d5 0f 16 bf 64 00 00 00 00 00 00 00 00 00 00 00 00 00 00 00 00 00 00 00 00 00 00 00 00 00 00 00 00 00 28 00 04 11",""
971,4391,"PACKET","IN",207,35,"PlayerSync","id=207 bytes=35","cf 47 00 00 00 01 a4 e2 f0 e7 ce 49 91 62 9b de 90 84 00 00 00 00 fb 2f c0 00 00 00 00 00 01 fb 04 04 80",""
972,4391,"PACKET","IN",207,45,"PlayerSync","id=207 bytes=45","cf 4b 00 ec 7f e1 ff c0 00 1f 5f 63 b0 c8 9a c9 91 7b a5 de 90 80 00 00 00 00 c1 c2 00 00 03 bf 66 98 f7 8f 93 13 3b fd fd a5 04 04 80",""
973,4391,"PACKET","IN",207,45,"PlayerSync","id=207 bytes=45","cf 4f 00 9c 80 68 3f c0 00 26 13 61 b0 c1 33 c9 51 55 4e 9f 10 84 00 00 00 03 86 ba 00 00 01 fe 22 b4 f7 c5 fc 02 00 00 01 a5 04 08 80",""
974,4412,"PACKET","IN",200,44,"VehicleSync","id=200 bytes=44","c8 20 00 41 00 9b ff cc ff 00 00 0a f0 62 f0 1a b8 76 13 89 5c 35 dd 42 54 59 05 17 a4 22 b9 59 d3 d8 3e 0e 2d 36 87 a2 40 3f 00 00",""
975,4412,"PACKET","IN",207,45,"PlayerSync","id=207 bytes=45","cf 4b 00 ed ff e1 bf c0 00 3a 5b e3 b0 dd 9b 09 91 53 e5 de 90 80 00 00 00 00 61 ca 00 00 01 56 4e 74 f7 5f 93 53 3b fd fd a5 04 04 80",""
976,4412,"PACKET","IN",203,34,"AimSync","id=203 bytes=34","cb 4b 00 04 bc 58 6c 3f 9d 3b b2 3e 5b 97 26 be 89 a2 8f c3 f9 5d 26 45 d2 af 7e 42 00 00 00 00 3f 22",""
977,4412,"PACKET","IN",207,45,"PlayerSync","id=207 bytes=45","cf 4f 00 9c 80 68 3f c0 00 26 13 61 b0 c1 33 c9 51 66 6c 1e d0 84 00 00 00 03 86 ba 00 00 03 21 77 10 f7 fd fc 02 00 00 01 a5 04 08 80",""
978,4413,"PACKET","IN",207,35,"PlayerSync","id=207 bytes=35","cf 85 00 00 00 18 e4 22 b0 cb 69 09 91 7a 98 de 90 80 00 00 00 03 74 25 80 00 00 00 00 00 01 a5 04 e8 80",""
979,4413,"PACKET","IN",203,34,"AimSync","id=203 bytes=34","cb 85 00 04 1f 5c 3c bf 45 cd b8 3e 3c b1 12 bf 4d e3 89 c3 90 99 26 45 5c 80 80 42 00 00 00 00 3f c6",""
980,4413,"PACKET","IN",200,44,"VehicleSync","id=200 bytes=44","c8 a6 00 1d 00 00 00 b5 ff 08 00 52 e0 29 80 43 eb 4c 15 41 8c 36 3c f2 44 5c 2d 37 c4 21 61 b6 13 f0 20 00 28 1d 77 e2 70 2f 00 00",""
981,4413,"PACKET","OUT",205,9,"UNKNOWN_PACKET","id=205 bytes=9","cd b8 4a 04 00 00 00 00 00",""
982,4413,"PACKET","OUT",203,32,"AimSync","id=203 bytes=32","cb 04 b6 ab 68 bf f9 7e e3 3d e4 d4 cd be 94 07 9f c3 5f e7 26 45 68 51 82 42 00 00 00 00 3f c6",""
983,4442,"PACKET","IN",207,35,"PlayerSync","id=207 bytes=35","cf 15 00 00 00 0d cb 23 30 d7 62 49 91 71 9f 1e 90 84 00 00 00 01 9e 65 80 00 00 00 00 00 01 28 00 04 11",""
984,4442,"PACKET","IN",207,45,"PlayerSync","id=207 bytes=45","cf 1c 00 b2 00 6e 3f c0 00 03 00 e2 f0 cf 95 09 91 4d 1b de 90 84 00 00 00 02 7b 83 e0 00 01 7c 22 c8 f6 7c 8d 94 9f fd fd 00 00 00 80",""
985,4443,"PACKET","IN",200,44,"VehicleSync","id=200 bytes=44","c8 20 00 41 00 9b ff cc ff 00 00 06 20 78 e0 06 08 45 32 c9 5c 3a 6d 52 54 5f e4 c7 a4 20 df e9 93 df 5d db bd 64 d7 a2 40 3f 00 00",""
986,4443,"PACKET","IN",200,38,"VehicleSync","id=200 bytes=38","c8 3f 00 4b 00 00 00 00 00 00 00 57 90 c7 30 35 b8 b2 06 5e ac 32 5b 62 b4 58 e3 b9 b4 20 00 00 00 06 80 3a 00 00",""
987,4443,"PACKET","IN",207,35,"PlayerSync","id=207 bytes=35","cf 46 00 00 00 3e ca 23 30 fc 9b 89 91 68 df 1e 90 84 00 00 00 03 0d 37 c0 00 00 00 00 00 01 28 00 04 11",""
988,4443,"PACKET","IN",207,45,"PlayerSync","id=207 bytes=45","cf 4b 00 ee ff e1 7f c0 00 08 98 a3 b0 f0 db 49 91 6b a5 9e 90 80 00 00 00 00 8d ce 00 00 03 4c 76 80 f4 8b 98 93 37 fd fd a5 04 04 80",""
989,4443,"PACKET","IN",207,45,"PlayerSync","id=207 bytes=45","cf 4f 00 9b 80 68 3f c0 00 26 13 61 b0 c1 33 c9 51 48 c6 9e d0 84 00 00 00 03 86 ba 00 00 00 e2 e7 68 f7 fd fc 02 00 00 01 6d 04 64 80",""
990,4443,"PACKET","IN",207,35,"PlayerSync","id=207 bytes=35","cf 79 00 00 00 38 43 a3 30 e6 09 89 91 63 a0 5e 90 84 00 00 00 01 83 df 40 00 00 00 00 00 01 a5 04 04 80",""
991,4467,"PACKET","IN",207,45,"PlayerSync","id=207 bytes=45","cf 1c 00 b2 00 6e 7f c0 00 27 82 a2 f0 e8 d4 c9 91 63 1b de 90 84 00 00 00 02 ef 7f e0 00 03 e8 ce bc f4 fc 53 9c eb fd fd 00 00 00 80",""
992,4467,"PACKET","IN",207,39,"PlayerSync","id=207 bytes=39","cf 4f 00 9b 80 68 3f c0 00 26 13 61 b0 c1 33 c9 51 53 af 1e 90 84 00 00 00 03 86 ba 00 00 01 c8 c7 b8 d5 6d 04 64 80",""
993,4493,"PACKET","IN",207,41,"PlayerSync","id=207 bytes=41","cf 1c 00 00 00 25 04 e2 f0 fc 54 89 91 7d 9b de 90 84 00 00 00 02 ef 7f e0 00 01 cb fe b4 f5 10 4d d8 f3 fd fd 00 00 00 80",""
994,4493,"PACKET","IN",203,34,"AimSync","id=203 bytes=34","cb 1c 00 04 64 d1 a5 bd aa 5a 7a bf 9e 25 45 be f7 06 8b c3 b3 59 26 45 02 2b 7d 42 00 00 00 00 3f ff",""
995,4493,"PACKET","IN",207,45,"PlayerSync","id=207 bytes=45","cf 4b 00 f0 ff e1 3f c0 00 28 d3 a3 b0 e4 5b c9 91 72 65 5e 90 80 00 00 00 03 99 d6 00 00 00 af e2 c4 f7 57 98 db 33 fd fd a5 04 04 80",""
996,4493,"PACKET","IN",200,44,"VehicleSync","id=200 bytes=44","c8 20 00 41 00 9b ff cc ff 00 00 00 10 80 00 04 18 00 f1 e9 5c 34 cd 72 54 5e 04 67 a4 2e 58 49 43 d7 9d 95 6d b2 47 a2 40 3f 00 00",""
997,4494,"PACKET","IN",207,45,"PlayerSync","id=207 bytes=45","cf 4f 00 9b 80 68 3f c0 00 26 13 61 b0 c1 73 c9 51 53 af 1e 90 84 00 00 00 03 86 ba 00 00 01 6c e4 08 e7 fd ff ff ff fd fd 6d 04 64 80",""
998,4521,"PACKET","IN",200,38,"VehicleSync","id=200 bytes=38","c8 3f 00 4b 00 00 00 00 00 00 00 57 d0 c7 20 35 c8 b2 06 5e ac 32 5b 62 b4 58 c3 b9 b4 20 00 00 00 06 80 3a 00 00",""
999,4521,"PACKET","IN",200,44,"VehicleSync","id=200 bytes=44","c8 a6 00 1d 00 00 00 b5 ff 08 00 53 50 2f f0 43 bb 43 00 51 cc 3d bc f2 44 58 0b 27 c4 2c de 46 13 f0 20 00 38 1d e7 e2 70 2f 00 00",""
1000,4521,"PACKET","IN",207,45,"PlayerSync","id=207 bytes=45","cf 4b 00 f3 7f e0 ff c0 00 0f 50 23 b0 f5 5c 09 91 48 25 5e 90 80 00 00 00 02 b1 e6 00 00 03 18 6e f4 f6 9b a2 cb 27 fd fd a5 04 04 80",""
1001,4521,"PACKET","IN",207,45,"PlayerSync","id=207 bytes=45","cf 4f 00 9b 00 68 3f c0 00 14 93 61 b0 c1 33 c9 51 54 ef 1e 90 84 00 00 00 03 86 ba 00 00 01 28 07 04 ea db fd e1 df fd fd 6d 04 64 80",""
1002,4546,"PACKET","IN",200,44,"VehicleSync","id=200 bytes=44","c8 20 00 41 00 9c ff cb ff 08 00 01 40 77 c0 0b b7 b7 b0 e9 5c 33 5d 92 54 5d 93 d7 a4 24 c6 4a 53 de 3d 6c fd d4 37 a2 40 3f 00 00",""
1003,4546,"PACKET","IN",207,35,"PlayerSync","id=207 bytes=35","cf 7e 00 00 00 19 9f e8 30 f4 7c 8a 51 40 30 1e 90 80 00 00 00 03 1d 3f 94 00 00 00 00 00 01 a5 04 08 80",""
1004,4570,"PACKET","IN",207,41,"PlayerSync","id=207 bytes=41","cf 1c 00 00 00 1c 0b 62 f0 fb d4 09 91 49 1c 5e 90 84 00 00 00 02 ef 7f e0 00 00 ff b5 74 f5 10 4d d8 f3 fd fd 00 00 00 80",""
1005,4571,"PACKET","IN",207,41,"PlayerSync","id=207 bytes=41","cf 4b 00 00 00 2a 4c 23 b0 c7 1c 89 91 5a a5 1e 90 80 00 00 00 02 b1 e6 00 00 02 40 be e0 f4 33 ac ab 1b fd fd a5 04 04 80",""
1006,4571,"PACKET","IN",207,45,"PlayerSync","id=207 bytes=45","cf 4f 00 9a 80 68 3f c0 00 14 93 61 b0 c2 73 c9 51 54 6f 1e 90 84 00 00 00 03 86 ba 00 00 03 60 c5 40 eb fd ff ff ff fd fd 6d 04 64 80",""
1007,4571,"PACKET","IN",207,35,"PlayerSync","id=207 bytes=35","cf 0b 00 00 00 36 74 e3 70 df 22 89 91 49 e4 1e 90 80 00 00 00 00 42 8b c0 00 00 00 00 00 01 a5 04 e8 80",""
1008,4571,"PACKET","IN",200,44,"VehicleSync","id=200 bytes=44","c8 20 00 41 00 9c ff cb ff 08 00 0c 80 53 90 15 a7 77 10 09 5c 31 8d b2 54 5e 43 47 a4 20 02 6b 33 d7 3d 2b de 16 07 a2 40 3f 00 00",""
1009,4592,"PACKET","IN",207,45,"PlayerSync","id=207 bytes=45","cf 4f 00 9a 80 68 3f c0 00 14 93 61 b0 c4 f3 c9 51 53 af 1e 90 84 00 00 00 03 86 ba 00 00 00 eb 0f c4 eb fd ff ff ff fd fd 6d 04 64 80",""
1010,4592,"PACKET","IN",200,44,"VehicleSync","id=200 bytes=44","c8 a6 00 1d 00 00 00 b5 ff 08 00 53 30 22 50 53 ab 4d 0b c1 fc 35 6d 02 44 57 49 17 c4 28 ba d6 23 f0 20 00 a8 1e 37 e2 70 2f 00 00",""
1011,4592,"PACKET","IN",200,38,"VehicleSync","id=200 bytes=38","c8 3f 00 4b 00 00 00 00 00 00 00 58 30 c7 00 35 c8 b2 06 5e ac 32 5b 62 b4 58 b3 b9 b4 20 00 00 00 06 80 3a 00 00",""
1012,4613,"PACKET","IN",207,45,"PlayerSync","id=207 bytes=45","cf 4f 00 9b 00 68 3f c0 00 14 93 61 b0 c7 b3 c9 51 52 af 1e 90 84 00 00 00 03 86 ba 00 00 00 d3 0f c4 eb fd ff ff ff fd fd 6d 04 64 80",""
1013,4613,"PACKET","IN",200,44,"VehicleSync","id=200 bytes=44","c8 20 00 41 00 9c ff ca ff 08 00 06 e0 40 40 2e e7 1f 2e f9 4c 38 0d d2 54 55 52 a7 a4 21 c2 fc 33 d7 dc ef 3e 47 27 a2 40 3f 00 00",""
1014,4641,"PACKET","IN",207,41,"PlayerSync","id=207 bytes=41","cf 4b 00 00 00 14 45 e3 b0 cb dd 09 91 50 24 de 90 80 00 00 00 02 b1 e6 00 00 03 73 b5 b8 f4 33 ac ab 1b fd fd a5 04 04 80",""
1015,4641,"PACKET","IN",207,35,"PlayerSync","id=207 bytes=35","cf 7c 00 00 00 38 64 25 b0 e1 1a 09 d1 6c 24 9f 10 80 00 00 00 01 b1 ee 40 00 00 00 00 00 01 28 00 04 11",""
1016,4641,"PACKET","IN",207,41,"PlayerSync","id=207 bytes=41","cf 1c 00 00 00 0b 90 62 f0 d9 d3 c9 91 43 1c 9e 90 84 00 00 00 02 ef 7f e0 00 00 0c dc 1c f5 10 4d d8 f3 fd fd 00 00 00 80",""
1017,4641,"PACKET","IN",207,35,"PlayerSync","id=207 bytes=35","cf 4d 00 00 00 19 5f dc f0 c3 00 c9 91 7b ec 9e 90 80 00 00 00 00 39 bc 80 00 00 00 00 00 01 a8 04 04 11",""
1018,4642,"PACKET","IN",207,45,"PlayerSync","id=207 bytes=45","cf 4f 00 9e 00 68 3f c0 00 14 93 61 b0 ca 73 c9 51 51 ef 1e 90 84 00 00 00 03 86 ba 00 00 00 e3 0f c4 eb fd ff ff ff fd fd 6d 04 64 80",""
1019,4665,"PACKET","IN",207,35,"PlayerSync","id=207 bytes=35","cf 02 00 00 00 08 a8 a2 70 e7 a8 c9 91 7a 9d 5e 90 84 00 00 00 00 fc 56 c0 00 00 00 00 00 01 28 00 04 11",""
1020,4665,"PACKET","IN",200,44,"VehicleSync","id=200 bytes=44","c8 a6 00 1d 00 00 00 b5 ff 08 00 5e b0 12 80 53 8b 4d db 62 2c 3b bd 02 44 5d 67 57 c4 2f 14 d6 33 f0 30 01 48 1a 27 e2 70 2f 00 00",""
1021,4691,"PACKET","IN",207,35,"PlayerSync","id=207 bytes=35","cf 37 00 00 00 16 3c 62 b0 f4 68 c9 91 56 9b 9e 90 80 00 00 00 02 2c 7b 40 00 00 00 00 00 01 28 00 04 11",""
1022,4691,"PACKET","IN",203,34,"AimSync","id=203 bytes=34","cb 37 00 04 a1 61 71 bf 63 2b 19 3e a8 60 98 be bf fe 89 c3 01 9f 26 45 58 39 7f 42 00 00 00 00 3f 3a",""
1023,4691,"PACKET","IN",207,45,"PlayerSync","id=207 bytes=45","cf 4f 00 a8 80 68 3f c0 00 14 93 61 b0 cc f3 c9 51 51 2f 1e 90 84 00 00 00 03 86 ba 00 00 02 3e 1b 2c eb fd ff ff ff fd fd 6d 04 64 80",""
1024,4691,"RPC","IN",87,2,"ClearPlayerAnimation","id=87 bytes=2","97 00",""
1025,4691,"RPC","IN",86,29,"ApplyPlayerAnimation","id=86 bytes=29","97 00 05 43 41 52 52 59 0b 63 72 72 79 5f 70 72 74 69 61 6c 33 33 83 40 00 00 00 00 00",""
1026,4716,"PACKET","IN",200,38,"VehicleSync","id=200 bytes=38","c8 3f 00 4b 00 00 00 00 00 00 00 58 c0 c6 c0 35 c8 b2 06 5e ac 32 5b 62 b4 58 a3 b9 b4 20 00 00 00 06 80 3a 00 00",""
1027,4716,"PACKET","IN",207,41,"PlayerSync","id=207 bytes=41","cf 4b 00 00 00 36 01 a3 b0 e2 5d 49 91 60 24 9e 90 80 00 00 00 02 b1 e6 00 00 03 73 20 20 f4 33 ac ab 1b fd fd a5 04 04 80",""
1028,4716,"PACKET","IN",207,35,"PlayerSync","id=207 bytes=35","cf 1a 00 00 00 28 14 e5 b0 cd 83 09 d1 6c 24 9f 10 80 00 00 00 03 eb 49 80 00 00 00 00 00 01 a5 04 e8 80",""
1029,4717,"PACKET","IN",207,41,"PlayerSync","id=207 bytes=41","cf 1c 00 00 00 16 91 e2 f0 fb 53 89 91 55 1c 9e 90 84 00 00 00 02 ef 7f e0 00 03 9e 17 3c ed 10 4d d8 f3 fd fd 00 00 00 80",""
1030,4717,"PACKET","IN",207,45,"PlayerSync","id=207 bytes=45","cf 4f 00 b0 80 68 3f c0 00 14 93 61 b0 cf b3 c9 51 50 2f 1e 90 84 00 00 00 03 86 ba 00 00 03 e0 bb 2c eb fd ff ff ff fd fd 6d 04 64 80",""
1031,4742,"PACKET","IN",200,44,"VehicleSync","id=200 bytes=44","c8 20 00 41 00 9c ff ca ff 08 00 07 80 2e 90 23 56 07 ac 09 4c 3e 6e 52 54 5a d0 a7 a4 23 a1 1e f3 d8 cb ff 3e e2 87 a2 40 3f 00 00",""
1032,4742,"PACKET","IN",200,44,"VehicleSync","id=200 bytes=44","c8 a6 00 1d 00 00 00 b5 ff 08 00 18 80 0d c0 33 5b 47 f7 42 6c 35 ed 12 44 5d 03 a7 c4 2b 32 46 43 f0 70 08 88 1a c7 d2 70 2f 00 00",""
1033,4742,"PACKET","IN",200,38,"VehicleSync","id=200 bytes=38","c8 3f 00 4b 00 00 00 00 00 00 00 59 f0 c6 10 35 c8 b1 f6 5e ac 32 5b 62 b4 58 53 b9 b4 20 00 00 00 06 80 3a 00 00",""
1034,4742,"PACKET","IN",207,35,"PlayerSync","id=207 bytes=35","cf 54 00 00 00 27 65 68 30 dc 13 49 d1 7b 67 1f 10 84 00 00 00 01 87 f6 c0 00 00 00 00 00 01 28 00 04 11",""
1035,4765,"PACKET","IN",207,45,"PlayerSync","id=207 bytes=45","cf 4f 00 b7 80 68 3f c0 00 14 93 61 b0 d1 73 c9 51 4f af 1e 90 84 00 00 00 03 86 ba 00 00 02 73 55 b0 eb fd ff ff ff fd fd 6d 04 64 80",""
1036,4765,"PACKET","IN",200,44,"VehicleSync","id=200 bytes=44","c8 20 00 41 00 9c ff ca ff 08 00 03 50 2c 20 2f 75 80 0b 09 4c 38 5e 92 54 51 bf e7 94 26 d5 5f e3 db 3b 91 8f 20 47 a2 40 3f 00 00",""
1037,4765,"PACKET","IN",207,35,"PlayerSync","id=207 bytes=35","cf 2d 00 00 00 37 8d 62 b0 cb e9 09 91 5c 9a de 90 80 00 00 00 01 5c 03 c0 00 00 00 00 00 01 28 00 04 11",""
1038,4792,"PACKET","IN",207,35,"PlayerSync","id=207 bytes=35","cf 76 00 00 00 3a e1 aa b0 f0 5e c9 d1 5c 1b 9f 50 80 00 00 00 03 3b c3 40 00 00 00 00 00 01 00 00 00 80",""
1039,4792,"PACKET","IN",207,35,"PlayerSync","id=207 bytes=35","cf 1c 00 00 00 18 11 e2 f0 fb 53 89 91 55 1c 9e 90 84 00 00 00 02 ef 7f e0 00 00 00 00 00 01 00 00 00 80",""
1040,4792,"PACKET","IN",207,45,"PlayerSync","id=207 bytes=45","cf 4f 00 ba 00 68 3f c0 00 14 93 61 b0 d3 33 c9 51 4f 2f 1e 90 84 00 00 00 03 86 ba 00 00 03 7e 29 90 eb fd ff ff ff fd fd 6d 04 64 80",""
1041,4792,"PACKET","IN",207,35,"PlayerSync","id=207 bytes=35","cf 97 00 00 00 39 55 a5 b0 df 38 c9 91 6c 24 9f 10 80 00 00 00 01 30 6f e8 00 00 00 00 00 01 a5 04 e8 80",""
1042,4816,"PACKET","IN",207,49,"PlayerSync","id=207 bytes=49","cf 30 00 00 00 22 fe a6 b0 cf 96 c9 d1 7b 67 1f 10 84 00 00 00 01 bd d3 00 00 00 00 00 00 03 ff fe 00 00 00 00 00 00 00 00 00 00 00 01 28 00 04 11",""
1043,4816,"PACKET","IN",207,41,"PlayerSync","id=207 bytes=41","cf 4b 00 00 00 2f 40 23 b0 c2 9d 89 91 4e 24 9e 90 80 00 00 00 02 b1 e6 00 00 00 16 c0 84 e4 33 ac ab 1b fd fd a5 04 04 80",""
1044,4842,"PACKET","IN",200,44,"VehicleSync","id=200 bytes=44","c8 20 00 41 00 00 00 00 00 00 00 03 f0 26 30 2e 15 1f 8a 09 4c 33 fe d2 54 5a 8f 17 94 2c 0a 90 33 e1 2b 55 0f 4e d7 92 40 3f 00 00",""
1045,4843,"PACKET","IN",207,45,"PlayerSync","id=207 bytes=45","cf 4f 00 bd 00 68 3f c0 00 14 93 61 b0 d4 b3 c9 51 4e af 1e 90 84 00 00 00 03 86 ba 00 00 01 cf 05 34 eb fd ff ff ff fd fd 6d 04 64 80",""
1046,4843,"PACKET","IN",207,45,"PlayerSync","id=207 bytes=45","cf 92 00 f8 ff fe ff c0 00 04 96 a3 30 ea 08 89 91 7e 23 1e 90 80 00 00 00 03 4c e9 c0 00 03 d4 1a 98 f0 51 3b 73 d7 fd fd a5 04 04 80",""
1047,4843,"PACKET","IN",200,44,"VehicleSync","id=200 bytes=44","c8 a6 00 1d 00 00 00 b5 ff 08 00 19 a0 29 00 13 3b 4b 93 32 ac 31 5d 22 44 59 7f 47 b4 24 af 86 43 f0 60 07 88 1d 47 d2 70 2f 00 00",""
1048,4843,"PACKET","IN",200,38,"VehicleSync","id=200 bytes=38","c8 3f 00 4b 00 00 00 00 00 00 00 59 40 c6 40 35 e8 b1 f6 5e ac 32 5b 62 b4 58 73 b9 b4 20 00 00 00 06 80 3a 00 00",""
1049,4890,"PACKET","IN",207,35,"PlayerSync","id=207 bytes=35","cf 4b 00 00 00 2f 40 23 b0 c2 9d 89 91 4e 24 9e 90 80 00 00 00 02 b1 e6 00 00 00 00 00 00 01 a5 04 04 80",""
1050,4890,"PACKET","IN",207,45,"PlayerSync","id=207 bytes=45","cf 4f 00 bf 00 68 3f c0 00 14 93 61 b0 d6 33 c9 51 4e 2f 1e 90 84 00 00 00 03 86 ba 00 00 01 47 05 34 eb fd ff ff ff fd fd 6d 04 64 80",""
1051,4890,"PACKET","IN",207,45,"PlayerSync","id=207 bytes=45","cf 92 00 e5 7f fb 3f c0 00 2d 57 23 30 e7 c8 c9 91 6e a3 1e 90 80 00 00 00 00 f0 49 c0 00 02 40 27 ac f0 a1 6e 53 eb fd fd a5 04 04 80",""
1052,4890,"PACKET","IN",200,44,"VehicleSync","id=200 bytes=44","c8 a6 00 1d 00 00 00 b5 ff 08 00 1f f0 29 90 03 3b 4f 13 52 dc 39 5d 22 44 5a fc 87 b4 2d d9 86 53 f0 40 03 d8 15 e7 e2 70 2f 00 00",""
1053,4914,"RPC","IN",24,18,"SetVehicleParamsEx","id=24 bytes=18","3b 00 00 00 ff 00 ff 00 ff ff ff ff ff ff ff ff ff ff",""
1054,4914,"RPC","IN",59,57,"ChatBubble","id=59 bytes=57","7e 00 aa ff bb ff 00 00 f0 41 88 13 00 00 2a 2a 20 4d 65 6e 67 61 6d 62 69 6c 20 32 30 30 78 20 41 79 61 6d 20 64 61 72 69 20 62 61 67 61 73 69 20 46 6c 61 74 62 65 64 2e",""
1055,4914,"PACKET","IN",200,38,"VehicleSync","id=200 bytes=38","c8 3f 00 4b 00 00 00 00 00 00 00 58 50 c6 a0 35 f8 b1 f6 5e ac 32 5b 62 b4 58 b3 b9 b4 20 00 00 00 06 80 3a 00 00",""
1056,4914,"PACKET","IN",207,35,"PlayerSync","id=207 bytes=35","cf 47 00 00 00 01 a4 e2 f0 e7 ce 49 91 62 9b de 90 84 00 00 00 00 fb 2f c0 00 00 00 00 00 01 fb 04 04 80",""
1057,4915,"PACKET","IN",207,45,"PlayerSync","id=207 bytes=45","cf 4f 00 bf 00 68 3f c0 00 14 93 61 b0 d7 f3 c9 51 4d af 1e 90 84 00 00 00 03 86 ba 00 00 01 ab 05 34 eb fd ff ff ff fd fd 6d 04 64 80",""
1058,4915,"PACKET","IN",207,35,"PlayerSync","id=207 bytes=35","cf 51 00 00 00 2e e7 28 30 ea ff 89 91 7b 67 1f 10 84 00 00 00 03 a6 8b c0 00 00 00 00 00 01 a5 04 e8 80",""
1059,4940,"PACKET","IN",207,45,"PlayerSync","id=207 bytes=45","cf 92 00 e1 7f f9 bf c0 00 27 17 a3 30 f5 09 09 91 53 a3 1e 90 84 00 00 00 02 50 59 c0 00 02 89 94 18 f7 45 d6 5f ff fd fd a5 04 04 80",""
1060,4941,"PACKET","OUT",207,69,"PlayerSync","id=207 bytes=69","cf 00 00 00 00 00 00 5f 9e a0 c3 95 ed 26 45 ed 9c 7c 42 0f 68 4f 3f 00 00 00 80 00 00 00 00 d5 0f 16 bf 64 00 00 00 00 00 00 00 00 00 00 00 00 00 00 00 00 00 00 00 00 00 00 00 00 00 00 00 00 00 28 00 04 11",""
1061,4965,"PACKET","IN",207,39,"PlayerSync","id=207 bytes=39","cf 4b 00 81 80 7e ff c0 00 2f 40 23 b0 c2 9d 89 91 4e 24 9e 90 80 00 00 00 02 82 46 00 00 00 00 00 00 01 a5 04 04 80",""
1062,4965,"PACKET","IN",207,45,"PlayerSync","id=207 bytes=45","cf 4f 00 bf 00 68 3f c0 00 19 93 61 b0 d7 f3 c9 51 4d 6f 1e 90 84 00 00 00 03 86 ba 00 00 00 6e 6e 7c e5 20 02 1a 23 fd fd 6d 04 64 80",""
1063,4965,"PACKET","IN",207,45,"PlayerSync","id=207 bytes=45","cf 92 00 df ff f9 3f c0 00 1c 58 23 30 f2 c9 49 91 7f e2 de 90 84 00 00 00 01 80 c9 c0 00 01 c3 30 68 f4 1d 73 5b eb fd fd a5 04 04 80",""
1064,4991,"PACKET","IN",207,35,"PlayerSync","id=207 bytes=35","cf 46 00 00 00 3e ca 23 30 fc 9b 89 91 68 df 1e 90 84 00 00 00 03 0d 37 c0 00 00 00 00 00 01 28 00 04 11",""
1065,4991,"PACKET","IN",200,44,"VehicleSync","id=200 bytes=44","c8 a6 00 1d 00 ff ff b2 ff 08 00 19 10 2f c0 03 bb 4c af a3 0c 31 8d 32 44 56 49 b7 b4 2e 65 f6 63 f0 30 0f 98 08 87 e2 70 2f 00 00",""
1066,4991,"PACKET","IN",200,44,"VehicleSync","id=200 bytes=44","c8 20 00 41 00 00 00 00 00 00 00 21 00 64 50 0d 14 34 16 09 4c 3a af c2 54 56 4c 07 94 25 88 cf e3 dc 5b de fe fe 07 92 40 3f 00 00",""
1067,4992,"PACKET","IN",203,34,"AimSync","id=203 bytes=34","cb 20 00 12 e4 a6 79 3f aa 86 1f 3e 6c f7 20 be 4c 87 97 c3 24 e5 25 45 05 d4 80 42 00 00 00 00 3f 37",""
1068,4992,"PACKET","IN",200,38,"VehicleSync","id=200 bytes=38","c8 3f 00 4b 00 00 00 00 00 00 00 58 b0 c6 80 35 f8 b1 e6 5e ac 32 5b 62 b4 58 a3 b9 b4 20 00 00 00 06 80 3a 00 00",""
1069,4992,"PACKET","IN",207,45,"PlayerSync","id=207 bytes=45","cf 4b 00 8a 00 77 bf c0 00 31 fe a3 70 d4 9d 89 91 7c a4 5e 90 80 00 00 00 03 22 96 00 00 03 a1 94 18 f7 13 dc 9e b7 fd fd a5 04 04 80",""
1070,4992,"PACKET","IN",207,39,"PlayerSync","id=207 bytes=39","cf 4f 00 bf 80 7f 7f c0 00 19 93 61 b0 d7 f3 c9 51 4d 6f 1e 90 84 00 00 00 00 56 4e 00 00 00 00 00 00 01 c8 04 64 80",""
1071,4992,"PACKET","IN",207,35,"PlayerSync","id=207 bytes=35","cf 79 00 00 00 38 43 a3 30 e6 09 89 91 63 a0 5e 90 84 00 00 00 01 83 df 40 00 00 00 00 00 01 a5 04 04 80",""
1072,4992,"PACKET","IN",207,35,"PlayerSync","id=207 bytes=35","cf 85 00 00 00 18 e4 22 b0 cb 69 09 91 7a 98 de 90 80 00 00 00 03 74 25 80 00 00 00 00 00 01 a5 04 e8 80",""
1073,5016,"PACKET","IN",207,35,"PlayerSync","id=207 bytes=35","cf 15 00 00 00 0d cb 23 30 d7 62 49 91 71 9f 1e 90 84 00 00 00 01 9e 65 80 00 00 00 00 00 01 28 00 04 11",""
1074,5016,"PACKET","IN",207,45,"PlayerSync","id=207 bytes=45","cf 4b 00 94 80 6f 3f c0 00 0a 3d 23 70 dd 5d 89 91 69 24 5e 90 80 00 00 00 00 ee e6 00 00 03 65 94 18 f5 4b fa 8a 53 fd fd a5 04 04 80",""
1075,5016,"PACKET","IN",207,45,"PlayerSync","id=207 bytes=45","cf 92 00 dd 7f f8 bf c0 00 08 99 a3 30 c5 89 c9 91 76 a2 de 90 84 00 00 00 03 31 65 c0 00 03 43 30 68 f4 14 d9 d3 a3 fd fd a5 04 04 80",""
1076,5037,"PACKET","IN",207,35,"PlayerSync","id=207 bytes=35","cf 1b 00 00 00 02 a3 63 70 d7 5a c9 91 7b a3 1e 90 80 00 00 00 00 d6 93 00 00 00 00 00 00 01 28 00 04 11",""
1077,5037,"PACKET","IN",203,34,"AimSync","id=203 bytes=34","cb 1b 00 04 7c 4b 58 bf e3 d0 cf 3e 98 63 b2 be d9 46 8d c3 26 67 26 45 ee da 7d 42 00 00 00 00 3f 1a",""
1078,5038,"PACKET","IN",207,45,"PlayerSync","id=207 bytes=45","cf 4f 00 bf 80 7f 7f c0 00 19 93 61 b0 df b3 c9 51 4b 2f 1e 90 84 00 00 00 00 99 da 00 00 02 cc dd cc ef fd ff ff ff fd fd c8 04 64 80",""
1079,5060,"PACKET","IN",207,45,"PlayerSync","id=207 bytes=45","cf 4b 00 9a 00 6a 7f c0 00 38 7b 23 70 da 9d 89 91 53 e4 5e 90 80 00 00 00 00 27 06 00 00 03 55 94 18 f7 6b ff dd e7 fd fd a5 04 04 80",""
1080,5060,"PACKET","IN",207,35,"PlayerSync","id=207 bytes=35","cf 7e 00 00 00 19 9f e8 30 f4 7c 8a 51 40 30 1e 90 80 00 00 00 03 1d 3f 94 00 00 00 00 00 01 a5 04 08 80",""
1081,5060,"PACKET","IN",207,45,"PlayerSync","id=207 bytes=45","cf 92 00 dc 7f f8 3f c0 00 3c 1b a3 30 c6 8a 09 91 46 23 1e 90 84 00 00 00 01 e5 fd c0 00 02 0f 30 68 f5 d8 66 77 33 fd fd a5 04 04 80",""
1082,5060,"PACKET","IN",200,44,"VehicleSync","id=200 bytes=44","c8 a6 00 1d 00 fe ff b1 ff 08 00 1c 10 1d d0 14 db 4a 4c 23 4c 38 4d 32 44 50 a6 f7 b4 22 b2 56 73 f0 20 0d 68 08 57 e2 70 2f 00 00",""
1083,5060,"RPC","IN",105,19,"TextDrawSetString","id=105 bytes=19","2f 01 0f 00 30 39 20 41 67 75 73 74 75 73 20 32 30 32 36",""
1084,5060,"RPC","IN",105,12,"TextDrawSetString","id=105 bytes=12","30 01 08 00 31 32 3a 31 34 3a 31 33",""
1085,5083,"PACKET","IN",200,44,"VehicleSync","id=200 bytes=44","c8 20 00 41 00 00 00 00 00 00 00 26 c0 7a 60 08 04 28 f3 e9 4c 32 90 42 64 54 5a 77 94 2b 89 5f 43 d9 fb e7 6e fe 57 92 40 3f 00 00",""
1086,5083,"PACKET","IN",200,38,"VehicleSync","id=200 bytes=38","c8 3f 00 4b 00 00 00 00 00 00 00 58 10 c6 f0 36 18 b1 e6 5e ac 32 5b 62 b4 58 d3 b9 b4 20 00 00 00 06 80 3a 00 00",""
1087,5083,"PACKET","IN",207,45,"PlayerSync","id=207 bytes=45","cf 4b 00 9c 80 67 7f c0 00 14 b9 63 70 d2 1d 89 91 7d a4 1e 90 80 00 00 00 03 92 fe 00 00 03 69 94 18 f7 23 f9 b9 bb fd fd a5 04 04 80",""
1088,5084,"PACKET","IN",207,45,"PlayerSync","id=207 bytes=45","cf 4f 00 bf 80 7f 7f c0 00 19 93 61 b0 f5 f3 c9 51 44 2f 1e 90 84 00 00 00 01 bd 4e 00 00 03 cd b8 78 f3 fd ff ff ff fd fd c8 04 64 80",""
1089,5107,"PACKET","IN",207,45,"PlayerSync","id=207 bytes=45","cf 92 00 dc 7f f8 3f c0 00 3f 9d e3 30 e6 ca 09 91 67 23 1e 90 84 00 00 00 02 5e 79 c0 00 03 8a bc 24 f4 7c 18 72 9f fd fd a5 04 04 80",""
1090,5129,"PACKET","IN",207,35,"PlayerSync","id=207 bytes=35","cf 0b 00 00 00 36 74 e3 70 df 22 89 91 49 e4 1e 90 80 00 00 00 00 42 8b c0 00 00 00 00 00 01 a5 04 e8 80",""
1091,5129,"PACKET","IN",207,41,"PlayerSync","id=207 bytes=41","cf 4b 00 00 00 2d f7 23 70 c9 9d 89 91 64 a4 1e 90 80 00 00 00 03 92 fe 00 00 00 37 24 68 f4 0b fc 99 c3 fd fd a5 04 04 80",""
1092,5129,"PACKET","IN",207,45,"PlayerSync","id=207 bytes=45","cf 4f 00 bf 80 7f 7f c0 00 19 93 61 b0 d9 b4 09 51 78 ae de 90 84 00 00 00 00 30 ce 00 00 01 c6 96 38 f3 fd ff ff ff fd fd c8 04 64 80",""
1093,5129,"RPC","IN",105,7,"TextDrawSetString","id=105 bytes=7","26 08 03 00 31 30 30",""
1094,5129,"RPC","IN",105,5,"TextDrawSetString","id=105 bytes=5","27 08 01 00 30",""
1095,5129,"RPC","IN",105,6,"TextDrawSetString","id=105 bytes=6","28 08 02 00 34 36",""
1096,5129,"RPC","IN",105,5,"TextDrawSetString","id=105 bytes=5","29 08 01 00 32",""
1097,5129,"RPC","IN",105,7,"TextDrawSetString","id=105 bytes=7","2a 08 03 00 31 30 30",""
1098,5159,"PACKET","IN",200,38,"VehicleSync","id=200 bytes=38","c8 3f 00 4b 00 00 00 00 00 00 00 57 e0 c7 20 36 18 b1 e6 5e ac 32 5b 62 b4 58 d3 b9 b4 20 00 00 00 06 80 3a 00 00",""
1099,5160,"PACKET","IN",207,35,"PlayerSync","id=207 bytes=35","cf 5b 00 00 00 3f c4 a6 f0 d9 07 09 d1 7b 67 1f 10 84 00 00 00 01 2a 42 00 00 00 00 00 00 01 28 00 04 11",""
1100,5160,"PACKET","IN",203,34,"AimSync","id=203 bytes=34","cb 5b 00 04 be 9b 6d 3d c9 db 02 be 66 77 7d bf 68 23 9b c3 e9 20 27 45 82 e2 83 42 00 00 00 00 23 27",""
1101,5160,"PACKET","IN",207,45,"PlayerSync","id=207 bytes=45","cf 92 00 db ff f7 bf c0 00 2a 9f e3 30 f5 4a 09 91 48 e3 5e 90 84 00 00 00 02 8e 75 c0 00 01 4c 94 70 f5 94 0d 26 77 fd fd a5 04 04 80",""
1102,5160,"PACKET","IN",200,44,"VehicleSync","id=200 bytes=44","c8 a6 00 1d 00 fd ff af ff 08 00 16 20 14 70 26 4b 45 d8 e3 8c 3e 8d 32 44 5a 64 17 b4 2b ae 86 73 f0 20 0c f8 07 d7 e2 70 2f 00 00",""
1103,5160,"PACKET","IN",200,44,"VehicleSync","id=200 bytes=44","c8 20 00 41 00 11 00 00 00 00 00 26 00 89 e0 01 f4 29 41 f9 4c 3f c0 a2 64 51 79 07 94 2e 45 3e a3 dc 0b fd 2e ee d7 92 40 3f 00 00",""
1104,5186,"PACKET","IN",207,45,"PlayerSync","id=207 bytes=45","cf 4f 00 bf 80 7f 3f c0 00 19 93 61 b0 d7 f4 49 51 65 2e de 90 84 00 00 00 03 74 3e 00 00 02 f6 8f a8 f3 fd ff ff ff fd fd c8 04 64 80",""
1105,5186,"RPC","IN",86,27,"ApplyPlayerAnimation","id=86 bytes=27","1a 00 07 42 44 5f 46 49 52 45 07 77 61 73 68 5f 75 70 33 33 83 40 80 00 00 00 00",""
1106,5186,"PACKET","IN",207,45,"PlayerSync","id=207 bytes=45","cf 92 00 da ff f7 bf c0 00 2e 22 23 30 c7 0a 49 91 70 a3 5e 90 84 00 00 00 03 16 7d c0 00 02 12 c4 bc f6 8c 0d 36 7b fd fd a5 04 04 80",""
1107,5208,"PACKET","IN",200,44,"VehicleSync","id=200 bytes=44","c8 20 00 41 00 30 00 01 00 00 00 28 60 88 20 0b 64 26 e0 f9 4c 35 60 e2 64 55 e8 47 94 25 3d 4e 43 d9 cc 38 4e c0 07 a2 40 3f 00 00",""
1108,5208,"PACKET","IN",207,35,"PlayerSync","id=207 bytes=35","cf 7c 00 00 00 38 64 25 b0 e1 1a 09 d1 6c 24 9f 10 80 00 00 00 01 b1 ee 40 00 00 00 00 00 01 28 00 04 11",""
1109,5208,"PACKET","IN",207,35,"PlayerSync","id=207 bytes=35","cf 4d 00 00 00 19 5f dc f0 c3 00 c9 91 7b ec 9e 90 80 00 00 00 00 39 bc 80 00 00 00 00 00 01 a8 04 04 11",""
1110,5208,"PACKET","IN",207,45,"PlayerSync","id=207 bytes=45","cf 4f 00 bf 80 7e 7f c0 00 19 93 61 b0 ed b4 89 51 4a 2e de 90 80 00 00 00 02 0c 56 00 00 02 a6 6c 64 f7 fd ff ff ff fd fd c8 04 64 80",""
1111,5232,"PACKET","IN",207,35,"PlayerSync","id=207 bytes=35","cf 1a 00 00 00 28 14 e5 b0 cd 83 09 d1 6c 24 9f 10 80 00 00 00 03 eb 49 80 00 00 00 00 00 01 a5 04 e8 80",""
1112,5232,"PACKET","IN",207,35,"PlayerSync","id=207 bytes=35","cf 37 00 00 00 16 3c 62 b0 f4 68 c9 91 56 9b 9e 90 80 00 00 00 02 2c 7b 40 00 00 00 00 00 01 28 00 04 11",""
1113,5233,"PACKET","IN",200,38,"VehicleSync","id=200 bytes=38","c8 3f 00 4b 00 00 00 00 00 00 00 57 90 c7 50 36 28 b1 e6 5e ac 32 5b 62 b4 58 e3 b9 b4 20 00 00 00 06 80 3a 00 00",""
1114,5233,"PACKET","IN",207,41,"PlayerSync","id=207 bytes=41","cf 4b 00 00 00 1b 32 e3 70 f8 5d 49 91 72 23 de 90 80 00 00 00 03 92 fe 00 00 01 22 82 dc f0 0b fc 99 c3 fd fd a5 04 04 80",""
1115,5233,"PACKET","IN",207,37,"PlayerSync","id=207 bytes=37","cf 79 00 c0 00 00 00 38 43 a3 30 e6 09 89 91 63 a0 5e 90 84 00 00 00 00 0f e7 40 00 00 00 00 00 01 c8 04 04 80",""
1116,5233,"PACKET","IN",207,45,"PlayerSync","id=207 bytes=45","cf 92 00 da ff f7 bf c0 00 3a a5 63 30 de 0a 49 91 6b a3 9e 90 84 00 00 00 02 ea 85 c0 00 03 88 38 e8 f7 30 0a 82 6b fd fd a5 04 04 80",""
1117,5233,"PACKET","IN",200,44,"VehicleSync","id=200 bytes=44","c8 a6 00 1d 00 fc ff af ff 08 00 19 20 11 c0 28 6b 45 05 c3 cc 34 4d 42 44 58 f1 37 b4 24 aa a6 83 f0 20 0b 58 07 a7 e2 70 2f 00 00",""
1118,5258,"PACKET","IN",207,35,"PlayerSync","id=207 bytes=35","cf 02 00 00 00 08 a8 a2 70 e7 a8 c9 91 7a 9d 5e 90 84 00 00 00 00 fc 56 c0 00 00 00 00 00 01 28 00 04 11",""
1119,5258,"PACKET","IN",200,44,"VehicleSync","id=200 bytes=44","c8 20 00 41 00 43 00 04 00 00 00 29 40 86 40 06 14 4a 7f e9 3c 37 b1 12 64 52 d7 97 94 26 77 8d e3 d9 2c 99 2e 82 07 a2 40 3f 00 00",""
1120,5258,"PACKET","IN",207,45,"PlayerSync","id=207 bytes=45","cf 4f 00 bf 80 7d 7f c0 00 2b 92 e1 b0 fe b4 c9 51 77 6e 9e 90 80 00 00 00 02 30 c6 00 00 02 2b 30 68 f5 be 54 c3 fb fd fd c8 04 64 80",""
1121,5258,"PACKET","IN",203,34,"AimSync","id=203 bytes=34","cb 4f 00 04 7f 89 4b bf 96 ee d7 3e 50 2d df be 6d d6 85 c3 e0 cb 25 45 18 26 7f 42 00 00 00 00 3f 26",""
1122,5281,"PACKET","IN",207,45,"PlayerSync","id=207 bytes=45","cf 92 00 da ff f7 bf c0 00 18 e9 23 30 f5 0a 49 91 6d a3 de 90 84 00 00 00 03 92 8d c0 00 02 08 31 08 f5 18 08 1a 63 fd fd a5 04 04 80",""
1123,5281,"PACKET","IN",200,44,"VehicleSync","id=200 bytes=44","c8 20 00 41 00 57 00 0c 00 00 00 2a 30 85 00 04 64 72 6e c9 3c 38 a1 42 64 51 b6 e7 94 21 7c 2d 73 d4 6d 08 7e 34 97 a2 40 3f 00 00",""
1124,5308,"PACKET","IN",207,39,"PlayerSync","id=207 bytes=39","cf 1c 00 80 80 7e 7f c0 00 18 11 e2 f0 fb 53 89 91 55 1c 9e 90 84 00 00 00 02 87 6b e0 00 00 00 00 00 01 00 00 00 80",""
1125,5308,"PACKET","IN",207,35,"PlayerSync","id=207 bytes=35","cf 4b 00 00 00 1b 32 e3 70 f8 5d 49 91 72 23 de 90 80 00 00 00 03 92 fe 00 00 00 00 00 00 01 a5 04 04 80",""
1126,5308,"PACKET","IN",207,45,"PlayerSync","id=207 bytes=45","cf 4f 00 bc 00 7a 7f c0 00 1e d2 21 b0 fc f5 09 51 6f ae 9e 90 80 00 00 00 00 2c 9a 00 00 02 38 d8 0c f6 72 c1 9f db fd fd c8 04 64 80",""
1127,5309,"PACKET","IN",207,35,"PlayerSync","id=207 bytes=35","cf 54 00 00 00 27 65 68 30 dc 13 49 d1 7b 67 1f 10 84 00 00 00 01 87 f6 c0 00 00 00 00 00 01 28 00 04 11",""
1128,5309,"PACKET","IN",207,43,"PlayerSync","id=207 bytes=43","cf 79 00 c0 00 00 00 2d 84 a3 30 e8 49 09 91 72 e0 9e 90 80 00 00 00 03 c3 ff 40 00 01 a1 94 18 f4 2d f4 20 03 fd fd c8 04 04 80",""
1129,5330,"PACKET","IN",207,45,"PlayerSync","id=207 bytes=45","cf 1c 00 83 00 7a bf c0 00 1a 92 e2 f0 ea 93 89 91 61 1c 9e 90 84 00 00 00 03 2f 47 e0 00 03 cd 94 18 f5 0c 39 1d 17 fd fd 00 00 00 80",""
1130,5330,"PACKET","IN",200,38,"VehicleSync","id=200 bytes=38","c8 3f 00 4b 00 00 00 00 00 00 00 57 70 c7 60 36 38 b1 e6 5e ac 32 5b 62 b4 58 e3 b9 b4 20 00 00 00 06 80 3a 00 00",""
1131,5330,"PACKET","IN",207,35,"PlayerSync","id=207 bytes=35","cf 97 00 00 00 39 55 a5 b0 df 38 c9 91 6c 24 9f 10 80 00 00 00 01 30 6f e8 00 00 00 00 00 01 a5 04 e8 80",""
1132,5330,"PACKET","IN",200,44,"VehicleSync","id=200 bytes=44","c8 a6 00 1d 00 fb ff af ff 08 00 1d d0 1c 40 1b 2b 4d f3 04 0c 38 ad 42 44 58 ae 57 a4 21 e6 a6 93 f0 20 07 68 08 47 e2 70 2f 00 00",""
1133,5330,"RPC","IN",86,27,"ApplyPlayerAnimation","id=86 bytes=27","51 00 07 42 44 5f 46 49 52 45 07 77 61 73 68 5f 75 70 33 33 83 40 80 00 00 00 00",""
1134,5330,"PACKET","IN",207,35,"PlayerSync","id=207 bytes=35","cf 1a 00 00 00 28 14 e5 b0 cd 83 09 d1 6c 24 9f 10 80 00 00 00 03 eb 49 80 00 00 00 00 00 01 28 00 04 11",""
1135,5330,"PACKET","IN",207,45,"PlayerSync","id=207 bytes=45","cf 1c 00 84 80 77 bf c0 00 17 13 e2 f0 df 13 89 91 6c 9c 9e 90 84 00 00 00 00 c3 4b e0 00 03 99 94 18 f7 18 1c 41 53 fd fd 00 00 00 80",""
1136,5331,"PACKET","IN",207,35,"PlayerSync","id=207 bytes=35","cf 2d 00 00 00 37 8d 62 b0 cb e9 09 91 5c 9a de 90 80 00 00 00 01 5c 03 c0 00 00 00 00 00 01 28 00 04 11",""
1137,5331,"PACKET","IN",207,45,"PlayerSync","id=207 bytes=45","cf 4f 00 b1 00 77 bf c0 00 28 d1 61 b0 c6 f5 89 51 63 2e 9e 90 80 00 00 00 01 10 56 00 00 01 81 18 68 f6 7a 95 5f eb fd fd c8 04 64 80",""
1138,5331,"PACKET","IN",207,45,"PlayerSync","id=207 bytes=45","cf 92 00 da ff f7 bf c0 00 08 2c e3 30 c9 ca 89 91 72 24 1e 90 84 00 00 00 01 42 99 c0 00 02 a6 d5 18 f6 f4 04 16 57 fd fd a5 04 04 80",""
1139,5358,"RPC","IN",135,2,"HideTextDraw","id=135 bytes=2","f0 00",""
1140,5358,"RPC","IN",135,2,"HideTextDraw","id=135 bytes=2","2b 08",""
1141,5358,"RPC","IN",135,2,"HideTextDraw","id=135 bytes=2","2c 08",""
1142,5358,"RPC","IN",87,2,"ClearPlayerAnimation","id=87 bytes=2","66 00",""
1143,5358,"RPC","IN",86,29,"ApplyPlayerAnimation","id=86 bytes=29","66 00 05 43 41 52 52 59 0b 63 72 72 79 5f 70 72 74 69 61 6c 33 33 83 40 00 00 00 00 00",""
1144,5358,"RPC","IN",88,1,"SetPlayerSpecialAction","id=88 bytes=1","00",""
1145,5358,"RPC","IN",15,1,"TogglePlayerControllable","id=15 bytes=1","01",""
1146,5358,"RPC","IN",16,16,"PlaySound","id=16 bytes=16","d5 9d 00 00 00 00 00 00 00 00 00 00 00 00 00 00",""
1147,5359,"RPC","IN",134,67,"ShowTextDraw","id=134 bytes=67","00 08 10 9a 99 d9 3e 33 33 b3 3f 32 32 32 ff 00 00 c8 43 00 00 88 41 32 32 32 ff 00 00 32 32 32 ff 01 00 00 80 76 44 00 00 d9 42 00 00 00 00 00 00 00 00 00 00 00 00 00 00 00 00 80 3f ff ff ff ff 00 00",""
1148,5359,"RPC","IN",134,80,"ShowTextDraw","id=134 bytes=80","2b 08 10 8f c2 f5 3e 29 5c 8f 3f 00 00 00 66 00 00 50 42 00 00 88 42 80 80 80 80 00 00 00 00 00 66 04 00 00 80 a2 43 00 00 a1 43 00 00 00 00 00 00 00 00 00 00 00 00 00 00 00 00 80 3f ff ff ff ff 0d 00 4c 44 5f 53 50 41 43 3a 77 68 69 74 65",""
1149,5359,"RPC","IN",134,68,"ShowTextDraw","id=134 bytes=68","2c 08 00 8f c2 f5 3e 29 5c 8f 3f ff ff ff ff 00 00 30 42 00 00 44 42 80 80 80 80 00 00 00 00 00 00 05 00 00 80 a4 43 00 80 a5 43 f4 0a 00 00 00 00 00 00 00 00 00 00 00 00 00 00 80 3f 00 00 00 00 01 00 5f",""
1150,5359,"RPC","IN",134,77,"ShowTextDraw","id=134 bytes=77","2d 08 10 93 18 04 3e 9a 99 59 3f ff ff ff e6 00 00 a0 44 00 00 a0 44 80 80 80 80 00 00 ff ff ff e6 01 00 00 00 a3 43 00 00 a1 43 00 00 00 00 00 00 00 00 00 00 00 00 00 00 00 00 80 3f ff ff ff ff 0a 00 52 65 6d 6f 76 65 64 20 38 78",""
1151,5359,"RPC","IN",134,78,"ShowTextDraw","id=134 bytes=78","2e 08 18 93 18 04 3e 9a 99 59 3f ff ff ff e6 00 00 a0 44 00 00 a0 44 80 80 80 80 00 00 ff ff ff e6 01 00 00 00 b0 43 00 00 bb 43 00 00 00 00 00 00 00 00 00 00 00 00 00 00 00 00 80 3f ff ff ff ff 0b 00 41 79 61 6d 20 50 6f 74 6f 6e 67",""
1152,5359,"RPC","IN",134,80,"ShowTextDraw","id=134 bytes=80","2f 08 10 8f c2 f5 3e 29 5c 8f 3f 1a ff 00 aa 00 00 50 42 00 00 40 40 80 80 80 80 00 00 ff ff ff e6 04 00 00 80 a2 43 00 00 c2 43 00 00 00 00 00 00 00 00 00 00 00 00 00 00 00 00 80 3f ff ff ff ff 0d 00 4c 44 5f 53 50 41 43 3a 77 68 69 74 65",""
1153,5359,"RPC","IN",135,2,"HideTextDraw","id=135 bytes=2","00 08",""
1154,5359,"RPC","IN",135,2,"HideTextDraw","id=135 bytes=2","2b 08",""
1155,5359,"RPC","IN",135,2,"HideTextDraw","id=135 bytes=2","2c 08",""
1156,5359,"RPC","IN",135,2,"HideTextDraw","id=135 bytes=2","2d 08",""
1157,5359,"RPC","IN",135,2,"HideTextDraw","id=135 bytes=2","2e 08",""
1158,5359,"RPC","IN",135,2,"HideTextDraw","id=135 bytes=2","2f 08",""
1159,5359,"RPC","IN",16,16,"PlaySound","id=16 bytes=16","d5 9d 00 00 00 00 00 00 00 00 00 00 00 00 00 00",""
1160,5359,"RPC","IN",134,67,"ShowTextDraw","id=134 bytes=67","00 08 10 9a 99 d9 3e 33 33 b3 3f 32 32 32 ff 00 00 c8 43 00 00 88 41 32 32 32 ff 00 00 32 32 32 ff 01 00 00 80 76 44 00 00 d9 42 00 00 00 00 00 00 00 00 00 00 00 00 00 00 00 00 80 3f ff ff ff ff 00 00",""
1161,5360,"RPC","IN",134,80,"ShowTextDraw","id=134 bytes=80","2b 08 10 8f c2 f5 3e 29 5c 8f 3f 00 00 00 66 00 00 50 42 00 00 88 42 80 80 80 80 00 00 00 00 00 66 04 00 00 80 a2 43 00 00 a1 43 00 00 00 00 00 00 00 00 00 00 00 00 00 00 00 00 80 3f ff ff ff ff 0d 00 4c 44 5f 53 50 41 43 3a 77 68 69 74 65",""
1162,5360,"RPC","IN",134,68,"ShowTextDraw","id=134 bytes=68","2c 08 00 8f c2 f5 3e 29 5c 8f 3f ff ff ff ff 00 00 30 42 00 00 44 42 80 80 80 80 00 00 00 00 00 00 05 00 00 80 a4 43 00 80 a5 43 d0 0a 00 00 00 00 00 00 00 00 00 00 00 00 00 00 80 3f 00 00 00 00 01 00 5f",""
1163,5360,"RPC","IN",134,78,"ShowTextDraw","id=134 bytes=78","2d 08 10 93 18 04 3e 9a 99 59 3f ff ff ff e6 00 00 a0 44 00 00 a0 44 80 80 80 80 00 00 ff ff ff e6 01 00 00 00 a3 43 00 00 a1 43 00 00 00 00 00 00 00 00 00 00 00 00 00 00 00 00 80 3f ff ff ff ff 0b 00 52 65 63 65 69 76 65 64 20 38 78",""
1164,5360,"RPC","IN",134,77,"ShowTextDraw","id=134 bytes=77","2e 08 18 93 18 04 3e 9a 99 59 3f ff ff ff e6 00 00 a0 44 00 00 a0 44 80 80 80 80 00 00 ff ff ff e6 01 00 00 00 b0 43 00 00 bb 43 00 00 00 00 00 00 00 00 00 00 00 00 00 00 00 00 80 3f ff ff ff ff 0a 00 41 79 61 6d 20 4b 65 6d 61 73",""
1165,5360,"RPC","IN",134,80,"ShowTextDraw","id=134 bytes=80","2f 08 10 8f c2 f5 3e 29 5c 8f 3f 1a ff 00 aa 00 00 50 42 00 00 40 40 80 80 80 80 00 00 ff ff ff e6 04 00 00 80 a2 43 00 00 c2 43 00 00 00 00 00 00 00 00 00 00 00 00 00 00 00 00 80 3f ff ff ff ff 0d 00 4c 44 5f 53 50 41 43 3a 77 68 69 74 65",""
1166,5361,"RPC","IN",134,67,"ShowTextDraw","id=134 bytes=67","30 08 10 9a 99 d9 3e 33 33 b3 3f 32 32 32 ff 00 00 c8 43 00 00 88 41 32 32 32 ff 00 00 32 32 32 ff 01 00 00 20 82 44 00 00 d9 42 00 00 00 00 00 00 00 00 00 00 00 00 00 00 00 00 80 3f ff ff ff ff 00 00",""
1167,5361,"RPC","IN",134,80,"ShowTextDraw","id=134 bytes=80","31 08 10 8f c2 f5 3e 29 5c 8f 3f 00 00 00 66 00 00 50 42 00 00 88 42 80 80 80 80 00 00 00 00 00 66 04 00 00 00 be 43 00 00 a1 43 00 00 00 00 00 00 00 00 00 00 00 00 00 00 00 00 80 3f ff ff ff ff 0d 00 4c 44 5f 53 50 41 43 3a 77 68 69 74 65",""
1168,5361,"RPC","IN",134,68,"ShowTextDraw","id=134 bytes=68","32 08 00 8f c2 f5 3e 29 5c 8f 3f ff ff ff ff 00 00 30 42 00 00 44 42 80 80 80 80 00 00 00 00 00 00 05 00 00 00 c0 43 00 80 a5 43 f4 0a 00 00 00 00 00 00 00 00 00 00 00 00 00 00 80 3f 00 00 00 00 01 00 5f",""
1169,5361,"RPC","IN",134,77,"ShowTextDraw","id=134 bytes=77","33 08 10 93 18 04 3e 9a 99 59 3f ff ff ff e6 00 00 a0 44 00 00 a0 44 80 80 80 80 00 00 ff ff ff e6 01 00 00 80 be 43 00 00 a1 43 00 00 00 00 00 00 00 00 00 00 00 00 00 00 00 00 80 3f ff ff ff ff 0a 00 52 65 6d 6f 76 65 64 20 38 78",""
1170,5361,"RPC","IN",134,78,"ShowTextDraw","id=134 bytes=78","34 08 18 93 18 04 3e 9a 99 59 3f ff ff ff e6 00 00 a0 44 00 00 a0 44 80 80 80 80 00 00 ff ff ff e6 01 00 00 80 cb 43 00 00 bb 43 00 00 00 00 00 00 00 00 00 00 00 00 00 00 00 00 80 3f ff ff ff ff 0b 00 41 79 61 6d 20 50 6f 74 6f 6e 67",""
1171,5361,"RPC","IN",134,80,"ShowTextDraw","id=134 bytes=80","35 08 10 8f c2 f5 3e 29 5c 8f 3f 1a ff 00 aa 00 00 50 42 00 00 40 40 80 80 80 80 00 00 ff ff ff e6 04 00 00 00 be 43 00 00 c2 43 00 00 00 00 00 00 00 00 00 00 00 00 00 00 00 00 80 3f ff ff ff ff 0d 00 4c 44 5f 53 50 41 43 3a 77 68 69 74 65",""
1172,5362,"PACKET","IN",200,44,"VehicleSync","id=200 bytes=44","c8 20 00 41 00 62 00 12 00 00 00 2b 60 84 70 0f 14 ab fd 99 3c 33 31 72 64 54 66 47 94 28 ce ed 03 df 4d 6c 2d d7 97 a2 40 3f 00 00",""
1173,5362,"PACKET","IN",207,45,"PlayerSync","id=207 bytes=45","cf 1c 00 86 00 73 7f c0 00 03 94 e2 f0 d4 13 89 91 77 9c 9e 90 84 00 00 00 00 37 53 e0 00 03 9d 94 18 f4 0c 21 a9 4f fd fd 00 00 00 80",""
1174,5362,"PACKET","IN",207,49,"PlayerSync","id=207 bytes=49","cf 30 00 00 00 22 fe a6 b0 cf 96 c9 d1 7b 67 1f 10 84 00 00 00 01 bd d3 00 00 00 00 00 00 03 ff fe 00 00 00 00 00 00 00 00 00 00 00 01 28 00 04 11",""
1175,5362,"PACKET","IN",207,35,"PlayerSync","id=207 bytes=35","cf 76 00 00 00 3a e1 aa b0 f0 5e c9 d1 5c 1b 9f 50 80 00 00 00 03 3b c3 40 00 00 00 00 00 01 00 00 00 80",""
1176,5362,"PACKET","IN",207,45,"PlayerSync","id=207 bytes=45","cf 92 00 da ff f7 bf c0 00 2b af 63 30 d6 ca 89 91 64 24 5e 90 84 00 00 00 00 3a a1 c0 00 01 6c 31 08 f5 90 07 4e 4b fd fd a5 04 04 80",""
1177,5363,"PACKET","IN",207,45,"PlayerSync","id=207 bytes=45","cf 1c 00 86 80 72 3f c0 00 05 95 e2 f0 c7 13 89 91 43 1c de 90 84 00 00 00 00 87 53 e0 00 03 9d 94 18 f4 cc 25 61 43 fd fd 00 00 00 80",""
1178,5429,"PACKET","IN",207,45,"PlayerSync","id=207 bytes=45","cf 1c 00 86 80 71 3f c0 00 24 16 a2 f0 fb d3 49 91 4d 9c de 90 84 00 00 00 00 1b 57 e0 00 03 a9 94 18 f5 04 24 d9 43 fd fd 00 00 00 80",""
1179,5429,"PACKET","IN",200,44,"VehicleSync","id=200 bytes=44","c8 20 00 41 00 71 00 1a 00 00 00 2c 10 84 30 0e d4 f8 dc 49 3c 3d 81 92 64 53 65 a7 94 2e 17 ec 93 d4 fd e5 fd 6b b7 a2 40 3f 00 00",""
1180,5429,"PACKET","IN",207,45,"PlayerSync","id=207 bytes=45","cf 4f 00 a2 00 73 bf c0 00 26 d0 e1 b0 e7 b5 c9 51 4c 6e 9e 90 84 00 00 00 01 d8 2e 00 00 01 00 98 c8 f4 c2 54 eb fb fd fd c8 04 64 80",""
1181,5430,"PACKET","IN",207,43,"PlayerSync","id=207 bytes=43","cf 79 00 c0 00 00 00 31 c3 63 30 e3 08 89 91 57 60 de 90 80 00 00 00 03 43 d7 40 00 02 e7 30 68 f6 76 ff b4 43 fd fd c8 04 04 80",""
1182,5430,"PACKET","IN",207,45,"PlayerSync","id=207 bytes=45","cf 92 00 da ff f6 ff c0 00 35 72 23 30 e3 8a 89 91 59 24 9e 90 84 00 00 00 03 36 99 c0 00 01 50 d4 f8 f5 54 05 ae 4b fd fd a5 04 04 80",""
1183,5430,"PACKET","IN",200,44,"VehicleSync","id=200 bytes=44","c8 a6 00 1d 00 fb ff af ff 08 00 1e 10 1a d0 1e 9b 45 f0 a4 4c 3a 9d 42 44 51 db 97 a4 28 62 76 a3 f0 20 01 a8 09 57 e2 70 2f 00 00",""
1184,5430,"PACKET","IN",203,34,"AimSync","id=203 bytes=34","cb a6 00 12 52 e1 7c bf 60 76 07 3c b0 27 1f be 68 71 3c c3 f9 d3 24 45 d2 cf 80 42 00 00 00 00 28 21",""
1185,5430,"PACKET","IN",207,45,"PlayerSync","id=207 bytes=45","cf 1c 00 87 00 70 3f c0 00 07 97 a2 f0 f0 13 49 91 57 dc de 90 84 00 00 00 02 fb 53 e0 00 03 b5 94 18 f7 70 26 e9 3b fd fd 00 00 00 80",""
1186,5430,"PACKET","IN",207,45,"PlayerSync","id=207 bytes=45","cf 1c 00 87 80 6f bf c0 00 16 18 62 f0 e5 53 49 91 61 5c de 90 84 00 00 00 00 13 53 e0 00 02 54 14 1c f6 ac 24 c5 3f fd fd 00 00 00 80",""
1187,5431,"PACKET","IN",200,44,"VehicleSync","id=200 bytes=44","c8 20 00 41 00 75 00 1d 00 00 00 2c 20 83 d0 06 55 5b da f9 3c 30 c1 c2 64 57 d5 17 94 2b 4d ec 13 d2 6e 54 6c e0 77 b2 40 3f 00 00",""
1188,5431,"PACKET","IN",203,34,"AimSync","id=203 bytes=34","cb 20 00 12 68 d2 68 3f 74 f7 c3 3e 17 56 26 be 69 7f 96 c3 30 f6 25 45 e6 9f 80 42 00 00 00 00 3f 37",""
1189,5431,"PACKET","IN",207,45,"PlayerSync","id=207 bytes=45","cf 4f 00 98 80 70 ff c0 00 32 51 21 b0 d0 b6 49 51 67 2e 5e 90 84 00 00 00 00 d0 92 00 00 01 4a 11 04 f6 2d d1 ef ff fd fd c8 04 64 80",""
1190,5431,"PACKET","OUT",205,9,"UNKNOWN_PACKET","id=205 bytes=9","cd b8 4a 04 00 00 00 00 00",""
1191,5431,"PACKET","OUT",207,69,"PlayerSync","id=207 bytes=69","cf 00 00 00 00 00 00 5f 9e a0 c3 95 ed 26 45 ed 9c 7c 42 0f 68 4f 3f 00 00 00 80 00 00 00 00 d5 0f 16 bf 64 00 00 00 00 00 00 00 00 00 00 00 00 00 00 00 00 00 00 00 00 00 00 00 00 00 00 00 00 00 a5 04 e8 80",""
1192,5452,"PACKET","IN",207,45,"PlayerSync","id=207 bytes=45","cf 1c 00 88 00 6f 7f c0 00 01 d9 62 f0 d9 93 49 91 6c 1c de 90 84 00 00 00 00 63 4f e0 00 00 f3 30 68 f4 b4 25 99 43 fd fd 00 00 00 80",""
1193,5452,"PACKET","IN",207,45,"PlayerSync","id=207 bytes=45","cf 92 00 db ff f2 ff c0 00 1c 35 a3 30 f6 4a 89 91 58 a4 de 90 84 00 00 00 03 52 61 c0 00 03 76 b9 34 f4 a4 0d 1a 73 fd fd a5 04 04 80",""
1194,5453,"PACKET","IN",207,45,"PlayerSync","id=207 bytes=45","cf 1c 00 88 80 6e ff c0 00 39 da 22 f0 cd 93 49 91 77 9c de 90 84 00 00 00 01 c7 4b e0 00 01 13 30 68 f6 50 23 b1 47 fd fd 00 00 00 80",""
1195,5453,"PACKET","IN",207,35,"PlayerSync","id=207 bytes=35","cf 51 00 00 00 2e e7 28 30 ea ff 89 91 7b 67 1f 10 84 00 00 00 03 a6 8b c0 00 00 00 00 00 01 28 00 04 11",""
1196,5453,"PACKET","IN",207,43,"PlayerSync","id=207 bytes=43","cf 79 00 c0 00 00 00 1d 80 23 30 fa 88 09 91 42 a0 de 90 80 00 00 00 03 37 6f 40 00 01 07 30 68 f7 1b b4 b0 fb fd fd c8 04 04 80",""
1197,5522,"RPC","IN",164,63,"WorldVehicleAdd","id=164 bytes=63","58 00 d4 01 00 00 0a a7 ac c3 29 3c 27 45 e9 78 85 42 00 c0 46 43 00 00 c5 02 59 44 00 00 00 00 00 00 00 00 00 00 00 00 00 00 00 00 00 00 00 00 00 00 00 00 00 00 00 ff ff ff ff ff ff ff ff",""
1198,5523,"RPC","IN",123,4,"SetVehicleNumberPlate","id=123 bytes=4","58 00 01 2d",""
1199,5523,"RPC","IN",24,18,"SetVehicleParamsEx","id=24 bytes=18","58 00 00 ff ff 00 ff ff ff ff ff ff ff ff ff ff ff ff",""
1200,5524,"PACKET","IN",200,44,"VehicleSync","id=200 bytes=44","c8 20 00 41 00 75 00 1d 00 00 00 2b b0 83 90 09 e5 bd 99 99 3c 3f f1 d2 64 57 44 97 94 21 ca ab 93 d5 8e b9 0c 56 d7 b2 40 3f 00 00",""
1201,5524,"PACKET","IN",200,38,"VehicleSync","id=200 bytes=38","c8 3f 00 4b 00 00 00 00 00 00 00 57 f0 c7 20 36 38 b1 d6 5e ac 32 5b 62 b4 58 d3 b9 b4 20 00 00 00 06 80 3a 00 00",""
1202,5524,"PACKET","IN",203,34,"AimSync","id=203 bytes=34","cb 3f 00 12 51 3e 70 bf 6a ce b0 3e 77 bf ff bb 09 7b e8 c3 9a 9f 2b 45 f2 f0 9c 42 00 00 00 00 3f 36",""
1203,5525,"PACKET","IN",207,45,"PlayerSync","id=207 bytes=45","cf 4f 00 8f 80 6e 3f c0 00 05 12 21 b0 ea f6 89 51 7e 6e 1e 90 84 00 00 00 00 e4 f2 00 00 01 1c 3c c4 f4 a1 73 83 eb fd fd c8 04 64 80",""
1204,5525,"PACKET","IN",200,44,"VehicleSync","id=200 bytes=44","c8 a6 00 1d 00 fb ff af ff 08 00 1c d0 1d d0 11 8b 5a 21 e4 7c 3a 2d 42 44 52 59 57 a4 26 2b e6 a3 f0 20 0d 17 f8 07 e2 70 2f 00 00",""
1205,5525,"PACKET","IN",207,45,"PlayerSync","id=207 bytes=45","cf 1c 00 89 00 6e ff c0 00 34 5b 22 f0 c1 d3 49 91 42 dd 1e 90 84 00 00 00 01 33 47 e0 00 00 f3 30 68 f4 ac 20 01 4f fd fd 00 00 00 80",""
1206,5525,"PACKET","IN",207,45,"PlayerSync","id=207 bytes=45","cf 1c 00 89 80 6e bf c0 00 32 1c 22 f0 f6 93 09 91 4e 9d 1e 90 84 00 00 00 01 ab 43 e0 00 00 d7 30 68 f5 ec 1f 81 53 fd fd 00 00 00 80",""
1207,5525,"PACKET","IN",203,34,"AimSync","id=203 bytes=34","cb 1c 00 04 68 c3 4f bf 71 7d 0c bf f8 3f 4d be 34 2a 8b c3 b6 52 26 45 48 61 7d 42 00 00 00 00 3f ff",""
1208,5526,"PACKET","IN",200,38,"VehicleSync","id=200 bytes=38","c8 3f 00 4b 00 00 00 00 00 00 00 57 c0 c7 40 36 48 b1 d6 5e ac 32 5b 62 b4 58 d3 b9 b4 20 00 00 00 06 80 3a 00 00",""
1209,5526,"PACKET","IN",207,45,"PlayerSync","id=207 bytes=45","cf 92 00 de 7f ed 3f c0 00 19 f9 a3 30 e6 4a c9 91 56 a5 1e 90 84 00 00 00 00 02 15 c0 00 01 66 5d d4 f6 e4 2e 12 d7 fd fd a5 04 04 80",""
1210,5526,"PACKET","IN",207,35,"PlayerSync","id=207 bytes=35","cf 47 00 00 00 01 a4 e2 f0 e7 ce 49 91 62 9b de 90 84 00 00 00 00 fb 2f c0 00 00 00 00 00 01 fb 04 04 80",""
1211,5526,"PACKET","IN",207,45,"PlayerSync","id=207 bytes=45","cf 4f 00 8a 80 6c bf c0 00 34 53 61 b0 c4 37 09 51 4c ee 1e 90 84 00 00 00 00 fd 0e 00 00 01 f0 bc d8 f5 d9 17 4f c7 fd fd c8 04 64 80",""
1212,5526,"PACKET","IN",207,45,"PlayerSync","id=207 bytes=45","cf 1c 00 8a 80 6e bf c0 00 1b 9e 22 f0 e1 93 09 91 65 1d 1e 90 84 00 00 00 00 73 3b e0 00 00 d3 30 68 f7 8c 1a 4d 5b fd fd 00 00 00 80",""
1213,5526,"PACKET","IN",200,44,"VehicleSync","id=200 bytes=44","c8 20 00 41 00 74 00 1d 00 00 00 29 00 84 30 02 a6 1d 78 69 3c 37 01 f2 64 56 a4 37 94 27 ec 6b 23 da 6e f7 3b ee 47 b2 40 3f 00 00",""
1214,5526,"PACKET","IN",207,45,"PlayerSync","id=207 bytes=45","cf 79 00 c0 00 60 00 00 00 18 7d 22 f0 d8 c8 09 91 52 e0 9e 90 80 00 00 00 00 ab 1b 40 00 02 89 00 08 f5 ef f9 75 b3 fd fd c8 04 04 80",""
1215,5527,"PACKET","IN",207,45,"PlayerSync","id=207 bytes=45","cf 92 00 df 7f ea bf c0 00 0e 3c a3 30 d9 4b 09 91 7d 25 1e 90 84 00 00 00 02 05 f9 c0 00 00 1c 3a 24 f4 90 40 e2 fb fd fd a5 04 04 80",""
1216,5527,"PACKET","OUT",207,69,"PlayerSync","id=207 bytes=69","cf 00 00 00 00 00 00 e8 9a a0 c3 95 ed 26 45 ed 9c 7c 42 0f 68 4f 3f 00 00 00 80 00 00 00 00 d5 0f 16 bf 64 00 00 00 00 00 00 00 00 00 00 00 00 00 00 00 00 00 00 00 00 00 00 00 00 00 00 00 00 00 a5 04 e8 80",""
1217,5558,"PACKET","IN",207,45,"PlayerSync","id=207 bytes=45","cf 1c 00 8a 80 6e 7f c0 00 14 5f 22 f0 d7 d3 09 91 70 5d 1e 90 84 00 00 00 00 f7 3b e0 00 00 f3 30 68 f7 04 14 2d 6b fd fd 00 00 00 80",""
1218,5558,"PACKET","IN",207,45,"PlayerSync","id=207 bytes=45","cf 4f 00 82 80 6b 3f c0 00 30 d4 e1 b0 d4 f7 49 51 5d 6d de 90 84 00 00 00 03 a1 42 00 00 02 80 38 fc f4 70 fd 53 bb fd fd c8 04 64 80",""
1219,5558,"PACKET","IN",207,35,"PlayerSync","id=207 bytes=35","cf 85 00 00 00 18 e4 22 b0 cb 69 09 91 7a 98 de 90 80 00 00 00 03 74 25 80 00 00 00 00 00 01 a5 04 e8 80",""
1220,5559,"PACKET","IN",203,34,"AimSync","id=203 bytes=34","cb 85 00 04 1f 5c 3c bf 45 cd b8 3e 3c b1 12 bf 4d e3 89 c3 90 99 26 45 5c 80 80 42 00 00 00 00 3f c6",""
1221,5559,"PACKET","IN",200,44,"VehicleSync","id=200 bytes=44","c8 a6 00 1d 00 fb ff af ff 08 00 1a 70 10 c0 24 bb 58 a6 d4 ac 37 dd 42 44 5c 96 c7 a4 22 35 f6 b3 f0 20 08 87 f7 67 e2 70 2f 00 00",""
1222,5559,"PACKET","IN",207,45,"PlayerSync","id=207 bytes=45","cf 1c 00 8b 00 6e 7f c0 00 2f 20 22 f0 cc d3 09 91 7d 5d 1e 90 84 00 00 00 00 57 37 e0 00 02 92 63 e4 f3 44 17 5d 67 fd fd 00 00 00 80",""
1223,5559,"PACKET","IN",200,44,"VehicleSync","id=200 bytes=44","c8 20 00 41 00 75 00 1d 00 00 00 22 f0 85 10 06 86 76 07 19 3c 3d 82 02 64 56 93 d7 94 2d b6 fa c3 d9 ff 3c 7b 65 17 c2 40 3f 00 00",""
1224,5560,"PACKET","IN",200,38,"VehicleSync","id=200 bytes=38","c8 3f 00 4b 00 00 00 00 00 00 00 58 e0 c6 a0 36 48 b1 c6 5e ac 32 5b 62 b4 58 93 b9 b4 20 00 00 00 06 80 3a 00 00",""
1225,5560,"PACKET","IN",207,45,"PlayerSync","id=207 bytes=45","cf 92 00 e2 7f e7 3f c0 00 21 81 63 70 fb cb 49 91 74 a5 5e 90 84 00 00 00 02 0d d1 c0 00 00 9e 42 70 f5 94 59 4f 23 fd fd a5 04 04 80",""
1226,5560,"PACKET","IN",203,34,"AimSync","id=203 bytes=34","cb 92 00 04 57 84 b1 be 59 8d 4a 3f a8 f5 00 bf 00 48 8c c3 62 f8 25 45 fe b4 82 42 00 00 00 00 3f 37",""
1227,5583,"PACKET","IN",207,35,"PlayerSync","id=207 bytes=35","cf 15 00 00 00 0d cb 23 30 d7 62 49 91 71 9f 1e 90 84 00 00 00 01 9e 65 80 00 00 00 00 00 01 28 00 04 11",""
1228,5583,"PACKET","IN",207,45,"PlayerSync","id=207 bytes=45","cf 1c 00 8b 80 6e 7f c0 00 3c 20 e2 f0 c5 53 09 91 46 9d 5e 90 84 00 00 00 03 5b 2f e0 00 01 68 d0 04 f5 04 16 c9 6f fd fd 00 00 00 80",""
1229,5583,"PACKET","IN",207,43,"PlayerSync","id=207 bytes=43","cf 4f 00 6a 7f c0 00 0c 16 e1 b0 e4 37 89 51 68 ad 9e 90 84 00 00 00 02 65 32 00 00 00 4d 55 1c f4 f0 cd b3 9b fd fd c8 04 64 80",""
1230,5583,"PACKET","IN",207,45,"PlayerSync","id=207 bytes=45","cf 79 00 c0 00 60 00 00 00 09 f8 e2 f0 d5 c7 c9 91 57 e0 5e 90 80 00 00 00 03 8b 9f 40 00 02 b0 1c c0 f6 e3 8f 04 bf fd fd c8 04 04 80",""
1231,5610,"PACKET","IN",207,45,"PlayerSync","id=207 bytes=45","cf 1c 00 8c 00 6e 7f c0 00 17 21 e2 f0 fd d2 c9 91 50 9d 5e 90 84 00 00 00 02 ab 2b e0 00 02 78 74 28 f6 bc 12 c1 77 fd fd 00 00 00 80",""
1232,5610,"PACKET","IN",207,45,"PlayerSync","id=207 bytes=45","cf 92 00 e4 ff e4 ff c0 00 12 45 23 70 d3 4b c9 91 59 65 9e 90 84 00 00 00 00 f5 b9 c0 00 01 a1 1e 90 f5 5c 6b 1f 37 fd fd a5 04 04 80",""
1233,5632,"PACKET","IN",207,45,"PlayerSync","id=207 bytes=45","cf 1c 00 8c 80 6e bf c0 00 02 a2 e2 f0 f6 12 c9 91 5b 9d 5e 90 84 00 00 00 00 8f 27 e0 00 02 59 6c 4c f4 b8 12 31 7f fd fd 00 00 00 80",""
1234,5633,"PACKET","IN",207,39,"PlayerSync","id=207 bytes=39","cf 4b 00 82 80 7e bf c0 00 1b 32 e3 70 f8 5d 49 91 72 23 de 90 80 00 00 00 01 27 4a 00 00 00 00 00 00 01 a5 04 04 80",""
1235,5633,"PACKET","IN",203,34,"AimSync","id=203 bytes=34","cb 4b 00 04 cf d3 68 3f af f9 b1 3e 91 88 69 be a3 31 8f c3 b9 64 26 45 3f c6 7f 42 00 00 00 00 3f 22",""
1236,5633,"PACKET","IN",200,44,"VehicleSync","id=200 bytes=44","c8 a6 00 1d 00 fb ff af ff 08 00 19 50 12 00 28 7b 57 84 a4 ec 32 cd 42 44 53 a3 d7 a4 2c 61 86 c3 f0 20 03 97 f7 57 e2 70 2f 00 00",""
1237,5633,"PACKET","IN",207,45,"PlayerSync","id=207 bytes=45","cf 1c 00 8d 00 6e bf c0 00 3e a3 a2 f0 ee 92 c9 91 67 1d 5e 90 84 00 00 00 03 c7 1f e0 00 01 58 28 74 f6 4c 0f d5 87 fd fd 00 00 00 80",""
1238,5633,"PACKET","IN",207,35,"PlayerSync","id=207 bytes=35","cf 7e 00 00 00 19 9f e8 30 f4 7c 8a 51 40 30 1e 90 80 00 00 00 03 1d 3f 94 00 00 00 00 00 01 a5 04 08 80",""
1239,5659,"PACKET","IN",207,35,"PlayerSync","id=207 bytes=35","cf 0b 00 00 00 36 74 e3 70 df 22 89 91 49 e4 1e 90 80 00 00 00 00 42 8b c0 00 00 00 00 00 01 a5 04 e8 80",""
1240,5659,"PACKET","IN",200,38,"VehicleSync","id=200 bytes=38","c8 3f 00 4b 00 00 00 00 00 00 00 58 70 c6 d0 36 58 b1 c6 5e ac 32 5b 62 b4 58 c3 b9 b4 20 00 00 00 06 80 3a 00 00",""
1241,5659,"PACKET","IN",207,45,"PlayerSync","id=207 bytes=45","cf 4f 00 fe ff ea 3f c0 00 2a 98 e1 b0 ee 77 89 51 45 ed 9e 90 84 00 00 00 01 f5 16 00 00 00 5f 18 34 f5 d0 04 fa 4f fd fd c8 04 64 80",""
1242,5659,"PACKET","IN",207,45,"PlayerSync","id=207 bytes=45","cf 92 00 e7 ff e2 ff c0 00 25 89 a3 70 cc cc 49 91 40 a5 de 90 84 00 00 00 03 c5 a1 c0 00 03 cf 86 70 f4 14 79 77 4b fd fd a5 04 04 80",""
1243,5660,"PACKET","IN",207,45,"PlayerSync","id=207 bytes=45","cf 4b 00 8c 00 75 7f c0 00 3f 70 e3 70 e2 1d 49 91 5c 23 de 90 80 00 00 00 03 47 12 00 00 03 a5 94 18 f7 b3 dd 09 4f fd fd a5 04 04 80",""
1244,5684,"PACKET","IN",200,44,"VehicleSync","id=200 bytes=44","c8 20 00 41 00 75 00 1d 00 00 00 26 d0 78 00 01 37 2e 34 b9 3c 3c e2 22 64 5f a3 47 94 20 95 fa 03 db ef 86 0a a4 27 d2 40 3f 00 00",""
1245,5684,"PACKET","IN",207,45,"PlayerSync","id=207 bytes=45","cf 4f 00 fe 7f e9 ff c0 00 1c dc a1 b0 e2 37 c9 51 7e ad 1e 90 84 00 00 00 02 80 fe 00 00 01 4c d0 b0 f7 08 29 76 cf fd fd c8 04 64 80",""
1246,5685,"PACKET","IN",207,45,"PlayerSync","id=207 bytes=45","cf 79 00 c0 00 60 00 00 00 08 74 22 f0 d6 c7 49 91 6f a0 1e 90 80 00 00 00 03 27 9f 40 00 02 85 ed b4 f4 fb 8b cc b7 fd fd c8 04 04 80",""
1247,5685,"PACKET","IN",207,45,"PlayerSync","id=207 bytes=45","cf 1c 00 8d 00 6f 3f c0 00 33 66 e2 f0 d7 92 c9 91 4c 9d 9e 90 84 00 00 00 02 2f 1b e0 00 02 43 7c 8c f7 f8 09 dd 93 fd fd 00 00 00 80",""
1248,5685,"PACKET","IN",200,44,"VehicleSync","id=200 bytes=44","c8 20 00 41 00 75 00 1d 00 00 00 2e a0 6a a0 0f 57 7a 03 69 3c 3a e2 32 64 53 43 17 94 26 18 e9 a3 dd ef ac 5a 38 87 d2 40 3f 00 00",""
1249,5708,"PACKET","IN",207,45,"PlayerSync","id=207 bytes=45","cf 1c 00 8c 00 6f bf c0 00 31 67 e2 f0 d1 12 c9 91 58 1d 9e 90 84 00 00 00 02 77 1f e0 00 01 24 60 78 f6 a8 08 09 9b fd fd 00 00 00 80",""
1250,5708,"PACKET","IN",207,41,"PlayerSync","id=207 bytes=41","cf 4b 00 00 00 21 ae 63 70 d2 9d 49 91 7d a3 9e 90 80 00 00 00 03 47 12 00 00 03 69 94 18 f7 6b f6 b1 a3 fd fd a5 04 04 80",""
1251,5708,"PACKET","IN",207,45,"PlayerSync","id=207 bytes=45","cf 92 00 e9 ff e2 7f c0 00 22 4e 63 70 d3 cc c9 91 64 e5 de 90 84 00 00 00 02 f9 9d c0 00 01 ba 66 c4 f5 94 80 73 57 fd fd a5 04 04 80",""
1252,5708,"PACKET","IN",207,45,"PlayerSync","id=207 bytes=45","cf 1c 00 8b 80 70 bf c2 00 2b 28 e2 f0 ca 12 c9 91 63 9d 9e 90 84 00 00 00 03 73 1b e0 00 00 ee d8 58 f4 14 0d 61 93 fd fd 00 00 00 80",""
1253,5708,"PACKET","IN",207,45,"PlayerSync","id=207 bytes=45","cf 4f 00 fd ff e9 ff c0 00 2a 9e 21 b0 d2 38 09 51 58 2d 1e 90 84 00 00 00 00 80 e6 00 00 01 cc 69 34 f7 b8 8f af 63 fd fd c8 04 64 80",""
1254,5709,"PACKET","IN",200,44,"VehicleSync","id=200 bytes=44","c8 a6 00 1d 00 fb ff af ff 08 00 1a 40 11 20 2c 4b 51 93 35 2c 3b 4d 32 44 52 b0 d7 a4 24 1d 26 c3 f0 30 0e 87 e7 67 e2 70 2f 00 00",""
1255,5731,"PACKET","IN",200,44,"VehicleSync","id=200 bytes=44","c8 20 00 41 00 00 00 00 00 00 00 24 00 6a 20 0a 37 c8 42 39 3c 36 e2 42 64 5e 02 d7 94 22 62 b9 83 df af 9b 6a 6a 17 d2 40 3f 00 00",""
1256,5732,"PACKET","IN",207,35,"PlayerSync","id=207 bytes=35","cf 46 00 00 00 3e ca 23 30 fc 9b 89 91 68 df 1e 90 84 00 00 00 03 0d 37 c0 00 00 00 00 00 01 28 00 04 11",""
1257,5732,"PACKET","IN",203,34,"AimSync","id=203 bytes=34","cb 46 00 04 db bd 24 bf ad e5 43 bf 00 e0 90 3c d2 87 8b c3 e6 86 26 45 97 bf 7c 42 00 00 00 00 23 37",""
1258,5732,"PACKET","IN",207,43,"PlayerSync","id=207 bytes=43","cf 79 00 c0 00 00 00 17 30 22 f0 ee 46 c9 91 4d a0 1e 90 80 00 00 00 00 87 97 40 00 00 a1 3e 5c f6 2b 89 3c bb fd fd c8 04 04 80",""
1259,5732,"RPC","IN",86,27,"ApplyPlayerAnimation","id=86 bytes=27","97 00 07 42 44 5f 46 49 52 45 07 77 61 73 68 5f 75 70 33 33 83 40 80 00 00 00 00",""
1260,5732,"PACKET","IN",207,45,"PlayerSync","id=207 bytes=45","cf 1c 00 89 00 72 3f c2 00 2d 29 e2 f0 c3 52 c9 91 6f 9d 9e 90 84 00 00 00 00 5f 2b e0 00 02 2f 04 7c f7 10 0a 11 97 fd fd 00 00 00 80",""
1261,5732,"PACKET","IN",200,38,"VehicleSync","id=200 bytes=38","c8 3f 00 4b 00 00 00 00 00 00 00 58 10 c7 00 36 68 b1 c6 5e ac 32 5b 62 b4 58 c3 b9 b4 20 00 00 00 06 80 3a 00 00",""
1262,5733,"PACKET","IN",207,45,"PlayerSync","id=207 bytes=45","cf 4f 00 fd ff e9 bf c0 00 15 20 21 b0 df b8 49 51 63 2c de 90 84 00 00 00 00 08 ce 00 00 01 79 95 44 f6 04 c1 47 93 fd fd c8 04 64 80",""
1263,5759,"RPC","IN",99,42,"MoveObject","id=99 bytes=42","83 00 f8 e3 a1 c3 d7 9b 26 45 ed 5e 7b 42 f8 e3 a1 c3 d7 9b 26 45 53 c5 7d 42 00 00 80 3e 00 00 00 00 00 00 00 00 08 cc 84 43",""
1264,5759,"PACKET","IN",207,35,"PlayerSync","id=207 bytes=35","cf 4d 00 00 00 19 5f dc f0 c3 00 c9 91 7b ec 9e 90 80 00 00 00 00 39 bc 80 00 00 00 00 00 01 a8 04 04 11",""
1265,5759,"PACKET","IN",207,45,"PlayerSync","id=207 bytes=45","cf 92 00 ea 7f e2 7f c0 00 11 d3 a3 70 e8 8d 49 91 4c 26 1e 90 84 00 00 00 03 75 9d c0 00 01 76 66 f4 f6 7c 81 73 57 fd fd a5 04 04 80",""
1266,5783,"PACKET","IN",207,41,"PlayerSync","id=207 bytes=41","cf 1c 00 02 00 2e 6c 22 f0 f1 52 89 91 49 dd de 90 84 00 00 00 03 3b 27 e0 00 02 a0 90 e8 f7 54 0f a1 83 fd fd 00 00 00 80",""
1267,5783,"PACKET","IN",207,41,"PlayerSync","id=207 bytes=41","cf 4b 00 00 00 38 ab 63 70 c1 5d 49 91 5b a3 9e 90 80 00 00 00 03 47 12 00 00 00 06 b3 60 f3 6b f6 b1 a3 fd fd a5 04 04 80",""
1268,5785,"PACKET","IN",207,45,"PlayerSync","id=207 bytes=45","cf 4f 00 fd 7f e9 bf c0 00 18 21 21 b0 eb f8 89 51 7c 2c 9e 90 84 00 00 00 00 cc be 00 00 00 4b e5 50 f4 09 3b 53 d7 fd fd c8 04 64 80",""
1269,5785,"PACKET","IN",207,35,"PlayerSync","id=207 bytes=35","cf 7c 00 00 00 38 64 25 b0 e1 1a 09 d1 6c 24 9f 10 80 00 00 00 01 b1 ee 40 00 00 00 00 00 01 28 00 04 11",""
1270,5786,"PACKET","IN",207,35,"PlayerSync","id=207 bytes=35","cf 37 00 00 00 16 3c 62 b0 f4 68 c9 91 56 9b 9e 90 80 00 00 00 02 2c 7b 40 00 00 00 00 00 01 28 00 04 11",""
1271,5786,"PACKET","IN",200,44,"VehicleSync","id=200 bytes=44","c8 a6 00 1d 00 fb ff af ff 08 00 1b c0 10 20 2f 4b 5e e5 95 5c 33 5d 32 44 55 1e 67 94 25 26 66 d3 f0 40 0a 47 e7 17 e2 70 2f 00 00",""
1272,5821,"PACKET","IN",207,43,"PlayerSync","id=207 bytes=43","cf 79 00 c0 00 00 00 36 e6 a2 f0 ec 46 49 91 45 9f 9e 90 80 00 00 00 03 87 03 40 00 01 1b fa cc f6 4f f4 ed 9f fd fd c8 04 04 80",""
1273,5821,"PACKET","IN",207,45,"PlayerSync","id=207 bytes=45","cf 92 00 ea 7f e2 3f c0 00 00 19 a3 70 ea 4d 89 91 6a a6 5e 90 84 00 00 00 00 ed 95 c0 00 02 fb f2 a0 f6 cc 36 76 e7 fd fd a5 04 04 80",""
1274,5821,"PACKET","IN",207,35,"PlayerSync","id=207 bytes=35","cf 02 00 00 00 08 a8 a2 70 e7 a8 c9 91 7a 9d 5e 90 84 00 00 00 00 fc 56 c0 00 00 00 00 00 01 28 00 04 11",""
1275,5821,"PACKET","IN",207,45,"PlayerSync","id=207 bytes=45","cf 4f 00 fd 7f e9 bf c0 00 15 62 21 b0 fd 78 c9 51 53 ac 9e 90 84 00 00 00 00 28 ae 00 00 01 c6 5d 3c f6 6d 45 2b df fd fd c8 04 64 80",""
1276,5841,"PACKET","IN",207,45,"PlayerSync","id=207 bytes=45","cf 92 00 e6 ff e2 ff c0 00 28 dd 23 70 c5 8e 09 91 4c e6 9e 90 84 00 00 00 01 01 a1 c0 00 01 09 92 a0 f5 d0 80 b3 57 fd fd a5 04 04 80",""
1277,5863,"PACKET","IN",207,41,"PlayerSync","id=207 bytes=41","cf 1c 00 02 00 01 f1 22 f0 ca d2 89 91 42 5e 1e 90 84 00 00 00 03 3b 27 e0 00 03 2f 33 d4 f3 54 0f a1 83 fd fd 00 00 00 80",""
1278,5863,"PACKET","IN",200,38,"VehicleSync","id=200 bytes=38","c8 3f 00 4b 00 00 00 00 00 00 00 58 50 c6 e0 36 68 b1 b6 5e ac 32 5b 62 b4 58 a3 b9 b4 20 00 00 00 06 80 3a 00 00",""
1279,5863,"PACKET","IN",207,45,"PlayerSync","id=207 bytes=45","cf 4f 00 fc ff e9 7f c0 00 3d 62 e1 b0 cf f9 49 51 6c 6c 5e 90 84 00 00 00 01 58 a6 00 00 03 d5 3d 28 f6 49 57 0b e3 fd fd c8 04 64 80",""
1280,5864,"PACKET","IN",200,44,"VehicleSync","id=200 bytes=44","c8 a6 00 1d 00 fb ff af ff 08 00 1e 20 1e 60 13 0b 6f 94 45 9c 37 3d 22 44 5d 0b 47 94 2f a1 c6 e3 f0 50 05 07 e6 87 e2 70 2f 00 00",""
1281,5891,"PACKET","IN",207,35,"PlayerSync","id=207 bytes=35","cf 1a 00 00 00 28 14 e5 b0 cd 83 09 d1 6c 24 9f 10 80 00 00 00 03 eb 49 80 00 00 00 00 00 01 28 00 04 11",""
1282,5891,"PACKET","IN",207,41,"PlayerSync","id=207 bytes=41","cf 4b 00 00 00 00 28 e3 70 f1 5d 09 91 7b a3 5e 90 80 00 00 00 03 47 12 00 00 02 dc 69 4c f3 6b f6 b1 a3 fd fd a5 04 04 80",""
1283,5891,"PACKET","IN",207,43,"PlayerSync","id=207 bytes=43","cf 79 00 60 3f c0 00 13 5b e2 f0 f7 06 49 91 5b de 9e 90 80 00 00 00 01 7a 9f 40 00 00 99 92 bc f5 c3 ff aa 2f fd fd e9 04 04 80",""
1284,5891,"PACKET","IN",203,34,"AimSync","id=203 bytes=34","cb 79 00 04 3b 19 b7 bd 74 b5 74 3f b0 3e 8f be 58 70 8b c3 26 f7 25 45 d5 67 7f 42 00 00 00 00 3f 55",""
1285,5891,"PACKET","IN",207,45,"PlayerSync","id=207 bytes=45","cf 92 00 e1 ff e4 3f c0 00 3b 60 63 70 e3 4e 49 91 66 a6 9e 90 84 00 00 00 01 2d b1 c0 00 02 f7 fe 9c f4 80 7e a7 4f fd fd a5 04 04 80",""
1286,5891,"PACKET","IN",207,35,"PlayerSync","id=207 bytes=35","cf 97 00 00 00 39 55 a5 b0 df 38 c9 91 6c 24 9f 10 80 00 00 00 01 30 6f e8 00 00 00 00 00 01 28 00 04 11",""
1287,5891,"PACKET","IN",207,35,"PlayerSync","id=207 bytes=35","cf 2d 00 00 00 37 8d 62 b0 cb e9 09 91 5c 9a de 90 80 00 00 00 01 5c 03 c0 00 00 00 00 00 01 28 00 04 11",""
1288,5892,"PACKET","IN",207,45,"PlayerSync","id=207 bytes=45","cf 4f 00 fc ff e9 7f c0 00 0c e4 21 b0 f4 f9 89 51 7c ec 1e 90 84 00 00 00 01 e8 9a 00 00 00 ee ed 2c f4 cd 5d 4b e7 fd fd c8 04 64 80",""
1289,5914,"PACKET","IN",207,49,"PlayerSync","id=207 bytes=49","cf 30 00 00 00 22 fe a6 b0 cf 96 c9 d1 7b 67 1f 10 84 00 00 00 01 bd d3 00 00 00 00 00 00 03 ff fe 00 00 00 00 00 00 00 00 00 00 00 01 28 00 04 11",""
1290,5941,"PACKET","IN",200,44,"VehicleSync","id=200 bytes=44","c8 20 00 41 00 00 00 00 00 00 00 0f 50 42 40 0a 48 30 7d 09 2c 32 52 92 64 55 61 d7 94 22 0b 08 23 d0 7f 21 0b a0 57 d2 40 3f 00 00",""
1291,5942,"PACKET","IN",200,38,"VehicleSync","id=200 bytes=38","c8 3f 00 4b 00 00 00 00 00 00 00 57 f0 c7 20 36 88 b1 b6 5e ac 32 5b 62 b4 58 c3 b9 b4 20 00 00 00 06 80 3a 00 00",""
1292,5942,"PACKET","IN",207,45,"PlayerSync","id=207 bytes=45","cf 4f 00 f5 ff e8 7f c0 00 38 24 e1 b0 d3 7a 09 51 51 ac 1e 90 84 00 00 00 02 b8 d6 00 00 03 28 0d 48 f7 d5 64 db eb fd fd c8 04 64 80",""
1293,5942,"PACKET","IN",207,45,"PlayerSync","id=207 bytes=45","cf 92 00 dd ff e5 7f c0 00 00 e5 63 70 e2 8e c9 91 4f 66 de 90 84 00 00 00 03 45 b1 c0 00 01 f7 32 98 f6 34 7b fb 4b fd fd a5 04 04 80",""
1294,5942,"PACKET","IN",207,41,"PlayerSync","id=207 bytes=41","cf 1c 00 02 00 37 33 a2 f0 f5 52 49 91 62 1e 1e 90 84 00 00 00 03 3b 27 e0 00 03 49 cd 9c f3 54 0f a1 83 fd fd 00 00 00 80",""
1295,5942,"PACKET","IN",207,35,"PlayerSync","id=207 bytes=35","cf 4b 00 00 00 15 e8 a3 70 f0 5d 09 91 79 a3 5e 90 80 00 00 00 03 47 12 00 00 00 00 00 00 01 a5 04 04 80",""
1296,5943,"PACKET","IN",207,35,"PlayerSync","id=207 bytes=35","cf 54 00 00 00 27 65 68 30 dc 13 49 d1 7b 67 1f 10 84 00 00 00 01 87 f6 c0 00 00 00 00 00 01 28 00 04 11",""
1297,5943,"PACKET","IN",207,45,"PlayerSync","id=207 bytes=45","cf 79 00 c0 7f e0 3f c0 00 10 58 62 f0 e0 86 89 91 7e 9e 1e 90 80 00 00 00 02 19 d7 40 00 02 ed 8c 18 f4 ef af 8b 17 fd fd c8 04 04 80",""
1298,5943,"PACKET","IN",200,44,"VehicleSync","id=200 bytes=44","c8 a6 00 1d 00 fe ff af ff 08 00 1e d0 1c e0 16 8b 6b 02 c5 dc 38 8d 12 44 56 d8 37 94 24 1d 06 e3 f0 60 0f e7 d7 67 e2 70 2f 00 00",""
1299,5966,"PACKET","IN",207,37,"PlayerSync","id=207 bytes=37","cf 47 00 60 3f c0 00 01 a4 e2 f0 e7 ce 49 91 62 9b de 90 84 00 00 00 01 be eb c0 00 00 00 00 00 01 fc 04 04 80",""
1300,5967,"PACKET","IN",207,45,"PlayerSync","id=207 bytes=45","cf 4f 00 ef 7f e7 bf c0 00 03 26 21 b0 dd ba 49 51 6a ab de 90 84 00 00 00 02 31 0a 00 00 02 f4 55 cc f6 09 2e f7 d3 fd fd c8 04 64 80",""
1301,5967,"PACKET","IN",207,45,"PlayerSync","id=207 bytes=45","cf 92 00 db ff e5 ff c0 00 1b e9 e3 70 df cf 49 91 75 66 de 90 84 00 00 00 03 99 99 c0 00 00 d9 9a c0 f6 ac 7d 27 53 fd fd a5 04 04 80",""
1302,5996,"PACKET","IN",207,41,"PlayerSync","id=207 bytes=41","cf 1c 00 00 00 36 b4 22 f0 f1 52 49 91 68 1e 1e 90 84 00 00 00 03 3b 27 e0 00 03 ef 08 1c f3 54 0f a1 83 fd fd 00 00 00 80",""
1303,5996,"PACKET","IN",207,45,"PlayerSync","id=207 bytes=45","cf 4f 00 ea 7f e6 ff c0 00 07 a7 e1 b0 ff 3a 89 51 71 ab 9e 90 84 00 00 00 03 69 2a 00 00 01 0b 32 30 f6 f0 fe cb bb fd fd c8 04 64 80",""
1304,5996,"PACKET","IN",200,38,"VehicleSync","id=200 bytes=38","c8 3f 00 4b 00 00 00 00 00 00 00 57 e0 c7 30 36 88 b1 b6 5e ac 32 5b 62 b4 58 b3 b9 b4 20 00 00 00 06 80 3a 00 00",""
1305,6022,"PACKET","IN",207,45,"PlayerSync","id=207 bytes=45","cf 4f 00 e6 ff e6 bf c0 00 28 69 e1 b0 e4 3b 09 51 72 2b 5e 90 84 00 00 00 01 ad 42 00 00 03 9b 56 6c f5 a8 e0 6f ab fd fd c8 04 64 80",""
1306,6022,"PACKET","IN",207,45,"PlayerSync","id=207 bytes=45","cf 79 00 c0 7f e0 3f c0 00 06 55 e2 f0 f7 06 c9 91 60 dd de 90 80 00 00 00 03 3c fb 40 00 00 7b 28 68 f5 0f 04 6f bb fd fd c8 04 04 80",""
1307,6023,"PACKET","IN",207,45,"PlayerSync","id=207 bytes=45","cf 92 00 db 7f e6 7f c0 00 27 ee a3 70 f6 4f c9 91 53 a7 1e 90 84 00 00 00 02 f5 71 c0 00 01 5d 9a c0 f5 38 9d 27 73 fd fd a5 04 04 80",""
1308,6023,"PACKET","IN",200,44,"VehicleSync","id=200 bytes=44","c8 a6 00 1d 00 00 00 b1 ff 08 00 1c 00 1a c0 18 db 6f e1 96 1c 37 cd 02 44 55 65 77 94 2f 37 e6 f3 f0 60 0c a7 da e7 e2 70 2f 00 00",""
1309,6046,"PACKET","IN",207,35,"PlayerSync","id=207 bytes=35","cf 1c 00 00 00 29 b4 62 f0 ef d2 49 91 6a 1e 1e 90 84 00 00 00 03 3b 27 e0 00 00 00 00 00 01 00 00 00 80",""
1310,6046,"PACKET","IN",207,43,"PlayerSync","id=207 bytes=43","cf 47 00 60 3f c0 00 2f 29 22 f0 f2 8e 49 91 55 9c 1e 90 84 00 00 00 01 a2 97 c0 00 03 81 94 18 f7 04 04 7e 57 fd fd fc 04 04 80",""
1311,6047,"PACKET","IN",207,45,"PlayerSync","id=207 bytes=45","cf 4f 00 e5 ff e6 7f c0 00 2c 6c 21 b0 c5 bb 89 51 71 ab 1e 90 84 00 00 00 03 21 46 00 00 01 b8 9a 88 f6 98 ce ef 9b fd fd c8 04 64 80",""
1312,6069,"PACKET","IN",200,44,"VehicleSync","id=200 bytes=44","c8 20 00 41 00 00 00 00 00 00 00 07 10 53 f0 01 88 4e 4a 59 2c 3e 32 b2 64 5b e1 47 94 26 c3 06 63 d6 3f 14 db b0 97 d2 40 3f 00 00",""
1313,6069,"PACKET","IN",203,34,"AimSync","id=203 bytes=34","cb 20 00 12 cc ee 65 3f 0f 68 d1 3e f4 1f 25 be 74 8c 95 c3 5a 01 26 45 06 81 80 42 00 00 00 00 3f 37",""
1314,6069,"PACKET","IN",207,35,"PlayerSync","id=207 bytes=35","cf 51 00 00 00 2e e7 28 30 ea ff 89 91 7b 67 1f 10 84 00 00 00 03 a6 8b c0 00 00 00 00 00 01 28 00 04 11",""
1315,6069,"PACKET","IN",207,45,"PlayerSync","id=207 bytes=45","cf 92 00 da ff e6 7f c0 00 2c 32 e3 70 d8 90 89 91 60 a7 1e 90 84 00 00 00 03 69 41 c0 00 03 44 b2 c8 f6 48 c4 a3 97 fd fd a5 04 04 80",""
1316,6070,"PACKET","OUT",207,69,"PlayerSync","id=207 bytes=69","cf 00 00 00 00 00 00 e8 9a a0 c3 95 ed 26 45 ed 9c 7c 42 0f 68 4f 3f 00 00 00 80 00 00 00 00 d5 0f 16 bf 64 00 00 00 00 00 00 00 00 00 00 00 00 00 00 00 00 00 00 00 00 00 00 00 00 00 00 00 00 00 a5 04 e8 80",""
1317,6091,"PACKET","IN",207,35,"PlayerSync","id=207 bytes=35","cf 1b 00 00 00 02 a3 63 70 d7 5a c9 91 7b a3 1e 90 80 00 00 00 00 d6 93 00 00 00 00 00 00 01 28 00 04 11",""
1318,6091,"PACKET","IN",203,34,"AimSync","id=203 bytes=34","cb 1b 00 04 13 3e 89 3e f2 7c 6b 3f 3b 98 92 be e8 e9 8d c3 87 43 26 45 74 06 80 42 00 00 00 00 3f 1a",""
1319,6091,"PACKET","IN",200,38,"VehicleSync","id=200 bytes=38","c8 3f 00 4b 00 00 00 00 00 00 00 58 00 c7 10 36 98 b1 b6 5e ac 32 5b 62 b4 58 b3 b9 b4 20 00 00 00 06 80 3a 00 00",""
1320,6091,"PACKET","IN",207,35,"PlayerSync","id=207 bytes=35","cf 15 00 00 00 0d cb 23 30 d7 62 49 91 71 9f 1e 90 84 00 00 00 01 9e 65 80 00 00 00 00 00 01 28 00 04 11",""
1321,6091,"PACKET","IN",207,39,"PlayerSync","id=207 bytes=39","cf 1c 00 fe 7f ff 3f c0 00 29 b4 62 f0 ef d2 49 91 6a 1e 1e 90 84 00 00 00 02 2b 4b e0 00 00 00 00 00 01 00 00 00 80",""
1322,6092,"PACKET","IN",207,45,"PlayerSync","id=207 bytes=45","cf 4f 00 e5 ff e6 7f c0 00 00 6e e1 b0 f2 3b c9 51 69 2a de 90 84 00 00 00 01 75 4a 00 00 03 d9 6e 80 f6 00 cb 7b 97 fd fd c8 04 64 80",""
1323,6092,"PACKET","IN",207,35,"PlayerSync","id=207 bytes=35","cf 85 00 00 00 18 e4 22 b0 cb 69 09 91 7a 98 de 90 80 00 00 00 03 74 25 80 00 00 00 00 00 01 a5 04 e8 80",""
1324,6114,"PACKET","IN",207,45,"PlayerSync","id=207 bytes=45","cf 79 00 c0 7f e0 3f c0 00 0e 14 a2 f0 c7 07 89 91 43 9d 9e 90 84 00 00 00 03 84 07 40 00 02 bf 2c 68 f7 ea 0f bf ff fd fd c8 04 04 80",""
1325,6114,"PACKET","IN",207,45,"PlayerSync","id=207 bytes=45","cf 92 00 db 7f e6 7f c0 00 1a f5 e3 70 d8 11 09 91 62 27 1e 90 84 00 00 00 01 ed 31 c0 00 01 14 de f8 f7 e4 d2 d3 9f fd fd a5 04 04 80",""
1326,6114,"PACKET","IN",207,43,"PlayerSync","id=207 bytes=43","cf 79 00 c0 7f 80 00 25 14 a2 f0 f3 87 89 91 70 9d 5e 90 84 00 00 00 00 80 57 40 00 00 77 30 68 f6 fd c0 57 ff fd fd c8 04 04 80",""
1327,6114,"PACKET","IN",200,44,"VehicleSync","id=200 bytes=44","c8 a6 00 1d 00 02 00 b1 ff 08 00 1b 00 1b 70 19 ab 60 70 a6 5c 36 0c f2 44 5a 82 e7 94 28 f2 b7 03 f0 60 0b 97 db 67 e2 70 2f 00 00",""
1328,6115,"RPC","IN",105,19,"TextDrawSetString","id=105 bytes=19","2f 01 0f 00 30 39 20 41 67 75 73 74 75 73 20 32 30 32 36",""
1329,6115,"RPC","IN",105,12,"TextDrawSetString","id=105 bytes=12","30 01 08 00 31 32 3a 31 34 3a 31 34",""
1330,6142,"PACKET","IN",207,45,"PlayerSync","id=207 bytes=45","cf 1c 00 f3 7f f9 3f c0 00 17 f6 22 f0 d8 12 49 91 7e 1e 1e 90 84 00 00 00 03 5b 87 e0 00 03 c9 94 18 f4 a4 39 e1 17 fd fd 00 00 00 80",""
1331,6142,"PACKET","IN",207,43,"PlayerSync","id=207 bytes=43","cf 47 00 60 3f c0 00 05 ee 22 f0 c9 4e 89 91 4d 1c 5e 90 84 00 00 00 00 62 a3 c0 00 00 bf 30 68 f4 dc 06 76 47 fd fd fc 04 04 80",""
1332,6142,"PACKET","IN",207,45,"PlayerSync","id=207 bytes=45","cf 4f 00 e5 7f e6 7f c0 00 1b b1 e1 b0 f3 bc 49 51 52 2a 9e 90 84 00 00 00 02 4d 52 00 00 03 7c 52 74 f4 08 c9 fb 97 fd fd c8 04 64 80",""
1333,6142,"PACKET","IN",207,45,"PlayerSync","id=207 bytes=45","cf 1c 00 e8 ff f5 3f c0 00 22 f6 e2 f0 c7 12 49 91 47 1e 5e 90 84 00 00 00 02 6b a3 e0 00 00 09 98 18 f6 9c 57 0c e3 fd fd 00 00 00 80",""
1334,6142,"PACKET","IN",207,45,"PlayerSync","id=207 bytes=45","cf 92 00 dc 7f e5 ff c0 00 04 ba 23 70 dd 11 c9 91 5c 27 1e 90 84 00 00 00 03 05 1d c0 00 00 d0 ce ec f6 ac e7 c7 ab fd fd a5 04 04 80",""
1335,6164,"PACKET","IN",200,44,"VehicleSync","id=200 bytes=44","c8 20 00 41 00 00 00 00 00 00 00 05 70 50 00 03 08 45 58 a9 2c 3a f2 d2 64 55 b0 f7 94 23 97 04 e3 dc ef 18 6b a8 77 d2 40 3f 00 00",""
1336,6165,"PACKET","IN",207,35,"PlayerSync","id=207 bytes=35","cf 5b 00 00 00 3f c4 a6 f0 d9 07 09 d1 7b 67 1f 10 84 00 00 00 01 2a 42 00 00 00 00 00 00 01 28 00 04 11",""
1337,6165,"PACKET","IN",203,34,"AimSync","id=203 bytes=34","cb 5b 00 04 f8 7e 2d 3d 0c 69 e0 bd 35 3a 7e bf fa 1e 9b c3 44 20 27 45 d6 e5 83 42 00 00 00 00 23 27",""
1338,6165,"PACKET","IN",207,35,"PlayerSync","id=207 bytes=35","cf 0b 00 00 00 36 74 e3 70 df 22 89 91 49 e4 1e 90 80 00 00 00 00 42 8b c0 00 00 00 00 00 01 a5 04 e8 80",""
1339,6165,"PACKET","IN",207,45,"PlayerSync","id=207 bytes=45","cf 1c 00 de ff f1 ff c0 00 2b b7 a2 f0 f1 92 09 91 50 9e 5e 90 84 00 00 00 00 03 bf e0 00 00 59 98 18 f7 6c 7a 94 b3 fd fd 00 00 00 80",""
1340,6165,"PACKET","IN",207,45,"PlayerSync","id=207 bytes=45","cf 4f 00 e4 ff e6 7f c0 00 0e 34 61 b0 d5 fc c9 51 4e aa 5e 90 84 00 00 00 02 a9 5e 00 00 01 3e 22 74 f4 ac c0 37 93 fd fd c8 04 64 80",""
1341,6186,"PACKET","IN",207,45,"PlayerSync","id=207 bytes=45","cf 1c 00 d1 7f ec 3f c0 00 0f b8 62 f0 da d2 09 91 58 1e 5e 90 84 00 00 00 00 2f d3 e0 00 00 9d 98 18 f5 74 ab 74 83 fd fd 00 00 00 80",""
1342,6186,"PACKET","IN",207,43,"PlayerSync","id=207 bytes=43","cf 79 00 c0 7f 80 00 35 d5 e2 f0 e2 88 09 91 58 5d 5e 90 84 00 00 00 02 09 3b 40 00 00 78 94 30 f4 70 e8 ef af fd fd c8 04 04 80",""
1343,6186,"PACKET","IN",207,35,"PlayerSync","id=207 bytes=35","cf 7e 00 00 00 19 9f e8 30 f4 7c 8a 51 40 30 1e 90 80 00 00 00 03 1d 3f 94 00 00 00 00 00 01 a5 04 08 80",""
1344,6186,"RPC","IN",105,7,"TextDrawSetString","id=105 bytes=7","26 08 03 00 31 30 30",""
1345,6186,"RPC","IN",105,5,"TextDrawSetString","id=105 bytes=5","27 08 01 00 30",""
1346,6186,"RPC","IN",105,6,"TextDrawSetString","id=105 bytes=6","28 08 02 00 34 36",""
1347,6186,"RPC","IN",105,5,"TextDrawSetString","id=105 bytes=5","29 08 01 00 32",""
1348,6186,"RPC","IN",105,7,"TextDrawSetString","id=105 bytes=7","2a 08 03 00 31 30 30",""
1349,6208,"PACKET","IN",200,44,"VehicleSync","id=200 bytes=44","c8 20 00 41 00 00 00 00 00 20 00 2a a0 5a 50 03 18 41 87 f9 2c 36 62 e2 64 5f d0 d7 94 2a e7 51 83 d4 5f 29 bb 99 c7 d2 40 3f 00 00",""
1350,6208,"PACKET","IN",207,45,"PlayerSync","id=207 bytes=45","cf 4f 00 e4 ff e6 7f c0 00 0d f7 21 b0 fe bd 09 51 4a 2a 1e 90 84 00 00 00 03 71 62 00 00 03 a6 86 8c f6 84 b7 e7 87 fd fd c8 04 64 80",""
1351,6208,"PACKET","IN",207,45,"PlayerSync","id=207 bytes=45","cf 92 00 df ff e4 bf c0 00 19 7d a3 70 d5 d2 89 91 50 27 1e 90 84 00 00 00 03 78 fd c0 00 00 d2 f6 cc f4 6c fa ef b7 fd fd a5 04 04 80",""
1352,6209,"PACKET","IN",200,44,"VehicleSync","id=200 bytes=44","c8 a6 00 1d 00 05 00 b1 ff 08 00 1a 90 1b f0 18 1b 61 81 46 9c 34 4c e2 44 5c 70 47 94 25 ad a7 03 f0 60 0e 37 db 27 e2 70 2f 00 00",""
1353,6209,"PACKET","IN",207,41,"PlayerSync","id=207 bytes=41","cf 1c 00 00 00 10 b9 62 f0 e6 d1 c9 91 63 de 5e 90 84 00 00 00 02 03 ef e0 00 01 11 98 18 f7 a9 0f e8 3b fd fd 00 00 00 80",""
1354,6209,"PACKET","IN",207,43,"PlayerSync","id=207 bytes=43","cf 47 00 60 3f c0 00 1f f2 e2 f0 df 0e 89 91 44 dc 9e 90 84 00 00 00 00 62 a3 c0 00 00 a3 30 68 f4 dc 06 76 47 fd fd fc 04 04 80",""
1355,6209,"PACKET","IN",207,41,"PlayerSync","id=207 bytes=41","cf 79 00 00 00 0b 16 e2 f0 c3 c8 49 91 5a 1d 5e 90 84 00 00 00 02 6d 83 40 00 00 21 c4 64 f7 44 aa 2b 7f fd fd a5 04 04 80",""
1356,6230,"PACKET","IN",200,38,"VehicleSync","id=200 bytes=38","c8 3f 00 4b 00 00 00 00 00 00 00 59 40 c6 70 36 98 b1 96 5e ac 32 5b 62 b4 58 63 b9 b4 20 00 00 00 06 80 3a 00 00",""
1357,6258,"PACKET","IN",207,45,"PlayerSync","id=207 bytes=45","cf 4f 00 e4 7f e6 7f c0 00 1c fa 61 b0 fa 3d 89 51 4e 29 de 90 84 00 00 00 00 49 6e 00 00 00 b8 ae 9c f6 a4 b0 9b 87 fd fd c8 04 64 80",""
1358,6258,"PACKET","IN",207,45,"PlayerSync","id=207 bytes=45","cf 92 00 e5 ff e3 3f c0 00 0e 40 e3 b0 db d3 49 91 75 a6 de 90 84 00 00 00 01 98 d1 c0 00 00 74 ce d4 f5 79 19 27 cb fd fd a5 04 04 80",""
1359,6282,"PACKET","IN",207,45,"PlayerSync","id=207 bytes=45","cf 4f 00 e4 7f e6 7f c0 00 24 bd 61 b0 e7 3e 09 51 57 29 9e 90 84 00 00 00 01 f5 72 00 00 01 c9 be a0 f7 84 aa 63 7f fd fd c8 04 64 80",""
1360,6282,"PACKET","IN",203,34,"AimSync","id=203 bytes=34","cb 4f 00 04 79 ae 75 be fe f5 6c 3f 43 d7 95 be 38 b0 86 c3 9b d7 25 45 8d a8 7f 42 00 00 00 00 3f 26",""
1361,6282,"PACKET","IN",207,43,"PlayerSync","id=207 bytes=43","cf 47 00 60 3f c0 00 14 75 e2 f0 f0 ce 89 91 66 dc 9e 90 84 00 00 00 02 76 1b c0 00 03 5e c7 cc f0 78 0c 56 73 fd fd fc 04 04 80",""
1362,6282,"PACKET","IN",207,41,"PlayerSync","id=207 bytes=41","cf 79 00 00 00 0b 99 a2 f0 c1 48 89 91 77 1d 5e 90 84 00 00 00 03 6e 47 40 00 00 ba 8b 80 f1 40 29 56 cb fd fd a5 04 04 80",""
1363,6282,"PACKET","IN",207,45,"PlayerSync","id=207 bytes=45","cf 92 00 f2 7f e1 3f c0 00 3a 83 23 b0 e9 94 09 91 46 a6 de 90 84 00 00 00 02 38 71 c0 00 00 69 8e d0 f5 51 64 0f eb fd fd a5 04 04 80",""
1364,6283,"PACKET","IN",200,44,"VehicleSync","id=200 bytes=44","c8 a6 00 1d 00 09 00 b1 ff 08 00 1a a0 1b d0 11 cb 65 e0 c6 dc 35 fc d2 44 52 dd b7 84 2b 08 37 13 f0 30 07 e7 ea f7 e2 70 2f 00 00",""
1365,6308,"PACKET","IN",207,41,"PlayerSync","id=207 bytes=41","cf 1c 00 00 00 3e 79 e2 f0 ea 51 49 91 6b 9e 5e 90 80 00 00 00 00 3b ff e0 00 01 e0 b7 38 f0 16 21 00 03 fd fd 00 00 00 80",""
1366,6309,"PACKET","IN",207,45,"PlayerSync","id=207 bytes=45","cf 4f 00 e3 ff e6 3f c0 00 3d 80 61 f0 e7 3e 09 51 5f 29 5e 90 84 00 00 00 01 6d 7a 00 00 03 ba c9 7c f4 00 03 fd ff fd fd c8 04 64 80",""
1367,6332,"PACKET","IN",207,35,"PlayerSync","id=207 bytes=35","cf 02 00 00 00 08 a8 a2 70 e7 a8 c9 91 7a 9d 5e 90 84 00 00 00 00 fc 56 c0 00 00 00 00 00 01 28 00 04 11",""
1368,6332,"PACKET","IN",200,44,"VehicleSync","id=200 bytes=44","c8 20 00 41 00 00 00 00 00 20 00 27 f0 61 b0 22 d8 4c a7 59 2c 3f 32 e2 64 54 e0 d7 94 27 c5 b0 93 b1 01 84 a3 5c 67 f2 40 3f 00 00",""
1369,6332,"PACKET","IN",200,38,"VehicleSync","id=200 bytes=38","c8 3f 00 4b 00 00 00 00 00 00 00 58 a0 c6 c0 36 a8 b1 96 5e ac 32 5b 62 b4 58 93 b9 b4 20 00 00 00 06 80 3a 00 00",""
1370,6333,"PACKET","IN",207,35,"PlayerSync","id=207 bytes=35","cf 4d 00 00 00 19 5f dc f0 c3 00 c9 91 7b ec 9e 90 80 00 00 00 00 39 bc 80 00 00 00 00 00 01 a8 04 04 11",""
1371,6333,"PACKET","IN",207,35,"PlayerSync","id=207 bytes=35","cf 7c 00 00 00 38 64 25 b0 e1 1a 09 d1 6c 24 9f 10 80 00 00 00 01 b1 ee 40 00 00 00 00 00 01 28 00 04 11",""
1372,6358,"PACKET","IN",207,45,"PlayerSync","id=207 bytes=45","cf 4f 00 e3 ff e6 3f c0 00 3b 83 e1 f0 e7 3e 09 51 5f a9 1e 90 84 00 00 00 02 51 7e 00 00 00 41 75 d8 f4 00 03 fd ff fd fd c8 04 64 80",""
1373,6358,"PACKET","IN",207,43,"PlayerSync","id=207 bytes=43","cf 79 00 c0 00 00 00 3d 5b a2 f0 ce c8 89 91 5f 1d 9e 90 84 00 00 00 03 e6 c3 40 00 03 b6 9a 50 f0 04 03 cd fb fd fd f5 04 04 80",""
1374,6358,"PACKET","IN",207,45,"PlayerSync","id=207 bytes=45","cf 92 00 f5 ff e0 bf c0 00 1e 44 a3 b0 fa d4 c9 91 40 26 9e 90 84 00 00 00 03 64 5d c0 00 03 39 96 90 f7 b5 9a 13 f7 fd fd a5 04 04 80",""
1375,6358,"PACKET","IN",207,35,"PlayerSync","id=207 bytes=35","cf 37 00 00 00 16 3c 62 b0 f4 68 c9 91 56 9b 9e 90 80 00 00 00 02 2c 7b 40 00 00 00 00 00 01 28 00 04 11",""
1376,6358,"RPC","IN",134,80,"ShowTextDraw","id=134 bytes=80","f0 00 13 9a 99 19 3f 00 00 00 40 00 00 00 66 00 00 cc 42 00 00 a0 41 00 00 00 32 00 01 00 00 00 66 04 00 00 00 59 43 00 00 b8 43 00 00 00 00 00 00 00 00 00 00 00 00 00 00 00 00 80 3f ff ff ff ff 0d 00 6c 64 5f 64 75 61 6c 3a 77 68 69 74 65",""
1377,6359,"RPC","IN",134,80,"ShowTextDraw","id=134 bytes=80","36 08 11 9a 99 19 3f 00 00 00 40 1a ff 00 aa 5c 8f 82 3f 00 00 a0 41 00 00 00 32 00 01 00 00 00 ff 04 00 00 00 59 43 00 00 b8 43 00 00 00 00 00 00 00 00 00 00 00 00 00 00 00 00 80 3f ff ff ff ff 0d 00 6c 64 5f 64 75 61 6c 3a 77 68 69 74 65",""
1378,6359,"RPC","IN",134,82,"ShowTextDraw","id=134 bytes=82","37 08 18 56 99 59 3e 33 33 b3 3f ff ff ff e6 00 00 a0 44 00 00 a0 44 00 00 00 32 00 00 00 00 00 ff 01 00 00 00 86 43 00 c0 b9 43 00 00 00 00 00 00 00 00 00 00 00 00 00 00 00 00 80 3f ff ff ff ff 0f 00 4d 45 4e 47 45 4d 41 53 20 28 41 55 54 4f 29",""
1379,6359,"RPC","IN",86,27,"ApplyPlayerAnimation","id=86 bytes=27","66 00 07 42 44 5f 46 49 52 45 07 77 61 73 68 5f 75 70 33 33 83 40 80 00 00 00 00",""
1380,6383,"PACKET","IN",207,43,"PlayerSync","id=207 bytes=43","cf 47 00 60 3f c0 00 1c 3a e2 f0 c5 4e c9 91 60 9c de 90 84 00 00 00 00 ac fb c0 00 02 52 1b ec f1 0c 03 0d df fd fd fc 04 04 80",""
1381,6383,"PACKET","IN",200,44,"VehicleSync","id=200 bytes=44","c8 a6 00 1d 00 0e 00 b1 ff 08 00 1a e0 1b 70 1b 8b 59 a0 07 1c 3c 4c c2 44 58 bb 17 84 28 72 a7 23 f0 20 00 97 fa e7 e2 70 2f 00 00",""
1382,6383,"PACKET","IN",203,34,"AimSync","id=203 bytes=34","cb a6 00 12 32 e8 7c bf 15 6f 8b bc ad bc 1d be 95 e4 6a c3 38 ce 24 45 fa 7e 7f 42 00 00 00 00 2b 21",""
1383,6383,"PACKET","IN",207,35,"PlayerSync","id=207 bytes=35","cf 1c 00 00 00 17 79 e2 f0 e9 91 49 91 6a 1e 5e 90 80 00 00 00 01 03 cb e0 00 00 00 00 00 01 00 00 00 80",""
1384,6383,"PACKET","IN",207,45,"PlayerSync","id=207 bytes=45","cf 4f 00 e3 ff e6 3f c0 00 33 47 e1 f0 e7 3e 09 51 57 a8 de 90 84 00 00 00 01 b9 72 00 00 00 31 be 0c f4 00 03 fd ff fd fd c8 04 64 80",""
1385,6407,"PACKET","IN",207,45,"PlayerSync","id=207 bytes=45","cf 92 00 f7 7f e0 bf c0 00 29 05 a3 b0 e9 d5 89 91 42 a6 5e 90 84 00 00 00 01 7c 51 c0 00 01 cf fe 6c f5 7d a3 33 f7 fd fd a5 04 04 80",""
1386,6408,"RPC","IN",16,16,"PlaySound","id=16 bytes=16","42 51 00 00 00 00 00 00 00 00 00 00 00 00 00 00",""
1387,6408,"RPC","IN",134,80,"ShowTextDraw","id=134 bytes=80","36 08 11 9a 99 19 3f 00 00 00 40 1a ff 00 aa 33 33 23 42 00 00 a0 41 00 00 00 32 00 01 00 00 00 ff 04 00 00 00 59 43 00 00 b8 43 00 00 00 00 00 00 00 00 00 00 00 00 00 00 00 00 80 3f ff ff ff ff 0d 00 6c 64 5f 64 75 61 6c 3a 77 68 69 74 65",""
1388,6408,"PACKET","IN",200,44,"VehicleSync","id=200 bytes=44","c8 20 00 41 00 00 00 00 00 00 00 29 00 4d b0 03 38 46 97 b9 2c 39 32 e2 64 57 d0 c7 94 28 10 f8 53 c3 70 e7 04 5d d8 22 40 3f 00 00",""
1389,6408,"PACKET","IN",200,38,"VehicleSync","id=200 bytes=38","c8 3f 00 4b 00 00 00 00 00 00 00 58 20 c7 00 36 c8 b1 96 5e ac 32 5b 62 b4 58 c3 b9 b4 20 00 00 00 06 80 3a 00 00",""
1390,6408,"PACKET","IN",203,34,"AimSync","id=203 bytes=34","cb 3f 00 12 51 3e 70 bf 6a ce b0 3e 77 bf ff bb 05 7b e8 c3 9a 9f 2b 45 f2 f0 9c 42 00 00 00 00 3f 36",""
1391,6408,"PACKET","IN",207,45,"PlayerSync","id=207 bytes=45","cf 4f 00 e3 ff e6 3f c0 00 28 0b 21 f0 e7 3e 09 51 5d 68 9e 90 84 00 00 00 00 ad 5a 00 00 02 cc fd d8 f4 00 03 fd ff fd fd c8 04 64 80",""
1392,6408,"PACKET","IN",207,35,"PlayerSync","id=207 bytes=35","cf 54 00 00 00 27 65 68 30 dc 13 49 d1 7b 67 1f 10 84 00 00 00 01 87 f6 c0 00 00 00 00 00 01 28 00 04 11",""
1393,6409,"PACKET","OUT",207,69,"PlayerSync","id=207 bytes=69","cf 00 00 00 00 00 00 e8 9a a0 c3 95 ed 26 45 ed 9c 7c 42 0f 68 4f 3f 00 00 00 80 00 00 00 00 d5 0f 16 bf 64 00 00 00 00 00 00 00 00 00 00 00 00 00 00 00 00 00 00 00 00 00 00 00 00 00 00 00 00 00 28 00 04 11",""
1394,6430,"PACKET","IN",207,35,"PlayerSync","id=207 bytes=35","cf 1a 00 00 00 28 14 e5 b0 cd 83 09 d1 6c 24 9f 10 80 00 00 00 03 eb 49 80 00 00 00 00 00 01 28 00 04 11",""
1395,6430,"PACKET","IN",207,43,"PlayerSync","id=207 bytes=43","cf 79 00 c0 00 00 00 23 df a2 f0 f2 48 89 91 60 1d de 90 84 00 00 00 02 25 f3 40 00 03 95 94 18 f7 40 3e 82 f7 fd fd c8 04 04 80",""
1396,6430,"PACKET","IN",207,45,"PlayerSync","id=207 bytes=45","cf 92 00 f7 ff e0 bf c0 00 2e c6 63 b0 d0 16 49 91 43 66 1e 90 84 00 00 00 01 20 3d c0 00 03 ba 76 90 f6 05 bb 2f fb fd fd a5 04 04 80",""
1397,6430,"PACKET","IN",207,35,"PlayerSync","id=207 bytes=35","cf 97 00 00 00 39 55 a5 b0 df 38 c9 91 6c 24 9f 10 80 00 00 00 01 30 6f e8 00 00 00 00 00 01 28 00 04 11",""
1398,6458,"PACKET","IN",207,45,"PlayerSync","id=207 bytes=45","cf 4f 00 e3 ff e6 3f c0 00 1c 4d a1 f0 e7 3e 09 51 70 a8 5e 90 84 00 00 00 00 f5 46 00 00 00 2c 91 7c f4 00 03 fd ff fd fd c8 04 64 80",""
1399,6459,"PACKET","IN",207,45,"PlayerSync","id=207 bytes=45","cf 79 00 c0 00 60 3f c0 00 37 60 a2 f0 ca 08 c9 91 6b 9d de 90 84 00 00 00 03 5d a7 40 00 00 e5 98 18 f7 78 6e ef 3f fd fd c8 04 04 80",""
1400,6459,"PACKET","IN",207,35,"PlayerSync","id=207 bytes=35","cf 2d 00 00 00 37 8d 62 b0 cb e9 09 91 5c 9a de 90 80 00 00 00 01 5c 03 c0 00 00 00 00 00 01 28 00 04 11",""
1401,6459,"PACKET","IN",200,44,"VehicleSync","id=200 bytes=44","c8 a6 00 1d 00 21 00 b1 ff 08 00 16 70 16 b0 11 6b 5c 4f c7 4c 38 6c c2 44 56 a8 c7 84 22 2c a7 23 f0 00 0f b7 f1 e7 f2 70 2f 00 00",""
1402,6459,"PACKET","IN",207,43,"PlayerSync","id=207 bytes=43","cf 47 00 60 3f c0 00 1b fd a2 f0 fc 4e 89 91 40 5d 1e 90 84 00 00 00 01 1c 13 c0 00 02 16 4e 18 f0 44 03 41 ef fd fd fc 04 04 80",""
1403,6459,"PACKET","OUT",205,9,"UNKNOWN_PACKET","id=205 bytes=9","cd b8 4a 04 00 00 00 00 00",""
1404,6459,"PACKET","OUT",203,32,"AimSync","id=203 bytes=32","cb 04 b6 ab 68 bf f9 7e e3 3d e4 d4 cd be 3b 07 9f c3 6a e7 26 45 e1 4b 82 42 00 00 00 00 3f c6",""
1405,6487,"PACKET","IN",207,49,"PlayerSync","id=207 bytes=49","cf 30 00 00 00 22 fe a6 b0 cf 96 c9 d1 7b 67 1f 10 84 00 00 00 01 bd d3 00 00 00 00 00 00 03 ff fe 00 00 00 00 00 00 00 00 00 00 00 01 28 00 04 11",""
1406,6487,"PACKET","IN",207,45,"PlayerSync","id=207 bytes=45","cf 4f 00 e3 ff e6 3f c0 00 0a 51 21 f0 c2 be 49 51 72 a8 1e 90 84 00 00 00 01 f5 36 00 00 02 07 d6 1c f7 44 0c 16 7f fd fd c8 04 64 80",""
1407,6487,"PACKET","IN",207,45,"PlayerSync","id=207 bytes=45","cf 92 00 fb 7f e0 7f c0 00 15 06 e3 b0 e6 97 09 91 65 25 9e 90 80 00 00 00 00 cc 19 c0 00 00 ee 62 f4 f7 86 03 fb ff fd fd a5 04 04 80",""
1408,6487,"PACKET","IN",207,45,"PlayerSync","id=207 bytes=45","cf 47 00 c0 00 60 3f c0 00 23 7d e2 f0 f7 8e 89 91 43 9d 1e 90 80 00 00 00 00 a0 4f c0 00 00 9c 0f a0 ed e8 3f ed 0b fd fd fc 04 04 80",""
1409,6510,"PACKET","IN",200,38,"VehicleSync","id=200 bytes=38","c8 3f 00 4b 00 00 00 00 00 00 00 58 10 c7 10 36 c8 b1 96 5e ac 32 5b 62 b4 58 b3 b9 b4 20 00 00 00 06 80 3a 00 00",""
1410,6511,"PACKET","IN",207,45,"PlayerSync","id=207 bytes=45","cf 92 00 fd 7f e0 7f c0 00 34 06 63 b0 f1 97 89 91 5a a5 5e 90 80 00 00 00 03 d8 4d c0 00 03 7c 36 e4 f5 d2 3c 3f ff fd fd a5 04 04 80",""
1411,6511,"PACKET","IN",207,45,"PlayerSync","id=207 bytes=45","cf 4f 00 e4 7f e5 ff c0 00 33 54 61 f0 c6 7e 89 51 74 a7 de 90 84 00 00 00 00 09 22 00 00 03 f1 d6 88 f4 d0 4d bb 0f fd fd c8 04 64 80",""
1412,6511,"PACKET","IN",207,45,"PlayerSync","id=207 bytes=45","cf 79 00 c0 00 60 3f c0 00 07 e3 22 f0 ec 49 09 91 6e 1d de 90 84 00 00 00 03 24 cf 40 00 03 0b 30 68 f6 d1 21 bf cf fd fd c8 04 04 80",""
1413,6538,"PACKET","IN",207,43,"PlayerSync","id=207 bytes=43","cf 79 00 60 3f c0 00 32 e3 22 f0 f8 c9 09 91 6c 1d de 90 84 00 00 00 02 10 e7 40 00 02 73 30 68 f5 1d 36 13 d7 fd fd c8 04 04 80",""
1414,6538,"PACKET","IN",207,35,"PlayerSync","id=207 bytes=35","cf 85 00 02 00 18 e4 22 b0 cb 69 09 91 7a 98 de 90 80 00 00 00 03 74 25 80 00 00 00 00 00 01 a5 04 e8 80",""
1415,6538,"PACKET","IN",203,34,"AimSync","id=203 bytes=34","cb 85 00 04 65 28 3c bf 21 33 b9 3e 7f d3 12 bf 24 df 89 c3 46 99 26 45 70 8e 80 42 00 00 00 00 3f c6",""
1416,6539,"PACKET","IN",200,44,"VehicleSync","id=200 bytes=44","c8 a6 00 1d 00 41 00 b6 ff 08 00 14 30 14 80 1f fb 3f 46 a7 8c 3d fc c2 44 56 a7 a7 84 2f 54 a7 33 f0 20 07 f8 16 b7 f2 70 2f 00 00",""
1417,6539,"PACKET","IN",207,45,"PlayerSync","id=207 bytes=45","cf 4f 00 e4 7f e5 ff c0 00 34 56 e1 f0 c3 7f 09 51 47 67 de 90 84 00 00 00 02 65 12 00 00 01 94 aa c8 f7 94 ea f7 af fd fd c8 04 64 80",""
1418,6539,"RPC","IN",24,18,"SetVehicleParamsEx","id=24 bytes=18","58 00 00 ff ff 00 ff ff ff ff ff ff ff ff ff ff ff ff",""
1419,6539,"RPC","IN",24,18,"SetVehicleParamsEx","id=24 bytes=18","58 00 01 ff ff 00 ff ff ff ff ff ff ff ff ff ff ff ff",""
1420,6539,"RPC","IN",159,14,"SetVehiclePos","id=159 bytes=14","58 00 e5 a3 ac c3 d0 3b 27 45 e2 a5 7c 42",""
1421,6559,"PACKET","IN",207,45,"PlayerSync","id=207 bytes=45","cf 92 00 84 00 60 7f c0 00 33 c4 e3 b0 cb 98 89 91 52 64 de 90 80 00 00 00 00 18 bd c0 00 03 fc c2 bc f7 2e 85 d3 ef fd fd a5 04 04 80",""
1422,6560,"PACKET","IN",207,45,"PlayerSync","id=207 bytes=45","cf 4f 00 e7 7f e5 7f c0 00 37 59 21 f0 fb 7f 49 51 5e 67 9e 90 84 00 00 00 02 08 ee 00 00 01 64 ae b4 f7 a0 f6 77 b7 fd fd c8 04 64 80",""
1423,6560,"PACKET","IN",207,35,"PlayerSync","id=207 bytes=35","cf 85 00 00 00 18 e4 22 b0 cb 69 09 91 7a 98 de 90 80 00 00 00 03 74 25 80 00 00 00 00 00 01 a5 04 e8 80",""
1424,6588,"PACKET","IN",207,45,"PlayerSync","id=207 bytes=45","cf 47 00 c0 00 60 3f c0 00 05 7a 22 f0 ea ce 89 91 57 1c de 90 80 00 00 00 03 7d 6b c0 00 02 2b 60 e0 f7 fb fd 0e 03 fd fd fc 04 04 80",""
1425,6588,"PACKET","IN",207,45,"PlayerSync","id=207 bytes=45","cf 4f 00 eb ff e5 7f c0 00 32 9a a1 f0 d8 ff c9 51 43 a7 9e 90 84 00 00 00 02 04 be 00 00 03 69 36 8c f4 79 18 a7 cb fd fd c8 04 64 80",""
1426,6588,"PACKET","IN",207,43,"PlayerSync","id=207 bytes=43","cf 79 00 60 3f c0 00 0c 25 a2 f0 e9 09 89 91 68 9d de 90 84 00 00 00 02 99 47 40 00 03 53 30 68 f6 70 cb d3 97 fd fd c8 04 04 80",""
1427,6612,"PACKET","IN",200,38,"VehicleSync","id=200 bytes=38","c8 3f 00 4b 00 00 00 00 00 00 00 57 d0 c7 40 36 d8 b1 96 5e ac 32 5b 62 b4 58 b3 b9 b4 20 00 00 00 06 80 3a 00 00",""
1428,6612,"PACKET","IN",207,45,"PlayerSync","id=207 bytes=45","cf 79 00 c0 7f e0 3f c0 00 20 65 e2 f0 f6 c9 89 91 69 1d de 90 84 00 00 00 03 09 63 40 00 02 fb 30 68 f6 70 cb d3 97 fd fd c8 04 04 80",""
1429,6612,"PACKET","IN",207,45,"PlayerSync","id=207 bytes=45","cf 92 00 87 00 60 7f c0 00 1c 42 63 b0 c4 99 49 91 68 24 9e 90 80 00 00 00 03 59 0d c0 00 03 23 fe 9c f6 32 f3 13 c3 fd fd a5 04 04 80",""
1430,6612,"PACKET","IN",203,34,"AimSync","id=203 bytes=34","cb 92 00 04 7a f9 d0 3e 89 68 52 3f 19 70 cb be a1 9f 8e c3 74 40 26 45 d2 af 80 42 00 00 00 00 3f 37",""
1431,6612,"PACKET","IN",207,45,"PlayerSync","id=207 bytes=45","cf 4f 00 f0 7f e5 bf c0 00 1c dc 21 f0 cc 40 49 91 69 e7 5e 90 84 00 00 00 02 40 8a 00 00 00 87 26 4c f5 45 44 bb df fd fd c8 04 64 80",""
1432,6613,"PACKET","IN",200,44,"VehicleSync","id=200 bytes=44","c8 a6 00 1d 00 61 00 c7 ff 00 00 15 90 16 10 18 0b 15 a7 77 cc 3a 0c e2 44 57 a6 87 84 2c 89 c7 23 f1 b0 03 38 56 e7 f2 70 2f 00 00",""
1433,6636,"PACKET","IN",200,38,"VehicleSync","id=200 bytes=38","c8 20 00 41 00 00 00 00 00 00 00 0b 30 16 50 13 18 4b 88 29 2c 31 e2 e2 64 57 60 b7 94 20 00 00 00 02 40 3f 00 00",""
1434,6636,"PACKET","IN",203,34,"AimSync","id=203 bytes=34","cb 20 00 12 13 f8 65 3f 81 70 d1 3e 9f 25 24 be ec 47 95 c3 c2 05 26 45 46 76 80 42 00 00 00 00 3f 37",""
1435,6657,"PACKET","IN",207,35,"PlayerSync","id=207 bytes=35","cf 51 00 00 00 2e e7 28 30 ea ff 89 91 7b 67 1f 10 84 00 00 00 03 a6 8b c0 00 00 00 00 00 01 28 00 04 11",""
1436,6657,"PACKET","IN",209,70,"UnoccupiedSync","id=209 bytes=70","d1 76 00 58 00 00 0d 19 72 bf dd 20 a6 be 8f e8 9f 3c b8 9d a5 3e 91 ff 71 bf 04 12 2c bd e5 a3 ac c3 d0 3b 27 45 e2 a5 7c 42 24 13 1f b8 cb c5 10 3c 83 7e 8b 3c 18 a2 3f bd 6b 9f 66 bc 62 85 85 3b c5 02 59 44",""
1437,6658,"PACKET","IN",207,35,"PlayerSync","id=207 bytes=35","cf 15 00 00 00 0d cb 23 30 d7 62 49 91 71 9f 1e 90 84 00 00 00 01 9e 65 80 00 00 00 00 00 01 28 00 04 11",""
1438,6658,"PACKET","IN",200,38,"VehicleSync","id=200 bytes=38","c8 3f 00 4b 00 00 00 00 00 00 00 58 e0 c6 c0 36 d8 b1 86 5e ac 32 5b 62 b4 58 73 b9 b4 20 00 00 00 06 80 3a 00 00",""
1439,6658,"PACKET","IN",207,45,"PlayerSync","id=207 bytes=45","cf 47 00 c0 00 60 3f c0 00 23 b0 a2 f0 e4 8f 09 91 6b 1c 5e 90 80 00 00 00 01 b9 f3 c0 00 00 b7 b6 9c f4 57 df b2 bb fd fd fc 04 04 80",""
1440,6658,"PACKET","IN",207,45,"PlayerSync","id=207 bytes=45","cf 4f 00 f6 ff e6 3f c0 00 16 1c e1 f0 df 80 89 91 5c a7 5e 90 84 00 00 00 02 b4 42 00 00 02 fb ca 1c f6 fd 75 53 ef fd fd c8 04 64 80",""
1441,6659,"PACKET","IN",207,45,"PlayerSync","id=207 bytes=45","cf 92 00 88 80 60 bf c0 00 1e 3e e3 70 f0 99 c9 91 7f 24 5e 90 80 00 00 00 03 d5 45 c0 00 02 2b 32 98 f4 53 29 87 a3 fd fd a5 04 04 80",""
1442,6682,"PACKET","IN",207,35,"PlayerSync","id=207 bytes=35","cf 5b 00 00 00 3f c4 a6 f0 d9 07 09 d1 7b 67 1f 10 84 00 00 00 01 2a 42 00 00 00 00 00 00 01 28 00 04 11",""
1443,6682,"PACKET","IN",203,34,"AimSync","id=203 bytes=34","cb 5b 00 04 99 17 83 3d 84 14 47 be 87 94 7a bf 1b 25 9b c3 44 23 27 45 d0 d5 83 42 00 00 00 00 23 27",""
1444,6682,"PACKET","IN",207,45,"PlayerSync","id=207 bytes=45","cf 4f 00 f9 ff e6 7f c0 00 18 5d 61 f0 db c1 09 91 53 a7 5e 90 84 00 00 00 03 98 1a 00 00 00 f8 7a 08 f5 69 bf a3 fb fd fd c8 04 64 80",""
1445,6682,"PACKET","IN",207,45,"PlayerSync","id=207 bytes=45","cf 79 00 c0 7f e0 3f c0 00 20 69 22 f0 c3 ca 09 91 49 1e 1e 90 84 00 00 00 00 8a 47 40 00 03 d0 44 5c f7 fc 2b a2 cf fd fd c8 04 04 80",""
1446,6707,"PACKET","IN",200,38,"VehicleSync","id=200 bytes=38","c8 20 00 41 00 00 00 00 00 00 00 00 30 21 70 13 08 4b 88 29 2c 31 e2 e2 64 5c d0 b7 94 20 00 00 00 02 40 3f 00 00",""
1447,6707,"PACKET","IN",207,35,"PlayerSync","id=207 bytes=35","cf 7e 00 00 00 19 9f e8 30 f4 7c 8a 51 40 30 1e 90 80 00 00 00 03 1d 3f 94 00 00 00 00 00 01 a5 04 08 80",""
1448,6707,"PACKET","IN",207,45,"PlayerSync","id=207 bytes=45","cf 92 00 89 00 60 bf c0 00 14 7a a3 70 dc 1a 89 91 4c a4 5e 90 80 00 00 00 02 b1 61 c0 00 00 61 9a c0 f7 eb 45 2f 8b fd fd a5 04 04 80",""
1449,6707,"PACKET","IN",200,44,"VehicleSync","id=200 bytes=44","c8 a6 00 1d 00 6a 00 d2 ff 00 00 1a f0 1a 70 10 4a e9 b4 28 0c 3a 0d 22 44 51 95 57 84 21 e2 f7 03 f6 50 00 68 a6 67 f2 70 2f 00 00",""
1450,6707,"PACKET","IN",207,45,"PlayerSync","id=207 bytes=45","cf 4f 00 fe ff e7 3f c0 00 3c dd 61 f0 f0 41 49 91 51 27 5e 90 80 00 00 00 03 9c 26 00 00 00 39 e6 1c f4 65 e7 3f ff fd fd c8 04 64 80",""
1451,6732,"PACKET","IN",207,41,"PlayerSync","id=207 bytes=41","cf 79 00 00 00 18 2c 22 f0 db 8a 09 91 7c 9e 1e 90 84 00 00 00 02 8a 73 40 00 00 d2 d0 c8 f6 5c 0a 82 67 fd fd a5 04 04 80",""
1452,6732,"RPC","IN",87,2,"ClearPlayerAnimation","id=87 bytes=2","46 00",""
1453,6732,"RPC","IN",86,29,"ApplyPlayerAnimation","id=86 bytes=29","46 00 05 43 41 52 52 59 0b 63 72 72 79 5f 70 72 74 69 61 6c 33 33 83 40 00 00 00 00 00",""
1454,6732,"PACKET","IN",207,35,"PlayerSync","id=207 bytes=35","cf 0b 00 00 00 36 74 e3 70 df 22 89 91 49 e4 1e 90 80 00 00 00 00 42 8b c0 00 00 00 00 00 01 a5 04 e8 80",""
1455,6758,"PACKET","IN",200,38,"VehicleSync","id=200 bytes=38","c8 3f 00 4b 00 00 00 00 00 00 00 58 70 c6 f0 36 e8 b1 86 5e ac 32 5b 62 b4 58 a3 b9 b4 20 00 00 00 06 80 3a 00 00",""
1456,6758,"PACKET","IN",207,45,"PlayerSync","id=207 bytes=45","cf 47 00 c0 00 60 3f c0 00 39 26 e2 f0 da cf c9 91 7c 1b de 90 80 00 00 00 01 b9 f3 c0 00 00 ef 33 10 f6 fb b2 0f 0f fd fd fc 04 04 80",""
1457,6758,"PACKET","IN",203,34,"AimSync","id=203 bytes=34","cb 47 00 04 07 69 68 3e fa 62 78 3f c6 5b ac bd 34 10 8c c3 f2 07 26 45 9c 04 7e 42 00 00 00 00 3f c6",""
1458,6758,"PACKET","IN",207,43,"PlayerSync","id=207 bytes=43","cf 4f 00 67 ff c0 00 06 5d 61 f0 c8 41 c9 91 55 27 5e 90 80 00 00 00 01 f4 4e 00 00 03 74 62 10 f7 92 26 73 ff fd fd c8 04 64 80",""
1459,6758,"PACKET","IN",207,41,"PlayerSync","id=207 bytes=41","cf 92 00 00 00 3a b9 e3 70 ff 9b 09 91 45 a4 5e 90 80 00 00 00 02 b1 61 c0 00 03 9d fe 0c f4 ea 7c 83 f3 fd fd a5 04 04 80",""
1460,6758,"PACKET","IN",207,35,"PlayerSync","id=207 bytes=35","cf 46 00 00 00 3e ca 23 30 fc 9b 89 91 68 df 1e 90 84 00 00 00 03 0d 37 c0 00 00 00 00 00 01 28 00 04 11",""
1461,6758,"PACKET","IN",203,34,"AimSync","id=203 bytes=34","cb 46 00 04 12 e2 27 bf c3 2d 41 bf ba 7c b8 3c 08 84 8b c3 ac 86 26 45 c3 b5 7c 42 00 00 00 00 23 37",""
1462,6781,"PACKET","IN",207,45,"PlayerSync","id=207 bytes=45","cf 4f 00 80 80 67 ff c0 00 08 1c e1 f0 ef 02 09 91 5e 27 5e 90 80 00 00 00 02 84 6a 00 00 03 af 81 f0 f5 ba 4e 0f fb fd fd c8 04 64 80",""
1463,6781,"PACKET","IN",200,44,"VehicleSync","id=200 bytes=44","c8 a6 00 1d 00 6d 00 d6 ff 00 00 1c 60 1c 60 1f 5a ae cd e8 1c 3a 2d 72 44 54 24 67 84 2b fd 86 d3 fc 50 00 58 e6 67 f2 70 2f 00 00",""
1464,6808,"PACKET","IN",207,45,"PlayerSync","id=207 bytes=45","cf 4f 00 81 00 67 ff c0 00 3f 5c 21 f0 ff c2 49 91 67 e7 5e 90 80 00 00 00 01 24 82 00 00 03 b6 b1 e4 f5 ee 68 e7 f7 fd fd c8 04 64 80",""
1465,6808,"PACKET","IN",207,41,"PlayerSync","id=207 bytes=41","cf 79 00 00 00 1f 2f e2 f0 d5 8a 49 91 70 9e 5e 90 84 00 00 00 00 25 a7 40 00 03 3e 3b f8 f1 80 6c 73 3f fd fd a5 04 04 80",""
1466,6808,"PACKET","IN",207,45,"PlayerSync","id=207 bytes=45","cf 47 00 c0 00 60 3f c0 00 29 5d 22 f0 dd d0 89 91 4b 1b 9e 90 80 00 00 00 01 b9 f3 c0 00 01 0a 12 e8 f6 fb b2 0f 0f fd fd fc 04 04 80",""
1467,6808,"PACKET","IN",207,35,"PlayerSync","id=207 bytes=35","cf 4d 00 00 00 19 5f dc f0 c3 00 c9 91 7b ec 9e 90 80 00 00 00 00 39 bc 80 00 00 00 00 00 01 a8 04 04 11",""
1468,6831,"PACKET","IN",207,45,"PlayerSync","id=207 bytes=45","cf 4f 00 80 80 67 ff c0 00 18 5b a1 f0 d0 82 c9 91 73 a7 5e 90 80 00 00 00 01 04 8e 00 00 01 c7 71 c0 f4 1a 83 b3 ef fd fd c8 04 64 80",""
1469,6858,"PACKET","IN",200,38,"VehicleSync","id=200 bytes=38","c8 3f 00 4b 00 00 00 00 00 00 00 58 20 c7 00 36 f8 b1 86 5e ac 32 5b 62 b4 58 a3 b9 b4 20 00 00 00 06 80 3a 00 00",""
1470,6858,"PACKET","IN",200,44,"VehicleSync","id=200 bytes=44","c8 a6 00 1d 00 6b 00 d4 ff 00 00 13 10 14 20 1d 9a 74 07 18 3c 32 dd e2 44 5c e3 d7 84 22 16 56 b3 f4 f0 14 59 22 78 02 70 2f 00 00",""
1471,6858,"PACKET","IN",207,35,"PlayerSync","id=207 bytes=35","cf 02 00 00 00 08 a8 a2 70 e7 a8 c9 91 7a 9d 5e 90 84 00 00 00 00 fc 56 c0 00 00 00 00 00 01 28 00 04 11",""
1472,6858,"PACKET","IN",207,35,"PlayerSync","id=207 bytes=35","cf 46 00 02 00 3e ca 23 30 fc 9b 89 91 68 df 1e 90 84 00 00 00 03 0d 37 c0 00 00 00 00 00 01 a5 04 e8 80",""
1473,6858,"PACKET","IN",207,43,"PlayerSync","id=207 bytes=43","cf 4f 00 67 bf c0 00 3a da e1 f0 d6 03 09 91 7f 27 5e 90 80 00 00 00 01 08 96 00 00 02 d0 71 b4 f7 ae 88 8f ef fd fd c8 04 64 80",""
1474,6885,"PACKET","IN",207,41,"PlayerSync","id=207 bytes=41","cf 79 00 00 00 2a b1 e2 f0 e2 4a 89 91 77 9e 5e 90 84 00 00 00 02 99 47 40 00 02 8d 7a 4c f2 70 cb d3 97 fd fd a5 04 04 80",""
1475,6886,"PACKET","IN",203,34,"AimSync","id=203 bytes=34","cb 79 00 04 02 26 16 bf 50 54 44 3f 2c 5c 85 be ca 7b 8a c3 4b f4 25 45 58 b9 80 42 00 00 00 00 3f 55",""
1476,6886,"PACKET","IN",207,41,"PlayerSync","id=207 bytes=41","cf 92 00 00 00 30 b9 a3 70 e3 5b 89 91 42 24 5e 90 80 00 00 00 02 b1 61 c0 00 02 19 86 6c ee 6c 28 16 cf fd fd a5 04 04 80",""
1477,6886,"PACKET","IN",207,43,"PlayerSync","id=207 bytes=43","cf 4f 00 67 bf c0 00 28 9a 21 f0 ed 83 49 91 4e 27 9e 90 80 00 00 00 01 f4 9e 00 00 03 e1 0d b0 f7 72 92 4b eb fd fd c8 04 64 80",""
1478,6911,"PACKET","IN",207,37,"PlayerSync","id=207 bytes=37","cf 1c 00 82 00 00 00 17 79 e2 f0 e9 91 49 91 6a 1e 5e 90 80 00 00 00 01 8f db e0 00 00 00 00 00 01 00 00 00 80",""
1479,6911,"PACKET","IN",203,34,"AimSync","id=203 bytes=34","cb 1c 00 04 f6 9d 1c 3d a8 d5 77 bf 96 8e 7d be 98 ee 8b c3 c9 5b 26 45 4a 4c 7e 42 00 00 00 00 3f ff",""
1480,6911,"PACKET","IN",207,45,"PlayerSync","id=207 bytes=45","cf 47 00 c0 00 60 3f c0 00 26 11 a2 f0 c2 51 89 91 46 db 1e 90 80 00 00 00 01 b9 f3 c0 00 03 f5 8e bc f6 fb b2 0f 0f fd fd fc 04 04 80",""
1481,6911,"PACKET","IN",207,43,"PlayerSync","id=207 bytes=43","cf 4f 00 67 bf c0 00 32 99 61 f0 f4 83 89 91 5a e7 9e 90 80 00 00 00 02 18 a6 00 00 00 71 11 b0 f4 0e 9f 9f e7 fd fd c8 04 64 80",""
1482,6911,"PACKET","IN",207,35,"PlayerSync","id=207 bytes=35","cf 7c 00 00 00 38 64 25 b0 e1 1a 09 d1 6c 24 9f 10 80 00 00 00 01 b1 ee 40 00 00 00 00 00 01 28 00 04 11",""
1483,6939,"PACKET","IN",207,45,"PlayerSync","id=207 bytes=45","cf 1c 00 8a 80 40 c0 00 00 23 39 62 f0 d1 d1 49 91 64 9e 5e 90 80 00 00 00 03 2b e7 e0 00 01 01 98 18 f7 6f 0b 64 4b fd fd 00 00 00 80",""
1484,6939,"PACKET","IN",200,44,"VehicleSync","id=200 bytes=44","c8 a6 00 1d 00 34 00 9b ff 00 00 18 e0 07 30 09 aa 1a 26 18 5c 3e ee 72 44 50 75 a7 84 24 6c 86 23 fd 10 17 79 53 88 12 70 2f 00 00",""
1485,6939,"PACKET","IN",207,45,"PlayerSync","id=207 bytes=45","cf 1c 00 91 00 42 00 00 00 01 f9 22 f0 f8 11 09 91 60 1e 5e 90 80 00 00 00 02 0f f3 e0 00 01 35 98 18 f6 ae d9 0c 33 fd fd 00 00 00 80",""
1486,6939,"PACKET","IN",207,35,"PlayerSync","id=207 bytes=35","cf 37 00 00 00 16 3c 62 b0 f4 68 c9 91 56 9b 9e 90 80 00 00 00 02 2c 7b 40 00 00 00 00 00 01 28 00 04 11",""
1487,6939,"PACKET","IN",207,43,"PlayerSync","id=207 bytes=43","cf 4f 00 67 bf c0 00 32 99 61 f0 c7 44 09 91 5b 27 9e 90 80 00 00 00 03 34 aa 00 00 00 0c e9 7c f7 fd ff ff ff fd fd c8 04 64 80",""
1488,6939,"PACKET","IN",207,35,"PlayerSync","id=207 bytes=35","cf 54 00 00 00 27 65 68 30 dc 13 49 d1 7b 67 1f 10 84 00 00 00 01 87 f6 c0 00 00 00 00 00 01 28 00 04 11",""
1489,6962,"PACKET","IN",207,45,"PlayerSync","id=207 bytes=45","cf 1c 00 96 00 42 c0 00 00 36 f8 a2 f0 dc d1 09 91 5c de 5e 90 80 00 00 00 01 ef fb e0 00 01 5d 98 18 f6 0e a7 ac 1b fd fd 00 00 00 80",""
1490,6962,"PACKET","IN",207,41,"PlayerSync","id=207 bytes=41","cf 79 00 00 00 2a b2 a2 f0 c1 ca c9 91 78 9e 5e 90 84 00 00 00 02 99 47 40 00 03 8d 49 18 ee 70 cb d3 97 fd fd a5 04 04 80",""
1491,6963,"PACKET","IN",207,43,"PlayerSync","id=207 bytes=43","cf 4f 00 67 7f c0 00 06 59 61 f0 cd 84 49 91 5e 27 9e 90 80 00 00 00 03 1c ae 00 00 01 45 11 8c f4 42 2a 67 ff fd fd c8 04 64 80",""
1492,6963,"PACKET","IN",203,34,"AimSync","id=203 bytes=34","cb 76 00 12 7a c0 a4 3e 42 bc 70 bf 66 ce e1 bd 31 70 ad c3 3f 87 27 45 48 bf 80 42 00 00 00 00 3f ff",""
1493,6963,"PACKET","IN",207,41,"PlayerSync","id=207 bytes=41","cf 92 00 00 00 34 f9 a3 70 f0 db 89 91 42 64 5e 90 80 00 00 00 02 b1 61 c0 00 03 1c d8 9c ec bb 4d 1f 87 fd fd a5 04 04 80",""
1494,6991,"PACKET","IN",207,45,"PlayerSync","id=207 bytes=45","cf 1c 00 99 00 43 40 00 00 04 38 a2 f0 c0 11 09 91 5a 9e 5e 90 80 00 00 00 02 9f ff e0 00 01 6d 98 18 f6 92 6c 14 0f fd fd 00 00 00 80",""
1495,6991,"PACKET","IN",200,38,"VehicleSync","id=200 bytes=38","c8 3f 00 4b 00 00 00 00 00 00 00 57 c0 c7 30 37 08 b1 86 5e ac 32 5b 62 b4 58 d3 b9 b4 20 00 00 00 06 80 3a 00 00",""
1496,6991,"PACKET","IN",207,35,"PlayerSync","id=207 bytes=35","cf 4b 00 00 00 15 e8 a3 70 f0 5d 09 91 79 a3 5e 90 80 00 00 00 03 47 12 00 00 00 00 00 00 01 a5 04 04 80",""
1497,6991,"PACKET","IN",203,34,"AimSync","id=203 bytes=34","cb 4b 00 04 03 31 6c 3f 0a 44 84 3e a2 a4 92 be 42 df 8e c3 aa 69 26 45 a3 03 80 42 00 00 00 00 3f 22",""
1498,6991,"PACKET","IN",207,43,"PlayerSync","id=207 bytes=43","cf 4f 00 67 7f c0 00 21 19 a1 f0 d8 c4 89 91 57 e7 9e 90 80 00 00 00 01 2c b2 00 00 03 10 b9 a0 f7 b5 b2 47 fb fd fd c8 04 64 80",""
1499,6991,"PACKET","IN",207,45,"PlayerSync","id=207 bytes=45","cf 1c 00 9a 00 43 80 00 00 2d 38 62 f0 e4 90 c9 91 59 9e 5e 90 84 00 00 00 03 fb ff e0 00 01 8d 98 18 f4 d6 36 bc 03 fd fd 00 00 00 80",""
1500,6992,"PACKET","IN",207,45,"PlayerSync","id=207 bytes=45","cf 47 00 c0 00 60 3f c0 00 26 47 e2 f0 c4 12 49 91 56 9a 9e 90 80 00 00 00 01 b9 f3 c0 00 00 51 3e 84 f6 fb b2 0f 0f fd fd fc 04 04 80",""
1501,6992,"PACKET","IN",207,35,"PlayerSync","id=207 bytes=35","cf 97 00 00 00 39 55 a5 b0 df 38 c9 91 6c 24 9f 10 80 00 00 00 01 30 6f e8 00 00 00 00 00 01 28 00 04 11",""
1502,6992,"PACKET","IN",200,44,"VehicleSync","id=200 bytes=44","c8 a6 00 1d 00 ea ff 8e ff 00 00 18 f0 04 10 05 e9 a3 bd 98 6c 35 9f 02 44 5c 17 77 84 28 61 35 c3 f4 a0 21 39 83 18 12 70 2f 00 00",""
1503,6992,"PACKET","OUT",207,69,"PlayerSync","id=207 bytes=69","cf 00 00 00 00 00 00 e8 9a a0 c3 95 ed 26 45 ed 9c 7c 42 0f 68 4f 3f 00 00 00 80 00 00 00 00 d5 0f 16 bf 64 00 00 00 00 00 00 00 00 00 00 00 00 00 00 00 00 00 00 00 00 00 00 00 00 00 00 00 00 00 28 00 04 11",""
1504,7016,"PACKET","IN",207,45,"PlayerSync","id=207 bytes=45","cf 1c 00 9b 00 43 c0 00 00 2e 78 62 f0 c5 d0 c9 91 59 9e 5e 90 84 00 00 00 02 03 ff e0 00 01 a5 98 18 f5 8d fc 00 03 fd fd 00 00 00 80",""
1505,7016,"PACKET","IN",207,35,"PlayerSync","id=207 bytes=35","cf 2d 00 00 00 37 8d 62 b0 cb e9 09 91 5c 9a de 90 80 00 00 00 01 5c 03 c0 00 00 00 00 00 01 28 00 04 11",""
1506,7016,"PACKET","IN",200,38,"VehicleSync","id=200 bytes=38","c8 3f 00 4b 00 00 00 00 00 00 00 57 e0 c7 30 37 18 b1 86 5e ac 32 5b 62 b4 58 c3 b9 b4 20 00 00 00 06 80 3a 00 00",""
1507,7017,"PACKET","IN",207,41,"PlayerSync","id=207 bytes=41","cf 1c 00 00 00 09 f8 a2 f0 ea 50 89 91 5a de 5e 90 84 00 00 00 01 13 fb e0 00 01 95 98 18 f4 85 c3 f0 03 fd fd 00 00 00 80",""
1508,7017,"PACKET","IN",207,43,"PlayerSync","id=207 bytes=43","cf 4f 00 67 3f c0 00 21 19 a1 f0 e5 44 c9 91 57 e7 9e 90 80 00 00 00 02 00 b2 00 00 00 b5 45 a8 f7 fd ff ff ff fd fd c8 04 64 80",""
1509,7017,"PACKET","IN",207,37,"PlayerSync","id=207 bytes=37","cf 79 00 c0 00 00 00 2e 32 a2 f0 c2 4a c9 91 78 9e 5e 90 84 00 00 00 01 15 2f 40 00 00 00 00 00 01 c8 04 04 80",""
1510,7041,"PACKET","IN",207,49,"PlayerSync","id=207 bytes=49","cf 30 00 00 00 22 fe a6 b0 cf 96 c9 d1 7b 67 1f 10 84 00 00 00 01 bd d3 00 00 00 00 00 00 03 ff fe 00 00 00 00 00 00 00 00 00 00 00 01 28 00 04 11",""
1511,7041,"PACKET","IN",207,43,"PlayerSync","id=207 bytes=43","cf 4f 00 67 3f c0 00 21 19 a1 f0 c0 c5 49 91 58 27 9e 90 80 00 00 00 01 c0 b2 00 00 03 4b 9d b4 f7 fd ff ff ff fd fd c8 04 64 80",""
1512,7063,"PACKET","IN",207,35,"PlayerSync","id=207 bytes=35","cf 92 00 00 00 34 f9 a3 70 f0 db 89 91 42 64 5e 90 80 00 00 00 02 b1 61 c0 00 00 00 00 00 01 a5 04 04 80",""
1513,7091,"PACKET","IN",207,43,"PlayerSync","id=207 bytes=43","cf 4f 00 66 ff c0 00 21 19 a1 f0 d1 05 89 91 58 27 9e 90 80 00 00 00 00 54 b2 00 00 02 dd b9 b4 f7 fd ff ff ff fd fd c8 04 64 80",""
1514,7091,"PACKET","IN",200,44,"VehicleSync","id=200 bytes=44","c8 a6 00 1d 00 b4 ff b0 ff 00 00 1b 10 01 e0 02 38 fe a9 c8 8c 3c df b2 44 5f 99 47 84 2f 5a 15 33 ff b0 27 49 be c8 02 70 2f 00 00",""
1515,7091,"PACKET","IN",207,41,"PlayerSync","id=207 bytes=41","cf 1c 00 00 00 14 79 e2 f0 c7 50 49 91 6a 1e 5e 90 84 00 00 00 03 ff c3 e0 00 02 05 97 7c f0 40 eb 2c 53 fd fd 00 00 00 80",""
1516,7091,"PACKET","IN",200,38,"VehicleSync","id=200 bytes=38","c8 3f 00 4b 00 00 00 00 00 00 00 58 d0 c6 c0 37 18 b1 76 5e ac 32 5b 62 b4 58 83 b9 b4 20 00 00 00 06 80 3a 00 00",""
1517,7091,"PACKET","IN",207,45,"PlayerSync","id=207 bytes=45","cf 47 00 c0 00 60 3f c0 00 0e 7d e2 b0 cc 93 09 91 62 9a 1e 90 80 00 00 00 00 3a 07 c0 00 00 79 1a bc f6 fb b2 0f 0f fd fd fc 04 04 80",""
1518,7091,"PACKET","IN",207,43,"PlayerSync","id=207 bytes=43","cf 4f 00 66 ff c0 00 21 19 a1 f0 e0 c5 c9 91 58 27 9e 90 80 00 00 00 02 78 ae 00 00 01 02 cd bc f7 fd ff ff ff fd fd c8 04 64 80",""
1519,7091,"PACKET","IN",207,43,"PlayerSync","id=207 bytes=43","cf 79 00 c0 00 00 00 11 34 22 f0 ec 0b 09 91 64 1e 5e 90 84 00 00 00 02 50 4b 40 00 03 dd 94 18 f7 75 9a 07 f7 fd fd c8 04 04 80",""
1520,7091,"PACKET","IN",207,35,"PlayerSync","id=207 bytes=35","cf 85 00 00 00 18 e4 22 b0 cb 69 09 91 7a 98 de 90 80 00 00 00 03 74 25 80 00 00 00 00 00 01 a5 04 e8 80",""
1521,7132,"PACKET","IN",207,43,"PlayerSync","id=207 bytes=43","cf 4f 00 66 7f c0 00 21 19 a1 f0 ec 46 09 91 58 27 9e 90 80 00 00 00 00 c4 ae 00 00 02 d8 d1 c4 f7 fd ff ff ff fd fd c8 04 64 80",""
1522,7132,"PACKET","IN",207,35,"PlayerSync","id=207 bytes=35","cf 1b 00 00 00 02 a3 63 70 d7 5a c9 91 7b a3 1e 90 80 00 00 00 00 d6 93 00 00 00 00 00 00 01 28 00 04 11",""
1523,7132,"PACKET","IN",203,34,"AimSync","id=203 bytes=34","cb 1b 00 04 0d 3c 9d 3e df e0 4d 3f 45 44 02 bf 97 f7 8d c3 7d 48 26 45 cd 3b 81 42 00 00 00 00 3f 1a",""
1524,7159,"PACKET","IN",207,43,"PlayerSync","id=207 bytes=43","cf 4f 00 66 7f c0 00 21 19 a1 f0 c3 06 89 91 58 27 9e 90 80 00 00 00 02 d4 aa 00 00 01 ab 9e 0c f7 fd ff ff ff fd fd c8 04 64 80",""
1525,7159,"PACKET","IN",200,38,"VehicleSync","id=200 bytes=38","c8 3f 00 4b 00 00 00 00 00 00 00 58 90 c6 f0 37 18 b1 76 5e ac 32 5b 62 b4 58 93 b9 b4 20 00 00 00 06 80 3a 00 00",""
1526,7159,"PACKET","IN",207,43,"PlayerSync","id=207 bytes=43","cf 79 00 c0 00 00 00 22 f3 a2 f0 f6 4b 89 91 5a 5e 1e 90 80 00 00 00 03 d4 c3 40 00 02 b3 28 68 f5 6e ad b7 e3 fd fd c8 04 04 80",""
1527,7182,"PACKET","IN",200,44,"VehicleSync","id=200 bytes=44","c8 a6 00 1d 00 a6 ff bf ff 00 00 70 f0 09 c0 04 18 22 b4 d8 ac 34 c0 82 54 52 0b 37 84 21 6f d4 a3 fc f0 3f 59 e9 08 12 70 2f 00 00",""
1528,7182,"RPC","IN",105,19,"TextDrawSetString","id=105 bytes=19","2f 01 0f 00 30 39 20 41 67 75 73 74 75 73 20 32 30 32 36",""
1529,7182,"RPC","IN",105,12,"TextDrawSetString","id=105 bytes=12","30 01 08 00 31 32 3a 31 34 3a 31 35",""
1530,7182,"PACKET","IN",207,41,"PlayerSync","id=207 bytes=41","cf 1c 00 00 00 34 7b a2 f0 d4 50 09 91 40 1e 9e 90 84 00 00 00 02 67 43 e0 00 03 1b 94 50 f1 50 30 b9 27 fd fd 00 00 00 80",""
1531,7183,"PACKET","IN",207,45,"PlayerSync","id=207 bytes=45","cf 4f 00 fd ff e6 7f c0 00 21 19 a1 f0 d2 c6 c9 91 58 27 9e 90 80 00 00 00 00 30 92 00 00 03 d9 0a 1c f7 fd ff ff ff fd fd c8 04 64 80",""
1532,7207,"PACKET","IN",207,45,"PlayerSync","id=207 bytes=45","cf 47 00 c0 00 60 3f c0 00 1b 30 e2 b0 ec 53 c9 91 4d 99 9e 90 80 00 00 00 00 6e 13 c0 00 02 25 26 cc f4 9f c7 4a ef fd fd fc 04 04 80",""
1533,7207,"PACKET","IN",207,45,"PlayerSync","id=207 bytes=45","cf 4f 00 fc ff e6 7f c0 00 21 19 a1 f0 fb 07 09 91 58 67 9e 90 80 00 00 00 00 14 86 00 00 02 65 e6 28 f7 fd ff ff ff fd fd c8 04 64 80",""
1534,7208,"PACKET","IN",207,35,"PlayerSync","id=207 bytes=35","cf 51 00 00 00 2e e7 28 30 ea ff 89 91 7b 67 1f 10 84 00 00 00 03 a6 8b c0 00 00 00 00 00 01 28 00 04 11",""
1535,7208,"PACKET","IN",207,35,"PlayerSync","id=207 bytes=35","cf 5b 00 00 00 3f c4 a6 f0 d9 07 09 d1 7b 67 1f 10 84 00 00 00 01 2a 42 00 00 00 00 00 00 01 28 00 04 11",""
1536,7208,"PACKET","IN",207,35,"PlayerSync","id=207 bytes=35","cf 15 00 00 00 0d cb 23 30 d7 62 49 91 71 9f 1e 90 84 00 00 00 01 9e 65 80 00 00 00 00 00 01 28 00 04 11",""
1537,7208,"PACKET","IN",207,35,"PlayerSync","id=207 bytes=35","cf 1a 00 00 00 28 14 e5 b0 cd 83 09 d1 6c 24 9f 10 80 00 00 00 03 eb 49 80 00 00 00 00 00 01 28 00 04 11",""
1538,7208,"PACKET","IN",203,34,"AimSync","id=203 bytes=34","cb 1a 00 04 da ec b8 3e 27 d1 69 bf da 82 40 be e8 b9 96 c3 8a 2c 27 45 76 51 80 42 00 00 00 00 3f 36",""
1539,7228,"RPC","IN",87,2,"ClearPlayerAnimation","id=87 bytes=2","27 00",""
1540,7229,"RPC","IN",86,29,"ApplyPlayerAnimation","id=86 bytes=29","27 00 05 43 41 52 52 59 0b 63 72 72 79 5f 70 72 74 69 61 6c 33 33 83 40 00 00 00 00 00",""
1541,7256,"PACKET","IN",200,38,"VehicleSync","id=200 bytes=38","c8 3f 00 4b 00 00 00 00 00 00 00 58 50 c7 00 37 28 b1 76 5e ac 32 5b 62 b4 58 a3 b9 b4 20 00 00 00 06 80 3a 00 00",""
1542,7256,"PACKET","IN",207,45,"PlayerSync","id=207 bytes=45","cf 4f 00 fc 7f e6 3f c0 00 21 19 a1 f0 da 07 89 91 58 27 9e 90 80 00 00 00 01 10 7e 00 00 02 c7 12 1c f7 fd ff ff ff fd fd c8 04 64 80",""
1543,7257,"PACKET","IN",207,43,"PlayerSync","id=207 bytes=43","cf 79 00 c0 00 00 00 36 71 22 f0 e8 4c 09 91 72 1d 9e 90 80 00 00 00 01 0d ab 40 00 03 07 24 68 f6 ef 70 e7 63 fd fd c8 04 04 80",""
1544,7257,"PACKET","IN",200,44,"VehicleSync","id=200 bytes=44","c8 a6 00 1d 00 9c ff ca ff 00 00 7c 40 1a e0 1d b7 6c ca a8 bc 3a 11 32 54 52 9f 17 84 21 c5 64 33 f9 90 4c 0a 11 b8 42 70 2f 00 00",""
1545,7257,"RPC","IN",105,7,"TextDrawSetString","id=105 bytes=7","26 08 03 00 31 30 30",""
1546,7257,"RPC","IN",105,5,"TextDrawSetString","id=105 bytes=5","27 08 01 00 30",""
1547,7257,"RPC","IN",105,6,"TextDrawSetString","id=105 bytes=6","28 08 02 00 34 36",""
1548,7257,"RPC","IN",105,5,"TextDrawSetString","id=105 bytes=5","29 08 01 00 32",""
1549,7257,"RPC","IN",105,7,"TextDrawSetString","id=105 bytes=7","2a 08 03 00 31 30 30",""
1550,7257,"PACKET","IN",207,35,"PlayerSync","id=207 bytes=35","cf 1c 00 00 00 34 7b a2 f0 d4 50 09 91 40 1e 9e 90 84 00 00 00 01 f6 83 e0 00 00 00 00 00 01 00 00 00 80",""
1551,7257,"PACKET","IN",207,45,"PlayerSync","id=207 bytes=45","cf 47 00 c0 00 60 3f c0 00 0b a8 62 b0 fd d4 49 91 6b 19 1e 90 80 00 00 00 03 46 07 c0 00 02 0e 46 98 f6 f3 c2 6e f3 fd fd fc 04 04 80",""
1552,7258,"PACKET","IN",207,45,"PlayerSync","id=207 bytes=45","cf 4f 00 fc 7f e6 3f c0 00 21 19 a1 f0 f1 07 c9 91 58 27 9e 90 80 00 00 00 02 74 7a 00 00 00 83 82 18 f7 fd ff ff ff fd fd c8 04 64 80",""
1553,7282,"PACKET","IN",207,45,"PlayerSync","id=207 bytes=45","cf 4f 00 fb ff e6 3f c0 00 21 19 a1 f0 d1 88 49 91 58 27 9e 90 80 00 00 00 02 ec 72 00 00 02 58 66 18 f7 fd ff ff ff fd fd c8 04 64 80",""
1554,7283,"PACKET","IN",203,34,"AimSync","id=203 bytes=34","cb 4f 00 04 f2 55 97 3e d8 95 6f 3f 18 56 44 be 2b af 87 c3 7a 04 26 45 a5 7d 7e 42 00 00 00 00 3f 26",""
1555,7283,"PACKET","IN",207,45,"PlayerSync","id=207 bytes=45","cf 79 00 c0 00 60 3f c0 00 0c af a2 f0 cf 0c 49 91 7c dd 5e 90 80 00 00 00 01 11 e7 40 00 02 83 24 68 f7 ab b6 57 07 fd fd c8 04 04 80",""
1556,7308,"PACKET","IN",207,35,"PlayerSync","id=207 bytes=35","cf 0b 00 00 00 36 74 e3 70 df 22 89 91 49 e4 1e 90 80 00 00 00 00 42 8b c0 00 00 00 00 00 01 a5 04 e8 80",""
1557,7308,"PACKET","IN",207,45,"PlayerSync","id=207 bytes=45","cf 4f 00 fb 7f e6 3f c0 00 21 19 a1 f0 ec 08 89 91 58 27 9e 90 80 00 00 00 03 58 6a 00 00 02 2d c6 18 f7 fd ff ff ff fd fd c8 04 64 80",""
1558,7329,"PACKET","IN",200,44,"VehicleSync","id=200 bytes=44","c8 a6 00 1d 00 a2 ff c4 ff 00 00 72 70 9c d0 16 e6 a3 d2 d8 dc 35 82 12 54 52 37 87 94 22 52 03 a3 f8 b0 5a 6a 4b 78 62 70 2f 00 00",""
1559,7356,"PACKET","IN",207,39,"PlayerSync","id=207 bytes=39","cf 1c 00 fd ff c4 80 00 00 34 7b a2 f0 d4 50 09 91 40 1e 9e 90 84 00 00 00 02 6e 53 e0 00 00 00 00 00 01 00 00 00 80",""
1560,7356,"PACKET","IN",207,45,"PlayerSync","id=207 bytes=45","cf 4f 00 fb 7f e6 3f c0 00 10 99 a1 f0 c7 49 09 91 59 a7 9e 90 80 00 00 00 00 98 6a 00 00 01 80 8e 24 f7 a2 0b db ff fd fd c8 04 64 80",""
1561,7356,"PACKET","IN",207,45,"PlayerSync","id=207 bytes=45","cf 47 00 c0 00 60 3f c0 00 08 9e 62 b0 c2 95 49 91 77 d8 9e 90 80 00 00 00 00 35 bf c0 00 03 b7 4e 58 f7 5f a7 e3 1f fd fd fc 04 04 80",""
1562,7356,"PACKET","IN",207,45,"PlayerSync","id=207 bytes=45","cf 79 00 c0 00 60 3f c0 00 37 2b a2 f0 da 0c 89 91 49 1d 1e 90 80 00 00 00 03 6e 07 40 00 01 fe 7c 68 f5 cf bf c2 fb fd fd c8 04 04 80",""
1563,7377,"PACKET","IN",207,35,"PlayerSync","id=207 bytes=35","cf 02 00 00 00 08 a8 a2 70 e7 a8 c9 91 7a 9d 5e 90 84 00 00 00 00 fc 56 c0 00 00 00 00 00 01 28 00 04 11",""
1564,7377,"PACKET","IN",207,45,"PlayerSync","id=207 bytes=45","cf 1c 00 f6 ff ca c0 00 00 0d bc a2 f0 dd 90 09 91 4a 1e 9e 90 84 00 00 00 02 de 23 e0 00 03 95 94 18 f7 f8 1a ea a7 fd fd 00 00 00 80",""
1565,7378,"PACKET","IN",200,38,"VehicleSync","id=200 bytes=38","c8 3f 00 4b 00 00 00 00 00 00 00 58 c0 c6 b0 37 38 b1 66 5e ac 32 5b 62 b4 58 83 b9 b4 20 00 00 00 06 80 3a 00 00",""
1566,7378,"PACKET","IN",207,43,"PlayerSync","id=207 bytes=43","cf 47 00 60 3f c0 00 10 5c 62 b0 f4 d5 49 91 61 18 9e 90 80 00 00 00 03 cd 7b c0 00 00 ea 66 64 f4 3b 93 4b 3f fd fd fc 04 04 80",""
1567,7378,"PACKET","IN",207,45,"PlayerSync","id=207 bytes=45","cf 4f 00 fb 7f e6 3f c0 00 14 19 a1 f0 df 89 49 91 59 27 9e 90 80 00 00 00 01 d8 66 00 00 02 7e 1a 20 f5 79 ff fb ff fd fd c8 04 64 80",""
1568,7379,"PACKET","IN",207,45,"PlayerSync","id=207 bytes=45","cf 1c 00 f3 ff cd c0 00 00 15 bd 62 f0 e9 90 09 91 53 1e 9e 90 84 00 00 00 03 61 f3 e0 00 03 c5 94 18 f5 a4 33 ee db fd fd 00 00 00 80",""
1569,7379,"PACKET","IN",207,45,"PlayerSync","id=207 bytes=45","cf 4f 00 fb 7f e6 7f c0 00 14 19 a1 f0 f5 89 89 91 59 27 9e 90 80 00 00 00 02 a4 62 00 00 01 d8 be 20 f7 fd ff ff ff fd fd c8 04 64 80",""
1570,7405,"PACKET","IN",207,35,"PlayerSync","id=207 bytes=35","cf 46 00 02 00 3e ca 23 30 fc 9b 89 91 68 df 1e 90 84 00 00 00 03 0d 37 c0 00 00 00 00 00 01 a5 04 e8 80",""
1571,7405,"PACKET","IN",207,35,"PlayerSync","id=207 bytes=35","cf 4d 00 00 00 19 5f dc f0 c3 00 c9 91 7b ec 9e 90 80 00 00 00 00 39 bc 80 00 00 00 00 00 01 a8 04 04 11",""
1572,7405,"RPC","IN",86,27,"ApplyPlayerAnimation","id=86 bytes=27","4b 00 07 42 44 5f 46 49 52 45 07 77 61 73 68 5f 75 70 33 33 83 40 80 00 00 00 00",""
1573,7406,"PACKET","IN",207,45,"PlayerSync","id=207 bytes=45","cf 1c 00 f1 ff d0 80 00 00 07 fe e2 f0 c9 90 49 91 64 1e 9e 90 84 00 00 00 02 4d 8f e0 00 00 31 98 18 f4 c8 6f 8b 3b fd fd 00 00 00 80",""
1574,7406,"PACKET","IN",200,38,"VehicleSync","id=200 bytes=38","c8 3f 00 4b 00 00 00 00 00 00 00 58 50 c6 f0 37 48 b1 66 5e ac 32 5b 62 b4 58 a3 b9 b4 20 00 00 00 06 80 3a 00 00",""
1575,7406,"PACKET","IN",203,34,"AimSync","id=203 bytes=34","cb 3f 00 12 51 3e 70 bf 6a ce b0 3e 77 bf ff bb 02 7b e8 c3 9a 9f 2b 45 f2 f0 9c 42 00 00 00 00 3f 36",""
1576,7406,"PACKET","IN",207,35,"PlayerSync","id=207 bytes=35","cf 4b 00 00 01 15 e8 a3 70 f0 5d 09 91 79 a3 5e 90 80 00 00 00 03 47 12 00 00 00 00 00 00 01 a5 04 04 80",""
1577,7406,"PACKET","IN",200,44,"VehicleSync","id=200 bytes=44","c8 a6 00 1d 00 1e 00 c7 ff 00 00 56 90 de 40 17 55 e0 79 98 ec 37 02 f2 54 5a 52 77 a4 26 97 a3 03 f8 30 68 da 7c 88 72 70 2f 00 00",""
1578,7406,"PACKET","IN",203,34,"AimSync","id=203 bytes=34","cb a6 00 12 ca 36 77 bf 07 c0 6a 3e 70 0e fa bd 44 41 8b c3 52 13 25 45 9d c0 7f 42 00 00 00 00 28 21",""
1579,7427,"PACKET","IN",207,45,"PlayerSync","id=207 bytes=45","cf 4f 00 fb 7f e6 7f c0 00 13 59 21 f0 c7 ca 09 91 62 67 9e 90 80 00 00 00 03 ec 5e 00 00 03 4e e2 10 f6 2e 62 7b f7 fd fd c8 04 64 80",""
1580,7427,"PACKET","IN",207,45,"PlayerSync","id=207 bytes=45","cf 79 00 c0 00 60 3f c0 00 2c 26 e2 f0 ec cc c9 91 7b 9b de 90 80 00 00 00 01 da 0f 40 00 02 2b 9d 2c f7 37 c1 f2 f3 fd fd c8 04 04 80",""
1581,7458,"PACKET","IN",207,45,"PlayerSync","id=207 bytes=45","cf 1c 00 ef 7f d4 c0 00 00 38 7f 62 f0 df 10 49 91 6c 1e 9e 90 84 00 00 00 01 05 57 e0 00 00 79 98 18 f5 0c 91 0f 67 fd fd 00 00 00 80",""
1582,7458,"PACKET","IN",207,35,"PlayerSync","id=207 bytes=35","cf 4b 00 00 00 15 e8 a3 70 f0 5d 09 91 79 a3 5e 90 80 00 00 00 03 47 12 00 00 00 00 00 00 01 a5 04 04 80",""
1583,7458,"PACKET","IN",207,45,"PlayerSync","id=207 bytes=45","cf 1c 00 ee 7f d6 40 00 00 03 c0 23 30 f4 90 49 91 72 9e 9e 90 84 00 00 00 00 5d 23 e0 00 00 9d 98 18 f6 6c be 6b 8f fd fd 00 00 00 80",""
1584,7458,"PACKET","IN",207,45,"PlayerSync","id=207 bytes=45","cf 4f 00 fb 7f e6 7f c0 00 13 59 21 f0 f4 0a 49 91 62 67 9e 90 80 00 00 00 01 64 5e 00 00 01 98 d5 f0 f7 fd ff ff ff fd fd c8 04 64 80",""
1585,7459,"RPC","IN",16,16,"PlaySound","id=16 bytes=16","42 51 00 00 00 00 00 00 00 00 00 00 00 00 00 00",""
1586,7459,"RPC","IN",134,80,"ShowTextDraw","id=134 bytes=80","36 08 11 9a 99 19 3f 00 00 00 40 1a ff 00 aa cd cc 74 42 00 00 a0 41 00 00 00 32 00 01 00 00 00 ff 04 00 00 00 59 43 00 00 b8 43 00 00 00 00 00 00 00 00 00 00 00 00 00 00 00 00 80 3f ff ff ff ff 0d 00 6c 64 5f 64 75 61 6c 3a 77 68 69 74 65",""
1587,7481,"PACKET","IN",207,45,"PlayerSync","id=207 bytes=45","cf 4f 00 fb ff e6 3f c0 00 13 59 21 f0 c3 0a c9 91 62 67 9e 90 80 00 00 00 00 5c 62 00 00 00 c0 b1 d0 f7 fd ff ff ff fd fd c8 04 64 80",""
1588,7481,"PACKET","IN",207,37,"PlayerSync","id=207 bytes=37","cf 85 00 c0 7f 80 00 18 e4 22 b0 cb 69 09 91 7a 98 de 90 84 00 00 00 03 18 59 80 00 00 00 00 00 01 c8 04 e8 80",""
1589,7482,"PACKET","IN",203,34,"AimSync","id=203 bytes=34","cb 85 00 04 52 fd 3b bf bb 08 b9 3e f7 17 13 bf 4c df 89 c3 48 99 26 45 76 8f 80 42 00 00 00 00 3f c6",""
1590,7482,"PACKET","IN",207,45,"PlayerSync","id=207 bytes=45","cf 1c 00 ee 7f d7 40 00 00 20 40 e3 30 e5 10 89 91 7c 9e 9e 90 84 00 00 00 00 b8 b7 e0 00 03 96 0c 20 f7 61 1a 1f cb fd fd 00 00 00 80",""
1591,7482,"PACKET","IN",200,38,"VehicleSync","id=200 bytes=38","c8 3f 00 4b 00 00 00 00 00 00 00 58 40 c7 00 37 48 b1 66 5e ac 32 5b 62 b4 58 a3 b9 b4 20 00 00 00 06 80 3a 00 00",""
1592,7482,"PACKET","IN",207,43,"PlayerSync","id=207 bytes=43","cf 47 00 60 3f c0 00 21 95 e2 b0 e0 56 c9 91 54 19 1e 90 80 00 00 00 02 b4 47 c0 00 03 d9 c3 0c f4 fe 95 d3 eb fd fd fc 04 04 80",""
1593,7482,"PACKET","OUT",205,9,"UNKNOWN_PACKET","id=205 bytes=9","cd b8 4a 04 00 00 00 00 00",""
1594,7507,"PACKET","IN",207,45,"PlayerSync","id=207 bytes=45","cf 1c 00 ed ff d7 c0 00 00 38 c1 23 30 c2 d0 c9 91 40 9e de 90 84 00 00 00 02 38 7f e0 00 02 e3 30 68 f6 19 4c 17 e3 fd fd 00 00 00 80",""
1595,7507,"PACKET","IN",207,45,"PlayerSync","id=207 bytes=45","cf 4f 00 fd ff e5 bf c0 00 13 59 21 f0 c3 cb 09 91 62 67 9e 90 80 00 00 00 02 04 72 00 00 01 f2 e1 c4 f7 fd ff ff ff fd fd c8 04 64 80",""
1596,7507,"PACKET","IN",207,35,"PlayerSync","id=207 bytes=35","cf 54 00 00 00 27 65 68 30 dc 13 49 d1 7b 67 1f 10 84 00 00 00 01 87 f6 c0 00 00 00 00 00 01 28 00 04 11",""
1597,7507,"PACKET","IN",207,35,"PlayerSync","id=207 bytes=35","cf 7c 00 00 00 38 64 25 b0 e1 1a 09 d1 6c 24 9f 10 80 00 00 00 01 b1 ee 40 00 00 00 00 00 01 28 00 04 11",""
1598,7507,"PACKET","IN",200,44,"VehicleSync","id=200 bytes=44","c8 a6 00 1d 00 38 00 cb ff 00 00 58 90 ef a0 3b 35 34 9e c8 fc 3b e3 d2 54 52 3d 57 a4 20 04 92 63 f8 00 78 0a a9 28 72 70 2f 00 00",""
1599,7507,"RPC","IN",87,2,"ClearPlayerAnimation","id=87 bytes=2","54 00",""
1600,7507,"RPC","IN",86,29,"ApplyPlayerAnimation","id=86 bytes=29","54 00 05 43 41 52 52 59 0b 63 72 72 79 5f 70 72 74 69 61 6c 33 33 83 40 00 00 00 00 00",""
1601,7508,"PACKET","IN",207,45,"PlayerSync","id=207 bytes=45","cf 79 00 c0 00 60 3f c0 00 23 e0 62 f0 dc cd 49 91 70 5b 9e 90 80 00 00 00 01 da 0f 40 00 01 32 12 48 f7 37 c1 f2 f3 fd fd c8 04 04 80",""
1602,7508,"PACKET","OUT",207,69,"PlayerSync","id=207 bytes=69","cf 00 00 00 00 00 00 e8 9a a0 c3 95 ed 26 45 ed 9c 7c 42 0f 68 4f 3f 00 00 00 80 00 00 00 00 d5 0f 16 bf 64 00 00 00 00 00 00 00 00 00 00 00 00 00 00 00 00 00 00 00 00 00 00 00 00 00 00 00 00 00 28 00 04 11",""
1603,7536,"PACKET","IN",207,45,"PlayerSync","id=207 bytes=45","cf 1c 00 ed ff d8 40 00 00 37 41 63 30 e1 d0 c9 91 43 9e de 90 84 00 00 00 03 2c 47 e0 00 03 0b 30 68 f6 b9 80 6f f3 fd fd 00 00 00 80",""
1604,7536,"PACKET","IN",203,34,"AimSync","id=203 bytes=34","cb 1c 00 04 ee 8b 03 bd 54 03 78 bf 23 a6 7b be d5 ff 8b c3 81 59 26 45 56 4e 7e 42 00 00 00 00 3f ff",""
1605,7536,"PACKET","IN",207,45,"PlayerSync","id=207 bytes=45","cf 4f 00 fe 7f e5 7f c0 00 13 59 21 f0 d0 cb 49 91 62 67 9e 90 80 00 00 00 00 98 76 00 00 00 f6 35 ec f7 fd ff ff ff fd fd c8 04 64 80",""
1606,7537,"PACKET","IN",207,45,"PlayerSync","id=207 bytes=45","cf 1c 00 ed ff d8 c0 00 00 1d 81 a3 30 c4 11 09 91 45 1e de 90 84 00 00 00 03 88 0b e0 00 03 3f 30 68 f4 fd bb 0b fb fd fd 00 00 00 80",""
1607,7537,"PACKET","IN",207,35,"PlayerSync","id=207 bytes=35","cf 4b 00 00 00 15 e8 a3 70 f0 5d 09 91 79 a3 5e 90 80 00 00 00 03 47 12 00 00 00 00 00 00 01 28 00 04 11",""
1608,7537,"PACKET","IN",203,34,"AimSync","id=203 bytes=34","cb 4b 00 04 32 2f 6c 3f 06 43 84 3e 36 b1 92 be 3f df 8e c3 aa 69 26 45 ca 03 80 42 00 00 00 00 3f 22",""
1609,7561,"PACKET","IN",207,43,"PlayerSync","id=207 bytes=43","cf 47 00 60 3f c0 00 1e d6 22 b0 c6 58 49 91 4f 99 1e 90 84 00 00 00 00 a4 73 c0 00 00 60 cf 04 f7 c5 9e df f7 fd fd fc 04 04 80",""
1610,7561,"PACKET","IN",207,45,"PlayerSync","id=207 bytes=45","cf 4f 00 fe 7f e5 7f c0 00 13 59 21 f0 df 0b 89 91 62 67 9e 90 80 00 00 00 01 f0 72 00 00 00 10 4e 0c f7 fd ff ff ff fd fd c8 04 64 80",""
1611,7561,"PACKET","IN",207,45,"PlayerSync","id=207 bytes=45","cf 1c 00 ed ff d9 80 00 00 0d 81 a3 30 c3 91 49 91 44 5e de 90 80 00 00 00 02 94 63 e0 00 03 2f 30 68 f7 8e 2a 23 ff fd fd 00 00 00 80",""
1612,7562,"PACKET","IN",207,35,"PlayerSync","id=207 bytes=35","cf 2d 00 00 00 37 8d 62 b0 cb e9 09 91 5c 9a de 90 80 00 00 00 01 5c 03 c0 00 00 00 00 00 01 28 00 04 11",""
1613,7586,"PACKET","IN",200,38,"VehicleSync","id=200 bytes=38","c8 3f 00 4b 00 00 00 00 00 00 00 58 60 c7 00 37 58 b1 66 5e ac 32 5b 62 b4 58 93 b9 b4 20 00 00 00 06 80 3a 00 00",""
1614,7586,"PACKET","IN",207,45,"PlayerSync","id=207 bytes=45","cf 4f 00 fe 7f e5 7f c0 00 13 59 21 f0 c3 cc 09 91 62 67 9e 90 80 00 00 00 03 58 6e 00 00 02 a6 4a 2c f7 fd ff ff ff fd fd c8 04 64 80",""
1615,7587,"PACKET","IN",207,35,"PlayerSync","id=207 bytes=35","cf 54 00 00 00 27 65 68 30 dc 13 49 d1 7b 67 1f 10 84 00 00 00 01 87 f6 c0 00 00 00 00 00 01 a5 04 04 80",""
1616,7587,"PACKET","IN",207,43,"PlayerSync","id=207 bytes=43","cf 85 00 c0 7f 80 00 3c 64 62 b0 c4 69 09 91 7f 18 de 90 84 00 00 00 00 91 c9 80 00 03 b9 06 3c e9 82 36 cc 03 fd fd c8 04 e8 80",""
1617,7587,"PACKET","IN",200,44,"VehicleSync","id=200 bytes=44","c8 a6 00 1d 00 12 00 ba ff 00 00 5c 32 1c 70 a9 76 c4 d2 a9 1c 3b 04 12 54 55 37 47 b4 26 91 81 43 f8 90 07 e8 7f b8 82 50 2f 00 00",""
1618,7587,"PACKET","IN",207,45,"PlayerSync","id=207 bytes=45","cf 1c 00 ed ff d9 c0 00 00 1c c1 63 30 e2 d1 49 91 42 1e de 90 80 00 00 00 01 3c 9b e0 00 03 0b 30 68 f6 1e 62 7f f7 fd fd 00 00 00 80",""
1619,7587,"PACKET","IN",207,45,"PlayerSync","id=207 bytes=45","cf 79 00 c0 00 60 3f c0 00 33 57 62 f0 f7 cd c9 91 49 9b 5e 90 80 00 00 00 03 6e 07 40 00 01 c7 fe cc f4 17 c3 ae f7 fd fd c8 04 04 80",""
1620,7614,"PACKET","IN",207,45,"PlayerSync","id=207 bytes=45","cf 1c 00 ed ff da 00 00 00 11 81 23 30 c1 11 89 91 7e 9e 9e 90 80 00 00 00 01 2c cb e0 00 03 07 30 68 f7 82 95 0f eb fd fd 00 00 00 80",""
1621,7614,"PACKET","IN",207,49,"PlayerSync","id=207 bytes=49","cf 30 00 00 00 22 fe a6 b0 cf 96 c9 d1 7b 67 1f 10 84 00 00 00 01 bd d3 00 00 00 00 00 00 03 ff fe 00 00 00 00 00 00 00 00 00 00 00 01 28 00 04 11",""
1622,7614,"PACKET","IN",207,45,"PlayerSync","id=207 bytes=45","cf 4f 00 fe 7f e5 7f c0 00 13 59 21 f0 d9 cc 49 91 62 67 9e 90 80 00 00 00 00 38 6e 00 00 02 4d f2 4c f7 fd ff ff ff fd fd c8 04 64 80",""
1623,7615,"PACKET","IN",207,35,"PlayerSync","id=207 bytes=35","cf 92 00 00 00 34 f9 a3 70 f0 db 89 91 42 64 5e 90 80 00 00 00 02 b1 61 c0 00 00 00 00 00 01 a5 04 04 80",""
1624,7615,"RPC","IN",87,2,"ClearPlayerAnimation","id=87 bytes=2","7c 00",""
1625,7615,"RPC","IN",86,29,"ApplyPlayerAnimation","id=86 bytes=29","7c 00 05 43 41 52 52 59 0b 63 72 72 79 5f 70 72 74 69 61 6c 33 33 83 40 00 00 00 00 00",""
1626,7615,"PACKET","IN",207,45,"PlayerSync","id=207 bytes=45","cf 4f 00 fe 7f e5 7f c0 00 13 59 21 f0 ef 8c 89 91 62 67 9e 90 80 00 00 00 01 a8 6a 00 00 01 dc f6 4c f7 fd ff ff ff fd fd c8 04 64 80",""
1627,7641,"PACKET","IN",207,45,"PlayerSync","id=207 bytes=45","cf 1c 00 ed ff da c0 00 00 32 40 63 30 f0 91 89 91 77 5e 9e 90 80 00 00 00 01 0c c7 e0 00 01 ce 67 e4 f1 ce c4 3b db fd fd 00 00 00 80",""
1628,7642,"PACKET","IN",207,43,"PlayerSync","id=207 bytes=43","cf 47 00 60 3f c0 00 3e 99 22 b0 ef d9 c9 91 57 58 de 90 84 00 00 00 03 b0 77 c0 00 03 9f fe cc f5 1d 89 ff f3 fd fd fc 04 04 80",""
1629,7642,"PACKET","IN",207,45,"PlayerSync","id=207 bytes=45","cf 4f 00 fd ff e5 7f c0 00 13 59 21 f0 c2 cd 09 91 62 67 9e 90 80 00 00 00 02 54 62 00 00 03 f0 b2 44 f7 fd ff ff ff fd fd c8 04 64 80",""
1630,7642,"PACKET","IN",207,35,"PlayerSync","id=207 bytes=35","cf 7c 00 00 00 38 64 25 b0 e1 1a 09 d1 6c 24 9f 10 80 00 00 00 01 b1 ee 40 00 00 00 00 00 01 fb 04 e8 80",""
1631,7666,"PACKET","IN",207,45,"PlayerSync","id=207 bytes=45","cf 79 00 c0 00 60 3f c0 00 07 0e 22 f0 e2 8e 89 91 5d 1a de 90 80 00 00 00 03 66 03 40 00 02 f4 ca d4 f5 5b bc 92 ff fd fd c8 04 04 80",""
1632,7666,"PACKET","IN",207,45,"PlayerSync","id=207 bytes=45","cf 85 00 c0 7f e0 00 00 00 3a e4 62 b0 c0 e9 09 91 7f 18 de 90 84 00 00 00 03 b6 a1 80 00 02 91 d2 d8 e9 a2 18 a4 03 fd fd c8 04 e8 80",""
1633,7666,"PACKET","IN",207,43,"PlayerSync","id=207 bytes=43","cf 92 00 7f bf c0 00 3d 39 a3 70 f0 9b 89 91 42 a4 5e 90 80 00 00 00 03 31 b1 c0 00 00 ff 53 e0 e8 b4 09 f5 a3 fd fd a5 04 04 80",""
1634,7666,"PACKET","IN",203,34,"AimSync","id=203 bytes=34","cb 92 00 04 25 bf 56 3f af ef 6a 3e 14 bf fc be 0e 0e 8f c3 ab 64 26 45 96 32 81 42 00 00 00 00 3f 37",""
1635,7690,"PACKET","IN",207,45,"PlayerSync","id=207 bytes=45","cf 1c 00 ed ff db 00 00 00 06 ff e2 f0 e5 51 c9 91 6f 9e 9e 90 80 00 00 00 00 f4 c3 e0 00 03 2d e8 38 f4 72 c2 73 db fd fd 00 00 00 80",""
1636,7690,"PACKET","IN",207,45,"PlayerSync","id=207 bytes=45","cf 4f 00 fd ff e5 7f c0 00 13 59 21 f0 d8 cd 49 91 62 67 9e 90 80 00 00 00 03 c4 5e 00 00 03 27 9e 30 f7 fd ff ff ff fd fd c8 04 64 80",""
1637,7691,"PACKET","IN",200,44,"VehicleSync","id=200 bytes=44","c8 a6 00 1d 00 0e 00 ba ff 00 00 71 93 ad 20 2b 97 2d 7e 79 1c 3e f3 f2 54 5c 8b a7 c4 2e d0 7b 23 ed 90 26 c7 61 89 92 50 2f 00 00",""
1638,7691,"PACKET","IN",207,45,"PlayerSync","id=207 bytes=45","cf 1c 00 ed ff db 40 00 00 26 7f 62 f0 c3 92 09 91 6b 1e 9e 90 80 00 00 00 01 a4 bf e0 00 03 a7 a8 5c f5 82 bf 9f db fd fd 00 00 00 80",""
1639,7691,"PACKET","IN",207,45,"PlayerSync","id=207 bytes=45","cf 4f 00 fd 7f e5 7f c0 00 13 59 21 f0 f7 8d 89 91 62 67 9e 90 80 00 00 00 00 48 5a 00 00 00 2b 1e 24 f7 fd ff ff ff fd fd c8 04 64 80",""
1640,7691,"PACKET","IN",207,45,"PlayerSync","id=207 bytes=45","cf 92 00 8e 00 73 ff c0 00 2b 39 a3 70 e9 5b 89 91 42 24 5e 90 80 00 00 00 01 66 25 c0 00 01 ab 13 5c ef ca f1 c4 3f fd fd a5 04 04 80",""
1641,7715,"PACKET","IN",207,45,"PlayerSync","id=207 bytes=45","cf 1c 00 ed ff db c0 00 00 21 3e a2 f0 c3 52 49 91 62 1e 9e 90 80 00 00 00 01 74 b7 e0 00 02 9e 90 a8 f6 a2 b6 4f df fd fd 00 00 00 80",""
1642,7715,"PACKET","IN",207,35,"PlayerSync","id=207 bytes=35","cf 37 00 00 00 16 3c 62 b0 f4 68 c9 91 56 9b 9e 90 80 00 00 00 02 2c 7b 40 00 00 00 00 00 01 28 00 04 11",""
1643,7715,"PACKET","IN",203,34,"AimSync","id=203 bytes=34","cb 37 00 04 e1 15 6b 3e cd 1a 47 3f 21 cc 15 bf 6a 2c 8b c3 cc 8a 26 45 b6 c4 80 42 00 00 00 00 3f 3a",""
1644,7716,"PACKET","IN",207,43,"PlayerSync","id=207 bytes=43","cf 47 00 60 3f c0 00 0c db a2 b0 e4 db 09 91 58 98 9e 90 84 00 00 00 03 38 7b c0 00 02 eb 32 98 f5 1d 89 ff f3 fd fd fc 04 04 80",""
1645,7716,"PACKET","IN",203,34,"AimSync","id=203 bytes=34","cb 47 00 04 fd 07 66 be 73 ba 69 3f e6 5a ae be 93 09 8a c3 73 39 26 45 9b c6 80 42 00 00 00 00 3f c6",""
1646,7716,"PACKET","IN",207,35,"PlayerSync","id=207 bytes=35","cf 51 00 00 00 2e e7 28 30 ea ff 89 91 7b 67 1f 10 84 00 00 00 03 a6 8b c0 00 00 00 00 00 01 28 00 04 11",""
1647,7740,"PACKET","IN",207,45,"PlayerSync","id=207 bytes=45","cf 4f 00 fd 7f e5 7f c0 00 3d 19 61 f0 ca 8e 09 91 5a e7 9e 90 80 00 00 00 01 38 56 00 00 01 80 be 0c f7 79 ad 9f fb fd fd c8 04 64 80",""
1648,7740,"PACKET","IN",207,45,"PlayerSync","id=207 bytes=45","cf 92 00 96 00 6e 7f c0 00 3f b8 e3 70 cd db 89 91 7a 24 1e 90 80 00 00 00 02 02 a9 c0 00 00 f4 2e 48 f2 ab 49 18 7b fd fd a5 04 04 80",""
1649,7763,"PACKET","IN",200,38,"VehicleSync","id=200 bytes=38","c8 3f 00 4b 00 00 00 00 00 00 00 58 90 c6 e0 37 68 b1 56 5e ac 32 5b 62 b4 58 73 b9 b4 20 00 00 00 06 80 3a 00 00",""
1650,7763,"PACKET","IN",207,45,"PlayerSync","id=207 bytes=45","cf 4f 00 fd 7f e5 7f c0 00 3d 19 61 f0 fc ce 49 91 5a e7 9e 90 80 00 00 00 02 40 52 00 00 00 fb 66 18 f7 fd ff ff ff fd fd c8 04 64 80",""
1651,7763,"PACKET","IN",207,45,"PlayerSync","id=207 bytes=45","cf 79 00 c0 00 60 3f c0 00 11 c4 e2 f0 ca 4f 49 91 73 1a 5e 90 80 00 00 00 03 66 03 40 00 01 9b fe b4 f5 5b bc 92 ff fd fd c8 04 04 80",""
1652,7764,"PACKET","IN",207,45,"PlayerSync","id=207 bytes=45","cf 85 00 c0 7f e0 00 00 00 28 24 62 b0 c4 a9 09 91 7e 18 de 90 84 00 00 00 01 5f 59 80 00 03 01 2e 74 e8 d7 2d b4 63 fd fd c8 04 e8 80",""
1653,7764,"PACKET","IN",200,44,"VehicleSync","id=200 bytes=44","c8 a6 00 1d 00 0e 00 ba ff 00 00 77 83 b8 c1 05 b7 cc 79 39 2c 3c 83 e2 54 58 57 d7 d4 2b f3 6a 03 ef 50 07 c7 8b 98 d2 50 2f 00 00",""
1654,7764,"RPC","IN",86,27,"ApplyPlayerAnimation","id=86 bytes=27","46 00 07 42 44 5f 46 49 52 45 07 77 61 73 68 5f 75 70 33 33 83 40 80 00 00 00 00",""
1655,7764,"PACKET","IN",207,45,"PlayerSync","id=207 bytes=45","cf 1c 00 ed ff dc 00 00 00 15 3d 62 f0 f5 92 89 91 52 9e 9e 90 80 00 00 00 00 bc ab e0 00 01 f5 bd 30 f7 ba aa 53 e3 fd fd 00 00 00 80",""
1656,7764,"PACKET","IN",207,45,"PlayerSync","id=207 bytes=45","cf 92 00 99 00 6c ff c0 00 0c f8 e3 70 c5 9b 89 91 77 a4 1e 90 80 00 00 00 01 e2 f5 c0 00 00 52 63 0c ef 0c 73 5f 43 fd fd a5 04 04 80",""
1657,7794,"RPC","IN",24,18,"SetVehicleParamsEx","id=24 bytes=18","3b 00 00 00 ff 01 ff 00 ff ff ff ff ff ff ff ff ff ff",""
1658,7794,"RPC","IN",86,32,"ApplyPlayerAnimation","id=86 bytes=32","7e 00 07 57 45 41 50 4f 4e 53 0c 53 48 50 5f 41 72 5f 52 65 74 5f 53 33 33 83 40 60 00 00 00 00",""
1659,7795,"PACKET","IN",207,35,"PlayerSync","id=207 bytes=35","cf 15 00 00 00 0d cb 23 30 d7 62 49 91 71 9f 1e 90 84 00 00 00 01 9e 65 80 00 00 00 00 00 01 28 00 04 11",""
1660,7795,"PACKET","IN",207,45,"PlayerSync","id=207 bytes=45","cf 4f 00 fc ff e5 7f c0 00 3d 19 61 f0 d5 0e c9 91 5a e7 9e 90 80 00 00 00 01 94 4a 00 00 03 01 76 18 f7 fd ff ff ff fd fd c8 04 64 80",""
1661,7795,"PACKET","IN",207,35,"PlayerSync","id=207 bytes=35","cf 7e 00 00 00 99 9f e8 30 f4 7c 8a 51 40 30 1e 90 80 00 00 00 03 1d 3f 94 00 00 00 00 00 01 a5 04 08 80",""
1662,7795,"PACKET","IN",203,34,"AimSync","id=203 bytes=34","cb 7e 00 04 3f db 0a 3f 20 8b 1f bf 89 39 10 bf 47 23 a1 c3 5a 0a 2a 45 0f 3c 81 42 00 00 00 00 3f c6",""
1663,7795,"RPC","IN",24,18,"SetVehicleParamsEx","id=24 bytes=18","3b 00 00 00 ff 01 ff 00 ff ff ff ff ff ff ff ff ff ff",""
1664,7817,"PACKET","IN",207,43,"PlayerSync","id=207 bytes=43","cf 47 00 60 3f c0 00 28 5e a2 b0 e2 dc 49 91 7c 18 9e 90 84 00 00 00 03 b1 33 c0 00 01 b6 36 80 f5 15 36 0f d7 fd fd fc 04 04 80",""
1665,7818,"PACKET","IN",207,45,"PlayerSync","id=207 bytes=45","cf 4f 00 fc ff e5 7f c0 00 11 d9 21 f0 f1 cf 09 91 62 a7 9e 90 80 00 00 00 02 9c 46 00 00 01 21 42 28 f5 62 4a b3 fb fd fd c8 04 64 80",""
1666,7818,"RPC","IN",24,18,"SetVehicleParamsEx","id=24 bytes=18","41 00 01 00 ff 00 ff ff ff ff ff ff ff ff ff ff ff ff",""
1667,7818,"RPC","IN",24,18,"SetVehicleParamsEx","id=24 bytes=18","41 00 00 00 ff 00 ff ff ff ff ff ff ff ff ff ff ff ff",""
1668,7818,"RPC","IN",59,46,"ChatBubble","id=59 bytes=46","20 00 aa ff bb ff 00 00 f0 41 88 13 00 00 1f 2a 20 4d 65 6d 61 74 69 6b 61 6e 20 6d 65 73 69 6e 20 6b 65 6e 64 61 72 61 61 6e 6e 79 61 2e",""
1669,7818,"PACKET","IN",207,35,"PlayerSync","id=207 bytes=35","cf 20 00 00 00 3a ad e4 b0 c1 0e c9 91 77 bb de 90 80 00 00 00 00 ce 13 c0 00 00 00 00 00 01 a5 04 04 80",""
1670,7818,"PACKET","IN",203,34,"AimSync","id=203 bytes=34","cb 20 00 04 ea f9 55 3f 6a 6c 08 3f 21 fc 06 be 60 2e 94 c3 2d 1d 26 45 b2 2e 7f 42 00 00 00 00 3f 37",""
1671,7819,"PACKET","IN",200,38,"VehicleSync","id=200 bytes=38","c8 3f 00 4b 00 00 00 00 00 00 00 58 00 c7 20 37 88 b1 56 5e ac 32 5b 62 b4 58 a3 b9 b4 20 00 00 00 06 80 3a 00 00",""
1672,7819,"PACKET","IN",207,45,"PlayerSync","id=207 bytes=45","cf 79 00 c0 00 60 3f c0 00 3b 3b e2 b0 eb 4f c9 91 4d 9a 1e 90 80 00 00 00 03 66 03 40 00 02 0b 32 80 f5 5b bc 92 ff fd fd c8 04 04 80",""
1673,7819,"PACKET","IN",207,45,"PlayerSync","id=207 bytes=45","cf 85 00 c0 7f e0 00 00 00 06 a4 62 b0 e8 28 c9 91 7c 98 de 90 84 00 00 00 00 03 cd 80 00 02 85 10 84 f1 3a 3f ac 03 fd fd c8 04 e8 80",""
1674,7819,"PACKET","IN",207,45,"PlayerSync","id=207 bytes=45","cf 92 00 a1 80 6c 3f c0 00 26 f8 e3 70 ce 9b 89 91 79 24 1e 90 80 00 00 00 02 e7 59 c0 00 02 63 9f ec eb 70 03 4a 3b fd fd a5 04 04 80",""
1675,7841,"PACKET","IN",207,35,"PlayerSync","id=207 bytes=35","cf 0b 00 00 00 36 74 e3 70 df 22 89 91 49 e4 1e 90 80 00 00 00 00 42 8b c0 00 00 00 00 00 01 a5 04 e8 80",""
1676,7841,"PACKET","IN",207,45,"PlayerSync","id=207 bytes=45","cf 4f 00 fc ff e5 7f c0 00 11 d9 21 f0 c9 8f 89 91 62 a7 9e 90 80 00 00 00 03 d8 42 00 00 00 51 c6 34 f7 fd ff ff ff fd fd c8 04 64 80",""
1677,7841,"PACKET","IN",200,44,"VehicleSync","id=200 bytes=44","c8 a6 00 1d 00 0e 00 ba ff 00 00 79 73 a0 61 9d b8 5a 73 b9 3c 3b 83 d2 54 51 fb 37 d4 2a dd e9 e3 e3 90 07 17 8d 57 f2 50 2f 00 00",""
1678,7841,"PACKET","IN",207,41,"PlayerSync","id=207 bytes=41","cf 1c 00 00 00 06 7a e2 f0 f5 13 89 91 74 9e 5e 90 80 00 00 00 00 00 97 e0 00 00 61 3e 5c f6 72 92 97 eb fd fd 00 00 00 80",""
1679,7866,"PACKET","IN",207,45,"PlayerSync","id=207 bytes=45","cf 4f 00 fc ff e5 3f c0 00 11 d9 21 f0 f0 0f c9 91 62 a7 9e 90 80 00 00 00 01 c8 42 00 00 02 da 2e 34 f7 fd ff ff ff fd fd c8 04 64 80",""
1680,7866,"PACKET","IN",207,43,"PlayerSync","id=207 bytes=43","cf 79 00 60 3f c0 00 31 f5 e2 b0 d9 10 49 91 48 19 de 90 80 00 00 00 03 3d eb 40 00 00 5a 66 c4 f4 e3 bd 62 ff fd fd c8 04 04 80",""
1681,7866,"PACKET","IN",203,34,"AimSync","id=203 bytes=34","cb 79 00 04 67 90 82 3e d9 79 71 3f a4 c1 59 be 27 69 8b c3 b1 ff 25 45 d3 3e 80 42 00 00 00 00 3f 55",""
1682,7866,"PACKET","IN",207,45,"PlayerSync","id=207 bytes=45","cf 92 00 ac 00 6f 7f c0 00 3b b9 23 70 fb 9b 49 91 7c e4 1e 90 80 00 00 00 00 97 a9 c0 00 00 18 2d 38 f1 3d 2b 34 2f fd fd a5 04 04 80",""
1683,7891,"PACKET","IN",207,35,"PlayerSync","id=207 bytes=35","cf 02 00 00 00 08 a8 a2 70 e7 a8 c9 91 7a 9d 5e 90 84 00 00 00 00 fc 56 c0 00 00 00 00 00 01 28 00 04 11",""
1684,7891,"PACKET","IN",207,43,"PlayerSync","id=207 bytes=43","cf 47 00 60 3f c0 00 3d e5 e2 b0 fb 1d 49 91 50 99 1e 90 84 00 00 00 02 0d 87 c0 00 01 bb 32 e0 f6 f8 9e d3 73 fd fd fc 04 04 80",""
1685,7892,"PACKET","IN",207,45,"PlayerSync","id=207 bytes=45","cf 4f 00 fc ff e5 3f c0 00 11 d9 21 f0 cf 50 49 91 62 a7 9e 90 80 00 00 00 03 1c 3e 00 00 02 4f 0a 3c f7 fd ff ff ff fd fd c8 04 64 80",""
1686,7892,"PACKET","IN",207,45,"PlayerSync","id=207 bytes=45","cf 85 00 c0 7f e0 00 00 00 30 24 62 b0 fa 28 49 91 7e 98 de 90 84 00 00 00 02 43 fd 80 00 03 0d 38 30 f4 21 ce a0 03 fd fd c8 04 e8 80",""
1687,7922,"PACKET","IN",200,38,"VehicleSync","id=200 bytes=38","c8 3f 00 4b 00 00 00 00 00 00 00 58 90 c6 e0 37 88 b1 46 5e ac 32 5b 62 b4 58 73 b9 b4 20 00 00 00 06 80 3a 00 00",""
1688,7922,"PACKET","IN",207,35,"PlayerSync","id=207 bytes=35","cf 4d 00 00 00 19 5f dc f0 c3 00 c9 91 7b ec 9e 90 80 00 00 00 00 39 bc 80 00 00 00 00 00 01 a8 04 04 11",""
1689,7922,"PACKET","IN",207,35,"PlayerSync","id=207 bytes=35","cf 7e 00 00 00 19 9f e8 30 f4 7c 8a 51 40 30 1e 90 80 00 00 00 03 1d 3f 94 00 00 00 00 00 01 9f 06 04 16",""
1690,7922,"PACKET","IN",207,35,"PlayerSync","id=207 bytes=35","cf 46 00 02 00 3e ca 23 30 fc 9b 89 91 68 df 1e 90 84 00 00 00 03 0d 37 c0 00 00 00 00 00 01 28 00 04 11",""
1691,7922,"PACKET","IN",207,45,"PlayerSync","id=207 bytes=45","cf 4f 00 fc 7f e5 3f c0 00 11 d9 21 f0 ea 10 89 91 62 a7 9e 90 80 00 00 00 00 00 3a 00 00 02 fe 7e 3c f7 fd ff ff ff fd fd c8 04 64 80",""
1692,7923,"PACKET","IN",207,45,"PlayerSync","id=207 bytes=45","cf 92 00 b3 80 74 7f c0 00 3c 79 a3 70 cd 9b 49 91 42 a4 5e 90 80 00 00 00 03 17 dd c0 00 01 82 c6 84 f0 2d 64 48 1b fd fd a5 04 04 80",""
1693,7923,"PACKET","IN",200,44,"VehicleSync","id=200 bytes=44","c8 a6 00 1d 00 11 00 bb ff 00 00 74 63 6c e1 da b8 e5 fe 19 3c 3a 33 c2 54 52 55 c7 d4 2c 36 79 f3 ef c0 07 c7 80 b7 22 50 2f 00 00",""
1694,7923,"PACKET","IN",207,41,"PlayerSync","id=207 bytes=41","cf 1c 00 00 00 1a b8 a2 f0 dd d4 89 91 5b 1e 5e 90 80 00 00 00 00 00 97 e0 00 01 4e 8c ec f6 72 92 97 eb fd fd 00 00 00 80",""
1695,7947,"PACKET","IN",207,35,"PlayerSync","id=207 bytes=35","cf 46 00 00 00 3e ca 23 30 fc 9b 89 91 68 df 1e 90 84 00 00 00 03 0d 37 c0 00 00 00 00 00 01 28 00 04 11",""
1696,7948,"PACKET","IN",207,45,"PlayerSync","id=207 bytes=45","cf 4f 00 fc 7f e5 3f c0 00 11 d9 21 f0 ce 51 09 91 62 a7 9e 90 80 00 00 00 01 bc 36 00 00 01 2b 76 34 f7 fd ff ff ff fd fd c8 04 64 80",""
1697,7948,"PACKET","IN",207,43,"PlayerSync","id=207 bytes=43","cf 79 00 60 3f c0 00 09 2e e2 b0 f7 91 09 91 75 99 5e 90 80 00 00 00 01 9d 17 40 00 00 7e d6 e0 f6 f3 1c 07 ab fd fd c8 04 04 80",""
1698,7948,"PACKET","IN",207,45,"PlayerSync","id=207 bytes=45","cf 92 00 b7 00 76 bf c0 00 14 3a 23 70 e3 db 09 91 46 a4 5e 90 80 00 00 00 01 e7 f5 c0 00 03 17 5b 48 f3 d1 83 48 0f fd fd a5 04 04 80",""
1699,7971,"PACKET","IN",207,45,"PlayerSync","id=207 bytes=45","cf 4f 00 fa ff e5 3f c2 00 11 d9 21 f0 f0 91 49 91 62 a7 9e 90 80 00 00 00 01 18 26 00 00 00 b5 46 58 f7 fd ff ff ff fd fd c8 04 04 80",""
1700,7972,"PACKET","IN",207,45,"PlayerSync","id=207 bytes=45","cf 85 00 c0 7f e0 00 00 00 2b 24 62 b0 d7 e7 c9 91 7e 98 de 90 80 00 00 00 02 0b f5 80 00 03 35 30 58 f6 32 49 64 07 fd fd c8 04 e8 80",""
1701,7995,"PACKET","IN",207,43,"PlayerSync","id=207 bytes=43","cf 47 00 60 3f c0 00 3d 2f 22 b0 e5 1e 89 91 7b 19 5e 90 84 00 00 00 02 0d 87 c0 00 00 d1 fa bc f7 58 97 6b 6b fd fd fc 04 04 80",""
1702,7995,"PACKET","IN",207,45,"PlayerSync","id=207 bytes=45","cf 4f 00 fa 7f e5 3f c2 00 11 d9 21 f0 da 11 c9 91 62 a7 9e 90 80 00 00 00 02 04 1e 00 00 02 5e ba 78 f7 fd ff ff ff fd fd c8 04 04 80",""
1703,7995,"PACKET","IN",207,45,"PlayerSync","id=207 bytes=45","cf 92 00 ba 00 77 ff c0 00 3e f9 e3 70 e7 9a c9 91 45 e4 5e 90 80 00 00 00 03 af fd c0 00 01 07 14 30 f6 19 a0 ac 0b fd fd a5 04 04 80",""
1704,7995,"PACKET","IN",200,38,"VehicleSync","id=200 bytes=38","c8 3f 00 4b 00 00 00 00 00 00 00 58 60 c7 10 37 98 b1 46 5e ac 32 5b 62 b4 58 83 b9 b4 20 00 00 00 06 80 3a 00 00",""
1705,7995,"PACKET","IN",200,44,"VehicleSync","id=200 bytes=44","c8 a6 00 1d 00 54 00 d2 ff 00 00 7f c3 03 71 ae 29 74 58 59 4c 31 53 c2 54 54 8a 97 c4 21 fe 59 b3 e6 40 1b 97 e3 46 d2 50 2f 00 00",""
1706,8020,"PACKET","IN",203,34,"AimSync","id=203 bytes=34","cb 76 00 12 9d bc a4 3e 9c b6 70 bf dc 7a e3 bd be 59 ad c3 df 7e 27 45 1b be 80 42 00 00 00 00 3f ff",""
1707,8021,"PACKET","IN",207,45,"PlayerSync","id=207 bytes=45","cf 85 00 c0 7f e0 00 02 00 1a e3 e2 b0 d8 e7 89 91 78 18 de 90 80 00 00 00 02 0b f5 80 00 01 ee 67 e4 f0 f6 8f c8 13 fd fd c8 04 e8 80",""
1708,8021,"PACKET","IN",207,41,"PlayerSync","id=207 bytes=41","cf 1c 00 00 00 20 77 62 f0 e1 95 09 91 4c 9e 5e 90 80 00 00 00 00 00 97 e0 00 02 57 5a e8 f2 72 92 97 eb fd fd 00 00 00 80",""
1709,8021,"PACKET","IN",207,45,"PlayerSync","id=207 bytes=45","cf 4f 00 f8 ff e5 7f c2 00 11 d9 21 f0 c3 d2 49 91 62 a7 9e 90 80 00 00 00 00 e0 0e 00 00 02 17 ce 94 f7 fd ff ff ff fd fd c8 04 04 80",""
1710,8021,"PACKET","IN",207,43,"PlayerSync","id=207 bytes=43","cf 79 00 60 3f c0 00 29 ab 62 b0 c1 12 89 91 4f 19 5e 90 80 00 00 00 00 c0 3b 40 00 03 37 fe 9c f4 12 43 f7 fb fd fd c8 04 04 80",""
1711,8043,"PACKET","IN",207,45,"PlayerSync","id=207 bytes=45","cf 92 00 be 80 79 7f c0 00 24 3a 63 70 ff da 49 91 4a a4 5e 90 84 00 00 00 03 93 f5 c0 00 00 f3 a4 d0 f5 59 a4 14 0b fd fd a5 04 04 80",""
1712,8044,"PACKET","IN",207,45,"PlayerSync","id=207 bytes=45","cf 4f 00 f7 ff e5 7f c2 00 3a 58 e1 f0 f8 52 89 91 64 27 9e 90 80 00 00 00 01 04 02 00 00 00 75 ba 8c f4 de 0f d3 ff fd fd c8 04 04 80",""
1713,8072,"PACKET","IN",207,43,"PlayerSync","id=207 bytes=43","cf 47 00 60 3f c0 00 3f f5 a2 b0 eb 5f 89 91 45 d9 de 90 84 00 00 00 00 c4 c7 c0 00 00 64 0e 8c f7 e9 01 a3 bf fd fd fc 04 04 80",""
1714,8072,"RPC","IN",24,18,"SetVehicleParamsEx","id=24 bytes=18","3b 00 01 00 ff 01 ff 00 ff ff ff ff ff ff ff ff ff ff",""
1715,8072,"RPC","IN",24,18,"SetVehicleParamsEx","id=24 bytes=18","3b 00 01 01 ff 01 ff 00 ff ff ff ff ff ff ff ff ff ff",""
1716,8072,"PACKET","IN",207,45,"PlayerSync","id=207 bytes=45","cf 4f 00 f6 7f e5 bf c2 00 38 d8 e1 f0 db 13 09 91 64 27 9e 90 84 00 00 00 00 9c 12 00 00 00 69 66 88 f5 06 03 fb ff fd fd c8 04 04 80",""
1717,8073,"PACKET","IN",207,45,"PlayerSync","id=207 bytes=45","cf 92 00 be 80 79 7f c0 00 2c 7b 63 70 cf 9a 09 91 56 a4 5e 90 84 00 00 00 01 8f f1 c0 00 02 b0 51 4c f6 dd 60 b4 1b fd fd a5 04 04 80",""
1718,8073,"PACKET","IN",200,44,"VehicleSync","id=200 bytes=44","c8 a6 00 1d 00 76 00 e7 ff 00 00 74 82 73 90 c9 4a 32 42 39 5c 3b b3 c2 54 5c b2 f7 c4 27 ec e9 63 eb 00 0f d8 52 b7 42 50 2f 00 00",""
1719,8073,"PACKET","OUT",207,69,"PlayerSync","id=207 bytes=69","cf 00 00 00 00 00 00 e8 9a a0 c3 95 ed 26 45 ed 9c 7c 42 0f 68 4f 3f 00 00 00 80 00 00 00 00 d5 0f 16 bf 64 00 00 00 00 00 00 00 00 00 00 00 00 00 00 00 00 00 00 00 00 00 00 00 00 00 00 00 00 00 28 00 04 11",""
1720,8096,"PACKET","IN",207,35,"PlayerSync","id=207 bytes=35","cf 97 00 00 00 39 55 a5 b0 df 38 c9 91 6c 24 9f 10 80 00 00 00 01 30 6f e8 00 00 00 00 00 01 28 00 04 11",""
1721,8096,"PACKET","IN",203,34,"AimSync","id=203 bytes=34","cb 97 00 04 82 d9 af ba 08 02 7e 3f ca fa fe bd bc 56 96 c3 81 d4 26 45 5b 71 7f 42 00 00 00 00 3f 36",""
1722,8123,"PACKET","IN",207,35,"PlayerSync","id=207 bytes=35","cf 1b 00 00 00 02 a3 63 70 d7 5a c9 91 7b a3 1e 90 80 00 00 00 00 d6 93 00 00 00 00 00 00 01 28 00 04 11",""
1723,8123,"PACKET","IN",203,34,"AimSync","id=203 bytes=34","cb 1b 00 04 11 98 95 3e 9b ef 4d 3f 5d 68 04 bf 68 f2 8d c3 7a 48 26 45 6d 47 81 42 00 00 00 00 3f 1a",""
1724,8123,"PACKET","IN",207,35,"PlayerSync","id=207 bytes=35","cf 1c 00 00 00 08 f7 22 f0 c6 15 49 91 48 9e 5e 90 80 00 00 00 00 00 97 e0 00 00 00 00 00 01 00 00 00 80",""
1725,8124,"PACKET","IN",207,45,"PlayerSync","id=207 bytes=45","cf 4f 00 f5 ff e5 bf c2 00 15 59 21 f0 c9 13 89 91 62 27 9e 90 84 00 00 00 03 c4 16 00 00 02 de ce 8c f7 5d ef b7 ff fd fd c8 04 04 80",""
1726,8124,"PACKET","IN",207,43,"PlayerSync","id=207 bytes=43","cf 79 00 60 3f c0 00 36 2a a2 b0 d5 13 c9 91 46 d9 5e 90 80 00 00 00 03 0c 0b 40 00 01 95 9a c0 f6 c6 0f c7 ff fd fd c8 04 04 80",""
1727,8124,"PACKET","IN",207,45,"PlayerSync","id=207 bytes=45","cf 85 00 c0 7f e0 00 02 00 0b e2 e2 b0 e2 a7 09 91 6b 98 de 90 80 00 00 00 02 0b f5 80 00 00 fe 4b b0 f0 f6 8f c8 13 fd fd c8 04 04 80",""
1728,8124,"PACKET","IN",207,35,"PlayerSync","id=207 bytes=35","cf 2d 00 00 00 37 8d 62 b0 cb e9 09 91 5c 9a de 90 80 00 00 00 01 5c 03 c0 00 00 00 00 00 01 28 00 04 11",""
1729,8124,"PACKET","IN",207,35,"PlayerSync","id=207 bytes=35","cf 54 00 00 00 27 65 68 30 dc 13 49 d1 7b 67 1f 10 84 00 00 00 01 87 f6 c0 00 00 00 00 00 01 a5 04 04 80",""
1730,8148,"PACKET","IN",200,38,"VehicleSync","id=200 bytes=38","c8 3f 00 4b 00 00 00 00 00 00 00 58 00 c7 40 37 a8 b1 46 5e ac 32 5b 62 b4 58 93 b9 b4 20 00 00 00 06 80 3a 00 00",""
1731,8148,"PACKET","IN",207,45,"PlayerSync","id=207 bytes=45","cf 4f 00 f5 7f e5 bf c2 00 02 59 61 f0 c1 d4 09 91 5f 27 9e 90 84 00 00 00 03 44 1e 00 00 02 3b fa 98 f4 39 eb 6f ff fd fd c8 04 04 80",""
1732,8148,"PACKET","IN",207,45,"PlayerSync","id=207 bytes=45","cf 92 00 bc 80 76 7f c2 00 03 fd 23 70 c0 59 89 91 69 64 5e 90 84 00 00 00 00 53 f5 c0 00 02 fd 86 18 f5 6d 55 3c 1f fd fd a5 04 04 80",""
1733,8148,"PACKET","IN",207,35,"PlayerSync","id=207 bytes=35","cf 4b 00 00 00 15 e8 a3 70 f0 5d 09 91 79 a3 5e 90 80 00 00 00 03 47 12 00 00 00 00 00 00 01 28 00 04 11",""
1734,8148,"PACKET","IN",207,45,"PlayerSync","id=207 bytes=45","cf 4f 00 f5 7f e5 bf c2 00 33 d9 61 f0 e6 d4 49 91 5b a7 9e 90 84 00 00 00 02 8c 22 00 00 02 78 3a b0 f4 b9 e3 07 ff fd fd c8 04 04 80",""
1735,8175,"PACKET","IN",200,38,"VehicleSync","id=200 bytes=38","c8 3f 00 4b 00 00 00 00 00 00 00 58 60 c7 10 37 a8 b1 36 5e ac 32 5b 62 b4 58 73 b9 b4 20 00 00 00 06 80 3a 00 00",""
1736,8175,"PACKET","IN",207,43,"PlayerSync","id=207 bytes=43","cf 47 00 60 3f c0 00 3d 39 e2 b0 d0 61 09 91 76 99 de 90 84 00 00 00 01 d8 a3 c0 00 02 a8 ea 70 f6 c1 51 cb e3 fd fd fc 04 04 80",""
1737,8176,"PACKET","IN",200,44,"VehicleSync","id=200 bytes=44","c8 a6 00 1d 00 79 00 ef ff 00 00 56 f1 85 80 25 aa eb 7c 09 5c 3a 13 d2 54 5a 3d 57 b4 20 59 d9 43 e8 90 05 b8 28 47 42 50 2f 00 00",""
1738,8199,"PACKET","IN",207,49,"PlayerSync","id=207 bytes=49","cf 30 00 00 00 22 fe a6 b0 cf 96 c9 d1 7b 67 1f 10 84 00 00 00 01 bd d3 00 00 00 00 00 00 03 ff fe 00 00 00 00 00 00 00 00 00 00 00 01 28 00 04 11",""
1739,8199,"PACKET","IN",207,45,"PlayerSync","id=207 bytes=45","cf 4f 00 f5 7f e5 bf c2 00 35 99 a1 f0 e0 54 c9 91 56 e7 9e 90 84 00 00 00 01 5c 26 00 00 02 67 6a bc f5 71 de d3 ff fd fd c8 04 04 80",""
1740,8199,"PACKET","IN",207,43,"PlayerSync","id=207 bytes=43","cf 79 00 60 3f c0 00 3f ea a2 b0 e3 95 09 91 47 59 5e 90 84 00 00 00 00 44 0f 40 00 00 e2 ca b8 f7 b5 f3 d7 ff fd fd c8 04 04 80",""
1741,8199,"PACKET","IN",207,45,"PlayerSync","id=207 bytes=45","cf 92 00 b8 00 71 3f c2 00 07 7e 63 70 db d8 c9 91 78 64 5e 90 84 00 00 00 00 23 fd c0 00 02 83 96 3c f7 bd ae 54 07 fd fd a5 04 04 80",""
1742,8199,"PACKET","IN",207,39,"PlayerSync","id=207 bytes=39","cf 1c 00 8c 00 78 bf c0 00 08 f7 22 f0 c6 15 49 91 48 9e 5e 90 80 00 00 00 02 90 47 e0 00 00 00 00 00 01 00 00 00 80",""
1743,8200,"PACKET","IN",207,45,"PlayerSync","id=207 bytes=45","cf 85 00 c0 7f e0 00 02 00 0c 62 22 b0 cf 26 c9 91 63 18 de 90 80 00 00 00 01 a3 f5 80 00 01 ca 00 94 f4 f6 8f c8 13 fd fd c8 04 04 80",""
1744,8200,"PACKET","IN",207,35,"PlayerSync","id=207 bytes=35","cf 7c 00 00 00 38 64 25 b0 e1 1a 09 d1 6c 24 9f 10 80 00 00 00 01 b1 ee 40 00 00 00 00 00 01 fb 04 e8 80",""
1745,8225,"PACKET","IN",207,45,"PlayerSync","id=207 bytes=45","cf 1c 00 93 80 71 7f c0 00 20 36 e2 f0 ea d5 49 91 46 9e 5e 90 84 00 00 00 03 48 03 e0 00 01 95 98 18 f6 66 47 1f fb fd fd 00 00 00 80",""
1746,8225,"PACKET","IN",207,45,"PlayerSync","id=207 bytes=45","cf 4f 00 f5 7f e5 bf c2 00 35 d9 e1 f0 ce 15 49 91 52 a7 9e 90 84 00 00 00 00 e0 2a 00 00 02 cc 3e c0 f6 a5 da 9f ff fd fd c8 04 04 80",""
1747,8225,"PACKET","IN",207,45,"PlayerSync","id=207 bytes=45","cf 1c 00 96 80 6e ff c0 00 22 36 e2 f0 d0 d5 89 91 46 de 5e 90 84 00 00 00 03 30 4f e0 00 01 9d 98 18 f4 b5 ff fb ff fd fd 00 00 00 80",""
1748,8226,"PACKET","IN",207,45,"PlayerSync","id=207 bytes=45","cf 92 00 ae 00 6a 3f c2 00 14 fe e3 70 d0 58 49 91 7e a4 5e 90 80 00 00 00 03 a3 fd c0 00 01 01 12 4c f5 b1 d2 18 03 fd fd a5 04 04 80",""
1749,8248,"PACKET","IN",207,45,"PlayerSync","id=207 bytes=45","cf 4f 00 f5 7f e5 bf c2 00 13 1a 61 f0 df d5 c9 91 4b e7 9e 90 84 00 00 00 00 2c 2e 00 00 03 61 fa a8 f7 25 d6 5b ff fd fd df 04 02 80",""
1750,8248,"PACKET","IN",207,35,"PlayerSync","id=207 bytes=35","cf 5b 00 00 00 3f c4 a6 f0 d9 07 09 d1 7b 67 1f 10 84 00 00 00 01 2a 42 00 00 00 00 00 00 01 28 00 04 11",""
1751,8248,"PACKET","IN",203,34,"AimSync","id=203 bytes=34","cb 5b 00 04 99 17 83 3d 84 14 47 be 87 94 7a bf 1f 25 9b c3 44 23 27 45 dd d5 83 42 00 00 00 00 23 27",""
1752,8249,"RPC","IN",105,19,"TextDrawSetString","id=105 bytes=19","2f 01 0f 00 30 39 20 41 67 75 73 74 75 73 20 32 30 32 36",""
1753,8249,"RPC","IN",105,12,"TextDrawSetString","id=105 bytes=12","30 01 08 00 31 32 3a 31 34 3a 31 36",""
1754,8249,"PACKET","IN",207,45,"PlayerSync","id=207 bytes=45","cf 1c 00 99 00 6d 7f c0 00 09 77 22 f0 f0 55 89 91 48 9e 5e 90 84 00 00 00 02 30 8f e0 00 01 85 98 18 f5 05 b1 db fb fd fd 00 00 00 80",""
1755,8249,"PACKET","IN",200,38,"VehicleSync","id=200 bytes=38","c8 3f 00 4b 00 00 00 00 00 00 00 58 90 c6 f0 37 b8 b1 26 5e ac 32 5b 62 b4 58 63 b9 b4 20 00 00 00 06 80 3a 00 00",""
1756,8249,"PACKET","IN",207,43,"PlayerSync","id=207 bytes=43","cf 47 00 60 3f c0 00 35 bd 62 b0 ca e2 89 91 5e 9a 1e 90 84 00 00 00 01 20 6f c0 00 01 a2 37 08 f6 c9 7f 6b ef fd fd fc 04 04 80",""
1757,8249,"PACKET","IN",207,43,"PlayerSync","id=207 bytes=43","cf 79 00 60 3f c0 00 25 ab 22 b0 fa 96 49 91 4b d9 5e 90 84 00 00 00 02 44 1b 40 00 02 7e 67 0c f7 95 e7 67 ff fd fd c8 04 04 80",""
1758,8249,"PACKET","IN",200,44,"VehicleSync","id=200 bytes=44","c8 a6 00 1d 00 7b 00 f3 ff 00 00 53 70 db c0 85 eb 29 15 79 6c 30 b3 e2 54 5e fc e7 b4 27 1a a8 d3 e1 10 0f 68 2e 28 22 50 2f 00 00",""
1759,8274,"PACKET","IN",207,45,"PlayerSync","id=207 bytes=45","cf 20 00 f1 ff fb bf c0 00 22 2c e4 b0 d9 0e c9 91 4e bb de 90 80 00 00 00 00 45 a7 c0 00 01 99 88 18 f7 2b 99 13 33 fd fd a5 04 04 80",""
1760,8274,"PACKET","IN",207,43,"PlayerSync","id=207 bytes=43","cf 85 00 c0 7f 82 00 22 a0 a2 b0 f4 a6 09 91 52 d8 de 90 84 00 00 00 02 7f fd 80 00 02 5e f9 58 f7 ca 8c 98 17 fd fd c8 04 04 80",""
1761,8274,"PACKET","IN",203,34,"AimSync","id=203 bytes=34","cb 85 00 04 7e 18 66 bf 42 58 a5 bc a0 30 e0 be 5f 28 89 c3 ca 99 26 45 6d 07 81 42 00 00 00 00 3f c6",""
1762,8274,"PACKET","IN",207,45,"PlayerSync","id=207 bytes=45","cf 92 00 a6 80 66 ff c2 00 33 fe 23 70 d7 97 89 91 77 a4 9e 90 80 00 00 00 00 2f fd c0 00 00 7a f6 64 f5 0a 4d d4 07 fd fd a5 04 04 80",""
1763,8275,"RPC","IN",86,27,"ApplyPlayerAnimation","id=86 bytes=27","27 00 07 42 44 5f 46 49 52 45 07 77 61 73 68 5f 75 70 33 33 83 40 80 00 00 00 00",""
1764,8275,"PACKET","IN",207,45,"PlayerSync","id=207 bytes=45","cf 1c 00 9d 80 6b ff c0 00 2e f7 62 f0 dc d5 c9 91 4d 1e 5e 90 84 00 00 00 00 ac eb e0 00 01 6d 98 18 f7 2d 70 3f ef fd fd 00 00 00 80",""
1765,8275,"PACKET","IN",207,45,"PlayerSync","id=207 bytes=45","cf 4f 00 f4 ff e5 bf c2 00 22 da a1 f0 d3 16 49 91 46 67 9e 90 84 00 00 00 01 80 36 00 00 01 62 82 98 f7 d9 d2 13 ff fd fd e9 04 02 80",""
1766,8275,"PACKET","IN",207,35,"PlayerSync","id=207 bytes=35","cf 7e 00 00 00 19 9f e8 30 f4 7c 8a 51 40 30 1e 90 80 00 00 00 03 1d 3f 94 00 00 00 00 00 01 a5 04 08 80",""
1767,8301,"PACKET","IN",207,35,"PlayerSync","id=207 bytes=35","cf 1a 00 00 00 28 14 e5 b0 cd 83 09 d1 6c 24 9f 10 80 00 00 00 03 eb 49 80 00 00 00 00 00 01 28 00 04 11",""
1768,8301,"PACKET","IN",203,34,"AimSync","id=203 bytes=34","cb 1a 00 04 8c b8 bb 3e 66 42 69 bf da 82 40 be 71 bb 96 c3 76 2c 27 45 76 51 80 42 00 00 00 00 3f 36",""
1769,8302,"PACKET","IN",207,45,"PlayerSync","id=207 bytes=45","cf 1c 00 9f 00 6b 7f c0 00 18 77 e2 f0 f7 95 c9 91 52 1e 5e 90 84 00 00 00 02 11 23 e0 00 01 25 98 18 f5 65 1f 1f cb fd fd 00 00 00 80",""
1770,8302,"PACKET","IN",207,45,"PlayerSync","id=207 bytes=45","cf 20 00 df ff f4 3f c0 00 08 2b a4 b0 c6 0f 09 91 4e bb 9e 90 80 00 00 00 03 8d 2f c0 00 03 91 84 18 f5 9f 47 1b 8b fd fd a5 04 04 80",""
1771,8302,"PACKET","IN",207,45,"PlayerSync","id=207 bytes=45","cf 4f 00 f4 7f e5 bf c2 00 04 db 21 f0 c7 d6 c9 91 7f a7 5e 90 84 00 00 00 01 f8 3e 00 00 03 3b e2 94 f6 8d c9 33 ff fd fd e9 04 02 80",""
1772,8302,"PACKET","IN",203,34,"AimSync","id=203 bytes=34","cb 4f 00 04 80 61 be 3d 8d 4f 7d 3f ec be e2 bd 18 86 87 c3 da 37 26 45 20 01 7e 42 00 00 00 00 3f 26",""
1773,8302,"RPC","IN",105,7,"TextDrawSetString","id=105 bytes=7","26 08 03 00 31 30 30",""
1774,8302,"RPC","IN",105,5,"TextDrawSetString","id=105 bytes=5","27 08 01 00 30",""
1775,8302,"RPC","IN",105,6,"TextDrawSetString","id=105 bytes=6","28 08 02 00 34 36",""
1776,8302,"RPC","IN",105,5,"TextDrawSetString","id=105 bytes=5","29 08 01 00 32",""
1777,8302,"RPC","IN",105,7,"TextDrawSetString","id=105 bytes=7","2a 08 03 00 31 30 30",""
1778,8302,"PACKET","IN",207,45,"PlayerSync","id=207 bytes=45","cf 1c 00 a1 00 6a ff c0 00 22 f8 62 f0 d2 56 09 91 58 5e 5e 90 84 00 00 00 02 6d 5f e0 00 00 f1 98 18 f5 cc e9 cf af fd fd 00 00 00 80",""
1779,8302,"PACKET","IN",207,35,"PlayerSync","id=207 bytes=35","cf 51 00 00 00 2e e7 28 30 ea ff 89 91 7b 67 1f 10 84 00 00 00 03 a6 8b c0 00 00 00 00 00 01 28 00 04 11",""
1780,8303,"PACKET","IN",207,45,"PlayerSync","id=207 bytes=45","cf 92 00 a3 00 65 bf c0 00 2c bd 23 70 f2 16 c9 91 70 a4 de 90 80 00 00 00 02 9b f9 c0 00 03 fd fe 90 f5 6e 6f d4 0b fd fd a5 04 04 80",""
1781,8323,"PACKET","IN",207,45,"PlayerSync","id=207 bytes=45","cf 1c 00 a4 00 69 bf c0 00 3e f8 e2 f0 e9 96 09 91 5f 9e 5e 90 84 00 00 00 01 8d 93 e0 00 00 f7 b8 4c f6 b4 b4 0f 8b fd fd 00 00 00 80",""
1782,8323,"PACKET","IN",207,45,"PlayerSync","id=207 bytes=45","cf 4f 00 f4 7f e5 bf c2 00 37 db 61 f0 fe 17 09 91 77 67 5e 90 84 00 00 00 01 fc 42 00 00 00 80 de b8 f6 1d c0 3b ff fd fd e9 04 02 80",""
1783,8343,"PACKET","IN",207,45,"PlayerSync","id=207 bytes=45","cf 20 00 d3 ff ef 3f c0 00 06 aa a4 b0 fe 8f 09 91 4a bb 5e 90 80 00 00 00 01 44 b3 c0 00 03 7d 84 18 f5 f2 db 47 cf fd fd a5 04 04 80",""
1784,8343,"PACKET","IN",200,38,"VehicleSync","id=200 bytes=38","c8 3f 00 4b 00 00 00 00 00 00 00 58 90 c6 e0 37 c8 b1 26 5e ac 32 5b 62 b4 58 53 b9 b4 20 00 00 00 06 80 3a 00 00",""
1785,8344,"PACKET","IN",207,43,"PlayerSync","id=207 bytes=43","cf 47 00 60 3f c0 00 24 ff e2 b0 fa 23 c9 91 7a 9a 1e 90 84 00 00 00 01 98 6b c0 00 02 b2 9f 00 f6 f5 95 1b f7 fd fd fc 04 04 80",""
1786,8344,"PACKET","IN",207,43,"PlayerSync","id=207 bytes=43","cf 79 00 60 3f c0 00 2e eb e2 b0 f8 d7 c9 91 55 19 5e 90 84 00 00 00 02 84 33 40 00 03 fb fe cc f5 3d d1 db ff fd fd c8 04 04 80",""
1787,8344,"PACKET","IN",207,45,"PlayerSync","id=207 bytes=45","cf 92 00 9e 80 64 3f c0 00 27 fc 23 70 dc 96 49 91 62 a5 1e 90 80 00 00 00 02 cf f5 c0 00 03 82 06 b0 f5 56 70 b4 0f fd fd a5 04 04 80",""
1788,8344,"PACKET","IN",200,44,"VehicleSync","id=200 bytes=44","c8 a6 00 1d 00 7c 00 f6 ff 00 00 5c 30 8a 90 9f eb 09 0e 79 6c 3e 13 e2 54 5d ff b7 b4 25 d8 b8 73 e6 90 0e 78 81 08 52 50 2f 00 00",""
1789,8372,"RPC","IN",24,18,"SetVehicleParamsEx","id=24 bytes=18","3b 00 00 01 ff 01 ff 00 ff ff ff ff ff ff ff ff ff ff",""
1790,8372,"RPC","IN",24,18,"SetVehicleParamsEx","id=24 bytes=18","3b 00 00 00 ff 01 ff 00 ff ff ff ff ff ff ff ff ff ff",""
1791,8372,"PACKET","IN",207,45,"PlayerSync","id=207 bytes=45","cf 1c 00 a5 00 69 3f c0 00 05 3a a2 f0 d3 96 49 91 71 5e 5e 90 84 00 00 00 01 9d f7 e0 00 01 7b 30 68 f6 48 68 53 3b fd fd 00 00 00 80",""
1792,8373,"PACKET","IN",207,45,"PlayerSync","id=207 bytes=45","cf 4f 00 f4 7f e5 bf c0 00 38 9b e1 f0 fa 17 89 91 6e 67 5e 90 84 00 00 00 01 f8 46 00 00 00 61 4e f8 f6 21 bf bb fb fd fd e9 04 02 80",""
1793,8373,"PACKET","IN",207,45,"PlayerSync","id=207 bytes=45","cf 4f 00 f1 ff e6 3f c0 00 00 dc a1 f0 f5 d8 09 91 64 e7 5e 90 84 00 00 00 03 14 62 00 00 02 12 2f 1c f6 2d bb 37 fb fd fd e9 04 02 80",""
1794,8374,"RPC","IN",87,2,"ClearPlayerAnimation","id=87 bytes=2","2d 00",""
1795,8374,"RPC","IN",86,29,"ApplyPlayerAnimation","id=86 bytes=29","2d 00 05 43 41 52 52 59 0b 63 72 72 79 5f 70 72 74 69 61 6c 33 33 83 40 00 00 00 00 00",""
1796,8374,"PACKET","IN",207,35,"PlayerSync","id=207 bytes=35","cf 0b 00 00 00 36 74 e3 70 df 22 89 91 49 e4 1e 90 80 00 00 00 00 42 8b c0 00 00 00 00 00 01 a5 04 e8 80",""
1797,8374,"PACKET","IN",207,45,"PlayerSync","id=207 bytes=45","cf 1c 00 a5 80 68 7f c0 00 1e fb 62 f0 e4 16 49 91 7b 1e 5e 90 84 00 00 00 00 fe 27 e0 00 01 7f 30 68 f6 ac 4a 43 0b fd fd 00 00 00 80",""
1798,8374,"PACKET","IN",207,45,"PlayerSync","id=207 bytes=45","cf 20 00 ce 7f ec 7f c0 00 3a 69 e4 b0 c0 8f 89 91 46 bb 1e 90 80 00 00 00 01 c8 2f c0 00 02 3f 54 44 f6 82 5b eb f7 fd fd a5 04 04 80",""
1799,8396,"PACKET","IN",207,35,"PlayerSync","id=207 bytes=35","cf 02 00 00 00 08 a8 a2 70 e7 a8 c9 91 7a 9d 5e 90 84 00 00 00 00 fc 56 c0 00 00 00 00 00 01 28 00 04 11",""
1800,8396,"PACKET","IN",207,35,"PlayerSync","id=207 bytes=35","cf 15 00 00 00 0d cb 23 30 d7 62 49 91 71 9f 1e 90 84 00 00 00 01 9e 65 80 00 00 00 00 00 01 28 00 04 11",""
1801,8397,"PACKET","IN",207,45,"PlayerSync","id=207 bytes=45","cf 1c 00 a6 80 67 bf c0 00 11 3c 62 f0 f2 56 49 91 46 5e 9e 90 84 00 00 00 01 02 57 e0 00 00 ef 30 68 f4 90 31 a6 db fd fd 00 00 00 80",""
1802,8397,"PACKET","IN",207,43,"PlayerSync","id=207 bytes=43","cf 47 00 60 3f c0 00 00 42 62 f0 e2 25 49 91 55 9a 5e 90 84 00 00 00 01 98 6b c0 00 03 61 42 d4 f6 f5 95 1b f7 fd fd fc 04 04 80",""
1803,8397,"PACKET","IN",207,45,"PlayerSync","id=207 bytes=45","cf 4f 00 ed ff e6 ff c0 00 01 9d 61 f0 f0 98 89 91 57 27 5e 90 84 00 00 00 03 58 8e 00 00 01 da 9f 28 f5 61 9e 67 f7 fd fd e9 04 02 80",""
1804,8397,"PACKET","IN",207,45,"PlayerSync","id=207 bytes=45","cf 92 00 9c 00 63 7f c0 00 32 ba 63 70 db 95 89 91 5a a5 5e 90 80 00 00 00 01 eb f5 c0 00 00 03 36 98 f5 ae 8f fc 13 fd fd a5 04 04 80",""
1805,8424,"PACKET","IN",207,45,"PlayerSync","id=207 bytes=45","cf 1c 00 a6 80 66 ff c0 00 02 7d 62 f0 fc 96 49 91 51 5e 9e 90 84 00 00 00 00 ea 83 e0 00 00 ef 30 68 f6 f0 1b ea a3 fd fd 00 00 00 80",""
1806,8424,"PACKET","IN",207,45,"PlayerSync","id=207 bytes=45","cf 20 00 cd ff ec bf c0 00 36 a9 e4 b0 ca 8f c9 91 44 fa de 90 84 00 00 00 02 8c 53 c0 00 01 8b 24 68 f4 39 da 73 ff fd fd a5 04 04 80",""
1807,8424,"PACKET","IN",207,43,"PlayerSync","id=207 bytes=43","cf 79 00 60 3f c0 00 33 2d 62 b0 dd 99 49 91 66 59 5e 90 84 00 00 00 01 a0 5b 40 00 00 cc ce d4 f6 61 a8 c7 fb fd fd c8 04 04 80",""
1808,8425,"PACKET","IN",207,43,"PlayerSync","id=207 bytes=43","cf 85 00 c0 7f 82 00 10 61 62 b0 ec 25 49 91 5a 98 de 90 80 00 00 00 03 eb fd 80 00 01 c1 86 18 f4 c9 ca fc 03 fd fd c8 04 04 80",""
1809,8425,"PACKET","IN",200,44,"VehicleSync","id=200 bytes=44","c8 a6 00 1d 00 7d 00 f9 ff 00 00 5d 50 74 10 a1 8a cc 97 09 7c 3b 54 02 54 55 22 47 c4 2a 22 98 13 e5 e0 12 89 25 28 42 50 2f 00 00",""
1810,8425,"PACKET","IN",203,34,"AimSync","id=203 bytes=34","cb a6 00 12 45 15 7d bf 5f a3 15 3d 27 88 15 be dc bf 94 c3 7a 3c 25 45 07 4e 81 42 00 00 00 00 0f 21",""
1811,8425,"PACKET","IN",207,45,"PlayerSync","id=207 bytes=45","cf 4f 00 ec 7f e7 7f c0 00 36 5e 61 f0 f6 59 09 91 41 67 5e 90 84 00 00 00 00 4c a6 00 00 02 66 3f 20 f6 0d 73 eb eb fd fd e9 04 02 80",""
1812,8446,"PACKET","IN",207,45,"PlayerSync","id=207 bytes=45","cf 1c 00 a6 00 66 bf c0 00 39 bf 22 f0 c7 16 89 91 68 9e 9e 90 84 00 00 00 03 46 d3 e0 00 00 af 30 68 f7 14 00 2e 3b fd fd 00 00 00 80",""
1813,8446,"PACKET","IN",207,45,"PlayerSync","id=207 bytes=45","cf 92 00 9b 00 63 7f c0 00 1b 38 a3 70 ce 14 c9 91 56 25 9e 90 80 00 00 00 02 df f5 c0 00 00 3b 2e 90 f7 72 8b 58 13 fd fd a5 04 04 80",""
1814,8446,"RPC","IN",99,42,"MoveObject","id=99 bytes=42","83 00 f8 e3 a1 c3 d7 9b 26 45 53 c5 7d 42 f8 e3 a1 c3 d7 9b 26 45 ed 5e 7b 42 00 00 80 3e 00 00 00 00 00 00 00 00 08 cc 84 43",""
1815,8446,"RPC","IN",122,2,"StopObject","id=122 bytes=2","83 00",""
1816,8447,"RPC","IN",99,42,"MoveObject","id=99 bytes=42","83 00 f8 e3 a1 c3 d7 9b 26 45 53 c5 7d 42 f8 e3 a1 c3 d7 9b 26 45 53 c5 7d 42 00 00 80 3e 00 00 00 00 00 00 00 00 08 cc 84 43",""
1817,8447,"RPC","IN",122,2,"StopObject","id=122 bytes=2","83 00",""
1818,8447,"RPC","IN",99,42,"MoveObject","id=99 bytes=42","83 00 f8 e3 a1 c3 d7 9b 26 45 53 c5 7d 42 f8 e3 a1 c3 d7 9b 26 45 ed 5e 7b 42 00 00 80 3e 00 00 00 00 00 00 00 00 08 cc 84 43",""
1819,8447,"RPC","IN",122,2,"StopObject","id=122 bytes=2","83 00",""
1820,8447,"RPC","IN",99,42,"MoveObject","id=99 bytes=42","83 00 f8 e3 a1 c3 d7 9b 26 45 53 c5 7d 42 f8 e3 a1 c3 d7 9b 26 45 53 c5 7d 42 00 00 80 3e 00 00 00 00 00 00 00 00 08 cc 84 43",""
1821,8447,"RPC","IN",122,2,"StopObject","id=122 bytes=2","83 00",""
1822,8447,"RPC","IN",99,42,"MoveObject","id=99 bytes=42","83 00 f8 e3 a1 c3 d7 9b 26 45 53 c5 7d 42 f8 e3 a1 c3 d7 9b 26 45 ed 5e 7b 42 00 00 80 3e 00 00 00 00 00 00 00 00 08 cc 84 43",""
1823,8447,"RPC","IN",122,2,"StopObject","id=122 bytes=2","83 00",""
1824,8447,"RPC","IN",99,42,"MoveObject","id=99 bytes=42","83 00 f8 e3 a1 c3 d7 9b 26 45 53 c5 7d 42 f8 e3 a1 c3 d7 9b 26 45 53 c5 7d 42 00 00 80 3e 00 00 00 00 00 00 00 00 08 cc 84 43",""
1825,8447,"RPC","IN",122,2,"StopObject","id=122 bytes=2","83 00",""
1826,8447,"RPC","IN",99,42,"MoveObject","id=99 bytes=42","83 00 f8 e3 a1 c3 d7 9b 26 45 53 c5 7d 42 f8 e3 a1 c3 d7 9b 26 45 ed 5e 7b 42 00 00 80 3e 00 00 00 00 00 00 00 00 08 cc 84 43",""
1827,8447,"RPC","IN",122,2,"StopObject","id=122 bytes=2","83 00",""
1828,8447,"RPC","IN",99,42,"MoveObject","id=99 bytes=42","83 00 f8 e3 a1 c3 d7 9b 26 45 53 c5 7d 42 f8 e3 a1 c3 d7 9b 26 45 53 c5 7d 42 00 00 80 3e 00 00 00 00 00 00 00 00 08 cc 84 43",""
1829,8447,"RPC","IN",122,2,"StopObject","id=122 bytes=2","83 00",""
1830,8447,"RPC","IN",99,42,"MoveObject","id=99 bytes=42","83 00 f8 e3 a1 c3 d7 9b 26 45 53 c5 7d 42 f8 e3 a1 c3 d7 9b 26 45 ed 5e 7b 42 00 00 80 3e 00 00 00 00 00 00 00 00 08 cc 84 43",""
1831,8448,"RPC","IN",122,2,"StopObject","id=122 bytes=2","83 00",""
1832,8448,"RPC","IN",99,42,"MoveObject","id=99 bytes=42","83 00 f8 e3 a1 c3 d7 9b 26 45 53 c5 7d 42 f8 e3 a1 c3 d7 9b 26 45 53 c5 7d 42 00 00 80 3e 00 00 00 00 00 00 00 00 08 cc 84 43",""
1833,8448,"PACKET","IN",207,45,"PlayerSync","id=207 bytes=45","cf 4f 00 e9 ff e8 3f c0 00 0d 5f e1 f0 f6 d9 89 91 69 27 1e 90 84 00 00 00 01 3c c6 00 00 03 71 97 10 f5 d1 5d 9f e7 fd fd e9 04 02 80",""
1834,8472,"PACKET","IN",207,45,"PlayerSync","id=207 bytes=45","cf 1c 00 a5 80 66 7f c0 00 06 80 23 30 c7 16 89 91 71 de 9e 90 84 00 00 00 01 2a fb e0 00 02 32 63 e4 f0 00 01 1e 03 fd fd 00 00 00 80",""
1835,8472,"PACKET","IN",207,43,"PlayerSync","id=207 bytes=43","cf 47 00 60 3f c0 00 31 46 e2 f0 ff 25 c9 91 4b 9a 9e 90 84 00 00 00 01 98 6b c0 00 02 c5 01 30 f5 8c 24 76 c3 fd fd fc 04 04 80",""
1836,8473,"PACKET","IN",207,45,"PlayerSync","id=207 bytes=45","cf 85 00 c0 7f e0 3f c2 00 25 a1 22 b0 fe 24 49 91 58 98 de 90 84 00 00 00 03 77 f5 80 00 03 a7 0a 78 f7 7e 08 20 03 fd fd c8 04 04 80",""
1837,8473,"PACKET","IN",207,45,"PlayerSync","id=207 bytes=45","cf 92 00 9b 00 63 3f c0 00 0a 37 a3 70 d0 54 49 91 7b 65 9e 90 80 00 00 00 03 97 f5 c0 00 01 57 fe b4 f5 22 85 9c 13 fd fd a5 04 04 80",""
1838,8495,"PACKET","IN",207,45,"PlayerSync","id=207 bytes=45","cf 1c 00 a5 00 66 7f c0 00 20 80 e3 30 c4 16 89 91 7b 9e 9e 90 84 00 00 00 01 1f 1f e0 00 02 fe 18 10 f6 d4 02 2d cb fd fd 00 00 00 80",""
1839,8495,"PACKET","IN",207,35,"PlayerSync","id=207 bytes=35","cf 2d 00 00 00 37 8d 62 b0 cb e9 09 91 5c 9a de 90 80 00 00 00 01 5c 03 c0 00 00 00 00 00 01 a5 04 e8 80",""
1840,8495,"PACKET","IN",207,35,"PlayerSync","id=207 bytes=35","cf 4d 00 00 00 19 5f dc f0 c3 00 c9 91 7b ec 9e 90 80 00 00 00 00 39 bc 80 00 00 00 00 00 01 a8 04 04 11",""
1841,8495,"PACKET","IN",207,45,"PlayerSync","id=207 bytes=45","cf 4f 00 e7 ff e8 bf c0 00 15 21 61 f0 ee da 09 91 4d a7 1e 90 84 00 00 00 00 98 e2 00 00 02 a2 17 0c f6 71 3d ff db fd fd e9 04 02 80",""
1842,8495,"PACKET","IN",207,45,"PlayerSync","id=207 bytes=45","cf 1c 00 a4 00 65 ff c0 00 05 81 e3 30 fd d6 49 91 46 1e de 90 84 00 00 00 02 c3 3f e0 00 03 92 4c 34 f7 a0 0b 75 93 fd fd 00 00 00 80",""
1843,8495,"PACKET","IN",207,43,"PlayerSync","id=207 bytes=43","cf 79 00 60 3f c0 00 1b af a2 b0 ed 9a 89 91 7f 19 5e 90 84 00 00 00 00 8c 77 40 00 01 55 9a 90 f6 e9 8f 57 f3 fd fd c8 04 04 80",""
1844,8495,"PACKET","IN",200,44,"VehicleSync","id=200 bytes=44","c8 a6 00 1d 00 7d 00 fb ff 00 00 5d 30 8e 60 ac 7a 46 af 19 7c 3c 44 32 54 58 64 87 c4 21 ae d7 43 e9 50 3b 39 dc 48 42 50 2f 00 00",""
1845,8496,"PACKET","OUT",205,9,"UNKNOWN_PACKET","id=205 bytes=9","cd b8 4a 04 00 00 00 00 00",""
1846,8525,"PACKET","IN",200,38,"VehicleSync","id=200 bytes=38","c8 3f 00 4b 00 00 00 00 00 00 00 58 20 c7 10 37 d8 b1 16 5e ac 32 5b 62 b4 58 73 b9 b4 20 00 00 00 06 80 3a 00 00",""
1847,8525,"PACKET","IN",203,34,"AimSync","id=203 bytes=34","cb 3f 00 12 51 3e 70 bf 6a ce b0 3e 77 bf ff bb ff 7a e8 c3 9a 9f 2b 45 e5 f0 9c 42 00 00 00 00 3f 36",""
1848,8526,"PACKET","IN",207,45,"PlayerSync","id=207 bytes=45","cf 4f 00 e5 ff e9 bf c0 00 38 e3 61 f0 ff 5a 89 91 66 a6 de 90 84 00 00 00 01 09 02 00 00 00 92 37 1c f4 dd 26 bb cf fd fd e9 04 02 80",""
1849,8526,"PACKET","IN",207,37,"PlayerSync","id=207 bytes=37","cf 7e 00 60 3f c0 00 19 9f e8 30 f4 7c 8a 51 40 30 1e 90 80 00 00 00 03 bd 93 94 00 00 00 00 00 01 c8 04 08 80",""
1850,8526,"PACKET","IN",207,45,"PlayerSync","id=207 bytes=45","cf 92 00 9a 80 63 3f c0 00 34 36 23 70 ed 13 89 91 6d 25 de 90 80 00 00 00 00 23 f9 c0 00 01 4d db 00 f5 92 80 a8 13 fd fd a5 04 04 80",""
1851,8526,"RPC","IN",16,16,"PlaySound","id=16 bytes=16","42 51 00 00 00 00 00 00 00 00 00 00 00 00 00 00",""
1852,8526,"RPC","IN",134,80,"ShowTextDraw","id=134 bytes=80","36 08 11 9a 99 19 3f 00 00 00 40 1a ff 00 aa 33 33 a3 42 00 00 a0 41 00 00 00 32 00 01 00 00 00 ff 04 00 00 00 59 43 00 00 b8 43 00 00 00 00 00 00 00 00 00 00 00 00 00 00 00 00 80 3f ff ff ff ff 0d 00 6c 64 5f 64 75 61 6c 3a 77 68 69 74 65",""
1853,8554,"PACKET","IN",207,45,"PlayerSync","id=207 bytes=45","cf 1c 00 a3 80 65 bf c0 00 22 43 a3 30 e6 56 49 91 5c 1e de 90 84 00 00 00 02 5b 7b e0 00 03 bb 58 80 f6 88 2e b5 2b fd fd 00 00 00 80",""
1854,8554,"PACKET","IN",203,34,"AimSync","id=203 bytes=34","cb 1c 00 04 9d da 15 3e dc 1c 74 bf df c7 86 be 5c 1f 8c c3 7e 69 26 45 aa f1 7d 42 00 00 00 00 3f ff",""
1855,8555,"PACKET","IN",207,45,"PlayerSync","id=207 bytes=45","cf 20 00 ce ff ec 3f c2 00 0d eb 64 b0 da 50 89 91 65 3a 1e 90 84 00 00 00 02 b4 6b c0 00 00 ab c0 30 f7 ad 95 3f f7 fd fd a5 04 04 80",""
1856,8555,"PACKET","IN",207,45,"PlayerSync","id=207 bytes=45","cf 4f 00 e3 ff ea 3f c0 00 14 a5 61 f0 ea 5b 09 91 45 26 de 90 84 00 00 00 03 55 1e 00 00 00 40 b7 28 f7 31 07 77 bf fd fd e9 04 02 80",""
1857,8555,"PACKET","IN",207,43,"PlayerSync","id=207 bytes=43","cf 85 00 60 3f c2 00 35 64 22 b0 de 62 89 91 7c 18 de 90 84 00 00 00 01 3b f1 80 00 01 6a 53 60 f7 55 c7 24 03 fd fd e9 04 02 80",""
1858,8555,"RPC","IN",87,2,"ClearPlayerAnimation","id=87 bytes=2","30 00",""
1859,8555,"RPC","IN",86,29,"ApplyPlayerAnimation","id=86 bytes=29","30 00 05 43 41 52 52 59 0b 63 72 72 79 5f 70 72 74 69 61 6c 33 33 83 40 00 00 00 00 00",""
1860,8556,"RPC","IN",86,27,"ApplyPlayerAnimation","id=86 bytes=27","54 00 07 42 44 5f 46 49 52 45 07 77 61 73 68 5f 75 70 33 33 83 40 80 00 00 00 00",""
1861,8556,"PACKET","IN",207,45,"PlayerSync","id=207 bytes=45","cf 1c 00 a2 80 65 7f c0 00 01 85 a3 30 fd d6 09 91 72 1e de 90 84 00 00 00 03 af ab e0 00 00 a8 10 d0 f6 e0 64 24 cf fd fd 00 00 00 80",""
1862,8556,"PACKET","IN",207,35,"PlayerSync","id=207 bytes=35","cf 46 00 00 00 3e ca 23 30 fc 9b 89 91 68 df 1e 90 84 00 00 00 03 0d 37 c0 00 00 00 00 00 01 28 00 04 11",""
1863,8556,"PACKET","IN",207,43,"PlayerSync","id=207 bytes=43","cf 47 00 60 3f c0 00 21 4a e2 f0 de 66 89 91 78 da 9e 90 84 00 00 00 02 40 47 c0 00 03 e1 4d 70 f4 e0 4b 4b 07 fd fd fc 04 04 80",""
1864,8557,"PACKET","IN",207,45,"PlayerSync","id=207 bytes=45","cf 92 00 9a 00 63 3f c0 00 14 f4 63 70 f7 92 89 91 7a a6 1e 90 80 00 00 00 01 6b f9 c0 00 01 b1 a7 20 f4 3a 75 5c 0f fd fd a5 04 04 80",""
1865,8581,"PACKET","IN",207,45,"PlayerSync","id=207 bytes=45","cf 4f 00 e3 ff ea 7f c0 00 0a e7 e1 f0 e5 9b 89 91 58 a6 9e 90 84 00 00 00 01 95 2a 00 00 02 72 4b 60 f4 34 ef 5b af fd fd e9 04 02 80",""
1866,8581,"PACKET","IN",207,43,"PlayerSync","id=207 bytes=43","cf 79 00 60 3f c0 00 39 f1 a2 b0 c7 db c9 91 57 99 9e 90 84 00 00 00 01 30 7b 40 00 02 73 32 80 f7 a5 85 a3 f3 fd fd c8 04 04 80",""
1867,8581,"RPC","IN",72,6,"SetPlayerColor","id=72 bytes=6","a9 00 ff ff ff ff",""
1868,8581,"RPC","IN",72,6,"SetPlayerColor","id=72 bytes=6","a9 00 ff ff ff ff",""
1869,8581,"RPC","IN",11,18,"SetPlayerName","id=11 bytes=18","a9 00 0e 50 6f 64 65 5f 4d 6f 72 65 74 74 69 6e 6f 01",""
1870,8581,"PACKET","IN",207,45,"PlayerSync","id=207 bytes=45","cf 20 00 cf 7f eb ff c2 00 0c eb e4 b0 e4 10 c9 91 6d 39 de 90 84 00 00 00 02 e4 6b c0 00 03 26 c4 98 f6 29 90 13 f7 fd fd a5 04 04 80",""
1871,8581,"PACKET","IN",200,44,"VehicleSync","id=200 bytes=44","c8 a6 00 1d 00 7d 00 fb ff 00 00 5b 20 94 30 bb 69 bf e6 79 8c 32 94 82 54 50 57 27 c4 2a 89 c6 63 e9 70 70 1a b0 58 62 50 2f 00 00",""
1872,8604,"PACKET","IN",207,45,"PlayerSync","id=207 bytes=45","cf 1c 00 a2 00 65 3f c0 00 04 c7 63 30 c2 96 09 91 46 9f 1e 90 84 00 00 00 02 1f d3 e0 00 01 b8 01 30 f6 8c b3 74 7b fd fd 00 00 00 80",""
1873,8604,"PACKET","IN",200,38,"VehicleSync","id=200 bytes=38","c8 3f 00 4b 00 00 00 00 00 00 00 57 d0 c7 40 37 e8 b1 16 5e ac 32 5b 62 b4 58 83 b9 b4 20 00 00 00 06 80 3a 00 00",""
1874,8605,"PACKET","IN",207,45,"PlayerSync","id=207 bytes=45","cf 4f 00 e3 7f ea bf c2 00 0a aa 61 f0 dd 1c 09 91 6b 26 5e 90 84 00 00 00 01 ad 3a 00 00 03 9c 7b 80 f7 3c e1 7f ab fd fd e9 04 02 80",""
1875,8605,"PACKET","IN",207,45,"PlayerSync","id=207 bytes=45","cf 92 00 99 00 62 ff c0 00 02 f2 e3 70 da d1 c9 91 43 26 9e 90 80 00 00 00 01 d7 f9 c0 00 03 4a 3f 10 f6 e6 71 0c 0f fd fd a5 04 04 80",""
1876,8605,"PACKET","IN",207,35,"PlayerSync","id=207 bytes=35","cf 97 00 00 00 39 55 a5 b0 df 38 c9 91 6c 24 9f 10 80 00 00 00 01 30 6f e8 00 00 00 00 00 01 28 00 04 11",""
1877,8629,"PACKET","IN",207,45,"PlayerSync","id=207 bytes=45","cf 1c 00 a1 80 65 3f c0 00 0c c8 23 30 de 15 c9 91 50 1f 1e 90 84 00 00 00 01 0b e3 e0 00 00 15 e1 58 f6 88 dd ac 5b fd fd 00 00 00 80",""
1878,8630,"PACKET","IN",207,45,"PlayerSync","id=207 bytes=45","cf 20 00 cf ff eb bf c2 00 23 ac 64 b0 fc 11 09 91 69 b9 9e 90 84 00 00 00 03 80 6b c0 00 02 f6 51 08 f4 d9 94 a7 f7 fd fd a5 04 04 80",""
1879,8630,"PACKET","IN",207,41,"PlayerSync","id=207 bytes=41","cf 47 00 00 00 16 10 62 f0 f2 27 09 91 77 9a de 90 84 00 00 00 02 40 47 c0 00 00 82 32 44 f7 f0 9b eb 6f fd fd fb 04 04 80",""
1880,8630,"PACKET","IN",207,45,"PlayerSync","id=207 bytes=45","cf 4f 00 e3 7f ea bf c2 00 23 2d 61 f0 e7 1c 89 91 73 26 1e 90 84 00 00 00 03 a1 42 00 00 03 90 5f 9c f5 64 d7 e7 9f fd fd e9 04 02 80",""
1881,8630,"PACKET","IN",207,43,"PlayerSync","id=207 bytes=43","cf 7e 00 60 3f c0 00 24 1d e8 30 d3 fd 0a 51 40 30 1e 90 80 00 00 00 00 2a 7f 94 00 00 53 03 10 f1 22 dd c3 cf fd fd c8 04 08 80",""
1882,8630,"PACKET","IN",203,34,"AimSync","id=203 bytes=34","cb 7e 00 04 7c f0 13 3d 97 71 38 bf ba 49 31 bf 02 83 a0 c3 19 0c 2a 45 b9 7c 81 42 00 00 00 00 3f c6",""
1883,8630,"PACKET","IN",207,45,"PlayerSync","id=207 bytes=45","cf 1c 00 a1 00 64 ff c0 00 3e 08 a3 30 f4 d5 89 91 58 1f 1e 90 84 00 00 00 03 7f e7 e0 00 00 cc 55 8c f5 b1 0c f4 3f fd fd 00 00 00 80",""
1884,8630,"PACKET","OUT",207,69,"PlayerSync","id=207 bytes=69","cf 00 00 00 00 00 00 e8 9a a0 c3 95 ed 26 45 ed 9c 7c 42 0f 68 4f 3f 00 00 00 80 00 00 00 00 d5 0f 16 bf 64 00 00 00 00 00 00 00 00 00 00 00 00 00 00 00 00 00 00 00 00 00 00 00 00 00 00 00 00 00 28 00 04 11",""
1885,8657,"PACKET","IN",207,45,"PlayerSync","id=207 bytes=45","cf 1c 00 a0 80 64 ff c0 00 2e 49 63 30 c5 d5 89 91 60 1f 1e 90 84 00 00 00 03 3f e7 e0 00 02 ac 21 f4 f6 a9 24 68 33 fd fd 00 00 00 80",""
1886,8658,"PACKET","IN",207,49,"PlayerSync","id=207 bytes=49","cf 30 00 00 00 22 fe a6 b0 cf 96 c9 d1 7b 67 1f 10 84 00 00 00 01 bd d3 00 00 00 00 00 00 03 ff fe 00 00 00 00 00 00 00 00 00 00 00 01 00 00 00 80",""
1887,8658,"PACKET","IN",207,45,"PlayerSync","id=207 bytes=45","cf 4f 00 e2 ff ea bf c2 00 00 30 e1 f0 f6 9d 09 91 76 25 de 90 84 00 00 00 03 e5 52 00 00 03 2c e7 b0 f4 f4 cd b7 9b fd fd e9 04 02 80",""
1888,8658,"PACKET","IN",207,43,"PlayerSync","id=207 bytes=43","cf 79 00 60 3f c0 00 3a f4 22 b0 d2 dd 09 91 74 59 9e 90 84 00 00 00 01 30 7b 40 00 03 d4 ba f0 f7 a5 85 a3 f3 fd fd c8 04 04 80",""
1889,8658,"PACKET","IN",207,45,"PlayerSync","id=207 bytes=45","cf 1c 00 a0 00 64 bf c0 00 2d 4a 23 30 d3 15 49 91 68 df 1e 90 84 00 00 00 03 7b e7 e0 00 03 de 5a 1c f5 a9 24 e0 33 fd fd 00 00 00 80",""
1890,8658,"PACKET","IN",207,45,"PlayerSync","id=207 bytes=45","cf 20 00 d0 7f eb 7f c2 00 0a ed 24 b0 dd 11 89 91 5f b9 5e 90 84 00 00 00 00 10 6f c0 00 03 e8 9d 8c f7 f1 90 73 f7 fd fd a5 04 04 80",""
1891,8658,"PACKET","IN",207,35,"PlayerSync","id=207 bytes=35","cf 54 00 00 00 27 65 68 30 dc 13 49 d1 7b 67 1f 10 84 00 00 00 01 87 f6 c0 00 00 00 00 00 01 28 00 04 11",""
1892,8658,"PACKET","IN",207,43,"PlayerSync","id=207 bytes=43","cf 85 00 60 3f c2 00 36 ef a2 b0 fd e0 49 91 40 99 9e 90 84 00 00 00 02 df 99 80 00 02 4b fb 4c f5 e0 86 c4 a7 fd fd e9 04 02 80",""
1893,8658,"PACKET","IN",207,45,"PlayerSync","id=207 bytes=45","cf 92 00 96 80 62 7f c0 00 25 b1 23 70 f1 90 c9 91 50 26 de 90 80 00 00 00 00 8b f9 c0 00 02 3c af 18 f4 a6 70 8c 0f fd fd a5 04 04 80",""
1894,8680,"PACKET","IN",207,45,"PlayerSync","id=207 bytes=45","cf 1c 00 9f 80 64 7f c0 00 3a ca e3 30 dc 55 09 91 72 1f 1e 90 84 00 00 00 03 b3 e7 e0 00 02 de 06 48 f6 9d 24 70 33 fd fd 00 00 00 80",""
1895,8680,"PACKET","IN",200,38,"VehicleSync","id=200 bytes=38","c8 3f 00 4b 00 00 00 00 00 00 00 57 70 c7 80 37 f8 b1 16 5e ac 32 5b 62 b4 58 93 b9 b4 20 00 00 00 06 80 3a 00 00",""
1896,8680,"PACKET","IN",207,45,"PlayerSync","id=207 bytes=45","cf 4f 00 e2 ff ea bf c2 00 03 f3 a1 f0 e4 dd 89 91 44 25 de 90 84 00 00 00 01 a5 62 00 00 02 10 87 c0 f7 5c bf 2b 8f fd fd e9 04 02 80",""
1897,8680,"PACKET","IN",200,44,"VehicleSync","id=200 bytes=44","c8 a6 00 1d 00 7d 00 fb ff 00 00 58 60 e9 80 6a 69 7a 7a 99 8c 3f f4 92 54 56 c8 e7 c4 2d 49 d3 d3 db a9 33 20 2f 58 cf e0 1f 00 00",""
1898,8708,"PACKET","IN",207,43,"PlayerSync","id=207 bytes=43","cf 7e 00 60 3f c0 00 0d 5c e8 30 d2 bd 4a 51 40 30 1e 90 80 00 00 00 02 17 3f 94 00 00 b5 2d 40 f2 43 02 13 bb fd fd c8 04 08 80",""
1899,8708,"PACKET","IN",209,70,"UnoccupiedSync","id=209 bytes=70","d1 7e 00 3b 00 00 48 47 7f 3f d7 a8 99 bd 42 64 f2 b8 d4 a8 99 3d 48 47 7f 3f 04 cf 3e b9 a7 74 9f c3 d2 0e 2a 45 8e a7 7c 42 89 98 b9 39 9a d9 33 b9 69 d2 ba 38 40 ad 7c b8 c1 0b ae b7 1f 68 28 39 e7 33 44 44",""
1900,8708,"PACKET","IN",207,45,"PlayerSync","id=207 bytes=45","cf 92 00 94 80 62 3f c0 00 13 af e3 70 d0 10 49 91 41 67 1e 90 80 00 00 00 01 d7 f5 c0 00 00 03 9f 24 f4 12 8a 68 13 fd fd a5 04 04 80",""
1901,8708,"PACKET","IN",203,34,"AimSync","id=203 bytes=34","cb 92 00 04 cd d1 08 3f d8 77 3e bf 03 50 cd be 4d 75 8e c3 40 61 26 45 34 a0 80 42 00 00 00 00 3f 37",""
1902,8708,"PACKET","IN",207,45,"PlayerSync","id=207 bytes=45","cf 1c 00 9f 00 64 7f c0 00 05 4c e3 30 e2 d4 89 91 47 5f 5e 90 84 00 00 00 02 8f e7 e0 00 00 04 e6 9c f7 9d 21 d8 33 fd fd 00 00 00 80",""
1903,8708,"PACKET","IN",207,35,"PlayerSync","id=207 bytes=35","cf 37 00 00 00 16 3c 62 b0 f4 68 c9 91 56 9b 9e 90 80 00 00 00 02 2c 7b 40 00 00 00 00 00 01 28 00 04 11",""
1904,8708,"PACKET","IN",203,34,"AimSync","id=203 bytes=34","cb 37 00 04 da 49 6f 3f 02 70 8f bd 46 63 b2 be c1 a1 8b c3 78 a5 26 45 d1 e2 7e 42 00 00 00 00 3f 3a",""
1905,8708,"PACKET","IN",207,41,"PlayerSync","id=207 bytes=41","cf 47 00 00 00 00 14 a2 f0 cb e8 09 91 5b 9b 1e 90 84 00 00 00 02 40 47 c0 00 03 17 b5 d0 f4 91 2e 4b d3 fd fd fb 04 04 80",""
1906,8709,"PACKET","IN",207,45,"PlayerSync","id=207 bytes=45","cf 4f 00 e2 ff ea bf c2 00 24 76 e1 f0 e3 de 09 91 47 25 9e 90 84 00 00 00 00 b9 6e 00 00 03 7f 8f bc f4 18 b5 db 87 fd fd e9 04 02 80",""
1907,8731,"PACKET","IN",207,45,"PlayerSync","id=207 bytes=45","cf 1c 00 9e 80 64 3f c0 00 3b 4d a3 30 e2 94 49 91 52 9f 5e 90 84 00 00 00 02 cb e7 e0 00 03 a8 02 b0 f6 d9 22 34 33 fd fd 00 00 00 80",""
1908,8731,"PACKET","IN",207,35,"PlayerSync","id=207 bytes=35","cf 4b 00 00 00 15 e8 a3 70 f0 5d 09 91 79 a3 5e 90 80 00 00 00 03 47 12 00 00 00 00 00 00 01 28 00 04 11",""
1909,8731,"PACKET","IN",207,43,"PlayerSync","id=207 bytes=43","cf 79 00 60 3f c0 00 1c 78 a2 b0 c9 de 49 91 66 99 de 90 84 00 00 00 01 30 7b 40 00 00 54 02 a0 f7 a5 85 a3 f3 fd fd c8 04 04 80",""
1910,8731,"PACKET","IN",207,45,"PlayerSync","id=207 bytes=45","cf 4f 00 e2 ff ea ff c2 00 38 bb 61 f0 c8 1e c9 91 74 25 1e 90 84 00 00 00 00 e1 7e 00 00 01 8b b3 b0 f7 2c aa 13 7f fd fd e9 04 02 80",""
1911,8731,"PACKET","IN",207,43,"PlayerSync","id=207 bytes=43","cf 85 00 60 3f c2 00 31 fd 62 b0 de 9f 09 91 5e 5a 1e 90 84 00 00 00 02 df 99 80 00 01 68 c0 1c f8 1c 70 3c c3 fd fd e9 04 02 80",""
1912,8732,"PACKET","IN",207,45,"PlayerSync","id=207 bytes=45","cf 92 00 92 00 61 bf c0 00 02 ad 63 70 d0 cf 49 91 45 27 5e 90 80 00 00 00 02 5b ed c0 00 00 1a 0b 78 f5 7e ae 48 1f fd fd a5 04 04 80",""
1913,8757,"PACKET","IN",207,45,"PlayerSync","id=207 bytes=45","cf 1c 00 9e 00 64 3f c0 00 04 8f e3 30 db 53 c9 91 6a 9f 5e 90 84 00 00 00 01 97 e7 e0 00 03 53 fe cc f7 d1 1f ac 33 fd fd 00 00 00 80",""
1914,8757,"PACKET","IN",200,38,"VehicleSync","id=200 bytes=38","c8 3f 00 4b 00 00 00 00 00 00 00 59 80 c6 80 37 f8 b0 e6 5e ac 32 5b 62 b4 58 13 b9 b4 20 00 00 00 06 80 3a 00 00",""
1915,8757,"PACKET","IN",207,41,"PlayerSync","id=207 bytes=41","cf 47 00 00 00 05 55 e2 f0 e6 68 89 91 76 1b 1e 90 84 00 00 00 02 40 47 c0 00 03 86 e4 1c f6 a9 a4 23 fb fd fd fb 04 04 80",""
1916,8757,"PACKET","IN",203,34,"AimSync","id=203 bytes=34","cb 47 00 04 d1 25 03 be 92 36 6d 3f eb 01 b5 be de 2b 8b c3 b2 7b 26 45 43 3c 80 42 00 00 00 00 3f c6",""
1917,8757,"PACKET","IN",207,45,"PlayerSync","id=207 bytes=45","cf 4f 00 e2 ff ea ff c2 00 37 7f 21 f0 c5 9f 49 91 70 24 de 90 84 00 00 00 03 71 8e 00 00 02 d3 73 84 f6 6c 9e 4f 73 fd fd c8 04 02 80",""
1918,8757,"PACKET","IN",200,44,"VehicleSync","id=200 bytes=44","c8 a6 00 1d 00 7d 00 fb ff 00 00 51 e0 ea f0 2c 19 9a b9 f9 8c 33 e4 82 54 5e 18 97 c4 2e 68 2e 43 cb ae a6 53 b1 a6 ff e0 1f 00 00",""
1919,8782,"PACKET","IN",207,45,"PlayerSync","id=207 bytes=45","cf 1c 00 9e 00 63 ff c0 00 09 50 e3 30 d8 d3 89 91 76 9f 5e 90 84 00 00 00 00 f7 e7 e0 00 01 5b 56 cc f6 f1 1c 18 37 fd fd 00 00 00 80",""
1920,8782,"PACKET","IN",207,45,"PlayerSync","id=207 bytes=45","cf 20 00 d0 ff eb 3f c2 00 09 30 64 b0 d8 93 49 91 51 b8 1e 90 84 00 00 00 01 08 83 c0 00 00 1b 8e f4 f4 f9 83 fb ef fd fd a5 04 04 80",""
1921,8782,"PACKET","IN",207,35,"PlayerSync","id=207 bytes=35","cf 7c 00 00 00 38 64 25 b0 e1 1a 09 d1 6c 24 9f 10 80 00 00 00 01 b1 ee 40 00 00 00 00 00 01 fb 04 e8 80",""
1922,8782,"PACKET","IN",207,35,"PlayerSync","id=207 bytes=35","cf 5b 00 00 00 3f c4 a6 f0 d9 07 09 d1 7b 67 1f 10 84 00 00 00 01 2a 42 00 00 00 00 00 00 01 28 00 04 11",""
1923,8782,"PACKET","IN",207,43,"PlayerSync","id=207 bytes=43","cf 7e 00 60 3f c0 00 22 1c e8 30 d0 bd 4a 51 40 30 1e 90 80 00 00 00 01 13 c7 94 00 00 e0 4f c4 ee 01 33 40 2b fd fd c8 04 08 80",""
1924,8782,"PACKET","IN",209,70,"UnoccupiedSync","id=209 bytes=70","d1 7e 00 3b 00 00 72 4a 7f 3f c5 56 98 bd 16 c6 55 b6 c5 56 98 3d 72 4a 7f 3f 28 de 69 b9 78 74 9f c3 ce 0e 2a 45 c2 a7 7c 42 b2 3a 92 39 30 29 20 b9 6a 83 91 38 51 a5 8f b7 34 55 6c b7 35 4f 08 39 e7 33 44 44",""
1925,8782,"PACKET","IN",207,45,"PlayerSync","id=207 bytes=45","cf 92 00 91 00 61 7f c0 00 16 a9 e3 70 d0 ce 49 91 76 a7 5e 90 80 00 00 00 01 df e5 c0 00 00 ab bf a4 f4 02 d5 f4 2f fd fd a5 04 04 80",""
1926,8804,"PACKET","IN",207,45,"PlayerSync","id=207 bytes=45","cf 20 00 d0 ff eb 3f c2 00 1b b1 a4 b0 f7 93 c9 91 5c f7 9e 90 84 00 00 00 03 bc 8b c0 00 02 54 66 e0 f5 05 79 e3 ef fd fd a5 04 04 80",""
1927,8805,"PACKET","IN",207,45,"PlayerSync","id=207 bytes=45","cf 4f 00 e2 ff ea ff c2 00 11 c2 62 30 e5 df 89 91 77 e4 9e 90 84 00 00 00 02 bd 9e 00 00 01 64 bf 7c f4 30 90 2b 67 fd fd c8 04 02 80",""
1928,8805,"PACKET","IN",207,43,"PlayerSync","id=207 bytes=43","cf 79 00 60 3f c0 00 2f bb a2 b0 ee 5f 49 91 4a 1a 1e 90 84 00 00 00 01 30 7b 40 00 02 b7 32 98 f7 a5 85 a3 f3 fd fd c8 04 04 80",""
1929,8825,"PACKET","IN",207,43,"PlayerSync","id=207 bytes=43","cf 7e 00 60 3f c2 00 07 9d 68 30 f5 3d 0a 51 40 30 1e 90 80 00 00 00 01 df e7 94 00 02 29 5e 28 f1 71 2b 1c 2f fd fd c8 04 04 80",""
1930,8826,"PACKET","IN",207,43,"PlayerSync","id=207 bytes=43","cf 85 00 60 3f c2 00 28 0b 22 f0 ff 9d 89 91 7c 1a 9e 90 84 00 00 00 02 df 99 80 00 02 54 64 3c f8 1c 70 3c c3 fd fd e9 04 02 80",""
1931,8826,"PACKET","IN",207,35,"PlayerSync","id=207 bytes=35","cf 1a 00 00 00 28 14 e5 b0 cd 83 09 d1 6c 24 9f 10 80 00 00 00 03 eb 49 80 00 00 00 00 00 01 28 00 04 11",""
1932,8826,"PACKET","IN",207,45,"PlayerSync","id=207 bytes=45","cf 4f 00 e3 7f ea 7f c2 00 20 86 a2 30 e2 e0 09 91 69 e4 5e 90 84 00 00 00 02 39 a2 00 00 01 b3 3f 8c f4 c8 87 ff 57 fd fd c8 04 02 80",""
1933,8826,"PACKET","IN",207,45,"PlayerSync","id=207 bytes=45","cf 92 00 8d 80 61 3f c0 00 27 e5 63 70 d7 0d 49 91 4f e7 9e 90 80 00 00 00 03 23 cd c0 00 02 f9 d3 9c f6 6b 18 f0 57 fd fd a5 04 04 80",""
1934,8855,"PACKET","IN",207,45,"PlayerSync","id=207 bytes=45","cf 1c 00 9d 80 63 ff c0 00 08 d4 a3 30 e7 12 89 91 62 9f 9e 90 84 00 00 00 00 bb e7 e0 00 00 6b d6 cc f4 7d 1d 50 37 fd fd 00 00 00 80",""
1935,8855,"PACKET","IN",207,45,"PlayerSync","id=207 bytes=45","cf 20 00 d0 ff eb 3f c2 00 18 f3 64 b0 f7 54 89 91 52 b7 1e 90 84 00 00 00 00 e8 9b c0 00 03 7a 4a e0 f5 d1 6e af eb fd fd a5 04 04 80",""
1936,8855,"PACKET","IN",203,34,"AimSync","id=203 bytes=34","cb 20 00 04 b8 79 02 3f 88 13 5c 3f 30 d7 0d bd c0 ab 93 c3 54 22 26 45 08 bd 7d 42 00 00 00 00 3f 37",""
1937,8856,"PACKET","IN",200,44,"VehicleSync","id=200 bytes=44","c8 a6 00 1d 00 7d 00 fa ff 00 00 58 40 d7 d0 44 b9 d9 39 49 8c 34 74 72 54 54 d7 67 c4 2c c5 ec 73 c5 4e 1b 53 00 a6 7f e0 1f 00 00",""
1938,8856,"PACKET","IN",207,45,"PlayerSync","id=207 bytes=45","cf 1c 00 9d 00 63 bf c0 00 19 55 a3 30 e2 d2 49 91 6f 1f 9e 90 84 00 00 00 01 7f e3 e0 00 00 0c ce d4 f7 85 19 cc 37 fd fd 00 00 00 80",""
1939,8856,"PACKET","IN",207,41,"PlayerSync","id=207 bytes=41","cf 47 00 00 00 0a d6 22 f0 e4 e8 c9 91 79 5b 1e 90 84 00 00 00 02 40 47 c0 00 01 e6 13 10 e9 e5 bb 2b fb fd fd fb 04 04 80",""
1940,8856,"PACKET","IN",207,45,"PlayerSync","id=207 bytes=45","cf 4f 00 e7 ff e8 ff c2 00 22 8a 62 30 ce 60 89 91 65 a4 1e 90 84 00 00 00 01 ed 82 00 00 02 1c 97 b4 f6 3c 81 2b 57 fd fd c8 04 02 80",""
1941,8878,"PACKET","IN",207,45,"PlayerSync","id=207 bytes=45","cf 1c 00 9c 80 63 bf c0 00 31 16 a3 30 e1 12 09 91 7b 9f 9e 90 84 00 00 00 01 17 e3 e0 00 00 58 ce d4 f7 5d 0c 10 3f fd fd 00 00 00 80",""
1942,8879,"PACKET","IN",207,45,"PlayerSync","id=207 bytes=45","cf 20 00 d0 ff eb 3f c0 00 14 b5 24 b0 e3 d5 49 91 59 36 9e 90 84 00 00 00 00 b4 ab c0 00 03 4c de f8 f6 a5 5d e7 e7 fd fd a5 04 04 80",""
1943,8879,"PACKET","IN",200,38,"VehicleSync","id=200 bytes=38","c8 3f 00 4b 00 00 00 00 00 00 00 59 50 c6 a0 37 f8 b0 e6 5e ac 32 5b 62 b4 58 23 b9 b4 20 00 00 00 06 80 3a 00 00",""
1944,8879,"PACKET","IN",207,45,"PlayerSync","id=207 bytes=45","cf 4f 00 ea ff e7 7f c2 00 23 4e 62 30 d1 a1 09 91 5d 23 de 90 84 00 00 00 03 9d 6a 00 00 00 44 1f e8 f6 84 9a 87 6f fd fd c8 04 02 80",""
1945,8879,"PACKET","IN",207,43,"PlayerSync","id=207 bytes=43","cf 79 00 60 3f c0 00 3c fe 22 b0 c3 a0 c9 91 67 9a 1e 90 84 00 00 00 01 7c 77 40 00 01 71 9a c0 f6 5d 8a 4b f3 fd fd c8 04 04 80",""
1946,8879,"PACKET","IN",203,34,"AimSync","id=203 bytes=34","cb 79 00 04 cd 1c 5f be 3f 39 72 3f fd 07 75 be 36 95 8a c3 ea 4c 26 45 a5 1d 80 42 00 00 00 00 3f 55",""
1947,8879,"PACKET","IN",207,45,"PlayerSync","id=207 bytes=45","cf 92 00 88 80 60 bf c0 00 2a 5f e3 70 c7 cc 89 91 7e 27 5e 90 80 00 00 00 01 2b a1 c0 00 02 0d 6b 6c f7 1f 6b 0c 97 fd fd a5 04 04 80",""
1948,8908,"PACKET","IN",207,35,"PlayerSync","id=207 bytes=35","cf 15 00 00 00 0d cb 23 30 d7 62 49 91 71 9f 1e 90 84 00 00 00 01 9e 65 80 00 00 00 00 00 01 28 00 04 11",""
1949,8908,"PACKET","IN",200,38,"VehicleSync","id=200 bytes=38","c8 3f 00 4b 00 00 00 00 00 00 00 58 d0 c6 d0 38 08 b0 e6 5e ac 32 5b 62 b4 58 53 b9 b4 20 00 00 00 06 80 3a 00 00",""
1950,8908,"PACKET","IN",207,35,"PlayerSync","id=207 bytes=35","cf 51 00 00 00 2e e7 28 30 ea ff 89 91 7b 67 1f 10 84 00 00 00 03 a6 8b c0 00 00 00 00 00 01 28 00 04 11",""
1951,8909,"PACKET","IN",207,43,"PlayerSync","id=207 bytes=43","cf 85 00 60 3f c2 00 1b 19 e2 f0 c7 5c 49 91 65 1b 5e 90 84 00 00 00 02 df 99 80 00 00 7d f4 34 f8 1c 70 3c c3 fd fd e9 04 02 80",""
1952,8909,"PACKET","IN",207,45,"PlayerSync","id=207 bytes=45","cf 4f 00 eb ff e6 bf c0 00 0c 92 a2 30 e7 a1 89 91 51 a3 9e 90 84 00 00 00 00 99 6e 00 00 01 b3 fc 00 f8 10 ae df 7f fd fd c8 04 02 80",""
1953,8909,"PACKET","IN",207,43,"PlayerSync","id=207 bytes=43","cf 7e 00 60 3f c2 00 09 9f a8 30 cb 3c 4a 51 40 30 1e 90 84 00 00 00 02 6b ff 94 00 00 29 06 18 f5 45 9a 68 0b fd fd c8 04 04 80",""
1954,8909,"PACKET","IN",209,70,"UnoccupiedSync","id=209 bytes=70","d1 7e 00 3b 00 00 fc 4e 7f 3f 6f 6c 96 bd 92 c4 51 38 71 6c 96 3d fc 4e 7f 3f d3 35 98 b9 34 74 9f c3 ca 0e 2a 45 48 a8 7c 42 de dc 8e 39 b6 33 d5 b8 f4 59 86 38 6a c6 a3 36 f4 70 d3 35 70 80 f6 38 e7 33 44 44",""
1955,8931,"PACKET","IN",207,35,"PlayerSync","id=207 bytes=35","cf 0b 00 00 00 36 74 e3 70 df 22 89 91 49 e4 1e 90 80 00 00 00 00 42 8b c0 00 00 00 00 00 01 a5 04 e8 80",""
1956,8931,"PACKET","IN",207,45,"PlayerSync","id=207 bytes=45","cf 20 00 d0 ff eb 3f c0 00 22 b7 24 b0 dd 16 09 91 5a 36 1e 90 84 00 00 00 00 2c bb c0 00 03 c1 4b 0c f4 09 50 cf e3 fd fd a5 04 04 80",""
1957,8931,"PACKET","IN",207,45,"PlayerSync","id=207 bytes=45","cf 92 00 88 80 60 bf c0 00 2f 5b a3 70 db 0c 09 91 58 27 5e 90 80 00 00 00 03 7b 85 c0 00 02 5e 37 44 f7 4f 95 c4 cb fd fd a5 04 04 80",""
1958,8932,"PACKET","IN",200,44,"VehicleSync","id=200 bytes=44","c8 a6 00 1d 00 7c 00 f8 ff 00 00 5f 00 d4 10 75 5a 04 98 b9 8c 35 c4 62 54 54 46 77 c4 2f b9 bb 03 c4 be 1f 62 e4 a6 df e0 1f 00 00",""
1959,8957,"PACKET","IN",207,45,"PlayerSync","id=207 bytes=45","cf 4f 00 f0 7f e5 3f c0 00 04 96 a2 30 f6 22 09 91 49 e3 5e 90 84 00 00 00 01 a5 4e 00 00 01 a7 fc 00 fb 48 aa 2b 7f fd fd c8 04 02 80",""
1960,8957,"PACKET","IN",207,45,"PlayerSync","id=207 bytes=45","cf 1c 00 9c 00 63 bf c0 00 3b db e3 30 f3 90 c9 91 7a 1f de 90 84 00 00 00 03 c3 db e0 00 00 be a6 78 f4 90 fe 94 47 fd fd 00 00 00 80",""
1961,8957,"PACKET","IN",207,45,"PlayerSync","id=207 bytes=45","cf 20 00 d0 ff ea ff c0 00 39 79 24 b0 ca 56 c9 91 66 b5 9e 90 84 00 00 00 00 20 c7 c0 00 03 a3 53 0c f4 21 44 47 df fd fd a5 04 04 80",""
1962,8958,"PACKET","IN",207,35,"PlayerSync","id=207 bytes=35","cf 47 00 00 00 0a d6 22 f0 e4 e8 c9 91 79 5b 1e 90 84 00 00 00 02 40 47 c0 00 00 00 00 00 01 fb 04 04 80",""
1963,8958,"PACKET","IN",203,34,"AimSync","id=203 bytes=34","cb 76 00 12 9a 58 25 3f a8 3e 1d bf 8d 20 e8 be b1 48 ae c3 69 23 27 45 36 9c 84 42 00 00 00 00 3f ff",""
1964,8958,"PACKET","IN",207,43,"PlayerSync","id=207 bytes=43","cf 79 00 60 3f c0 00 25 00 a2 f0 e7 e2 09 91 43 1a 5e 90 84 00 00 00 03 d8 63 40 00 00 b4 ce ec f6 c9 99 e3 f7 fd fd c8 04 04 80",""
1965,8958,"PACKET","IN",207,45,"PlayerSync","id=207 bytes=45","cf 92 00 86 80 60 7f c0 00 02 54 63 70 d3 8b 89 91 7b 26 de 90 80 00 00 00 00 37 45 c0 00 02 47 8f 30 f6 2b d0 49 2f fd fd a5 04 04 80",""
1966,8983,"PACKET","IN",200,38,"VehicleSync","id=200 bytes=38","c8 3f 00 4b 00 00 00 00 00 00 00 58 b0 c6 c0 38 18 b0 e6 5e ac 32 5b 62 b4 58 53 b9 b4 20 00 00 00 06 80 3a 00 00",""
1967,8983,"PACKET","IN",207,35,"PlayerSync","id=207 bytes=35","cf 4d 00 00 00 19 5f dc f0 c3 00 c9 91 7b ec 9e 90 80 00 00 00 00 39 bc 80 00 00 00 00 00 01 a8 04 04 11",""
1968,8983,"PACKET","IN",207,45,"PlayerSync","id=207 bytes=45","cf 4f 00 f0 ff e4 7f c0 00 0a 9a 62 30 d0 a2 c9 91 45 a3 1e 90 84 00 00 00 02 cd 52 00 00 00 a7 73 f0 f4 8c c7 47 93 fd fd c8 04 02 80",""
1969,8983,"PACKET","IN",207,43,"PlayerSync","id=207 bytes=43","cf 85 00 60 3f c2 00 2f a9 22 f0 ff 1a 89 91 55 9c 1e 90 84 00 00 00 02 df 99 80 00 01 29 c8 50 f8 1c 70 3c c3 fd fd e9 04 02 80",""
1970,9007,"PACKET","IN",207,45,"PlayerSync","id=207 bytes=45","cf 20 00 d1 7f ea bf c0 00 01 3b e4 b0 cb d7 89 91 68 b5 1e 90 84 00 00 00 03 90 cf c0 00 00 59 8b 1c f5 11 36 0f d7 fd fd a5 04 04 80",""
1971,9008,"PACKET","IN",207,35,"PlayerSync","id=207 bytes=35","cf 46 00 00 00 3e ca 23 30 fc 9b 89 91 68 df 1e 90 84 00 00 00 03 0d 37 c0 00 00 00 00 00 01 28 00 04 11",""
1972,9008,"PACKET","IN",207,43,"PlayerSync","id=207 bytes=43","cf 7e 00 60 3f c2 00 22 20 a8 30 fb bb 0a 51 40 30 1e 90 84 00 00 00 01 13 ff 94 00 03 4e 1e 48 f5 f1 b5 60 07 fd fd c8 04 04 80",""
1973,9008,"PACKET","IN",207,45,"PlayerSync","id=207 bytes=45","cf 92 00 86 80 60 7f c0 00 06 4f 63 70 df cb 49 91 69 a6 9e 90 80 00 00 00 00 e3 29 c0 00 01 d2 87 40 f6 43 e8 6d 6f fd fd a5 04 04 80",""
1974,9008,"PACKET","IN",207,45,"PlayerSync","id=207 bytes=45","cf 4f 00 f2 7f e3 ff c0 00 0b 1e a2 30 fa e3 49 91 78 a2 9e 90 84 00 00 00 00 a5 52 00 00 01 e8 cf d4 f4 40 c3 e3 8f fd fd c8 04 02 80",""
1975,9008,"PACKET","IN",200,44,"VehicleSync","id=200 bytes=44","c8 a6 00 1d 00 7b 00 f5 ff 00 00 5e e0 dc e0 80 9a 3c d8 29 8c 39 84 52 54 52 f5 e7 c4 22 45 c9 93 cf 2e 77 23 60 57 3f e0 1f 00 00",""
1976,9031,"PACKET","IN",207,45,"PlayerSync","id=207 bytes=45","cf 1c 00 9b 80 63 7f c0 00 29 60 63 30 cb 10 09 91 48 a0 9e 90 84 00 00 00 00 53 db e0 00 02 58 62 b0 f7 f8 ee 3c 4f fd fd 00 00 00 80",""
1977,9031,"PACKET","IN",207,45,"PlayerSync","id=207 bytes=45","cf 20 00 d2 ff e9 ff c0 00 05 be 64 b0 c4 18 49 91 73 34 9e 90 84 00 00 00 03 d8 cf c0 00 03 be 8f 3c f7 59 2f 8b d3 fd fd a5 04 04 80",""
1978,9032,"PACKET","IN",207,45,"PlayerSync","id=207 bytes=45","cf 4f 00 f3 7f e3 bf c0 00 12 21 e2 30 ff 23 c9 91 7d 22 5e 90 84 00 00 00 03 b5 52 00 00 01 ae 47 b8 f6 0c c1 4f 93 fd fd c8 04 02 80",""
1979,9032,"PACKET","IN",207,43,"PlayerSync","id=207 bytes=43","cf 79 00 60 3f c0 00 1b 82 e2 f0 d0 23 89 91 5c 9a 5e 90 84 00 00 00 02 ec 63 40 00 00 64 ce ec f5 85 9e 6f f7 fd fd c8 04 04 80",""
1980,9057,"PACKET","IN",207,35,"PlayerSync","id=207 bytes=35","cf 2d 00 00 00 37 8d 62 b0 cb e9 09 91 5c 9a de 90 80 00 00 00 01 5c 03 c0 00 00 00 00 00 01 a5 04 e8 80",""
1981,9057,"PACKET","IN",207,45,"PlayerSync","id=207 bytes=45","cf 92 00 86 80 60 7f c0 00 38 47 a3 70 ea cb 09 91 62 66 1e 90 80 00 00 00 03 13 09 c0 00 01 a8 2b 44 f7 83 f7 39 a3 fd fd a5 04 04 80",""
1982,9058,"PACKET","IN",200,38,"VehicleSync","id=200 bytes=38","c8 3f 00 4b 00 00 00 00 00 00 00 58 60 c6 f0 38 28 b0 e6 5e ac 32 5b 62 b4 58 63 b9 b4 20 00 00 00 06 80 3a 00 00",""
1983,9058,"PACKET","IN",207,41,"PlayerSync","id=207 bytes=41","cf 79 00 00 00 11 83 62 f0 db 63 c9 91 61 da 5e 90 84 00 00 00 02 ec 63 40 00 03 e7 fe cc f5 85 9e 6f f7 fd fd a5 04 04 80",""
1984,9082,"PACKET","IN",207,45,"PlayerSync","id=207 bytes=45","cf 20 00 d4 7f e9 3f c0 00 0b 01 24 f0 ce d9 09 91 71 74 1e 90 84 00 00 00 00 b4 d3 c0 00 01 8f df 70 f4 69 35 c7 d7 fd fd a5 04 04 80",""
1985,9082,"PACKET","IN",207,45,"PlayerSync","id=207 bytes=45","cf 4f 00 f3 7f e3 7f c0 00 2f 64 a2 30 f1 64 49 91 49 22 5e 90 84 00 00 00 03 61 5a 00 00 02 af 97 a4 f7 84 bf 4b 8f fd fd c8 04 02 80",""
1986,9083,"PACKET","IN",207,43,"PlayerSync","id=207 bytes=43","cf 7e 00 60 3f c2 00 28 22 68 30 cf 79 ca 51 40 30 1e 90 84 00 00 00 03 db fb 94 00 03 85 32 cc f5 39 ae bc 07 fd fd df 04 02 80",""
1987,9083,"PACKET","IN",207,45,"PlayerSync","id=207 bytes=45","cf 85 00 c0 7f e0 3f c2 00 02 f3 62 f0 ff 59 89 91 49 5c 9e 90 84 00 00 00 00 9b cd 80 00 03 51 cb 20 f5 78 6f 90 c3 fd fd c8 04 02 80",""
1988,9083,"PACKET","IN",207,45,"PlayerSync","id=207 bytes=45","cf 92 00 86 80 60 7f c0 00 37 c2 a3 70 d3 0b 09 91 43 65 de 90 80 00 00 00 03 9a fd c0 00 00 e3 33 30 f7 0b f9 05 bb fd fd a5 04 04 80",""
1989,9107,"PACKET","IN",207,45,"PlayerSync","id=207 bytes=45","cf 1c 00 9c 00 63 bf c0 00 11 25 a3 30 cb 0f 09 91 70 e1 5e 90 84 00 00 00 01 a7 d3 e0 00 02 89 7a e8 f5 64 e5 0c 57 fd fd 00 00 00 80",""
1990,9107,"PACKET","IN",200,44,"VehicleSync","id=200 bytes=44","c8 a6 00 1d 00 78 00 ec ff 00 00 53 f0 de 10 87 2a 5f f7 a9 8c 30 74 52 54 5b 65 87 c4 2e dd c8 23 ce ce ed 24 09 e7 6f e0 1f 00 00",""
1991,9107,"PACKET","IN",207,45,"PlayerSync","id=207 bytes=45","cf 4f 00 f3 7f e3 7f c0 00 3f 28 22 30 fa e4 c9 91 48 a2 1e 90 84 00 00 00 02 41 62 00 00 02 46 63 9c f5 34 ba 23 8b fd fd c8 04 02 80",""
1992,9129,"PACKET","IN",207,35,"PlayerSync","id=207 bytes=35","cf 02 00 00 00 08 a8 a2 70 e7 a8 c9 91 7a 9d 5e 90 84 00 00 00 00 fc 56 c0 00 00 00 00 00 01 28 00 04 11",""
1993,9129,"PACKET","IN",203,34,"AimSync","id=203 bytes=34","cb 02 00 04 9c 64 f2 be 57 92 53 3f c7 02 9c be 61 24 89 c3 2c 88 26 45 d7 63 7f 42 00 00 00 00 3f 36",""
1994,9129,"PACKET","IN",207,35,"PlayerSync","id=207 bytes=35","cf 1b 00 00 00 02 a3 63 70 d7 5a c9 91 7b a3 1e 90 80 00 00 00 00 d6 93 00 00 00 00 00 00 01 28 00 04 11",""
1995,9129,"PACKET","IN",203,34,"AimSync","id=203 bytes=34","cb 1b 00 04 02 93 06 3f ad 35 2d 3f 2c 00 04 bf 6b 43 8e c3 05 4e 26 45 39 45 81 42 00 00 00 00 3f 1a",""
1996,9129,"PACKET","IN",207,45,"PlayerSync","id=207 bytes=45","cf 20 00 d5 7f e8 bf c0 00 19 43 a4 f0 c9 59 c9 91 59 33 de 90 84 00 00 00 01 b8 d7 c0 00 02 3f 83 6c f7 3d 2f 7f d3 fd fd a5 04 04 80",""
1997,9129,"PACKET","IN",207,45,"PlayerSync","id=207 bytes=45","cf 4f 00 f2 ff e3 bf c0 00 3b eb 62 30 f4 25 49 91 4e 21 de 90 84 00 00 00 02 bd 6e 00 00 02 46 63 9c f7 98 b1 6f 87 fd fd c8 04 02 80",""
1998,9129,"PACKET","IN",207,45,"PlayerSync","id=207 bytes=45","cf 92 00 86 00 60 7f c0 00 2f 7d 63 30 c0 0b 09 91 5c 25 5e 90 80 00 00 00 03 f6 f1 c0 00 02 2a 5f 18 f5 5b fc 29 cf fd fd a5 04 04 80",""
1999,9129,"PACKET","IN",207,41,"PlayerSync","id=207 bytes=41","cf 79 00 00 00 0c 85 22 f0 f5 e4 c9 91 75 da 5e 90 84 00 00 00 02 ec 63 40 00 03 db 1d e8 f5 85 9e 6f f7 fd fd a5 04 04 80",""
2000,9157,"RPC","IN",99,42,"MoveObject","id=99 bytes=42","83 00 f8 e3 a1 c3 d7 9b 26 45 53 c5 7d 42 f8 e3 a1 c3 d7 9b 26 45 ed 5e 7b 42 00 00 80 3e 00 00 00 00 00 00 00 00 08 cc 84 43",""
2001,9157,"RPC","IN",122,2,"StopObject","id=122 bytes=2","83 00",""
2002,9157,"RPC","IN",99,42,"MoveObject","id=99 bytes=42","83 00 f8 e3 a1 c3 d7 9b 26 45 53 c5 7d 42 f8 e3 a1 c3 d7 9b 26 45 53 c5 7d 42 00 00 80 3e 00 00 00 00 00 00 00 00 08 cc 84 43",""
2003,9157,"RPC","IN",122,2,"StopObject","id=122 bytes=2","83 00",""
2004,9157,"RPC","IN",99,42,"MoveObject","id=99 bytes=42","83 00 f8 e3 a1 c3 d7 9b 26 45 53 c5 7d 42 f8 e3 a1 c3 d7 9b 26 45 ed 5e 7b 42 00 00 80 3e 00 00 00 00 00 00 00 00 08 cc 84 43",""
2005,9158,"RPC","IN",122,2,"StopObject","id=122 bytes=2","83 00",""
2006,9158,"RPC","IN",99,42,"MoveObject","id=99 bytes=42","83 00 f8 e3 a1 c3 d7 9b 26 45 53 c5 7d 42 f8 e3 a1 c3 d7 9b 26 45 53 c5 7d 42 00 00 80 3e 00 00 00 00 00 00 00 00 08 cc 84 43",""
2007,9158,"RPC","IN",122,2,"StopObject","id=122 bytes=2","83 00",""
2008,9158,"RPC","IN",99,42,"MoveObject","id=99 bytes=42","83 00 f8 e3 a1 c3 d7 9b 26 45 53 c5 7d 42 f8 e3 a1 c3 d7 9b 26 45 ed 5e 7b 42 00 00 80 3e 00 00 00 00 00 00 00 00 08 cc 84 43",""
2009,9158,"RPC","IN",122,2,"StopObject","id=122 bytes=2","83 00",""
2010,9158,"RPC","IN",99,42,"MoveObject","id=99 bytes=42","83 00 f8 e3 a1 c3 d7 9b 26 45 53 c5 7d 42 f8 e3 a1 c3 d7 9b 26 45 53 c5 7d 42 00 00 80 3e 00 00 00 00 00 00 00 00 08 cc 84 43",""
2011,9158,"RPC","IN",122,2,"StopObject","id=122 bytes=2","83 00",""
2012,9158,"RPC","IN",99,42,"MoveObject","id=99 bytes=42","83 00 f8 e3 a1 c3 d7 9b 26 45 53 c5 7d 42 f8 e3 a1 c3 d7 9b 26 45 ed 5e 7b 42 00 00 80 3e 00 00 00 00 00 00 00 00 08 cc 84 43",""
2013,9158,"RPC","IN",122,2,"StopObject","id=122 bytes=2","83 00",""
2014,9158,"RPC","IN",99,42,"MoveObject","id=99 bytes=42","83 00 f8 e3 a1 c3 d7 9b 26 45 53 c5 7d 42 f8 e3 a1 c3 d7 9b 26 45 53 c5 7d 42 00 00 80 3e 00 00 00 00 00 00 00 00 08 cc 84 43",""
2015,9158,"RPC","IN",122,2,"StopObject","id=122 bytes=2","83 00",""
2016,9158,"RPC","IN",99,42,"MoveObject","id=99 bytes=42","83 00 f8 e3 a1 c3 d7 9b 26 45 53 c5 7d 42 f8 e3 a1 c3 d7 9b 26 45 ed 5e 7b 42 00 00 80 3e 00 00 00 00 00 00 00 00 08 cc 84 43",""
2017,9158,"RPC","IN",122,2,"StopObject","id=122 bytes=2","83 00",""
2018,9159,"RPC","IN",99,42,"MoveObject","id=99 bytes=42","83 00 f8 e3 a1 c3 d7 9b 26 45 53 c5 7d 42 f8 e3 a1 c3 d7 9b 26 45 53 c5 7d 42 00 00 80 3e 00 00 00 00 00 00 00 00 08 cc 84 43",""
2019,9159,"PACKET","IN",207,45,"PlayerSync","id=207 bytes=45","cf 1c 00 9c 80 63 bf c0 00 20 a9 a3 30 d2 0e 49 91 5f a2 1e 90 84 00 00 00 00 6b cf e0 00 03 58 be bc f5 e4 d7 b8 5f fd fd 00 00 00 80",""
2020,9159,"PACKET","IN",207,45,"PlayerSync","id=207 bytes=45","cf 20 00 d5 ff e8 7f c0 00 16 c6 24 f0 f9 1a 49 91 5b 33 9e 90 84 00 00 00 02 c4 df c0 00 01 70 17 64 f4 fd 28 ab d3 fd fd a5 04 04 80",""
2021,9159,"PACKET","IN",207,41,"PlayerSync","id=207 bytes=41","cf 4f 00 00 00 17 6f 22 30 f4 65 c9 91 4c a1 9e 90 84 00 00 00 02 bd 6e 00 00 02 cd 13 a4 f5 90 a8 a3 7f fd fd d2 04 02 80",""
2022,9160,"PACKET","IN",207,43,"PlayerSync","id=207 bytes=43","cf 7e 00 60 3f c2 00 0f a4 a8 30 db f8 4a 51 40 30 1e 90 84 00 00 00 03 53 fb 94 00 03 99 67 ac f5 a5 a0 c4 0b fd fd e9 04 02 80",""
2023,9160,"PACKET","IN",207,35,"PlayerSync","id=207 bytes=35","cf 97 00 00 00 39 55 a5 b0 df 38 c9 91 6c 24 9f 10 80 00 00 00 01 30 6f e8 00 00 00 00 00 01 28 00 04 11",""
2024,9160,"PACKET","IN",207,45,"PlayerSync","id=207 bytes=45","cf 1c 00 9d 00 63 ff c0 00 2f 2a e3 30 d9 8e 09 91 56 a2 5e 90 84 00 00 00 01 2f cb e0 00 01 21 26 a8 f7 48 cc 88 67 fd fd 00 00 00 80",""
2025,9160,"PACKET","IN",200,38,"VehicleSync","id=200 bytes=38","c8 3f 00 4b 00 00 00 00 00 00 00 58 20 c7 30 38 38 b0 e6 5e ac 32 5b 62 b4 58 63 b9 b4 20 00 00 00 06 80 3a 00 00",""
2026,9160,"PACKET","IN",207,45,"PlayerSync","id=207 bytes=45","cf 92 00 85 00 60 7f c0 00 0c b6 23 30 ed ca c9 91 47 a4 de 90 80 00 00 00 00 e2 e5 c0 00 02 79 ff 30 f6 ff fc 29 e3 fd fd a5 04 04 80",""
2027,9181,"PACKET","IN",207,45,"PlayerSync","id=207 bytes=45","cf 1c 00 9e 00 64 3f c0 00 05 ec 63 30 e2 0d c9 91 4d a2 9e 90 84 00 00 00 00 b3 c7 e0 00 03 27 f2 9c f7 28 c6 ac 6b fd fd 00 00 00 80",""
2028,9181,"PACKET","IN",207,35,"PlayerSync","id=207 bytes=35","cf 54 00 00 00 27 65 68 30 dc 13 49 d1 7b 67 1f 10 84 00 00 00 01 87 f6 c0 00 00 00 00 00 01 28 00 04 11",""
2029,9181,"PACKET","IN",207,45,"PlayerSync","id=207 bytes=45","cf 7e 00 c0 00 60 3f c2 00 19 a5 68 30 d9 77 ca 51 40 30 1e 90 84 00 00 00 01 a7 f3 94 00 02 cf 3f c4 f6 c1 9d 50 0b fd fd e9 04 02 80",""
2030,9181,"PACKET","IN",207,45,"PlayerSync","id=207 bytes=45","cf 85 00 c0 7f e0 3f c2 00 29 ba 22 f0 c4 18 49 91 58 9c de 90 84 00 00 00 02 b7 fd 80 00 03 1e 96 bc f4 b9 47 78 23 fd fd c8 04 02 80",""
2031,9181,"PACKET","IN",200,44,"VehicleSync","id=200 bytes=44","c8 a6 00 1d 00 2d 00 d6 ff 20 00 55 f0 c6 d0 86 ca 77 77 39 8c 39 e4 42 54 52 05 57 c4 2c e4 29 b3 c3 ef 89 05 4d 57 9f e0 1f 00 00",""
2032,9207,"PACKET","IN",207,45,"PlayerSync","id=207 bytes=45","cf 1c 00 9f 80 64 7f c0 00 24 2d a3 30 ec 4d 89 91 44 62 de 90 84 00 00 00 02 d3 bf e0 00 02 c7 f2 9c f4 80 bf 20 73 fd fd 00 00 00 80",""
2033,9207,"PACKET","IN",207,45,"PlayerSync","id=207 bytes=45","cf 20 00 d7 7f e7 ff c0 00 10 08 e4 f0 f2 db 09 91 5a f3 5e 90 84 00 00 00 02 78 df c0 00 02 4a 27 70 f5 bd 27 23 cf fd fd a5 04 04 80",""
2034,9207,"PACKET","IN",207,45,"PlayerSync","id=207 bytes=45","cf 92 00 84 00 60 7f c0 00 18 30 a3 30 e7 4a c9 91 56 a4 5e 90 80 00 00 00 03 46 d9 c0 00 02 b1 8b 3c f7 d3 fe f9 f3 fd fd a5 04 04 80",""
2035,9208,"PACKET","IN",207,45,"PlayerSync","id=207 bytes=45","cf 1c 00 a0 80 64 ff c0 00 10 af 23 30 f8 0d 49 91 7b a2 de 90 84 00 00 00 01 3b bb e0 00 02 47 f2 9c f7 68 ae 2c 7f fd fd 00 00 00 80",""
2036,9208,"PACKET","IN",207,49,"PlayerSync","id=207 bytes=49","cf 30 00 00 00 22 fe a6 b0 cf 96 c9 d1 7b 67 1f 10 84 00 00 00 01 bd d3 00 00 00 00 00 00 03 ff fe 00 00 00 00 00 00 00 00 00 00 00 01 00 00 00 80",""
2037,9208,"PACKET","IN",207,41,"PlayerSync","id=207 bytes=41","cf 79 00 00 00 1e 46 22 f0 e4 a5 89 91 42 1a 9e 90 84 00 00 00 02 ec 63 40 00 01 35 e0 10 f5 85 9e 6f f7 fd fd a5 04 04 80",""
2038,9208,"PACKET","OUT",207,69,"PlayerSync","id=207 bytes=69","cf 00 00 00 00 00 00 e8 9a a0 c3 95 ed 26 45 ed 9c 7c 42 0f 68 4f 3f 00 00 00 80 00 00 00 00 d5 0f 16 bf 64 00 00 00 00 00 00 00 00 00 00 00 00 00 00 00 00 00 00 00 00 00 00 00 00 00 00 00 00 00 28 00 04 11",""
2039,9234,"PACKET","IN",207,45,"PlayerSync","id=207 bytes=45","cf 1c 00 a2 00 65 7f c0 00 24 2f e3 30 c4 0d 89 91 47 a3 1e 90 84 00 00 00 01 af b3 e0 00 00 09 60 30 f5 34 2e 5e d3 fd fd 00 00 00 80",""
2040,9234,"PACKET","IN",207,45,"PlayerSync","id=207 bytes=45","cf 20 00 da ff e6 7f c0 00 22 0b 64 f0 e4 9b c9 91 5c f3 1e 90 84 00 00 00 00 ac cb c0 00 01 82 6f 84 f6 01 30 bb d7 fd fd a5 04 04 80",""
2041,9256,"PACKET","IN",207,45,"PlayerSync","id=207 bytes=45","cf 1c 00 a2 80 65 7f c0 00 1f f1 23 30 cd 0d 89 91 5d a3 1e 90 84 00 00 00 02 43 af e0 00 02 ec cd 14 f4 c4 0d a2 73 fd fd 00 00 00 80",""
2042,9256,"PACKET","IN",207,45,"PlayerSync","id=207 bytes=45","cf 85 00 c0 7f e0 3f c2 00 27 3c 22 f0 ca 55 49 91 6f 9c de 90 84 00 00 00 03 a7 fd 80 00 03 47 58 cc f9 c9 dd 24 03 fd fd c8 04 02 80",""
2043,9256,"PACKET","IN",207,45,"PlayerSync","id=207 bytes=45","cf 92 00 81 00 60 7f c0 00 06 69 63 30 e6 ca c9 91 7b 23 9e 90 80 00 00 00 00 ea bd c0 00 00 15 f7 08 f7 db ff f2 0b fd fd a5 04 04 80",""
2044,9257,"PACKET","IN",207,41,"PlayerSync","id=207 bytes=41","cf 4f 00 00 00 37 ff a2 30 c3 a8 49 91 5f 20 5e 90 84 00 00 00 02 bd 6e 00 00 03 6c 60 90 f9 90 a8 a3 7f fd fd d2 04 02 80",""
2045,9257,"PACKET","IN",207,45,"PlayerSync","id=207 bytes=45","cf 7e 00 c0 00 60 3f c2 00 02 2b a8 30 ef 36 4a 51 40 30 1e 90 84 00 00 00 00 73 a7 94 00 03 ff 9b 08 f7 e0 bc 68 73 fd fd e9 04 02 80",""
2046,9282,"PACKET","IN",207,45,"PlayerSync","id=207 bytes=45","cf 1c 00 a3 00 65 bf c0 00 36 32 a3 30 cf cd 89 91 7d e3 1e 90 84 00 00 00 01 e7 ab e0 00 00 7d 71 dc f4 cc 00 c6 1f fd fd 00 00 00 80",""
2047,9282,"PACKET","IN",207,45,"PlayerSync","id=207 bytes=45","cf 20 00 e0 ff e4 7f c0 00 28 8d e4 f0 f3 5c 89 91 50 32 de 90 84 00 00 00 02 7c 9f c0 00 02 0f 37 d4 f6 71 51 af e3 fd fd a5 04 04 80",""
2048,9282,"PACKET","IN",200,38,"VehicleSync","id=200 bytes=38","c8 3f 00 4b 00 00 00 00 00 00 00 58 70 c7 10 38 48 b0 d6 5e ac 32 5b 62 b4 58 43 b9 b4 20 00 00 00 06 80 3a 00 00",""
2049,9283,"PACKET","IN",207,35,"PlayerSync","id=207 bytes=35","cf 4b 00 00 00 15 e8 a3 70 f0 5d 09 91 79 a3 5e 90 80 00 00 00 03 47 12 00 00 00 00 00 00 01 28 00 04 11",""
2050,9283,"PACKET","IN",207,43,"PlayerSync","id=207 bytes=43","cf 85 00 60 3f c2 00 37 fc a2 f0 e7 53 c9 91 76 1c de 90 84 00 00 00 01 53 f1 80 00 02 b6 40 84 f9 ed e4 a8 03 fd fd c8 04 02 80",""
2051,9283,"PACKET","IN",203,34,"AimSync","id=203 bytes=34","cb 85 00 04 a7 4e 31 bf 1e 86 20 bf 44 8a b6 be bd 7a 8b c3 35 5d 26 45 03 c9 7e 42 00 00 00 00 3f c6",""
2052,9283,"PACKET","IN",207,41,"PlayerSync","id=207 bytes=41","cf 79 00 00 00 07 86 a2 f0 e8 25 c9 91 46 da 9e 90 84 00 00 00 02 ec 63 40 00 00 a7 ce b8 ed 85 9e 6f f7 fd fd a5 04 04 80",""
2053,9283,"PACKET","IN",200,44,"VehicleSync","id=200 bytes=44","c8 a6 00 1d 00 ed ff db ff 20 00 57 90 ba 10 82 ea 9f 06 19 8c 31 14 42 54 58 25 07 c4 23 17 23 23 dc af cd f6 3a b7 bf e0 1f 00 00",""
2054,9307,"PACKET","IN",207,45,"PlayerSync","id=207 bytes=45","cf 20 00 e9 7f e2 7f c0 00 11 cf e4 f0 d3 dd 89 91 74 b2 5e 90 84 00 00 00 01 14 63 c0 00 02 ab fb ec f5 9d 8f 0f f3 fd fd a5 04 04 80",""
2055,9307,"PACKET","IN",207,35,"PlayerSync","id=207 bytes=35","cf 5b 00 00 00 3f c4 a6 f0 d9 07 09 d1 7b 67 1f 10 84 00 00 00 01 2a 42 00 00 00 00 00 00 01 28 00 04 11",""
2056,9307,"PACKET","IN",207,43,"PlayerSync","id=207 bytes=43","cf 92 00 60 7f c0 00 34 22 63 30 fa 4a c9 91 60 a3 1e 90 80 00 00 00 03 62 95 c0 00 03 3d ae dc f4 cf fc f6 3b fd fd a5 04 04 80",""
2057,9307,"RPC","IN",105,19,"TextDrawSetString","id=105 bytes=19","2f 01 0f 00 30 39 20 41 67 75 73 74 75 73 20 32 30 32 36",""
2058,9307,"RPC","IN",105,12,"TextDrawSetString","id=105 bytes=12","30 01 08 00 31 32 3a 31 34 3a 31 37",""
2059,9329,"PACKET","IN",200,38,"VehicleSync","id=200 bytes=38","c8 3f 00 4b 00 00 00 00 00 00 00 58 30 c7 30 38 58 b0 d6 5e ac 32 5b 62 b4 58 53 b9 b4 20 00 00 00 06 80 3a 00 00",""
2060,9329,"PACKET","IN",207,45,"PlayerSync","id=207 bytes=45","cf 1c 00 a2 80 65 7f c0 00 23 79 e3 30 df 4c c9 91 6b 24 1e 90 84 00 00 00 00 b3 93 e0 00 02 d5 8a c0 f6 30 6e ac c3 fd fd 00 00 00 80",""
2061,9356,"PACKET","IN",207,35,"PlayerSync","id=207 bytes=35","cf 1a 00 00 00 28 14 e5 b0 cd 83 09 d1 6c 24 9f 10 80 00 00 00 03 eb 49 80 00 00 00 00 00 01 28 00 04 11",""
2062,9356,"PACKET","IN",207,45,"PlayerSync","id=207 bytes=45","cf 20 00 f7 ff e4 7f c0 00 1b 90 e4 f0 f7 de 49 91 4e 72 1e 90 84 00 00 00 02 9c 03 c0 00 01 e4 c7 f4 f6 e5 d6 57 ff fd fd a5 04 04 80",""
2063,9356,"PACKET","IN",207,35,"PlayerSync","id=207 bytes=35","cf 7c 00 00 00 38 64 25 b0 e1 1a 09 d1 6c 24 9f 10 80 00 00 00 01 b1 ee 40 00 00 00 00 00 01 fb 04 e8 80",""
2064,9356,"PACKET","IN",207,45,"PlayerSync","id=207 bytes=45","cf 92 00 fd ff e0 7f c0 00 35 9b a3 30 e9 cb 09 91 7a 62 5e 90 80 00 00 00 00 9e 49 c0 00 02 d2 be cc f6 fb e9 26 93 fd fd a5 04 04 80",""
2065,9357,"PACKET","IN",200,44,"VehicleSync","id=200 bytes=44","c8 a6 00 1d 00 c2 ff dc ff 20 00 54 30 b1 40 99 fa 99 54 59 8c 38 e4 32 54 54 44 b7 c4 2b 02 35 c3 d6 2f fc 17 37 d7 df e0 1f 00 00",""
2066,9357,"PACKET","IN",207,41,"PlayerSync","id=207 bytes=41","cf 4f 00 00 00 22 c8 e2 70 ec 6a 09 91 79 1f 9e 90 84 00 00 00 02 bd 6e 00 00 01 07 1e 6c f4 0e b0 c3 e3 fd fd d2 04 02 80",""
2067,9357,"PACKET","IN",203,34,"AimSync","id=203 bytes=34","cb 4f 00 04 1a f4 11 bf a9 88 51 3f 8a 23 91 bd 79 99 88 c3 3c 8d 26 45 b0 72 7d 42 00 00 00 00 3f 26",""
2068,9357,"PACKET","IN",207,45,"PlayerSync","id=207 bytes=45","cf 7e 00 c0 00 60 3f c2 00 19 ba a8 30 d7 35 0a 51 40 30 1e 90 84 00 00 00 02 f7 87 94 00 01 84 5b 00 f6 24 57 bc e3 fd fd e9 04 02 80",""
2069,9357,"PACKET","IN",207,43,"PlayerSync","id=207 bytes=43","cf 85 00 60 3f c2 00 35 46 23 30 d3 11 89 91 63 5d 5e 90 84 00 00 00 00 07 a9 80 00 02 55 2c 98 fa 98 dd a0 5b fd fd c8 04 02 80",""
2070,9357,"RPC","IN",105,7,"TextDrawSetString","id=105 bytes=7","26 08 03 00 31 30 30",""
2071,9357,"RPC","IN",105,5,"TextDrawSetString","id=105 bytes=5","27 08 01 00 30",""
2072,9357,"RPC","IN",105,6,"TextDrawSetString","id=105 bytes=6","28 08 02 00 34 36",""
2073,9357,"RPC","IN",105,5,"TextDrawSetString","id=105 bytes=5","29 08 01 00 32",""
2074,9357,"RPC","IN",105,7,"TextDrawSetString","id=105 bytes=7","2a 08 03 00 31 30 30",""
2075,9378,"PACKET","IN",207,45,"PlayerSync","id=207 bytes=45","cf 20 00 81 80 66 bf c0 00 2b d0 64 f0 e2 9f 49 91 56 31 9e 90 80 00 00 00 03 48 53 c0 00 00 12 f3 e8 f5 92 3c 47 ff fd fd a5 04 04 80",""
2076,9378,"PACKET","IN",207,35,"PlayerSync","id=207 bytes=35","cf 79 00 00 00 09 c6 a2 f0 e9 a5 c9 91 46 da 9e 90 84 00 00 00 02 ec 63 40 00 00 00 00 00 01 a5 04 04 80",""
2077,9379,"PACKET","IN",207,45,"PlayerSync","id=207 bytes=45","cf 1c 00 a2 00 65 7f c0 00 0c bf a3 30 eb 4c 49 91 5b 24 de 90 84 00 00 00 01 2f 63 e0 00 00 e3 26 b0 f4 3c 43 ad 07 fd fd 00 00 00 80",""
2078,9379,"PACKET","IN",207,45,"PlayerSync","id=207 bytes=45","cf 92 00 fc 7f e0 7f c0 00 16 95 a3 30 c4 0b 89 91 4c e1 de 90 80 00 00 00 03 b1 e9 c0 00 03 69 46 ec f7 63 bc f6 fb fd fd a5 04 04 80",""
2079,9407,"PACKET","IN",207,45,"PlayerSync","id=207 bytes=45","cf 1c 00 a2 00 65 3f c0 00 25 01 e3 70 c7 cc 49 91 5d e5 1e 90 84 00 00 00 00 ff 4f e0 00 00 89 ee d8 f5 34 30 fd 27 fd fd 00 00 00 80",""
2080,9407,"RPC","IN",86,27,"ApplyPlayerAnimation","id=86 bytes=27","2d 00 07 42 44 5f 46 49 52 45 07 77 61 73 68 5f 75 70 33 33 83 40 80 00 00 00 00",""
2081,9407,"PACKET","IN",207,45,"PlayerSync","id=207 bytes=45","cf 1c 00 a1 80 65 3f c0 00 27 04 23 70 eb cc 09 91 5b 65 5e 90 84 00 00 00 03 23 37 e0 00 02 30 be ec f6 b4 22 b1 47 fd fd 00 00 00 80",""
2082,9407,"PACKET","IN",200,38,"VehicleSync","id=200 bytes=38","c8 3f 00 4b 00 00 00 00 00 00 00 58 c0 c6 d0 38 58 b0 c6 5e ac 32 5b 62 b4 58 23 b9 b4 20 00 00 00 06 80 3a 00 00",""
2083,9407,"PACKET","IN",203,34,"AimSync","id=203 bytes=34","cb 3f 00 12 51 3e 70 bf 6a ce b0 3e 77 bf ff bb f8 7a e8 c3 9a 9f 2b 45 e5 f0 9c 42 00 00 00 00 3f 36",""
2084,9447,"PACKET","IN",207,45,"PlayerSync","id=207 bytes=45","cf 7e 00 c0 00 60 3f c2 00 1e c7 68 70 c6 74 0a 51 40 30 1e 90 84 00 00 00 02 f7 87 94 00 01 2c 84 08 fa 24 57 bc e3 fd fd e9 04 02 80",""
2085,9447,"PACKET","IN",207,43,"PlayerSync","id=207 bytes=43","cf 85 00 60 3f c2 00 35 96 23 30 ca 4f c9 91 47 1f 1e 90 84 00 00 00 00 b3 95 80 00 02 bc 14 78 fb 38 7e 38 af fd fd c8 04 02 80",""
2086,9447,"PACKET","IN",207,45,"PlayerSync","id=207 bytes=45","cf 92 00 fb ff e0 7f c0 00 2a 10 e3 30 ec 0b c9 91 77 a1 1e 90 80 00 00 00 01 e5 b1 c0 00 02 06 be e4 f4 33 9f ab 2f fd fd a5 04 04 80",""
2087,9448,"PACKET","IN",200,44,"VehicleSync","id=200 bytes=44","c8 a6 00 1d 00 b0 ff dd ff 20 00 59 80 b3 60 9e 6a 7e 42 89 8c 36 24 32 54 50 d4 87 c4 29 d1 75 93 df df f2 97 fd d7 ef e0 1f 00 00",""
2088,9448,"PACKET","IN",203,34,"AimSync","id=203 bytes=34","cb a6 00 12 75 8f 7d bf 2b 66 29 3c 79 a2 0c be e1 fa 95 c3 bd 42 25 45 6a 5c 81 42 00 00 00 00 04 21",""
2089,9448,"PACKET","IN",207,35,"PlayerSync","id=207 bytes=35","cf 0b 00 00 00 36 74 e3 70 df 22 89 91 49 e4 1e 90 80 00 00 00 00 42 8b c0 00 00 00 00 00 01 a5 04 e8 80",""
2090,9448,"PACKET","IN",207,35,"PlayerSync","id=207 bytes=35","cf 15 00 00 00 0d cb 23 30 d7 62 49 91 71 9f 1e 90 84 00 00 00 01 9e 65 80 00 00 00 00 00 01 28 00 04 11",""
2091,9448,"PACKET","IN",207,45,"PlayerSync","id=207 bytes=45","cf 1c 00 a1 00 64 ff c0 00 11 c9 23 70 c3 0c 09 91 57 a5 de 90 84 00 00 00 00 17 07 e0 00 00 96 5b 0c f7 90 0b bd 93 fd fd 00 00 00 80",""
2092,9448,"PACKET","IN",207,35,"PlayerSync","id=207 bytes=35","cf 4f 00 00 00 22 c8 e2 70 c9 2b 09 91 79 5f 9e 90 84 00 00 00 02 bd 6e 00 00 00 00 00 00 c9 d2 04 02 80",""
2093,9473,"PACKET","IN",207,45,"PlayerSync","id=207 bytes=45","cf 1c 00 a0 00 64 bf c0 00 3b 4b 63 70 f8 4b c9 91 50 26 1e 90 84 00 00 00 00 ce f7 e0 00 00 19 b6 f4 f4 d4 05 d1 bb fd fd 00 00 00 80",""
2094,9473,"PACKET","IN",207,45,"PlayerSync","id=207 bytes=45","cf 92 00 fc 7f e0 7f c0 00 29 8b e3 30 c1 0c 89 91 46 20 9e 90 80 00 00 00 01 8d 5d c0 00 01 9d 82 cc f7 9b 5c 27 77 fd fd a5 04 04 80",""
2095,9474,"PACKET","IN",207,45,"PlayerSync","id=207 bytes=45","cf 20 00 94 00 6a ff c0 00 31 50 24 f0 f5 21 09 91 6d b0 9e 90 80 00 00 00 03 15 13 c0 00 03 2d 50 9c f7 04 c2 13 93 fd fd a5 04 04 80",""
2096,9495,"RPC","IN",86,27,"ApplyPlayerAnimation","id=86 bytes=27","79 00 07 42 44 5f 46 49 52 45 07 77 61 73 68 5f 75 70 33 33 83 40 80 00 00 00 00",""
2097,9496,"PACKET","IN",207,45,"PlayerSync","id=207 bytes=45","cf 1c 00 9e 80 64 3f c0 00 34 50 63 70 ed 8b c9 91 7f 26 5e 90 84 00 00 00 00 16 df e0 00 02 22 8a d4 f4 6c 03 1d eb fd fd 00 00 00 80",""
2098,9504,"PACKET","IN",207,35,"PlayerSync","id=207 bytes=35","cf 79 00 00 01 09 c6 a2 f0 e9 a5 c9 91 46 da 9e 90 84 00 00 00 02 ec 63 40 00 00 00 00 00 01 a5 04 04 80",""
2099,9504,"PACKET","IN",200,38,"VehicleSync","id=200 bytes=38","c8 3f 00 4b 00 00 00 00 00 00 00 58 30 c7 20 38 68 b0 c6 5e ac 32 5b 62 b4 58 43 b9 b4 20 00 00 00 06 80 3a 00 00",""
2100,9504,"PACKET","IN",207,35,"PlayerSync","id=207 bytes=35","cf 51 00 00 00 2e e7 28 30 ea ff 89 91 7b 67 1f 10 84 00 00 00 03 a6 8b c0 00 00 00 00 00 01 28 00 04 11",""
2101,9505,"PACKET","IN",207,43,"PlayerSync","id=207 bytes=43","cf 7e 00 60 3f c2 00 1a 15 28 70 e1 32 ca 51 40 30 1e 90 84 00 00 00 00 b7 ab 94 00 00 8d 10 60 fa 24 57 bc e3 fd fd e9 04 02 80",""
2102,9505,"RPC","IN",135,2,"HideTextDraw","id=135 bytes=2","30 08",""
2103,9505,"RPC","IN",135,2,"HideTextDraw","id=135 bytes=2","31 08",""
2104,9505,"RPC","IN",135,2,"HideTextDraw","id=135 bytes=2","32 08",""
2105,9505,"RPC","IN",135,2,"HideTextDraw","id=135 bytes=2","33 08",""
2106,9505,"RPC","IN",135,2,"HideTextDraw","id=135 bytes=2","34 08",""
2107,9505,"RPC","IN",135,2,"HideTextDraw","id=135 bytes=2","35 08",""
2108,9505,"PACKET","IN",207,45,"PlayerSync","id=207 bytes=45","cf 1c 00 9e 00 63 ff c0 00 27 92 e3 70 eb cb c9 91 74 26 9e 90 84 00 00 00 01 5e d3 e0 00 01 cb f6 cc f4 20 00 99 f7 fd fd 00 00 00 80",""
2109,9505,"PACKET","IN",207,35,"PlayerSync","id=207 bytes=35","cf 2d 00 00 00 37 8d 62 b0 cb e9 09 91 5c 9a de 90 80 00 00 00 01 5c 03 c0 00 00 00 00 00 01 28 00 04 11",""
2110,9506,"PACKET","IN",200,44,"VehicleSync","id=200 bytes=44","c8 a6 00 1d 00 ad ff dd ff 20 00 5e 20 b0 60 9c 6a 4d f0 c9 8c 36 04 32 54 52 24 67 c4 21 ae 25 53 df 4f f3 d8 36 07 ff e0 1f 00 00",""
2111,9506,"PACKET","OUT",205,9,"UNKNOWN_PACKET","id=205 bytes=9","cd b8 4a 04 00 00 00 00 00",""
2112,9547,"PACKET","IN",207,45,"PlayerSync","id=207 bytes=45","cf 20 00 9b 00 6c 7f c0 00 27 11 a4 f0 ff 21 49 91 57 f0 9e 90 80 00 00 00 02 fd 5f c0 00 00 8d 08 9c f6 f9 01 1b bf fd fd a5 04 04 80",""
2113,9547,"PACKET","IN",207,41,"PlayerSync","id=207 bytes=41","cf 4f 00 00 00 24 89 a2 70 e4 2b 09 91 6b 9f 9e 90 84 00 00 00 02 bd 6e 00 00 01 ee 1a 20 f1 90 a8 a3 7f fd fd d2 04 02 80",""
2114,9547,"PACKET","IN",207,43,"PlayerSync","id=207 bytes=43","cf 85 00 60 3f c2 00 2d 26 63 30 e1 0e 49 91 45 21 1e 90 84 00 00 00 01 b7 69 80 00 02 a9 a0 1c f9 c4 4c b8 f3 fd fd c8 04 02 80",""
2115,9547,"PACKET","IN",207,45,"PlayerSync","id=207 bytes=45","cf 92 00 fc 7f e0 7f c0 00 04 87 63 30 f5 4d 09 91 4d 1f de 90 80 00 00 00 00 2d 01 c0 00 01 c2 02 dc f4 53 5f 3b 77 fd fd a5 04 04 80",""
2116,9548,"PACKET","IN",207,35,"PlayerSync","id=207 bytes=35","cf 47 00 00 00 0a d6 22 f0 e4 e8 c9 91 79 5b 1e 90 84 00 00 00 02 40 47 c0 00 00 00 00 00 01 fb 04 04 80",""
2117,9570,"PACKET","IN",207,45,"PlayerSync","id=207 bytes=45","cf 1c 00 9a 80 63 3f c0 00 0f d8 23 70 ef cb c9 91 5f a7 1e 90 84 00 00 00 02 96 cf e0 00 02 67 ae c8 f4 74 01 de 17 fd fd 00 00 00 80",""
2118,9570,"PACKET","IN",203,34,"AimSync","id=203 bytes=34","cb 1c 00 04 86 7d 64 bf 32 86 c8 be 2c ef 64 be 38 b8 8c c3 9f 37 26 45 8e 35 7e 42 00 00 00 00 3f ff",""
2119,9570,"PACKET","IN",207,45,"PlayerSync","id=207 bytes=45","cf 1c 00 98 80 62 ff c0 00 2d 1a e3 70 f1 4b c9 91 5c 27 5e 90 84 00 00 00 03 8a cf e0 00 02 f4 c2 d4 f4 0c 03 b6 07 fd fd 00 00 00 80",""
2120,9571,"PACKET","IN",207,45,"PlayerSync","id=207 bytes=45","cf 20 00 a2 80 6d ff c0 00 07 12 e4 f0 c3 21 c9 91 69 70 de 90 80 00 00 00 03 29 a7 c0 00 00 8d e0 1c f5 7d 44 cf df fd fd a5 04 04 80",""
2121,9571,"PACKET","IN",207,35,"PlayerSync","id=207 bytes=35","cf 4d 00 00 00 19 5f dc f0 c3 00 c9 91 7b ec 9e 90 80 00 00 00 00 39 bc 80 00 00 00 00 00 01 a8 04 04 11",""
2122,9571,"PACKET","IN",207,35,"PlayerSync","id=207 bytes=35","cf 79 00 00 01 09 c6 a2 f0 e9 a5 c9 91 46 da 9e 90 84 00 00 00 02 ec 63 40 00 00 00 00 00 01 28 00 04 11",""
2123,9571,"PACKET","IN",207,45,"PlayerSync","id=207 bytes=45","cf 92 00 fc 7f e0 7f c0 00 2e c4 23 30 c6 4e 09 91 67 1f 1e 90 80 00 00 00 00 90 9d c0 00 01 d0 c2 ec f4 b2 b9 83 df fd fd a5 04 04 80",""
2124,9571,"RPC","IN",86,27,"ApplyPlayerAnimation","id=86 bytes=27","30 00 07 42 44 5f 46 49 52 45 07 77 61 73 68 5f 75 70 33 33 83 40 80 00 00 00 00",""
2125,9594,"PACKET","IN",207,43,"PlayerSync","id=207 bytes=43","cf 7e 00 60 3f c2 00 05 1f e8 70 f7 71 0a 51 40 30 1e 90 84 00 00 00 03 db f3 94 00 00 54 a3 50 f5 61 12 fc 3b fd fd e9 04 02 80",""
2126,9594,"PACKET","IN",203,34,"AimSync","id=203 bytes=34","cb 7e 00 04 79 17 3b be f6 29 57 bf 19 96 02 bf 2b 2e a1 c3 65 f3 29 45 d4 1a 82 42 00 00 00 00 3f c6",""
2127,9594,"RPC","IN",87,2,"ClearPlayerAnimation","id=87 bytes=2","51 00",""
2128,9594,"RPC","IN",86,29,"ApplyPlayerAnimation","id=86 bytes=29","51 00 05 43 41 52 52 59 0b 63 72 72 79 5f 70 72 74 69 61 6c 33 33 83 40 00 00 00 00 00",""
2129,9595,"RPC","IN",16,16,"PlaySound","id=16 bytes=16","42 51 00 00 00 00 00 00 00 00 00 00 00 00 00 00",""
2130,9595,"RPC","IN",134,80,"ShowTextDraw","id=134 bytes=80","36 08 11 9a 99 19 3f 00 00 00 40 1a ff 00 aa 00 00 cc 42 00 00 a0 41 00 00 00 32 00 01 00 00 00 ff 04 00 00 00 59 43 00 00 b8 43 00 00 00 00 00 00 00 00 00 00 00 00 00 00 00 00 80 3f ff ff ff ff 0d 00 6c 64 5f 64 75 61 6c 3a 77 68 69 74 65",""
2131,9595,"PACKET","IN",207,45,"PlayerSync","id=207 bytes=45","cf 1c 00 96 80 62 7f c0 00 1c dd a3 70 f2 4b c9 91 54 a7 9e 90 84 00 00 00 02 32 d3 e0 00 03 2c c2 d4 f4 08 02 62 07 fd fd 00 00 00 80",""
2132,9595,"PACKET","IN",207,43,"PlayerSync","id=207 bytes=43","cf 85 00 60 3f c2 00 05 f2 e3 30 e3 cd 89 91 61 22 5e 90 84 00 00 00 00 73 51 80 00 02 16 ff 44 f4 e0 2e 59 2f fd fd c8 04 02 80",""
2133,9596,"PACKET","IN",207,45,"PlayerSync","id=207 bytes=45","cf 92 00 fc 7f e0 7f c0 00 00 42 e3 30 e1 4e 89 91 52 9e de 90 80 00 00 00 03 e4 71 c0 00 02 d3 f6 cc f6 5a 86 0b ef fd fd a5 04 04 80",""
2134,9596,"PACKET","IN",200,44,"VehicleSync","id=200 bytes=44","c8 a6 00 1d 00 ca ff e6 ff 20 00 5e 70 ba c0 80 5a 11 3f 19 7c 35 d4 32 54 56 04 47 c4 2d 92 15 53 df ef f3 18 00 c7 ff e0 1f 00 00",""
2135,9624,"PACKET","IN",207,45,"PlayerSync","id=207 bytes=45","cf 1c 00 94 80 61 ff c0 00 35 e0 e3 70 f2 cb c9 91 5b a7 de 90 84 00 00 00 02 6a d7 e0 00 02 e0 c2 d4 f4 00 02 a2 03 fd fd 00 00 00 80",""
2136,9624,"PACKET","IN",207,41,"PlayerSync","id=207 bytes=41","cf 4f 00 00 00 1a c9 22 70 d1 2b 09 91 75 9f 9e 90 84 00 00 00 02 bd 6e 00 00 03 cd db 58 ee 6b 57 58 83 fd fd d2 04 02 80",""
2137,9625,"PACKET","IN",207,45,"PlayerSync","id=207 bytes=45","cf 7e 00 c0 00 60 3f c2 00 0d 61 e8 70 eb 30 4a 51 40 30 1e 90 84 00 00 00 03 97 df 94 00 01 07 cc 38 f8 bd 64 18 1b fd fd c8 04 02 80",""
2138,9625,"RPC","IN",87,2,"ClearPlayerAnimation","id=87 bytes=2","5b 00",""
2139,9625,"RPC","IN",86,29,"ApplyPlayerAnimation","id=86 bytes=29","5b 00 05 43 41 52 52 59 0b 63 72 72 79 5f 70 72 74 69 61 6c 33 33 83 40 00 00 00 00 00",""
2140,9625,"RPC","IN",86,27,"ApplyPlayerAnimation","id=86 bytes=27","47 00 07 42 44 5f 46 49 52 45 07 77 61 73 68 5f 75 70 33 33 83 40 80 00 00 00 00",""
2141,9625,"PACKET","IN",207,45,"PlayerSync","id=207 bytes=45","cf 20 00 a8 00 6e ff c0 00 03 53 a4 f0 e5 e2 09 91 58 30 5e 90 80 00 00 00 03 f5 d3 c0 00 00 bc 49 4c f6 91 ad 77 fb fd fd a5 04 04 80",""
2142,9626,"PACKET","IN",207,35,"PlayerSync","id=207 bytes=35","cf 47 00 00 01 0a d6 22 f0 e4 e8 c9 91 79 5b 1e 90 84 00 00 00 02 40 47 c0 00 00 00 00 00 01 fb 04 04 80",""
2143,9626,"PACKET","IN",207,45,"PlayerSync","id=207 bytes=45","cf 1c 00 92 00 61 bf c0 00 19 63 e3 70 f2 4b c9 91 59 68 1e 90 84 00 00 00 03 9e db e0 00 03 7f be b8 f4 00 00 a9 ff fd fd 00 00 00 80",""
2144,9650,"PACKET","IN",207,45,"PlayerSync","id=207 bytes=45","cf 1c 00 91 00 61 7f c0 00 0a a6 63 70 f0 8b c9 91 4e 28 5e 90 84 00 00 00 02 96 db e0 00 02 ed 3e b0 f4 1c 01 45 f7 fd fd 00 00 00 80",""
2145,9650,"PACKET","IN",200,38,"VehicleSync","id=200 bytes=38","c8 3f 00 4b 00 00 00 00 00 00 00 59 70 c6 90 38 68 b0 96 5e ac 32 5b 62 b4 57 f3 b9 b4 20 00 00 00 06 80 3a 00 00",""
2146,9650,"PACKET","IN",207,35,"PlayerSync","id=207 bytes=35","cf 79 00 00 00 09 c6 a2 f0 e9 a5 c9 91 46 da 9e 90 84 00 00 00 02 ec 63 40 00 00 00 00 00 01 28 00 04 11",""
2147,9651,"PACKET","IN",207,45,"PlayerSync","id=207 bytes=45","cf 92 00 fc 7f e0 7f c0 00 31 01 63 30 f1 0f 49 91 43 1e de 90 80 00 00 00 03 0c 4d c0 00 03 37 32 c8 f4 46 58 53 fb fd fd a5 04 04 80",""
2148,9673,"PACKET","IN",207,45,"PlayerSync","id=207 bytes=45","cf 1c 00 90 00 61 7f c0 00 04 68 e3 70 ef 0b c9 91 43 a8 9e 90 84 00 00 00 02 7e db e0 00 00 25 92 90 f4 14 02 b9 f7 fd fd 00 00 00 80",""
2149,9673,"PACKET","IN",200,44,"VehicleSync","id=200 bytes=44","c8 a6 00 1d 00 14 00 e2 ff 20 00 5b 20 b8 60 8a e9 eb 9d 99 7c 31 c4 32 54 54 54 17 c4 20 67 f5 93 d0 af fa 37 03 77 df e0 1f 00 00",""
2150,9673,"PACKET","IN",207,49,"PlayerSync","id=207 bytes=49","cf 30 00 00 00 22 fe a6 b0 cf 96 c9 d1 7b 67 1f 10 84 00 00 00 01 bd d3 00 00 00 00 00 00 03 ff fe 00 00 00 00 00 00 00 00 00 00 00 01 28 00 04 11",""
2151,9673,"PACKET","IN",207,45,"PlayerSync","id=207 bytes=45","cf 92 00 fc 7f e0 7f c0 00 3d c0 a3 30 ca 10 09 91 7b 1e 9e 90 80 00 00 00 03 08 3d c0 00 00 c4 ce d4 f6 36 47 27 fb fd fd a5 04 04 80",""
2152,9695,"PACKET","IN",207,45,"PlayerSync","id=207 bytes=45","cf 1c 00 8f 80 61 3f c0 00 13 ab 63 70 ed 8b c9 91 7a a8 9e 90 84 00 00 00 00 a2 db e0 00 02 99 de 80 f4 14 02 dd f7 fd fd 00 00 00 80",""
2153,9695,"PACKET","IN",207,35,"PlayerSync","id=207 bytes=35","cf 47 00 00 00 0a d6 22 f0 e4 e8 c9 91 79 5b 1e 90 84 00 00 00 02 40 47 c0 00 00 00 00 00 01 fb 04 04 80",""
2154,9695,"PACKET","IN",207,41,"PlayerSync","id=207 bytes=41","cf 4f 00 00 00 35 08 62 70 fa 2a c9 91 41 1f de 90 84 00 00 00 02 bd 6e 00 00 00 c8 cb cc ee 6b 57 58 83 fd fd d2 04 02 80",""
2155,9696,"PACKET","IN",207,43,"PlayerSync","id=207 bytes=43","cf 85 00 60 3f c2 00 2c 40 23 70 c2 cd 09 91 46 23 de 90 84 00 00 00 02 ef 2d 80 00 03 18 b2 c4 f6 c8 18 91 5f fd fd c8 04 02 80",""
2156,9724,"PACKET","IN",207,35,"PlayerSync","id=207 bytes=35","cf 0b 00 00 01 36 74 e3 70 df 22 89 91 49 e4 1e 90 80 00 00 00 00 42 8b c0 00 00 00 00 00 01 a5 04 e8 80",""
2157,9724,"PACKET","IN",207,45,"PlayerSync","id=207 bytes=45","cf 1c 00 8e 80 61 3f c0 00 31 ad 63 70 ec cb c9 91 68 28 de 90 84 00 00 00 01 22 db e0 00 03 67 f6 6c f4 08 01 81 fb fd fd 00 00 00 80",""
2158,9725,"PACKET","IN",207,35,"PlayerSync","id=207 bytes=35","cf 54 00 00 00 27 65 68 30 dc 13 49 d1 7b 67 1f 10 84 00 00 00 01 87 f6 c0 00 00 00 00 00 01 28 00 04 11",""
2159,9725,"PACKET","IN",207,45,"PlayerSync","id=207 bytes=45","cf 7e 00 c0 00 60 3f c2 00 12 73 28 70 fd ad 8a 51 40 30 1e 90 84 00 00 00 01 cb 77 94 00 01 ae 7c b4 f8 0c 77 60 bb fd fd c8 04 02 80",""
2160,9725,"PACKET","IN",207,45,"PlayerSync","id=207 bytes=45","cf 20 00 af 00 71 3f c0 00 0f 52 a4 f0 c1 e3 49 91 7f 71 de 90 80 00 00 00 03 36 13 c0 00 01 be 96 80 f4 fe a2 03 e7 fd fd a5 04 04 80",""
2161,9725,"PACKET","IN",207,35,"PlayerSync","id=207 bytes=35","cf 97 00 00 00 39 55 a5 b0 df 38 c9 91 6c 24 9f 10 80 00 00 00 01 30 6f e8 00 00 00 00 00 01 28 00 04 11",""
2162,9725,"PACKET","IN",207,35,"PlayerSync","id=207 bytes=35","cf 0b 00 00 00 36 74 e3 70 df 22 89 91 49 e4 1e 90 80 00 00 00 00 42 8b c0 00 00 00 00 00 01 a5 04 e8 80",""
2163,9725,"PACKET","IN",207,45,"PlayerSync","id=207 bytes=45","cf 1c 00 8e 00 61 3f c0 00 34 f0 23 70 eb 8b c9 91 63 a9 1e 90 84 00 00 00 00 12 db e0 00 03 b9 9a 7c f4 0c 00 cd fb fd fd 00 00 00 80",""
2164,9726,"PACKET","IN",207,45,"PlayerSync","id=207 bytes=45","cf 20 00 af 00 71 3f c0 00 22 90 64 f0 c7 23 c9 91 5c f2 5e 90 80 00 00 00 01 3a 17 c0 00 03 2d 5a 60 f5 33 27 b7 a3 fd fd a5 04 04 80",""
2165,9726,"PACKET","IN",207,35,"PlayerSync","id=207 bytes=35","cf 37 00 00 00 16 3c 62 b0 f4 68 c9 91 56 9b 9e 90 80 00 00 00 02 2c 7b 40 00 00 00 00 00 01 28 00 04 11",""
2166,9726,"PACKET","IN",203,34,"AimSync","id=203 bytes=34","cb 37 00 04 57 dc 21 3e 60 5a 6a bf 19 7f bd be 69 f8 8a c3 ee a8 26 45 17 59 7d 42 00 00 00 00 3f 3a",""
2167,9726,"PACKET","IN",200,38,"VehicleSync","id=200 bytes=38","c8 3f 00 4b 00 00 00 00 00 00 00 58 90 c7 00 38 88 b0 96 5e ac 32 5b 62 b4 58 33 b9 b4 20 00 00 00 06 80 3a 00 00",""
2168,9726,"PACKET","IN",207,45,"PlayerSync","id=207 bytes=45","cf 92 00 fc 7f e0 7f c0 00 3a 00 23 30 d7 10 89 91 74 de 9e 90 80 00 00 00 03 50 31 c0 00 00 c0 ce d4 f4 1e 38 e7 ff fd fd a5 04 04 80",""
2169,9726,"PACKET","IN",203,34,"AimSync","id=203 bytes=34","cb 92 00 04 89 dc 13 3e 70 e0 6d 3f d6 2c ae be 89 62 8c c3 02 f1 25 45 96 23 82 42 00 00 00 00 3f 37",""
2170,9727,"PACKET","OUT",207,69,"PlayerSync","id=207 bytes=69","cf 00 00 00 00 00 00 e8 9a a0 c3 95 ed 26 45 ed 9c 7c 42 0f 68 4f 3f 00 00 00 80 00 00 00 00 d5 0f 16 bf 64 00 00 00 00 00 00 00 00 00 00 00 00 00 00 00 00 00 00 00 00 00 00 00 00 00 00 00 00 00 28 00 04 11",""
2171,9750,"PACKET","IN",207,45,"PlayerSync","id=207 bytes=45","cf 1c 00 8d 00 60 ff c0 00 19 73 23 70 ea 8b c9 91 61 a9 5e 90 84 00 00 00 01 de db e0 00 02 bd ea 90 f4 08 02 4d fb fd fd 00 00 00 80",""
2172,9750,"PACKET","IN",200,44,"VehicleSync","id=200 bytes=44","c8 a6 00 1d 00 7a 00 f2 ff 00 00 50 00 c2 80 8b d9 e8 9b f9 7c 35 34 22 54 55 03 97 c4 2f 0b 34 43 d3 9f 94 d5 75 e7 af e0 1f 00 00",""
2173,9773,"PACKET","IN",207,45,"PlayerSync","id=207 bytes=45","cf 1c 00 8c 80 60 ff c2 00 25 b5 e3 70 e9 0b c9 91 5d e9 9e 90 84 00 00 00 00 b6 db e0 00 00 42 5e c4 f4 10 03 c1 f7 fd fd 00 00 00 80",""
2174,9773,"PACKET","IN",207,41,"PlayerSync","id=207 bytes=41","cf 4f 00 00 00 3c 46 a2 70 fc ea 89 91 60 1f de 90 84 00 00 00 02 bd 6e 00 00 03 77 2e e0 f2 6b 57 58 83 fd fd d2 04 02 80",""
2175,9774,"PACKET","IN",207,43,"PlayerSync","id=207 bytes=43","cf 85 00 60 3f c2 00 03 ce e3 70 d5 8c 89 91 6b a5 1e 90 84 00 00 00 00 c3 11 80 00 02 78 90 34 fa b4 0b cd 97 fd fd c8 04 02 80",""
2176,9774,"PACKET","IN",207,45,"PlayerSync","id=207 bytes=45","cf 92 00 fc 7f e0 7f c0 00 1d ff a2 f0 eb 51 49 91 6d 9e 9e 90 80 00 00 00 03 54 25 c0 00 01 9e f2 94 f6 6a 2a 3b ff fd fd a5 04 04 80",""
2177,9797,"PACKET","IN",207,45,"PlayerSync","id=207 bytes=45","cf 20 00 af 00 70 7f c0 00 24 4c a4 f0 e3 e4 49 91 7f 71 de 90 80 00 00 00 03 da 0f c0 00 00 2d 22 fc f4 ff 4c e7 87 fd fd a5 04 04 80",""
2178,9797,"PACKET","IN",207,35,"PlayerSync","id=207 bytes=35","cf 47 00 00 00 0a d6 22 f0 e4 e8 c9 91 79 5b 1e 90 84 00 00 00 02 40 47 c0 00 00 00 00 00 01 28 00 04 11",""
2179,9797,"PACKET","IN",203,34,"AimSync","id=203 bytes=34","cb 47 00 04 d1 25 03 be 92 36 6d 3f eb 01 b5 be e7 35 8b c3 94 84 26 45 17 c8 7f 42 00 00 00 00 3f c6",""
2180,9797,"PACKET","IN",207,45,"PlayerSync","id=207 bytes=45","cf 7e 00 c0 00 60 3f c2 00 04 c9 68 b0 f0 ec 0a 51 40 30 1e 90 84 00 00 00 00 3b 6b 94 00 01 f4 2f 98 f4 78 3e 99 0f fd fd c8 04 02 80",""
2181,9797,"RPC","IN",99,42,"MoveObject","id=99 bytes=42","83 00 f8 e3 a1 c3 d7 9b 26 45 53 c5 7d 42 f8 e3 a1 c3 d7 9b 26 45 ed 5e 7b 42 00 00 80 3e 00 00 00 00 00 00 00 00 08 cc 84 43",""
2182,9797,"RPC","IN",122,2,"StopObject","id=122 bytes=2","83 00",""
2183,9797,"RPC","IN",99,42,"MoveObject","id=99 bytes=42","83 00 f8 e3 a1 c3 d7 9b 26 45 53 c5 7d 42 f8 e3 a1 c3 d7 9b 26 45 53 c5 7d 42 00 00 80 3e 00 00 00 00 00 00 00 00 08 cc 84 43",""
2184,9797,"RPC","IN",122,2,"StopObject","id=122 bytes=2","83 00",""
2185,9798,"RPC","IN",99,42,"MoveObject","id=99 bytes=42","83 00 f8 e3 a1 c3 d7 9b 26 45 53 c5 7d 42 f8 e3 a1 c3 d7 9b 26 45 ed 5e 7b 42 00 00 80 3e 00 00 00 00 00 00 00 00 08 cc 84 43",""
2186,9798,"RPC","IN",122,2,"StopObject","id=122 bytes=2","83 00",""
2187,9798,"RPC","IN",99,42,"MoveObject","id=99 bytes=42","83 00 f8 e3 a1 c3 d7 9b 26 45 53 c5 7d 42 f8 e3 a1 c3 d7 9b 26 45 53 c5 7d 42 00 00 80 3e 00 00 00 00 00 00 00 00 08 cc 84 43",""
2188,9798,"RPC","IN",122,2,"StopObject","id=122 bytes=2","83 00",""
2189,9798,"RPC","IN",99,42,"MoveObject","id=99 bytes=42","83 00 f8 e3 a1 c3 d7 9b 26 45 53 c5 7d 42 f8 e3 a1 c3 d7 9b 26 45 ed 5e 7b 42 00 00 80 3e 00 00 00 00 00 00 00 00 08 cc 84 43",""
2190,9798,"RPC","IN",122,2,"StopObject","id=122 bytes=2","83 00",""
2191,9798,"RPC","IN",99,42,"MoveObject","id=99 bytes=42","83 00 f8 e3 a1 c3 d7 9b 26 45 53 c5 7d 42 f8 e3 a1 c3 d7 9b 26 45 53 c5 7d 42 00 00 80 3e 00 00 00 00 00 00 00 00 08 cc 84 43",""
2192,9798,"RPC","IN",122,2,"StopObject","id=122 bytes=2","83 00",""
2193,9798,"RPC","IN",99,42,"MoveObject","id=99 bytes=42","83 00 f8 e3 a1 c3 d7 9b 26 45 53 c5 7d 42 f8 e3 a1 c3 d7 9b 26 45 ed 5e 7b 42 00 00 80 3e 00 00 00 00 00 00 00 00 08 cc 84 43",""
2194,9798,"RPC","IN",122,2,"StopObject","id=122 bytes=2","83 00",""
2195,9798,"RPC","IN",99,42,"MoveObject","id=99 bytes=42","83 00 f8 e3 a1 c3 d7 9b 26 45 53 c5 7d 42 f8 e3 a1 c3 d7 9b 26 45 53 c5 7d 42 00 00 80 3e 00 00 00 00 00 00 00 00 08 cc 84 43",""
2196,9798,"RPC","IN",122,2,"StopObject","id=122 bytes=2","83 00",""
2197,9798,"RPC","IN",99,42,"MoveObject","id=99 bytes=42","83 00 f8 e3 a1 c3 d7 9b 26 45 53 c5 7d 42 f8 e3 a1 c3 d7 9b 26 45 ed 5e 7b 42 00 00 80 3e 00 00 00 00 00 00 00 00 08 cc 84 43",""
2198,9798,"RPC","IN",122,2,"StopObject","id=122 bytes=2","83 00",""
2199,9799,"RPC","IN",99,42,"MoveObject","id=99 bytes=42","83 00 f8 e3 a1 c3 d7 9b 26 45 53 c5 7d 42 f8 e3 a1 c3 d7 9b 26 45 53 c5 7d 42 00 00 80 3e 00 00 00 00 00 00 00 00 08 cc 84 43",""
2200,9799,"RPC","IN",122,2,"StopObject","id=122 bytes=2","83 00",""
2201,9799,"RPC","IN",99,42,"MoveObject","id=99 bytes=42","83 00 f8 e3 a1 c3 d7 9b 26 45 53 c5 7d 42 f8 e3 a1 c3 d7 9b 26 45 ed 5e 7b 42 00 00 80 3e 00 00 00 00 00 00 00 00 08 cc 84 43",""
2202,9823,"PACKET","IN",200,38,"VehicleSync","id=200 bytes=38","c8 3f 00 4b 00 00 00 00 00 00 00 58 80 c7 00 38 98 b0 96 5e ac 32 5b 62 b4 58 33 b9 b4 20 00 00 00 06 80 3a 00 00",""
2203,9823,"PACKET","IN",207,35,"PlayerSync","id=207 bytes=35","cf 46 00 00 00 3e ca 23 30 fc 9b 89 91 68 df 1e 90 84 00 00 00 03 0d 37 c0 00 00 00 00 00 01 28 00 04 11",""
2204,9824,"PACKET","IN",203,34,"AimSync","id=203 bytes=34","cb 46 00 04 12 e2 27 bf c3 2d 41 bf ba 7c b8 3c 08 84 8b c3 ab 86 26 45 c3 b5 7c 42 00 00 00 00 23 37",""
2205,9824,"PACKET","IN",207,43,"PlayerSync","id=207 bytes=43","cf 7e 00 60 3f c2 00 2f 0e 28 b0 e1 6b ca 51 40 30 1e 90 84 00 00 00 00 27 97 94 00 00 b6 24 08 fb 0c 35 09 1b fd fd c8 04 02 80",""
2206,9824,"PACKET","IN",207,45,"PlayerSync","id=207 bytes=45","cf 92 00 fb 7f e0 7f c0 00 10 ff 62 f0 ec d1 c9 91 6a 1e 9e 90 80 00 00 00 01 bc 19 c0 00 02 58 ea 74 f4 52 26 b3 ff fd fd a5 04 04 80",""
2207,9824,"PACKET","IN",207,45,"PlayerSync","id=207 bytes=45","cf 1c 00 8c 00 60 ff c2 00 2d 7d 23 70 e7 0b c9 91 79 aa 1e 90 84 00 00 00 01 5e d7 e0 00 03 89 5b 00 f4 00 01 f5 ff fd fd 00 00 00 80",""
2208,9824,"PACKET","IN",207,45,"PlayerSync","id=207 bytes=45","cf 20 00 ad 80 6f 7f c0 00 35 c7 a4 f0 c6 64 c9 91 7f 71 de 90 80 00 00 00 03 e6 03 c0 00 01 f1 8b 20 f4 ef c2 22 f7 fd fd a5 04 04 80",""
2209,9845,"PACKET","IN",207,45,"PlayerSync","id=207 bytes=45","cf 1c 00 8b 80 60 ff c2 00 02 00 23 b0 e6 cb c9 91 76 2a 5e 90 84 00 00 00 01 6e d7 e0 00 02 fb 3e f8 f4 00 02 25 ff fd fd 00 00 00 80",""
2210,9845,"PACKET","IN",200,44,"VehicleSync","id=200 bytes=44","c8 a6 00 1d 00 7f 00 00 00 00 00 59 90 cd 90 7e 6a 18 ba 99 7c 32 e4 12 54 5c 92 e7 c4 2b 1f c2 d3 da ff 2a 24 7b 37 8f e0 1f 00 00",""
2211,9845,"PACKET","IN",207,41,"PlayerSync","id=207 bytes=41","cf 4f 00 00 00 34 05 62 70 cf 2a 89 91 77 9f de 90 84 00 00 00 02 bd 6e 00 00 03 14 80 0c f2 6b 57 58 83 fd fd d2 04 02 80",""
2212,9846,"PACKET","IN",207,45,"PlayerSync","id=207 bytes=45","cf 92 00 f8 ff e0 7f c0 00 17 3f 22 f0 f2 92 89 91 67 5e 9e 90 84 00 00 00 00 3c 01 c0 00 03 4b 32 80 f5 76 0b e7 ff fd fd a5 04 04 80",""
2213,9873,"PACKET","IN",207,45,"PlayerSync","id=207 bytes=45","cf 20 00 a4 00 6b ff c0 00 1c 41 a4 f0 ff e5 09 91 7f 71 de 90 80 00 00 00 00 71 b3 c0 00 02 bf 17 10 f5 27 a7 27 23 fd fd a5 04 04 80",""
2214,9877,"PACKET","IN",207,43,"PlayerSync","id=207 bytes=43","cf 85 00 60 3f c2 00 25 57 a3 70 dd 8c 49 91 40 a6 1e 90 84 00 00 00 03 47 11 80 00 02 10 12 34 f5 78 0f 4d 8b fd fd c8 04 02 80",""
2215,9883,"PACKET","IN",200,38,"VehicleSync","id=200 bytes=38","c8 3f 00 4b 00 00 00 00 00 00 00 59 50 c6 90 38 98 b0 86 5e ac 32 5b 62 b4 57 f3 b9 b4 20 00 00 00 06 80 3a 00 00",""
2216,9883,"PACKET","IN",207,35,"PlayerSync","id=207 bytes=35","cf 51 00 00 00 2e e7 28 30 ea ff 89 91 7b 67 1f 10 84 00 00 00 03 a6 8b c0 00 00 00 00 00 01 a5 04 e8 80",""
2217,9883,"PACKET","IN",207,43,"PlayerSync","id=207 bytes=43","cf 7e 00 60 3f c2 00 1a 5c 68 b0 f4 e9 ca 51 40 30 1e 90 84 00 00 00 00 a3 ef 94 00 03 fa fc a0 f8 34 f2 14 4f fd fd c8 04 02 80",""
2218,9903,"PACKET","IN",207,45,"PlayerSync","id=207 bytes=45","cf 20 00 a2 00 6a ff c0 00 14 fc e4 b0 c4 65 c9 91 7f 71 de 90 80 00 00 00 01 f1 a7 c0 00 03 2f 87 34 f5 a7 7d 47 57 fd fd a5 04 04 80",""
2219,9904,"PACKET","IN",203,34,"AimSync","id=203 bytes=34","cb 20 00 04 da 5c 3d 3e 4e 4c 7b 3f 72 17 40 bd a3 4a 93 c3 fe 61 26 45 0e cf 7d 42 00 00 00 00 3f 37",""
2220,9904,"PACKET","IN",207,35,"PlayerSync","id=207 bytes=35","cf 7c 00 00 00 38 64 25 b0 e1 1a 09 d1 6c 24 9f 10 80 00 00 00 01 b1 ee 40 00 00 00 00 00 01 fb 04 e8 80",""
2221,9925,"PACKET","IN",207,45,"PlayerSync","id=207 bytes=45","cf 92 00 f7 7f e0 bf c0 00 23 7f 22 f0 ef 53 49 91 67 9e 9e 90 84 00 00 00 01 24 11 c0 00 00 f3 46 e0 f4 29 fb ef ff fd fd a5 04 04 80",""
2222,9926,"PACKET","IN",207,45,"PlayerSync","id=207 bytes=45","cf 1c 00 8b 80 60 ff c2 00 39 0d 23 b0 e9 4b c9 91 4e 2b 9e 90 84 00 00 00 03 c6 cb e0 00 03 1e 72 e4 f4 10 00 7a 0b fd fd 00 00 00 80",""
2223,9926,"PACKET","IN",207,41,"PlayerSync","id=207 bytes=41","cf 4f 00 00 00 08 07 22 70 c7 6a c9 91 5b 1f de 90 84 00 00 00 02 bd 6e 00 00 01 f4 ca 4c f1 90 a8 a3 7f fd fd d2 04 02 80",""
2224,9926,"PACKET","IN",200,44,"VehicleSync","id=200 bytes=44","c8 a6 00 1d 00 7f 00 00 00 00 00 5d f0 cd e0 72 8a 67 f9 69 7c 30 84 02 54 5c 02 47 c4 2d 40 f1 c3 df af 05 44 45 27 8f e0 1f 00 00",""
2225,9954,"PACKET","IN",207,45,"PlayerSync","id=207 bytes=45","cf 20 00 a2 00 6a bf c0 00 0c f8 64 b0 c2 66 49 91 7f 71 de 90 80 00 00 00 01 71 b3 c0 00 01 7a c3 34 f5 43 84 8f 4f fd fd a5 04 04 80",""
2226,9954,"PACKET","IN",207,43,"PlayerSync","id=207 bytes=43","cf 85 00 60 3f c2 00 35 a3 a3 70 ef 4b c9 91 71 a7 1e 90 84 00 00 00 03 47 11 80 00 01 db db 64 f6 a4 13 0d 77 fd fd c8 04 02 80",""
2227,9954,"PACKET","IN",207,45,"PlayerSync","id=207 bytes=45","cf 92 00 f6 ff e0 bf c0 00 21 bf 62 f0 fd 94 09 91 6a 9e 9e 90 84 00 00 00 03 e4 15 c0 00 02 76 d2 e4 f6 19 eb 87 ff fd fd a5 04 04 80",""
2228,9955,"PACKET","IN",207,35,"PlayerSync","id=207 bytes=35","cf 5b 00 00 00 3f c4 a6 f0 d9 07 09 d1 7b 67 1f 10 84 00 00 00 01 2a 42 00 00 00 00 00 00 01 a5 04 e8 80",""
2229,9955,"PACKET","IN",203,34,"AimSync","id=203 bytes=34","cb 5b 00 04 65 28 83 3d 07 2e 47 be 1f 93 7a bf 22 25 9b c3 46 23 27 45 dd d5 83 42 00 00 00 00 23 27",""
2230,9955,"PACKET","IN",207,43,"PlayerSync","id=207 bytes=43","cf 7e 00 60 3f c2 00 0b 23 e8 b0 ce 27 ca 51 40 30 1e 90 84 00 00 00 01 c7 df 94 00 00 6c 1c 14 f8 2d 25 94 33 fd fd c8 04 02 80",""
2231,9976,"PACKET","IN",207,35,"PlayerSync","id=207 bytes=35","cf 15 00 00 00 0d cb 23 30 d7 62 49 91 71 9f 1e 90 84 00 00 00 01 9e 65 80 00 00 00 00 00 01 28 00 04 11",""
2232,9977,"PACKET","IN",207,45,"PlayerSync","id=207 bytes=45","cf 1c 00 8c 00 60 ff c2 00 26 12 a3 b0 ed 8b c9 91 7f ab de 90 84 00 00 00 00 92 c7 e0 00 03 40 de f4 f4 34 02 ba 0f fd fd 00 00 00 80",""
2233,9977,"PACKET","IN",207,45,"PlayerSync","id=207 bytes=45","cf 20 00 a2 00 6b 3f c0 00 15 b3 64 b0 c4 e6 c9 91 7f 31 de 90 80 00 00 00 00 6d c7 c0 00 01 7f 53 20 f6 5f 8d 9b 43 fd fd a5 04 04 80",""
2234,9978,"PACKET","IN",207,45,"PlayerSync","id=207 bytes=45","cf 92 00 f6 7f e0 bf c0 00 37 7f a2 f0 c9 95 09 91 6e 9e 9e 90 84 00 00 00 00 08 21 c0 00 00 f0 ce bc f5 0d e3 0f ff fd fd a5 04 04 80",""
2235,10004,"PACKET","IN",200,44,"VehicleSync","id=200 bytes=44","c8 a6 00 1d 00 7f 00 00 00 08 00 5e 10 ce 50 73 9a af 38 69 7c 31 33 f2 54 59 91 c7 c4 2c e6 ac 33 c7 ff 06 e4 34 87 8f e0 1f 00 00",""
2236,10004,"PACKET","IN",207,41,"PlayerSync","id=207 bytes=41","cf 4f 00 00 00 3d 46 62 70 f4 2a 89 91 64 9f de 90 84 00 00 00 02 bd 6e 00 00 00 44 cb cc ee 6b 57 58 83 fd fd d2 04 02 80",""
2237,10005,"PACKET","IN",207,45,"PlayerSync","id=207 bytes=45","cf 92 00 f9 ff e0 7f c0 00 3b ff e2 f0 d8 d5 89 91 71 9e 9e 90 84 00 00 00 02 e4 05 c0 00 00 00 02 a0 f6 49 e3 1f ff fd fd a5 04 04 80",""
2238,10025,"PACKET","IN",207,45,"PlayerSync","id=207 bytes=45","cf 1c 00 8c 80 60 ff c2 00 24 9b 63 b0 fa cb c9 91 73 2c 9e 90 84 00 00 00 03 66 bb e0 00 01 08 2b 48 f4 bc 03 76 1b fd fd 00 00 00 80",""
2239,10026,"PACKET","IN",207,45,"PlayerSync","id=207 bytes=45","cf 20 00 a7 00 6d 7f c0 00 35 6e 24 b0 f8 67 09 91 7f 31 de 90 80 00 00 00 01 f6 0b c0 00 01 0f 57 38 f4 db b1 6f 13 fd fd a5 04 04 80",""
2240,10026,"PACKET","IN",200,38,"VehicleSync","id=200 bytes=38","c8 3f 00 4b 00 00 00 00 00 00 00 58 90 c6 e0 38 b8 b0 86 5e ac 32 5b 62 b4 58 23 b9 b4 20 00 00 00 06 80 3a 00 00",""
2241,10026,"PACKET","IN",203,34,"AimSync","id=203 bytes=34","cb 76 00 12 99 0c 39 3f 9b 46 8b be 38 9d 22 bf df 80 ae c3 6c ff 26 45 14 7f 86 42 00 00 00 00 3f ff",""
2242,10026,"PACKET","IN",207,43,"PlayerSync","id=207 bytes=43","cf 85 00 60 3f c2 00 01 31 a3 70 d5 0b 49 91 5b a8 9e 90 84 00 00 00 03 47 11 80 00 03 0e 9b b4 f4 20 27 0d 43 fd fd c8 04 02 80",""
2243,10055,"PACKET","IN",207,45,"PlayerSync","id=207 bytes=45","cf 1c 00 8d 00 60 ff c2 00 15 9f 23 b0 c2 cc 09 91 7e 2c de 90 84 00 00 00 02 3a b7 e0 00 01 df 9b 54 f5 24 02 46 23 fd fd 00 00 00 80",""
2244,10055,"PACKET","IN",207,35,"PlayerSync","id=207 bytes=35","cf 4b 00 00 00 15 e8 a3 70 f0 5d 09 91 79 a3 5e 90 80 00 00 00 03 47 12 00 00 00 00 00 00 01 28 00 04 11",""
2245,10056,"PACKET","IN",203,34,"AimSync","id=203 bytes=34","cb 4b 00 04 96 aa 35 3f 7d 44 2b bf 26 4d 62 be be 8f 8e c3 ba 90 26 45 ca 43 7f 42 00 00 00 00 3f 22",""
2246,10056,"PACKET","IN",207,43,"PlayerSync","id=207 bytes=43","cf 7e 00 60 3f c2 00 3f 71 68 b0 f4 65 0a 51 40 30 1e 90 84 00 00 00 02 e7 cf 94 00 02 7e 59 90 fa 90 d8 68 5f fd fd c8 04 02 80",""
2247,10056,"PACKET","IN",207,45,"PlayerSync","id=207 bytes=45","cf 1c 00 8d 80 60 ff c2 00 17 e2 23 b0 ca 8c 09 91 7a 2d 1e 90 84 00 00 00 03 52 af e0 00 02 84 cf 64 f5 a8 01 56 2b fd fd 00 00 00 80",""
2248,10056,"PACKET","IN",207,45,"PlayerSync","id=207 bytes=45","cf 20 00 ac 00 6f 7f c0 00 37 e8 24 b0 d5 67 89 91 7f 31 de 90 80 00 00 00 00 ee 4b c0 00 02 4a 13 30 f5 93 da 92 c3 fd fd a5 04 04 80",""
2249,10056,"PACKET","IN",207,45,"PlayerSync","id=207 bytes=45","cf 92 00 ff 7f e0 7f c0 00 34 3f e2 f0 de 16 49 91 71 1e 9e 90 80 00 00 00 00 c0 21 c0 00 00 15 4a 9c f6 02 07 f3 ff fd fd a5 04 04 80",""
2250,10077,"PACKET","IN",207,45,"PlayerSync","id=207 bytes=45","cf 1c 00 8d 80 61 3f c2 00 36 a5 23 b0 d4 8c 09 91 77 ed 5e 90 84 00 00 00 02 a2 ab e0 00 01 c2 87 68 f6 80 02 a2 33 fd fd 00 00 00 80",""
2251,10077,"PACKET","IN",207,35,"PlayerSync","id=207 bytes=35","cf 2d 00 00 00 37 8d 62 b0 cb e9 09 91 5c 9a de 90 80 00 00 00 01 5c 03 c0 00 00 00 00 00 01 28 00 04 11",""
2252,10077,"PACKET","IN",207,35,"PlayerSync","id=207 bytes=35","cf 4d 00 00 00 19 5f dc f0 c3 00 c9 91 7b ec 9e 90 80 00 00 00 00 39 bc 80 00 00 00 00 00 01 a8 04 04 11",""
2253,10077,"PACKET","IN",200,44,"VehicleSync","id=200 bytes=44","c8 a6 00 1d 00 7f 00 00 00 08 00 5c f0 dc 20 6b 4a b6 98 39 7c 3c c3 e2 54 53 41 97 c4 2f bd 9f 83 a0 03 a4 a1 51 e7 6f e0 1f 00 00",""
2254,10105,"PACKET","IN",207,35,"PlayerSync","id=207 bytes=35","cf 4f 00 00 00 0e 46 62 70 ed aa 89 91 68 1f de 90 84 00 00 00 02 bd 6e 00 00 00 00 00 00 01 a5 04 08 80",""
2255,10105,"PACKET","IN",207,45,"PlayerSync","id=207 bytes=45","cf 1c 00 8e 00 61 3f c2 00 3c a8 63 b0 e0 4c 09 91 77 ed 9e 90 84 00 00 00 03 62 a3 e0 00 00 f3 73 78 f7 2c 00 ea 3b fd fd 00 00 00 80",""
2256,10106,"PACKET","IN",207,45,"PlayerSync","id=207 bytes=45","cf 20 00 ad 80 6f ff c0 00 32 22 a4 b0 d2 67 c9 91 7f 31 de 90 80 00 00 00 02 02 63 c0 00 01 fe 17 00 f6 7f e7 86 9f fd fd a5 04 04 80",""
2257,10106,"PACKET","IN",200,38,"VehicleSync","id=200 bytes=38","c8 3f 00 4b 00 00 00 00 00 00 00 58 90 c6 f0 38 b8 b0 86 5e ac 32 5b 62 b4 58 13 b9 b4 20 00 00 00 06 80 3a 00 00",""
2258,10106,"PACKET","IN",207,43,"PlayerSync","id=207 bytes=43","cf 85 00 60 3f c2 00 0a ff 23 70 c4 8b 09 91 5d e9 de 90 84 00 00 00 03 47 11 80 00 02 69 27 18 f4 90 0a b1 a3 fd fd c8 04 02 80",""
2259,10106,"PACKET","IN",207,45,"PlayerSync","id=207 bytes=45","cf 92 00 8c 00 60 ff c0 00 35 3e e2 f0 ee 97 09 91 65 1e 9e 90 80 00 00 00 00 34 85 c0 00 01 6d 9a c0 f4 fa 73 5f f3 fd fd a5 04 04 80",""
2260,10126,"PACKET","IN",207,45,"PlayerSync","id=207 bytes=45","cf 20 00 ad 80 6f ff c0 00 2f 5d 64 b0 c3 68 09 91 7f 31 de 90 80 00 00 00 03 ce 6f c0 00 00 62 f6 ec f5 07 ee 06 8b fd fd a5 04 04 80",""
2261,10155,"PACKET","IN",207,45,"PlayerSync","id=207 bytes=45","cf 1c 00 8e 80 61 3f c2 00 1d af 23 b0 fd 4c 09 91 77 2e 1e 90 84 00 00 00 03 fe 97 e0 00 03 0a c3 8c f5 18 04 22 4b fd fd 00 00 00 80",""
2262,10156,"PACKET","IN",207,43,"PlayerSync","id=207 bytes=43","cf 7e 00 60 3f c2 00 2c 82 a8 f0 d9 62 4a 51 40 30 1e 90 84 00 00 00 02 7b c7 94 00 03 fd a1 dc fa f8 c1 f0 6f fd fd c8 04 02 80",""
2263,10156,"PACKET","IN",207,45,"PlayerSync","id=207 bytes=45","cf 92 00 8e 80 61 3f c0 00 39 7d a2 f0 f9 97 89 91 56 9e 9e 90 80 00 00 00 01 98 95 c0 00 01 55 9a c0 f5 1e 95 cb eb fd fd a5 04 04 80",""
2264,10156,"PACKET","IN",207,45,"PlayerSync","id=207 bytes=45","cf 1c 00 8f 80 61 3f c2 00 35 f2 63 b0 ce 8c 49 91 76 2e 5e 90 84 00 00 00 01 ba 8f e0 00 00 6f 77 8c f6 84 05 6a 53 fd fd 00 00 00 80",""
2265,10177,"PACKET","IN",207,45,"PlayerSync","id=207 bytes=45","cf 20 00 ad 80 6e ff c0 00 2b d8 24 b0 f0 28 09 91 7f 31 de 90 80 00 00 00 00 ee 73 c0 00 00 ba 9a f0 f6 57 ed 4a 87 fd fd a5 04 04 80",""
2266,10178,"PACKET","IN",200,44,"VehicleSync","id=200 bytes=44","c8 a6 00 1d 00 7f 00 00 00 08 00 59 30 fd e0 45 0a b8 a8 89 7c 3f 33 e2 54 5b 51 87 c4 2c 70 98 33 c9 a0 63 0a 89 98 5f e0 1f 00 00",""
2267,10178,"PACKET","IN",207,35,"PlayerSync","id=207 bytes=35","cf 02 00 00 00 08 a8 a2 70 e7 a8 c9 91 7a 9d 5e 90 84 00 00 00 00 fc 56 c0 00 00 00 00 00 01 28 00 04 11",""
2268,10178,"PACKET","IN",203,34,"AimSync","id=203 bytes=34","cb 02 00 04 1b 4c 53 bf 9d 09 f3 3e 9f 7e 9c be e0 c6 88 c3 db 93 26 45 e3 65 7f 42 00 00 00 00 3f 36",""
2269,10178,"PACKET","IN",207,35,"PlayerSync","id=207 bytes=35","cf 1b 00 00 00 02 a3 63 70 d7 5a c9 91 7b a3 1e 90 80 00 00 00 00 d6 93 00 00 00 00 00 00 01 28 00 04 11",""
2270,10178,"PACKET","IN",203,34,"AimSync","id=203 bytes=34","cb 1b 00 04 fb 6c 2d 3f 69 ff 06 3f 5f 48 03 bf 30 74 8e c3 e0 54 26 45 8e 35 81 42 00 00 00 00 3f 1a",""
2271,10178,"PACKET","IN",207,45,"PlayerSync","id=207 bytes=45","cf 1c 00 91 00 61 7f c2 00 09 b6 23 b0 e4 0c 49 91 77 ae 9e 90 84 00 00 00 03 3e 7f e0 00 02 e6 83 7c f4 d0 0a a2 5f fd fd 00 00 00 80",""
2272,10178,"PACKET","IN",207,43,"PlayerSync","id=207 bytes=43","cf 85 00 60 3f c2 00 17 8e 23 b0 f9 4a 89 91 7d 2b 1e 90 84 00 00 00 00 56 d5 80 00 02 6a 28 04 f8 60 05 25 bf fd fd c8 04 02 80",""
2273,10205,"PACKET","IN",207,45,"PlayerSync","id=207 bytes=45","cf 1c 00 95 00 62 3f c2 00 35 b8 e3 b0 f9 4c 49 91 6b ae de 90 84 00 00 00 02 26 5f e0 00 02 ec a7 70 f4 98 0c ea 73 fd fd 00 00 00 80",""
2274,10205,"PACKET","IN",200,38,"VehicleSync","id=200 bytes=38","c8 3f 00 4b 00 00 00 00 00 00 00 58 40 c7 30 38 c8 b0 86 5e ac 32 5b 62 b4 58 33 b9 b4 20 00 00 00 06 80 3a 00 00",""
2275,10205,"PACKET","IN",207,45,"PlayerSync","id=207 bytes=45","cf 92 00 94 80 61 ff c0 00 14 3b e2 f0 f2 98 49 91 40 5e 9e 90 80 00 00 00 02 08 c1 c0 00 00 7e 3a bc f4 c2 ad f3 e3 fd fd a5 04 04 80",""
2276,10205,"PACKET","IN",207,45,"PlayerSync","id=207 bytes=45","cf 20 00 ab 80 6d 7f c0 00 0e d3 24 b0 dd 28 49 91 7f 31 de 90 80 00 00 00 03 1a 63 c0 00 03 66 92 f0 f4 8b ef c2 8b fd fd a5 04 04 80",""
2277,10205,"PACKET","IN",207,43,"PlayerSync","id=207 bytes=43","cf 7e 00 60 3f c2 00 06 cb a8 f0 f8 a0 ca 51 40 30 1e 90 84 00 00 00 01 83 c7 94 00 02 9d 08 2c fa 60 bd 9c 73 fd fd c8 04 02 80",""
2278,10227,"PACKET","IN",207,45,"PlayerSync","id=207 bytes=45","cf 1c 00 97 80 62 bf c2 00 3a fc 23 b0 da 0c 89 91 61 af 1e 90 84 00 00 00 02 d6 47 e0 00 00 4c ff 60 f7 70 15 2a 9b fd fd 00 00 00 80",""
2279,10227,"PACKET","IN",207,35,"PlayerSync","id=207 bytes=35","cf 97 00 00 00 39 55 a5 b0 df 38 c9 91 6c 24 9f 10 80 00 00 00 01 30 6f e8 00 00 00 00 00 01 28 00 04 11",""
2280,10228,"PACKET","IN",207,45,"PlayerSync","id=207 bytes=45","cf 1c 00 9a 80 63 3f c2 00 29 7f 23 b0 fd 4c 89 91 4f 2f 5e 90 84 00 00 00 00 2a 2f e0 00 00 e1 8f 6c f4 c4 20 3e b7 fd fd 00 00 00 80",""
2281,10228,"PACKET","IN",207,35,"PlayerSync","id=207 bytes=35","cf 54 00 00 00 27 65 68 30 dc 13 49 d1 7b 67 1f 10 84 00 00 00 01 87 f6 c0 00 00 00 00 00 01 28 00 04 11",""
2282,10255,"PACKET","IN",207,45,"PlayerSync","id=207 bytes=45","cf 20 00 a6 00 6b 7f c0 00 07 cd 64 b0 da e8 89 91 7f 31 de 90 80 00 00 00 00 c2 43 c0 00 01 c7 9a c4 f6 43 de be b7 fd fd a5 04 04 80",""
2283,10255,"PACKET","IN",207,45,"PlayerSync","id=207 bytes=45","cf 7e 00 c0 00 60 3f c2 00 1e 52 68 f0 e9 5f ca 51 40 30 1e 90 84 00 00 00 01 23 af 94 00 02 34 00 94 fa 60 bd 9c 73 fd fd c8 04 02 80",""
2284,10255,"PACKET","IN",207,45,"PlayerSync","id=207 bytes=45","cf 92 00 94 80 61 ff c0 00 07 79 22 f0 d3 99 49 91 5f 9e 5e 90 80 00 00 00 01 e8 bd c0 00 00 60 ce ec f7 be b8 53 df fd fd a5 04 04 80",""
2285,10256,"PACKET","IN",207,45,"PlayerSync","id=207 bytes=45","cf 1c 00 9d 00 63 bf c2 00 21 82 23 f0 e8 0c c9 91 7a 2f 5e 90 84 00 00 00 00 52 17 e0 00 00 6d 57 78 f5 00 2d ea d3 fd fd 00 00 00 80",""
2286,10256,"PACKET","IN",207,43,"PlayerSync","id=207 bytes=43","cf 85 00 60 3f c2 00 18 1b a3 b0 cc ca 89 91 6d ac 5e 90 84 00 00 00 01 4e 79 80 00 01 58 20 04 fb 94 04 31 ab fd fd c8 04 02 80",""
2287,10256,"PACKET","IN",200,44,"VehicleSync","id=200 bytes=44","c8 a6 00 1d 00 7f 00 00 00 08 00 5b d1 0b a0 30 2a 93 49 59 7c 38 53 f2 54 57 01 c7 c4 20 38 70 03 dc b0 9b 2b 05 38 6f e0 1f 00 00",""
2288,10276,"PACKET","IN",207,45,"PlayerSync","id=207 bytes=45","cf 1c 00 9f 00 64 7f c2 00 3a 44 e3 f0 d7 4d 09 91 5f ef 9e 90 84 00 00 00 01 85 ff e0 00 03 53 b7 9c f5 40 3b 42 eb fd fd 00 00 00 80",""
2289,10276,"PACKET","IN",200,38,"VehicleSync","id=200 bytes=38","c8 3f 00 4b 00 00 00 00 00 00 00 58 10 c7 50 38 d8 b0 86 5e ac 32 5b 62 b4 58 33 b9 b4 20 00 00 00 06 80 3a 00 00",""
2290,10276,"PACKET","IN",207,37,"PlayerSync","id=207 bytes=37","cf 4f 00 41 00 00 00 0e 46 62 70 ed aa 89 91 68 1f de 90 84 00 00 00 02 7c ea 00 00 00 00 00 00 01 c8 04 08 80",""
2291,10306,"PACKET","IN",207,37,"PlayerSync","id=207 bytes=37","cf 0b 00 42 40 00 00 36 74 e3 70 df 22 89 91 49 e4 1e 90 80 00 00 00 00 0a b3 c0 00 00 00 00 00 01 c8 04 e8 80",""
2292,10306,"PACKET","IN",207,45,"PlayerSync","id=207 bytes=45","cf 1c 00 a1 00 64 ff c2 00 0c 88 63 f0 d5 8d 49 91 48 af de 90 84 00 00 00 03 ed e7 e0 00 00 95 af ac f6 04 46 77 03 fd fd 00 00 00 80",""
2293,10306,"PACKET","IN",207,45,"PlayerSync","id=207 bytes=45","cf 20 00 a4 80 6b 7f c0 00 07 09 24 b0 d0 68 c9 91 7f 31 de 90 80 00 00 00 00 de 47 c0 00 03 7c 46 98 f4 b7 de ba bb fd fd a5 04 04 80",""
2294,10306,"PACKET","IN",207,49,"PlayerSync","id=207 bytes=49","cf 30 00 00 00 22 fe a6 b0 cf 96 c9 d1 7b 67 1f 10 84 00 00 00 01 bd d3 00 00 00 00 00 00 03 ff fe 00 00 00 00 00 00 00 00 00 00 00 01 28 00 04 11",""
2295,10306,"PACKET","IN",207,45,"PlayerSync","id=207 bytes=45","cf 92 00 94 80 61 ff c0 00 29 36 a2 f0 d6 5a 09 91 43 9e 5e 90 80 00 00 00 03 68 b9 c0 00 02 26 67 0c f4 86 b9 93 df fd fd a5 04 04 80",""
2296,10306,"PACKET","IN",207,35,"PlayerSync","id=207 bytes=35","cf 47 00 00 00 0a d6 22 f0 e4 e8 c9 91 79 5b 1e 90 84 00 00 00 02 40 47 c0 00 00 00 00 00 01 28 00 04 11",""
2297,10307,"PACKET","IN",207,45,"PlayerSync","id=207 bytes=45","cf 4f 00 f4 7f ca 80 00 00 0e c7 62 70 ee 2a c9 91 55 df de 90 84 00 00 00 00 f8 5e 00 00 00 89 98 18 f7 b9 1a 4b cb fd fd c8 04 08 80",""
2298,10307,"PACKET","OUT",207,69,"PlayerSync","id=207 bytes=69","cf 00 00 00 00 00 00 e8 9a a0 c3 95 ed 26 45 ed 9c 7c 42 0f 68 4f 3f 00 00 00 80 00 00 00 00 d5 0f 16 bf 64 00 00 00 00 00 00 00 00 00 00 00 00 00 00 00 00 00 00 00 00 00 00 00 00 00 00 00 00 00 28 00 04 11",""
2299,10333,"PACKET","IN",207,45,"PlayerSync","id=207 bytes=45","cf 0b 00 fe ff c9 00 00 00 39 74 23 70 e1 62 89 91 41 24 1e 90 80 00 00 00 02 5e d3 c0 00 03 59 94 18 f5 93 fd aa 33 fd fd c8 04 e8 80",""
2300,10333,"PACKET","IN",207,45,"PlayerSync","id=207 bytes=45","cf 1c 00 a2 80 65 7f c2 00 33 0b 63 f0 d7 4d 89 91 6c 6f de 90 84 00 00 00 00 a9 d7 e0 00 03 aa 63 e4 f7 00 53 7b 17 fd fd 00 00 00 80",""
2301,10334,"PACKET","IN",200,44,"VehicleSync","id=200 bytes=44","c8 a6 00 1d 00 7f 00 00 00 08 00 56 21 14 b0 3c 4a 58 9a 49 7c 35 14 02 54 5b 52 27 c4 2d 7e f3 13 d2 80 cf eb 50 28 7f e0 1f 00 00",""
2302,10334,"PACKET","IN",207,45,"PlayerSync","id=207 bytes=45","cf 0b 00 fd 7f cf 00 00 00 09 33 63 70 e1 a2 89 91 76 23 de 90 80 00 00 00 03 8e fb c0 00 03 51 94 18 f7 fb fe 62 03 fd fd c8 04 e8 80",""
2303,10334,"PACKET","IN",207,41,"PlayerSync","id=207 bytes=41","cf 20 00 00 00 0b 45 24 b0 c0 e9 09 91 7f 31 de 90 80 00 00 00 00 de 47 c0 00 03 2e 0e 60 f6 5b de 7e b7 fd fd a5 04 04 80",""
2304,10334,"PACKET","IN",207,43,"PlayerSync","id=207 bytes=43","cf 7e 00 60 3f c2 00 24 a5 a8 f0 f1 9e 4a 51 40 30 1e 90 84 00 00 00 01 7f 6b 94 00 03 ec 88 8c fb 68 1a ad 5b fd fd c8 04 02 80",""
2305,10334,"PACKET","IN",207,45,"PlayerSync","id=207 bytes=45","cf 92 00 94 00 61 ff c0 00 1b b4 a2 f0 c1 1a c9 91 6b 9e 1e 90 80 00 00 00 00 7c b1 c0 00 02 6f 16 e0 f7 8e b5 f3 df fd fd a5 04 04 80",""
2306,10359,"PACKET","IN",207,45,"PlayerSync","id=207 bytes=45","cf 0b 00 fc 7f d2 40 00 00 0a b2 a3 70 de e2 89 91 6d a3 de 90 80 00 00 00 02 93 1b c0 00 03 61 94 18 f4 c3 fe 9d c7 fd fd c8 04 e8 80",""
2307,10360,"PACKET","IN",207,35,"PlayerSync","id=207 bytes=35","cf 1a 00 00 00 28 14 e5 b0 cd 83 09 d1 6c 24 9f 10 80 00 00 00 03 eb 49 80 00 00 00 00 00 01 28 00 04 11",""
2308,10360,"PACKET","IN",203,34,"AimSync","id=203 bytes=34","cb 1a 00 04 35 09 b9 be 93 cb 61 bf 08 d4 9a be 5e f2 95 c3 e1 29 27 45 19 c2 80 42 00 00 00 00 3f 36",""
2309,10360,"PACKET","IN",207,45,"PlayerSync","id=207 bytes=45","cf 1c 00 a3 00 65 bf c2 00 0a 51 e3 f0 ea 4e 09 91 62 f0 1e 90 84 00 00 00 00 fd c3 e0 00 03 03 fc 00 fb e8 63 db 2f fd fd 00 00 00 80",""
2310,10360,"PACKET","IN",207,35,"PlayerSync","id=207 bytes=35","cf 46 00 00 00 3e ca 23 30 fc 9b 89 91 68 df 1e 90 84 00 00 00 03 0d 37 c0 00 00 00 00 00 01 28 00 04 11",""
2311,10361,"PACKET","IN",207,45,"PlayerSync","id=207 bytes=45","cf 4f 00 f1 ff cc 00 00 00 38 87 a2 70 f6 2b 09 91 4e 9f de 90 80 00 00 00 00 a8 36 00 00 01 71 98 18 f7 65 a3 8b f7 fd fd c8 04 08 80",""
2312,10361,"PACKET","IN",203,34,"AimSync","id=203 bytes=34","cb 4f 00 04 24 24 5e bf 40 ff db 3e ee cc 7f be 59 36 88 c3 18 9e 26 45 99 fb 7e 42 00 00 00 00 3f 26",""
2313,10361,"PACKET","IN",207,43,"PlayerSync","id=207 bytes=43","cf 85 00 60 3f c2 00 39 2a 63 b0 dc 0a c9 91 41 2d 9e 90 84 00 00 00 02 5a 4d 80 00 01 c1 bb a0 f6 0c 08 fa 67 fd fd c8 04 02 80",""
2314,10361,"PACKET","IN",203,34,"AimSync","id=203 bytes=34","cb 85 00 04 8c f7 6d bf ca 59 a9 3e 64 bf 26 be 5d ec 8c c3 30 18 26 45 e5 61 7f 42 00 00 00 00 3f c6",""
2315,10361,"PACKET","IN",207,45,"PlayerSync","id=207 bytes=45","cf 0b 00 fc 7f d2 40 00 00 3f b1 a3 70 d9 a2 89 91 64 23 de 90 80 00 00 00 02 27 3b c0 00 03 81 94 18 f5 33 f7 71 97 fd fd c8 04 e8 80",""
2316,10361,"RPC","IN",105,19,"TextDrawSetString","id=105 bytes=19","2f 01 0f 00 30 39 20 41 67 75 73 74 75 73 20 32 30 32 36",""
2317,10362,"RPC","IN",105,12,"TextDrawSetString","id=105 bytes=12","30 01 08 00 31 32 3a 31 34 3a 31 38",""
2318,10362,"RPC","IN",87,2,"ClearPlayerAnimation","id=87 bytes=2","15 00",""
2319,10362,"RPC","IN",86,29,"ApplyPlayerAnimation","id=86 bytes=29","15 00 05 43 41 52 52 59 0b 63 72 72 79 5f 70 72 74 69 61 6c 33 33 83 40 00 00 00 00 00",""
2320,10385,"PACKET","IN",207,45,"PlayerSync","id=207 bytes=45","cf 0b 00 fa ff d6 00 00 00 21 71 63 70 e3 22 89 91 60 23 de 90 80 00 00 00 02 9b 57 c0 00 02 a7 8e 88 f2 47 8d bb 43 fd fd c8 04 e8 80",""
2321,10385,"PACKET","IN",207,45,"PlayerSync","id=207 bytes=45","cf 1c 00 a3 80 65 bf c2 00 0e 55 63 f0 c2 0e 89 91 5a b0 1e 90 84 00 00 00 01 a9 b7 e0 00 03 ef fc 00 f8 74 6f 1f 3b fd fd 00 00 00 80",""
2322,10385,"PACKET","IN",207,45,"PlayerSync","id=207 bytes=45","cf 92 00 93 00 61 bf c0 00 0c 72 62 f0 d5 1b 89 91 50 5e 1e 90 80 00 00 00 03 28 95 c0 00 02 f3 32 c8 f7 3e a1 43 e7 fd fd a5 04 04 80",""
2323,10386,"PACKET","IN",207,45,"PlayerSync","id=207 bytes=45","cf 0b 00 f9 7f d8 c0 00 00 0b f1 23 70 eb a2 89 91 5c 23 de 90 80 00 00 00 01 47 73 c0 00 02 5e 8e 44 f0 0f 93 83 3f fd fd c8 04 e8 80",""
2324,10407,"PACKET","IN",207,45,"PlayerSync","id=207 bytes=45","cf 4f 00 ec 7f ce 40 00 00 3c 87 62 70 f6 2b 09 91 52 9f de 90 80 00 00 00 00 f8 c6 00 00 03 3b 79 70 ef ff ff fd ff fd fd c8 04 08 80",""
2325,10407,"PACKET","IN",207,35,"PlayerSync","id=207 bytes=35","cf 7c 00 00 00 38 64 25 b0 e1 1a 09 d1 6c 24 9f 10 80 00 00 00 01 b1 ee 40 00 00 00 00 00 01 fb 04 e8 80",""
2326,10407,"PACKET","IN",200,44,"VehicleSync","id=200 bytes=44","c8 a6 00 1d 00 7f 00 00 00 08 00 51 61 2f e0 2d 3a 02 8b a9 7c 39 94 12 54 52 12 d7 c4 23 08 c6 73 db 40 e1 3b ba 58 7f e0 1f 00 00",""
2327,10407,"PACKET","IN",203,34,"AimSync","id=203 bytes=34","cb a6 00 12 30 c9 7c bf 88 24 90 bd cd cf 10 be c5 6f 95 c3 51 46 25 45 8e 55 81 42 00 00 00 00 01 21",""
2328,10429,"PACKET","IN",207,45,"PlayerSync","id=207 bytes=45","cf 0b 00 f7 7f dd c0 00 00 06 70 a3 70 f8 e2 89 91 55 e3 de 90 80 00 00 00 03 3f 9f c0 00 01 93 a1 50 f0 ff 8f 4b 43 fd fd c8 04 e8 80",""
2329,10429,"PACKET","IN",200,38,"VehicleSync","id=200 bytes=38","c8 3f 00 4b 00 00 00 00 00 00 00 59 00 c6 d0 38 d8 b0 76 5e ac 32 5b 62 b4 57 f3 b9 b4 20 00 00 00 06 80 3a 00 00",""
2330,10429,"PACKET","IN",207,45,"PlayerSync","id=207 bytes=45","cf 92 00 93 00 61 bf c0 00 03 f1 22 f0 de 9c 09 91 41 1e 1e 90 80 00 00 00 01 ac 8d c0 00 00 b0 ce d4 f4 92 93 27 eb fd fd a5 04 04 80",""
2331,10429,"PACKET","IN",207,45,"PlayerSync","id=207 bytes=45","cf 0b 00 f7 7f df 80 00 00 12 70 63 70 fe 62 89 91 53 a3 de 90 80 00 00 00 00 0f b7 c0 00 03 16 48 c0 f1 eb 87 cb 4b fd fd c8 04 e8 80",""
2332,10429,"PACKET","IN",200,38,"VehicleSync","id=200 bytes=38","c8 3f 00 4b 00 00 00 00 00 00 00 59 b0 c6 70 38 d8 b0 66 5e ac 32 5b 62 b4 57 b3 b9 b4 20 00 00 00 06 80 3a 00 00",""
2333,10430,"PACKET","IN",203,34,"AimSync","id=203 bytes=34","cb 3f 00 12 51 3e 70 bf 6a ce b0 3e 77 bf ff bb f2 7a e8 c3 9a 9f 2b 45 d8 f0 9c 42 00 00 00 00 3f 36",""
2334,10430,"PACKET","IN",207,35,"PlayerSync","id=207 bytes=35","cf 51 00 00 00 2e e7 28 30 ea ff 89 91 7b 67 1f 10 84 00 00 00 03 a6 8b c0 00 00 00 00 00 01 a5 04 e8 80",""
2335,10430,"PACKET","IN",207,43,"PlayerSync","id=207 bytes=43","cf 7e 00 60 3f c2 00 1b 32 e8 f0 ec 1d 0a 51 40 30 1e 90 84 00 00 00 00 1f d7 94 00 01 29 c8 a8 fb 48 98 b4 93 fd fd c8 04 02 80",""
2336,10430,"RPC","IN",105,7,"TextDrawSetString","id=105 bytes=7","26 08 03 00 31 30 30",""
2337,10430,"RPC","IN",105,5,"TextDrawSetString","id=105 bytes=5","27 08 01 00 30",""
2338,10430,"RPC","IN",105,6,"TextDrawSetString","id=105 bytes=6","28 08 02 00 34 36",""
2339,10430,"RPC","IN",105,5,"TextDrawSetString","id=105 bytes=5","29 08 01 00 32",""
2340,10430,"RPC","IN",105,7,"TextDrawSetString","id=105 bytes=7","2a 08 03 00 31 30 30",""
2341,10457,"PACKET","IN",207,45,"PlayerSync","id=207 bytes=45","cf 1c 00 a3 80 65 ff c2 00 10 1e 63 f0 f9 8f 49 91 7a af de 90 84 00 00 00 00 e5 97 e0 00 01 0d d3 e0 f6 3c 81 2b 57 fd fd 00 00 00 80",""
2342,10458,"PACKET","IN",207,41,"PlayerSync","id=207 bytes=41","cf 20 00 00 00 10 fb 64 70 f7 e9 49 91 7f 31 de 90 80 00 00 00 00 de 47 c0 00 00 2c ad 18 f6 5b de 7e b7 fd fd a5 04 04 80",""
2343,10458,"PACKET","IN",207,45,"PlayerSync","id=207 bytes=45","cf 4f 00 e3 7f d1 c0 00 00 03 06 a2 70 f6 2b 09 91 64 9f de 90 80 00 00 00 00 85 52 00 00 01 7c dd 9c f3 ff ff fd ff fd fd c8 04 08 80",""
2344,10458,"PACKET","IN",207,35,"PlayerSync","id=207 bytes=35","cf 79 00 00 00 09 c6 a2 f0 e9 a5 c9 91 46 da 9e 90 84 00 00 00 02 ec 63 40 00 00 00 00 00 01 28 00 04 11",""
2345,10458,"PACKET","IN",203,34,"AimSync","id=203 bytes=34","cb 79 00 04 c3 a0 3f be ff 75 74 3f 80 f5 6b be b0 ca 8a c3 f7 64 26 45 56 df 7f 42 00 00 00 00 3f 55",""
2346,10458,"PACKET","IN",207,43,"PlayerSync","id=207 bytes=43","cf 85 00 60 3f c2 00 2c 3a 23 b0 ee 0b 49 91 46 6e 9e 90 84 00 00 00 01 ca 29 80 00 03 5a 64 14 fa fc 17 ae 97 fd fd c8 04 02 80",""
2347,10458,"PACKET","IN",207,45,"PlayerSync","id=207 bytes=45","cf 0b 00 f6 ff df 80 00 00 27 70 23 70 c3 62 c9 91 51 a3 de 90 80 00 00 00 03 87 c7 c0 00 03 eb 80 3c f0 3b 77 8b 5f fd fd c8 04 e8 80",""
2348,10458,"PACKET","IN",207,35,"PlayerSync","id=207 bytes=35","cf 15 00 00 00 0d cb 23 30 d7 62 49 91 71 9f 1e 90 84 00 00 00 01 9e 65 80 00 00 00 00 00 01 28 00 04 11",""
2349,10458,"PACKET","IN",207,45,"PlayerSync","id=207 bytes=45","cf 1c 00 a4 00 65 ff c2 00 31 a0 e3 f0 c9 4f c9 91 6d af de 90 84 00 00 00 01 25 87 e0 00 02 42 67 cc f4 18 8f e3 5f fd fd 00 00 00 80",""
2350,10459,"PACKET","IN",207,45,"PlayerSync","id=207 bytes=45","cf 92 00 93 00 61 bf c0 00 01 2f e2 f0 ee dc 89 91 72 9d de 90 80 00 00 00 01 90 85 c0 00 00 a8 ce d4 f7 d2 85 a3 ef fd fd a5 04 04 80",""
2351,10481,"PACKET","IN",207,45,"PlayerSync","id=207 bytes=45","cf 0b 00 f6 7f df 80 00 00 0f 30 23 70 c7 62 c9 91 50 a3 de 90 80 00 00 00 02 d3 db c0 00 01 99 9a 94 ee b3 36 ef 97 fd fd c8 04 e8 80",""
2352,10481,"PACKET","IN",200,44,"VehicleSync","id=200 bytes=44","c8 a6 00 1d 00 7f 00 00 00 08 00 5c f1 2a 50 21 b9 a5 4d 59 7c 37 b4 32 54 56 43 c7 c4 2d 39 78 d3 d3 01 47 1c 4b 88 8f e0 1f 00 00",""
2353,10481,"PACKET","IN",207,45,"PlayerSync","id=207 bytes=45","cf 0b 00 f6 7f df 80 00 00 15 70 23 70 c8 a2 c9 91 50 a3 de 90 80 00 00 00 03 e7 e7 c0 00 00 e0 57 d4 eb 01 01 1f bf fd fd c8 04 e8 80",""
2354,10481,"PACKET","IN",207,45,"PlayerSync","id=207 bytes=45","cf 4f 00 df 7f d2 c0 00 00 19 c4 e2 70 f6 2b 09 91 42 a0 1e 90 80 00 00 00 00 99 da 00 00 01 88 bf 00 f3 ff ff fd ff fd fd c8 04 08 80",""
2355,10482,"PACKET","IN",207,43,"PlayerSync","id=207 bytes=43","cf 7e 00 60 3f c2 00 38 fd e8 f0 fd da 4a 51 40 30 1e 90 84 00 00 00 00 f3 ef 94 00 00 30 4c c0 f9 a5 3b f8 27 fd fd c8 04 02 80",""
2356,10482,"PACKET","IN",207,45,"PlayerSync","id=207 bytes=45","cf 92 00 92 80 61 bf c0 00 14 2e 62 f0 dc 1d 49 91 61 9d de 90 80 00 00 00 01 10 71 c0 00 03 d3 fe b4 f4 9a 83 93 ef fd fd a5 04 04 80",""
2357,10507,"PACKET","IN",207,45,"PlayerSync","id=207 bytes=45","cf 0b 00 f5 7f df 80 00 00 31 30 23 70 c8 22 c9 91 52 23 de 90 80 00 00 00 01 9f f3 c0 00 00 dc 6a 50 ef ac 02 c5 c3 fd fd c8 04 e8 80",""
2358,10507,"PACKET","IN",207,45,"PlayerSync","id=207 bytes=45","cf 0b 00 f5 ff df 80 00 00 1f f0 63 70 c6 22 c9 91 54 23 de 90 80 00 00 00 00 93 fb c0 00 01 55 90 20 f3 c0 19 b1 5b fd fd c8 04 e8 80",""
2359,10508,"PACKET","IN",200,38,"VehicleSync","id=200 bytes=38","c8 3f 00 4b 00 00 00 00 00 00 00 59 90 c6 70 38 e8 b0 66 5e ac 32 5b 62 b4 57 b3 b9 b4 20 00 00 00 06 80 3a 00 00",""
2360,10533,"PACKET","IN",207,45,"PlayerSync","id=207 bytes=45","cf 0b 00 f5 7f df 80 00 00 28 30 a3 70 c2 22 c9 91 57 a3 de 90 80 00 00 00 01 93 ff c0 00 01 82 39 1c f0 18 2c 21 33 fd fd c8 04 e8 80",""
2361,10533,"PACKET","IN",207,45,"PlayerSync","id=207 bytes=45","cf 1c 00 a4 80 66 3f c2 00 06 ea 23 f0 c6 11 09 91 6c 2f 9e 90 84 00 00 00 00 41 53 e0 00 01 0e 67 9c f4 a4 b6 4f 87 fd fd 00 00 00 80",""
2362,10533,"PACKET","IN",207,45,"PlayerSync","id=207 bytes=45","cf 4f 00 de ff d3 00 00 00 32 c2 a2 70 f6 2b 09 91 69 a0 1e 90 80 00 00 00 00 9e 56 00 00 00 16 13 f4 f3 ff ff fd ff fd fd c8 04 08 80",""
2363,10533,"PACKET","IN",207,35,"PlayerSync","id=207 bytes=35","cf 5b 00 00 00 3f c4 a6 f0 d9 07 09 d1 7b 67 1f 10 84 00 00 00 01 2a 42 00 00 00 00 00 00 01 a5 04 e8 80",""
2364,10533,"PACKET","IN",207,45,"PlayerSync","id=207 bytes=45","cf 92 00 92 00 61 bf c0 00 35 ad 22 f0 cc 9e 09 91 54 9d de 90 80 00 00 00 01 78 59 c0 00 02 ce 16 84 f5 62 5f 67 f7 fd fd a5 04 04 80",""
2365,10533,"PACKET","OUT",205,9,"UNKNOWN_PACKET","id=205 bytes=9","cd b8 4a 04 00 00 00 00 00",""
2366,10556,"RPC","IN",135,2,"HideTextDraw","id=135 bytes=2","00 08",""
2367,10556,"RPC","IN",135,2,"HideTextDraw","id=135 bytes=2","2b 08",""
2368,10556,"RPC","IN",135,2,"HideTextDraw","id=135 bytes=2","2c 08",""
2369,10556,"RPC","IN",135,2,"HideTextDraw","id=135 bytes=2","2d 08",""
2370,10556,"RPC","IN",135,2,"HideTextDraw","id=135 bytes=2","2e 08",""
2371,10556,"RPC","IN",135,2,"HideTextDraw","id=135 bytes=2","2f 08",""
2372,10557,"PACKET","IN",207,45,"PlayerSync","id=207 bytes=45","cf 0b 00 f4 ff df 40 00 00 0b 70 a3 70 e8 22 89 91 56 23 de 90 80 00 00 00 03 b3 ff c0 00 03 3f 30 68 f6 02 44 cc 07 fd fd c8 04 e8 80",""
2373,10557,"PACKET","IN",207,35,"PlayerSync","id=207 bytes=35","cf 15 00 00 00 0d cb 23 30 d7 62 49 91 71 9f 1e 90 84 00 00 00 01 9e 65 80 00 00 00 00 00 01 a5 04 e8 80",""
2374,10557,"PACKET","IN",207,41,"PlayerSync","id=207 bytes=41","cf 20 00 00 00 2f f7 24 70 e9 e9 89 91 7f 31 de 90 80 00 00 00 00 de 47 c0 00 00 56 99 6c ee 5b de 7e b7 fd fd a5 04 04 80",""
2375,10557,"PACKET","IN",207,43,"PlayerSync","id=207 bytes=43","cf 85 00 60 3f c2 00 19 11 63 f0 dc cc 89 91 5f 6f de 90 84 00 00 00 03 75 ed 80 00 01 bd a8 04 f9 70 29 ce cb fd fd c8 04 02 80",""
2376,10557,"PACKET","IN",207,45,"PlayerSync","id=207 bytes=45","cf 0b 00 f4 7f df 40 00 00 2c f0 e3 70 e1 62 89 91 5a a3 de 90 84 00 00 00 03 bf ff c0 00 03 c0 f2 80 f0 ac 42 e5 07 fd fd c8 04 e8 80",""
2377,10557,"PACKET","IN",207,45,"PlayerSync","id=207 bytes=45","cf 92 00 90 80 61 7f c0 00 1a ec a2 f0 c4 de 89 91 4d 5d de 90 80 00 00 00 02 a0 45 c0 00 03 ab 0a 70 f4 ae 4e 37 fb fd fd a5 04 04 80",""
2378,10557,"PACKET","IN",200,44,"VehicleSync","id=200 bytes=44","c8 a6 00 1d 00 7f 00 00 00 08 00 5d d1 25 70 29 b9 05 4f 79 7c 35 e4 62 54 57 25 37 c4 28 3b 1a 93 d3 41 b6 cc e9 18 8f e0 1f 00 00",""
2379,10579,"PACKET","IN",207,45,"PlayerSync","id=207 bytes=45","cf 0b 00 f4 7f df 40 00 00 17 f1 63 70 d9 62 89 91 5f a3 de 90 84 00 00 00 01 b7 ff c0 00 02 79 66 d4 f2 44 4a 64 f7 fd fd c8 04 e8 80",""
2380,10579,"PACKET","IN",207,45,"PlayerSync","id=207 bytes=45","cf 1c 00 a5 00 66 3f c2 00 3d 6f e3 f0 c2 92 09 91 6b 2f 5e 90 84 00 00 00 00 11 2f e0 00 01 4e 67 9c f4 fc d7 9f 9f fd fd 00 00 00 80",""
2381,10579,"PACKET","IN",203,34,"AimSync","id=203 bytes=34","cb 1c 00 04 b7 7c 6b bf 00 0a a4 3e df ac 67 be e3 07 8f c3 ac 3d 26 45 bc 74 7e 42 00 00 00 00 3f ff",""
2382,10579,"PACKET","IN",207,35,"PlayerSync","id=207 bytes=35","cf 4d 00 00 00 19 5f dc f0 c3 00 c9 91 7b ec 9e 90 80 00 00 00 00 39 bc 80 00 00 00 00 00 01 a8 04 04 11",""
2383,10579,"PACKET","IN",207,45,"PlayerSync","id=207 bytes=45","cf 4f 00 db 7f d3 40 00 00 34 00 a2 70 cb eb 49 91 4d e0 5e 90 80 00 00 00 03 f2 c2 00 00 01 6a 5f e4 f0 e3 e4 5e a7 fd fd c8 04 08 80",""
2384,10579,"PACKET","IN",207,43,"PlayerSync","id=207 bytes=43","cf 7e 00 60 3f c2 00 31 07 29 30 d4 d7 8a 51 40 30 1e 90 84 00 00 00 03 23 ef 94 00 00 2b 84 90 fb 49 46 78 23 fd fd c8 04 02 80",""
2385,10605,"PACKET","IN",207,45,"PlayerSync","id=207 bytes=45","cf 0b 00 f4 ff df 40 00 00 27 b1 e3 70 cd 62 89 91 66 23 de 90 84 00 00 00 00 9b fb c0 00 02 9b bf 48 f1 0c 55 64 e7 fd fd c8 04 e8 80",""
2386,10606,"PACKET","IN",207,45,"PlayerSync","id=207 bytes=45","cf 0b 00 f4 7f df 40 00 00 10 f2 a3 70 fd e2 49 91 6d e3 de 90 84 00 00 00 00 6b f3 c0 00 03 44 9f f0 f2 68 62 30 d3 fd fd c8 04 e8 80",""
2387,10606,"PACKET","IN",200,38,"VehicleSync","id=200 bytes=38","c8 3f 00 4b 00 00 00 00 00 00 00 59 70 c6 60 38 f8 b0 56 5e ac 32 5b 62 b4 57 b3 b9 b4 20 00 00 00 06 80 3a 00 00",""
2388,10606,"PACKET","IN",207,45,"PlayerSync","id=207 bytes=45","cf 92 00 8f 00 61 3f c0 00 18 eb e2 f0 c7 1f 49 91 44 5d de 90 80 00 00 00 00 e0 35 c0 00 02 4a 66 c4 f5 da 35 27 ff fd fd a5 04 04 80",""
2389,10627,"PACKET","IN",207,45,"PlayerSync","id=207 bytes=45","cf 0b 00 f4 7f df 40 00 00 0d 73 63 70 ea e2 49 91 76 a3 de 90 84 00 00 00 01 37 e7 c0 00 02 e1 98 44 f5 f0 71 f4 bf fd fd c8 04 e8 80",""
2390,10627,"PACKET","IN",207,45,"PlayerSync","id=207 bytes=45","cf 1c 00 a5 00 66 7f c2 00 0e f3 a3 f0 ef 92 89 91 79 af 1e 90 84 00 00 00 00 9d 17 e0 00 02 27 ff d4 f6 68 ea 37 af fd fd 00 00 00 80",""
2391,10627,"PACKET","IN",207,43,"PlayerSync","id=207 bytes=43","cf 85 00 60 3f c2 00 01 5d a3 f0 d0 cd 89 91 6a 2f 9e 90 84 00 00 00 02 99 ed 80 00 02 16 ab 18 f6 0c 4f b7 0f fd fd c8 04 02 80",""
2392,10627,"RPC","IN",86,27,"ApplyPlayerAnimation","id=86 bytes=27","51 00 07 42 44 5f 46 49 52 45 07 77 61 73 68 5f 75 70 33 33 83 40 80 00 00 00 00",""
2393,10656,"PACKET","IN",207,45,"PlayerSync","id=207 bytes=45","cf 1c 00 a5 00 66 3f c2 00 2a f5 63 f0 d1 53 09 91 5c 2f 1e 90 84 00 00 00 00 71 0f e0 00 02 af c7 e0 f5 a8 f5 43 b7 fd fd 00 00 00 80",""
2394,10656,"PACKET","IN",207,45,"PlayerSync","id=207 bytes=45","cf 4f 00 d8 ff d2 c0 00 00 0b bd a2 30 d0 6b 49 91 47 20 9e 90 80 00 00 00 02 a7 3e 00 00 02 eb 74 40 f7 7f fe 8a 17 fd fd c8 04 08 80",""
2395,10656,"PACKET","IN",207,45,"PlayerSync","id=207 bytes=45","cf 92 00 8d 80 61 3f c0 00 3f 2b 62 f0 c7 1f c9 91 40 1d de 90 80 00 00 00 00 54 29 c0 00 00 90 7a e4 f4 8a 2a 63 ff fd fd a5 04 04 80",""
2396,10657,"PACKET","IN",200,44,"VehicleSync","id=200 bytes=44","c8 a6 00 1d 00 7f 00 00 00 08 00 7a 50 d3 d0 12 78 67 e1 c9 8c 35 c4 a2 54 56 a5 f7 c4 24 49 cc 93 de e2 4e dd 9c 68 1f e0 1f 00 00",""
2397,10657,"PACKET","IN",207,45,"PlayerSync","id=207 bytes=45","cf 0b 00 f3 ff df 40 00 00 1a 74 e3 70 f8 e2 09 91 48 a4 1e 90 84 00 00 00 01 2b c7 c0 00 01 fa bc b0 f5 e8 a2 60 8b fd fd c8 04 e8 80",""
2398,10657,"PACKET","IN",207,45,"PlayerSync","id=207 bytes=45","cf 1c 00 a4 80 66 3f c2 00 18 f7 23 f0 ec d3 49 91 7f ae de 90 84 00 00 00 01 21 07 e0 00 01 cf ff ec f4 ec fd 9b bb fd fd 00 00 00 80",""
2399,10657,"PACKET","IN",207,35,"PlayerSync","id=207 bytes=35","cf 2d 00 00 00 37 8d 62 b0 cb e9 09 91 5c 9a de 90 80 00 00 00 01 5c 03 c0 00 00 00 00 00 01 28 00 04 11",""
2400,10657,"PACKET","IN",207,43,"PlayerSync","id=207 bytes=43","cf 7e 00 60 3f c2 00 04 cd a9 30 c0 55 8a 51 40 30 1e 90 84 00 00 00 03 23 ef 94 00 03 89 f4 90 fa 05 49 6c 23 fd fd c8 04 02 80",""
2401,10657,"PACKET","IN",203,34,"AimSync","id=203 bytes=34","cb 7e 00 04 54 09 af be ba 2b 66 bf 8e f8 8b be ad 89 a3 c3 ae 8e 29 45 15 7d 80 42 00 00 00 00 3f c6",""
2402,10657,"RPC","IN",135,2,"HideTextDraw","id=135 bytes=2","f0 00",""
2403,10657,"RPC","IN",135,2,"HideTextDraw","id=135 bytes=2","36 08",""
2404,10657,"RPC","IN",135,2,"HideTextDraw","id=135 bytes=2","37 08",""
2405,10657,"RPC","IN",87,2,"ClearPlayerAnimation","id=87 bytes=2","66 00",""
2406,10657,"RPC","IN",86,29,"ApplyPlayerAnimation","id=86 bytes=29","66 00 05 43 41 52 52 59 0b 63 72 72 79 5f 70 72 74 69 61 6c 33 33 83 40 00 00 00 00 00",""
2407,10658,"RPC","IN",88,1,"SetPlayerSpecialAction","id=88 bytes=1","00",""
2408,10658,"RPC","IN",15,1,"TogglePlayerControllable","id=15 bytes=1","01",""
2409,10658,"RPC","IN",16,16,"PlaySound","id=16 bytes=16","d5 9d 00 00 00 00 00 00 00 00 00 00 00 00 00 00",""
2410,10658,"RPC","IN",134,67,"ShowTextDraw","id=134 bytes=67","00 08 10 9a 99 d9 3e 33 33 b3 3f 32 32 32 ff 00 00 c8 43 00 00 88 41 32 32 32 ff 00 00 32 32 32 ff 01 00 00 80 76 44 00 00 d9 42 00 00 00 00 00 00 00 00 00 00 00 00 00 00 00 00 80 3f ff ff ff ff 00 00",""
2411,10658,"RPC","IN",134,80,"ShowTextDraw","id=134 bytes=80","2b 08 10 8f c2 f5 3e 29 5c 8f 3f 00 00 00 66 00 00 50 42 00 00 88 42 80 80 80 80 00 00 00 00 00 66 04 00 00 80 a2 43 00 00 a1 43 00 00 00 00 00 00 00 00 00 00 00 00 00 00 00 00 80 3f ff ff ff ff 0d 00 4c 44 5f 53 50 41 43 3a 77 68 69 74 65",""
2412,10658,"RPC","IN",134,68,"ShowTextDraw","id=134 bytes=68","2c 08 00 8f c2 f5 3e 29 5c 8f 3f ff ff ff ff 00 00 30 42 00 00 44 42 80 80 80 80 00 00 00 00 00 00 05 00 00 80 a4 43 00 80 a5 43 f4 0a 00 00 00 00 00 00 00 00 00 00 00 00 00 00 80 3f 00 00 00 00 01 00 5f",""
2413,10658,"RPC","IN",134,77,"ShowTextDraw","id=134 bytes=77","2d 08 10 93 18 04 3e 9a 99 59 3f ff ff ff e6 00 00 a0 44 00 00 a0 44 80 80 80 80 00 00 ff ff ff e6 01 00 00 00 a3 43 00 00 a1 43 00 00 00 00 00 00 00 00 00 00 00 00 00 00 00 00 80 3f ff ff ff ff 0a 00 52 65 6d 6f 76 65 64 20 38 78",""
2414,10658,"RPC","IN",134,78,"ShowTextDraw","id=134 bytes=78","2e 08 18 93 18 04 3e 9a 99 59 3f ff ff ff e6 00 00 a0 44 00 00 a0 44 80 80 80 80 00 00 ff ff ff e6 01 00 00 00 b0 43 00 00 bb 43 00 00 00 00 00 00 00 00 00 00 00 00 00 00 00 00 80 3f ff ff ff ff 0b 00 41 79 61 6d 20 50 6f 74 6f 6e 67",""
2415,10658,"RPC","IN",134,80,"ShowTextDraw","id=134 bytes=80","2f 08 10 8f c2 f5 3e 29 5c 8f 3f 1a ff 00 aa 00 00 50 42 00 00 40 40 80 80 80 80 00 00 ff ff ff e6 04 00 00 80 a2 43 00 00 c2 43 00 00 00 00 00 00 00 00 00 00 00 00 00 00 00 00 80 3f ff ff ff ff 0d 00 4c 44 5f 53 50 41 43 3a 77 68 69 74 65",""
2416,10658,"RPC","IN",135,2,"HideTextDraw","id=135 bytes=2","00 08",""
2417,10659,"RPC","IN",135,2,"HideTextDraw","id=135 bytes=2","2b 08",""
2418,10659,"RPC","IN",135,2,"HideTextDraw","id=135 bytes=2","2c 08",""
2419,10659,"RPC","IN",135,2,"HideTextDraw","id=135 bytes=2","2d 08",""
2420,10659,"RPC","IN",135,2,"HideTextDraw","id=135 bytes=2","2e 08",""
2421,10659,"RPC","IN",135,2,"HideTextDraw","id=135 bytes=2","2f 08",""
2422,10659,"RPC","IN",16,16,"PlaySound","id=16 bytes=16","d5 9d 00 00 00 00 00 00 00 00 00 00 00 00 00 00",""
2423,10659,"RPC","IN",134,67,"ShowTextDraw","id=134 bytes=67","00 08 10 9a 99 d9 3e 33 33 b3 3f 32 32 32 ff 00 00 c8 43 00 00 88 41 32 32 32 ff 00 00 32 32 32 ff 01 00 00 80 76 44 00 00 d9 42 00 00 00 00 00 00 00 00 00 00 00 00 00 00 00 00 80 3f ff ff ff ff 00 00",""
2424,10659,"RPC","IN",134,80,"ShowTextDraw","id=134 bytes=80","2b 08 10 8f c2 f5 3e 29 5c 8f 3f 00 00 00 66 00 00 50 42 00 00 88 42 80 80 80 80 00 00 00 00 00 66 04 00 00 80 a2 43 00 00 a1 43 00 00 00 00 00 00 00 00 00 00 00 00 00 00 00 00 80 3f ff ff ff ff 0d 00 4c 44 5f 53 50 41 43 3a 77 68 69 74 65",""
2425,10659,"RPC","IN",134,68,"ShowTextDraw","id=134 bytes=68","2c 08 00 8f c2 f5 3e 29 5c 8f 3f ff ff ff ff 00 00 30 42 00 00 44 42 80 80 80 80 00 00 00 00 00 00 05 00 00 80 a4 43 00 80 a5 43 d0 0a 00 00 00 00 00 00 00 00 00 00 00 00 00 00 80 3f 00 00 00 00 01 00 5f",""
2426,10660,"RPC","IN",134,78,"ShowTextDraw","id=134 bytes=78","2d 08 10 93 18 04 3e 9a 99 59 3f ff ff ff e6 00 00 a0 44 00 00 a0 44 80 80 80 80 00 00 ff ff ff e6 01 00 00 00 a3 43 00 00 a1 43 00 00 00 00 00 00 00 00 00 00 00 00 00 00 00 00 80 3f ff ff ff ff 0b 00 52 65 63 65 69 76 65 64 20 38 78",""
2427,10660,"RPC","IN",134,77,"ShowTextDraw","id=134 bytes=77","2e 08 18 93 18 04 3e 9a 99 59 3f ff ff ff e6 00 00 a0 44 00 00 a0 44 80 80 80 80 00 00 ff ff ff e6 01 00 00 00 b0 43 00 00 bb 43 00 00 00 00 00 00 00 00 00 00 00 00 00 00 00 00 80 3f ff ff ff ff 0a 00 41 79 61 6d 20 4b 65 6d 61 73",""
2428,10660,"RPC","IN",134,80,"ShowTextDraw","id=134 bytes=80","2f 08 10 8f c2 f5 3e 29 5c 8f 3f 1a ff 00 aa 00 00 50 42 00 00 40 40 80 80 80 80 00 00 ff ff ff e6 04 00 00 80 a2 43 00 00 c2 43 00 00 00 00 00 00 00 00 00 00 00 00 00 00 00 00 80 3f ff ff ff ff 0d 00 4c 44 5f 53 50 41 43 3a 77 68 69 74 65",""
2429,10660,"RPC","IN",134,67,"ShowTextDraw","id=134 bytes=67","30 08 10 9a 99 d9 3e 33 33 b3 3f 32 32 32 ff 00 00 c8 43 00 00 88 41 32 32 32 ff 00 00 32 32 32 ff 01 00 00 20 82 44 00 00 d9 42 00 00 00 00 00 00 00 00 00 00 00 00 00 00 00 00 80 3f ff ff ff ff 00 00",""
2430,10660,"RPC","IN",134,80,"ShowTextDraw","id=134 bytes=80","31 08 10 8f c2 f5 3e 29 5c 8f 3f 00 00 00 66 00 00 50 42 00 00 88 42 80 80 80 80 00 00 00 00 00 66 04 00 00 00 be 43 00 00 a1 43 00 00 00 00 00 00 00 00 00 00 00 00 00 00 00 00 80 3f ff ff ff ff 0d 00 4c 44 5f 53 50 41 43 3a 77 68 69 74 65",""
2431,10661,"RPC","IN",134,68,"ShowTextDraw","id=134 bytes=68","32 08 00 8f c2 f5 3e 29 5c 8f 3f ff ff ff ff 00 00 30 42 00 00 44 42 80 80 80 80 00 00 00 00 00 00 05 00 00 00 c0 43 00 80 a5 43 f4 0a 00 00 00 00 00 00 00 00 00 00 00 00 00 00 80 3f 00 00 00 00 01 00 5f",""
2432,10661,"RPC","IN",134,77,"ShowTextDraw","id=134 bytes=77","33 08 10 93 18 04 3e 9a 99 59 3f ff ff ff e6 00 00 a0 44 00 00 a0 44 80 80 80 80 00 00 ff ff ff e6 01 00 00 80 be 43 00 00 a1 43 00 00 00 00 00 00 00 00 00 00 00 00 00 00 00 00 80 3f ff ff ff ff 0a 00 52 65 6d 6f 76 65 64 20 38 78",""
2433,10661,"RPC","IN",134,78,"ShowTextDraw","id=134 bytes=78","34 08 18 93 18 04 3e 9a 99 59 3f ff ff ff e6 00 00 a0 44 00 00 a0 44 80 80 80 80 00 00 ff ff ff e6 01 00 00 80 cb 43 00 00 bb 43 00 00 00 00 00 00 00 00 00 00 00 00 00 00 00 00 80 3f ff ff ff ff 0b 00 41 79 61 6d 20 50 6f 74 6f 6e 67",""
2434,10661,"RPC","IN",134,80,"ShowTextDraw","id=134 bytes=80","35 08 10 8f c2 f5 3e 29 5c 8f 3f 1a ff 00 aa 00 00 50 42 00 00 40 40 80 80 80 80 00 00 ff ff ff e6 04 00 00 00 be 43 00 00 c2 43 00 00 00 00 00 00 00 00 00 00 00 00 00 00 00 00 80 3f ff ff ff ff 0d 00 4c 44 5f 53 50 41 43 3a 77 68 69 74 65",""
2435,10661,"RPC","IN",86,27,"ApplyPlayerAnimation","id=86 bytes=27","5b 00 07 42 44 5f 46 49 52 45 07 77 61 73 68 5f 75 70 33 33 83 40 80 00 00 00 00",""
2436,10662,"PACKET","IN",207,45,"PlayerSync","id=207 bytes=45","cf 1c 00 a3 80 65 ff c2 00 2b 78 e3 f0 d3 93 c9 91 5f 2e de 90 84 00 00 00 03 5d 03 e0 00 01 32 e3 f0 f7 7d 01 63 bf fd fd 00 00 00 80",""
2437,10662,"PACKET","IN",207,35,"PlayerSync","id=207 bytes=35","cf 20 00 00 00 2f f7 24 70 e9 e9 89 91 7f 31 de 90 80 00 00 00 00 de 47 c0 00 00 00 00 00 01 a5 04 04 80",""
2438,10720,"PACKET","IN",207,45,"PlayerSync","id=207 bytes=45","cf 0b 00 f3 7f df 40 00 00 2d 36 63 70 c1 22 09 91 5b 24 1e 90 84 00 00 00 02 d7 9b c0 00 00 d0 30 ec f4 24 97 c4 97 fd fd c8 04 e8 80",""
2439,10720,"PACKET","IN",207,45,"PlayerSync","id=207 bytes=45","cf 1c 00 a2 80 65 7f c2 00 2b fa a3 f0 f7 54 09 91 7f ae 9e 90 84 00 00 00 03 a5 03 e0 00 02 5c cb f4 f5 15 06 4b bf fd fd 00 00 00 80",""
2440,10721,"PACKET","IN",200,38,"VehicleSync","id=200 bytes=38","c8 3f 00 4b 00 00 00 00 00 00 00 58 80 c6 e0 39 18 b0 56 5e ac 32 5b 62 b4 57 f3 b9 b4 20 00 00 00 06 80 3a 00 00",""
2441,10721,"PACKET","IN",207,45,"PlayerSync","id=207 bytes=45","cf 4f 00 d3 ff cd 40 00 00 0c fa a2 30 f0 6b 09 91 7d 60 9e 90 80 00 00 00 02 27 8e 00 00 02 87 e0 c4 f5 bf e6 29 5f fd fd c8 04 08 80",""
2442,10721,"PACKET","IN",207,45,"PlayerSync","id=207 bytes=45","cf 92 00 8c 80 60 ff c0 00 29 aa e2 f0 c4 20 c9 91 79 1d 9e 90 80 00 00 00 01 38 21 c0 00 02 e7 32 e0 f4 52 22 f7 ff fd fd a5 04 04 80",""
2443,10721,"PACKET","IN",207,45,"PlayerSync","id=207 bytes=45","cf 0b 00 f3 7f df 40 00 00 25 77 63 70 e8 61 c9 91 66 a4 1e 90 84 00 00 00 01 cf 83 c0 00 02 65 ed 08 f4 10 70 50 c3 fd fd c8 04 e8 80",""
2444,10721,"PACKET","IN",207,45,"PlayerSync","id=207 bytes=45","cf 1c 00 a0 80 64 ff c2 00 1d bc 63 f0 d7 94 89 91 60 ee 9e 90 84 00 00 00 02 75 0b e0 00 02 89 5f ec f4 d5 06 27 bf fd fd 00 00 00 80",""
2445,10722,"PACKET","IN",207,43,"PlayerSync","id=207 bytes=43","cf 85 00 60 3f c2 00 11 29 a3 f0 c4 ce 89 91 66 af 9e 90 84 00 00 00 02 05 ed 80 00 03 ff a8 04 fb 40 4d a3 13 fd fd c8 04 02 80",""
2446,10722,"PACKET","IN",207,35,"PlayerSync","id=207 bytes=35","cf 97 00 00 00 39 55 a5 b0 df 38 c9 91 6c 24 9f 10 80 00 00 00 01 30 6f e8 00 00 00 00 00 01 28 00 04 11",""
2447,10722,"PACKET","IN",207,45,"PlayerSync","id=207 bytes=45","cf 0b 00 f2 ff df 40 00 00 01 f8 a3 70 d1 a1 c9 91 73 a4 1e 90 84 00 00 00 02 13 6b c0 00 02 74 89 24 f4 38 50 d0 ef fd fd c8 04 e8 80",""
2448,10722,"PACKET","IN",207,45,"PlayerSync","id=207 bytes=45","cf 1c 00 9e 00 64 3f c2 00 3d fd e3 f0 f1 14 c9 91 45 2e 9e 90 84 00 00 00 02 bd 17 e0 00 00 df 33 e8 f6 b4 fe a7 bb fd fd 00 00 00 80",""
2449,10722,"PACKET","IN",207,45,"PlayerSync","id=207 bytes=45","cf 4f 00 d2 7f c8 c0 02 00 09 77 62 30 e6 2a c9 91 78 a0 de 90 80 00 00 00 01 57 ce 00 00 02 b6 11 44 f5 0f a3 00 d7 fd fd c8 04 04 80",""
2450,10723,"PACKET","IN",207,43,"PlayerSync","id=207 bytes=43","cf 7e 00 60 3f c2 00 15 14 e9 30 d8 d3 0a 51 40 30 1e 90 84 00 00 00 03 23 ef 94 00 02 1b 08 88 fa 05 49 6c 23 fd fd c8 04 02 80",""
2451,10723,"PACKET","IN",207,45,"PlayerSync","id=207 bytes=45","cf 92 00 8c 80 60 ff c0 00 2d 6a a2 f0 f5 e1 09 91 76 5d 9e 90 80 00 00 00 03 68 21 c0 00 01 40 ce bc f6 46 22 d7 ff fd fd a5 04 04 80",""
2452,10723,"PACKET","IN",200,44,"VehicleSync","id=200 bytes=44","c8 a6 00 1d 00 7f 00 00 00 08 00 7d b0 7e d0 37 d7 9f 84 39 8c 39 04 f2 54 51 d6 77 c4 2b 87 2e 83 dc 42 d1 4e 24 b8 1f e0 1f 00 00",""
2453,10723,"PACKET","OUT",207,69,"PlayerSync","id=207 bytes=69","cf 00 00 00 00 00 00 e8 9a a0 c3 95 ed 26 45 ed 9c 7c 42 0f 68 4f 3f 00 00 00 80 00 00 00 00 d5 0f 16 bf 64 00 00 00 00 00 00 00 00 00 00 00 00 00 00 00 00 00 00 00 00 00 00 00 00 00 00 00 00 00 a5 04 e8 80",""
2454,10745,"PACKET","IN",207,45,"PlayerSync","id=207 bytes=45","cf 0b 00 f1 ff df 00 00 00 0a b9 e3 70 fc 61 89 91 42 a4 5e 90 84 00 00 00 01 3b 67 c0 00 02 1a 0d 4c f4 a4 39 e1 17 fd fd c8 04 e8 80",""
2455,10745,"PACKET","IN",207,45,"PlayerSync","id=207 bytes=45","cf 1c 00 9b 80 63 7f c2 00 32 3f a3 f0 c9 d5 49 91 6a 2e 5e 90 84 00 00 00 03 19 23 e0 00 03 03 ef cc f7 c4 f0 1f b7 fd fd 00 00 00 80",""
2456,10745,"PACKET","IN",207,35,"PlayerSync","id=207 bytes=35","cf 37 00 00 00 16 3c 62 b0 f4 68 c9 91 56 9b 9e 90 80 00 00 00 02 2c 7b 40 00 00 00 00 00 01 28 00 04 11",""
2457,10745,"PACKET","IN",203,34,"AimSync","id=203 bytes=34","cb 37 00 04 7e 50 22 bf 26 10 2d bf d5 3d c0 be 77 ce 8a c3 78 a8 26 45 f5 79 7d 42 00 00 00 00 3f 3a",""
2458,10745,"PACKET","IN",207,35,"PlayerSync","id=207 bytes=35","cf 51 00 00 00 2e e7 28 30 ea ff 89 91 7b 67 1f 10 84 00 00 00 03 a6 8b c0 00 00 00 00 00 01 28 00 04 11",""
2459,10745,"PACKET","IN",207,43,"PlayerSync","id=207 bytes=43","cf 85 00 60 3f ca 00 06 ae 63 f0 e4 0e c9 91 65 2f 9e 90 84 00 00 00 01 75 f1 80 00 02 13 2a a4 f7 40 4d a3 13 fd fd c8 04 02 80",""
2460,10746,"PACKET","IN",207,45,"PlayerSync","id=207 bytes=45","cf 0b 00 f1 ff df 00 00 00 36 fb a3 70 de 21 89 91 59 24 5e 90 84 00 00 00 01 93 67 c0 00 02 ca 95 a8 f4 80 36 21 1f fd fd c8 04 e8 80",""
2461,10746,"PACKET","IN",207,45,"PlayerSync","id=207 bytes=45","cf 1c 00 98 80 62 ff c2 00 28 41 64 30 de 15 89 91 51 ae 5e 90 84 00 00 00 01 95 33 e0 00 03 cd 97 c8 f4 e4 e9 3b af fd fd 00 00 00 80",""
2462,10746,"PACKET","IN",207,37,"PlayerSync","id=207 bytes=37","cf 7c 00 7e 3f c0 00 38 64 25 b0 e1 1a 09 d1 6c 24 9f 10 80 00 00 00 02 3e 1e 40 00 00 00 00 00 01 fc 04 e8 80",""
2463,10789,"PACKET","IN",207,45,"PlayerSync","id=207 bytes=45","cf 0b 00 f1 ff df 00 00 00 33 3c e3 70 ca a1 89 91 67 a4 5e 90 84 00 00 00 03 4f 67 c0 00 03 ad 46 1c f4 cc 35 89 1f fd fd c8 04 e8 80",""
2464,10789,"PACKET","IN",207,35,"PlayerSync","id=207 bytes=35","cf 1b 00 00 00 02 a3 63 70 d7 5a c9 91 7b a3 1e 90 80 00 00 00 00 d6 93 00 00 00 00 00 00 01 28 00 04 11",""
2465,10789,"PACKET","IN",207,45,"PlayerSync","id=207 bytes=45","cf 1c 00 96 80 62 7f c2 00 1c 83 64 30 f8 55 c9 91 78 ae 1e 90 84 00 00 00 01 61 3b e0 00 00 39 3f ac f4 50 dc cb a7 fd fd 00 00 00 80",""
2466,10790,"PACKET","IN",207,45,"PlayerSync","id=207 bytes=45","cf 4f 00 d1 ff c7 40 02 00 3a 34 a2 30 f6 2a 49 91 66 e1 1e 90 80 00 00 00 01 c3 f2 00 00 03 fb 49 cc f6 4f 2e c8 63 fd fd c8 04 04 80",""
2467,10790,"PACKET","IN",207,45,"PlayerSync","id=207 bytes=45","cf 92 00 8c 00 60 ff c0 00 3b ea 22 f0 e5 22 09 91 71 1d 9e 90 80 00 00 00 03 8c 09 c0 00 00 50 02 a0 f5 02 17 8f ff fd fd a5 04 04 80",""
2468,10790,"PACKET","IN",203,34,"AimSync","id=203 bytes=34","cb 92 00 04 3d 76 3e be 4f f2 6a 3f 72 a7 b3 be 53 76 8b c3 4d 69 26 45 54 d2 7f 42 00 00 00 00 3f 37",""
2469,10790,"PACKET","IN",207,45,"PlayerSync","id=207 bytes=45","cf 7c 00 83 80 77 bf c0 00 04 a4 25 b0 e4 5a 09 d1 6c 24 9f 10 80 00 00 00 01 1e 4e 40 00 00 5e 24 24 f3 f7 c8 da e3 fd fd fc 04 e8 80",""
2470,10790,"PACKET","IN",207,45,"PlayerSync","id=207 bytes=45","cf 0b 00 f1 ff df 00 00 00 11 be 63 70 f4 a1 49 91 77 a4 5e 90 84 00 00 00 00 7b 6b c0 00 02 b0 b2 38 f6 44 36 95 1b fd fd c8 04 e8 80",""
2471,10790,"PACKET","IN",207,45,"PlayerSync","id=207 bytes=45","cf 1c 00 94 00 61 ff c0 00 1f c5 24 30 c7 16 49 91 63 ae 1e 90 84 00 00 00 01 9d 47 e0 00 02 7b ff a4 f5 a4 d4 13 a3 fd fd 00 00 00 80",""
2472,10790,"PACKET","IN",200,38,"VehicleSync","id=200 bytes=38","c8 3f 00 4b 00 00 00 00 00 00 00 59 30 c6 90 39 18 b0 46 5e ac 32 5b 62 b4 57 c3 b9 b4 20 00 00 00 06 80 3a 00 00",""
2473,10790,"PACKET","IN",207,45,"PlayerSync","id=207 bytes=45","cf 7c 00 86 00 73 3f c0 00 13 e3 a5 b0 ea 1a 09 d1 6c 24 9f 10 80 00 00 00 03 d2 7a 40 00 00 c2 8a 2c f3 87 d9 ba bf fd fd fc 04 e8 80",""
2474,10817,"PACKET","IN",207,45,"PlayerSync","id=207 bytes=45","cf 0b 00 f1 ff df 00 00 00 37 7f e3 70 d9 e1 49 91 4a e4 9e 90 84 00 00 00 01 f7 6b c0 00 03 7a 32 3c f7 44 34 95 1b fd fd c8 04 e8 80",""
2475,10817,"PACKET","IN",207,45,"PlayerSync","id=207 bytes=45","cf 1c 00 92 00 61 bf c0 00 2c 86 e4 30 d3 56 89 91 50 2e 1e 90 84 00 00 00 02 5d 4f e0 00 01 d2 eb 78 f7 44 c8 73 9b fd fd 00 00 00 80",""
2476,10817,"PACKET","IN",207,49,"PlayerSync","id=207 bytes=49","cf 30 00 00 00 22 fe a6 b0 cf 96 c9 d1 7b 67 1f 10 84 00 00 00 01 bd d3 00 00 00 00 00 00 03 ff fe 00 00 00 00 00 00 00 00 00 00 00 01 28 00 04 11",""
2477,10817,"PACKET","IN",207,45,"PlayerSync","id=207 bytes=45","cf 7c 00 87 00 6f 3f c0 00 24 62 a5 b0 f2 1a 09 d1 6c 24 9f 10 80 00 00 00 03 92 b2 40 00 00 f6 83 88 f2 b7 ef da 83 fd fd fc 04 e8 80",""
2478,10817,"PACKET","IN",207,43,"PlayerSync","id=207 bytes=43","cf 7e 00 60 3f c2 00 2d 5a a9 30 ed 11 0a 51 40 30 1e 90 84 00 00 00 03 23 ef 94 00 01 c6 08 2c fa 05 49 6c 23 fd fd c8 04 02 80",""
2479,10817,"PACKET","IN",207,41,"PlayerSync","id=207 bytes=41","cf 92 00 00 00 3a ea 22 f0 ee 62 89 91 71 1d 9e 90 84 00 00 00 01 34 09 c0 00 00 7c 06 9c f6 c5 f7 e7 ff fd fd a5 04 04 80",""
2480,10818,"PACKET","IN",200,44,"VehicleSync","id=200 bytes=44","c8 a6 00 1d 00 7f 00 00 00 08 00 74 80 34 d0 5a 46 a1 66 c9 8c 30 25 62 54 59 f6 87 c4 20 ca b0 33 e5 43 80 7e ac 77 df e0 1f 00 00",""
2481,10818,"PACKET","IN",207,45,"PlayerSync","id=207 bytes=45","cf 0b 00 f0 ff df 00 00 00 1f 41 a3 b0 fe a1 09 91 5e 24 9e 90 84 00 00 00 00 1b 6b c0 00 02 3c aa 60 f4 90 3a 0d 17 fd fd c8 04 e8 80",""
2482,10839,"PACKET","IN",207,45,"PlayerSync","id=207 bytes=45","cf 1c 00 8f 80 61 7f c0 00 22 08 e4 30 e3 56 c9 91 7c 2d de 90 84 00 00 00 03 05 5b e0 00 01 b0 8f 78 f7 f4 c2 cf 93 fd fd 00 00 00 80",""
2483,10839,"PACKET","IN",200,38,"VehicleSync","id=200 bytes=38","c8 3f 00 4b 00 00 00 00 00 00 00 59 20 c6 b0 39 28 b0 46 5e ac 32 5b 62 b4 57 c3 b9 b4 20 00 00 00 06 80 3a 00 00",""
2484,10839,"PACKET","IN",207,45,"PlayerSync","id=207 bytes=45","cf 4f 00 d1 7f c6 00 02 00 1c 73 22 30 e0 e9 c9 91 44 21 5e 90 80 00 00 00 02 a7 fe 00 00 01 7b aa 20 f7 b2 a4 3c 1f fd fd c8 04 04 80",""
2485,10839,"PACKET","IN",207,45,"PlayerSync","id=207 bytes=45","cf 7c 00 89 00 69 7f c0 00 2e e1 a5 b0 f4 da 09 d1 6c 24 9f 10 80 00 00 00 03 9a de 40 00 01 8d 98 18 f6 03 fc ea 2f fd fd fc 04 e8 80",""
2486,10839,"PACKET","IN",207,43,"PlayerSync","id=207 bytes=43","cf 85 00 60 3f ca 00 11 fe a3 f0 e8 50 09 91 62 ef 9e 90 84 00 00 00 01 75 f1 80 00 02 26 8f f4 f5 2c 4e 53 0f fd fd ae 04 08 80",""
2487,10839,"PACKET","IN",207,45,"PlayerSync","id=207 bytes=45","cf 0b 00 f0 ff de c0 00 00 2b 03 a3 b0 dd a1 09 91 76 24 9e 90 84 00 00 00 02 03 6b c0 00 01 28 1e a8 f6 f0 35 39 1b fd fd c8 04 e8 80",""
2488,10840,"PACKET","IN",207,45,"PlayerSync","id=207 bytes=45","cf 7c 00 89 00 67 ff c0 00 08 20 e5 b0 f3 da 09 d1 6c 24 9f 10 80 00 00 00 02 73 06 40 00 01 9d 98 18 f7 bb ff 8d ef fd fd fc 04 e8 80",""
2489,10860,"PACKET","IN",207,45,"PlayerSync","id=207 bytes=45","cf 0b 00 f0 7f de c0 00 00 14 45 e3 b0 fa 20 c9 91 4f a4 de 90 84 00 00 00 03 0b 6b c0 00 03 40 be f0 f4 98 39 fd 17 fd fd c8 04 e8 80",""
2490,10860,"PACKET","IN",207,45,"PlayerSync","id=207 bytes=45","cf 1c 00 8d 00 60 ff c0 00 33 8c a4 30 f5 17 49 91 5a 6d de 90 84 00 00 00 03 05 63 e0 00 01 55 2b 84 f5 20 b6 bb 87 fd fd 00 00 00 80",""
2491,10860,"PACKET","IN",207,45,"PlayerSync","id=207 bytes=45","cf 4f 00 d0 7f c3 40 02 00 26 f2 62 30 c2 e9 09 91 51 21 5e 90 80 00 00 00 03 d7 fe 00 00 00 b6 de 50 f4 1a 36 a8 03 fd fd c8 04 04 80",""
2492,10860,"PACKET","IN",207,45,"PlayerSync","id=207 bytes=45","cf 0b 00 ef ff de c0 00 00 03 c8 23 b0 d5 e0 c9 91 69 24 de 90 84 00 00 00 00 3f 6f c0 00 00 19 f2 e8 f5 84 38 39 17 fd fd c8 04 e8 80",""
2493,10861,"PACKET","IN",207,35,"PlayerSync","id=207 bytes=35","cf 47 00 00 00 0a d6 22 f0 e4 e8 c9 91 79 5b 1e 90 84 00 00 00 02 40 47 c0 00 00 00 00 00 01 28 00 04 11",""
2494,10861,"PACKET","IN",207,45,"PlayerSync","id=207 bytes=45","cf 7c 00 8a 80 65 ff c0 00 3c 9f a5 b0 ef 1a 09 d1 6c 24 9f 10 80 00 00 00 00 d3 32 40 00 01 99 98 18 f6 a7 fa 41 b7 fd fd fc 04 e8 80",""
2495,10889,"PACKET","IN",207,45,"PlayerSync","id=207 bytes=45","cf 0b 00 ef 7f de c0 00 00 3a 09 e3 b0 f4 e0 89 91 40 25 1e 90 84 00 00 00 01 d7 6f c0 00 03 31 96 c0 f6 94 3a 29 13 fd fd c8 04 e8 80",""
2496,10889,"PACKET","IN",207,35,"PlayerSync","id=207 bytes=35","cf 46 00 00 00 3e ca 23 30 fc 9b 89 91 68 df 1e 90 84 00 00 00 03 0d 37 c0 00 00 00 00 00 01 28 00 04 11",""
2497,10890,"PACKET","IN",207,45,"PlayerSync","id=207 bytes=45","cf 7c 00 8b 00 64 3f c0 00 10 9e e5 b0 e6 da 09 d1 6c 24 9f 10 80 00 00 00 00 37 56 40 00 01 a5 98 18 f4 9b ec 6d 77 fd fd fc 04 e8 80",""
2498,10890,"PACKET","IN",207,43,"PlayerSync","id=207 bytes=43","cf 7e 00 60 3f ca 00 0a 23 e9 30 ee 0e 0a 51 40 30 1e 90 84 00 00 00 03 23 ef 94 00 00 e8 e8 e0 fa 05 49 6c 23 fd fd c8 04 02 80",""
2499,10890,"PACKET","IN",200,44,"VehicleSync","id=200 bytes=44","c8 a6 00 1d 00 00 00 00 00 08 00 78 30 05 d0 87 55 c9 f9 49 8c 3b 45 d2 54 5a 05 77 c4 20 f5 81 43 e5 93 a4 de bc 27 bf e0 1f 00 00",""
2500,10913,"PACKET","IN",207,45,"PlayerSync","id=207 bytes=45","cf 0b 00 ef 7f de c0 00 00 03 8c 23 b0 d2 20 89 91 58 25 1e 90 84 00 00 00 01 67 73 c0 00 03 1b 06 bc f4 04 3f 71 0f fd fd c8 04 e8 80",""
2501,10913,"PACKET","IN",207,45,"PlayerSync","id=207 bytes=45","cf 1c 00 8d 00 60 ff c0 00 19 90 e4 30 d0 98 09 91 77 2d 9e 90 84 00 00 00 00 bd 5b e0 00 02 56 e3 ac f4 30 b5 ef 87 fd fd 00 00 00 80",""
2502,10913,"PACKET","IN",207,43,"PlayerSync","id=207 bytes=43","cf 4f 00 d1 7f 82 00 07 32 62 30 cd a8 89 91 53 21 5e 90 84 00 00 00 03 eb fe 00 00 01 2d 56 6c f5 5e 10 48 03 fd fd c8 04 04 80",""
2503,10913,"PACKET","IN",207,45,"PlayerSync","id=207 bytes=45","cf 7c 00 8b 80 62 ff c0 00 3d 9d a5 b0 d8 9a 09 d1 6c 24 9f 10 80 00 00 00 03 0b 76 40 00 01 a8 fc 5c f4 77 da b9 3b fd fd fc 04 e8 80",""
2504,10913,"PACKET","IN",207,45,"PlayerSync","id=207 bytes=45","cf 0b 00 ef 7f de c0 00 00 06 4e 23 b0 ee a0 49 91 6f a5 1e 90 84 00 00 00 01 4f 77 c0 00 02 74 ca bc f7 58 3d 4d 0b fd fd c8 04 e8 80",""
2505,10913,"PACKET","IN",207,43,"PlayerSync","id=207 bytes=43","cf 85 00 60 3f ca 00 12 81 e4 30 e9 10 49 91 62 6f 9e 90 84 00 00 00 01 75 f1 80 00 02 7d 73 28 ed 2c 4e 53 0f fd fd ae 04 08 80",""
2506,10939,"PACKET","IN",200,38,"VehicleSync","id=200 bytes=38","c8 3f 00 4b 00 00 00 00 00 00 00 58 40 c7 30 39 38 b0 46 5e ac 32 5b 62 b4 58 03 b9 b4 20 00 00 00 06 80 3a 00 00",""
2507,10939,"PACKET","IN",207,45,"PlayerSync","id=207 bytes=45","cf 7c 00 8c 80 61 bf c0 00 2e 1c a5 b0 c4 da 09 d1 6c 24 9f 10 80 00 00 00 02 fb 96 40 00 03 27 30 68 f7 27 bb 94 ff fd fd fc 04 e8 80",""
2508,10939,"PACKET","IN",207,41,"PlayerSync","id=207 bytes=41","cf 92 00 00 00 34 6a 62 f0 fd a4 09 91 73 9d 9e 90 84 00 00 00 01 34 09 c0 00 03 15 2c 9c f6 c5 f7 e7 ff fd fd a5 04 04 80",""
2509,10939,"PACKET","IN",207,45,"PlayerSync","id=207 bytes=45","cf 0b 00 ee ff de c0 00 00 0e 10 23 b0 c9 a0 49 91 47 a5 5e 90 84 00 00 00 03 6b 77 c0 00 02 f2 16 c0 f7 1c 42 91 03 fd fd c8 04 e8 80",""
2510,10939,"PACKET","IN",207,45,"PlayerSync","id=207 bytes=45","cf 7c 00 8d 00 60 ff c0 00 14 db e5 b0 ef d9 c9 d1 6c 24 9f 10 80 00 00 00 03 9f ae 40 00 03 3f 30 68 f5 5f 97 40 c7 fd fd fc 04 e8 80",""
2511,10959,"PACKET","IN",207,45,"PlayerSync","id=207 bytes=45","cf 0b 00 ee ff de c0 00 00 39 51 e3 b0 e5 e0 09 91 5e 25 5e 90 84 00 00 00 03 9f 7b c0 00 00 16 66 c4 f5 34 46 ec ff fd fd c8 04 e8 80",""
2512,10960,"PACKET","IN",207,45,"PlayerSync","id=207 bytes=45","cf 4f 00 d1 7f fe 7f c2 00 2a b2 62 30 cb 27 c9 91 50 a1 5e 90 84 00 00 00 03 9b fe 00 00 00 e5 ee b0 f4 51 f4 20 03 fd fd c8 04 04 80",""
2513,10960,"PACKET","IN",207,45,"PlayerSync","id=207 bytes=45","cf 1c 00 91 80 61 7f c0 00 16 d8 e4 30 e0 19 49 91 61 ad 5e 90 84 00 00 00 01 cd 27 e0 00 02 02 c3 dc f4 dc dd 2b a7 fd fd 00 00 00 80",""
2514,10960,"PACKET","IN",207,45,"PlayerSync","id=207 bytes=45","cf 7c 00 8e 80 61 3f c0 00 09 db 25 b0 d7 19 c9 d1 6c 24 9f 10 80 00 00 00 01 c3 c6 40 00 03 1f 30 68 f6 6f 6e 6c 9b fd fd fc 04 e8 80",""
2515,10988,"PACKET","IN",207,45,"PlayerSync","id=207 bytes=45","cf 0b 00 ee 7f de 80 00 00 1f 13 e3 b0 c1 60 09 91 74 25 5e 90 84 00 00 00 01 2f 7f c0 00 03 bd 8e c0 f5 84 4b a0 f7 fd fd c8 04 e8 80",""
2516,10988,"PACKET","IN",207,45,"PlayerSync","id=207 bytes=45","cf 7c 00 8e 80 61 3f c0 00 15 da 65 b0 fb 19 89 d1 6c 24 9f 10 80 00 00 00 00 9f da 40 00 03 37 30 68 f5 03 41 24 73 fd fd fc 04 e8 80",""
2517,10988,"PACKET","IN",207,43,"PlayerSync","id=207 bytes=43","cf 7e 00 60 3f ca 00 14 6c e9 30 f5 8b 0a 51 40 30 1e 90 84 00 00 00 03 23 ef 94 00 02 b7 53 18 f6 05 49 6c 23 fd fd ad 04 08 80",""
2518,10988,"PACKET","IN",200,44,"VehicleSync","id=200 bytes=44","c8 a6 00 1d 00 00 00 00 00 08 00 71 b0 0b 90 9e e5 4a dc 49 8c 33 c6 62 54 56 04 37 c4 2f bf e2 53 ed 73 54 3e 85 e7 cf e0 1f 00 00",""
2519,10989,"PACKET","IN",207,43,"PlayerSync","id=207 bytes=43","cf 85 00 60 3f ca 00 02 ce 64 30 e0 51 49 91 57 27 1e d0 84 00 00 00 01 75 f1 80 00 00 b3 f5 e8 fb a8 77 ea f0 ba dd ab 04 08 80",""
2520,11009,"PACKET","IN",207,45,"PlayerSync","id=207 bytes=45","cf 0b 00 ee 7f de 80 00 00 2b d6 e3 b0 c5 9f c9 91 58 25 9e 90 84 00 00 00 01 3b 83 c0 00 02 f3 6e b8 f7 2c 48 e8 f7 fd fd c8 04 e8 80",""
2521,11009,"PACKET","IN",200,38,"VehicleSync","id=200 bytes=38","c8 3f 00 4b 00 00 00 00 00 00 00 59 00 c6 d0 39 38 b0 36 5e ac 32 5b 62 b4 57 c3 b9 b4 20 00 00 00 06 80 3a 00 00",""
2522,11009,"PACKET","IN",207,45,"PlayerSync","id=207 bytes=45","cf 4f 00 d2 ff f8 ff c2 00 01 72 e2 30 c6 e7 09 91 4a 21 5e 90 84 00 00 00 01 c3 fa 00 00 01 b5 c6 c8 f7 bd e0 c4 03 fd fd df 04 02 80",""
2523,11010,"PACKET","IN",203,34,"AimSync","id=203 bytes=34","cb 76 00 12 60 25 02 3f bf b9 1f bf a4 f0 17 bf 88 74 ae c3 d7 fe 26 45 58 6a 86 42 00 00 00 00 3f ff",""
2524,11010,"PACKET","IN",207,45,"PlayerSync","id=207 bytes=45","cf 7c 00 90 00 61 7f c0 00 38 99 a5 b0 db 59 89 d1 6c 24 9f 10 80 00 00 00 00 5f ea 40 00 03 3b 30 68 f6 67 0d 38 4f fd fd fc 04 e8 80",""
2525,11010,"PACKET","IN",207,45,"PlayerSync","id=207 bytes=45","cf 0b 00 ee 7f de 80 00 00 02 9a 23 b0 c4 df 89 91 7c 25 9e 90 84 00 00 00 03 fb 8b c0 00 00 82 66 94 f7 b0 55 70 e3 fd fd c8 04 e8 80",""
2526,11010,"PACKET","IN",207,45,"PlayerSync","id=207 bytes=45","cf 7c 00 90 80 61 7f c0 00 3c 19 25 b0 f9 59 49 d1 6c 24 9f 10 80 00 00 00 00 27 f6 40 00 03 43 30 68 f5 a2 d6 b0 2f fd fd fc 04 e8 80",""
2527,11010,"PACKET","IN",207,41,"PlayerSync","id=207 bytes=41","cf 92 00 00 00 03 aa a2 f0 e6 e4 89 91 74 1d 9e 90 84 00 00 00 01 34 09 c0 00 02 cb 86 04 f2 c5 f7 e7 ff fd fd a5 04 04 80",""
2528,11038,"PACKET","IN",207,45,"PlayerSync","id=207 bytes=45","cf 1c 00 93 80 61 ff c0 00 1d 9f a4 30 fd 1a 89 91 79 2c de 90 84 00 00 00 02 29 07 e0 00 00 9c f3 b4 f6 90 f8 37 bb fd fd 00 00 00 80",""
2529,11059,"PACKET","IN",207,45,"PlayerSync","id=207 bytes=45","cf 0b 00 ee 7f de 80 00 00 10 dd a3 b0 f4 1f 09 91 65 e5 de 90 84 00 00 00 03 7f 93 c0 00 01 17 32 c8 f4 b4 60 84 d7 fd fd c8 04 e8 80",""
2530,11059,"PACKET","IN",207,45,"PlayerSync","id=207 bytes=45","cf 20 00 81 00 7c 7f c0 00 24 f6 24 70 fb 29 89 91 7f 31 de 90 80 00 00 00 00 b1 e7 c0 00 01 99 98 18 f6 83 be 82 fb fd fd a5 04 04 80",""
2531,11060,"PACKET","IN",203,34,"AimSync","id=203 bytes=34","cb 20 00 04 cf ab 18 3f d4 21 4d 3f 40 dd 42 bd d9 e5 92 c3 23 7a 26 45 8d d7 7d 42 00 00 00 00 3f 37",""
2532,11060,"PACKET","IN",207,45,"PlayerSync","id=207 bytes=45","cf 4f 00 d3 ff f4 ff c2 00 19 34 22 30 c7 26 49 91 71 a1 1e 90 84 00 00 00 03 af f2 00 00 01 41 22 b8 f7 f1 8c 68 0f fd fd e9 04 02 80",""
2533,11060,"PACKET","IN",207,45,"PlayerSync","id=207 bytes=45","cf 7c 00 91 00 61 7f c0 00 0d 18 e5 b0 c9 19 49 d1 6c 24 9f 10 80 00 00 00 03 4b fe 40 00 01 36 e3 64 f3 1a 61 ac 0b fd fd fc 04 e8 80",""
2534,11060,"PACKET","IN",203,34,"AimSync","id=203 bytes=34","cb 7c 00 04 1c 92 fb bd c3 8e 76 bf d6 28 75 be 51 52 96 c3 6c 75 27 45 d2 ef 7f 42 00 00 00 00 3f 20",""
2535,11060,"PACKET","IN",200,44,"VehicleSync","id=200 bytes=44","c8 a6 00 1d 00 cb ff 00 00 08 00 71 90 1c d0 83 d5 21 ef c9 8c 38 36 f2 54 58 d3 07 c4 2c c5 73 73 ec 23 14 2e 52 17 df e0 1f 00 00",""
2536,11090,"PACKET","IN",207,45,"PlayerSync","id=207 bytes=45","cf 0b 00 ee ff de 80 00 00 2e 9e e3 b0 d3 5f 09 91 75 e5 de 90 84 00 00 00 00 ff 9b c0 00 02 e2 c6 38 f5 e0 65 78 cf fd fd c8 04 e8 80",""
2537,11090,"PACKET","IN",207,45,"PlayerSync","id=207 bytes=45","cf 20 00 86 80 7b bf c0 00 20 34 a4 70 dd 29 c9 91 7f 31 de 90 80 00 00 00 02 16 07 c0 00 01 99 98 18 f6 43 ab 9b 1b fd fd a5 04 04 80",""
2538,11091,"PACKET","IN",200,38,"VehicleSync","id=200 bytes=38","c8 3f 00 4b 00 00 00 00 00 00 00 58 d0 c6 e0 39 48 b0 36 5e ac 32 5b 62 b4 57 d3 b9 b4 20 00 00 00 06 80 3a 00 00",""
2539,11091,"PACKET","IN",207,35,"PlayerSync","id=207 bytes=35","cf 4b 00 00 00 15 e8 a3 70 f0 5d 09 91 79 a3 5e 90 80 00 00 00 03 47 12 00 00 00 00 00 00 01 28 00 04 11",""
2540,11091,"PACKET","IN",203,34,"AimSync","id=203 bytes=34","cb 4b 00 04 07 75 34 3f cd 8c 2c bf 96 31 62 be 2f 8e 8e c3 f0 90 26 45 96 43 7f 42 00 00 00 00 3f 22",""
2541,11091,"PACKET","IN",207,45,"PlayerSync","id=207 bytes=45","cf 4f 00 d4 7f f2 7f c2 00 1b b5 e2 30 d7 a5 89 91 51 a1 1e 90 84 00 00 00 02 0f f2 00 00 02 41 b6 b0 f7 9d 60 74 1b fd fd e9 04 02 80",""
2542,11091,"PACKET","IN",207,45,"PlayerSync","id=207 bytes=45","cf 7c 00 91 80 61 bf c0 00 3e 18 a5 b0 ef 99 09 d1 6c 24 9f 10 84 00 00 00 03 d3 fe 40 00 01 3b 7f c4 f1 e2 25 64 03 fd fd fc 04 e8 80",""
2543,11091,"PACKET","IN",207,43,"PlayerSync","id=207 bytes=43","cf 7e 00 60 3f c2 00 21 72 a9 30 cd 89 4a 51 40 30 1e 90 84 00 00 00 03 23 ef 94 00 01 97 73 c0 f6 05 49 6c 23 fd fd ad 04 08 80",""
2544,11092,"PACKET","IN",207,43,"PlayerSync","id=207 bytes=43","cf 85 00 60 3f c2 00 0a 68 64 30 e6 53 49 91 49 3f 5f 10 84 00 00 00 01 75 f1 80 00 02 45 a1 b0 f9 e4 61 73 00 22 9d ab 04 08 80",""
2545,11092,"PACKET","IN",207,45,"PlayerSync","id=207 bytes=45","cf 0b 00 ee ff de 80 00 00 1a a0 23 b0 f5 de c9 91 43 a6 1e 90 84 00 00 00 00 97 9f c0 00 02 c1 95 c8 f5 6c 6f a0 c3 fd fd c8 04 e8 80",""
2546,11092,"PACKET","IN",207,45,"PlayerSync","id=207 bytes=45","cf 7c 00 92 00 61 bf c0 00 07 18 e5 b0 d0 d9 09 d1 6c 24 9f 10 84 00 00 00 00 d7 fe 40 00 00 cb 20 14 f5 71 ec 54 03 fd fd fc 04 e8 80",""
2547,11092,"PACKET","IN",207,35,"PlayerSync","id=207 bytes=35","cf 15 00 00 00 0d cb 23 30 d7 62 49 91 71 9f 1e 90 84 00 00 00 01 9e 65 80 00 00 00 00 00 01 a5 04 e8 80",""
2548,11092,"PACKET","IN",207,45,"PlayerSync","id=207 bytes=45","cf 7c 00 92 00 61 bf c0 00 2f d8 e5 b0 f0 98 c9 d1 6c 24 9f 10 84 00 00 00 02 67 f6 40 00 00 e3 d4 44 f7 ed ae 4c 07 fd fd fc 04 e8 80",""
2549,11116,"PACKET","IN",207,45,"PlayerSync","id=207 bytes=45","cf 0b 00 ed ff de 80 00 00 01 63 63 b0 e3 de 89 91 68 a6 1e 90 84 00 00 00 00 8b a3 c0 00 00 75 9a 90 f7 00 70 a8 bf fd fd c8 04 e8 80",""
2550,11116,"PACKET","IN",207,45,"PlayerSync","id=207 bytes=45","cf 1c 00 93 80 61 ff c0 00 1a 66 e4 30 e2 1c 49 91 71 ac 5e 90 84 00 00 00 03 18 f3 e0 00 03 24 0b 60 f4 55 10 6f c7 fd fd 00 00 00 80",""
2551,11116,"PACKET","IN",207,41,"PlayerSync","id=207 bytes=41","cf 20 00 00 00 05 33 24 70 f5 29 c9 91 7f 31 de 90 80 00 00 00 00 6e 67 c0 00 01 95 98 18 f6 d3 dd 46 b7 fd fd a5 04 04 80",""
2552,11139,"PACKET","IN",207,45,"PlayerSync","id=207 bytes=45","cf 4f 00 d5 7f ee ff c2 00 02 f8 22 30 ce a4 c9 91 6a a0 de 90 84 00 00 00 01 2f ee 00 00 01 2b 72 ec f5 ed 5b ac 1b fd fd e9 04 02 80",""
2553,11139,"PACKET","IN",207,45,"PlayerSync","id=207 bytes=45","cf 7c 00 92 00 61 bf c0 00 3c d9 25 b0 ce 58 c9 d1 6c 24 9f 10 84 00 00 00 00 8f ee 40 00 02 33 70 7c f5 81 77 14 13 fd fd fc 04 e8 80",""
2554,11139,"PACKET","IN",207,45,"PlayerSync","id=207 bytes=45","cf 0b 00 ed ff de 80 00 00 1d 65 23 b0 f1 9e 49 91 7e 66 1e 90 84 00 00 00 00 77 a7 c0 00 02 d2 0a d0 f4 84 7a 00 b7 fd fd c8 04 e8 80",""
2555,11139,"PACKET","IN",207,35,"PlayerSync","id=207 bytes=35","cf 4d 00 00 00 19 5f dc f0 c3 00 c9 91 7b ec 9e 90 80 00 00 00 00 39 bc 80 00 00 00 00 00 01 a8 04 04 11",""
2556,11140,"PACKET","IN",207,35,"PlayerSync","id=207 bytes=35","cf 92 00 00 00 05 2a a2 f0 f0 64 89 91 74 1d 9e 90 84 00 00 00 01 34 09 c0 00 00 00 00 00 01 a5 04 04 80",""
2557,11140,"PACKET","IN",200,44,"VehicleSync","id=200 bytes=44","c8 a6 00 1d 00 a2 ff 00 00 08 00 70 50 23 30 75 15 4a f3 c9 9c 34 67 92 54 54 f2 07 c4 2c 19 54 63 ef 52 b8 3e 0a f7 df e0 1f 00 00",""
2558,11162,"PACKET","IN",207,45,"PlayerSync","id=207 bytes=45","cf 0b 00 ed ff de 80 00 00 3e 26 e3 b0 fd 1e 09 91 54 66 5e 90 84 00 00 00 00 53 ab c0 00 02 d0 cb 04 f6 a8 7e dc af fd fd c8 04 e8 80",""
2559,11162,"PACKET","IN",207,35,"PlayerSync","id=207 bytes=35","cf 2d 00 00 00 37 8d 62 b0 cb e9 09 91 5c 9a de 90 80 00 00 00 01 5c 03 c0 00 00 00 00 00 01 28 00 04 11",""
2560,11163,"PACKET","IN",207,45,"PlayerSync","id=207 bytes=45","cf 7c 00 92 00 61 bf c0 00 00 59 e5 b0 e6 58 89 d1 6c 24 9f 10 84 00 00 00 00 e3 ee 40 00 02 61 f4 b8 f5 35 3e 7c 27 fd fd fc 04 e8 80",""
2561,11163,"PACKET","IN",207,43,"PlayerSync","id=207 bytes=43","cf 7e 00 60 3f c2 00 26 7c e9 30 ed 45 ca 51 6b 4b 5f 10 84 00 00 00 03 23 ef 94 00 01 f5 e5 d4 f8 a5 5b e0 45 1a c9 ab 04 08 80",""
2562,11163,"PACKET","IN",207,43,"PlayerSync","id=207 bytes=43","cf 85 00 60 3f c2 00 3d 00 e4 70 d1 d5 49 91 6a 6f 5f 50 84 00 00 00 01 75 f1 80 00 02 7c 81 8c fb 40 52 8b 09 52 55 ab 04 08 80",""
2563,11189,"PACKET","IN",207,45,"PlayerSync","id=207 bytes=45","cf 0b 00 ed ff de 80 00 00 09 a8 e3 b0 c8 de 09 91 69 a6 5e 90 84 00 00 00 03 f7 ab c0 00 00 8f 72 fc f4 ec 87 d0 a7 fd fd c8 04 e8 80",""
2564,11189,"PACKET","IN",200,38,"VehicleSync","id=200 bytes=38","c8 3f 00 4b 00 00 00 00 00 00 00 59 50 c6 a0 39 58 b0 26 5e ac 32 5b 62 b4 57 c3 b9 b4 20 00 00 00 06 80 3a 00 00",""
2565,11190,"PACKET","IN",207,45,"PlayerSync","id=207 bytes=45","cf 4f 00 d6 7f ec bf c2 00 26 ba a2 30 fd a3 c9 91 7a a0 9e 90 84 00 00 00 00 6f ee 00 00 01 6a 2f 30 f4 39 41 44 27 fd fd e9 04 02 80",""
2566,11190,"PACKET","IN",207,45,"PlayerSync","id=207 bytes=45","cf 7c 00 93 00 61 bf c0 00 32 9a 65 b0 ef 98 49 d1 6c 24 9f 10 84 00 00 00 03 9b ea 40 00 02 a1 91 00 f6 c5 3d dc 27 fd fd fc 04 e8 80",""
2567,11190,"PACKET","IN",207,39,"PlayerSync","id=207 bytes=39","cf 92 00 ff ff ff ff c0 00 05 2a a2 f0 f0 64 89 91 74 1d 9e 90 84 00 00 00 01 fc 51 c0 00 00 00 00 00 01 a5 04 04 80",""
2568,11190,"RPC","IN",72,6,"SetPlayerColor","id=72 bytes=6","9c 00 ff ff ff ff",""
2569,11190,"RPC","IN",72,6,"SetPlayerColor","id=72 bytes=6","9c 00 ff ff ff ff",""
2570,11190,"RPC","IN",11,18,"SetPlayerName","id=11 bytes=18","9c 00 0e 4b 65 6e 7a 69 5f 49 73 68 69 7a 61 6b 69 01",""
2571,11190,"PACKET","IN",207,35,"PlayerSync","id=207 bytes=35","cf 02 00 00 00 08 a8 a2 70 e7 a8 c9 91 7a 9d 5e 90 84 00 00 00 00 fc 56 c0 00 00 00 00 00 01 28 00 04 11",""
2572,11190,"PACKET","IN",203,34,"AimSync","id=203 bytes=34","cb 02 00 04 e1 4d 53 bf a8 0b f3 3e e3 71 9c be dc c6 88 c3 da 93 26 45 af 65 7f 42 00 00 00 00 3f 36",""
2573,11190,"PACKET","IN",207,45,"PlayerSync","id=207 bytes=45","cf 0b 00 ed ff de 80 00 00 1f 6a a3 b0 d1 9d c9 91 7f 26 5e 90 84 00 00 00 03 7b af c0 00 01 bf 32 f8 f7 1c 89 20 a3 fd fd c8 04 e8 80",""
2574,11190,"PACKET","IN",207,41,"PlayerSync","id=207 bytes=41","cf 1c 00 00 00 20 6c 24 30 f1 1d 89 91 41 2c 1e 90 84 00 00 00 01 f0 e7 e0 00 02 6f 0f 40 f7 ed 1c 5b cf fd fd 00 00 00 80",""
2575,11191,"PACKET","IN",207,45,"PlayerSync","id=207 bytes=45","cf 7c 00 93 00 61 ff c0 00 13 5b 25 b0 c0 18 49 d1 6c 24 9f 10 84 00 00 00 03 6f ea 40 00 03 ae 89 54 f4 b9 38 5c 2b fd fd fc 04 e8 80",""
2576,11212,"PACKET","IN",207,45,"PlayerSync","id=207 bytes=45","cf 7c 00 93 00 61 bf c0 00 29 9b a5 b0 d3 d8 09 d1 6c 24 9f 10 84 00 00 00 03 9b ea 40 00 03 35 e9 94 f7 ed 34 b4 2b fd fd fc 04 e8 80",""
2577,11212,"PACKET","IN",207,45,"PlayerSync","id=207 bytes=45","cf 0b 00 ed ff de 80 00 00 20 6e e3 b0 cb 1d 49 91 71 26 9e 90 84 00 00 00 00 8b bb c0 00 03 6c cb 1c f7 f8 97 f0 93 fd fd c8 04 e8 80",""
2578,11212,"PACKET","IN",207,41,"PlayerSync","id=207 bytes=41","cf 20 00 00 00 21 6e a4 70 fd a9 c9 91 7f 31 de 90 80 00 00 00 02 66 eb c0 00 03 0e ba e0 f2 fb ff ed df fd fd a5 04 04 80",""
2579,11212,"PACKET","IN",207,45,"PlayerSync","id=207 bytes=45","cf 4f 00 d7 7f e9 7f c2 00 03 fd a2 30 df a3 09 91 46 20 9e 90 84 00 00 00 01 83 ea 00 00 03 d5 a7 2c f4 9d 3e bc 27 fd fd e9 04 02 80",""
2580,11212,"PACKET","IN",207,45,"PlayerSync","id=207 bytes=45","cf 7c 00 93 80 61 ff c0 00 0d 5c 65 b0 e3 57 c9 d1 6c 24 9f 10 84 00 00 00 02 77 ea 40 00 03 7d 89 c8 f4 b9 38 5c 2b fd fd fc 04 e8 80",""
2581,11212,"PACKET","IN",207,45,"PlayerSync","id=207 bytes=45","cf 92 00 f2 7f f7 3f c0 00 29 2b 22 f0 fc 64 c9 91 7b 9d 9e 90 84 00 00 00 01 f4 ed c0 00 01 55 98 18 f6 b9 43 bb db fd fd a5 04 04 80",""
2582,11240,"PACKET","IN",207,45,"PlayerSync","id=207 bytes=45","cf 0b 00 ee 7f de 80 00 00 04 f0 63 b0 db 5d 09 91 41 26 de 90 84 00 00 00 01 03 bf c0 00 00 f5 ee c8 f6 70 a1 e4 8b fd fd c8 04 e8 80",""
2583,11241,"PACKET","IN",200,38,"VehicleSync","id=200 bytes=38","c8 3f 00 4b 00 00 00 00 00 00 00 58 e0 c6 d0 39 58 b0 26 5e ac 32 5b 62 b4 57 e3 b9 b4 20 00 00 00 06 80 3a 00 00",""
2584,11241,"PACKET","IN",207,45,"PlayerSync","id=207 bytes=45","cf 7c 00 93 80 61 ff c0 00 3a dc e5 b0 f1 97 89 d1 6c 24 9f 10 84 00 00 00 02 43 ea 40 00 03 43 62 00 f7 85 32 98 2b fd fd fc 04 e8 80",""
2585,11241,"PACKET","IN",207,43,"PlayerSync","id=207 bytes=43","cf 7e 00 60 3f c2 00 25 46 69 70 ce 02 ca 51 4c 13 1f 50 84 00 00 00 03 23 ef 94 00 03 23 31 a4 f9 2d 50 3c 36 22 8d ab 04 08 80",""
2586,11241,"PACKET","IN",207,35,"PlayerSync","id=207 bytes=35","cf 97 00 00 00 39 55 a5 b0 df 38 c9 91 6c 24 9f 10 80 00 00 00 01 30 6f e8 00 00 00 00 00 01 28 00 04 11",""
2587,11241,"PACKET","IN",200,44,"VehicleSync","id=200 bytes=44","c8 a6 00 1d 00 82 ff 00 00 08 00 71 50 28 d0 6e 05 92 68 69 9c 32 78 32 54 59 31 27 c4 29 3d d5 13 ef 92 5f 8d a2 47 ef e0 1f 00 00",""
2588,11241,"PACKET","IN",207,45,"PlayerSync","id=207 bytes=45","cf 0b 00 ee 7f de 80 00 00 16 71 a3 b0 eb dc c9 91 50 e6 de 90 84 00 00 00 03 ff bf c0 00 03 84 ca bc f7 90 a9 90 83 fd fd c8 04 e8 80",""
2589,11242,"PACKET","IN",207,43,"PlayerSync","id=207 bytes=43","cf 85 00 60 3f c2 00 03 59 64 70 f4 d7 09 91 53 fc 5f 50 84 00 00 00 01 75 f1 80 00 00 8f 61 78 f9 40 4e 47 0d a6 09 ab 04 08 80",""
2590,11242,"PACKET","OUT",207,69,"PlayerSync","id=207 bytes=69","cf 00 00 00 00 00 00 e8 9a a0 c3 95 ed 26 45 ed 9c 7c 42 0f 68 4f 3f 00 00 00 80 00 00 00 00 d5 0f 16 bf 64 00 00 00 00 00 00 00 00 00 00 00 00 00 00 00 00 00 00 00 00 00 00 00 00 00 00 00 00 00 a5 04 e8 80",""
2591,11265,"PACKET","IN",207,45,"PlayerSync","id=207 bytes=45","cf 4f 00 db 7f e6 3f c2 00 3d c0 22 70 dc 22 49 91 54 a0 5e 90 84 00 00 00 03 73 e2 00 00 02 af 83 1c f7 51 2c 74 2f fd fd e9 04 02 80",""
2592,11266,"PACKET","IN",207,45,"PlayerSync","id=207 bytes=45","cf 7c 00 94 00 61 ff c0 00 1f 5d e5 b0 f0 57 49 d1 6c 24 9f 10 84 00 00 00 01 37 ea 40 00 03 e0 22 18 f6 9d 32 fc 2b fd fd fc 04 e8 80",""
2593,11266,"PACKET","IN",207,45,"PlayerSync","id=207 bytes=45","cf 92 00 f0 7f f6 7f c0 00 0d 6c 22 f0 ee 25 09 91 46 1d de 90 84 00 00 00 03 4d 59 c0 00 00 f1 98 18 f6 24 f3 1b b3 fd fd a5 04 04 80",""
2594,11289,"PACKET","IN",207,45,"PlayerSync","id=207 bytes=45","cf 0b 00 ed ff de 80 00 00 2b 72 e3 b0 fa 5c 89 91 60 a6 de 90 84 00 00 00 01 83 c3 c0 00 02 b3 2a b4 f5 f0 b3 fc 7b fd fd c8 04 e8 80",""
2595,11290,"PACKET","IN",207,35,"PlayerSync","id=207 bytes=35","cf 1b 00 00 00 02 a3 63 70 d7 5a c9 91 7b a3 1e 90 80 00 00 00 00 d6 93 00 00 00 00 00 00 01 28 00 04 11",""
2596,11290,"PACKET","IN",207,41,"PlayerSync","id=207 bytes=41","cf 1c 00 00 00 38 31 a4 30 e0 df 09 91 43 ab 9e 90 84 00 00 00 01 f0 e7 e0 00 01 17 7a c0 f7 ed 1c 5b cf fd fd 00 00 00 80",""
2597,11290,"PACKET","IN",207,45,"PlayerSync","id=207 bytes=45","cf 7c 00 94 80 61 ff c0 00 2c de a5 b0 f7 57 09 d1 6c 24 9f 10 84 00 00 00 03 f3 e6 40 00 03 f4 fa 40 f5 f9 2d 0c 2f fd fd fc 04 e8 80",""
2598,11314,"PACKET","IN",207,45,"PlayerSync","id=207 bytes=45","cf 0b 00 ed 7f de 80 00 00 23 b5 e3 b0 c7 1c 49 91 5a a7 1e 90 84 00 00 00 02 3f c7 c0 00 03 96 ce a0 f6 c8 bd 48 73 fd fd c8 04 e8 80",""
2599,11314,"PACKET","IN",203,34,"AimSync","id=203 bytes=34","cb 0b 00 04 90 d7 ad 3e 6a 30 5e 3f 18 9c b9 be 74 06 8f c3 3f 61 26 45 f3 ce 7e 42 00 00 00 00 3f 36",""
2600,11314,"PACKET","IN",207,35,"PlayerSync","id=207 bytes=35","cf 1a 00 00 00 28 14 e5 b0 cd 83 09 d1 6c 24 9f 10 80 00 00 00 03 eb 49 80 00 00 00 00 00 01 28 00 04 11",""
2601,11314,"PACKET","IN",203,34,"AimSync","id=203 bytes=34","cb 1a 00 04 2e 73 c1 3e e9 f5 62 bf a2 a9 88 be a5 be 96 c3 9a 2b 27 45 f5 aa 80 42 00 00 00 00 3f 36",""
2602,11315,"PACKET","IN",207,45,"PlayerSync","id=207 bytes=45","cf 4f 00 de ff e5 3f c2 00 25 c3 62 70 d6 e1 89 91 5b 20 1e 90 84 00 00 00 02 0f e2 00 00 00 31 1f 30 f6 a1 14 44 3b fd fd e9 04 02 80",""
2603,11315,"PACKET","IN",207,35,"PlayerSync","id=207 bytes=35","cf 54 00 00 00 27 65 68 30 dc 13 49 d1 7b 67 1f 10 84 00 00 00 01 87 f6 c0 00 00 00 00 00 01 28 00 04 11",""
2604,11315,"PACKET","IN",203,34,"AimSync","id=203 bytes=34","cb 54 00 04 40 ac 48 bf d5 6b fb 3d f8 d0 1b bf be f0 9e c3 32 45 27 45 d3 9c 84 42 00 00 00 00 3f 36",""
2605,11315,"PACKET","IN",207,45,"PlayerSync","id=207 bytes=45","cf 7c 00 95 00 62 3f c0 00 26 9f a5 b0 f4 16 c9 d1 6c 24 9f 10 84 00 00 00 02 67 e6 40 00 01 87 0a 54 f4 9d 2b 80 2f fd fd fc 04 e8 80",""
2606,11315,"PACKET","IN",207,45,"PlayerSync","id=207 bytes=45","cf 92 00 e7 ff f3 7f c0 00 0b ed e2 f0 e5 25 49 91 5a 9d de 90 84 00 00 00 02 2d e9 c0 00 00 51 98 18 f7 54 69 ab 3b fd fd a5 04 04 80",""
2607,11315,"PACKET","IN",200,38,"VehicleSync","id=200 bytes=38","c8 3f 00 4b 00 00 00 00 00 00 00 58 a0 c6 f0 39 68 b0 26 5e ac 32 5b 62 b4 57 e3 b9 b4 20 00 00 00 06 80 3a 00 00",""
2608,11315,"PACKET","IN",207,45,"PlayerSync","id=207 bytes=45","cf 7c 00 94 80 62 3f c0 00 02 60 e5 b0 ea 56 89 d1 6c 24 9f 10 84 00 00 00 02 ab e6 40 00 00 d4 ce 7c f6 39 22 84 33 fd fd fc 04 e8 80",""
2609,11315,"PACKET","IN",207,43,"PlayerSync","id=207 bytes=43","cf 7e 00 60 3f c2 00 17 d0 29 70 dd ff 8a 11 66 3d 5f 50 84 00 00 00 03 23 ef 94 00 00 df 85 84 fb f1 4a 78 26 36 49 ab 04 08 80",""
2610,11316,"PACKET","IN",200,44,"VehicleSync","id=200 bytes=44","c8 a6 00 1d 00 81 ff 00 00 08 00 7d 10 0e b0 66 a6 1b 8d 79 9c 3c 78 c2 54 58 e0 77 c4 23 08 45 93 ee 61 f8 7d 45 a7 ef e0 1f 00 00",""
2611,11339,"PACKET","IN",207,45,"PlayerSync","id=207 bytes=45","cf 0b 00 ed 7f de 80 00 00 16 f7 23 b0 d7 1c 09 91 4b 27 5e 90 84 00 00 00 01 bb cb c0 00 01 62 5a 94 f4 18 c0 38 73 fd fd c8 04 e8 80",""
2612,11339,"PACKET","IN",207,35,"PlayerSync","id=207 bytes=35","cf 51 00 00 00 2e e7 28 30 ea ff 89 91 7b 67 1f 10 84 00 00 00 03 a6 8b c0 00 00 00 00 00 01 28 00 04 11",""
2613,11340,"PACKET","IN",207,45,"PlayerSync","id=207 bytes=45","cf 7c 00 94 80 61 ff c0 00 3b a1 a5 b0 e9 16 49 d1 6c 24 9f 10 84 00 00 00 02 43 e6 40 00 01 ad 9a 90 f7 49 22 00 33 fd fd fc 04 e8 80",""
2614,11340,"PACKET","IN",207,43,"PlayerSync","id=207 bytes=43","cf 85 00 60 3f c2 00 29 f1 64 70 d5 59 09 91 61 26 df 50 84 00 00 00 01 75 f1 80 00 02 72 5d 7c f8 ec 53 ff 08 f1 bd ab 04 08 80",""
2615,11340,"PACKET","IN",203,34,"AimSync","id=203 bytes=34","cb 85 00 04 70 f5 6d bf 7d 6a b5 3e 7c 2e d1 bd 39 25 90 c3 7d 50 26 45 03 b8 80 42 00 00 00 00 3f c6",""
2616,11340,"PACKET","IN",207,45,"PlayerSync","id=207 bytes=45","cf 0b 00 ec ff de 40 00 00 24 f9 a3 b0 ea 9b 89 91 75 27 9e 90 84 00 00 00 02 03 cf c0 00 02 6a 5a 64 f7 4c cc 88 67 fd fd c8 04 e8 80",""
2617,11340,"PACKET","IN",207,41,"PlayerSync","id=207 bytes=41","cf 1c 00 00 00 37 f5 64 30 d7 60 09 91 46 eb 1e 90 84 00 00 00 01 f0 e7 e0 00 03 46 32 34 f7 ed 1c 5b cf fd fd 00 00 00 80",""
2618,11340,"PACKET","IN",207,45,"PlayerSync","id=207 bytes=45","cf 4f 00 e4 7f e3 bf c2 00 00 86 e2 70 cb 20 c9 91 5e 1f de 90 84 00 00 00 03 83 da 00 00 01 4b cb 64 f5 71 12 f8 3b fd fd e9 04 02 80",""
2619,11340,"PACKET","IN",207,45,"PlayerSync","id=207 bytes=45","cf 7c 00 95 00 62 3f c0 00 30 a2 a5 b0 e9 96 09 d1 6c 24 9f 10 84 00 00 00 00 77 e6 40 00 03 6a 82 80 f5 a1 22 cc 33 fd fd fc 04 e8 80",""
2620,11340,"PACKET","IN",207,45,"PlayerSync","id=207 bytes=45","cf 92 00 e7 7f f3 7f c0 00 30 ef a2 f0 c7 65 89 91 70 9d de 90 84 00 00 00 02 76 51 c0 00 01 2b 30 68 f6 04 38 be ef fd fd a5 04 04 80",""
2621,11363,"PACKET","IN",207,45,"PlayerSync","id=207 bytes=45","cf 0b 00 eb ff de 40 00 00 2f 3a e3 b0 f1 9b 49 91 6c 27 de 90 84 00 00 00 02 bb cf c0 00 02 bc b2 b8 f7 6c d1 80 63 fd fd c8 04 e8 80",""
2622,11363,"PACKET","IN",207,45,"PlayerSync","id=207 bytes=45","cf 7c 00 94 80 62 3f c0 00 27 e3 a5 b0 eb d5 c9 d1 6c 24 9f 10 84 00 00 00 00 a7 e6 40 00 01 95 9a 78 f6 7d 1a 50 37 fd fd fc 04 e8 80",""
2623,11390,"PACKET","IN",207,35,"PlayerSync","id=207 bytes=35","cf 20 00 00 00 39 ec a4 70 f9 e9 c9 91 7f 31 de 90 80 00 00 00 02 66 eb c0 00 00 00 00 00 01 a5 04 04 80",""
2624,11390,"PACKET","IN",207,49,"PlayerSync","id=207 bytes=49","cf 30 00 00 00 22 fe a6 b0 cf 96 c9 d1 7b 67 1f 10 84 00 00 00 01 bd d3 00 00 00 00 00 00 03 ff fe 00 00 00 00 00 00 00 00 00 00 00 01 28 00 04 11",""
2625,11390,"PACKET","IN",200,38,"VehicleSync","id=200 bytes=38","c8 3f 00 4b 00 00 00 00 00 00 00 59 a0 c6 70 39 68 b0 16 5e ac 32 5b 62 b4 57 a3 b9 b4 20 00 00 00 06 80 3a 00 00",""
2626,11390,"PACKET","IN",207,45,"PlayerSync","id=207 bytes=45","cf 4f 00 e7 ff e2 bf c2 00 04 0a e2 70 f2 9f c9 91 55 1f 9e 90 84 00 00 00 00 b3 da 00 00 01 bb 37 a0 f6 c0 fb a8 47 fd fd e9 04 02 80",""
2627,11390,"PACKET","IN",203,34,"AimSync","id=203 bytes=34","cb 4f 00 04 cc e6 40 bf 71 04 16 bf 3c 93 98 be fd d7 87 c3 ac a0 26 45 e3 87 80 42 00 00 00 00 3f 26",""
2628,11391,"PACKET","IN",207,45,"PlayerSync","id=207 bytes=45","cf 7c 00 94 80 61 ff c0 00 0b a4 a5 b0 f2 d5 89 d1 6c 24 9f 10 84 00 00 00 00 3f e6 40 00 01 59 ce 60 f7 3d 19 f0 37 fd fd fc 04 e8 80",""
2629,11391,"PACKET","IN",207,45,"PlayerSync","id=207 bytes=45","cf 92 00 e0 ff f2 3f c0 00 2a 72 62 f0 de a5 89 91 50 9e 1e 90 84 00 00 00 02 c2 89 c0 00 00 d3 30 68 f6 ac 08 0a 6b fd fd a5 04 04 80",""
2630,11391,"PACKET","IN",200,44,"VehicleSync","id=200 bytes=44","c8 a6 00 1d 00 81 ff 00 00 08 00 3c f0 0f 50 7e a6 93 03 29 ac 30 79 62 54 53 4f d7 b4 20 10 e6 13 ef 51 94 2c da 97 ef e0 1f 00 00",""
2631,11391,"PACKET","IN",203,34,"AimSync","id=203 bytes=34","cb a6 00 12 26 ca 5c bf 53 cb f7 3e 6e a7 17 be 58 38 98 c3 8a 72 25 45 0e 4f 81 42 00 00 00 00 3f 21",""
2632,11391,"RPC","IN",86,27,"ApplyPlayerAnimation","id=86 bytes=27","15 00 07 42 44 5f 46 49 52 45 07 77 61 73 68 5f 75 70 33 33 83 40 80 00 00 00 00",""
2633,11416,"PACKET","IN",207,45,"PlayerSync","id=207 bytes=45","cf 0b 00 ea ff de 00 00 00 27 fc 63 b0 f0 1b 09 91 6a a8 1e 90 84 00 00 00 02 db cf c0 00 03 61 8a f0 f5 4c d4 24 63 fd fd c8 04 e8 80",""
2634,11417,"PACKET","IN",207,41,"PlayerSync","id=207 bytes=41","cf 1c 00 00 00 17 78 64 30 fe 20 09 91 78 ea de 90 84 00 00 00 01 f0 e7 e0 00 02 cc 7c ec f7 ed 1c 5b cf fd fd 00 00 00 80",""
2635,11417,"PACKET","IN",207,45,"PlayerSync","id=207 bytes=45","cf 7c 00 94 80 61 ff c0 00 14 25 a5 b0 f1 55 49 d1 6c 24 9f 10 84 00 00 00 03 8f e2 40 00 03 f7 fe 54 f5 a9 1a b8 37 fd fd fc 04 e8 80",""
2636,11417,"PACKET","IN",207,43,"PlayerSync","id=207 bytes=43","cf 85 00 60 3f c2 00 1b 08 e4 b0 e7 da c9 91 77 f1 1f 10 84 00 00 00 01 75 f1 80 00 01 dc 1d 94 f9 4c 5c 4f 05 e5 75 ab 04 08 80",""
2637,11417,"PACKET","IN",207,45,"PlayerSync","id=207 bytes=45","cf 0b 00 e9 ff dd c0 00 00 25 3e 23 b0 e2 9a c9 91 74 a8 5e 90 84 00 00 00 03 2b cf c0 00 02 42 6e c4 f5 a0 d7 e8 5f fd fd c8 04 e8 80",""
2638,11417,"PACKET","IN",207,35,"PlayerSync","id=207 bytes=35","cf 47 00 00 00 0a d6 22 f0 e4 e8 c9 91 79 5b 1e 90 84 00 00 00 02 40 47 c0 00 00 00 00 00 01 28 00 04 11",""
2639,11417,"PACKET","IN",207,45,"PlayerSync","id=207 bytes=45","cf 7c 00 94 00 61 ff c0 00 3e 66 65 b0 f8 15 09 d1 6c 24 9f 10 84 00 00 00 03 9b e2 40 00 02 ac c6 64 f7 05 14 10 3b fd fd fc 04 e8 80",""
2640,11417,"PACKET","IN",207,43,"PlayerSync","id=207 bytes=43","cf 7e 00 60 3f c2 00 16 1c 29 70 ec bb 8a 11 6b 46 df 90 84 00 00 00 03 23 ef 94 00 03 69 05 78 fa 1d 49 a8 23 c9 ed ab 04 08 80",""
2641,11418,"PACKET","IN",207,41,"PlayerSync","id=207 bytes=41","cf 92 00 00 00 2e b4 62 f0 eb 25 89 91 68 1e 1e 90 84 00 00 00 00 c2 8d c0 00 00 c3 30 68 f5 0c 0b de 5f fd fd a5 04 04 80",""
2642,11418,"RPC","IN",105,19,"TextDrawSetString","id=105 bytes=19","2f 01 0f 00 30 39 20 41 67 75 73 74 75 73 20 32 30 32 36",""
2643,11418,"RPC","IN",105,12,"TextDrawSetString","id=105 bytes=12","30 01 08 00 31 32 3a 31 34 3a 31 39",""
2644,11440,"PACKET","IN",207,45,"PlayerSync","id=207 bytes=45","cf 4f 00 eb ff e1 ff c2 00 38 8e e2 70 d9 df 09 91 48 df 5e 90 84 00 00 00 00 c7 d6 00 00 00 8c e3 c4 f5 d8 f1 10 4f fd fd e9 04 02 80",""
2645,11440,"PACKET","IN",207,45,"PlayerSync","id=207 bytes=45","cf 0b 00 e8 ff dd 80 00 00 2c 80 23 f0 c7 9a 89 91 4b 68 de 90 84 00 00 00 00 6f d3 c0 00 03 d4 82 b4 f6 78 d7 50 5f fd fd c8 04 e8 80",""
2646,11440,"PACKET","IN",207,45,"PlayerSync","id=207 bytes=45","cf 7c 00 94 00 61 ff c0 00 36 27 65 b0 fb 54 c9 d1 6c 24 9f 10 84 00 00 00 02 e3 e2 40 00 02 4e 66 64 f7 35 17 f8 37 fd fd fc 04 e8 80",""
2647,11464,"PACKET","IN",207,45,"PlayerSync","id=207 bytes=45","cf 0b 00 e7 ff dd 80 00 00 36 82 23 f0 ea 9a 09 91 63 69 1e 90 84 00 00 00 03 27 d3 c0 00 01 63 da b4 f5 e0 d8 e4 5f fd fd c8 04 e8 80",""
2648,11464,"PACKET","IN",207,35,"PlayerSync","id=207 bytes=35","cf 46 00 00 00 3e ca 23 30 fc 9b 89 91 68 df 1e 90 84 00 00 00 03 0d 37 c0 00 00 00 00 00 01 28 00 04 11",""
2649,11464,"RPC","IN",87,2,"ClearPlayerAnimation","id=87 bytes=2","02 00",""
2650,11464,"RPC","IN",86,29,"ApplyPlayerAnimation","id=86 bytes=29","02 00 05 43 41 52 52 59 0b 63 72 72 79 5f 70 72 74 69 61 6c 33 33 83 40 00 00 00 00 00",""
2651,11465,"PACKET","IN",207,45,"PlayerSync","id=207 bytes=45","cf 4f 00 ee 7f e1 bf c2 00 39 93 62 70 ff 5e 09 91 76 de de 90 84 00 00 00 00 0b d6 00 00 00 93 23 d0 f6 14 e4 98 57 fd fd e9 04 02 80",""
2652,11465,"PACKET","IN",207,35,"PlayerSync","id=207 bytes=35","cf 79 00 00 00 09 c6 a2 f0 e9 a5 c9 91 46 da 9e 90 84 00 00 00 02 ec 63 40 00 00 00 00 00 01 28 00 04 11",""
2653,11465,"PACKET","IN",203,34,"AimSync","id=203 bytes=34","cb 79 00 04 b9 46 1d bf a5 00 3c 3f 1d b8 93 be de d3 89 c3 e5 66 26 45 36 cd 80 42 00 00 00 00 3f 55",""
2654,11465,"PACKET","IN",207,45,"PlayerSync","id=207 bytes=45","cf 7c 00 93 80 61 ff c0 00 15 e8 a5 b0 f5 d4 89 d1 6c 24 9f 10 84 00 00 00 03 03 e2 40 00 01 09 3e 98 f4 79 15 60 3b fd fd fc 04 e8 80",""
2655,11489,"PACKET","IN",207,45,"PlayerSync","id=207 bytes=45","cf 0b 00 e3 ff dc 80 00 00 01 c4 63 f0 c8 d9 c9 91 7d a9 5e 90 84 00 00 00 00 4b d3 c0 00 00 78 c2 a4 f4 28 e5 dc 57 fd fd c8 04 e8 80",""
2656,11489,"PACKET","IN",207,41,"PlayerSync","id=207 bytes=41","cf 1c 00 00 00 3d b9 a4 30 fe 20 09 91 4c 2b 1e 90 84 00 00 00 01 f0 e7 e0 00 02 20 9c 18 f0 00 03 fd ff fd fd 00 00 00 80",""
2657,11489,"PACKET","IN",207,45,"PlayerSync","id=207 bytes=45","cf 7c 00 93 80 61 ff c0 00 1d e9 e5 b0 e6 94 49 d1 6c 24 9f 10 84 00 00 00 02 2b e2 40 00 00 3d 56 ac f4 f9 15 20 3b fd fd fc 04 e8 80",""
2658,11489,"PACKET","IN",207,43,"PlayerSync","id=207 bytes=43","cf 85 00 60 3f c2 00 18 1f a4 b0 ec 5c 89 91 70 1d de d0 84 00 00 00 01 75 f1 80 00 00 99 a9 b8 fb d8 6c c6 fb a9 35 ab 04 08 80",""
2659,11490,"PACKET","IN",200,44,"VehicleSync","id=200 bytes=44","c8 a6 00 1d 00 00 00 00 00 08 00 3a a0 1c a0 89 a7 2c 69 59 ac 3b e9 e2 54 50 af 57 b4 22 a9 46 b3 e8 d1 48 dc 5f b7 ef e0 1f 00 00",""
2660,11490,"RPC","IN",105,7,"TextDrawSetString","id=105 bytes=7","26 08 03 00 31 30 30",""
2661,11490,"RPC","IN",105,5,"TextDrawSetString","id=105 bytes=5","27 08 01 00 30",""
2662,11490,"RPC","IN",105,6,"TextDrawSetString","id=105 bytes=6","28 08 02 00 34 36",""
2663,11490,"RPC","IN",105,5,"TextDrawSetString","id=105 bytes=5","29 08 01 00 32",""
2664,11490,"RPC","IN",105,7,"TextDrawSetString","id=105 bytes=7","2a 08 03 00 31 30 30",""
2665,11490,"PACKET","IN",207,45,"PlayerSync","id=207 bytes=45","cf 0b 00 e3 ff dc 80 00 00 11 05 a3 f0 cd 59 89 91 75 e9 9e 90 84 00 00 00 03 03 d3 c0 00 02 00 ae e0 f5 80 d9 28 5f fd fd c8 04 e8 80",""
2666,11490,"PACKET","IN",207,45,"PlayerSync","id=207 bytes=45","cf 7c 00 92 80 61 bf c0 00 3e aa e5 b0 e1 d4 09 d1 6c 24 9f 10 84 00 00 00 03 53 e2 40 00 02 66 66 dc f5 d5 12 c0 3b fd fd fc 04 e8 80",""
2667,11490,"PACKET","IN",207,43,"PlayerSync","id=207 bytes=43","cf 7e 00 60 3f c2 00 0d e5 a9 70 cf b8 8a 11 79 2b df 50 84 00 00 00 03 23 ef 94 00 02 91 95 80 f8 b5 4c 80 28 49 a9 ab 04 08 80",""
2668,11513,"RPC","IN",87,2,"ClearPlayerAnimation","id=87 bytes=2","1b 00",""
2669,11514,"RPC","IN",86,29,"ApplyPlayerAnimation","id=86 bytes=29","1b 00 05 43 41 52 52 59 0b 63 72 72 79 5f 70 72 74 69 61 6c 33 33 83 40 00 00 00 00 00",""
2670,11514,"PACKET","IN",207,45,"PlayerSync","id=207 bytes=45","cf 4f 00 f1 ff e1 3f c2 00 36 57 a2 70 f3 dd 49 91 69 de 9e 90 84 00 00 00 00 1f d2 00 00 03 fd 37 b4 f7 f8 e1 fc 57 fd fd c8 04 02 80",""
2671,11514,"PACKET","IN",207,35,"PlayerSync","id=207 bytes=35","cf 92 00 00 00 17 75 a2 f0 f2 65 89 91 75 9e 1e 90 84 00 00 00 00 c2 8d c0 00 00 00 00 00 01 a5 04 04 80",""
2672,11515,"PACKET","IN",207,45,"PlayerSync","id=207 bytes=45","cf 0b 00 df ff db 80 00 00 2a 06 e3 f0 cd 99 49 91 71 29 de 90 84 00 00 00 03 1f cb c0 00 01 d3 f2 fc f5 08 e3 f8 57 fd fd c8 04 e8 80",""
2673,11515,"PACKET","IN",207,45,"PlayerSync","id=207 bytes=45","cf 7c 00 92 80 61 bf c0 00 16 ac 65 b0 ce 13 c9 d1 6c 24 9f 10 84 00 00 00 02 8b e2 40 00 03 0e 76 f4 f6 1d 14 88 3b fd fd fc 04 e8 80",""
2674,11540,"PACKET","IN",207,35,"PlayerSync","id=207 bytes=35","cf 5b 00 00 00 3f c4 a6 f0 d9 07 09 d1 7b 67 1f 10 84 00 00 00 01 2a 42 00 00 00 00 00 00 01 a5 04 e8 80",""
2675,11540,"PACKET","IN",203,34,"AimSync","id=203 bytes=34","cb 5b 00 04 d3 8e a6 be 4b ad 48 bf d5 62 07 bf e9 b6 9a c3 21 38 27 45 79 d8 81 42 00 00 00 00 23 27",""
2676,11540,"PACKET","IN",207,45,"PlayerSync","id=207 bytes=45","cf 7c 00 92 00 61 bf c0 00 3e 6d a5 b0 f7 d3 49 d1 6c 24 9f 10 84 00 00 00 02 83 e2 40 00 03 3f 33 10 f7 31 12 0c 3b fd fd fc 04 e8 80",""
2677,11564,"PACKET","IN",207,35,"PlayerSync","id=207 bytes=35","cf 02 00 00 00 08 a8 a2 70 e7 a8 c9 91 7a 9d 5e 90 84 00 00 00 00 fc 56 c0 00 00 00 00 00 01 a5 04 e8 80",""
2678,11564,"PACKET","IN",207,45,"PlayerSync","id=207 bytes=45","cf 0b 00 da ff d9 c0 00 00 09 08 63 f0 d3 59 09 91 6a 2a 1e 90 84 00 00 00 02 1b bf c0 00 03 ae 7e e8 f7 fc cb 00 67 fd fd c8 04 e8 80",""
2679,11564,"PACKET","IN",207,35,"PlayerSync","id=207 bytes=35","cf 15 00 00 00 0d cb 23 30 d7 62 49 91 71 9f 1e 90 84 00 00 00 01 9e 65 80 00 00 00 00 00 01 28 00 04 11",""
2680,11565,"PACKET","IN",200,38,"VehicleSync","id=200 bytes=38","c8 3f 00 4b 00 00 00 00 00 00 00 58 70 c7 10 39 98 b0 16 5e ac 32 5b 62 b4 58 03 b9 b4 20 00 00 00 06 80 3a 00 00",""
2681,11565,"PACKET","IN",203,34,"AimSync","id=203 bytes=34","cb 3f 00 12 51 3e 70 bf 6a ce b0 3e 77 bf ff bb ee 7a e8 c3 9a 9f 2b 45 d8 f0 9c 42 00 00 00 00 3f 36",""
2682,11565,"PACKET","IN",207,45,"PlayerSync","id=207 bytes=45","cf 4f 00 f4 7f e0 ff c2 00 31 9b e2 70 f3 dc 89 91 5d 1e 5e 90 84 00 00 00 01 f7 ce 00 00 03 29 9b 80 f5 04 d9 80 5f fd fd c8 04 02 80",""
2683,11565,"PACKET","IN",207,45,"PlayerSync","id=207 bytes=45","cf 7c 00 91 80 61 bf c0 00 2f ae e5 b0 ee d3 09 d1 6c 24 9f 10 84 00 00 00 02 73 e2 40 00 03 2f 33 10 f7 11 12 1c 3b fd fd fc 04 e8 80",""
2684,11565,"PACKET","IN",207,45,"PlayerSync","id=207 bytes=45","cf 0b 00 d7 7f d8 80 00 00 24 4a 23 f0 cf d8 c9 91 72 2a 5e 90 84 00 00 00 01 2b b7 c0 00 03 05 8a d8 f5 e4 af 80 7f fd fd c8 04 e8 80",""
2685,11565,"PACKET","IN",207,35,"PlayerSync","id=207 bytes=35","cf 1c 00 00 00 3c f9 e4 30 fe e0 09 91 4e ab 1e 90 84 00 00 00 01 f0 e7 e0 00 00 00 00 00 01 00 00 00 80",""
2686,11565,"PACKET","IN",203,34,"AimSync","id=203 bytes=34","cb 1c 00 04 4e b8 1a bf a1 27 44 3f 01 77 5f be 9e 7f 90 c3 5d 70 26 45 94 47 7e 42 00 00 00 00 3f ff",""
2687,11565,"PACKET","IN",207,43,"PlayerSync","id=207 bytes=43","cf 7e 00 60 3f c2 00 1d ee 69 70 ea 35 8a 11 53 f7 df 10 84 00 00 00 03 23 ef 94 00 00 c8 f1 98 fa 11 52 8c 35 85 69 ab 04 08 80",""
2688,11565,"PACKET","IN",207,43,"PlayerSync","id=207 bytes=43","cf 85 00 60 3f c2 00 3e b1 e4 b0 da 5e 09 91 4a 2f 9e 90 84 00 00 00 01 75 f1 80 00 02 75 50 30 f9 2c 4e 53 0f fd fd ac 04 64 80",""
2689,11566,"PACKET","IN",200,44,"VehicleSync","id=200 bytes=44","c8 a6 00 1d 00 00 00 00 00 08 00 3c 10 17 30 9d 97 7e a0 19 bc 38 2a 72 54 5a 4e b7 b4 23 00 37 93 e3 f1 41 4c 5d 87 ef e0 1f 00 00",""
2690,11566,"PACKET","OUT",205,9,"UNKNOWN_PACKET","id=205 bytes=9","cd b8 4a 04 00 00 00 00 00",""
2691,11591,"PACKET","IN",207,45,"PlayerSync","id=207 bytes=45","cf 0b 00 d5 7f d7 80 00 00 28 cb e3 f0 d5 58 89 91 73 aa 9e 90 84 00 00 00 01 a3 b3 c0 00 01 81 2f 08 f7 d4 98 2c 93 fd fd c8 04 e8 80",""
2692,11591,"PACKET","IN",207,45,"PlayerSync","id=207 bytes=45","cf 7c 00 91 00 61 7f c0 00 2f 70 25 b0 e2 52 c9 d1 6c 24 9f 10 84 00 00 00 02 cf e2 40 00 03 53 33 10 f6 dd 12 38 3b fd fd fc 04 e8 80",""
2693,11591,"RPC","IN",87,2,"ClearPlayerAnimation","id=87 bytes=2","1a 00",""
2694,11591,"RPC","IN",86,29,"ApplyPlayerAnimation","id=86 bytes=29","1a 00 05 43 41 52 52 59 0b 63 72 72 79 5f 70 72 74 69 61 6c 33 33 83 40 00 00 00 00 00",""
2695,11592,"PACKET","IN",207,45,"PlayerSync","id=207 bytes=45","cf 0b 00 d3 ff d6 c0 00 00 36 cd a3 f0 db d8 49 91 72 aa de 90 84 00 00 00 03 87 af c0 00 00 74 bf 1c f5 38 96 b0 97 fd fd c8 04 e8 80",""
2696,11592,"PACKET","IN",207,45,"PlayerSync","id=207 bytes=45","cf 7c 00 90 80 61 7f c0 00 29 b1 65 b0 d6 92 89 d1 6c 24 9f 10 84 00 00 00 02 df e2 40 00 03 6f b3 04 f4 35 15 84 3b fd fd fc 04 e8 80",""
2697,11592,"PACKET","IN",207,45,"PlayerSync","id=207 bytes=45","cf 0b 00 d1 7f d5 40 00 00 1f cf 63 f0 e8 18 09 91 5c ab 1e 90 84 00 00 00 03 a7 a7 c0 00 00 32 5e dc f5 60 92 94 9b fd fd c8 04 e8 80",""
2698,11593,"PACKET","IN",207,35,"PlayerSync","id=207 bytes=35","cf 1b 00 00 00 02 a3 63 70 d7 5a c9 91 7b a3 1e 90 80 00 00 00 00 d6 93 00 00 00 00 00 00 01 a5 04 e8 80",""
2699,11593,"PACKET","IN",207,45,"PlayerSync","id=207 bytes=45","cf 4f 00 f8 ff e0 7f c2 00 3f df a2 70 cc 1c 09 91 57 9e 1e 90 84 00 00 00 01 d7 c6 00 00 03 b5 6b 84 f7 48 d1 98 63 fd fd c8 04 02 80",""
2700,11593,"PACKET","IN",207,45,"PlayerSync","id=207 bytes=45","cf 7c 00 90 00 61 7f c0 00 2f 72 a5 b0 c8 12 49 d1 6c 24 9f 10 84 00 00 00 02 f3 e2 40 00 00 c4 cf 04 f4 71 15 64 3b fd fd fc 04 e8 80",""
2701,11614,"PACKET","IN",207,45,"PlayerSync","id=207 bytes=45","cf 0b 00 d1 7f d5 40 00 00 36 d0 e3 f0 fa 17 c9 91 43 6b 5e 90 84 00 00 00 00 53 af c0 00 02 91 92 c0 f7 d0 81 10 ab fd fd c8 04 e8 80",""
2702,11640,"PACKET","IN",200,38,"VehicleSync","id=200 bytes=38","c8 3f 00 4b 00 00 00 00 00 00 00 59 70 c6 90 39 98 b0 06 5e ac 32 5b 62 b4 57 c3 b9 b4 20 00 00 00 06 80 3a 00 00",""
2703,11640,"PACKET","IN",207,45,"PlayerSync","id=207 bytes=45","cf 4f 00 fc ff e0 7f c2 00 25 65 62 70 eb 5b 09 91 71 1d 9e 90 84 00 00 00 01 cb be 00 00 03 ef df bc f7 24 bc fc 73 fd fd c8 04 02 80",""
2704,11640,"PACKET","IN",207,45,"PlayerSync","id=207 bytes=45","cf 7c 00 8f 80 61 7f c0 00 38 74 25 b0 e9 11 c9 d1 6c 24 9f 10 84 00 00 00 02 ff e2 40 00 03 69 32 e8 f4 b9 15 40 3b fd fd fc 04 e8 80",""
2705,11641,"PACKET","IN",207,45,"PlayerSync","id=207 bytes=45","cf 0b 00 d0 7f d5 00 00 00 07 52 e3 f0 c3 57 c9 91 70 ab 5e 90 84 00 00 00 01 7b af c0 00 01 0e 8e bc f7 b4 88 80 a3 fd fd c8 04 e8 80",""
2706,11641,"PACKET","IN",207,35,"PlayerSync","id=207 bytes=35","cf 4d 00 00 00 19 5f dc f0 c3 00 c9 91 7b ec 9e 90 80 00 00 00 00 39 bc 80 00 00 00 00 00 01 a8 04 04 11",""
2707,11641,"PACKET","IN",207,45,"PlayerSync","id=207 bytes=45","cf 7c 00 8e 00 61 3f c0 00 3c b5 65 b0 da 91 89 d1 6c 24 9f 10 84 00 00 00 00 df e6 40 00 01 84 1a e4 f4 e9 15 28 3b fd fd fc 04 e8 80",""
2708,11641,"PACKET","IN",207,43,"PlayerSync","id=207 bytes=43","cf 85 00 60 3f c2 00 35 43 64 f0 f5 9f 49 91 47 ef 9e 90 84 00 00 00 01 75 f1 80 00 01 51 b3 d4 f5 2c 4e 53 0f fd fd ac 04 64 80",""
2709,11641,"PACKET","IN",200,44,"VehicleSync","id=200 bytes=44","c8 a6 00 1d 00 00 00 00 00 08 00 34 90 1c 00 9a d7 9e 17 39 bc 3a 8b 02 54 58 fe 17 b4 21 9e 28 23 e2 81 4f 0c 4e 27 ef e0 1f 00 00",""
2710,11664,"PACKET","IN",207,45,"PlayerSync","id=207 bytes=45","cf 0b 00 cf 7f d4 80 00 00 0d 94 63 f0 d4 d7 89 91 56 ab 9e 90 84 00 00 00 02 73 af c0 00 01 c8 c6 bc f5 b8 8e 60 9f fd fd c8 04 e8 80",""
2711,11664,"PACKET","IN",207,43,"PlayerSync","id=207 bytes=43","cf 4f 00 60 7f c2 00 21 e9 e2 70 c8 9a 89 91 5f 9d 5e 90 84 00 00 00 02 93 b6 00 00 02 cd 47 f8 f5 34 ac 1c 83 fd fd c8 04 02 80",""
2712,11664,"PACKET","IN",207,45,"PlayerSync","id=207 bytes=45","cf 7c 00 8d 00 60 ff c0 00 2c 76 a5 b0 ce 51 49 d1 6c 24 9f 10 84 00 00 00 01 fb e6 40 00 02 5a 66 dc f4 19 1d 84 37 fd fd fc 04 e8 80",""
2713,11665,"PACKET","IN",207,43,"PlayerSync","id=207 bytes=43","cf 7e 00 60 3f c2 00 26 7a e9 70 cb 31 8a 11 73 3f 1e 90 84 00 00 00 03 23 ef 94 00 01 31 4d d0 f9 35 5f e4 53 25 19 ac 04 64 80",""
2714,11665,"PACKET","IN",203,34,"AimSync","id=203 bytes=34","cb 7e 00 04 99 dc 24 bf 21 e2 42 bf 99 5a 9b bd d5 b1 a4 c3 1c f9 28 45 a3 81 7f 42 00 00 00 00 3f c6",""
2715,11689,"PACKET","IN",207,45,"PlayerSync","id=207 bytes=45","cf 0b 00 ce ff d4 00 00 00 21 d6 a3 f0 cd 17 49 91 51 2b de 90 84 00 00 00 03 9b af c0 00 02 4f b6 c0 f7 74 8c 90 9f fd fd c8 04 e8 80",""
2716,11689,"PACKET","IN",207,35,"PlayerSync","id=207 bytes=35","cf 1a 00 00 00 28 14 e5 b0 cd 83 09 d1 6c 24 9f 10 80 00 00 00 03 eb 49 80 00 00 00 00 00 01 a5 04 e8 80",""
2717,11689,"PACKET","IN",207,35,"PlayerSync","id=207 bytes=35","cf 2d 00 00 00 37 8d 62 b0 cb e9 09 91 5c 9a de 90 80 00 00 00 01 5c 03 c0 00 00 00 00 00 01 28 00 04 11",""
2718,11690,"PACKET","IN",207,45,"PlayerSync","id=207 bytes=45","cf 7c 00 8c 00 60 ff c0 00 12 f8 25 b0 f2 10 c9 d1 6c 24 9f 10 84 00 00 00 02 ef e6 40 00 02 78 72 d4 f4 81 23 58 33 fd fd fc 04 e8 80",""
2719,11690,"RPC","IN",134,80,"ShowTextDraw","id=134 bytes=80","f0 00 13 9a 99 19 3f 00 00 00 40 00 00 00 66 00 00 cc 42 00 00 a0 41 00 00 00 32 00 01 00 00 00 66 04 00 00 00 59 43 00 00 b8 43 00 00 00 00 00 00 00 00 00 00 00 00 00 00 00 00 80 3f ff ff ff ff 0d 00 6c 64 5f 64 75 61 6c 3a 77 68 69 74 65",""
2720,11690,"RPC","IN",134,80,"ShowTextDraw","id=134 bytes=80","36 08 11 9a 99 19 3f 00 00 00 40 1a ff 00 aa 5c 8f 82 3f 00 00 a0 41 00 00 00 32 00 01 00 00 00 ff 04 00 00 00 59 43 00 00 b8 43 00 00 00 00 00 00 00 00 00 00 00 00 00 00 00 00 80 3f ff ff ff ff 0d 00 6c 64 5f 64 75 61 6c 3a 77 68 69 74 65",""
2721,11690,"RPC","IN",134,82,"ShowTextDraw","id=134 bytes=82","37 08 18 56 99 59 3e 33 33 b3 3f ff ff ff e6 00 00 a0 44 00 00 a0 44 00 00 00 32 00 00 00 00 00 ff 01 00 00 00 86 43 00 c0 b9 43 00 00 00 00 00 00 00 00 00 00 00 00 00 00 00 00 80 3f ff ff ff ff 0f 00 4d 45 4e 47 45 4d 41 53 20 28 41 55 54 4f 29",""
2722,11690,"RPC","IN",86,27,"ApplyPlayerAnimation","id=86 bytes=27","66 00 07 42 44 5f 46 49 52 45 07 77 61 73 68 5f 75 70 33 33 83 40 80 00 00 00 00",""
2723,11690,"PACKET","IN",207,45,"PlayerSync","id=207 bytes=45","cf 0b 00 cc ff d2 c0 00 00 2a 58 23 f0 dd 57 09 91 78 2b de 90 84 00 00 00 01 03 af c0 00 03 46 5e c4 f5 80 92 74 9b fd fd c8 04 e8 80",""
2724,11713,"PACKET","IN",207,45,"PlayerSync","id=207 bytes=45","cf 0b 00 cb 7f d1 c0 00 00 35 d9 a3 f0 ee 56 c9 91 5e ec 1e 90 84 00 00 00 01 ff ab c0 00 00 35 62 bc f4 e8 8f 3c 9f fd fd c8 04 e8 80",""
2725,11714,"PACKET","IN",207,39,"PlayerSync","id=207 bytes=39","cf 1c 00 fa ff fe bf c0 00 3c f9 e4 30 fe e0 09 91 4e ab 1e 90 84 00 00 00 02 f9 33 e0 00 00 00 00 00 01 00 00 00 80",""
2726,11714,"PACKET","IN",207,43,"PlayerSync","id=207 bytes=43","cf 4f 00 60 7f c2 00 05 ef 22 70 dc 19 c9 91 42 9d 1e 90 84 00 00 00 00 37 ba 00 00 01 97 fc 00 fa 88 9d 90 8f fd fd c8 04 02 80",""
2727,11714,"PACKET","IN",207,45,"PlayerSync","id=207 bytes=45","cf 7c 00 8c 80 60 ff c0 00 17 79 25 b0 ed 90 89 d1 6c 24 9f 10 84 00 00 00 01 1f e6 40 00 03 f3 fe cc f4 65 25 7c 33 fd fd fc 04 e8 80",""
2728,11714,"PACKET","IN",207,43,"PlayerSync","id=207 bytes=43","cf 85 00 60 3f c2 00 0f 08 64 f0 d6 1f c9 91 47 2f 9e 90 84 00 00 00 00 36 4d 80 00 02 24 76 ec f5 2c 4e 53 0f fd fd ac 04 64 80",""
2729,11714,"PACKET","IN",200,44,"VehicleSync","id=200 bytes=44","c8 a6 00 1d 00 00 00 00 00 08 00 3c 90 0c 70 93 b7 aa 6d 29 bc 33 ab 82 54 58 3d 97 b4 22 ee 78 73 e1 c1 4d dc 4e b7 ef e0 1f 00 00",""
2730,11714,"RPC","IN",16,16,"PlaySound","id=16 bytes=16","42 51 00 00 00 00 00 00 00 00 00 00 00 00 00 00",""
2731,11714,"RPC","IN",134,80,"ShowTextDraw","id=134 bytes=80","36 08 11 9a 99 19 3f 00 00 00 40 1a ff 00 aa 33 33 23 42 00 00 a0 41 00 00 00 32 00 01 00 00 00 ff 04 00 00 00 59 43 00 00 b8 43 00 00 00 00 00 00 00 00 00 00 00 00 00 00 00 00 80 3f ff ff ff ff 0d 00 6c 64 5f 64 75 61 6c 3a 77 68 69 74 65",""
2732,11715,"PACKET","IN",207,45,"PlayerSync","id=207 bytes=45","cf 1c 00 f5 7f fc bf c0 00 1a ba a4 30 fe e0 09 91 57 2b 1e 90 84 00 00 00 03 cd 73 e0 00 00 26 f2 64 f0 00 03 fd ff fd fd 00 00 00 80",""
2733,11715,"PACKET","IN",207,35,"PlayerSync","id=207 bytes=35","cf 37 00 00 00 16 3c 62 b0 f4 68 c9 91 56 9b 9e 90 80 00 00 00 02 2c 7b 40 00 00 00 00 00 01 28 00 04 11",""
2734,11715,"PACKET","IN",203,34,"AimSync","id=203 bytes=34","cb 37 00 04 6f 27 25 bf f8 56 2a bf 01 4c c0 be 50 cd 8a c3 76 a8 26 45 9f 7c 7d 42 00 00 00 00 3f 3a",""
2735,11715,"PACKET","IN",200,38,"VehicleSync","id=200 bytes=38","c8 3f 00 4b 00 00 00 00 00 00 00 58 90 c7 00 39 a8 b0 06 5e ac 32 5b 62 b4 58 03 b9 b4 20 00 00 00 06 80 3a 00 00",""
2736,11715,"PACKET","IN",207,45,"PlayerSync","id=207 bytes=45","cf 7c 00 8c 00 60 ff c0 00 00 7a 65 b0 e2 90 49 d1 6c 24 9f 10 84 00 00 00 01 57 e6 40 00 00 00 fe b8 f5 11 1d 08 37 fd fd fc 04 e8 80",""
2737,11738,"PACKET","IN",207,45,"PlayerSync","id=207 bytes=45","cf 0b 00 ca 7f d0 c0 00 00 30 1b e3 f0 ec 96 89 91 55 ac 5e 90 84 00 00 00 03 db a7 c0 00 01 5a 96 b4 f7 bc 84 c0 a7 fd fd c8 04 e8 80",""
2738,11739,"PACKET","IN",207,45,"PlayerSync","id=207 bytes=45","cf 1c 00 ec ff f7 bf c0 00 09 7b 64 30 fe e0 09 91 60 6b 1e 90 84 00 00 00 03 01 af e0 00 01 4b 7a d4 f0 00 03 fd ff fd fd 00 00 00 80",""
2739,11739,"PACKET","IN",207,45,"PlayerSync","id=207 bytes=45","cf 7c 00 8b 00 60 ff c0 00 03 fb 65 b0 e0 90 09 d1 6c 24 9f 10 84 00 00 00 02 67 e6 40 00 02 38 7a b4 f5 f1 1c 98 37 fd fd fc 04 e8 80",""
2740,11739,"PACKET","IN",207,35,"PlayerSync","id=207 bytes=35","cf 97 00 00 00 39 55 a5 b0 df 38 c9 91 6c 24 9f 10 80 00 00 00 01 30 6f e8 00 00 00 00 00 01 28 00 04 11",""
2741,11739,"PACKET","OUT",207,69,"PlayerSync","id=207 bytes=69","cf 00 00 00 00 00 00 e8 9a a0 c3 95 ed 26 45 ed 9c 7c 42 0f 68 4f 3f 00 00 00 80 00 00 00 00 d5 0f 16 bf 64 00 00 00 00 00 00 00 00 00 00 00 00 00 00 00 00 00 00 00 00 00 00 00 00 00 00 00 00 00 28 00 04 11",""
2742,11761,"PACKET","IN",207,45,"PlayerSync","id=207 bytes=45","cf 0b 00 c9 7f d0 40 00 00 22 dd 63 f0 c2 96 89 91 78 ac 5e 90 84 00 00 00 03 07 ab c0 00 03 c2 5e 94 f4 24 84 b0 ab fd fd c8 04 e8 80",""
2743,11761,"PACKET","IN",207,43,"PlayerSync","id=207 bytes=43","cf 4f 00 60 7f c2 00 04 b5 a2 70 fe 58 c9 91 4c 9c 9e 90 84 00 00 00 01 63 ba 00 00 03 72 43 f0 f5 c0 a2 84 8b fd fd c8 04 02 80",""
2744,11761,"PACKET","IN",207,45,"PlayerSync","id=207 bytes=45","cf 7c 00 8a 00 60 bf c0 00 0f 7c 65 b0 db 0f c9 d1 6c 24 9f 10 84 00 00 00 03 af e6 40 00 03 43 32 98 f6 29 22 8c 33 fd fd fc 04 e8 80",""
2745,11761,"PACKET","IN",207,43,"PlayerSync","id=207 bytes=43","cf 7e 00 60 3f c2 00 1f 85 29 b0 ee ae 0a 11 7f a2 5e 90 84 00 00 00 03 23 ef 94 00 03 8a 5b fc f6 05 49 6c 23 fd fd ac 04 64 80",""
2746,11761,"PACKET","IN",207,45,"PlayerSync","id=207 bytes=45","cf 0b 00 c8 ff cf c0 00 00 1a 9f 23 f0 cf 56 49 91 63 2c 9e 90 84 00 00 00 00 73 af c0 00 01 c7 fa 9c f5 7c 8a e0 a3 fd fd c8 04 e8 80",""
2747,11795,"PACKET","IN",207,45,"PlayerSync","id=207 bytes=45","cf 0b 00 c8 7f cf 40 00 00 3a a0 a3 f0 de 16 09 91 4b ac de 90 84 00 00 00 02 cf af c0 00 00 17 2e c8 f7 ec 88 44 a3 fd fd c8 04 e8 80",""
2748,11795,"PACKET","IN",207,45,"PlayerSync","id=207 bytes=45","cf 1c 00 e6 ff f1 7f c0 00 39 3c e4 30 fe e0 09 91 77 ab 1e 90 84 00 00 00 00 a2 27 e0 00 02 7a 7b 84 f0 00 03 fd ff fd fd 00 00 00 80",""
2749,11795,"PACKET","IN",207,43,"PlayerSync","id=207 bytes=43","cf 4f 00 60 7f c2 00 08 f9 a2 70 f3 98 49 91 43 9c 5e 90 84 00 00 00 02 2b ba 00 00 00 80 d3 cc f4 18 a4 58 8b fd fd c8 04 02 80",""
2750,11795,"PACKET","IN",207,45,"PlayerSync","id=207 bytes=45","cf 7c 00 8a 00 60 bf c0 00 0d bd 65 b0 d7 0f 89 d1 6c 24 9f 10 84 00 00 00 03 17 e6 40 00 00 b2 86 90 f7 81 24 04 33 fd fd fc 04 e8 80",""
2751,11795,"PACKET","IN",207,45,"PlayerSync","id=207 bytes=45","cf 0b 00 c7 ff ce c0 00 00 0e 22 63 f0 ed 55 c9 91 73 ac de 90 84 00 00 00 00 83 b3 c0 00 02 d1 76 a8 f4 18 93 e8 9b fd fd c8 04 e8 80",""
2752,11795,"PACKET","IN",207,45,"PlayerSync","id=207 bytes=45","cf 1c 00 e4 ff ee ff c0 00 14 3d e4 30 fe e0 09 91 43 6b 5e 90 84 00 00 00 02 92 57 e0 00 03 28 cf cc f0 00 03 fd ff fd fd 00 00 00 80",""
2753,11796,"PACKET","IN",207,45,"PlayerSync","id=207 bytes=45","cf 7c 00 89 00 60 bf c0 00 19 7e 65 b0 d0 4f 49 d1 7b 67 1f 10 84 00 00 00 00 3f ea 40 00 02 32 66 7c f5 01 25 30 33 fd fd fc 04 e8 80",""
2754,11796,"PACKET","IN",207,43,"PlayerSync","id=207 bytes=43","cf 85 00 60 3f c2 00 1f 54 64 f0 e0 a0 49 91 76 af 9e 90 84 00 00 00 01 06 51 80 00 01 1a fb 80 f5 a0 1f a2 ab fd fd ac 04 64 80",""
2755,11796,"PACKET","IN",200,44,"VehicleSync","id=200 bytes=44","c8 a6 00 1d 00 00 00 00 00 08 00 35 70 0b d0 97 f7 a2 84 e9 cc 31 5c 22 54 56 bc f7 b4 28 02 68 e3 e2 11 4e 6c 4e e7 ef e0 1f 00 00",""
2756,11796,"PACKET","IN",200,38,"VehicleSync","id=200 bytes=38","c8 3f 00 4b 00 00 00 00 00 00 00 58 a0 c7 00 39 b8 bf f6 4e ac 32 5b 62 b4 58 03 b9 b4 20 00 00 00 06 80 3a 00 00",""
2757,11817,"PACKET","IN",207,45,"PlayerSync","id=207 bytes=45","cf 0b 00 c7 ff ce 80 00 00 21 23 a3 f0 c3 95 c9 91 55 ad 1e 90 84 00 00 00 00 5f b7 c0 00 03 f1 8d c8 f7 28 90 c8 9b fd fd c8 04 e8 80",""
2758,11817,"PACKET","IN",207,45,"PlayerSync","id=207 bytes=45","cf 1c 00 e3 7f ed 7f c0 00 32 fe a4 30 fe e0 09 91 4f 6b 5e 90 84 00 00 00 02 76 7b e0 00 00 db e7 f8 f0 00 03 fd ff fd fd 00 00 00 80",""
2759,11817,"PACKET","IN",207,43,"PlayerSync","id=207 bytes=43","cf 4f 00 60 7f c2 00 00 7e 22 70 d7 d7 c9 91 72 9b de 90 84 00 00 00 02 77 ba 00 00 02 97 6f b0 f5 ac a6 e4 87 fd fd c8 04 02 80",""
2760,11817,"PACKET","IN",207,45,"PlayerSync","id=207 bytes=45","cf 7c 00 88 80 60 bf c0 00 02 bf 65 b0 d1 0f 09 d1 7b 67 1f 10 84 00 00 00 00 8b ea 40 00 02 dc 6e 88 f5 dd 2a ec 2f fd fd fc 04 e8 80",""
2761,11839,"PACKET","IN",207,45,"PlayerSync","id=207 bytes=45","cf 0b 00 c7 7f ce 40 00 00 1b 64 e3 f0 db 55 89 91 75 ad 1e 90 84 00 00 00 00 5b bb c0 00 01 94 46 1c f6 50 99 a4 93 fd fd c8 04 e8 80",""
2762,11839,"PACKET","IN",207,45,"PlayerSync","id=207 bytes=45","cf 1c 00 e2 ff ec bf c0 00 10 7f a4 30 fe e0 09 91 5b 2b 5e 90 84 00 00 00 03 86 77 e0 00 00 a6 e8 08 f4 00 03 fd ff fd fd 00 00 00 80",""
2763,11840,"PACKET","IN",207,45,"PlayerSync","id=207 bytes=45","cf 7c 00 88 00 60 bf c0 00 28 40 25 f0 d2 4e c9 d1 7b 67 1f 10 84 00 00 00 00 ef ea 40 00 01 29 9a 90 f7 1d 2a 58 2f fd fd fc 04 e8 80",""
2764,11840,"PACKET","IN",207,43,"PlayerSync","id=207 bytes=43","cf 85 00 60 3f ca 00 03 5c 64 f0 f8 a0 89 91 57 2f de 90 84 00 00 00 03 6a 51 80 00 02 16 ab f8 f4 88 1c 8e ab fd fd ac 04 64 80",""
2765,11866,"PACKET","IN",207,45,"PlayerSync","id=207 bytes=45","cf 0b 00 c7 7f ce 00 00 00 1c a6 63 f0 e7 d5 49 91 5e 2d 5e 90 84 00 00 00 03 df bb c0 00 03 1d 92 90 f6 10 a2 3c 8b fd fd c8 04 e8 80",""
2766,11867,"PACKET","IN",207,45,"PlayerSync","id=207 bytes=45","cf 1c 00 e2 7f ec 7f c0 00 20 c0 a4 70 fe e0 09 91 69 eb 5e 90 84 00 00 00 01 d2 7b e0 00 02 0c 24 54 f4 00 03 fd ff fd fd 00 00 00 80",""
2767,11867,"PACKET","IN",207,45,"PlayerSync","id=207 bytes=45","cf 7c 00 87 80 60 7f c0 00 32 41 25 f0 c8 ce 89 d1 7b 67 1f 10 84 00 00 00 01 77 ea 40 00 00 ec 86 7c f4 cd 2d 94 2f fd fd fc 04 e8 80",""
2768,11867,"PACKET","IN",207,43,"PlayerSync","id=207 bytes=43","cf 7e 00 60 3f c2 00 3c cb e9 b0 c0 ec 4a 11 5d 24 9e 90 84 00 00 00 02 e7 c7 94 00 00 0e f8 9c fa 2d 0a dc 3f fd fd ac 04 64 80",""
2769,11867,"PACKET","IN",207,45,"PlayerSync","id=207 bytes=45","cf 0b 00 c6 ff cd c0 00 00 03 a8 23 f0 ed 15 09 91 4b ad 9e 90 84 00 00 00 02 cf bf c0 00 03 57 36 bc f5 30 ab b0 83 fd fd c8 04 e8 80",""
2770,11868,"PACKET","IN",207,45,"PlayerSync","id=207 bytes=45","cf 1c 00 e2 7f ec 3f c0 00 21 01 a4 70 fe e0 09 91 77 ab 5e 90 84 00 00 00 01 4a 7b e0 00 00 72 0c 58 f4 00 03 fd ff fd fd 00 00 00 80",""
2771,11868,"PACKET","IN",207,35,"PlayerSync","id=207 bytes=35","cf 20 00 00 00 39 ec a4 70 f9 e9 c9 91 7f 31 de 90 80 00 00 00 02 66 eb c0 00 00 00 00 00 01 a5 04 04 80",""
2772,11868,"PACKET","IN",207,45,"PlayerSync","id=207 bytes=45","cf 4f 00 85 80 60 7f c2 00 1a 82 62 b0 ff 97 09 91 63 1b 9e 90 84 00 00 00 01 c7 aa 00 00 02 0a 63 9c f6 4c a6 50 87 fd fd c8 04 02 80",""
2773,11868,"RPC","IN",87,2,"ClearPlayerAnimation","id=87 bytes=2","37 00",""
2774,11868,"RPC","IN",86,29,"ApplyPlayerAnimation","id=86 bytes=29","37 00 05 43 41 52 52 59 0b 63 72 72 79 5f 70 72 74 69 61 6c 33 33 83 40 00 00 00 00 00",""
2775,11894,"PACKET","IN",207,45,"PlayerSync","id=207 bytes=45","cf 7c 00 87 80 60 7f c0 00 14 82 65 f0 f7 8e 09 d1 7b 67 1f 10 84 00 00 00 00 ff ea 40 00 03 ca 96 74 f7 19 2c 8c 2f fd fd fc 04 e8 80",""
2776,11894,"PACKET","IN",207,45,"PlayerSync","id=207 bytes=45","cf 0b 00 c6 ff cd 80 00 00 1f e9 a3 f0 f2 14 c9 91 78 ad 9e 90 84 00 00 00 02 93 c3 c0 00 00 c4 c7 04 f7 5c ae 34 7f fd fd c8 04 e8 80",""
2777,11894,"PACKET","IN",207,41,"PlayerSync","id=207 bytes=41","cf 1c 00 00 00 35 02 a4 70 fe e0 09 91 46 ab 9e 90 84 00 00 00 01 4a 7b e0 00 03 2d d8 58 f4 00 03 fd ff fd fd 00 00 00 80",""
2778,11894,"PACKET","IN",207,45,"PlayerSync","id=207 bytes=45","cf 4f 00 8e 00 61 3f c2 00 05 c8 22 b0 d8 96 89 91 7c 1b 1e 90 84 00 00 00 03 bb 8a 00 00 01 36 63 9c f7 5c 85 28 a7 fd fd c8 04 02 80",""
2779,11895,"PACKET","IN",207,45,"PlayerSync","id=207 bytes=45","cf 7c 00 86 80 60 7f c0 00 04 c3 65 f0 f5 0d c9 d1 7b 67 1f 10 84 00 00 00 02 2f ea 40 00 01 1e ba b8 f5 25 2d 6c 2f fd fd fc 04 e8 80",""
2780,11895,"PACKET","IN",200,44,"VehicleSync","id=200 bytes=44","c8 a6 00 1d 00 00 00 00 00 08 00 32 a0 0c b0 99 27 ac cc e9 cc 35 ec c2 54 51 7c 57 b4 25 75 a9 43 e3 11 4f dc 4e e7 ef e0 1f 00 00",""
2781,11924,"RPC","IN",138,3,"ServerQuit","id=138 bytes=3","2b 00 00",""
2782,11963,"RPC","IN",138,3,"ServerQuit","id=138 bytes=3","9d 00 00",""
2783,11963,"RPC","IN",86,27,"ApplyPlayerAnimation","id=86 bytes=27","92 00 07 42 44 5f 46 49 52 45 07 77 61 73 68 5f 75 70 33 33 83 40 80 00 00 00 00",""
2784,11963,"PACKET","IN",207,45,"PlayerSync","id=207 bytes=45","cf 0b 00 c6 7f cd 40 00 00 24 b0 23 f0 e3 93 c9 91 7f 6e 5e 90 84 00 00 00 03 17 d3 c0 00 00 58 c7 1c f4 b8 d4 90 63 fd fd c8 04 e8 80",""
2785,11963,"PACKET","IN",207,41,"PlayerSync","id=207 bytes=41","cf 1c 00 00 00 30 46 64 70 fe e0 09 91 79 eb 9e 90 84 00 00 00 01 4a 7b e0 00 01 36 77 34 f0 00 03 fd ff fd fd 00 00 00 80",""
2786,11964,"PACKET","IN",207,49,"PlayerSync","id=207 bytes=49","cf 30 00 00 00 22 fe a6 b0 cf 96 c9 d1 7b 67 1f 10 84 00 00 00 01 bd d3 00 00 00 00 00 00 03 ff fe 00 00 00 00 00 00 00 00 00 00 00 01 28 00 04 11",""
2787,11964,"PACKET","IN",207,35,"PlayerSync","id=207 bytes=35","cf 37 00 00 00 16 3c 62 b0 f4 68 c9 91 56 9b 9e 90 80 00 00 00 02 2c 7b 40 00 00 00 00 00 01 a5 04 e8 80",""
2788,11964,"PACKET","IN",200,38,"VehicleSync","id=200 bytes=38","c8 3f 00 4b 00 00 00 00 00 00 00 58 00 c7 60 39 c8 bf f6 4e ac 32 5b 62 b4 58 33 b9 b4 20 00 00 00 06 80 3a 00 00",""
2789,11964,"PACKET","IN",207,45,"PlayerSync","id=207 bytes=45","cf 4f 00 95 80 62 3f c2 00 0b 4d 22 b0 e8 96 09 91 60 da de 90 84 00 00 00 00 47 6e 00 00 00 b5 83 b8 f7 e8 5b 4c db fd fd c8 04 02 80",""
2790,11964,"PACKET","IN",207,35,"PlayerSync","id=207 bytes=35","cf 51 00 00 00 2e e7 28 30 ea ff 89 91 7b 67 1f 10 84 00 00 00 03 a6 8b c0 00 00 00 00 00 01 28 00 04 11",""
2791,11964,"PACKET","IN",207,35,"PlayerSync","id=207 bytes=35","cf 54 00 00 00 27 65 68 30 dc 13 49 d1 7b 67 1f 10 84 00 00 00 01 87 f6 c0 00 00 00 00 00 01 28 00 04 11",""
2792,11964,"PACKET","IN",207,45,"PlayerSync","id=207 bytes=45","cf 7c 00 85 00 60 7f c0 00 3f c7 25 f0 cb 8c c9 d1 7b 67 1f 10 84 00 00 00 03 5f ea 40 00 03 33 32 e0 f4 d9 38 50 2b fd fd fc 04 e8 80",""
2793,11965,"PACKET","IN",207,43,"PlayerSync","id=207 bytes=43","cf 7e 00 60 3f c2 00 19 9b e9 b0 ec 2a 4a 11 4d a9 1e 90 84 00 00 00 02 d7 93 94 00 00 61 c0 8c fa c4 64 4c cf fd fd ac 04 64 80",""
2794,11965,"PACKET","IN",207,43,"PlayerSync","id=207 bytes=43","cf 85 00 60 3f ca 00 15 6a e4 f0 d8 21 49 91 54 30 1e 90 84 00 00 00 03 6a 51 80 00 03 c3 c8 6c fb 94 19 c6 a7 fd fd ae 04 08 80",""
2795,11965,"PACKET","IN",207,35,"PlayerSync","id=207 bytes=35","cf 92 00 00 00 17 75 a2 f0 f2 65 89 91 75 9e 1e 90 84 00 00 00 00 c2 8d c0 00 00 00 00 00 01 a5 04 04 80",""
2796,11965,"PACKET","IN",203,34,"AimSync","id=203 bytes=34","cb 92 00 04 80 0e fc be 4e 42 3f 3f 56 ac e4 be a4 f7 8a c3 8a 6c 26 45 dc 97 81 42 00 00 00 00 3f 37",""
2797,11989,"PACKET","IN",207,45,"PlayerSync","id=207 bytes=45","cf 0b 00 c6 7f cd 40 00 00 0c f1 a3 f0 e0 d3 89 91 6e 6e 9e 90 84 00 00 00 03 eb d7 c0 00 03 e3 aa dc f5 3c e3 d4 57 fd fd c8 04 e8 80",""
2798,11989,"PACKET","IN",200,38,"VehicleSync","id=200 bytes=38","c8 3f 00 4b 00 00 00 00 00 00 00 57 e0 c7 80 39 d8 bf f6 4e ac 32 5b 62 b4 58 43 b9 b4 20 00 00 00 06 80 3a 00 00",""
2799,11990,"PACKET","IN",207,45,"PlayerSync","id=207 bytes=45","cf 4f 00 9c 00 63 bf c2 00 25 94 22 b0 f1 55 89 91 5f 9a 5e 90 84 00 00 00 03 5f 4a 00 00 02 f5 8f e4 f6 9c 3a 1d 13 fd fd c8 04 02 80",""
2800,11990,"PACKET","IN",207,45,"PlayerSync","id=207 bytes=45","cf 7c 00 84 80 60 7f c0 00 2f c8 25 f0 c5 0c 89 d1 7b 67 1f 10 84 00 00 00 03 eb ea 40 00 02 dc 02 dc f7 a1 34 d4 2b fd fd fc 04 e8 80",""
2801,11990,"PACKET","IN",200,44,"VehicleSync","id=200 bytes=44","c8 a6 00 1d 00 00 00 00 00 08 00 31 b0 0f 30 98 f7 a1 c5 89 dc 35 ed 72 54 51 6b a7 b4 26 4a c9 a3 e3 d1 41 1c 5e c7 ef e0 1f 00 00",""
2802,11990,"PACKET","IN",207,45,"PlayerSync","id=207 bytes=45","cf 0b 00 c6 7f cd 00 00 00 19 f2 e3 f0 de 93 49 91 5c 2e de 90 84 00 00 00 03 4f db c0 00 01 38 c6 bc f7 70 ee 90 4f fd fd c8 04 e8 80",""
2803,11990,"PACKET","IN",207,35,"PlayerSync","id=207 bytes=35","cf 47 00 00 00 0a d6 22 f0 e4 e8 c9 91 79 5b 1e 90 84 00 00 00 02 40 47 c0 00 00 00 00 00 01 28 00 04 11",""
2804,11990,"PACKET","IN",203,34,"AimSync","id=203 bytes=34","cb 76 00 12 3f 8a b4 3d bc 69 68 bf 98 dd d1 be fe 2b ae c3 8d 03 27 45 9f ed 84 42 00 00 00 00 3f ff",""
2805,11990,"PACKET","IN",207,45,"PlayerSync","id=207 bytes=45","cf 7c 00 84 80 60 7f c0 00 1b 09 25 f0 fe cc 09 d1 7b 67 1f 10 84 00 00 00 03 af ea 40 00 00 24 02 d0 f6 2d 3b c0 27 fd fd fc 04 e8 80",""
2806,12011,"PACKET","IN",207,45,"PlayerSync","id=207 bytes=45","cf 0b 00 c4 ff cb 80 00 00 14 74 23 f0 dc 93 09 91 49 2f 1e 90 84 00 00 00 00 8f db c0 00 02 8d 86 b4 f6 20 f8 08 4b fd fd c8 04 e8 80",""
2807,12011,"PACKET","IN",207,35,"PlayerSync","id=207 bytes=35","cf 46 00 00 00 3e ca 23 30 fc 9b 89 91 68 df 1e 90 84 00 00 00 03 0d 37 c0 00 00 00 00 00 01 28 00 04 11",""
2808,12011,"PACKET","IN",207,45,"PlayerSync","id=207 bytes=45","cf 4f 00 a2 00 65 7f c2 00 2e 9a a2 b0 e1 95 49 91 4e da 1e 90 84 00 00 00 01 9b 26 00 00 00 07 6b f0 f5 ac 21 5d 4b fd fd c8 04 02 80",""
2809,12011,"PACKET","IN",207,45,"PlayerSync","id=207 bytes=45","cf 7c 00 84 00 60 7f c0 00 02 ca 25 f0 fa 0b c9 d1 7b 67 1f 10 84 00 00 00 00 43 ee 40 00 02 da 82 c4 f5 19 38 34 2b fd fd fc 04 e8 80",""
2810,12011,"PACKET","IN",207,43,"PlayerSync","id=207 bytes=43","cf 7e 00 60 3f c2 00 03 ac 69 b0 e5 e8 ca 11 54 ed 9e 90 84 00 00 00 02 d7 93 94 00 03 60 21 b0 f9 00 66 a4 cf fd fd ac 04 64 80",""
2811,12037,"PACKET","IN",207,45,"PlayerSync","id=207 bytes=45","cf 7c 00 83 80 60 7f c0 00 22 0a e5 f0 f6 cb 89 d1 7b 67 1f 10 84 00 00 00 00 d7 ee 40 00 00 14 02 b8 f7 c9 3b 14 27 fd fd fc 04 e8 80",""
2812,12037,"PACKET","IN",207,45,"PlayerSync","id=207 bytes=45","cf 0b 00 c4 ff cb 80 00 00 18 35 63 f0 db 92 c9 91 75 af 1e 90 84 00 00 00 00 fb df c0 00 00 03 2e b0 f5 64 f1 58 4f fd fd c8 04 e8 80",""
2813,12037,"PACKET","IN",207,35,"PlayerSync","id=207 bytes=35","cf 1c 00 00 00 3f c6 64 70 fe e0 09 91 7a ab 9e 90 84 00 00 00 01 4a 7b e0 00 00 00 00 00 01 00 00 00 80",""
2814,12038,"PACKET","IN",207,45,"PlayerSync","id=207 bytes=45","cf 4f 00 a6 00 66 bf c2 00 22 61 22 b0 ef 15 09 91 5a 9a 5e 90 84 00 00 00 03 33 06 00 00 00 61 73 ec f6 b0 0e 2d 87 fd fd c8 04 02 80",""
2815,12038,"PACKET","IN",207,45,"PlayerSync","id=207 bytes=45","cf 7c 00 83 80 60 7f c0 00 3a 4b a5 f0 f4 8b 49 d1 7b 67 1f 10 84 00 00 00 00 a7 ee 40 00 01 02 52 ac f6 89 3d f0 27 fd fd fc 04 e8 80",""
2816,12038,"PACKET","IN",203,34,"AimSync","id=203 bytes=34","cb 7c 00 04 fd af a4 be 90 c7 6b bf 0a fb 60 be 99 f2 96 c3 75 43 27 45 c3 24 80 42 00 00 00 00 3f 20",""
2817,12038,"PACKET","IN",200,44,"VehicleSync","id=200 bytes=44","c8 a6 00 1d 00 00 00 00 00 08 00 31 10 01 70 a8 57 ac ee 39 dc 39 1e 22 54 59 2a f7 b4 2f ac ea 03 e4 41 41 cc 51 f7 ff e0 1f 00 00",""
2818,12057,"PACKET","IN",200,38,"VehicleSync","id=200 bytes=38","c8 3f 00 4b 00 00 00 00 00 00 00 57 a0 c7 a0 39 e8 bf f6 4e ac 32 5b 62 b4 58 53 b9 b4 20 00 00 00 06 80 3a 00 00",""
2819,12057,"PACKET","IN",207,45,"PlayerSync","id=207 bytes=45","cf 7c 00 83 00 60 7f c0 00 11 0c a5 f0 f3 0b 09 d1 7b 67 1f 10 84 00 00 00 01 3f ee 40 00 03 f3 fe 9c f5 a9 3e 50 27 fd fd fc 04 e8 80",""
2820,12079,"PACKET","IN",207,45,"PlayerSync","id=207 bytes=45","cf 0b 00 c1 ff c6 c0 00 00 2c b7 a3 f0 da 92 49 91 4c af 9e 90 84 00 00 00 02 a7 cb c0 00 02 ab ba 94 f7 98 fc d0 47 fd fd c8 04 e8 80",""
2821,12079,"PACKET","IN",207,45,"PlayerSync","id=207 bytes=45","cf 4f 00 a9 00 67 ff c2 00 00 e7 e2 b0 cf d5 09 91 68 1a 9e 90 84 00 00 00 01 ce ea 00 00 00 e0 bb d0 f5 80 05 1d b7 fd fd c8 04 02 80",""
2822,12079,"PACKET","IN",207,45,"PlayerSync","id=207 bytes=45","cf 7c 00 82 80 60 7f c0 00 22 4d 65 f0 f2 0a c9 d1 7b 67 1f 10 84 00 00 00 01 db ee 40 00 00 59 f6 98 f4 8d 41 20 27 fd fd fc 04 e8 80",""
2823,12106,"PACKET","IN",207,35,"PlayerSync","id=207 bytes=35","cf 02 00 00 00 08 a8 a2 70 e7 a8 c9 91 7a 9d 5e 90 84 00 00 00 00 fc 56 c0 00 00 00 00 00 01 a5 04 e8 80",""
2824,12107,"PACKET","IN",207,43,"PlayerSync","id=207 bytes=43","cf 7e 00 60 3f ca 00 1f 7e a9 b0 f1 67 0a 11 65 b2 9e 90 84 00 00 00 02 d7 93 94 00 00 2c 41 00 f9 00 66 a4 cf fd fd ac 04 64 80",""
2825,12107,"PACKET","IN",207,45,"PlayerSync","id=207 bytes=45","cf 0b 00 c0 ff c1 c0 00 00 2f 3a 23 f0 f0 91 c9 91 5a 2f de 90 84 00 00 00 02 c7 bb c0 00 01 df be 68 f6 d0 cb e0 67 fd fd c8 04 e8 80",""
2826,12107,"PACKET","IN",207,35,"PlayerSync","id=207 bytes=35","cf 4b 00 00 00 15 e8 a3 70 f0 5d 09 91 79 a3 5e 90 80 00 00 00 03 47 12 00 00 00 00 00 00 01 28 00 04 11",""
2827,12107,"PACKET","IN",203,34,"AimSync","id=203 bytes=34","cb 4b 00 04 2d f2 cd bd fd bc 74 bf 9a 16 8d be 70 86 8d c3 ea 95 26 45 f6 57 7f 42 00 00 00 00 3f 22",""
2828,12107,"PACKET","IN",207,45,"PlayerSync","id=207 bytes=45","cf 7c 00 82 80 60 7f c0 00 14 4e 65 f0 e5 8a 89 d1 7b 67 1f 10 84 00 00 00 01 b7 ee 40 00 01 99 9a 90 f7 85 43 f0 23 fd fd fc 04 e8 80",""
2829,12107,"RPC","IN",87,2,"ClearPlayerAnimation","id=87 bytes=2","97 00",""
2830,12107,"RPC","IN",86,29,"ApplyPlayerAnimation","id=86 bytes=29","97 00 05 43 41 52 52 59 0b 63 72 72 79 5f 70 72 74 69 61 6c 33 33 83 40 00 00 00 00 00",""
2831,12108,"PACKET","IN",207,35,"PlayerSync","id=207 bytes=35","cf 1b 00 00 00 02 a3 63 70 d7 5a c9 91 7b a3 1e 90 80 00 00 00 00 d6 93 00 00 00 00 00 00 01 a5 04 e8 80",""
2832,12108,"PACKET","IN",207,45,"PlayerSync","id=207 bytes=45","cf 7c 00 82 80 60 7f c0 00 1b 0f 25 f0 e7 0a 49 d1 7b 67 1f 10 84 00 00 00 01 8b ee 40 00 02 aa 9a 80 f6 cd 40 3c 27 fd fd fc 04 e8 80",""
2833,12130,"PACKET","IN",207,45,"PlayerSync","id=207 bytes=45","cf 0b 00 c0 ff fe ff c0 00 22 7c 63 f0 e3 51 89 91 56 30 1e 90 84 00 00 00 00 cf b7 c0 00 01 c5 92 f0 f6 f0 a5 b8 87 fd fd c8 04 e8 80",""
2834,12130,"PACKET","IN",207,35,"PlayerSync","id=207 bytes=35","cf 15 00 00 00 0d cb 23 30 d7 62 49 91 71 9f 1e 90 84 00 00 00 01 9e 65 80 00 00 00 00 00 01 28 00 04 11",""
2835,12130,"PACKET","IN",207,45,"PlayerSync","id=207 bytes=45","cf 4f 00 aa 80 68 7f c2 00 29 2e a2 b0 c2 55 09 91 79 1a de 90 84 00 00 00 00 ba d6 00 00 00 4d 17 ac f4 f0 00 c9 e3 fd fd c8 04 02 80",""
2836,12156,"PACKET","IN",207,45,"PlayerSync","id=207 bytes=45","cf 0b 00 c0 ff fd bf c0 00 25 be 23 f0 e9 51 49 91 44 b0 5e 90 84 00 00 00 01 2f b7 c0 00 02 49 8a d4 f7 24 98 d8 93 fd fd c8 04 e8 80",""
2837,12156,"PACKET","IN",207,45,"PlayerSync","id=207 bytes=45","cf 7c 00 82 80 60 7f c0 00 20 8f e5 f0 e9 4a 09 d1 7b 67 1f 10 84 00 00 00 01 6f ee 40 00 01 7d 9a 78 f6 05 40 88 27 fd fd fc 04 e8 80",""
2838,12156,"PACKET","IN",207,35,"PlayerSync","id=207 bytes=35","cf 97 00 00 00 39 55 a5 b0 df 38 c9 91 6c 24 9f 10 80 00 00 00 01 30 6f e8 00 00 00 00 00 01 a5 04 e8 80",""
2839,12157,"PACKET","IN",200,44,"VehicleSync","id=200 bytes=44","c8 a6 00 1d 00 00 00 00 00 08 00 7c 50 08 d0 a6 f7 a9 97 69 ec 35 9e e2 54 5b ba a7 b4 29 bd 1a 63 e5 61 43 8c 5a c8 0f e0 1f 00 00",""
2840,12157,"PACKET","IN",207,45,"PlayerSync","id=207 bytes=45","cf 0b 00 c0 ff fc bf c0 00 11 3f e3 f0 f2 11 09 91 70 b0 5e 90 84 00 00 00 01 77 b7 c0 00 00 1b 2e b0 f7 d8 98 24 93 fd fd c8 04 e8 80",""
2841,12157,"PACKET","IN",200,38,"VehicleSync","id=200 bytes=38","c8 3f 00 4b 00 00 00 00 00 00 00 57 80 c7 b0 39 f8 bf f6 4e ac 32 5b 62 b4 58 53 b9 b4 20 00 00 00 06 80 3a 00 00",""
2842,12157,"PACKET","IN",207,45,"PlayerSync","id=207 bytes=45","cf 4f 00 ab 00 68 bf c2 00 12 b5 e2 b0 c1 d5 09 91 4c db 5e 90 84 00 00 00 02 82 c2 00 00 03 db 1b 78 f4 00 03 11 ff fd fd c8 04 02 80",""
2843,12157,"PACKET","IN",207,45,"PlayerSync","id=207 bytes=45","cf 7c 00 82 80 60 7f c0 00 1f d0 a5 f0 ed c9 c9 d1 7b 67 1f 10 84 00 00 00 01 4f ee 40 00 02 5c 26 64 f5 69 40 c8 27 fd fd fc 04 e8 80",""
2844,12157,"PACKET","IN",207,45,"PlayerSync","id=207 bytes=45","cf 7c 00 82 80 60 7f c0 00 1a d1 65 f0 f3 c9 89 d1 7b 67 1f 10 84 00 00 00 01 33 ee 40 00 03 e7 fe 54 f4 dd 41 00 27 fd fd fc 04 e8 80",""
2845,12177,"PACKET","IN",207,45,"PlayerSync","id=207 bytes=45","cf 0b 00 c1 7f fb bf c0 00 0b 01 a4 30 f8 d0 c9 91 5e 30 9e 90 84 00 00 00 01 73 b7 c0 00 03 e1 fe b4 f4 68 9f 9c 8f fd fd c8 04 e8 80",""
2846,12177,"PACKET","IN",207,43,"PlayerSync","id=207 bytes=43","cf 7e 00 60 3f ca 00 37 10 69 f0 c9 25 8a 11 52 37 9e 90 84 00 00 00 02 d7 93 94 00 00 28 b3 24 f5 00 66 a4 cf fd fd ad 04 08 80",""
2847,12206,"PACKET","IN",207,45,"PlayerSync","id=207 bytes=45","cf 0b 00 c1 ff fa 7f c0 00 0b 03 64 30 fe d0 89 91 4c 30 de 90 84 00 00 00 00 0b b7 c0 00 00 f3 fa b4 f4 60 9f a0 8f fd fd c8 04 e8 80",""
2848,12206,"PACKET","IN",207,45,"PlayerSync","id=207 bytes=45","cf 4f 00 ab 00 68 bf c0 00 18 fb a2 b0 ca 95 09 91 50 9b 9e 90 84 00 00 00 01 42 b2 00 00 01 c0 6b 88 f4 94 00 86 1b fd fd c8 04 02 80",""
2849,12207,"PACKET","IN",207,45,"PlayerSync","id=207 bytes=45","cf 7c 00 82 80 60 7f c0 00 1a 52 25 f0 f8 89 49 d1 7b 67 1f 10 84 00 00 00 01 1b ee 40 00 00 b5 52 60 f4 59 41 38 27 fd fd fc 04 e8 80",""
2850,12207,"PACKET","IN",207,45,"PlayerSync","id=207 bytes=45","cf 0b 00 c1 ff f9 7f c0 00 38 c4 e4 30 c8 10 89 91 77 f0 de 90 84 00 00 00 00 67 b7 c0 00 01 11 06 a8 f5 ac 9a 44 93 fd fd c8 04 e8 80",""
2851,12207,"PACKET","IN",207,45,"PlayerSync","id=207 bytes=45","cf 7c 00 82 80 60 7f c0 00 1b 52 e5 f0 fd 09 09 d1 7b 67 1f 10 84 00 00 00 01 03 ee 40 00 02 86 66 64 f7 dd 3d 68 27 fd fd fc 04 e8 80",""
2852,12234,"PACKET","IN",207,35,"PlayerSync","id=207 bytes=35","cf 4d 00 00 00 19 5f dc f0 c3 00 c9 91 7b ec 9e 90 80 00 00 00 00 39 bc 80 00 00 00 00 00 01 a8 04 04 11",""
2853,12234,"PACKET","IN",207,45,"PlayerSync","id=207 bytes=45","cf 7c 00 82 80 60 7f c0 00 27 d3 a5 f0 fe 08 c9 d1 7b 67 1f 10 84 00 00 00 00 ef ee 40 00 00 65 22 88 f7 6d 3d 94 27 fd fd fc 04 e8 80",""
2854,12235,"PACKET","IN",200,44,"VehicleSync","id=200 bytes=44","c8 a6 00 1d 00 00 00 00 00 08 00 7d c0 2a b0 b4 77 a9 a0 c9 fc 36 ef a2 54 55 5b 97 b4 22 49 0a c3 e6 21 44 ac 50 e8 1f e0 1f 00 00",""
2855,12235,"PACKET","IN",207,45,"PlayerSync","id=207 bytes=45","cf 0b 00 c3 7f f7 7f c0 00 29 46 a4 30 d0 90 49 91 64 31 1e 90 84 00 00 00 01 6b af c0 00 01 dc c6 a4 f6 60 99 94 93 fd fd c8 04 e8 80",""
2856,12235,"PACKET","IN",207,45,"PlayerSync","id=207 bytes=45","cf 4f 00 ab 00 68 bf c0 00 0f fe e2 b0 f0 14 89 91 76 1b 9e 90 84 00 00 00 02 a2 a2 00 00 00 45 ea 88 f7 5c 7e 0c af fd fd c8 04 02 80",""
2857,12235,"PACKET","IN",207,45,"PlayerSync","id=207 bytes=45","cf 7c 00 82 80 60 7f c0 00 3a 14 65 f0 fd 88 89 d1 7b 67 1f 10 84 00 00 00 00 d7 ee 40 00 03 5f 32 98 f7 01 3d c0 27 fd fd fc 04 e8 80",""
2858,12257,"PACKET","IN",207,45,"PlayerSync","id=207 bytes=45","cf 0b 00 c3 7f f6 bf c0 00 0f c9 24 30 c7 50 09 91 60 31 5e 90 84 00 00 00 03 1f af c0 00 03 87 e6 f8 f5 a0 8e 7c 9f fd fd c8 04 e8 80",""
2859,12258,"PACKET","IN",207,45,"PlayerSync","id=207 bytes=45","cf 7c 00 82 80 60 7f c0 00 1c 55 65 f0 f8 48 49 d1 7b 67 1f 10 84 00 00 00 00 c3 ee 40 00 02 58 06 c8 f6 99 3d ec 27 fd fd fc 04 e8 80",""
2860,12281,"PACKET","IN",207,43,"PlayerSync","id=207 bytes=43","cf 7e 00 60 3f c2 00 1e dc 29 f0 f3 e4 4a 11 42 fb de 90 84 00 00 00 02 d7 93 94 00 01 a7 03 c0 f5 00 66 a4 cf fd fd ad 04 08 80",""
2861,12282,"PACKET","IN",207,45,"PlayerSync","id=207 bytes=45","cf 0b 00 c3 ff f6 3f c0 00 2f 4a e4 30 cd 0f c9 91 4f b1 9e 90 84 00 00 00 03 3f b3 c0 00 02 cf ce f0 f4 a4 93 54 9b fd fd c8 04 e8 80",""
2862,12282,"PACKET","IN",207,45,"PlayerSync","id=207 bytes=45","cf 4f 00 ab 00 68 bf c0 00 08 87 a2 f0 d6 54 89 91 5c 5c 1e 90 84 00 00 00 01 96 96 00 00 03 aa 7f d8 f6 2c 00 c1 d3 fd fd c8 04 02 80",""
2863,12282,"PACKET","IN",207,45,"PlayerSync","id=207 bytes=45","cf 7c 00 82 80 60 7f c0 00 06 96 65 f0 f0 c8 09 d1 7b 67 1f 10 84 00 00 00 00 af ee 40 00 02 46 66 dc f6 35 3e 14 27 fd fd fc 04 e8 80",""
2864,12305,"PACKET","IN",207,45,"PlayerSync","id=207 bytes=45","cf 7c 00 82 80 60 7f c0 00 3c d7 25 f0 e5 c7 c9 d1 7b 67 1f 10 84 00 00 00 00 9b ee 40 00 01 22 bb 00 f5 d5 3e 3c 27 fd fd fc 04 e8 80",""
2865,12305,"PACKET","IN",207,45,"PlayerSync","id=207 bytes=45","cf 0b 00 c4 7f f5 3f c0 00 33 4c e4 30 cb cf 89 91 44 31 de 90 84 00 00 00 02 d7 b3 c0 00 02 05 92 d8 f4 34 9b b8 93 fd fd c8 04 e8 80",""
2866,12306,"PACKET","IN",203,34,"AimSync","id=203 bytes=34","cb 0b 00 04 01 c7 41 bf c8 d1 a1 3e 83 6c 12 bf f2 61 8f c3 6d 33 26 45 f5 0a 81 42 00 00 00 00 3f 36",""
2867,12306,"PACKET","IN",207,45,"PlayerSync","id=207 bytes=45","cf 4f 00 aa 80 69 3f c0 00 02 4e a2 f0 d6 54 89 91 6e 1c 5e 90 84 00 00 00 02 3a 82 00 00 03 c9 cf f8 f4 00 03 fd ff fd fd c8 04 02 80",""
2868,12306,"PACKET","IN",207,45,"PlayerSync","id=207 bytes=45","cf 7c 00 82 80 60 7f c0 00 37 98 25 f0 d9 87 89 d1 7b 67 1f 10 84 00 00 00 00 87 ee 40 00 03 63 33 10 f5 71 3e 64 27 fd fd fc 04 e8 80",""
2869,12306,"PACKET","IN",207,43,"PlayerSync","id=207 bytes=43","cf 85 00 60 3f c2 00 33 ae a5 30 ff 64 09 91 50 6a 5f 50 84 00 00 00 03 6a 51 80 00 02 22 d5 90 f9 24 26 7e a1 46 65 ab 04 08 80",""
2870,12306,"PACKET","OUT",207,69,"PlayerSync","id=207 bytes=69","cf 00 00 00 00 00 00 e8 9a a0 c3 95 ed 26 45 ed 9c 7c 42 0f 68 4f 3f 00 00 00 80 00 00 00 00 d5 0f 16 bf 64 00 00 00 00 00 00 00 00 00 00 00 00 00 00 00 00 00 00 00 00 00 00 00 00 00 00 00 00 00 28 00 04 11",""
2871,12326,"PACKET","IN",200,38,"VehicleSync","id=200 bytes=38","c8 3f 00 4b 00 00 00 00 00 00 00 57 d0 c7 a0 3a 08 bf f6 4e ac 32 5b 62 b4 58 43 b9 b4 20 00 00 00 06 80 3a 00 00",""
2872,12327,"PACKET","IN",207,35,"PlayerSync","id=207 bytes=35","cf 5b 00 00 00 3f c4 a6 f0 d9 07 09 d1 7b 67 1f 10 84 00 00 00 01 2a 42 00 00 00 00 00 00 01 a5 04 e8 80",""
2873,12327,"PACKET","IN",203,34,"AimSync","id=203 bytes=34","cb 5b 00 04 1c 0a 54 bf 5c 50 d2 be eb 1c c3 3e 0a 3f 9a c3 88 29 27 45 32 f7 7b 42 00 00 00 00 23 27",""
2874,12327,"PACKET","IN",207,45,"PlayerSync","id=207 bytes=45","cf 7c 00 82 80 60 7f c0 00 12 19 65 f0 c3 c7 49 d1 7b 67 1f 10 84 00 00 00 00 73 ee 40 00 02 df 33 10 f5 0d 3e 8c 27 fd fd fc 04 e8 80",""
2875,12327,"PACKET","IN",200,44,"VehicleSync","id=200 bytes=44","c8 a6 00 1d 00 00 00 00 00 08 00 7e f0 01 60 a4 97 a2 aa 89 fc 3f 40 62 64 5f 4c 97 b4 23 e3 0b 23 e6 01 44 9c 58 48 0f e0 1f 00 00",""
2876,12327,"PACKET","IN",207,45,"PlayerSync","id=207 bytes=45","cf 0b 00 c5 7f f4 7f c0 00 13 0f e4 30 ef 0f 09 91 4e b2 1e 90 84 00 00 00 00 27 b7 c0 00 02 e1 bf 08 f7 6c 94 7c 97 fd fd c8 04 e8 80",""
2877,12356,"PACKET","IN",207,45,"PlayerSync","id=207 bytes=45","cf 0b 00 cf ff f0 7f c0 00 12 d2 64 30 dd 4e c9 91 50 32 5e 90 84 00 00 00 00 67 97 c0 00 03 4e ca f4 f5 e4 9a 10 93 fd fd c8 04 e8 80",""
2878,12356,"PACKET","IN",207,35,"PlayerSync","id=207 bytes=35","cf 1a 00 00 00 28 14 e5 b0 cd 83 09 d1 6c 24 9f 10 80 00 00 00 03 eb 49 80 00 00 00 00 00 01 a5 04 e8 80",""
2879,12356,"PACKET","IN",203,34,"AimSync","id=203 bytes=34","cb 1a 00 04 aa 65 0f 3f bb 18 49 bf 52 a9 86 be 54 f2 96 c3 08 28 27 45 9b a6 80 42 00 00 00 00 3f 36",""
2880,12356,"PACKET","IN",207,45,"PlayerSync","id=207 bytes=45","cf 4f 00 aa 80 69 7f c0 00 13 15 62 f0 d6 54 89 91 7d dc 9e 90 84 00 00 00 01 de 72 00 00 00 81 a7 e0 f4 00 03 fd ff fd fd c8 04 02 80",""
2881,12356,"PACKET","IN",207,45,"PlayerSync","id=207 bytes=45","cf 7c 00 82 80 60 7f c0 00 0d da 65 f0 f7 86 c9 d1 7b 67 1f 10 84 00 00 00 00 57 ee 40 00 03 3b 33 10 f4 ad 3e b8 27 fd fd fc 04 e8 80",""
2882,12357,"PACKET","IN",207,43,"PlayerSync","id=207 bytes=43","cf 7e 00 60 3f c2 00 1d ee 29 f0 c8 22 ca 11 54 36 1e d0 84 00 00 00 02 d7 93 94 00 02 53 41 e8 f9 6c 8c ac ed 6a dd ab 04 08 80",""
2883,12357,"PACKET","IN",207,43,"PlayerSync","id=207 bytes=43","cf 85 00 60 3f c2 00 11 93 65 70 d0 65 c9 91 67 3e df 50 84 00 00 00 03 6a 51 80 00 02 22 89 78 fb 94 19 c6 a7 3d fd ab 04 08 80",""
2884,12357,"PACKET","IN",203,34,"AimSync","id=203 bytes=34","cb 85 00 04 9c e5 68 bf 15 f6 be 3e 5c b2 3a be b5 b5 93 c3 5e 82 26 45 b5 77 81 42 00 00 00 00 3f c6",""
2885,12357,"PACKET","IN",207,45,"PlayerSync","id=207 bytes=45","cf 7c 00 83 00 60 7f c0 00 07 1b 65 f0 ec 46 89 d1 7b 67 1f 10 84 00 00 00 03 77 ea 40 00 02 ff 1b 04 f4 39 3e e8 27 fd fd fc 04 e8 80",""
2886,12357,"PACKET","IN",207,45,"PlayerSync","id=207 bytes=45","cf 0b 00 d7 ff ef 3f c0 00 27 54 a4 30 e5 0e 89 91 43 32 9e 90 84 00 00 00 01 2b 83 c0 00 03 19 92 c0 f7 14 67 dc cb fd fd c8 04 e8 80",""
2887,12379,"PACKET","IN",207,45,"PlayerSync","id=207 bytes=45","cf 4f 00 a5 00 6a 7f c0 00 24 5c a2 f0 d3 94 c9 91 53 9d 1e 90 84 00 00 00 00 3a 7e 00 00 01 40 2f d8 f4 a0 11 76 83 fd fd c8 04 02 80",""
2888,12380,"PACKET","IN",207,35,"PlayerSync","id=207 bytes=35","cf 54 00 00 00 27 65 68 30 dc 13 49 d1 7b 67 1f 10 84 00 00 00 01 87 f6 c0 00 00 00 00 00 01 28 00 04 11",""
2889,12380,"PACKET","IN",207,45,"PlayerSync","id=207 bytes=45","cf 7c 00 84 80 60 7f c0 00 3e dd 25 f0 d9 86 09 d1 7b 67 1f 10 84 00 00 00 00 cf ea 40 00 01 a4 12 ec f7 fd 32 64 2b fd fd fc 04 e8 80",""
2890,12407,"PACKET","IN",207,45,"PlayerSync","id=207 bytes=45","cf 0b 00 dd 7f ee 7f c0 00 23 17 a4 30 e8 8e 49 91 7e b2 9e 90 84 00 00 00 02 4b 73 c0 00 00 d2 1e 9c f7 84 4d f0 ef fd fd c8 04 e8 80",""
2891,12407,"PACKET","IN",200,38,"VehicleSync","id=200 bytes=38","c8 3f 00 4b 00 00 00 00 00 00 00 58 c0 c7 10 3a 08 bf e6 4e ac 32 5b 62 b4 58 13 b9 b4 20 00 00 00 06 80 3a 00 00",""
2892,12431,"PACKET","IN",207,45,"PlayerSync","id=207 bytes=45","cf 7c 00 87 00 60 7f c0 00 01 9e 65 f0 d2 45 c9 d1 7b 67 1f 10 84 00 00 00 00 47 e6 40 00 03 d7 fe e4 f4 3d 2d d4 2f fd fd fc 04 e8 80",""
2893,12431,"PACKET","IN",200,44,"VehicleSync","id=200 bytes=44","c8 a6 00 1d 00 00 00 00 00 08 00 7c 10 0f 00 84 67 a6 74 9a 0c 3e 61 32 64 53 9c 47 b4 2d 12 fb 83 e4 71 42 1c 51 f7 ff e0 1f 00 00",""
2894,12431,"PACKET","IN",203,34,"AimSync","id=203 bytes=34","cb a6 00 12 64 ee 54 bf 1c 2f 09 3f 88 6c 14 be 90 61 9e c3 9c ec 25 45 29 2b 81 42 00 00 00 00 3f 21",""
2895,12431,"PACKET","IN",207,45,"PlayerSync","id=207 bytes=45","cf 0b 00 de 7f ee 3f c0 00 20 59 e4 30 c0 ce 49 91 68 b2 de 90 84 00 00 00 03 af 77 c0 00 03 b3 3a 60 f4 2c 43 c9 07 fd fd c8 04 e8 80",""
2896,12431,"PACKET","IN",207,45,"PlayerSync","id=207 bytes=45","cf 4f 00 9d 80 69 ff c0 00 1a 63 a2 f0 c7 d5 09 91 65 1d 5e 90 84 00 00 00 02 62 a2 00 00 03 d5 cb b8 f5 78 0c ae 77 fd fd c8 04 02 80",""
2897,12431,"PACKET","IN",203,34,"AimSync","id=203 bytes=34","cb 4f 00 04 3f 34 67 bf 8f a9 d3 be 7f 60 ed bd 56 55 8b c3 df 56 26 45 39 16 7d 42 00 00 00 00 3f 26",""
2898,12431,"PACKET","IN",207,45,"PlayerSync","id=207 bytes=45","cf 7c 00 8a 80 60 bf c0 00 17 df 65 f0 cd 45 89 d1 7b 67 1f 10 84 00 00 00 01 33 de 40 00 00 33 9e dc f5 c1 1a ac 37 fd fd fc 04 e8 80",""
2899,12432,"PACKET","IN",207,43,"PlayerSync","id=207 bytes=43","cf 7e 00 60 3f c2 00 0c 07 aa 30 eb 60 4a 11 4a 15 df 50 84 00 00 00 02 d7 93 94 00 03 13 01 ac f8 20 78 dc de 5e 99 ab 04 08 80",""
2900,12455,"PACKET","IN",207,45,"PlayerSync","id=207 bytes=45","cf 0b 00 de ff ed ff c0 00 0a 5c 24 30 d8 8e 09 91 52 33 1e 90 84 00 00 00 00 13 7f c0 00 03 e4 82 3c f5 78 46 74 ff fd fd c8 04 e8 80",""
2901,12455,"PACKET","IN",207,45,"PlayerSync","id=207 bytes=45","cf 7c 00 8e 80 61 3f c0 00 0c 60 a5 f0 ca 45 49 d1 7b 67 1f 10 84 00 00 00 03 f3 d2 40 00 02 52 66 dc f4 59 00 64 47 fd fd fc 04 e8 80",""
2902,12456,"PACKET","IN",207,45,"PlayerSync","id=207 bytes=45","cf 4f 00 90 80 69 3f c0 00 2e aa e2 f0 e7 15 09 91 7a dd 9e 90 84 00 00 00 02 22 f2 00 00 03 a2 9f 9c f4 84 07 da 43 fd fd c8 04 02 80",""
2903,12456,"PACKET","IN",207,45,"PlayerSync","id=207 bytes=45","cf 7c 00 92 00 61 bf c0 00 1c 61 e5 f0 cb 45 09 d1 7b 67 1f 10 84 00 00 00 02 cf ca 40 00 01 01 8e d0 f7 b4 e2 2c 57 fd fd fc 04 e8 80",""
2904,12456,"PACKET","IN",207,43,"PlayerSync","id=207 bytes=43","cf 85 00 60 3f c2 00 02 78 25 70 e2 27 49 91 4a 13 df 50 84 00 00 00 03 6a 51 80 00 03 4f 39 84 f9 b8 26 4e a3 b9 95 ac 04 64 80",""
2905,12479,"PACKET","IN",207,45,"PlayerSync","id=207 bytes=45","cf 0b 00 df ff ed ff c0 00 0d 5d e4 30 f6 4d c9 91 74 b3 1e 90 84 00 00 00 03 ef 7f c0 00 01 e9 6e 10 f6 00 4a d4 f7 fd fd c8 04 e8 80",""
2906,12479,"PACKET","IN",207,45,"PlayerSync","id=207 bytes=45","cf 0b 00 e0 7f ed 7f c0 00 33 9f 64 30 d5 4d c9 91 55 b3 5e 90 84 00 00 00 00 eb 83 c0 00 00 3a a5 ec f6 28 4c 18 f3 fd fd c8 04 e8 80",""
2907,12479,"PACKET","IN",207,35,"PlayerSync","id=207 bytes=35","cf 2d 00 00 00 37 8d 62 b0 cb e9 09 91 5c 9a de 90 80 00 00 00 01 5c 03 c0 00 00 00 00 00 01 28 00 04 11",""
2908,12479,"PACKET","IN",203,34,"AimSync","id=203 bytes=34","cb 2d 00 04 95 3c 2e bf 61 23 ac be 76 a4 26 bf 30 fa 89 c3 de a7 26 45 6b 9a 7e 42 00 00 00 00 3f 28",""
2909,12480,"PACKET","IN",200,38,"VehicleSync","id=200 bytes=38","c8 3f 00 4b 00 00 00 00 00 00 00 59 40 c6 d0 3a 08 bf e6 4e ac 32 5b 62 b4 57 f3 b9 b4 20 00 00 00 06 80 3a 00 00",""
2910,12480,"PACKET","IN",203,34,"AimSync","id=203 bytes=34","cb 3f 00 12 51 3e 70 bf 6a ce b0 3e 77 bf ff bb eb 7a e8 c3 9a 9f 2b 45 e5 f0 9c 42 00 00 00 00 3f 36",""
2911,12480,"PACKET","IN",207,35,"PlayerSync","id=207 bytes=35","cf 79 00 00 00 09 c6 a2 f0 e9 a5 c9 91 46 da 9e 90 84 00 00 00 02 ec 63 40 00 00 00 00 00 01 28 00 04 11",""
2912,12480,"PACKET","IN",203,34,"AimSync","id=203 bytes=34","cb 79 00 04 9a b4 69 bf 71 fa 0b 3e 4a e8 c4 be 80 8f 88 c3 7a 8b 26 45 b1 b0 82 42 00 00 00 00 3f 55",""
2913,12480,"PACKET","IN",207,45,"PlayerSync","id=207 bytes=45","cf 7c 00 95 00 62 3f c0 00 09 23 65 f0 cf 04 c9 d1 7b 67 1f 10 84 00 00 00 02 0b c2 40 00 03 fb fe cc f7 2c cb 9c 67 fd fd fc 04 e8 80",""
2914,12480,"RPC","IN",105,19,"TextDrawSetString","id=105 bytes=19","2f 01 0f 00 30 39 20 41 67 75 73 74 75 73 20 32 30 32 36",""
2915,12480,"RPC","IN",105,12,"TextDrawSetString","id=105 bytes=12","30 01 08 00 31 32 3a 31 34 3a 32 30",""
2916,12480,"PACKET","IN",207,45,"PlayerSync","id=207 bytes=45","cf 7c 00 96 80 62 7f c0 00 00 e4 e5 f0 d7 44 89 d1 7b 67 1f 10 84 00 00 00 01 27 be 40 00 00 da 42 b8 f6 78 b4 20 7b fd fd fc 04 e8 80",""
2917,12480,"PACKET","IN",200,44,"VehicleSync","id=200 bytes=44","c8 a6 00 1d 00 00 00 00 00 08 00 75 b0 1a 00 83 b7 a8 71 0a 1c 3e 82 32 64 52 3b 67 b4 26 34 ab f3 e6 61 45 2c 52 97 ff e0 1f 00 00",""
2918,12508,"RPC","IN",86,27,"ApplyPlayerAnimation","id=86 bytes=27","02 00 07 42 44 5f 46 49 52 45 07 77 61 73 68 5f 75 70 33 33 83 40 80 00 00 00 00",""
2919,12509,"PACKET","IN",207,45,"PlayerSync","id=207 bytes=45","cf 0b 00 e0 7f ed 7f c0 00 1b 21 24 30 f3 cd 89 91 76 b3 5e 90 84 00 00 00 02 8b 87 c0 00 03 30 69 d4 f7 40 4e 5c ef fd fd c8 04 e8 80",""
2920,12515,"PACKET","IN",207,49,"PlayerSync","id=207 bytes=49","cf 30 00 00 00 22 fe a6 b0 cf 96 c9 d1 7b 67 1f 10 84 00 00 00 01 bd d3 00 00 00 00 00 00 03 ff fe 00 00 00 00 00 00 00 00 00 00 00 01 28 00 04 11",""
2921,12516,"PACKET","IN",207,35,"PlayerSync","id=207 bytes=35","cf 37 00 00 00 16 3c 62 b0 f4 68 c9 91 56 9b 9e 90 80 00 00 00 02 2c 7b 40 00 00 00 00 00 01 a5 04 e8 80",""
2922,12516,"PACKET","IN",207,45,"PlayerSync","id=207 bytes=45","cf 4f 00 f8 7f e7 bf c0 00 08 71 a2 f0 d5 15 09 91 48 1e 1e 90 84 00 00 00 03 87 3e 00 00 02 c2 63 9c f5 d4 00 95 d7 fd fd c8 04 02 80",""
2923,12516,"PACKET","IN",207,45,"PlayerSync","id=207 bytes=45","cf 7c 00 98 00 62 bf c0 00 08 a6 65 f0 e0 44 49 d1 7b 67 1f 10 84 00 00 00 03 f7 b6 40 00 03 eb fe b4 f7 d8 a9 50 83 fd fd fc 04 e8 80",""
2924,12516,"PACKET","IN",207,45,"PlayerSync","id=207 bytes=45","cf 0b 00 e0 7f ed 7f c0 00 32 e2 a4 30 d1 cd 89 91 57 33 9e 90 84 00 00 00 03 c3 8b c0 00 00 37 a9 cc f5 a4 54 7c e7 fd fd c8 04 e8 80",""
2925,12516,"PACKET","IN",207,45,"PlayerSync","id=207 bytes=45","cf 7c 00 98 80 62 bf c0 00 07 27 e5 f0 ed 84 09 d1 7b 67 1f 10 84 00 00 00 01 df b6 40 00 02 15 56 9c f5 48 a2 f8 8b fd fd fc 04 e8 80",""
2926,12516,"PACKET","IN",207,35,"PlayerSync","id=207 bytes=35","cf 92 00 00 00 17 75 a2 f0 f2 65 89 91 75 9e 1e 90 84 00 00 00 00 c2 8d c0 00 00 00 00 00 01 a5 04 04 80",""
2927,12537,"PACKET","IN",207,35,"PlayerSync","id=207 bytes=35","cf 51 00 00 00 2e e7 28 30 ea ff 89 91 7b 67 1f 10 84 00 00 00 03 a6 8b c0 00 00 00 00 00 01 28 00 04 11",""
2928,12537,"PACKET","IN",207,43,"PlayerSync","id=207 bytes=43","cf 7e 00 60 3f c2 00 1b a1 2a 30 cb 5e 0a 11 5f 4b df 90 84 00 00 00 02 d7 93 94 00 03 13 e5 84 f9 8c 6a 08 d3 f6 49 ab 04 08 80",""
2929,12537,"PACKET","IN",207,43,"PlayerSync","id=207 bytes=43","cf 85 00 60 3f c2 00 2e 90 65 b0 ed a8 49 91 6c 24 9f 10 84 00 00 00 03 6a 51 80 00 03 f8 05 70 fb 94 19 c6 a7 fd fd ac 04 64 80",""
2930,12537,"RPC","IN",86,27,"ApplyPlayerAnimation","id=86 bytes=27","1b 00 07 42 44 5f 46 49 52 45 07 77 61 73 68 5f 75 70 33 33 83 40 80 00 00 00 00",""
2931,12562,"PACKET","IN",207,45,"PlayerSync","id=207 bytes=45","cf 0b 00 e0 ff ed 7f c0 00 08 a4 64 30 ee 8d 49 91 78 b3 9e 90 84 00 00 00 02 9f 8f c0 00 02 fd 3d f8 f7 f0 5b 3c db fd fd c8 04 e8 80",""
2932,12563,"PACKET","IN",200,38,"VehicleSync","id=200 bytes=38","c8 3f 00 4b 00 00 00 00 00 00 00 58 b0 c7 10 3a 18 bf e6 4e ac 32 5b 62 b4 58 23 b9 b4 20 00 00 00 06 80 3a 00 00",""
2933,12563,"PACKET","IN",207,35,"PlayerSync","id=207 bytes=35","cf 46 00 00 00 3e ca 23 30 fc 9b 89 91 68 df 1e 90 84 00 00 00 03 0d 37 c0 00 00 00 00 00 01 28 00 04 11",""
2934,12563,"PACKET","IN",207,35,"PlayerSync","id=207 bytes=35","cf 47 00 00 00 0a d6 22 f0 e4 e8 c9 91 79 5b 1e 90 84 00 00 00 02 40 47 c0 00 00 00 00 00 01 28 00 04 11",""
2935,12563,"PACKET","IN",207,45,"PlayerSync","id=207 bytes=45","cf 4f 00 ed 7f e6 ff c0 00 39 39 62 f0 ff 94 89 91 65 1e 5e 90 84 00 00 00 02 1b 8e 00 00 03 ba 93 b8 f6 b8 18 c1 5f fd fd c8 04 02 80",""
2936,12564,"PACKET","IN",207,45,"PlayerSync","id=207 bytes=45","cf 7c 00 98 80 62 ff c0 00 0b 69 a5 f0 f2 c3 c9 d1 7b 67 1f 10 84 00 00 00 00 73 b6 40 00 00 18 a2 98 f5 2c 9e e0 8f fd fd fc 04 e8 80",""
2937,12564,"RPC","IN",105,7,"TextDrawSetString","id=105 bytes=7","26 08 03 00 31 30 30",""
2938,12564,"RPC","IN",105,5,"TextDrawSetString","id=105 bytes=5","27 08 01 00 30",""
2939,12564,"RPC","IN",105,6,"TextDrawSetString","id=105 bytes=6","28 08 02 00 34 36",""
2940,12564,"RPC","IN",105,5,"TextDrawSetString","id=105 bytes=5","29 08 01 00 32",""
2941,12564,"RPC","IN",105,7,"TextDrawSetString","id=105 bytes=7","2a 08 03 00 31 30 30",""
2942,12564,"PACKET","IN",207,45,"PlayerSync","id=207 bytes=45","cf 0b 00 e0 ff ed 7f c0 00 14 a6 24 30 c5 8d 49 91 5e b3 de 90 84 00 00 00 02 cf 93 c0 00 03 c8 05 f4 f7 84 5e 2c d7 fd fd c8 04 e8 80",""
2943,12564,"PACKET","IN",207,45,"PlayerSync","id=207 bytes=45","cf 7c 00 98 80 62 ff c0 00 00 2b 25 f0 c3 03 c9 d1 7b 67 1f 10 84 00 00 00 03 3f b2 40 00 01 fa 66 7c f6 74 99 80 93 fd fd fc 04 e8 80",""
2944,12587,"PACKET","OUT",205,9,"UNKNOWN_PACKET","id=205 bytes=9","cd b8 4a 04 00 00 00 00 00",""
2945,12628,"PACKET","IN",207,45,"PlayerSync","id=207 bytes=45","cf 0b 00 e0 ff ed 7f c0 00 29 a7 64 30 e5 cd 09 91 7b b3 de 90 84 00 00 00 03 43 97 c0 00 00 92 b1 24 f4 f4 66 b4 cf fd fd c8 04 e8 80",""
2946,12628,"PACKET","IN",207,45,"PlayerSync","id=207 bytes=45","cf 7c 00 98 80 62 ff c0 00 3a ac 65 f0 d3 03 89 d1 7b 67 1f 10 84 00 00 00 02 23 b2 40 00 01 7c a6 80 f4 34 9b b8 93 fd fd fc 04 e8 80",""
2947,12628,"PACKET","IN",200,44,"VehicleSync","id=200 bytes=44","c8 a6 00 1d 00 00 00 00 00 08 00 78 d0 17 90 93 a7 a8 1b ca 1c 3c c3 12 64 53 6b 07 b4 27 32 5c 53 e9 01 49 4c 5b a7 ff e0 1f 00 00",""
2948,12628,"RPC","IN",99,42,"MoveObject","id=99 bytes=42","83 00 f8 e3 a1 c3 d7 9b 26 45 ed 5e 7b 42 f8 e3 a1 c3 d7 9b 26 45 53 c5 7d 42 00 00 80 3e 00 00 00 00 00 00 00 00 08 cc 84 43",""
2949,12629,"PACKET","IN",207,45,"PlayerSync","id=207 bytes=45","cf 4f 00 e8 ff e6 bf c0 00 0e 7f a2 f0 f5 14 09 91 6c 9e 9e 90 84 00 00 00 02 8f ae 00 00 00 d0 df e8 f6 dc 5f 18 d7 fd fd c8 04 02 80",""
2950,12629,"PACKET","IN",207,45,"PlayerSync","id=207 bytes=45","cf 7c 00 98 80 62 ff c0 00 01 ae 25 f0 e2 03 49 d1 7b 67 1f 10 84 00 00 00 00 f3 b2 40 00 01 6d 9a 90 f6 24 95 c4 97 fd fd fc 04 e8 80",""
2951,12629,"PACKET","IN",207,45,"PlayerSync","id=207 bytes=45","cf 0b 00 e0 ff ed 7f c0 00 13 68 a4 30 c9 0d 09 91 66 74 1e 90 84 00 00 00 03 1b 9b c0 00 00 d2 d4 f0 f7 00 6a bc c7 fd fd c8 04 e8 80",""
2952,12629,"PACKET","IN",207,35,"PlayerSync","id=207 bytes=35","cf 20 00 00 00 39 ec a4 70 f9 e9 c9 91 7f 31 de 90 80 00 00 00 02 66 eb c0 00 00 00 00 00 01 a5 04 04 80",""
2953,12629,"PACKET","IN",203,34,"AimSync","id=203 bytes=34","cb 20 00 04 d3 66 21 3f 83 55 46 3f db 61 43 bd a2 cc 92 c3 a1 7c 26 45 e2 d8 7d 42 00 00 00 00 3f 37",""
2954,12629,"PACKET","IN",207,43,"PlayerSync","id=207 bytes=43","cf 7e 00 60 3f c2 00 0c 38 6a 30 e4 1b ca 11 4e 58 9f 90 84 00 00 00 02 d7 93 94 00 03 45 45 78 f9 00 66 a8 ce c5 fd ab 04 08 80",""
2955,12630,"RPC","IN",86,27,"ApplyPlayerAnimation","id=86 bytes=27","1a 00 07 42 44 5f 46 49 52 45 07 77 61 73 68 5f 75 70 33 33 83 40 80 00 00 00 00",""
2956,12630,"PACKET","IN",207,45,"PlayerSync","id=207 bytes=45","cf 7c 00 98 80 62 ff c0 00 05 2f a5 f0 f2 03 09 d1 7b 67 1f 10 84 00 00 00 03 af ae 40 00 01 dd 46 8c f7 f0 93 f8 97 fd fd fc 04 e8 80",""
2957,12651,"PACKET","IN",207,35,"PlayerSync","id=207 bytes=35","cf 02 00 00 00 08 a8 a2 70 e7 a8 c9 91 7a 9d 5e 90 84 00 00 00 00 fc 56 c0 00 00 00 00 00 01 28 00 04 11",""
2958,12651,"PACKET","IN",207,45,"PlayerSync","id=207 bytes=45","cf 0b 00 e2 7f ed bf c0 00 28 69 e4 30 e6 cc c9 91 5c b4 5e 90 84 00 00 00 02 a7 9b c0 00 03 5c 6d 7c f4 74 73 d0 bf fd fd c8 04 e8 80",""
2959,12651,"PACKET","IN",207,39,"PlayerSync","id=207 bytes=39","cf 1c 00 82 00 7d ff c0 00 3f c6 64 70 fe e0 09 91 7a ab 9e 90 84 00 00 00 00 b2 37 e0 00 00 00 00 00 01 00 00 00 80",""
2960,12651,"PACKET","IN",203,34,"AimSync","id=203 bytes=34","cb 1c 00 04 ba e6 2b bf 29 62 35 3f 07 35 5e be 16 a2 90 c3 2a 71 26 45 5e 4b 7e 42 00 00 00 00 3f ff",""
2961,12651,"PACKET","IN",207,45,"PlayerSync","id=207 bytes=45","cf 4f 00 e2 ff e6 bf c0 00 22 45 23 30 c8 d3 89 91 6e 1e de 90 84 00 00 00 03 5b b2 00 00 03 9f ff f0 f7 a0 8c 64 9f fd fd c8 04 02 80",""
2962,12651,"PACKET","IN",207,45,"PlayerSync","id=207 bytes=45","cf 7c 00 98 80 62 ff c0 00 3c b0 e5 f0 c4 43 09 d1 7b 67 1f 10 84 00 00 00 02 5f ae 40 00 03 ff fe 6c f5 a8 92 4c 9b fd fd fc 04 e8 80",""
2963,12651,"PACKET","IN",207,45,"PlayerSync","id=207 bytes=45","cf 0b 00 e3 ff ed bf c0 00 10 6b 64 30 c2 cc c9 91 55 b4 9e 90 84 00 00 00 00 4b 9b c0 00 01 bf 2d 74 f7 cc 6c a0 c3 fd fd c8 04 e8 80",""
2964,12652,"PACKET","IN",207,45,"PlayerSync","id=207 bytes=45","cf 7c 00 98 80 62 ff c0 00 3e b2 65 f0 d5 c2 c9 d1 7b 67 1f 10 84 00 00 00 01 03 ae 40 00 03 87 6a 78 f7 50 8c b8 9f fd fd fc 04 e8 80",""
2965,12652,"PACKET","IN",207,43,"PlayerSync","id=207 bytes=43","cf 85 00 60 3f c2 00 23 5d 25 b0 f8 e8 c9 91 6c 24 9f 10 84 00 00 00 03 79 e5 80 00 03 9a d6 e8 f7 94 19 c6 a7 fd fd ac 04 64 80",""
2966,12652,"PACKET","IN",207,45,"PlayerSync","id=207 bytes=45","cf 1c 00 84 80 77 ff c0 00 3c c7 e4 70 fe e0 09 91 4f 2b de 90 84 00 00 00 03 d5 db e0 00 01 59 43 dc f0 00 03 fd ff fd fd 00 00 00 80",""
2967,12652,"PACKET","IN",207,35,"PlayerSync","id=207 bytes=35","cf 97 00 00 00 39 55 a5 b0 df 38 c9 91 6c 24 9f 10 80 00 00 00 01 30 6f e8 00 00 00 00 00 01 a5 04 e8 80",""
2968,12673,"PACKET","IN",207,45,"PlayerSync","id=207 bytes=45","cf 0b 00 e5 7f ed ff c0 00 28 6d 24 30 d4 cc 89 91 5f 34 de 90 84 00 00 00 03 33 97 c0 00 02 a4 19 a8 f4 70 6c e4 c7 fd fd c8 04 e8 80",""
2969,12673,"PACKET","IN",207,35,"PlayerSync","id=207 bytes=35","cf 1b 00 00 00 02 a3 63 70 d7 5a c9 91 7b a3 1e 90 80 00 00 00 00 d6 93 00 00 00 00 00 00 01 28 00 04 11",""
2970,12673,"PACKET","IN",207,45,"PlayerSync","id=207 bytes=45","cf 7c 00 98 80 62 ff c0 00 29 b4 25 f0 e3 02 89 d1 7b 67 1f 10 84 00 00 00 03 97 aa 40 00 00 c8 ce bc f4 e8 8f 3c 9f fd fd fc 04 e8 80",""
2971,12674,"PACKET","IN",200,44,"VehicleSync","id=200 bytes=44","c8 a6 00 1d 00 22 00 ff ff 08 00 71 b0 1a 60 a2 27 91 a6 ca 2c 34 54 02 64 5a fb 07 b4 26 6d 8c a3 ef 51 5a fc 71 b8 0f e0 1f 00 00",""
2972,12674,"PACKET","IN",207,45,"PlayerSync","id=207 bytes=45","cf 1c 00 83 80 6a bf c0 00 05 89 24 70 fe e0 09 91 5d 6b de 90 84 00 00 00 03 69 93 e0 00 00 fc d3 74 f0 00 03 fd ff fd fd 00 00 00 80",""
2973,12674,"PACKET","IN",207,45,"PlayerSync","id=207 bytes=45","cf 4f 00 e0 7f e6 ff c0 00 1d ca 63 30 df 12 c9 91 6b 5f 1e 90 84 00 00 00 03 93 aa 00 00 03 6f 9b e4 f4 64 9b 88 93 fd fd c8 04 02 80",""
2974,12675,"PACKET","IN",207,45,"PlayerSync","id=207 bytes=45","cf 7c 00 98 80 62 ff c0 00 1d 35 e5 f0 f0 02 49 d1 7b 67 1f 10 84 00 00 00 02 23 aa 40 00 00 ab 56 c0 f6 74 89 d4 a3 fd fd fc 04 e8 80",""
2975,12675,"PACKET","IN",207,43,"PlayerSync","id=207 bytes=43","cf 7e 00 60 3f c2 00 02 8b ea 70 d5 5a 0a 11 69 07 5f 90 84 00 00 00 02 d7 93 94 00 00 c5 09 7c f8 84 69 40 d1 39 bd ab 04 08 80",""
2976,12675,"PACKET","IN",203,34,"AimSync","id=203 bytes=34","cb 7e 00 04 58 87 3b bf e0 06 2e bf e2 55 12 bd a3 b2 a7 c3 42 93 28 45 9e 9e 80 42 00 00 00 00 3f c6",""
2977,12701,"PACKET","IN",207,45,"PlayerSync","id=207 bytes=45","cf 0b 00 ec ff ef 3f c0 00 0e 2e a4 30 f2 4c 49 91 56 f5 1e 90 84 00 00 00 03 d3 7f c0 00 03 15 41 8c f6 ec 6a d8 c7 fd fd c8 04 e8 80",""
2978,12701,"PACKET","IN",207,35,"PlayerSync","id=207 bytes=35","cf 15 00 00 00 0d cb 23 30 d7 62 49 91 71 9f 1e 90 84 00 00 00 01 9e 65 80 00 00 00 00 00 01 28 00 04 11",""
2979,12701,"PACKET","IN",200,38,"VehicleSync","id=200 bytes=38","c8 3f 00 4b 00 00 00 00 00 00 00 58 50 c7 30 3a 28 bf e6 4e ac 32 5b 62 b4 58 43 b9 b4 20 00 00 00 06 80 3a 00 00",""
2980,12702,"PACKET","IN",207,45,"PlayerSync","id=207 bytes=45","cf 7c 00 98 80 62 ff c0 00 26 77 a5 f0 fb 42 09 d1 7b 67 1f 10 84 00 00 00 00 a3 aa 40 00 03 1b 32 e0 f7 fc 84 7c a7 fd fd fc 04 e8 80",""
2981,12702,"PACKET","IN",207,45,"PlayerSync","id=207 bytes=45","cf 0b 00 f2 7f f0 ff c0 00 00 f0 24 30 d5 4c 49 91 4a 75 5e 90 84 00 00 00 03 ff 6b c0 00 03 50 b5 44 f6 08 4c 48 f3 fd fd c8 04 e8 80",""
2982,12702,"PACKET","IN",207,35,"PlayerSync","id=207 bytes=35","cf 1a 00 00 00 28 14 e5 b0 cd 83 09 d1 6c 24 9f 10 80 00 00 00 03 eb 49 80 00 00 00 00 00 01 28 00 04 11",""
2983,12702,"PACKET","IN",207,45,"PlayerSync","id=207 bytes=45","cf 1c 00 80 80 61 bf c0 00 0a 0a 64 70 fe e0 09 91 6c 2b de 90 84 00 00 00 01 05 7b e0 00 01 1e a3 08 f0 00 03 fd ff fd fd 00 00 00 80",""
2984,12702,"PACKET","IN",200,38,"VehicleSync","id=200 bytes=38","c8 3f 00 4b 00 00 00 00 00 00 00 58 60 c7 30 3a 38 bf d6 4e ac 32 5b 62 b4 58 33 b9 b4 20 00 00 00 06 80 3a 00 00",""
2985,12702,"PACKET","IN",207,45,"PlayerSync","id=207 bytes=45","cf 4f 00 dd 7f e7 bf c0 00 33 12 23 30 f4 11 c9 91 47 1f 9e 90 84 00 00 00 01 43 aa 00 00 00 7c f3 b8 f6 68 89 e0 a3 fd fd c8 04 02 80",""
2986,12702,"PACKET","IN",207,45,"PlayerSync","id=207 bytes=45","cf 7c 00 98 80 62 ff c0 00 31 39 65 f0 c7 02 09 d1 7b 67 1f 10 84 00 00 00 03 17 a6 40 00 03 3f 32 e0 f5 74 87 40 a7 fd fd fc 04 e8 80",""
2987,12723,"PACKET","IN",207,43,"PlayerSync","id=207 bytes=43","cf 85 00 60 3f c2 00 2b e6 65 b0 f8 29 c9 91 6c 24 9f 10 84 00 00 00 02 d0 f9 80 00 03 8c d7 6c f5 60 a4 d3 7b fd fd ac 04 64 80",""
2988,12747,"PACKET","IN",207,45,"PlayerSync","id=207 bytes=45","cf 0b 00 f7 7f f2 3f c0 00 0d b1 a4 30 fb 4c 09 91 7d 35 5e 90 84 00 00 00 02 9b 4f c0 00 03 6d 58 fc f6 5c 3a 99 13 fd fd c8 04 e8 80",""
2989,12748,"PACKET","IN",207,45,"PlayerSync","id=207 bytes=45","cf 1c 00 fe ff e0 7f c0 00 38 0b 24 70 fe e0 09 91 75 ab de 90 84 00 00 00 02 41 8b e0 00 02 40 26 e0 f0 00 03 fd ff fd fd 00 00 00 80",""
2990,12748,"PACKET","IN",207,45,"PlayerSync","id=207 bytes=45","cf 7c 00 98 80 62 bf c0 00 00 bb 65 f0 d3 01 c9 d1 7b 67 1f 10 84 00 00 00 02 1f a6 40 00 03 1b 32 e0 f6 e4 82 14 ab fd fd fc 04 e8 80",""
2991,12748,"PACKET","IN",200,44,"VehicleSync","id=200 bytes=44","c8 a6 00 1d 00 32 00 ff ff 08 00 77 d0 04 00 b7 b7 6c 91 da 3c 3b 94 f2 64 52 ab 17 b4 27 b8 7d 03 eb 81 73 9c ae b7 ff e0 1f 00 00",""
2992,12749,"PACKET","IN",207,45,"PlayerSync","id=207 bytes=45","cf 0b 00 fb ff f3 7f c0 00 1b f2 e4 30 ea cc 09 91 63 35 9e 90 84 00 00 00 01 9b 2b c0 00 02 4e 40 b4 f7 bc 20 0d 47 fd fd c8 04 e8 80",""
2993,12749,"PACKET","IN",207,45,"PlayerSync","id=207 bytes=45","cf 4f 00 d2 ff eb bf c0 00 11 96 e3 30 ec 91 49 91 7d 5f 9e 90 84 00 00 00 02 e3 c2 00 00 01 72 9f 74 f6 80 86 18 a7 fd fd c8 04 02 80",""
2994,12749,"PACKET","IN",207,45,"PlayerSync","id=207 bytes=45","cf 7c 00 97 80 62 bf c0 00 0e fd 25 f0 df c1 89 d1 7b 67 1f 10 84 00 00 00 03 8b a6 40 00 01 7b 32 dc f5 54 83 d4 ab fd fd fc 04 e8 80",""
2995,12772,"PACKET","IN",207,45,"PlayerSync","id=207 bytes=45","cf 1c 00 fd 7f e0 7f c0 00 3d 8c 24 70 fe e0 09 91 7f ab de 90 84 00 00 00 03 55 97 e0 00 01 1e c3 18 f0 00 03 fd ff fd fd 00 00 00 80",""
2996,12772,"PACKET","IN",207,45,"PlayerSync","id=207 bytes=45","cf 7c 00 97 80 62 bf c0 00 0e be e5 f0 ed 41 49 d1 7b 67 1f 10 84 00 00 00 01 e7 a6 40 00 00 08 02 d0 f7 a4 81 3c ab fd fd fc 04 e8 80",""
2997,12772,"PACKET","IN",207,43,"PlayerSync","id=207 bytes=43","cf 7e 00 60 3f c2 00 3c 25 6a 70 f1 97 8a 11 46 ca 1f 50 84 00 00 00 02 d7 93 94 00 00 5f f9 94 fa c4 77 d8 db 11 69 ab 04 08 80",""
2998,12772,"PACKET","IN",207,45,"PlayerSync","id=207 bytes=45","cf 0b 00 82 00 76 3f c0 00 3d 34 24 30 df 4c 09 91 46 35 de 90 84 00 00 00 03 66 f7 c0 00 01 79 48 70 f4 48 13 dd 7f fd fd c8 04 e8 80",""
2999,12772,"PACKET","IN",200,38,"VehicleSync","id=200 bytes=38","c8 3f 00 4b 00 00 00 00 00 00 00 58 80 c7 30 3a 48 bf d6 4e ac 32 5b 62 b4 58 23 b9 b4 20 00 00 00 06 80 3a 00 00",""
3000,12772,"PACKET","IN",207,45,"PlayerSync","id=207 bytes=45","cf 7c 00 97 00 62 7f c0 00 12 40 a6 30 fb 41 09 d1 7b 67 1f 10 84 00 00 00 02 63 a6 40 00 01 be 92 c8 f4 f4 80 3c af fd fd fc 04 e8 80",""
3001,12773,"RPC","IN",16,16,"PlaySound","id=16 bytes=16","42 51 00 00 00 00 00 00 00 00 00 00 00 00 00 00",""
3002,12773,"RPC","IN",134,80,"ShowTextDraw","id=134 bytes=80","36 08 11 9a 99 19 3f 00 00 00 40 1a ff 00 aa cd cc 74 42 00 00 a0 41 00 00 00 32 00 01 00 00 00 ff 04 00 00 00 59 43 00 00 b8 43 00 00 00 00 00 00 00 00 00 00 00 00 00 00 00 00 80 3f ff ff ff ff 0d 00 6c 64 5f 64 75 61 6c 3a 77 68 69 74 65",""
3003,12799,"PACKET","IN",207,45,"PlayerSync","id=207 bytes=45","cf 0b 00 85 00 77 3f c0 00 2f f5 64 30 db 8c 09 91 5e b5 de 90 84 00 00 00 03 e6 c3 c0 00 02 63 64 2c f6 90 00 cd cf fd fd c8 04 e8 80",""
3004,12799,"PACKET","IN",207,45,"PlayerSync","id=207 bytes=45","cf 1c 00 fc 7f e0 7f c0 00 06 4d a4 70 fe e0 09 91 4c ac 1e 90 84 00 00 00 00 f1 a3 e0 00 01 63 f3 84 f0 00 03 fd ff fd fd 00 00 00 80",""
3005,12800,"PACKET","IN",207,45,"PlayerSync","id=207 bytes=45","cf 4f 00 cc ff ef 7f c0 00 0e 5b 63 30 c0 10 c9 91 72 1f de 90 84 00 00 00 00 53 d2 00 00 03 10 af 74 f4 58 ba 90 77 fd fd c8 04 02 80",""
3006,12800,"PACKET","IN",207,45,"PlayerSync","id=207 bytes=45","cf 7c 00 96 00 62 7f c0 00 06 02 66 30 ca c1 09 d1 7b 67 1f 10 84 00 00 00 03 cb a6 40 00 00 08 02 b8 f5 c0 83 58 ab fd fd fc 04 e8 80",""
3007,12800,"PACKET","IN",207,43,"PlayerSync","id=207 bytes=43","cf 85 00 60 3f c2 00 25 ab e5 b0 c6 eb 89 91 6c 24 9f 10 84 00 00 00 00 a0 6d 80 00 03 6f 82 a0 f4 61 79 b3 ef fd fd ac 04 64 80",""
3008,12800,"PACKET","IN",207,35,"PlayerSync","id=207 bytes=35","cf 4d 00 00 00 19 5f dc f0 c3 00 c9 91 7b ec 9e 90 80 00 00 00 00 39 bc 80 00 00 00 00 00 01 a8 04 04 11",""
3009,12821,"PACKET","IN",207,45,"PlayerSync","id=207 bytes=45","cf 0b 00 89 00 78 7f c0 00 33 76 64 30 dd 0c 09 91 6f b5 de 90 84 00 00 00 03 b6 8f c0 00 02 ea 8f e0 f0 7c 02 9a 17 fd fd c8 04 e8 80",""
3010,12821,"PACKET","IN",207,45,"PlayerSync","id=207 bytes=45","cf 7c 00 94 80 61 ff c0 00 35 43 e6 30 da 00 c9 d1 7b 67 1f 10 84 00 00 00 03 d3 aa 40 00 01 ae 26 b0 f4 10 84 c8 ab fd fd fc 04 e8 80",""
3011,12822,"RPC","IN",87,2,"ClearPlayerAnimation","id=87 bytes=2","54 00",""
3012,12822,"RPC","IN",86,29,"ApplyPlayerAnimation","id=86 bytes=29","54 00 05 43 41 52 52 59 0b 63 72 72 79 5f 70 72 74 69 61 6c 33 33 83 40 00 00 00 00 00",""
3013,12822,"PACKET","IN",207,45,"PlayerSync","id=207 bytes=45","cf 7c 00 94 80 61 ff c0 00 11 c5 a6 30 e9 80 89 d1 7b 67 1f 10 84 00 00 00 02 3f aa 40 00 00 00 02 a0 f6 dc 89 64 a3 fd fd fc 04 e8 80",""
3014,12822,"PACKET","IN",200,44,"VehicleSync","id=200 bytes=44","c8 a6 00 1d 00 40 00 ff ff 00 00 36 70 0a 20 ac 57 2a 5c fa 3c 32 e6 02 64 51 ca e7 b4 27 27 bd 23 e7 41 ae cc d8 b7 ff e0 1f 00 00",""
3015,12844,"PACKET","IN",207,45,"PlayerSync","id=207 bytes=45","cf 0b 00 94 80 7b bf c0 00 32 f7 64 30 e2 cc 09 91 7c 75 de 90 84 00 00 00 00 2a 57 c0 00 01 6d 03 9c f0 58 08 1a 5f fd fd c8 04 e8 80",""
3016,12844,"PACKET","IN",207,45,"PlayerSync","id=207 bytes=45","cf 1c 00 fc ff e0 7f c0 00 20 4f 24 70 fe e0 09 91 5c ac 1e 90 84 00 00 00 00 0d a3 e0 00 02 b9 1b 98 f0 00 03 fd ff fd fd 00 00 00 80",""
3017,12844,"PACKET","IN",200,38,"VehicleSync","id=200 bytes=38","c8 3f 00 4b 00 00 00 00 00 00 00 58 90 c7 30 3a 48 bf d6 4e ac 32 5b 62 b4 58 23 b9 b4 20 00 00 00 06 80 3a 00 00",""
3018,12845,"PACKET","IN",207,45,"PlayerSync","id=207 bytes=45","cf 4f 00 c8 ff f2 ff c0 00 1b df a3 30 fc 0f c9 91 7e a0 5e 90 84 00 00 00 03 13 da 00 00 00 b4 67 98 f5 98 d9 18 5f fd fd c8 04 02 80",""
3019,12845,"PACKET","IN",207,45,"PlayerSync","id=207 bytes=45","cf 7c 00 93 80 61 ff c0 00 2d c7 26 30 f9 c0 49 d1 7b 67 1f 10 84 00 00 00 03 bb aa 40 00 02 a8 36 9c f4 28 88 4c a7 fd fd fc 04 e8 80",""
3020,12845,"PACKET","IN",207,43,"PlayerSync","id=207 bytes=43","cf 7e 00 60 3f c2 00 2c 37 ea 70 fb 15 ca 11 5b 11 1f 10 84 00 00 00 02 d7 93 94 00 03 3c 51 6c f9 00 66 a4 cf fd fd ac 04 64 80",""
3021,12877,"PACKET","IN",207,45,"PlayerSync","id=207 bytes=45","cf 0b 00 9a 80 7d 7f c0 00 28 b8 64 30 ed 4c 09 91 44 76 1e 90 84 00 00 00 02 8a 17 c0 00 03 f8 cb ac f3 48 18 e6 a7 fd fd c8 04 e8 80",""
3022,12877,"PACKET","IN",207,45,"PlayerSync","id=207 bytes=45","cf 7c 00 93 80 61 ff c0 00 3e 08 a6 30 ca c0 49 d1 7b 67 1f 10 84 00 00 00 02 3b aa 40 00 01 85 9a 90 f6 b4 89 90 a3 fd fd fc 04 e8 80",""
3023,12877,"PACKET","IN",207,45,"PlayerSync","id=207 bytes=45","cf 4f 00 c4 ff f6 bf c0 00 38 63 63 30 ed 4f 09 91 73 e1 1e 90 84 00 00 00 03 33 e2 00 00 03 c9 6b b4 f5 58 f8 7c 4b fd fd c8 04 02 80",""
3024,12877,"PACKET","IN",207,45,"PlayerSync","id=207 bytes=45","cf 7c 00 92 80 61 bf c0 00 10 0a 66 30 dc 40 09 d1 7b 67 1f 10 84 00 00 00 00 4f ae 40 00 01 af 0a 88 f4 1c 88 58 a7 fd fd fc 04 e8 80",""
3025,12877,"PACKET","IN",207,45,"PlayerSync","id=207 bytes=45","cf 0b 00 9e 00 7e 3f c0 00 0f 79 64 30 fc 0c 09 91 47 b6 1e 90 84 00 00 00 03 fd d7 c0 00 02 46 33 c4 f0 0c 38 ee eb fd fd c8 04 e8 80",""
3026,12878,"PACKET","OUT",207,69,"PlayerSync","id=207 bytes=69","cf 00 00 00 00 00 00 e8 9a a0 c3 95 ed 26 45 ed 9c 7c 42 0f 68 4f 3f 00 00 00 80 00 00 00 00 d5 0f 16 bf 64 00 00 00 00 00 00 00 00 00 00 00 00 00 00 00 00 00 00 00 00 00 00 00 00 00 00 00 00 00 28 00 04 11",""
3027,12908,"PACKET","IN",207,45,"PlayerSync","id=207 bytes=45","cf 0b 00 a1 80 7f 3f c0 00 23 ba 24 30 ce cc 49 91 45 b6 1e 90 84 00 00 00 00 55 9b c0 00 03 aa 1f d8 f1 20 5e 6f 27 fd fd c8 04 e8 80",""
3028,12908,"PACKET","IN",207,45,"PlayerSync","id=207 bytes=45","cf 1c 00 fc 7f e0 7f c0 00 3c 91 e4 70 fe e0 09 91 79 2c 1e 90 84 00 00 00 03 11 ab e0 00 03 fa a6 e8 f0 00 03 fd ff fd fd 00 00 00 80",""
3029,12908,"PACKET","IN",207,35,"PlayerSync","id=207 bytes=35","cf 54 00 00 00 27 65 68 30 dc 13 49 d1 7b 67 1f 10 84 00 00 00 01 87 f6 c0 00 00 00 00 00 01 a5 04 04 80",""
3030,12908,"PACKET","IN",207,45,"PlayerSync","id=207 bytes=45","cf 7c 00 92 00 61 bf c0 00 13 4b e6 30 ee bf c9 91 7b 67 1f 10 84 00 00 00 00 6b ae 40 00 01 89 9a 78 f7 ac 88 88 a3 fd fd fc 04 e8 80",""
3031,12909,"PACKET","IN",207,43,"PlayerSync","id=207 bytes=43","cf 85 00 60 3f c2 00 19 71 25 b0 ee 6f 49 91 6c 24 9f 10 84 00 00 00 02 04 11 80 00 03 37 80 7c f9 61 cd 7b ff fd fd ac 04 64 80",""
3032,12909,"PACKET","IN",200,44,"VehicleSync","id=200 bytes=44","c8 a6 00 1d 00 4f 00 ff ff 00 00 31 e0 39 40 89 96 d5 77 9a 4c 36 17 12 64 5e 0a 67 b4 2b 1e 8c e3 e8 f1 ef ed 20 d7 ff e0 1f 00 00",""
3033,12909,"PACKET","IN",207,45,"PlayerSync","id=207 bytes=45","cf 0b 00 a2 80 7f 7f c0 00 3a ba e4 30 e7 cc 49 91 7e b5 de 90 84 00 00 00 02 0d 57 c0 00 01 69 44 28 f5 88 89 2b 5f fd fd c8 04 e8 80",""
3034,12910,"PACKET","IN",200,38,"VehicleSync","id=200 bytes=38","c8 3f 00 4b 00 00 00 00 00 00 00 59 10 c6 f0 3a 58 bf c6 4e ac 32 5b 62 b4 57 f3 b9 b4 20 00 00 00 06 80 3a 00 00",""
3035,12910,"PACKET","IN",207,45,"PlayerSync","id=207 bytes=45","cf 4f 00 c2 ff f8 bf c0 00 17 26 e3 30 db ce 49 91 5f a1 de 90 84 00 00 00 03 cb e2 00 00 02 be 77 a8 f5 a5 14 c4 3b fd fd c8 04 02 80",""
3036,12910,"PACKET","IN",207,45,"PlayerSync","id=207 bytes=45","cf 7c 00 92 00 61 bf c0 00 0f 8d 66 30 c1 bf c9 91 7b 67 1f 10 84 00 00 00 03 0b aa 40 00 02 b3 e2 6c f7 e0 88 54 a3 fd fd fc 04 e8 80",""
3037,12910,"PACKET","IN",207,43,"PlayerSync","id=207 bytes=43","cf 7e 00 60 3f c2 00 2e 85 aa b0 f3 d4 8a 11 73 d6 5f 10 84 00 00 00 02 d7 93 94 00 01 73 23 14 f5 00 66 a4 cf fd fd ac 04 64 80",""
3038,12940,"PACKET","IN",207,45,"PlayerSync","id=207 bytes=45","cf 7c 00 91 80 61 bf c0 00 02 0e e6 30 d6 7f 89 91 7b 67 1f 10 84 00 00 00 03 43 aa 40 00 03 df fe 54 f5 84 8a d4 a3 fd fd fc 04 e8 80",""
3039,12940,"RPC","IN",153,8,"SetPlayerSkin","id=153 bytes=8","20 00 00 00 17 00 00 00",""
3040,12941,"PACKET","IN",207,41,"PlayerSync","id=207 bytes=41","cf 1c 00 00 00 12 13 a4 70 fe e0 09 91 49 2c 5e 90 84 00 00 00 03 11 ab e0 00 01 da 33 24 f0 00 03 fd ff fd fd 00 00 00 80",""
3041,12941,"PACKET","IN",207,35,"PlayerSync","id=207 bytes=35","cf 20 00 00 01 39 ec a4 70 f9 e9 c9 91 7f 31 de 90 80 00 00 00 02 66 eb c0 00 00 00 00 00 01 a5 04 04 80",""
3042,12941,"PACKET","IN",207,45,"PlayerSync","id=207 bytes=45","cf 7c 00 90 80 61 7f c0 00 33 90 26 30 eb 3f 49 91 7b 67 1f 10 84 00 00 00 01 7f ae 40 00 03 c0 6a 5c f5 e4 8a 6c a3 fd fd fc 04 e8 80",""
3043,12941,"PACKET","IN",207,45,"PlayerSync","id=207 bytes=45","cf 85 00 c0 00 60 3f c2 00 36 b1 65 b0 f9 30 89 91 6c 24 9f 10 80 00 00 00 01 18 6d 80 00 01 70 8c b8 f9 f9 ef ab ff fd fd ac 04 64 80",""
3044,12965,"PACKET","IN",207,45,"PlayerSync","id=207 bytes=45","cf 0b 00 a3 80 7f 7f c0 00 2b 7b e4 30 cd 0c 89 91 6e b5 de 90 84 00 00 00 00 b1 07 c0 00 01 0d f0 58 f5 94 bd bb 8f fd fd c8 04 e8 80",""
3045,12965,"PACKET","IN",207,45,"PlayerSync","id=207 bytes=45","cf 4f 00 c1 7f fb 7f c0 00 3d aa 23 30 c5 cd 89 91 4e a2 9e 90 84 00 00 00 00 77 ee 00 00 02 94 0f 98 f7 f1 17 98 37 fd fd c8 04 02 80",""
3046,12966,"PACKET","IN",207,45,"PlayerSync","id=207 bytes=45","cf 7c 00 8f 80 61 7f c0 00 29 51 a6 30 fe bf 09 91 7b 67 1f 10 84 00 00 00 03 5b ae 40 00 02 76 66 64 f5 c4 8e 54 9f fd fd fc 04 e8 80",""
3047,12966,"PACKET","IN",207,45,"PlayerSync","id=207 bytes=45","cf 0b 00 a4 80 7f bf c0 00 3f 7c 64 30 ed cc 89 91 5c 35 de 90 84 00 00 00 02 38 c7 c0 00 00 b8 2c 74 f7 e5 01 9f bf fd fd c8 04 e8 80",""
3048,12987,"PACKET","IN",207,45,"PlayerSync","id=207 bytes=45","cf 0b 00 a5 00 7f bf c0 00 36 bc e4 30 d2 0c c9 91 44 75 de 90 84 00 00 00 01 28 87 c0 00 02 09 bc 7c f5 85 3d 9f db fd fd c8 04 e8 80",""
3049,12987,"PACKET","IN",207,35,"PlayerSync","id=207 bytes=35","cf 20 00 00 00 39 ec a4 70 f9 e9 c9 91 7f 31 de 90 80 00 00 00 02 66 eb c0 00 00 00 00 00 01 a5 04 04 80",""
3050,12987,"PACKET","IN",207,45,"PlayerSync","id=207 bytes=45","cf 7c 00 8f 80 61 7f c0 00 27 13 26 30 d0 3f 09 91 7b 67 1f 10 84 00 00 00 02 33 ae 40 00 01 fb 9a 74 f5 10 92 e8 9b fd fd fc 04 e8 80",""
3051,13009,"PACKET","IN",207,45,"PlayerSync","id=207 bytes=45","cf 4f 00 c0 ff fc bf c0 00 2a 6c e3 30 f6 4c 89 91 6a a3 1e 90 84 00 00 00 02 87 f2 00 00 03 a3 c3 84 f4 c9 3e ac 27 fd fd c8 04 02 80",""
3052,13009,"PACKET","IN",207,45,"PlayerSync","id=207 bytes=45","cf 7c 00 8f 00 61 3f c0 00 2c d5 26 30 d1 fe c9 91 7b 67 1f 10 84 00 00 00 02 ff ae 40 00 03 53 32 98 f7 04 8d 08 9f fd fd fc 04 e8 80",""
3053,13009,"PACKET","IN",207,43,"PlayerSync","id=207 bytes=43","cf 7e 00 60 3f c2 00 3b d6 aa b0 e9 12 8a 11 5f 1e df 10 84 00 00 00 00 1b bb 94 00 00 02 64 94 f9 90 a2 b4 8b fd fd ac 04 64 80",""
3054,13009,"PACKET","IN",200,44,"VehicleSync","id=200 bytes=44","c8 a6 00 1d 00 63 00 00 00 00 00 3d d0 43 30 70 46 7e d1 8a 5c 38 98 32 64 59 79 77 b4 2d bb cc b3 ed 62 3c fd 87 e7 ef e0 1f 00 00",""
3055,13010,"PACKET","IN",207,45,"PlayerSync","id=207 bytes=45","cf 0b 00 a5 80 7f bf c0 00 11 7d 64 30 fc 8c c9 91 65 35 9e 90 84 00 00 00 02 bc 43 c0 00 01 8a 80 c0 f7 f5 7a ab ef fd fd c8 04 e8 80",""
3056,13010,"PACKET","IN",207,45,"PlayerSync","id=207 bytes=45","cf 7c 00 8c 00 60 ff c0 00 17 16 e6 30 de 3e 89 91 7b 67 1f 10 84 00 00 00 02 e7 b6 40 00 03 4d 1a c4 f4 6c 93 94 9b fd fd fc 04 e8 80",""
3057,13010,"PACKET","IN",207,45,"PlayerSync","id=207 bytes=45","cf 85 00 c0 00 60 3f c0 00 0b aa e5 b0 c7 73 09 91 6c 24 9f 10 80 00 00 00 01 39 61 80 00 02 c5 4c dc fa 4a dd 37 cf fd fd ac 04 64 80",""
3058,13040,"PACKET","IN",207,45,"PlayerSync","id=207 bytes=45","cf 0b 00 a6 80 7f ff c0 00 0b fd a4 30 f4 0d 09 91 78 35 5e 90 84 00 00 00 02 80 2f c0 00 00 81 c8 ec f5 61 bf a3 fb fd fd c8 04 e8 80",""
3059,13041,"PACKET","IN",207,41,"PlayerSync","id=207 bytes=41","cf 1c 00 00 00 0f 96 64 70 fe e0 09 91 64 ac 5e 90 84 00 00 00 03 11 ab e0 00 00 30 0d f0 f0 00 03 fd ff fd fd 00 00 00 80",""
3060,13041,"PACKET","IN",207,45,"PlayerSync","id=207 bytes=45","cf 4f 00 c0 ff fc ff c0 00 18 ef 23 30 e7 0b c9 91 7c 23 9e 90 84 00 00 00 02 a7 f6 00 00 01 26 a3 60 f4 a5 5e c0 1b fd fd c8 04 02 80",""
3061,13041,"PACKET","IN",207,45,"PlayerSync","id=207 bytes=45","cf 7c 00 8a 80 60 bf c0 00 3f d8 66 30 e6 7e 49 91 7b 67 1f 10 84 00 00 00 02 83 ba 40 00 02 82 66 dc f7 30 9c f0 8f fd fd fc 04 e8 80",""
3062,13042,"RPC","IN",154,4,"PlayerExitVehicle","id=154 bytes=4","76 00 58 00",""
3063,13042,"PACKET","IN",207,43,"PlayerSync","id=207 bytes=43","cf 0b 00 a8 00 00 00 31 7d a4 30 e7 8d 49 91 4d 35 5e 90 84 00 00 00 00 0c 23 c0 00 02 b5 fc f8 f5 85 d1 df ff fd fd c8 04 e8 80",""
3064,13043,"PACKET","IN",207,45,"PlayerSync","id=207 bytes=45","cf 7c 00 89 00 60 bf c0 00 34 5a 26 30 ea be 09 91 7b 67 1f 10 84 00 00 00 01 d7 be 40 00 03 94 13 00 f6 68 a6 38 87 fd fd fc 04 e8 80",""
3065,13043,"PACKET","IN",203,34,"AimSync","id=203 bytes=34","cb 7c 00 04 7e 4a 0a bf 24 71 50 bf 13 c1 59 be 4e 02 98 c3 f5 0b 27 45 8a 1f 80 42 00 00 00 00 3f 20",""
3066,13066,"PACKET","IN",207,35,"PlayerSync","id=207 bytes=35","cf 37 00 00 00 16 3c 62 b0 f4 68 c9 91 56 9b 9e 90 80 00 00 00 02 2c 7b 40 00 00 00 00 00 01 a5 04 e8 80",""
3067,13066,"PACKET","IN",207,45,"PlayerSync","id=207 bytes=45","cf 7c 00 87 80 60 7f c0 00 28 5b e6 30 ec fd c9 91 7b 67 1f 10 84 00 00 00 01 53 c2 40 00 03 43 33 10 f5 50 ac 04 83 fd fd fc 04 e8 80",""
3068,13091,"PACKET","IN",207,43,"PlayerSync","id=207 bytes=43","cf 0b 00 a9 00 00 00 0d 7d e4 30 df 8d 89 91 5d b5 1e 90 84 00 00 00 00 00 1b c0 00 00 5a 6c f4 f7 f5 de fb ff fd fd c8 04 e8 80",""
3069,13092,"PACKET","IN",200,38,"VehicleSync","id=200 bytes=38","c8 3f 00 4b 00 00 00 00 00 00 00 58 60 c7 30 3a 68 bf c6 4e ac 32 5b 62 b4 58 33 b9 b4 20 00 00 00 06 80 3a 00 00",""
3070,13092,"PACKET","IN",207,35,"PlayerSync","id=207 bytes=35","cf 46 00 00 00 3e ca 23 30 fc 9b 89 91 68 df 1e 90 84 00 00 00 03 0d 37 c0 00 00 00 00 00 01 28 00 04 11",""
3071,13092,"PACKET","IN",207,45,"PlayerSync","id=207 bytes=45","cf 4f 00 c0 ff fc ff c0 00 16 b0 e3 30 dd cb 09 91 41 a4 5e 90 84 00 00 00 02 5f fa 00 00 03 26 cb 38 f7 55 76 90 13 fd fd c8 04 02 80",""
3072,13092,"PACKET","IN",207,43,"PlayerSync","id=207 bytes=43","cf 7e 00 60 3f c2 00 0c 60 aa b0 d9 d1 4a 11 4b e3 df 10 84 00 00 00 02 43 bb 94 00 03 c7 43 24 f7 b8 a0 b0 8b fd fd ac 04 64 80",""
3073,13092,"PACKET","IN",200,44,"VehicleSync","id=200 bytes=44","c8 a6 00 1d 00 7d 00 03 00 00 00 34 50 52 60 78 c5 f2 3a ca 5c 39 a9 62 64 5e c8 47 b4 20 0d 6c 83 e2 02 ae 9d e0 27 ff e0 1f 00 00",""
3074,13093,"PACKET","IN",207,43,"PlayerSync","id=207 bytes=43","cf 0b 00 aa 00 00 00 20 3d e4 30 d1 8d c9 91 72 f4 de 90 84 00 00 00 02 58 0f c0 00 01 d4 b4 f8 f7 fd e7 6b ff fd fd c8 04 e8 80",""
3075,13093,"PACKET","IN",207,49,"PlayerSync","id=207 bytes=49","cf 30 00 00 00 22 fe a6 b0 cf 96 c9 d1 7b 67 1f 10 84 00 00 00 01 bd d3 00 00 00 00 00 00 03 ff fe 00 00 00 00 00 00 00 00 00 00 00 01 28 00 04 11",""
3076,13093,"PACKET","IN",207,45,"PlayerSync","id=207 bytes=45","cf 7c 00 86 00 60 7f c0 00 12 dd a6 30 ee 3d 89 91 7b 67 1f 10 84 00 00 00 00 97 c6 40 00 03 1b 33 10 f4 d8 b5 80 7b fd fd fc 04 e8 80",""
3077,13093,"PACKET","IN",207,45,"PlayerSync","id=207 bytes=45","cf 85 00 c0 00 60 3f c0 00 04 de e5 b0 e7 34 89 91 6c 24 9f 10 80 00 00 00 01 e9 89 80 00 02 70 90 84 fb 9b 68 73 6b fd fd ac 04 64 80",""
3078,13121,"PACKET","IN",207,43,"PlayerSync","id=207 bytes=43","cf 0b 00 aa 00 00 00 2b 3d e4 30 c2 ce 09 91 48 34 de 90 84 00 00 00 01 38 07 c0 00 00 a7 5d 00 f5 a1 f3 cb ff fd fd c8 04 e8 80",""
3079,13121,"PACKET","IN",200,38,"VehicleSync","id=200 bytes=38","c8 3f 00 4b 00 00 00 00 00 00 00 58 f0 c6 e0 3a 68 bf b6 4e ac 32 5b 62 b4 58 03 b9 b4 20 00 00 00 06 80 3a 00 00",""
3080,13122,"PACKET","IN",207,35,"PlayerSync","id=207 bytes=35","cf 4b 00 00 00 15 e8 a3 70 f0 5d 09 91 79 a3 5e 90 80 00 00 00 03 47 12 00 00 00 00 00 00 01 28 00 04 11",""
3081,13122,"PACKET","IN",203,34,"AimSync","id=203 bytes=34","cb 4b 00 04 1f 1f b5 be a4 34 65 bf a5 8e 8a be a6 5a 8d c3 70 8b 26 45 1c ab 7e 42 00 00 00 00 3f 22",""
3082,13122,"PACKET","IN",207,45,"PlayerSync","id=207 bytes=45","cf 7c 00 83 00 60 7f c0 00 09 60 e6 30 ed fd 09 91 7b 67 1f 10 84 00 00 00 03 0f ca 40 00 01 a9 9b 08 f7 e4 c1 38 6f fd fd fc 04 e8 80",""
3083,13122,"PACKET","IN",207,41,"PlayerSync","id=207 bytes=41","cf 1c 00 00 00 2b d7 a4 70 fe e0 09 91 72 2c 5e 90 84 00 00 00 03 11 ab e0 00 00 a3 a7 70 ec 00 03 fd ff fd fd 00 00 00 80",""
3084,13122,"PACKET","IN",207,35,"PlayerSync","id=207 bytes=35","cf 47 00 00 00 0a d6 22 f0 e4 e8 c9 91 79 5b 1e 90 84 00 00 00 02 40 47 c0 00 00 00 00 00 01 28 00 04 11",""
3085,13123,"PACKET","IN",207,45,"PlayerSync","id=207 bytes=45","cf 4f 00 c2 ff fa bf c2 00 3b 32 23 30 cc 4a 49 91 43 a4 de 90 84 00 00 00 01 fb fa 00 00 03 8a bf 28 f5 7d 97 30 0b fd fd c8 04 02 80",""
3086,13123,"PACKET","IN",207,43,"PlayerSync","id=207 bytes=43","cf 7e 00 60 3f ca 00 3f 6a 2a b0 c7 90 0a 11 6e 28 9f 10 84 00 00 00 00 5f bf 94 00 00 80 fd 4c f9 e0 a6 b4 87 fd fd ac 04 64 80",""
3087,13146,"PACKET","IN",207,43,"PlayerSync","id=207 bytes=43","cf 0b 00 ab 00 00 00 2f 3d e4 30 f4 4e 09 91 5c b4 9e 90 80 00 00 00 00 10 07 c0 00 03 f4 7c f4 f6 c1 fb f7 ff fd fd c8 04 e8 80",""
3088,13147,"PACKET","IN",207,35,"PlayerSync","id=207 bytes=35","cf 51 00 00 00 2e e7 28 30 ea ff 89 91 7b 67 1f 10 84 00 00 00 03 a6 8b c0 00 00 00 00 00 01 28 00 04 11",""
3089,13147,"PACKET","IN",207,45,"PlayerSync","id=207 bytes=45","cf 7c 00 82 80 60 7f c0 00 0e 62 66 30 ed 7c c9 91 7b 67 1f 10 84 00 00 00 03 c3 ca 40 00 00 f0 cf 04 f7 d8 cb 18 67 fd fd fc 04 e8 80",""
3090,13147,"RPC","IN",86,27,"ApplyPlayerAnimation","id=86 bytes=27","97 00 07 42 44 5f 46 49 52 45 07 77 61 73 68 5f 75 70 33 33 83 40 80 00 00 00 00",""
3091,13147,"PACKET","IN",207,45,"PlayerSync","id=207 bytes=45","cf 7c 00 81 80 60 7f c0 00 07 a3 e6 30 ee 7c 89 91 7b 67 1f 10 84 00 00 00 01 c3 ce 40 00 00 e9 46 f0 f5 98 cd c8 67 fd fd fc 04 e8 80",""
3092,13169,"PACKET","IN",207,35,"PlayerSync","id=207 bytes=35","cf 02 00 00 00 08 a8 a2 70 e7 a8 c9 91 7a 9d 5e 90 84 00 00 00 00 fc 56 c0 00 00 00 00 00 01 28 00 04 11",""
3093,13169,"PACKET","IN",207,43,"PlayerSync","id=207 bytes=43","cf 0b 00 ab 00 00 00 2c 3d e4 30 e3 4e 49 91 72 b4 5e 90 80 00 00 00 01 f4 0f c0 00 01 e2 80 f4 f4 12 07 f7 ff fd fd c8 04 e8 80",""
3094,13169,"PACKET","IN",207,45,"PlayerSync","id=207 bytes=45","cf 4f 00 e2 ff ee 7f c2 00 27 33 e3 30 d9 49 49 91 5b 65 5e 90 84 00 00 00 01 af de 00 00 02 3d a3 5c f5 d5 93 fc 0b fd fd c8 04 02 80",""
3095,13169,"PACKET","IN",207,45,"PlayerSync","id=207 bytes=45","cf 7c 00 81 80 60 7f c0 00 36 65 26 30 ef 7c 49 91 7b 67 1f 10 84 00 00 00 01 53 ce 40 00 03 b7 fe e4 f6 c4 d1 f8 63 fd fd fc 04 e8 80",""
3096,13169,"PACKET","IN",200,44,"VehicleSync","id=200 bytes=44","c8 a6 00 1d 00 7c 00 08 00 20 00 3d 10 4a d0 8a 05 7d 83 1a 6c 38 da a2 64 57 57 d7 b4 2e b9 fc 33 e8 73 05 7e 4e a7 ff e0 1f 00 00",""
3097,13195,"PACKET","IN",207,43,"PlayerSync","id=207 bytes=43","cf 0b 00 ab 00 00 00 21 7d e4 30 d4 4e 89 91 46 b4 5e 90 80 00 00 00 03 80 17 c0 00 00 0e 44 f0 f5 f2 0f cb ff fd fd c8 04 e8 80",""
3098,13195,"PACKET","IN",207,45,"PlayerSync","id=207 bytes=45","cf 7c 00 81 80 60 7f c0 00 26 a6 a6 30 f0 7c 09 91 7b 67 1f 10 84 00 00 00 00 ef ce 40 00 02 55 5e e0 f5 9c d2 d4 63 fd fd fc 04 e8 80",""
3099,13195,"PACKET","IN",207,45,"PlayerSync","id=207 bytes=45","cf 85 00 c0 00 60 3f c0 00 00 99 25 b0 e9 35 c9 91 6c 24 9f 10 80 00 00 00 01 e9 89 80 00 02 b0 e6 5c f4 09 e7 3b ff fd fd ac 04 64 80",""
3100,13195,"PACKET","IN",207,43,"PlayerSync","id=207 bytes=43","cf 7e 00 60 3f ca 00 2a 37 6a b0 f1 8e 0a 11 55 af 5f 10 84 00 00 00 00 5f bf 94 00 03 ac c0 20 fa 3c aa c0 83 fd fd ae 04 08 80",""
3101,13195,"PACKET","IN",207,35,"PlayerSync","id=207 bytes=35","cf 97 00 00 00 39 55 a5 b0 df 38 c9 91 6c 24 9f 10 80 00 00 00 01 30 6f e8 00 00 00 00 00 01 a5 04 e8 80",""
3102,13218,"PACKET","IN",207,45,"PlayerSync","id=207 bytes=45","cf 0b 00 ab 80 7f ff c0 00 0e 3d e4 30 c9 0e c9 91 56 b4 1e 90 80 00 00 00 03 d4 1b c0 00 01 a7 dd 20 f7 7e 17 73 ff fd fd c8 04 e8 80",""
3103,13218,"PACKET","IN",207,35,"PlayerSync","id=207 bytes=35","cf 1c 00 00 00 18 97 e4 70 fe e0 09 91 73 ac 5e 90 84 00 00 00 03 11 ab e0 00 00 00 00 00 01 00 00 00 80",""
3104,13218,"PACKET","IN",200,38,"VehicleSync","id=200 bytes=38","c8 3f 00 4b 00 00 00 00 00 00 00 58 70 c7 30 3a 78 bf b6 4e ac 32 5b 62 b4 58 33 b9 b4 20 00 00 00 06 80 3a 00 00",""
3105,13218,"PACKET","IN",207,45,"PlayerSync","id=207 bytes=45","cf 4f 00 f7 7f e8 3f c2 00 13 76 e3 30 f5 88 89 91 68 25 de 90 84 00 00 00 03 b3 ba 00 00 02 ec 6f 94 f5 f9 03 74 43 fd fd c8 04 02 80",""
3106,13218,"PACKET","IN",207,45,"PlayerSync","id=207 bytes=45","cf 7c 00 81 00 60 7f c0 00 11 e8 26 30 f2 bb c9 91 7b 67 1f 10 84 00 00 00 01 db ce 40 00 02 9a 66 dc f4 9c d3 90 63 fd fd fc 04 e8 80",""
3107,13218,"PACKET","IN",207,35,"PlayerSync","id=207 bytes=35","cf 15 00 00 00 0d cb 23 30 d7 62 49 91 71 9f 1e 90 84 00 00 00 01 9e 65 80 00 00 00 00 00 01 28 00 04 11",""
3108,13218,"PACKET","IN",207,45,"PlayerSync","id=207 bytes=45","cf 7c 00 81 00 60 7f c0 00 2f 69 a6 30 eb bb 89 91 7b 67 1f 10 84 00 00 00 01 93 ce 40 00 00 9b ae d0 f7 00 d1 d0 63 fd fd fc 04 e8 80",""
3109,13240,"PACKET","IN",207,45,"PlayerSync","id=207 bytes=45","cf 0b 00 a9 00 7d ff c0 00 2e fd a4 30 d0 8f 09 91 68 33 de 90 84 00 00 00 03 c0 0b c0 00 03 e4 9d 3c f7 d2 1b 3b ff fd fd c8 04 e8 80",""
3110,13240,"PACKET","IN",207,35,"PlayerSync","id=207 bytes=35","cf 1b 00 00 00 02 a3 63 70 d7 5a c9 91 7b a3 1e 90 80 00 00 00 00 d6 93 00 00 00 00 00 00 01 28 00 04 11",""
3111,13240,"PACKET","IN",207,45,"PlayerSync","id=207 bytes=45","cf 4f 00 81 80 66 3f c2 00 25 7b e3 30 c1 c8 09 91 69 e6 9e 90 84 00 00 00 02 5f 82 00 00 01 7b 3f b4 f4 d4 a8 04 87 fd fd c8 04 02 80",""
3112,13240,"PACKET","IN",207,45,"PlayerSync","id=207 bytes=45","cf 7c 00 81 00 60 7f c0 00 12 ab 26 30 ee bb 49 91 7b 67 1f 10 84 00 00 00 01 4f ce 40 00 03 db fe cc f6 44 d2 58 63 fd fd fc 04 e8 80",""
3113,13240,"PACKET","IN",207,43,"PlayerSync","id=207 bytes=43","cf 85 00 60 3f c0 00 1b 96 65 b0 df b5 c9 91 6c 24 9f 10 80 00 00 00 00 dd 15 80 00 03 bf cb ac ec 18 02 56 0b fd fd ac 04 64 80",""
3114,13240,"PACKET","IN",207,45,"PlayerSync","id=207 bytes=45","cf 0b 00 a1 00 78 ff c0 00 37 bd a4 30 c0 0f 49 91 51 33 de 90 84 00 00 00 01 98 53 c0 00 01 54 88 d8 f4 3d f7 db ff fd fd c8 04 e8 80",""
3115,13241,"PACKET","IN",207,45,"PlayerSync","id=207 bytes=45","cf 7c 00 81 00 60 7f c0 00 2c ac 66 30 f3 bb 09 91 7b 67 1f 10 84 00 00 00 01 1b ce 40 00 00 c7 06 b8 f5 90 d2 d8 63 fd fd fc 04 e8 80",""
3116,13241,"PACKET","IN",200,44,"VehicleSync","id=200 bytes=44","c8 a6 00 1d 00 7b 00 0b 00 20 00 3a 60 77 30 90 d5 3c 7a 8a 6c 3f eb d2 64 51 b8 07 b4 2e 12 0b 43 e7 a3 39 ae 60 68 0f e0 1f 00 00",""
3117,13284,"PACKET","IN",207,45,"PlayerSync","id=207 bytes=45","cf 0b 00 8a 80 6d 7f c0 00 2f 3d e4 30 eb 4f 49 91 7e 33 9e 90 84 00 00 00 03 24 97 c0 00 01 71 6c 9c f6 a5 ad 7b fb fd fd c8 04 e8 80",""
3118,13285,"PACKET","IN",207,45,"PlayerSync","id=207 bytes=45","cf 4f 00 8e 00 65 3f c2 00 31 41 e3 70 c5 c7 89 91 65 e7 5e 90 84 00 00 00 03 0f 3e 00 00 03 ea fb cc f4 e0 53 cc eb fd fd c8 04 02 80",""
3119,13285,"PACKET","IN",207,45,"PlayerSync","id=207 bytes=45","cf 7c 00 81 00 60 7f c0 00 06 2d e6 30 f8 fa c9 91 7b 67 1f 10 84 00 00 00 00 f3 ce 40 00 00 3c 02 b8 f5 10 d3 38 63 fd fd fc 04 e8 80",""
3120,13285,"PACKET","IN",207,45,"PlayerSync","id=207 bytes=45","cf 0b 00 82 00 68 bf c0 00 1d fe 64 30 d8 8f 89 91 6c 33 9e 90 84 00 00 00 00 90 e3 c0 00 00 b3 e4 a4 f6 7d 69 af eb fd fd c8 04 e8 80",""
3121,13285,"PACKET","IN",207,35,"PlayerSync","id=207 bytes=35","cf 1a 00 00 00 28 14 e5 b0 cd 83 09 d1 6c 24 9f 10 80 00 00 00 03 eb 49 80 00 00 00 00 00 01 28 00 04 11",""
3122,13285,"PACKET","IN",200,38,"VehicleSync","id=200 bytes=38","c8 3f 00 4b 00 00 00 00 00 00 00 57 f0 c7 70 3a 98 bf b6 4e ac 32 5b 62 b4 58 53 b9 b4 20 00 00 00 06 80 3a 00 00",""
3123,13286,"PACKET","IN",207,45,"PlayerSync","id=207 bytes=45","cf 7c 00 81 00 60 7f c0 00 12 af 26 30 c0 7a c9 91 7b 67 1f 10 84 00 00 00 00 cf ce 40 00 02 4a 76 9c f4 a4 d3 88 63 fd fd fc 04 e8 80",""
3124,13286,"PACKET","IN",207,43,"PlayerSync","id=207 bytes=43","cf 7e 00 60 3f ca 00 02 42 ea f0 dc 8c 8a 11 51 b5 1f 10 84 00 00 00 00 5f bf 94 00 00 ad 56 a0 f6 3c aa c0 83 fd fd ae 04 08 80",""
3125,13286,"PACKET","IN",207,35,"PlayerSync","id=207 bytes=35","cf 97 00 00 00 39 55 a5 b0 df 38 c9 91 6c 24 9f 10 80 00 00 00 01 30 6f e8 00 00 00 00 00 01 28 00 04 11",""
3126,13308,"PACKET","IN",207,45,"PlayerSync","id=207 bytes=45","cf 7c 00 81 00 60 7f c0 00 20 30 66 30 c7 fa 89 91 7b 67 1f 10 84 00 00 00 00 b3 ce 40 00 03 43 32 98 f4 48 d3 cc 63 fd fd fc 04 e8 80",""
3127,13308,"PACKET","IN",207,43,"PlayerSync","id=207 bytes=43","cf 85 00 60 3f c0 00 25 56 65 b0 da f5 c9 91 6c 24 9f 10 80 00 00 00 01 1c 31 80 00 00 13 7e b8 ec dc 97 0c 97 fd fd ac 04 64 80",""
3128,13308,"PACKET","IN",207,45,"PlayerSync","id=207 bytes=45","cf 4f 00 95 00 65 3f c2 00 26 85 23 70 d3 87 c9 91 45 27 9e 90 84 00 00 00 01 7a ee 00 00 02 f8 02 18 f7 ac 64 e3 37 fd fd c8 04 02 80",""
3129,13338,"PACKET","IN",207,45,"PlayerSync","id=207 bytes=45","cf 0b 00 fc 7f e5 3f c0 00 0b 3f 24 30 c6 4f c9 91 5c 33 9e 90 84 00 00 00 02 35 27 c0 00 01 79 40 f0 f4 e1 26 bb cf fd fd c8 04 e8 80",""
3130,13338,"PACKET","IN",203,34,"AimSync","id=203 bytes=34","cb 0b 00 04 78 20 63 bf 87 d4 31 3e 7e d7 da be 32 75 8f c3 b1 35 26 45 bb 87 81 42 00 00 00 00 3f 36",""
3131,13338,"PACKET","IN",207,45,"PlayerSync","id=207 bytes=45","cf 7c 00 81 00 60 7f c0 00 20 b1 a6 30 d1 ba 49 91 7b 67 1f 10 84 00 00 00 00 97 ce 40 00 03 d1 2e 80 f7 fc cc 04 67 fd fd fc 04 e8 80",""
3132,13338,"PACKET","IN",200,44,"VehicleSync","id=200 bytes=44","c8 a6 00 1d 00 7b 00 0c 00 20 00 3a 20 97 40 99 65 08 61 2a 7c 3f ac f2 64 5d f7 f7 b4 2a 22 5a 43 ed 73 49 be 7b a7 ff e0 1f 00 00",""
3133,13338,"PACKET","IN",207,45,"PlayerSync","id=207 bytes=45","cf 0b 00 f4 ff e0 ff c0 00 3d 40 24 70 c0 50 09 91 4b b3 9e 90 84 00 00 00 03 55 7f c0 00 01 ad 91 14 f6 2c e7 73 ab fd fd c8 04 e8 80",""
3134,13338,"PACKET","IN",207,45,"PlayerSync","id=207 bytes=45","cf 7c 00 81 00 60 7f c0 00 1f b2 e6 30 db ba 09 91 7b 67 1f 10 84 00 00 00 00 7f ce 40 00 02 a2 66 7c f7 b8 cc 34 67 fd fd fc 04 e8 80",""
3135,13360,"PACKET","IN",207,45,"PlayerSync","id=207 bytes=45","cf 4f 00 9c 80 65 7f c2 00 10 4b e3 70 d8 48 09 91 71 e7 de 90 84 00 00 00 01 36 8e 00 00 01 93 47 54 f4 b4 19 1e 9f fd fd c8 04 02 80",""
3136,13360,"PACKET","IN",207,45,"PlayerSync","id=207 bytes=45","cf 7c 00 81 00 60 7f c0 00 27 74 26 30 e4 79 c9 91 7b 67 1f 10 84 00 00 00 00 6b ce 40 00 00 e0 1e 90 f7 80 cc 60 67 fd fd fc 04 e8 80",""
3137,13361,"PACKET","IN",207,43,"PlayerSync","id=207 bytes=43","cf 7e 00 60 3f c2 00 18 0c 6a f0 c6 4b 4a 11 6f 17 1f 50 84 00 00 00 00 5f bf 94 00 00 49 c5 f8 fb cc cc ac ad 66 e9 ab 04 08 80",""
3138,13361,"PACKET","IN",207,45,"PlayerSync","id=207 bytes=45","cf 0b 00 f3 7f e0 ff c0 00 3d 01 64 70 e9 d0 09 91 43 b3 9e 90 84 00 00 00 00 bd c3 c0 00 02 79 b1 5c f4 88 9c 7b 73 fd fd c8 04 e8 80",""
3139,13361,"PACKET","IN",207,35,"PlayerSync","id=207 bytes=35","cf 4d 00 00 00 19 5f dc f0 c3 00 c9 91 7b ec 9e 90 80 00 00 00 00 39 bc 80 00 00 00 00 00 01 a8 04 04 11",""
3140,13361,"PACKET","IN",207,45,"PlayerSync","id=207 bytes=45","cf 7c 00 81 00 60 7f c0 00 30 35 66 30 ec f9 89 91 7b 67 1f 10 84 00 00 00 00 5b ce 40 00 01 c1 9a 90 f7 4c cc 88 67 fd fd fc 04 e8 80",""
3141,13389,"PACKET","IN",207,45,"PlayerSync","id=207 bytes=45","cf 7c 00 81 00 60 7f c0 00 28 f6 a6 30 f8 39 49 91 7b 67 1f 10 84 00 00 00 00 4b ce 40 00 01 9e 12 70 f7 1c cc a8 67 fd fd fc 04 e8 80",""
3142,13390,"PACKET","IN",207,45,"PlayerSync","id=207 bytes=45","cf 0b 00 f3 7f e0 ff c0 00 35 c2 e4 70 ce 90 49 91 40 33 9e 90 84 00 00 00 01 41 ff c0 00 01 4b d1 a4 f4 a0 6f 53 3b fd fd c8 04 e8 80",""
3143,13390,"PACKET","IN",207,45,"PlayerSync","id=207 bytes=45","cf 4f 00 a1 80 65 bf c2 00 3c 12 63 70 c0 c8 49 91 6c 68 5e 90 84 00 00 00 00 9e 72 00 00 00 44 1b 7c f4 f0 0b 4a 5f fd fd c8 04 02 80",""
3144,13390,"PACKET","IN",200,44,"VehicleSync","id=200 bytes=44","c8 a6 00 1d 00 7b 00 0c 00 20 00 34 d0 af 50 82 54 f0 45 fa 7c 34 6d d2 64 51 a7 d7 b4 26 a6 89 73 eb 63 53 be 88 37 ff e0 1f 00 00",""
3145,13415,"PACKET","IN",207,45,"PlayerSync","id=207 bytes=45","cf 0b 00 f2 7f e1 3f c0 00 24 84 e4 70 f2 d0 49 91 41 b3 9e 90 84 00 00 00 01 66 3f c0 00 02 88 69 f8 f6 2c 46 bb 03 fd fd c8 04 e8 80",""
3146,13415,"PACKET","IN",207,35,"PlayerSync","id=207 bytes=35","cf 5b 00 00 00 3f c4 a6 f0 d9 07 09 d1 7b 67 1f 10 84 00 00 00 01 2a 42 00 00 00 00 00 00 01 a5 04 e8 80",""
3147,13416,"PACKET","IN",203,34,"AimSync","id=203 bytes=34","cb 5b 00 04 bb 24 6a 3d ec bc 7d bf 39 21 f5 bd 2d 23 9b c3 71 3f 27 45 1d 09 80 42 00 00 00 00 23 27",""
3148,13416,"PACKET","IN",207,45,"PlayerSync","id=207 bytes=45","cf 7c 00 81 00 60 7f c0 00 1f 77 e6 30 c3 f9 49 91 7b 67 1f 10 84 00 00 00 00 3b ce 40 00 00 00 02 70 f6 f4 cc c8 67 fd fd fc 04 e8 80",""
3149,13416,"PACKET","IN",207,43,"PlayerSync","id=207 bytes=43","cf 85 00 60 3f c0 00 2f 95 a5 b0 c0 f5 c9 91 6c 24 9f 10 80 00 00 00 00 84 05 80 00 00 b2 16 fc ec 8b 09 a4 4b fd fd ac 04 64 80",""
3150,13416,"PACKET","IN",203,34,"AimSync","id=203 bytes=34","cb 85 00 04 22 7a 0e 3c 70 5b 7c 3f ff e6 2b be ec 59 96 c3 4a b4 26 45 93 3a 80 42 00 00 00 00 3f c6",""
3151,13416,"PACKET","IN",207,45,"PlayerSync","id=207 bytes=45","cf 0b 00 f2 ff e0 ff c0 00 30 c6 e4 70 cd 10 89 91 49 33 9e 90 84 00 00 00 03 ea 73 c0 00 00 e6 56 30 f4 e8 26 e6 bf fd fd c8 04 e8 80",""
3152,13416,"PACKET","IN",207,35,"PlayerSync","id=207 bytes=35","cf 54 00 00 00 27 65 68 30 dc 13 49 d1 7b 67 1f 10 84 00 00 00 01 87 f6 c0 00 00 00 00 00 01 a5 04 04 80",""
3153,13416,"PACKET","IN",207,45,"PlayerSync","id=207 bytes=45","cf 7c 00 81 00 60 7f c0 00 37 f9 26 30 c9 f9 09 91 7b 67 1f 10 84 00 00 00 00 2b ce 40 00 00 a8 2a b4 f6 cc cc e4 67 fd fd fc 04 e8 80",""
3154,13438,"PACKET","IN",207,45,"PlayerSync","id=207 bytes=45","cf 4f 00 a2 80 65 ff c2 00 33 98 e3 70 f7 88 49 91 5b a8 de 90 84 00 00 00 03 fe 62 00 00 01 76 e7 94 f5 08 12 fa 83 fd fd c8 04 02 80",""
3155,13438,"PACKET","IN",203,34,"AimSync","id=203 bytes=34","cb 4f 00 04 0d 23 75 bf 84 1f 87 be 2b 3a ed bd 9b 15 8c c3 78 2c 26 45 86 49 7e 42 00 00 00 00 3f 26",""
3156,13438,"PACKET","IN",207,45,"PlayerSync","id=207 bytes=45","cf 0b 00 f2 ff e0 ff c0 00 3d c9 24 70 df d0 89 91 56 f3 9e 90 84 00 00 00 03 9a a7 c0 00 02 5a 36 5c f7 fc 0e f2 7f fd fd c8 04 e8 80",""
3157,13439,"PACKET","IN",207,35,"PlayerSync","id=207 bytes=35","cf 2d 00 00 00 37 8d 62 b0 cb e9 09 91 5c 9a de 90 80 00 00 00 01 5c 03 c0 00 00 00 00 00 01 28 00 04 11",""
3158,13439,"PACKET","IN",203,34,"AimSync","id=203 bytes=34","cb 2d 00 04 2b d4 36 bf 34 ad 89 be 0d 71 25 bf ec f1 89 c3 62 a7 26 45 bf bd 7e 42 00 00 00 00 3f 28",""
3159,13439,"PACKET","IN",200,38,"VehicleSync","id=200 bytes=38","c8 3f 00 4b 00 00 00 00 00 00 00 58 70 c7 40 3a 98 bf a6 4e ac 32 5b 62 b4 58 23 b9 b4 20 00 00 00 06 80 3a 00 00",""
3160,13439,"PACKET","IN",207,43,"PlayerSync","id=207 bytes=43","cf 7c 00 60 7f c0 00 2d fc 26 30 ca 78 89 91 7b 67 1f 10 84 00 00 00 02 93 ce 40 00 00 cd 86 e0 f6 84 cd 1c 67 fd fd fc 04 e8 80",""
3161,13439,"PACKET","IN",207,43,"PlayerSync","id=207 bytes=43","cf 7e 00 60 3f c2 00 15 20 aa f0 f3 c8 4a 11 4a fb df 90 84 00 00 00 00 5f bf 94 00 01 30 01 bc fa 0c bc dc 9b d2 a9 ab 04 08 80",""
3162,13439,"PACKET","IN",207,45,"PlayerSync","id=207 bytes=45","cf 85 00 c0 7f e0 3f c0 00 2c 55 a5 b0 f1 75 89 91 6c 24 9f 10 84 00 00 00 03 dc 71 80 00 02 21 c4 28 f1 be 0c 2c 03 fd fd ac 04 64 80",""
3163,13466,"PACKET","IN",200,38,"VehicleSync","id=200 bytes=38","c8 3f 00 4b 00 00 00 00 00 00 00 58 10 c7 80 3a a8 bf a6 4e ac 32 5b 62 b4 58 33 b9 b4 20 00 00 00 06 80 3a 00 00",""
3164,13466,"PACKET","IN",203,34,"AimSync","id=203 bytes=34","cb 3f 00 12 51 3e 70 bf 6a ce b0 3e 77 bf ff bb e8 7a e8 c3 9a 9f 2b 45 e5 f0 9c 42 00 00 00 00 3f 36",""
3165,13466,"PACKET","IN",207,45,"PlayerSync","id=207 bytes=45","cf 4f 00 a2 80 65 ff c2 00 3e 1f a3 70 f8 48 89 91 4d 29 5e 90 84 00 00 00 02 96 5a 00 00 03 39 23 d0 f5 50 16 3a 93 fd fd c8 04 02 80",""
3166,13466,"PACKET","IN",207,45,"PlayerSync","id=207 bytes=45","cf 0b 00 f3 7f e0 ff c0 00 0b 4b e4 70 e9 90 89 91 6b b3 9e 90 84 00 00 00 01 4e bb c0 00 03 01 82 84 f7 a0 00 ee 3f fd fd c8 04 e8 80",""
3167,13466,"PACKET","IN",207,43,"PlayerSync","id=207 bytes=43","cf 7c 00 60 7f c0 00 19 fd a6 30 cb 38 49 91 7b 67 1f 10 84 00 00 00 02 83 ce 40 00 03 27 32 e0 f4 e0 d4 70 63 fd fd fc 04 e8 80",""
3168,13466,"PACKET","IN",200,44,"VehicleSync","id=200 bytes=44","c8 a6 00 1d 00 7b 00 0c 00 20 00 38 f0 a3 80 8a f4 da 3b 4a 7c 37 9e c2 64 5c 97 77 b4 25 79 68 73 ed 33 60 3e 94 e7 ff e0 1f 00 00",""
3169,13466,"PACKET","IN",203,34,"AimSync","id=203 bytes=34","cb a6 00 12 58 f0 32 bf 73 2d 33 3f 85 52 16 be 1b d7 a5 c3 24 ad 26 45 78 0b 81 42 00 00 00 00 3f 21",""
3170,13466,"PACKET","OUT",207,69,"PlayerSync","id=207 bytes=69","cf 00 00 00 00 00 00 e8 9a a0 c3 95 ed 26 45 ed 9c 7c 42 0f 68 4f 3f 00 00 00 80 00 00 00 00 d5 0f 16 bf 64 00 00 00 00 00 00 00 00 00 00 00 00 00 00 00 00 00 00 00 00 00 00 00 00 00 00 00 00 00 28 00 04 11",""
3171,13489,"PACKET","IN",207,45,"PlayerSync","id=207 bytes=45","cf 0b 00 f3 7f e0 ff c0 00 3f ce 64 70 ef d0 89 91 43 b3 de 90 84 00 00 00 03 02 b7 c0 00 03 ef 26 a0 f5 58 01 26 27 fd fd c8 04 e8 80",""
3172,13489,"PACKET","IN",207,45,"PlayerSync","id=207 bytes=45","cf 7c 00 ff ff e0 7f c0 00 03 7f 26 30 cc 78 09 91 7b 67 1f 10 84 00 00 00 03 b3 ce 40 00 03 2f 32 e0 f4 bc d4 8c 63 fd fd fc 04 e8 80",""
3173,13489,"PACKET","IN",207,35,"PlayerSync","id=207 bytes=35","cf 92 00 00 00 17 75 a2 f0 f2 65 89 91 75 9e 1e 90 84 00 00 00 00 c2 8d c0 00 00 00 00 00 01 a5 04 04 80",""
3174,13489,"PACKET","IN",203,34,"AimSync","id=203 bytes=34","cb 92 00 04 40 0b fc be d7 3f 3f 3f 2a b8 e4 be a8 f7 8a c3 8a 6c 26 45 03 98 81 42 00 00 00 00 3f 37",""
3175,13489,"PACKET","IN",207,45,"PlayerSync","id=207 bytes=45","cf 4f 00 a2 80 65 ff c2 00 0e e6 e3 70 c1 49 09 91 40 a9 de 90 84 00 00 00 02 2a 4e 00 00 01 3f fb fc f4 c8 19 5e 9f fd fd c8 04 02 80",""
3176,13489,"PACKET","IN",207,35,"PlayerSync","id=207 bytes=35","cf 79 00 00 00 09 c6 a2 f0 e9 a5 c9 91 46 da 9e 90 84 00 00 00 02 ec 63 40 00 00 00 00 00 01 28 00 04 11",""
3177,13489,"PACKET","IN",203,34,"AimSync","id=203 bytes=34","cb 79 00 04 f1 e1 69 bf 99 15 0c 3e a6 0b c4 be ab 8e 88 c3 74 8b 26 45 64 ac 82 42 00 00 00 00 3f 55",""
3178,13489,"PACKET","IN",207,45,"PlayerSync","id=207 bytes=45","cf 7c 00 ff ff e0 7f c0 00 29 00 66 70 cd 77 c9 91 7b 67 1f 10 84 00 00 00 03 ab ce 40 00 00 f9 86 e0 f7 e4 d6 4c 5f fd fd fc 04 e8 80",""
3179,13510,"PACKET","IN",207,45,"PlayerSync","id=207 bytes=45","cf 0b 00 f3 7f e0 ff c0 00 0e 51 e4 70 f8 10 89 91 60 b3 de 90 84 00 00 00 01 9a b7 c0 00 01 2d 6e 98 f5 94 00 42 2b fd fd c8 04 e8 80",""
3180,13537,"PACKET","IN",200,38,"VehicleSync","id=200 bytes=38","c8 3f 00 4b 00 00 00 00 00 00 00 57 d0 c7 a0 3a b8 bf a6 4e ac 32 5b 62 b4 58 43 b9 b4 20 00 00 00 06 80 3a 00 00",""
3181,13538,"PACKET","IN",207,45,"PlayerSync","id=207 bytes=45","cf 7c 00 ff ff e0 7f c0 00 04 81 e6 70 d0 37 89 91 7b 67 1f 10 84 00 00 00 03 a3 ce 40 00 00 04 02 d0 f7 cc d6 5c 5f fd fd fc 04 e8 80",""
3182,13538,"PACKET","IN",207,43,"PlayerSync","id=207 bytes=43","cf 7e 00 60 3f c2 00 0a 33 aa f0 cf 05 ca 11 47 77 df d0 84 00 00 00 00 5f bf 94 00 02 2b 1d 90 f9 70 b2 c8 88 8e 69 ab 04 08 80",""
3183,13538,"PACKET","IN",207,45,"PlayerSync","id=207 bytes=45","cf 0b 00 f3 7f e0 ff c0 00 04 94 e4 70 ff d0 89 91 7a 73 de 90 84 00 00 00 01 16 b7 c0 00 01 7b 32 c8 f5 bc 02 2e 2b fd fd c8 04 e8 80",""
3184,13538,"RPC","IN",105,19,"TextDrawSetString","id=105 bytes=19","2f 01 0f 00 30 39 20 41 67 75 73 74 75 73 20 32 30 32 36",""
3185,13538,"RPC","IN",105,12,"TextDrawSetString","id=105 bytes=12","30 01 08 00 31 32 3a 31 34 3a 32 31",""
3186,13538,"PACKET","IN",207,45,"PlayerSync","id=207 bytes=45","cf 4f 00 a3 00 65 ff c2 00 29 ad e3 70 d2 49 49 91 71 2a 1e 90 84 00 00 00 00 c6 3e 00 00 00 73 fc 00 f9 b0 1f d6 ab fd fd c8 04 02 80",""
3187,13538,"PACKET","IN",207,45,"PlayerSync","id=207 bytes=45","cf 7c 00 ff 7f e0 7f c0 00 22 43 26 70 d2 77 49 91 7b 67 1f 10 84 00 00 00 00 d3 d2 40 00 02 65 9e cc f7 b4 d6 6c 5f fd fd fc 04 e8 80",""
3188,13559,"PACKET","IN",207,45,"PlayerSync","id=207 bytes=45","cf 7c 00 ff ff e0 7f c0 00 30 c4 66 70 d6 77 09 91 7b 67 1f 10 84 00 00 00 03 9b ce 40 00 03 ff fe b4 f6 f4 d8 24 5f fd fd fc 04 e8 80",""
3189,13559,"PACKET","IN",207,45,"PlayerSync","id=207 bytes=45","cf 85 00 c0 7f e0 3f c0 00 16 a1 e5 b0 c9 36 09 91 6c 24 9f 10 84 00 00 00 02 65 85 80 00 02 ce c7 f0 f7 9c 23 9a bb fd fd ac 04 64 80",""
3190,13560,"PACKET","IN",200,44,"VehicleSync","id=200 bytes=44","c8 a6 00 1d 00 7b 00 0c 00 20 00 3a c0 ae 10 77 34 cb 4f fa 7c 31 ef a2 64 57 07 17 b4 2b fa 06 f3 e0 a3 8d ae 92 57 ff e0 1f 00 00",""
3191,13560,"PACKET","IN",207,45,"PlayerSync","id=207 bytes=45","cf 0b 00 f3 7f e0 ff c0 00 2e d7 24 70 c6 50 c9 91 5b 34 1e 90 84 00 00 00 01 62 b7 c0 00 03 a7 86 58 f5 cc 02 e2 2b fd fd c8 04 e8 80",""
3192,13560,"PACKET","IN",207,45,"PlayerSync","id=207 bytes=45","cf 7c 00 ff 7f e0 7f c0 00 01 45 e6 70 db 36 c9 91 7b 67 1f 10 84 00 00 00 00 d3 d2 40 00 03 91 46 b4 f7 a8 d6 78 5f fd fd fc 04 e8 80",""
3193,13587,"PACKET","IN",207,45,"PlayerSync","id=207 bytes=45","cf 4f 00 a3 80 65 ff c2 00 1f 74 a3 70 e9 09 89 91 56 2a 9e 90 84 00 00 00 01 b2 2a 00 00 01 4e 4f ec f5 34 27 9a bf fd fd c8 04 02 80",""
3194,13587,"PACKET","IN",207,45,"PlayerSync","id=207 bytes=45","cf 0b 00 f3 7f e0 ff c0 00 09 d9 64 70 cb d0 c9 91 7c 34 1e 90 84 00 00 00 02 32 b7 c0 00 02 55 91 c8 f5 c0 02 76 2b fd fd c8 04 e8 80",""
3195,13587,"PACKET","IN",207,45,"PlayerSync","id=207 bytes=45","cf 7c 00 ff 7f e0 7f c0 00 05 87 26 70 e1 36 89 91 7b 67 1f 10 84 00 00 00 00 d3 d2 40 00 03 ff fe 9c f6 f4 d8 24 5f fd fd fc 04 e8 80",""
3196,13613,"PACKET","IN",207,45,"PlayerSync","id=207 bytes=45","cf 0b 00 f3 7f e0 ff c0 00 01 dd 64 70 d6 10 c9 91 7a 34 5e 90 84 00 00 00 03 7a b7 c0 00 01 43 c2 88 f5 ac 01 5e 2b fd fd c8 04 e8 80",""
3197,13614,"PACKET","IN",200,38,"VehicleSync","id=200 bytes=38","c8 3f 00 4b 00 00 00 00 00 00 00 58 a0 c7 40 3a b8 bf 96 4e ac 32 5b 62 b4 58 03 b9 b4 20 00 00 00 06 80 3a 00 00",""
3198,13614,"PACKET","IN",207,45,"PlayerSync","id=207 bytes=45","cf 7c 00 ff 7f e0 7f c0 00 08 48 66 70 e7 76 49 91 7b 67 1f 10 84 00 00 00 00 d3 d2 40 00 02 b6 12 9c f6 f4 d8 24 5f fd fd fc 04 e8 80",""
3199,13614,"PACKET","IN",207,43,"PlayerSync","id=207 bytes=43","cf 7e 00 60 3f c2 00 26 06 6b 30 ed c3 0a 11 7e 48 e0 10 84 00 00 00 00 5f bf 94 00 00 74 e5 7c fa d8 ab 70 82 c2 1d ab 04 08 80",""
3200,13614,"RPC","IN",105,7,"TextDrawSetString","id=105 bytes=7","26 08 03 00 31 30 30",""
3201,13614,"RPC","IN",105,5,"TextDrawSetString","id=105 bytes=5","27 08 01 00 30",""
3202,13614,"RPC","IN",105,6,"TextDrawSetString","id=105 bytes=6","28 08 02 00 34 36",""
3203,13614,"RPC","IN",105,5,"TextDrawSetString","id=105 bytes=5","29 08 01 00 32",""
3204,13614,"RPC","IN",105,7,"TextDrawSetString","id=105 bytes=7","2a 08 03 00 31 30 30",""
3205,13614,"PACKET","IN",207,49,"PlayerSync","id=207 bytes=49","cf 30 00 00 00 22 fe a6 b0 cf 96 c9 d1 7b 67 1f 10 84 00 00 00 01 bd d3 00 00 00 00 00 00 03 ff fe 00 00 00 00 00 00 00 00 00 00 00 01 28 00 04 11",""
3206,13615,"PACKET","IN",207,35,"PlayerSync","id=207 bytes=35","cf 46 00 00 00 3e ca 23 30 fc 9b 89 91 68 df 1e 90 84 00 00 00 03 0d 37 c0 00 00 00 00 00 01 28 00 04 11",""
3207,13615,"PACKET","IN",207,45,"PlayerSync","id=207 bytes=45","cf 4f 00 a3 80 65 ff c2 00 22 bb 23 70 c8 0a 09 91 73 6a de 90 84 00 00 00 00 c6 1a 00 00 03 39 f3 c8 f6 38 2c 96 d7 fd fd c8 04 02 80",""
3208,13615,"PACKET","IN",207,45,"PlayerSync","id=207 bytes=45","cf 7c 00 ff 7f e0 7f c0 00 05 49 a6 70 ee b6 09 91 7b 67 1f 10 84 00 00 00 00 d3 d2 40 00 01 81 9a 90 f6 f4 d8 24 5f fd fd fc 04 e8 80",""
3209,13616,"PACKET","OUT",205,9,"UNKNOWN_PACKET","id=205 bytes=9","cd b8 4a 04 00 00 00 00 00",""
3210,13639,"PACKET","IN",207,45,"PlayerSync","id=207 bytes=45","cf 0b 00 f3 ff e0 ff c0 00 3c 20 a4 70 de d0 c9 91 70 b4 9e 90 84 00 00 00 03 02 b7 c0 00 03 29 96 f4 f5 88 03 a2 27 fd fd c8 04 e8 80",""
3211,13639,"PACKET","IN",207,45,"PlayerSync","id=207 bytes=45","cf 7c 00 ff 7f e0 7f c0 00 00 8a e6 70 f6 35 c9 91 7b 67 1f 10 84 00 00 00 00 d3 d2 40 00 02 85 e2 8c f6 f4 d8 24 5f fd fd fc 04 e8 80",""
3212,13639,"PACKET","IN",207,35,"PlayerSync","id=207 bytes=35","cf 20 00 00 00 39 ec a4 70 f9 e9 c9 91 7f 31 de 90 80 00 00 00 02 66 eb c0 00 00 00 00 00 01 a5 04 04 80",""
3213,13639,"PACKET","IN",200,44,"VehicleSync","id=200 bytes=44","c8 a6 00 1d 00 7b 00 0b 00 20 00 3d 40 a0 00 84 e4 b4 54 0a 8c 32 90 62 74 5b e6 a7 b4 2a 63 c5 03 e5 83 9b 9e a0 07 ff e0 1f 00 00",""
3214,13660,"PACKET","IN",207,45,"PlayerSync","id=207 bytes=45","cf 0b 00 f4 7f e0 ff c0 00 01 e4 64 70 e7 d0 c9 91 67 f4 de 90 84 00 00 00 02 36 b7 c0 00 00 74 6f 00 f5 94 00 46 2b fd fd c8 04 e8 80",""
3215,13661,"PACKET","IN",207,45,"PlayerSync","id=207 bytes=45","cf 4f 00 a4 00 65 ff c2 00 2d c1 e3 b0 f5 ca 49 91 4f ab 5e 90 84 00 00 00 00 16 06 00 00 00 71 af ac f6 e0 36 9a e7 fd fd c8 04 02 80",""
3216,13661,"PACKET","IN",207,45,"PlayerSync","id=207 bytes=45","cf 7c 00 ff 7f e0 7f c0 00 30 cb e6 70 ff b5 89 91 7b 67 1f 10 84 00 00 00 00 d3 d2 40 00 01 a1 9a 78 f6 f4 d8 24 5f fd fd fc 04 e8 80",""
3217,13661,"PACKET","IN",207,45,"PlayerSync","id=207 bytes=45","cf 7c 00 ff 7f e0 7f c0 00 1d cd 26 70 c9 b5 89 91 7b 67 1f 10 84 00 00 00 00 d3 d2 40 00 02 b7 f6 70 f6 f4 d8 24 5f fd fd fc 04 e8 80",""
3218,13661,"PACKET","IN",207,43,"PlayerSync","id=207 bytes=43","cf 85 00 60 3f c0 00 04 ef a5 b0 c1 b7 c9 91 6c 24 9f 10 84 00 00 00 01 35 11 80 00 00 51 3b 90 f7 10 97 23 6b fd fd ac 04 64 80",""
3219,13688,"PACKET","IN",207,45,"PlayerSync","id=207 bytes=45","cf 0b 00 f4 ff e0 ff c0 00 19 e7 64 70 ef d0 c9 91 58 35 1e 90 84 00 00 00 01 9e b7 c0 00 01 8f 2e f8 f5 ac 01 56 2b fd fd c8 04 e8 80",""
3220,13688,"PACKET","IN",200,38,"VehicleSync","id=200 bytes=38","c8 3f 00 4b 00 00 00 00 00 00 00 59 d0 c6 90 3a b8 bf 76 4e ac 32 5b 62 b4 57 c3 b9 b4 20 00 00 00 06 80 3a 00 00",""
3221,13688,"PACKET","IN",207,35,"PlayerSync","id=207 bytes=35","cf 47 00 00 00 0a d6 22 f0 e4 e8 c9 91 79 5b 1e 90 84 00 00 00 02 40 47 c0 00 00 00 00 00 01 28 00 04 11",""
3222,13688,"PACKET","IN",207,45,"PlayerSync","id=207 bytes=45","cf 0b 00 f4 ff e0 ff c0 00 3f ea 64 70 f8 10 c9 91 49 75 5e 90 84 00 00 00 03 c6 b7 c0 00 02 69 bf 18 f5 bc 02 26 2b fd fd c8 04 e8 80",""
3223,13688,"PACKET","IN",207,45,"PlayerSync","id=207 bytes=45","cf 4f 00 a4 00 65 ff c2 00 32 08 23 b0 e7 0a c9 91 5e ab 9e 90 84 00 00 00 00 61 f2 00 00 02 be 63 9c f6 3c 43 de fb fd fd c8 04 02 80",""
3224,13688,"PACKET","IN",207,45,"PlayerSync","id=207 bytes=45","cf 7c 00 ff 7f e0 7f c0 00 3d ce 26 70 d6 35 49 91 7b 67 1f 10 84 00 00 00 00 d3 d2 40 00 03 cb fe 54 f6 f4 d8 24 5f fd fd fc 04 e8 80",""
3225,13712,"PACKET","IN",207,45,"PlayerSync","id=207 bytes=45","cf 7c 00 ff 7f e0 7f c0 00 1e cf 66 70 e2 75 09 91 7b 67 1f 10 84 00 00 00 00 d3 d2 40 00 01 4a 96 58 f6 f4 d8 24 5f fd fd fc 04 e8 80",""
3226,13712,"PACKET","IN",207,43,"PlayerSync","id=207 bytes=43","cf 7e 00 60 3f c2 00 25 5c 6b 30 dc 80 0a 11 40 02 a0 10 84 00 00 00 00 5f bf 94 00 00 d3 d9 78 f8 74 ad 3c 85 95 c5 ab 04 08 80",""
3227,13712,"PACKET","IN",203,34,"AimSync","id=203 bytes=34","cb 7e 00 04 62 90 f5 be b5 21 60 bf fa 4e 70 bd 78 6c ab c3 ec 37 28 45 d9 bf 81 42 00 00 00 00 3f c6",""
3228,13712,"PACKET","IN",207,45,"PlayerSync","id=207 bytes=45","cf 0b 00 f4 ff e0 ff c0 00 3d 2d 64 70 ff 50 c9 91 78 b5 5e 90 84 00 00 00 01 f2 bb c0 00 03 60 3b 04 f5 80 03 3a 27 fd fd c8 04 e8 80",""
3229,13739,"PACKET","IN",207,45,"PlayerSync","id=207 bytes=45","cf 0b 00 f4 ff e0 ff c0 00 2c f0 24 70 c5 51 09 91 63 75 9e 90 84 00 00 00 00 16 bf c0 00 03 8c c6 bc f5 48 00 46 27 fd fd c8 04 e8 80",""
3230,13739,"PACKET","IN",207,45,"PlayerSync","id=207 bytes=45","cf 4f 00 a4 80 66 3f c2 00 03 8e 63 b0 e0 4b 49 91 65 eb de 90 84 00 00 00 00 6d da 00 00 03 9a 63 9c f5 d4 4f 5b 0f fd fd c8 04 02 80",""
3231,13740,"PACKET","IN",207,35,"PlayerSync","id=207 bytes=35","cf 51 00 00 00 2e e7 28 30 ea ff 89 91 7b 67 1f 10 84 00 00 00 03 a6 8b c0 00 00 00 00 00 01 28 00 04 11",""
3232,13740,"PACKET","IN",207,45,"PlayerSync","id=207 bytes=45","cf 7c 00 ff 7f e0 7f c0 00 07 90 a6 70 ed 74 c9 91 7b 67 1f 10 84 00 00 00 00 d3 d2 40 00 02 7a 66 64 f6 f4 d8 24 5f fd fd fc 04 e8 80",""
3233,13740,"PACKET","IN",207,45,"PlayerSync","id=207 bytes=45","cf 85 00 c0 00 60 3f c0 00 3b b5 a5 b0 c0 f9 89 91 6c 24 9f 10 84 00 00 00 00 94 1d 80 00 03 98 ac 18 fa 79 64 6f eb fd fd ac 04 64 80",""
3234,13740,"PACKET","IN",200,44,"VehicleSync","id=200 bytes=44","c8 a6 00 1d 00 7b 00 0b 00 00 00 37 30 9a 50 87 34 75 97 7a 8c 37 91 12 74 55 66 07 b4 29 ba 14 53 e2 a4 17 fe f3 b7 ef e0 1f 00 00",""
3235,13740,"PACKET","IN",207,45,"PlayerSync","id=207 bytes=45","cf 7c 00 ff 7f e0 7f c0 00 33 11 a6 70 f7 b4 89 91 7b 67 1f 10 84 00 00 00 00 d3 d2 40 00 01 64 ca 70 f6 f4 d8 24 5f fd fd fc 04 e8 80",""
3236,13762,"PACKET","IN",207,45,"PlayerSync","id=207 bytes=45","cf 0b 00 f5 7f e0 bf c0 00 0d 33 24 70 cb 51 09 91 51 b5 de 90 84 00 00 00 02 ce bb c0 00 02 2b 0e b4 f5 14 01 56 23 fd fd c8 04 e8 80",""
3237,13763,"PACKET","IN",207,35,"PlayerSync","id=207 bytes=35","cf 1b 00 00 00 02 a3 63 70 d7 5a c9 91 7b a3 1e 90 80 00 00 00 00 d6 93 00 00 00 00 00 00 01 28 00 04 11",""
3238,13763,"PACKET","IN",207,35,"PlayerSync","id=207 bytes=35","cf 37 00 00 00 16 3c 62 b0 f4 68 c9 91 56 9b 9e 90 80 00 00 00 02 2c 7b 40 00 00 00 00 00 01 a5 04 e8 80",""
3239,13763,"PACKET","IN",203,34,"AimSync","id=203 bytes=34","cb 37 00 04 3b 2b 3f bf 28 fb 0d bf aa f4 bb be 88 c4 8a c3 fa a7 26 45 05 85 7d 42 00 00 00 00 3f 3a",""
3240,13763,"PACKET","IN",207,45,"PlayerSync","id=207 bytes=45","cf 7c 00 ff 7f e0 7f c0 00 32 12 e6 70 fe b4 49 91 7b 67 1f 10 84 00 00 00 00 d3 d2 40 00 03 43 32 98 f6 f4 d8 24 5f fd fd fc 04 e8 80",""
3241,13763,"PACKET","IN",207,45,"PlayerSync","id=207 bytes=45","cf 0b 00 f5 7f e0 bf c0 00 13 75 a4 70 d0 d1 09 91 79 f5 de 90 84 00 00 00 01 12 bf c0 00 02 4f 2e b0 f5 34 03 16 23 fd fd c8 04 e8 80",""
3242,13763,"PACKET","IN",207,45,"PlayerSync","id=207 bytes=45","cf 7c 00 ff ff e0 7f c0 00 3a 94 26 70 c3 f4 49 91 7b 67 1f 10 84 00 00 00 03 9b ce 40 00 01 e9 36 a8 f6 f4 d8 24 5f fd fd fc 04 e8 80",""
3243,13763,"PACKET","IN",207,43,"PlayerSync","id=207 bytes=43","cf 7e 00 60 3f c2 00 0f ac 2b 30 ed 7d c9 d1 6f 9f 9f d0 84 00 00 00 00 5f bf 94 00 01 9f 71 88 fb b8 b1 58 8c 29 89 ab 04 08 80",""
3244,13806,"PACKET","IN",207,35,"PlayerSync","id=207 bytes=35","cf 15 00 00 00 0d cb 23 30 d7 62 49 91 71 9f 1e 90 84 00 00 00 01 9e 65 80 00 00 00 00 00 01 28 00 04 11",""
3245,13806,"PACKET","IN",207,45,"PlayerSync","id=207 bytes=45","cf 4f 00 a4 80 66 3f c2 00 2c d4 23 b0 e5 0b c9 91 64 2c 1e 90 84 00 00 00 01 69 c6 00 00 03 17 67 cc f4 d8 5e 07 27 fd fd c8 04 02 80",""
3246,13806,"PACKET","IN",207,45,"PlayerSync","id=207 bytes=45","cf 7c 00 ff ff e0 7f c0 00 1f d5 a6 70 c4 f4 09 91 7b 67 1f 10 84 00 00 00 03 9b ce 40 00 02 56 66 dc f7 a8 d6 78 5f fd fd fc 04 e8 80",""
3247,13807,"PACKET","IN",207,45,"PlayerSync","id=207 bytes=45","cf 0b 00 f5 ff e0 bf c0 00 11 b8 a4 70 d6 d1 09 91 6a 36 1e 90 84 00 00 00 00 1e bf c0 00 02 8c ca 98 f5 00 00 02 23 fd fd c8 04 e8 80",""
3248,13807,"PACKET","IN",207,45,"PlayerSync","id=207 bytes=45","cf 0b 00 f6 7f e0 bf c0 00 04 bb 24 70 db d1 09 91 51 b6 5e 90 84 00 00 00 03 8e bb c0 00 00 08 56 84 f5 14 01 4a 23 fd fd c8 04 e8 80",""
3249,13807,"PACKET","IN",207,35,"PlayerSync","id=207 bytes=35","cf 1a 00 00 00 28 14 e5 b0 cd 83 09 d1 6c 24 9f 10 80 00 00 00 03 eb 49 80 00 00 00 00 00 01 28 00 04 11",""
3250,13807,"PACKET","IN",203,34,"AimSync","id=203 bytes=34","cb 1a 00 04 2f 3c cf 3d 1a 53 71 bf 4e d1 a2 be 4b 70 96 c3 98 2d 27 45 ea e4 80 42 00 00 00 00 3f 36",""
3251,13807,"PACKET","IN",207,45,"PlayerSync","id=207 bytes=45","cf 7c 00 ff ff e0 7f c0 00 0c 97 26 70 c4 b3 c9 91 7b 67 1f 10 84 00 00 00 03 9b ce 40 00 00 5a 86 e8 f7 a8 d6 78 5f fd fd fc 04 e8 80",""
3252,13807,"PACKET","IN",207,45,"PlayerSync","id=207 bytes=45","cf 85 00 c0 00 60 3f c0 00 01 34 e5 b0 d8 7b 09 91 6c 24 9f 10 80 00 00 00 02 70 d5 80 00 02 50 77 e8 f6 da 5f 1f f7 fd fd ac 04 64 80",""
3253,13807,"PACKET","IN",200,44,"VehicleSync","id=200 bytes=44","c8 a6 00 1d 00 7b 00 0b 00 00 00 38 50 8f e0 82 b4 06 5a 4a 8c 3a 61 c2 74 59 05 17 b4 2d 95 23 b3 e7 b4 bb 3f 47 c7 df e0 1f 00 00",""
3254,13827,"RPC","IN",153,8,"SetPlayerSkin","id=153 bytes=8","1c 00 00 00 aa 00 00 00",""
3255,13828,"RPC","IN",153,8,"SetPlayerSkin","id=153 bytes=8","20 00 00 00 a8 00 00 00",""
3256,13828,"PACKET","IN",207,35,"PlayerSync","id=207 bytes=35","cf 1c 00 00 01 18 97 e4 70 fe e0 09 91 73 ac 5e 90 84 00 00 00 03 11 ab e0 00 00 00 00 00 01 00 00 00 80",""
3257,13828,"PACKET","IN",203,34,"AimSync","id=203 bytes=34","cb 1c 00 04 71 bb 3c bf fa ed 23 3f 9b a9 5c be c1 d9 90 c3 79 72 26 45 b1 50 7e 42 00 00 00 00 3f ff",""
3258,13828,"PACKET","IN",207,35,"PlayerSync","id=207 bytes=35","cf 20 00 00 01 39 ec a4 70 f9 e9 c9 91 7f 31 de 90 80 00 00 00 02 66 eb c0 00 00 00 00 00 01 a5 04 04 80",""
3259,13828,"PACKET","IN",200,38,"VehicleSync","id=200 bytes=38","c8 3f 00 4b 00 00 00 00 00 00 00 58 e0 c6 f0 3a c8 bf 76 4e ac 32 5b 62 b4 57 f3 b9 b4 20 00 00 00 06 80 3a 00 00",""
3260,13828,"PACKET","IN",207,45,"PlayerSync","id=207 bytes=45","cf 4f 00 a2 00 66 3f c2 00 13 1a a3 b0 c1 cc 89 91 61 2c 5e 90 84 00 00 00 01 f9 c2 00 00 02 d8 1f f0 f5 74 6b 3b 37 fd fd c8 04 02 80",""
3261,13829,"PACKET","IN",207,45,"PlayerSync","id=207 bytes=45","cf 7c 00 ff ff e0 7f c0 00 0b 98 a6 70 c1 33 89 91 7b 67 1f 10 84 00 00 00 03 9b ce 40 00 03 0b 33 10 f7 a8 d6 78 5f fd fd fc 04 e8 80",""
3262,13856,"PACKET","IN",207,45,"PlayerSync","id=207 bytes=45","cf 0b 00 f6 7f e0 bf c0 00 19 7d 64 70 e0 d1 09 91 77 36 5e 90 84 00 00 00 01 72 bf c0 00 01 c2 62 64 f5 20 02 12 23 fd fd c8 04 e8 80",""
3263,13856,"PACKET","IN",207,45,"PlayerSync","id=207 bytes=45","cf 7c 00 ff ff e0 7f c0 00 0c 1a 26 70 fd 73 09 91 7b 67 1f 10 84 00 00 00 03 9b ce 40 00 03 4b 33 10 f7 a8 d6 78 5f fd fd fc 04 e8 80",""
3264,13856,"RPC","IN",16,16,"PlaySound","id=16 bytes=16","42 51 00 00 00 00 00 00 00 00 00 00 00 00 00 00",""
3265,13856,"RPC","IN",134,80,"ShowTextDraw","id=134 bytes=80","36 08 11 9a 99 19 3f 00 00 00 40 1a ff 00 aa 33 33 a3 42 00 00 a0 41 00 00 00 32 00 01 00 00 00 ff 04 00 00 00 59 43 00 00 b8 43 00 00 00 00 00 00 00 00 00 00 00 00 00 00 00 00 80 3f ff ff ff ff 0d 00 6c 64 5f 64 75 61 6c 3a 77 68 69 74 65",""
3266,13857,"PACKET","IN",207,43,"PlayerSync","id=207 bytes=43","cf 7e 00 60 3f c2 00 0d 3c eb 30 d7 fb 89 d1 77 dd 1f 90 84 00 00 00 00 5f bf 94 00 00 d6 41 a8 f8 28 c3 34 9b 95 49 ac 04 64 80",""
3267,13857,"PACKET","IN",207,35,"PlayerSync","id=207 bytes=35","cf 97 00 00 00 39 55 a5 b0 df 38 c9 91 6c 24 9f 10 80 00 00 00 01 30 6f e8 00 00 00 00 00 01 28 00 04 11",""
3268,13857,"RPC","IN",86,27,"ApplyPlayerAnimation","id=86 bytes=27","54 00 07 42 44 5f 46 49 52 45 07 77 61 73 68 5f 75 70 33 33 83 40 80 00 00 00 00",""
3269,13857,"PACKET","IN",207,45,"PlayerSync","id=207 bytes=45","cf 0b 00 f7 7f e0 bf c0 00 17 c0 24 b0 e6 51 09 91 63 76 9e 90 84 00 00 00 01 72 bb c0 00 03 bb da c0 f4 f8 03 7e 1f fd fd c8 04 e8 80",""
3270,13857,"PACKET","IN",207,35,"PlayerSync","id=207 bytes=35","cf 20 00 00 00 39 ec a4 70 f9 e9 c9 91 7f 31 de 90 80 00 00 00 02 66 eb c0 00 00 00 00 00 01 a5 04 04 80",""
3271,13857,"PACKET","IN",200,38,"VehicleSync","id=200 bytes=38","c8 3f 00 4b 00 00 00 00 00 00 00 58 20 c7 40 3a e8 bf 76 4e ac 32 5b 62 b4 58 23 b9 b4 20 00 00 00 06 80 3a 00 00",""
3272,13857,"PACKET","IN",207,45,"PlayerSync","id=207 bytes=45","cf 4f 00 9b 00 65 bf c2 00 19 20 e3 b0 dd cd 09 91 5c 2c 9e 90 84 00 00 00 02 f5 de 00 00 01 25 97 f0 f7 c8 6a 3f 3b fd fd c8 04 02 80",""
3273,13857,"PACKET","IN",207,45,"PlayerSync","id=207 bytes=45","cf 7c 00 ff ff e0 7f c0 00 0b 5b a6 70 f9 f2 c9 91 7b 67 1f 10 84 00 00 00 03 9b ce 40 00 03 23 33 10 f7 a8 d6 78 5f fd fd fc 04 e8 80",""
3274,13881,"PACKET","IN",207,45,"PlayerSync","id=207 bytes=45","cf 0b 00 f7 ff e0 bf c0 00 16 c3 24 b0 ed 51 09 91 52 f6 de 90 84 00 00 00 00 56 bb c0 00 01 f4 26 f0 f5 54 00 f2 27 fd fd c8 04 e8 80",""
3275,13882,"PACKET","IN",207,45,"PlayerSync","id=207 bytes=45","cf 7c 00 ff ff e0 7f c0 00 0a 1d 26 70 f6 72 89 91 7b 67 1f 10 84 00 00 00 03 9b ce 40 00 00 db 47 0c f7 a8 d6 78 5f fd fd fc 04 e8 80",""
3276,13882,"PACKET","IN",207,35,"PlayerSync","id=207 bytes=35","cf 1c 00 00 00 18 97 e4 70 fe e0 09 91 73 ac 5e 90 84 00 00 00 03 11 ab e0 00 00 00 00 00 01 00 00 00 80",""
3277,13882,"PACKET","IN",207,45,"PlayerSync","id=207 bytes=45","cf 7c 00 ff ff e0 7f c0 00 00 de a6 70 f4 72 49 91 7b 67 1f 10 84 00 00 00 03 9b ce 40 00 00 f4 cf 04 f7 a8 d6 78 5f fd fd fc 04 e8 80",""
3278,13882,"PACKET","IN",200,44,"VehicleSync","id=200 bytes=44","c8 a6 00 1d 00 7b 00 0b 00 00 00 3a 90 7f 80 88 93 8b dc 0a 8c 38 02 52 74 55 24 67 b4 2c 06 33 33 e3 95 59 ef 8d b7 df e0 1f 00 00",""
3279,13906,"PACKET","IN",207,45,"PlayerSync","id=207 bytes=45","cf 0b 00 f8 ff e0 7f c0 00 32 05 a4 b0 f3 91 09 91 7c 36 de 90 84 00 00 00 03 ea b3 c0 00 01 fb 2e b0 f5 70 02 76 27 fd fd c8 04 e8 80",""
3280,13906,"PACKET","IN",207,45,"PlayerSync","id=207 bytes=45","cf 4f 00 8d 80 64 ff c2 00 3e a7 e3 b0 f9 4d 89 91 69 ac de 90 84 00 00 00 00 aa 32 00 00 02 34 6f d8 f4 a8 5b f7 1f fd fd c8 04 02 80",""
3281,13927,"PACKET","IN",207,45,"PlayerSync","id=207 bytes=45","cf 0b 00 fa ff e0 7f c0 00 0c 08 a4 b0 fb 91 09 91 68 37 1e 90 84 00 00 00 01 ba ab c0 00 02 84 ea b4 f5 ec 00 72 2f fd fd c8 04 e8 80",""
3282,13927,"PACKET","IN",207,45,"PlayerSync","id=207 bytes=45","cf 7c 00 ff ff e0 7f c0 00 05 a0 26 70 ef f2 09 91 7b 67 1f 10 84 00 00 00 03 9b ce 40 00 02 97 96 f8 f7 a8 d6 78 5f fd fd fc 04 e8 80",""
3283,13928,"PACKET","IN",207,45,"PlayerSync","id=207 bytes=45","cf 85 00 c0 00 60 3f c0 00 17 aa a5 b0 c3 3c c9 91 6c 24 9f 10 80 00 00 00 03 be 21 80 00 00 52 f7 0c f6 e3 8c fb 43 fd fd ac 04 64 80",""
3284,13928,"PACKET","IN",207,35,"PlayerSync","id=207 bytes=35","cf 4d 00 00 00 19 5f dc f0 c3 00 c9 91 7b ec 9e 90 80 00 00 00 00 39 bc 80 00 00 00 00 00 01 a8 04 04 11",""
3285,13928,"PACKET","IN",207,45,"PlayerSync","id=207 bytes=45","cf 7c 00 ff ff e0 7f c0 00 2f 61 66 70 f0 31 c9 91 7b 67 1f 10 84 00 00 00 03 9b ce 40 00 00 34 02 e8 f7 a8 d6 78 5f fd fd fc 04 e8 80",""
3286,13955,"PACKET","IN",207,45,"PlayerSync","id=207 bytes=45","cf 0b 00 fb ff e0 7f c0 00 13 4b 64 b0 c5 d1 49 91 50 b7 5e 90 84 00 00 00 01 76 a7 c0 00 03 7b fa b4 f7 4c 02 1e 3b fd fd c8 04 e8 80",""
3287,13955,"PACKET","IN",200,38,"VehicleSync","id=200 bytes=38","c8 3f 00 4b 00 00 00 00 00 00 00 58 00 c7 60 3a e8 bf 76 4e ac 32 5b 62 b4 58 33 b9 b4 20 00 00 00 06 80 3a 00 00",""
3288,13955,"PACKET","IN",207,45,"PlayerSync","id=207 bytes=45","cf 4f 00 84 80 64 3f c2 00 23 6e a3 b0 d6 4e 09 91 4a ad 5e 90 84 00 00 00 02 fe 62 00 00 01 df 03 ac f6 d4 28 fe cf fd fd c8 04 02 80",""
3289,13955,"PACKET","IN",207,45,"PlayerSync","id=207 bytes=45","cf 7c 00 ff ff e0 7f c0 00 19 e2 e6 70 f0 71 89 91 7b 67 1f 10 84 00 00 00 03 9b ce 40 00 02 60 96 e4 f7 a8 d6 78 5f fd fd fc 04 e8 80",""
3290,13955,"PACKET","IN",207,45,"PlayerSync","id=207 bytes=45","cf 7c 00 ff ff e0 7f c0 00 3d e4 26 70 f1 b1 49 91 7b 67 1f 10 84 00 00 00 03 9b ce 40 00 02 5a 66 dc f7 a8 d6 78 5f fd fd fc 04 e8 80",""
3291,13956,"PACKET","IN",207,43,"PlayerSync","id=207 bytes=43","cf 7e 00 60 3f c2 00 33 90 ab 70 d1 b8 c9 d1 4f 09 1f 90 84 00 00 00 00 5f bf 94 00 01 0c b8 08 fa 3c aa c0 83 fd fd ac 04 64 80",""
3292,13980,"PACKET","IN",207,45,"PlayerSync","id=207 bytes=45","cf 0b 00 fc 7f e0 7f c0 00 1e 8e 24 b0 d1 11 49 91 78 f7 5e 90 84 00 00 00 00 02 a7 c0 00 00 65 6e a8 f7 fc 03 ca 3f fd fd c8 04 e8 80",""
3293,13980,"PACKET","IN",207,35,"PlayerSync","id=207 bytes=35","cf 54 00 00 00 27 65 68 30 dc 13 49 d1 7b 67 1f 10 84 00 00 00 01 87 f6 c0 00 00 00 00 00 01 a5 04 04 80",""
3294,13980,"PACKET","IN",200,44,"VehicleSync","id=200 bytes=44","c8 a6 00 1d 00 7d 00 07 00 00 00 37 90 6c 80 81 e2 d3 0d aa 8c 36 d3 02 74 57 73 77 b4 25 13 82 a3 e8 36 3c 0f c1 07 df e0 1f 00 00",""
3295,13981,"PACKET","IN",207,45,"PlayerSync","id=207 bytes=45","cf 0b 00 fd ff e0 7f c0 00 26 d1 64 b0 de 91 49 91 67 b7 9e 90 84 00 00 00 00 5e 9f c0 00 02 92 9a bc f4 3c 05 b6 43 fd fd c8 04 e8 80",""
3296,13981,"PACKET","IN",207,45,"PlayerSync","id=207 bytes=45","cf 4f 00 ff 7f e3 ff c2 00 32 74 e3 b0 d3 0e 49 91 73 ad 9e 90 84 00 00 00 02 76 7e 00 00 01 5b 5b 78 f5 ac 17 6a 93 fd fd c8 04 02 80",""
3297,13981,"PACKET","IN",207,45,"PlayerSync","id=207 bytes=45","cf 7c 00 ff ff e0 7f c0 00 21 25 a6 70 f3 31 09 91 7b 67 1f 10 84 00 00 00 03 9b ce 40 00 01 69 0a d8 f7 a8 d6 78 5f fd fd fc 04 e8 80",""
3298,14006,"PACKET","IN",207,45,"PlayerSync","id=207 bytes=45","cf 7c 00 ff ff e0 7f c0 00 3d e6 e6 70 f5 b0 c9 91 7b 67 1f 10 84 00 00 00 03 9b ce 40 00 03 af fe cc f7 a8 d6 78 5f fd fd fc 04 e8 80",""
3299,14006,"PACKET","IN",207,45,"PlayerSync","id=207 bytes=45","cf 0b 00 ff 7f e0 7f c0 00 3e 14 64 b0 ed 51 49 91 52 37 de 90 84 00 00 00 00 a2 97 c0 00 03 c7 fa fc f5 a0 07 be 4b fd fd c8 04 e8 80",""
3300,14006,"PACKET","IN",207,45,"PlayerSync","id=207 bytes=45","cf 7c 00 ff ff e0 7f c0 00 17 28 66 70 f8 f0 89 91 7b 67 1f 10 84 00 00 00 03 9b ce 40 00 00 96 c2 c4 f7 a8 d6 78 5f fd fd fc 04 e8 80",""
3301,14028,"PACKET","IN",207,43,"PlayerSync","id=207 bytes=43","cf 0b 00 60 7f c0 00 2e d7 a4 b0 fe 91 49 91 7b f7 de 90 84 00 00 00 03 92 8f c0 00 00 4f 4e e0 f7 3c 05 c6 57 fd fd c8 04 e8 80",""
3302,14029,"PACKET","IN",200,38,"VehicleSync","id=200 bytes=38","c8 3f 00 4b 00 00 00 00 00 00 00 58 60 c7 50 3a f8 bf 66 4e ac 32 5b 62 b4 58 23 b9 b4 20 00 00 00 06 80 3a 00 00",""
3303,14029,"PACKET","IN",207,45,"PlayerSync","id=207 bytes=45","cf 4f 00 fa 7f e3 bf c2 00 19 fb a3 b0 c3 8e 89 91 6a 2e 1e 90 84 00 00 00 00 aa 9a 00 00 00 39 1f 88 f4 d4 0d e6 73 fd fd c8 04 02 80",""
3304,14029,"PACKET","IN",207,45,"PlayerSync","id=207 bytes=45","cf 7c 00 ff ff e0 7f c0 00 29 29 a6 70 fd 70 49 91 7b 67 1f 10 84 00 00 00 03 9b ce 40 00 03 df fe b4 f7 a8 d6 78 5f fd fd fc 04 e8 80",""
3305,14029,"PACKET","IN",207,45,"PlayerSync","id=207 bytes=45","cf 85 00 c0 00 60 3f c0 00 17 1c e5 b0 c4 bd 89 91 6c 24 9f 10 80 00 00 00 01 0e 3d 80 00 00 dc 8b 14 f4 2f d9 ee c7 fd fd ac 04 64 80",""
3306,14029,"PACKET","IN",207,35,"PlayerSync","id=207 bytes=35","cf 92 00 00 00 17 75 a2 f0 f2 65 89 91 75 9e 1e 90 84 00 00 00 00 c2 8d c0 00 00 00 00 00 01 a5 04 04 80",""
3307,14057,"PACKET","IN",207,45,"PlayerSync","id=207 bytes=45","cf 0b 00 81 00 60 7f c0 00 35 da 64 b0 ce d1 89 91 5f 78 1e 90 84 00 00 00 02 5a 8b c0 00 03 77 be e0 f4 60 08 46 5f fd fd c8 04 e8 80",""
3308,14057,"PACKET","IN",207,45,"PlayerSync","id=207 bytes=45","cf 7c 00 ff ff e0 7f c0 00 35 aa e6 70 c2 f0 49 91 7b 67 1f 10 84 00 00 00 03 9b ce 40 00 03 58 82 ac f7 a8 d6 78 5f fd fd fc 04 e8 80",""
3309,14057,"PACKET","IN",200,44,"VehicleSync","id=200 bytes=44","c8 a6 00 1d 00 7d 00 07 00 00 00 3f 80 59 d0 8f e1 f0 ee 8a 8c 31 63 b2 74 50 a2 67 b4 26 4c 82 13 ee c7 36 2f fb b7 cf e0 1f 00 00",""
3310,14057,"RPC","IN",24,18,"SetVehicleParamsEx","id=24 bytes=18","58 00 01 00 ff 00 ff ff ff ff ff ff ff ff ff ff ff ff",""
3311,14057,"RPC","IN",24,18,"SetVehicleParamsEx","id=24 bytes=18","58 00 00 00 ff 00 ff ff ff ff ff ff ff ff ff ff ff ff",""
3312,14057,"RPC","IN",59,46,"ChatBubble","id=59 bytes=46","76 00 aa ff bb ff 00 00 f0 41 88 13 00 00 1f 2a 20 4d 65 6d 61 74 69 6b 61 6e 20 6d 65 73 69 6e 20 6b 65 6e 64 61 72 61 61 6e 6e 79 61 2e",""
3313,14058,"PACKET","IN",207,45,"PlayerSync","id=207 bytes=45","cf 4f 00 f9 7f e3 7f c2 00 1f 02 a3 f0 e7 4e 89 91 6e 6e 9e 90 84 00 00 00 02 0e 9a 00 00 03 b4 27 bc f6 60 04 8e 53 fd fd c8 04 02 80",""
3314,14058,"PACKET","IN",207,35,"PlayerSync","id=207 bytes=35","cf 76 00 00 00 1c 69 eb 70 fc 2c 09 91 48 2d e0 10 84 00 00 00 03 6f 93 40 00 00 00 00 00 01 00 00 00 80",""
3315,14058,"PACKET","IN",203,34,"AimSync","id=203 bytes=34","cb 76 00 04 bc 85 2d 3d 32 98 6b bf 5a 22 c7 be 6b ba ad c3 79 e4 26 45 47 a3 84 42 00 00 00 00 3f ff",""
3316,14058,"PACKET","IN",207,45,"PlayerSync","id=207 bytes=45","cf 7c 00 ff ff e0 7f c0 00 3a ec 26 70 c9 b0 09 91 7b 67 1f 10 84 00 00 00 03 9b ce 40 00 03 1f 32 98 f7 a8 d6 78 5f fd fd fc 04 e8 80",""
3317,14058,"PACKET","IN",203,34,"AimSync","id=203 bytes=34","cb 7c 00 04 53 76 12 bf ad f3 4a bf 21 3c 57 be c9 45 99 c3 b4 d2 26 45 b2 1d 80 42 00 00 00 00 3f 20",""
3318,14058,"PACKET","IN",207,41,"PlayerSync","id=207 bytes=41","cf 85 00 00 00 10 d7 a5 b0 c8 bd c9 91 6c 24 9f 10 80 00 00 00 01 0e 3d 80 00 01 1a 16 c4 f6 e7 db 4a bf fd fd ac 04 64 80",""
3319,14059,"PACKET","OUT",207,69,"PlayerSync","id=207 bytes=69","cf 00 00 00 00 00 00 e8 9a a0 c3 95 ed 26 45 ed 9c 7c 42 0f 68 4f 3f 00 00 00 80 00 00 00 00 d5 0f 16 bf 64 00 00 00 00 00 00 00 00 00 00 00 00 00 00 00 00 00 00 00 00 00 00 00 00 00 00 00 00 00 28 00 04 11",""
3320,14086,"PACKET","IN",207,45,"PlayerSync","id=207 bytes=45","cf 0b 00 81 00 60 7f c0 00 14 9e 64 b0 e7 51 89 91 4f 38 5e 90 84 00 00 00 03 0e 8b c0 00 01 44 cb 1c f5 a4 0a ee 63 fd fd c8 04 e8 80",""
3321,14086,"PACKET","IN",207,45,"PlayerSync","id=207 bytes=45","cf 7c 00 ff ff e0 7f c0 00 38 ed 66 70 d1 af c9 91 7b 67 1f 10 84 00 00 00 03 9b ce 40 00 02 27 36 8c f7 a8 d6 78 5f fd fd fc 04 e8 80",""
3322,14086,"PACKET","IN",207,43,"PlayerSync","id=207 bytes=43","cf 7e 00 60 3f c2 00 0d 9d 6b 70 e0 36 89 d1 4c 13 1f 90 84 00 00 00 00 37 fb 94 00 02 a2 04 a0 f9 b9 0b 1c 3f fd fd ac 04 64 80",""
3323,14106,"PACKET","IN",207,45,"PlayerSync","id=207 bytes=45","cf 0b 00 82 80 60 7f c0 00 30 e1 64 b0 fa d1 89 91 75 b8 5e 90 84 00 00 00 02 4e 83 c0 00 02 5a 1e d4 f5 78 0a 0a 63 fd fd c8 04 e8 80",""
3324,14107,"PACKET","IN",200,38,"VehicleSync","id=200 bytes=38","c8 3f 00 4b 00 00 00 00 00 00 00 57 f0 c7 a0 3b 08 bf 66 4e ac 32 5b 62 b4 58 43 b9 b4 20 00 00 00 06 80 3a 00 00",""
3325,14107,"PACKET","IN",207,45,"PlayerSync","id=207 bytes=45","cf 4f 00 f8 7f e3 7f c2 00 36 0a e3 f0 d0 ce c9 91 4c 2f 5e 90 84 00 00 00 02 ae 9e 00 00 02 1b 5f f4 f6 18 06 c2 4f fd fd c8 04 02 80",""
3326,14107,"PACKET","IN",207,45,"PlayerSync","id=207 bytes=45","cf 7c 00 ff ff e0 7f c0 00 33 ae a6 70 da 2f 89 91 7b 67 1f 10 84 00 00 00 03 9b ce 40 00 02 be 66 7c f7 a8 d6 78 5f fd fd fc 04 e8 80",""
3327,14107,"PACKET","IN",207,35,"PlayerSync","id=207 bytes=35","cf 54 00 00 00 27 65 68 30 dc 13 49 d1 7b 67 1f 10 84 00 00 00 01 87 f6 c0 00 00 00 00 00 01 28 00 04 11",""
3328,14107,"PACKET","IN",207,45,"PlayerSync","id=207 bytes=45","cf 7c 00 ff ff e0 7f c0 00 2e ef e6 70 e2 af 49 91 7b 67 1f 10 84 00 00 00 03 9b ce 40 00 00 1a fe 84 f7 a8 d6 78 5f fd fd fc 04 e8 80",""
3329,14129,"PACKET","IN",207,45,"PlayerSync","id=207 bytes=45","cf 0b 00 83 00 60 7f c0 00 02 a4 a4 b0 d0 51 c9 91 59 b8 9e 90 84 00 00 00 03 82 7f c0 00 03 c8 26 c0 f7 c0 09 16 6f fd fd c8 04 e8 80",""
3330,14130,"PACKET","IN",207,45,"PlayerSync","id=207 bytes=45","cf 4f 00 f8 7f e3 3f c2 00 26 d2 a3 f0 f4 0e c9 91 47 ef de 90 84 00 00 00 02 c2 9e 00 00 02 67 f8 00 f9 30 04 b2 4b fd fd c8 04 02 80",""
3331,14130,"PACKET","IN",207,45,"PlayerSync","id=207 bytes=45","cf 7c 00 ff ff e0 7f c0 00 31 31 26 70 e9 ef 09 91 7b 67 1f 10 84 00 00 00 03 9b ce 40 00 01 a1 9a 90 f7 a8 d6 78 5f fd fd fc 04 e8 80",""
3332,14130,"PACKET","IN",207,41,"PlayerSync","id=207 bytes=41","cf 85 00 00 00 38 4e e5 b0 d4 7d c9 91 6c 24 9f 10 80 00 00 00 01 0e 3d 80 00 02 1b 5d 60 f5 93 6d 88 9b fd fd a5 04 04 80",""
3333,14155,"PACKET","IN",207,45,"PlayerSync","id=207 bytes=45","cf 0b 00 83 80 60 7f c0 00 0c 27 64 b0 e4 51 c9 91 79 f8 9e 90 84 00 00 00 00 86 7f c0 00 02 10 ca bc f4 88 0c 96 73 fd fd c8 04 e8 80",""
3334,14156,"PACKET","IN",207,37,"PlayerSync","id=207 bytes=37","cf 37 00 47 40 00 00 16 3c 62 b0 f4 68 c9 91 56 9b 9e 90 80 00 00 00 01 20 d3 40 00 00 00 00 00 01 c8 04 e8 80",""
3335,14156,"PACKET","IN",207,35,"PlayerSync","id=207 bytes=35","cf 46 00 00 00 3e ca 23 30 fc 9b 89 91 68 df 1e 90 84 00 00 00 03 0d 37 c0 00 00 00 00 00 01 28 00 04 11",""
3336,14156,"PACKET","IN",200,44,"VehicleSync","id=200 bytes=44","c8 a6 00 1d 00 7d 00 05 00 00 00 35 f0 66 40 86 71 14 ae aa 8c 35 84 52 74 54 f1 37 b4 25 42 31 a3 ee 18 5c af fc a7 bf e0 1f 00 00",""
3337,14156,"PACKET","IN",207,45,"PlayerSync","id=207 bytes=45","cf 7c 00 ff ff e0 7f c0 00 29 b2 66 70 f2 ee c9 91 7b 67 1f 10 84 00 00 00 03 9b ce 40 00 03 b5 b2 80 f7 a8 d6 78 5f fd fd fc 04 e8 80",""
3338,14156,"PACKET","IN",207,45,"PlayerSync","id=207 bytes=45","cf 0b 00 83 80 60 7f c0 00 18 6a 64 b0 fb 11 c9 91 5c 78 de 90 84 00 00 00 00 86 7f c0 00 03 f3 fe c0 f5 60 0c 52 77 fd fd c8 04 e8 80",""
3339,14156,"PACKET","IN",207,45,"PlayerSync","id=207 bytes=45","cf 37 00 ff ff cb 80 00 00 23 bb e2 b0 f4 68 c9 91 51 9b 9e 90 80 00 00 00 02 71 17 40 00 00 ff dd 58 f3 ff ff fd ff fd fd c8 04 e8 80",""
3340,14156,"PACKET","IN",207,35,"PlayerSync","id=207 bytes=35","cf 4b 00 00 00 15 e8 a3 70 f0 5d 09 91 79 a3 5e 90 80 00 00 00 03 47 12 00 00 00 00 00 00 01 28 00 04 11",""
3341,14157,"PACKET","IN",203,34,"AimSync","id=203 bytes=34","cb 4b 00 04 dc 17 56 bf 9e c8 09 bf da 07 d6 bd 03 48 8d c3 05 7c 26 45 a5 4e 7d 42 00 00 00 00 3f 22",""
3342,14157,"PACKET","IN",207,45,"PlayerSync","id=207 bytes=45","cf 7c 00 ff ff e0 7f c0 00 2e f3 a6 70 f9 ae 89 91 7b 67 1f 10 84 00 00 00 03 9b ce 40 00 00 00 02 70 f7 a8 d6 78 5f fd fd fc 04 e8 80",""
3343,14157,"PACKET","IN",207,43,"PlayerSync","id=207 bytes=43","cf 7e 00 60 3f c2 00 2e 9f ab 70 f4 f4 09 d1 43 18 df 90 80 00 00 00 02 1f f3 94 00 01 91 1b dc f5 de 10 4c 03 fd fd ac 04 64 80",""
3344,14180,"PACKET","IN",207,45,"PlayerSync","id=207 bytes=45","cf 0b 00 83 80 60 7f c0 00 1a ed 64 b0 d1 92 09 91 7e 78 de 90 84 00 00 00 00 56 7f c0 00 01 cb ce c0 f5 60 0c 52 77 fd fd c8 04 e8 80",""
3345,14180,"PACKET","IN",207,49,"PlayerSync","id=207 bytes=49","cf 30 00 00 00 22 fe a6 b0 cf 96 c9 d1 7b 67 1f 10 84 00 00 00 01 bd d3 00 00 00 00 00 00 03 ff fe 00 00 00 00 00 00 00 00 00 00 00 01 28 00 04 11",""
3346,14180,"PACKET","IN",207,45,"PlayerSync","id=207 bytes=45","cf 37 00 ff ff ce c0 00 00 02 fb 62 b0 f4 68 c9 91 4a 1b 9e 90 80 00 00 00 03 51 5f 40 00 02 ae b6 30 f3 ff ff fd ff fd fd c8 04 e8 80",""
3347,14180,"PACKET","IN",207,45,"PlayerSync","id=207 bytes=45","cf 4f 00 f7 ff e3 3f c2 00 08 d9 e3 f0 d4 cf 09 91 7f 2f de 90 84 00 00 00 00 0a a6 00 00 02 74 53 f4 f5 2c 04 9a 4b fd fd c8 04 02 80",""
3348,14180,"PACKET","IN",207,45,"PlayerSync","id=207 bytes=45","cf 7c 00 ff ff e0 7f c2 00 32 74 e6 70 c0 ae 89 91 7b 67 1f 10 84 00 00 00 03 9b ce 40 00 02 2f 0a 98 f7 a8 d6 78 5f fd fd ff 04 02 80",""
3349,14207,"PACKET","IN",207,35,"PlayerSync","id=207 bytes=35","cf 47 00 00 00 0a d6 22 f0 e4 e8 c9 91 79 5b 1e 90 84 00 00 00 02 40 47 c0 00 00 00 00 00 01 28 00 04 11",""
3350,14208,"PACKET","IN",207,45,"PlayerSync","id=207 bytes=45","cf 7c 00 ff ff e0 7f c2 00 08 76 66 70 c4 6e 49 91 7b 67 1f 10 84 00 00 00 03 9b ce 40 00 01 df fa bc f7 a8 d6 78 5f fd fd 03 05 02 80",""
3351,14208,"PACKET","IN",207,45,"PlayerSync","id=207 bytes=45","cf 0b 00 85 80 60 7f c0 00 0c 70 24 b0 e5 d2 09 91 5c b9 1e 90 84 00 00 00 03 5e 6f c0 00 02 64 ca bc f5 70 0c 8a 77 fd fd c8 04 e8 80",""
3352,14208,"PACKET","IN",207,45,"PlayerSync","id=207 bytes=45","cf 37 00 fe 7f d3 c0 00 00 3e fa 62 b0 f4 68 c9 91 41 1b 9e 90 80 00 00 00 01 81 a7 40 00 00 dd 02 b4 f3 ff ff fd ff fd fd c8 04 e8 80",""
3353,14209,"PACKET","IN",200,38,"VehicleSync","id=200 bytes=38","c8 3f 00 4b 00 00 00 00 00 00 00 57 e0 c7 a0 3b 18 bf 66 4e ac 32 5b 62 b4 58 43 b9 b4 20 00 00 00 06 80 3a 00 00",""
3354,14209,"PACKET","IN",207,45,"PlayerSync","id=207 bytes=45","cf 4f 00 f7 7f e2 ff c2 00 3e e1 23 f0 f3 cf 09 91 7a 70 1e 90 84 00 00 00 01 86 aa 00 00 01 cf b7 cc f4 38 05 aa 43 fd fd c8 04 02 80",""
3355,14209,"PACKET","IN",207,45,"PlayerSync","id=207 bytes=45","cf 7c 00 ff ff e0 7f c2 00 2a 37 a6 70 c6 2e 09 91 7b 67 1f 10 84 00 00 00 03 9b ce 40 00 02 f4 86 d8 f7 a8 d6 78 5f fd fd 03 05 02 80",""
3356,14238,"PACKET","IN",207,35,"PlayerSync","id=207 bytes=35","cf 02 00 00 00 08 a8 a2 70 e7 a8 c9 91 7a 9d 5e 90 84 00 00 00 00 fc 56 c0 00 00 00 00 00 01 28 00 04 11",""
3357,14238,"PACKET","IN",203,34,"AimSync","id=203 bytes=34","cb 02 00 04 e1 4d 53 bf a8 0b f3 3e e3 71 9c be dc c6 88 c3 da 93 26 45 af 65 7f 42 00 00 00 00 3f 36",""
3358,14238,"PACKET","IN",207,45,"PlayerSync","id=207 bytes=45","cf 0b 00 86 80 60 7f c0 00 31 72 e4 b0 fe 92 09 91 7a b9 1e 90 84 00 00 00 00 9a 6b c0 00 01 22 62 a0 f5 70 10 82 87 fd fd c8 04 e8 80",""
3359,14238,"PACKET","IN",207,45,"PlayerSync","id=207 bytes=45","cf 37 00 fd 7f d5 c0 00 00 15 39 62 b0 f4 68 c9 91 73 9b 5e 90 80 00 00 00 01 99 ff 40 00 01 82 b7 24 f3 ff ff fd ff fd fd c8 04 e8 80",""
3360,14238,"PACKET","IN",203,34,"AimSync","id=203 bytes=34","cb 37 00 04 27 85 64 bf ff 31 96 3e 86 36 af be 11 06 8a c3 87 9a 26 45 86 89 7f 42 00 00 00 00 3f 3a",""
3361,14238,"PACKET","IN",207,45,"PlayerSync","id=207 bytes=45","cf 7c 00 ff ff e0 7f c2 00 13 39 26 70 c6 ad c9 91 7b 67 1f 10 84 00 00 00 03 9b ce 40 00 00 51 c6 e8 f7 a8 d6 78 5f fd fd 03 05 02 80",""
3362,14239,"PACKET","IN",200,44,"VehicleSync","id=200 bytes=44","c8 a6 00 1d 00 7e 00 03 00 00 00 30 60 75 30 89 80 13 6e 1a 8c 30 d4 f2 74 5b 6f b7 a4 25 65 d1 33 ed a9 87 0f d7 c7 af e0 1f 00 00",""
3363,14239,"PACKET","IN",207,45,"PlayerSync","id=207 bytes=45","cf 0b 00 87 80 60 7f c0 00 3f 75 a4 b0 d8 52 49 91 56 39 5e 90 84 00 00 00 01 9a 63 c0 00 02 05 1e a0 f7 b4 10 b2 8f fd fd c8 04 e8 80",""
3364,14239,"PACKET","IN",207,45,"PlayerSync","id=207 bytes=45","cf 7c 00 ff ff e0 7f c2 00 3e fa 66 70 c6 ad 89 91 7b 67 1f 10 84 00 00 00 03 9b ce 40 00 02 c4 06 ec f7 a8 d6 78 5f fd fd 03 05 02 80",""
3365,14262,"PACKET","IN",207,45,"PlayerSync","id=207 bytes=45","cf 37 00 fa ff d8 80 00 00 13 f8 62 b0 c7 29 09 91 67 9b 5e 90 80 00 00 00 00 ae 3f 40 00 03 f1 94 18 f6 03 ba 5f 03 fd fd c8 04 e8 80",""
3366,14262,"PACKET","IN",207,45,"PlayerSync","id=207 bytes=45","cf 4f 00 f7 7f e2 bf c2 00 13 e8 23 f0 cc cf 49 91 72 b0 5e 90 84 00 00 00 00 96 ae 00 00 01 7a 2b b0 f7 54 02 66 3b fd fd c8 04 02 80",""
3367,14262,"PACKET","IN",207,41,"PlayerSync","id=207 bytes=41","cf 85 00 00 00 3d 46 65 b0 e6 3d c9 91 6c 24 9f 10 80 00 00 00 01 0e 3d 80 00 02 a0 b8 30 f7 df fc d1 f7 fd fd a5 04 04 80",""
3368,14263,"PACKET","IN",200,38,"VehicleSync","id=200 bytes=38","c8 3f 00 4b 00 00 00 00 00 00 00 57 60 c7 d0 3b 28 bf 66 4e ac 32 5b 62 b4 58 73 b9 b4 20 00 00 00 06 80 3a 00 00",""
3369,14263,"PACKET","IN",207,45,"PlayerSync","id=207 bytes=45","cf 7c 00 ff ff e0 7f c2 00 29 bb e6 70 c6 ad 49 91 7b 67 1f 10 84 00 00 00 03 9b ce 40 00 02 b2 4e ec f7 a8 d6 78 5f fd fd 03 05 02 80",""
3370,14288,"PACKET","IN",207,45,"PlayerSync","id=207 bytes=45","cf 0b 00 89 80 60 bf c0 00 22 78 64 b0 f2 12 49 91 6e b9 5e 90 84 00 00 00 03 8e 53 c0 00 01 67 32 c8 f6 2c 15 12 97 fd fd c8 04 e8 80",""
3371,14288,"PACKET","IN",207,45,"PlayerSync","id=207 bytes=45","cf 37 00 fa 7f d9 c0 00 00 3c 77 22 b0 c7 29 09 91 5b 1b 5e 90 80 00 00 00 02 c2 77 40 00 01 25 cc 08 f7 ff ff fd ff fd fd c8 04 e8 80",""
3372,14289,"PACKET","IN",207,43,"PlayerSync","id=207 bytes=43","cf 7e 00 60 3f c2 00 29 0d 6b 70 e3 f0 89 d1 6b 97 1f 90 80 00 00 00 00 fb b3 94 00 00 fb 78 bc fb ff 6b ec 97 fd fd ac 04 64 80",""
3373,14289,"PACKET","IN",207,45,"PlayerSync","id=207 bytes=45","cf 0b 00 8a 80 60 bf c0 00 0b fa e4 b0 cc 92 89 91 42 b9 9e 90 84 00 00 00 00 3e 4f c0 00 03 e5 7e 40 f7 84 19 9e a7 fd fd c8 04 e8 80",""
3374,14289,"PACKET","IN",207,45,"PlayerSync","id=207 bytes=45","cf 4f 00 f7 7f e2 bf c2 00 28 6f a3 f0 e6 8f 49 91 71 b0 9e 90 84 00 00 00 00 36 b2 00 00 00 5a 67 9c f6 e0 02 4e 37 fd fd c8 04 02 80",""
3375,14289,"PACKET","IN",207,45,"PlayerSync","id=207 bytes=45","cf 7c 00 ff ff e0 7f c2 00 38 fe a6 70 c7 ec c9 91 7b 67 1f 10 84 00 00 00 03 07 ce 40 00 03 4b 82 e0 f7 84 d6 90 5f fd fd 03 05 02 80",""
3376,14313,"PACKET","IN",207,35,"PlayerSync","id=207 bytes=35","cf 1b 00 00 00 02 a3 63 70 d7 5a c9 91 7b a3 1e 90 80 00 00 00 00 d6 93 00 00 00 00 00 00 01 28 00 04 11",""
3377,14314,"PACKET","IN",200,44,"VehicleSync","id=200 bytes=44","c8 a6 00 1d 00 7e 00 02 00 00 00 2b 30 75 50 84 80 f5 ec da 8c 31 25 82 74 55 ad f7 a4 2d a5 60 d3 e2 ba cf 4f 77 77 9f e0 1f 00 00",""
3378,14314,"RPC","IN",137,13,"ServerJoin","id=137 bytes=13","0e 00 00 00 00 00 00 05 4e 65 67 61 6e",""
3379,14314,"RPC","IN",72,6,"SetPlayerColor","id=72 bytes=6","0e 00 ff 83 7f 7f",""
3380,14314,"PACKET","IN",207,45,"PlayerSync","id=207 bytes=45","cf 0b 00 8b 00 60 ff c0 00 24 bc a4 b0 e1 d2 89 91 50 b9 9e 90 84 00 00 00 03 4e 47 c0 00 03 10 d9 d4 f6 7c 1e 0e af fd fd c8 04 e8 80",""
3381,14314,"PACKET","IN",207,45,"PlayerSync","id=207 bytes=45","cf 37 00 f8 7f db 40 00 00 2a f6 22 b0 c7 29 09 91 4e 9b 5e 90 80 00 00 00 01 a6 a7 40 00 03 c4 e8 58 f7 ff ff fd ff fd fd c8 04 e8 80",""
3382,14314,"PACKET","IN",207,45,"PlayerSync","id=207 bytes=45","cf 7c 00 ff ff e0 7f c2 00 1a 40 26 b0 ca 2c 89 91 7b 67 1f 10 84 00 00 00 02 97 ce 40 00 01 fa fe d4 f6 18 d7 90 5f fd fd 03 05 02 80",""
3383,14315,"PACKET","IN",207,41,"PlayerSync","id=207 bytes=41","cf 85 00 00 00 0e 83 e5 b0 e1 bd c9 91 6c 24 9f 10 80 00 00 00 01 0e 3d 80 00 03 0f 6d dc f3 b3 fe 99 ef fd fd a5 04 04 80",""
3384,14336,"PACKET","IN",207,45,"PlayerSync","id=207 bytes=45","cf 0b 00 8b 80 60 ff c0 00 3c 7f 24 b0 c0 d2 c9 91 63 b9 9e 90 84 00 00 00 02 e6 43 c0 00 00 d9 9a 90 f4 94 23 b6 b3 fd fd c8 04 e8 80",""
3385,14336,"PACKET","IN",203,34,"AimSync","id=203 bytes=34","cb 0b 00 04 40 48 76 bf 8f e0 3d 3e c3 0b 4d be d9 4f 91 c3 8a 40 26 45 50 0d 80 42 00 00 00 00 3f 36",""
3386,14336,"PACKET","IN",207,35,"PlayerSync","id=207 bytes=35","cf 1a 00 00 00 28 14 e5 b0 cd 83 09 d1 6c 24 9f 10 80 00 00 00 03 eb 49 80 00 00 00 00 00 01 28 00 04 11",""
3387,14336,"PACKET","IN",207,45,"PlayerSync","id=207 bytes=45","cf 37 00 f6 ff dc 80 00 00 09 f4 e2 b0 cc a9 09 91 7e 1b 1e 90 80 00 00 00 01 6e df 40 00 00 93 30 68 f4 07 ff 86 3f fd fd c8 04 e8 80",""
3388,14337,"PACKET","IN",207,45,"PlayerSync","id=207 bytes=45","cf 4f 00 f6 ff e2 bf c2 00 15 76 a3 f0 fc 0f 49 91 6c 30 de 90 84 00 00 00 03 8e b6 00 00 00 76 67 9c f6 64 01 72 33 fd fd c8 04 02 80",""
3389,14337,"PACKET","IN",207,35,"PlayerSync","id=207 bytes=35","cf 51 00 00 00 2e e7 28 30 ea ff 89 91 7b 67 1f 10 84 00 00 00 03 a6 8b c0 00 00 00 00 00 01 28 00 04 11",""
3390,14337,"PACKET","IN",207,45,"PlayerSync","id=207 bytes=45","cf 7c 00 ff ff e0 7f c2 00 02 41 a6 b0 cb ac 49 91 7b 67 1f 10 84 00 00 00 03 83 ca 40 00 02 4b 92 d4 f4 f4 d4 64 63 fd fd 03 05 02 80",""
3391,14337,"PACKET","IN",207,45,"PlayerSync","id=207 bytes=45","cf 37 00 f5 7f dd 40 00 00 1c 33 62 b0 cb 69 09 91 6d 9b 1e 90 80 00 00 00 02 6f 13 40 00 00 a3 30 68 f7 cf fe ad f3 fd fd c8 04 e8 80",""
3392,14337,"PACKET","IN",207,45,"PlayerSync","id=207 bytes=45","cf 7c 00 ff ff e0 7f c2 00 2a 42 e6 b0 cf ac 09 91 7b 67 1f 10 84 00 00 00 02 03 c6 40 00 03 5e 9e c8 f4 fc ce 40 67 fd fd 03 05 02 80",""
3393,14357,"PACKET","IN",207,45,"PlayerSync","id=207 bytes=45","cf 0b 00 8c 00 60 ff c0 00 1f 42 24 f0 e4 92 c9 91 77 f9 9e 90 84 00 00 00 02 3e 3f c0 00 00 cb 0e c8 f6 78 20 b6 bb fd fd c8 04 e8 80",""
3394,14357,"PACKET","IN",200,38,"VehicleSync","id=200 bytes=38","c8 3f 00 4b 00 00 00 00 00 00 00 57 10 c8 00 3b 38 bf 66 4e ac 32 5b 62 b4 58 93 b9 b4 20 00 00 00 06 80 3a 00 00",""
3395,14358,"PACKET","IN",207,43,"PlayerSync","id=207 bytes=43","cf 7e 00 60 3f c2 00 10 3c 2b 30 fe ee 49 d1 60 11 df 90 80 00 00 00 00 fb b3 94 00 03 a7 d4 9c fb ff 6b ec 97 fd fd ac 04 64 80",""
3396,14388,"PACKET","IN",207,45,"PlayerSync","id=207 bytes=45","cf 0b 00 8c 00 60 ff c0 00 3c 44 e4 f0 c9 13 09 91 4a f9 de 90 84 00 00 00 00 9a 3f c0 00 03 98 cb 04 f4 88 25 f2 bf fd fd c8 04 e8 80",""
3397,14388,"PACKET","IN",207,35,"PlayerSync","id=207 bytes=35","cf 15 00 00 00 0d cb 23 30 d7 62 49 91 71 9f 1e 90 84 00 00 00 01 9e 65 80 00 00 00 00 00 01 28 00 04 11",""
3398,14388,"PACKET","IN",207,45,"PlayerSync","id=207 bytes=45","cf 37 00 f1 ff df 00 00 00 16 b2 22 b0 c3 e9 09 91 5e 9b 1e 90 80 00 00 00 02 57 3f 40 00 00 a7 30 68 f7 a7 f7 fd a3 fd fd c8 04 e8 80",""
3399,14388,"PACKET","IN",207,45,"PlayerSync","id=207 bytes=45","cf 4f 00 f6 ff e2 7f c2 00 11 7e 23 f0 ce 8f 89 91 6e 31 1e 90 84 00 00 00 02 f2 ba 00 00 02 bd 67 c4 f5 84 03 86 27 fd fd c8 04 02 80",""
3400,14388,"PACKET","IN",207,45,"PlayerSync","id=207 bytes=45","cf 7c 00 ff ff e0 7f c2 00 21 44 66 b0 d5 2b c9 91 7b 67 1f 10 84 00 00 00 02 33 be 40 00 02 8d 62 cc f7 8c bc ac 73 fd fd 03 05 02 80",""
3401,14388,"PACKET","IN",207,45,"PlayerSync","id=207 bytes=45","cf 37 00 f0 ff de c0 00 00 29 30 e2 b0 f7 68 c9 91 50 db 1e 90 80 00 00 00 00 b3 67 40 00 00 e3 30 68 f5 eb e6 ad 5f fd fd c8 04 e8 80",""
3402,14388,"PACKET","IN",207,35,"PlayerSync","id=207 bytes=35","cf 5b 00 00 00 3f c4 a6 f0 d9 07 09 d1 7b 67 1f 10 84 00 00 00 01 2a 42 00 00 00 00 00 00 01 a5 04 e8 80",""
3403,14389,"PACKET","IN",203,34,"AimSync","id=203 bytes=34","cb 5b 00 04 3c 74 5d 3f 9f 03 44 be 05 6d ed be 23 82 9b c3 77 1f 27 45 f9 6f 80 42 00 00 00 00 23 27",""
3404,14389,"PACKET","IN",207,45,"PlayerSync","id=207 bytes=45","cf 7c 00 ff ff e0 7f c2 00 2c c5 e6 b0 dc eb 89 91 7b 67 1f 10 84 00 00 00 03 63 b6 40 00 00 15 f6 c8 f6 0c af 5c 7f fd fd 03 05 02 80",""
3405,14389,"PACKET","IN",207,45,"PlayerSync","id=207 bytes=45","cf 0b 00 8c 00 60 ff c0 00 3a 07 a4 f0 ec 93 09 91 5c b9 de 90 84 00 00 00 02 e6 3b c0 00 03 98 16 fc f5 44 27 ca bf fd fd c8 04 e8 80",""
3406,14389,"PACKET","IN",207,43,"PlayerSync","id=207 bytes=43","cf 7e 00 60 3f ca 00 13 f6 ab 30 d1 6d c9 d1 77 8f df 90 80 00 00 00 00 fb b3 94 00 00 c5 cc 14 fb ff 6b ec 97 fd fd ac 04 64 80",""
3407,14389,"PACKET","IN",207,35,"PlayerSync","id=207 bytes=35","cf 85 00 00 00 0e 83 e5 b0 e1 bd c9 91 6c 24 9f 10 80 00 00 00 01 0e 3d 80 00 00 00 00 00 01 a5 04 04 80",""
3408,14389,"PACKET","IN",203,34,"AimSync","id=203 bytes=34","cb 85 00 04 64 b0 15 3f 2f 02 4b 3f 2f 1f 2f be 0b b5 96 c3 6a db 26 45 91 3e 80 42 00 00 00 00 3f c6",""
3409,14389,"PACKET","IN",200,44,"VehicleSync","id=200 bytes=44","c8 a6 00 1d 00 00 00 00 00 00 00 2d 70 61 60 8f c1 dc 6b 2a 8c 3a 46 02 74 50 8c 37 a4 29 1a e0 c3 e3 3b 07 0f 65 a7 af e0 1f 00 00",""
3410,14413,"PACKET","IN",207,45,"PlayerSync","id=207 bytes=45","cf 0b 00 8c 00 60 ff c0 00 0c 4a a4 f0 d1 93 49 91 6e b9 de 90 84 00 00 00 01 12 3b c0 00 00 13 47 00 f6 0c 25 b2 c3 fd fd c8 04 e8 80",""
3411,14413,"PACKET","IN",207,45,"PlayerSync","id=207 bytes=45","cf 37 00 ee ff de c0 00 00 0b b0 22 b0 e9 e8 c9 91 46 9b 1e 90 80 00 00 00 01 e3 87 40 00 03 0a 63 e4 f3 eb cb 09 1f fd fd c8 04 e8 80",""
3412,14413,"PACKET","IN",207,45,"PlayerSync","id=207 bytes=45","cf 4f 00 f6 7f e2 7f c2 00 1b 45 64 30 de 8f 89 91 6e f1 5e 90 84 00 00 00 02 16 c2 00 00 03 23 e3 e8 f5 30 02 ea 23 fd fd c8 04 02 80",""
3413,14413,"PACKET","IN",207,45,"PlayerSync","id=207 bytes=45","cf 7c 00 ff ff e0 7f c2 00 14 07 a6 b0 e4 eb 49 91 7b 67 1f 10 84 00 00 00 02 1f ae 40 00 01 ee 22 c8 f4 24 a0 08 8f fd fd 03 05 02 80",""
3414,14438,"PACKET","IN",207,45,"PlayerSync","id=207 bytes=45","cf 37 00 ed 7f de 80 00 00 26 2f 22 b0 d6 e8 c9 91 7c 1a de 90 80 00 00 00 02 cf 9b 40 00 00 99 c0 00 f7 17 a9 a0 e7 fd fd c8 04 e8 80",""
3415,14438,"PACKET","IN",207,45,"PlayerSync","id=207 bytes=45","cf 7c 00 ff ff e0 7f c2 00 00 c9 66 b0 f1 6b 09 91 7b 67 1f 10 84 00 00 00 02 e7 a2 40 00 02 a6 66 c4 f6 dc 8d 30 9f fd fd 03 05 02 80",""
3416,14439,"PACKET","IN",207,35,"PlayerSync","id=207 bytes=35","cf 97 00 00 00 39 55 a5 b0 df 38 c9 91 6c 24 9f 10 80 00 00 00 01 30 6f e8 00 00 00 00 00 01 28 00 04 11",""
3417,14439,"PACKET","IN",207,45,"PlayerSync","id=207 bytes=45","cf 0b 00 8c 00 60 ff c0 00 32 4d 64 f0 f7 d3 49 91 40 ba 1e 90 84 00 00 00 03 0a 37 c0 00 00 0c cf 1c f6 e4 27 be c3 fd fd c8 04 e8 80",""
3418,14439,"PACKET","IN",207,35,"PlayerSync","id=207 bytes=35","cf 1c 00 00 00 18 97 e4 70 fe e0 09 91 73 ac 5e 90 84 00 00 00 03 11 ab e0 00 00 00 00 00 01 00 00 00 80",""
3419,14439,"PACKET","IN",207,35,"PlayerSync","id=207 bytes=35","cf 2d 00 00 00 37 8d 62 b0 cb e9 09 91 5c 9a de 90 80 00 00 00 01 5c 03 c0 00 00 00 00 00 01 28 00 04 11",""
3420,14439,"PACKET","IN",203,34,"AimSync","id=203 bytes=34","cb 2d 00 04 c3 44 6d bf 8e ef f1 bc 75 a6 bf be 6f 78 89 c3 f0 a4 26 45 dd 35 7f 42 00 00 00 00 3f 28",""
3421,14439,"PACKET","IN",207,45,"PlayerSync","id=207 bytes=45","cf 7c 00 ff ff e0 7f c2 00 04 cb 26 b0 c0 ab 09 91 7b 67 1f 10 84 00 00 00 01 43 96 40 00 02 8d de c0 f4 2c 7d b4 b3 fd fd 03 05 02 80",""
3422,14439,"PACKET","IN",207,45,"PlayerSync","id=207 bytes=45","cf 37 00 e9 ff dd c0 00 00 01 2e 62 b0 c0 28 c9 91 71 9a de 90 80 00 00 00 03 af a7 40 00 02 24 00 30 f7 f7 8c 5c c3 fd fd c8 04 e8 80",""
3423,14439,"PACKET","IN",200,38,"VehicleSync","id=200 bytes=38","c8 3f 00 4b 00 00 00 00 00 00 00 57 d0 c7 a0 3b 38 bf 56 4e ac 32 5b 62 b4 58 63 b9 b4 20 00 00 00 06 80 3a 00 00",""
3424,14440,"PACKET","IN",207,45,"PlayerSync","id=207 bytes=45","cf 7c 00 ff ff e0 7f c2 00 1a 0c e6 b0 d4 2a c9 91 7b 67 1f 10 84 00 00 00 01 27 86 40 00 02 b9 3e c0 f4 40 6a 54 cb fd fd 03 05 02 80",""
3425,14461,"PACKET","IN",207,45,"PlayerSync","id=207 bytes=45","cf 0b 00 8c 00 60 ff c0 00 17 10 24 f0 db 53 89 91 50 ba 1e 90 84 00 00 00 00 de 37 c0 00 02 a9 22 e4 f7 d4 25 fe c7 fd fd c8 04 e8 80",""
3426,14461,"PACKET","IN",207,43,"PlayerSync","id=207 bytes=43","cf 7e 00 60 3f ca 00 35 29 eb 30 c1 ec 49 d1 53 cb 9f 90 80 00 00 00 00 fb b3 94 00 00 79 c0 4c fb ff 6b ec 97 fd fd ad 04 08 80",""
3427,14461,"PACKET","IN",207,35,"PlayerSync","id=207 bytes=35","cf 20 00 00 00 39 ec a4 70 f9 e9 c9 91 7f 31 de 90 80 00 00 00 02 66 eb c0 00 00 00 00 00 01 a5 04 04 80",""
3428,14462,"PACKET","IN",207,45,"PlayerSync","id=207 bytes=45","cf 37 00 e9 7f dd c0 00 00 26 2d 62 b0 e7 68 89 91 67 da de 90 80 00 00 00 00 c3 ab 40 00 00 6b b8 5c f4 1b 7c fc ab fd fd c8 04 e8 80",""
3429,14462,"PACKET","IN",207,45,"PlayerSync","id=207 bytes=45","cf 4f 00 f6 7f e2 7f c2 00 22 0c e4 30 ea 4f 89 91 74 71 9e 90 84 00 00 00 02 0a c6 00 00 03 cb e3 f0 f4 9c 01 1a 1b fd fd c8 04 02 80",""
3430,14462,"PACKET","IN",203,34,"AimSync","id=203 bytes=34","cb 4f 00 04 49 b9 7a bf cb 8e 44 3e 2d b9 80 bd ee 7b 8e c3 fc 33 26 45 70 0e 7e 42 00 00 00 00 3f 26",""
3431,14462,"PACKET","IN",207,45,"PlayerSync","id=207 bytes=45","cf 7c 00 ff ff e0 7f c2 00 14 8e e6 b0 ea aa 89 91 7b 67 1f 10 84 00 00 00 02 47 76 40 00 02 d2 8a cc f4 08 56 f0 e7 fd fd 03 05 02 80",""
3432,14488,"PACKET","IN",207,45,"PlayerSync","id=207 bytes=45","cf 0b 00 8c 00 60 ff c0 00 18 12 e4 f0 c0 d3 c9 91 60 fa 1e 90 84 00 00 00 02 a6 33 c0 00 02 2c ca bc f4 d8 28 62 cb fd fd c8 04 e8 80",""
3433,14489,"PACKET","IN",207,45,"PlayerSync","id=207 bytes=45","cf 37 00 e8 ff dd c0 00 00 16 ac 62 b0 c8 68 89 91 5b 9a de 90 80 00 00 00 01 7b ab 40 00 00 47 b0 88 f6 4f 7b 00 a7 fd fd c8 04 e8 80",""
3434,14489,"PACKET","IN",207,45,"PlayerSync","id=207 bytes=45","cf 7c 00 ff ff e0 7f c2 00 0c 51 26 b0 c1 ea 89 91 7b 67 1f 10 84 00 00 00 01 1b 6a 40 00 00 5a fa d8 f4 10 44 e5 03 fd fd 03 05 02 80",""
3435,14489,"PACKET","IN",200,44,"VehicleSync","id=200 bytes=44","c8 a6 00 1d 00 00 00 00 00 00 00 25 50 5d 70 75 62 5f 49 8a 8c 33 c6 92 74 50 0a 97 a4 2f 42 b0 b3 e4 8a cf 9f 7a 87 af e0 1f 00 00",""
3436,14489,"PACKET","IN",203,34,"AimSync","id=203 bytes=34","cb a6 00 12 e8 b3 29 be 8e d1 77 3f c7 bf 40 be fa 46 a8 c3 1d 1d 27 45 ce 0a 81 42 00 00 00 00 3f 21",""
3437,14511,"PACKET","IN",207,45,"PlayerSync","id=207 bytes=45","cf 0b 00 8c 00 60 ff c0 00 16 d5 64 f0 e3 53 c9 91 6f 3a 1e 90 84 00 00 00 00 1e 33 c0 00 02 eb 32 b0 f5 e4 2a d6 cb fd fd c8 04 e8 80",""
3438,14511,"PACKET","IN",207,45,"PlayerSync","id=207 bytes=45","cf 20 00 82 80 48 40 00 00 20 ab 64 70 f2 29 c9 91 7f 31 de 90 80 00 00 00 02 3f 3b c0 00 01 a5 98 18 f4 97 f4 95 97 fd fd a5 04 04 80",""
3439,14511,"PACKET","IN",207,35,"PlayerSync","id=207 bytes=35","cf 4d 00 00 00 19 5f dc f0 c3 00 c9 91 7b ec 9e 90 80 00 00 00 00 39 bc 80 00 00 00 00 00 01 a8 04 04 11",""
3440,14511,"PACKET","IN",207,45,"PlayerSync","id=207 bytes=45","cf 4f 00 f7 ff e1 7f c2 00 1e 98 64 30 f8 4f 89 91 60 72 1e 90 84 00 00 00 03 72 be 00 00 00 47 0f d8 f4 60 03 a2 13 fd fd c8 04 02 80",""
3441,14512,"PACKET","IN",207,43,"PlayerSync","id=207 bytes=43","cf 7c 00 60 7f c0 00 00 53 66 b0 dd ea 49 91 7b 67 1f 10 84 00 00 00 01 07 5e 40 00 00 70 b6 f4 f7 d0 37 85 17 fd fd 03 05 02 80",""
3442,14512,"PACKET","IN",207,45,"PlayerSync","id=207 bytes=45","cf 37 00 e8 7f dd 80 00 00 1d ab 62 b0 eb e8 49 91 50 1a de 90 80 00 00 00 02 1f ab 40 00 00 64 68 c0 f5 23 79 b8 a7 fd fd c8 04 e8 80",""
3443,14512,"PACKET","IN",207,35,"PlayerSync","id=207 bytes=35","cf 79 00 00 00 09 c6 a2 f0 e9 a5 c9 91 46 da 9e 90 84 00 00 00 02 ec 63 40 00 00 00 00 00 01 28 00 04 11",""
3444,14512,"PACKET","IN",203,34,"AimSync","id=203 bytes=34","cb 79 00 04 53 8f 2d bf 44 29 21 3f de 51 c2 be 04 9f 89 c3 a5 6b 26 45 3e b9 81 42 00 00 00 00 3f 55",""
3445,14512,"PACKET","IN",207,45,"PlayerSync","id=207 bytes=45","cf 0b 00 8c 00 60 ff c0 00 38 d7 a4 f0 c4 d4 09 91 7c 3a 1e 90 84 00 00 00 01 c2 2f c0 00 02 49 d6 a8 f7 18 29 9a cf fd fd c8 04 e8 80",""
3446,14512,"PACKET","IN",207,43,"PlayerSync","id=207 bytes=43","cf 7c 00 60 7f c0 00 0f d5 a6 b0 fc 2a 09 91 7b 67 1f 10 84 00 00 00 01 2f 56 40 00 03 89 b7 04 f5 f4 2f fd 2b fd fd 03 05 02 80",""
3447,14539,"RPC","IN",153,8,"SetPlayerSkin","id=153 bytes=8","1c 00 00 00 a8 00 00 00",""
3448,14539,"PACKET","IN",207,35,"PlayerSync","id=207 bytes=35","cf 1c 00 00 01 18 97 e4 70 fe e0 09 91 73 ac 5e 90 84 00 00 00 03 11 ab e0 00 00 00 00 00 01 00 00 00 80",""
3449,14540,"PACKET","IN",207,45,"PlayerSync","id=207 bytes=45","cf 20 00 8b 80 4e 80 00 00 10 e9 a4 70 da a9 c9 91 7f 31 de 90 80 00 00 00 01 d7 7f c0 00 01 91 98 18 f5 57 c9 d5 1b fd fd a5 04 04 80",""
3450,14540,"PACKET","IN",207,45,"PlayerSync","id=207 bytes=45","cf 37 00 e7 7f dd 40 00 00 10 2a 62 b0 cc a8 49 91 43 9a de 90 80 00 00 00 00 27 af 40 00 02 a6 84 f8 f4 0b 78 88 a7 fd fd c8 04 e8 80",""
3451,14540,"PACKET","IN",207,45,"PlayerSync","id=207 bytes=45","cf 4f 00 fc ff e1 7f c2 00 09 1d e4 30 c2 0f c9 91 51 b2 5e 90 84 00 00 00 03 b6 a6 00 00 00 b9 57 ac f4 cc 00 be 1f fd fd c8 04 02 80",""
3452,14540,"PACKET","IN",207,43,"PlayerSync","id=207 bytes=43","cf 7c 00 60 7f c0 00 37 97 e6 b0 db aa 09 91 7b 67 1f 10 84 00 00 00 02 93 4e 40 00 00 c7 03 14 f4 30 29 1d 3b fd fd 03 05 02 80",""
3453,14540,"PACKET","IN",207,35,"PlayerSync","id=207 bytes=35","cf 92 00 00 00 17 75 a2 f0 f2 65 89 91 75 9e 1e 90 84 00 00 00 00 c2 8d c0 00 00 00 00 00 01 a5 04 04 80",""
3454,14540,"PACKET","IN",207,45,"PlayerSync","id=207 bytes=45","cf 0b 00 8c 00 60 ff c0 00 10 9a 24 f0 e6 14 09 91 48 ba 5e 90 84 00 00 00 03 76 2b c0 00 01 ae 66 94 f4 3c 2c 2e d3 fd fd c8 04 e8 80",""
3455,14541,"PACKET","IN",207,45,"PlayerSync","id=207 bytes=45","cf 37 00 e6 ff dd 40 00 00 3e a8 e2 b0 e4 e8 09 91 74 1a 9e 90 80 00 00 00 03 c3 ab 40 00 01 6d 1d 28 f4 8f 74 cc a3 fd fd c8 04 e8 80",""
3456,14541,"PACKET","IN",207,45,"PlayerSync","id=207 bytes=45","cf 7c 00 80 80 60 7f c0 00 2e 1a 66 b0 fc a9 c9 91 7b 67 1f 10 84 00 00 00 02 b7 46 40 00 01 b2 cb 24 f7 b8 20 15 47 fd fd 03 05 02 80",""
3457,14563,"RPC","IN",122,2,"StopObject","id=122 bytes=2","83 00",""
3458,14563,"RPC","IN",99,42,"MoveObject","id=99 bytes=42","83 00 f8 e3 a1 c3 d7 9b 26 45 a4 58 7d 42 f8 e3 a1 c3 d7 9b 26 45 ed 5e 7b 42 00 00 80 3e 00 00 00 00 00 00 00 00 08 cc 84 43",""
3459,14564,"PACKET","IN",207,45,"PlayerSync","id=207 bytes=45","cf 0b 00 8c 00 60 ff c0 00 2d 9c 64 f0 c8 54 49 91 54 ba 5e 90 84 00 00 00 01 26 2b c0 00 03 9a ba 74 f5 58 2e aa d3 fd fd c8 04 e8 80",""
3460,14564,"PACKET","IN",207,35,"PlayerSync","id=207 bytes=35","cf 1c 00 00 00 18 97 e4 70 fe e0 09 91 73 ac 5e 90 84 00 00 00 03 11 ab e0 00 00 00 00 00 01 00 00 00 80",""
3461,14564,"PACKET","IN",207,45,"PlayerSync","id=207 bytes=45","cf 20 00 8f 80 51 40 00 00 2e e7 e4 70 f4 29 89 91 7f 31 de 90 80 00 00 00 01 d7 b7 c0 00 01 b5 98 18 f7 a7 7c f4 af fd fd a5 04 04 80",""
3462,14564,"PACKET","IN",207,45,"PlayerSync","id=207 bytes=45","cf 7c 00 81 00 60 7f c0 00 2c dc e6 b0 df a9 c9 91 7b 67 1f 10 84 00 00 00 03 bb 3e 40 00 00 3b bb 28 f6 d0 1d 05 53 fd fd 03 05 02 80",""
3463,14565,"PACKET","IN",207,43,"PlayerSync","id=207 bytes=43","cf 7e 00 60 3f c2 00 0b 5c 6b 30 d1 6a 89 d1 53 46 df 90 80 00 00 00 00 fb b3 94 00 00 4a ff c0 f7 ff 6b ec 97 fd fd ad 04 08 80",""
3464,14565,"PACKET","IN",200,44,"VehicleSync","id=200 bytes=44","c8 a6 00 1d 00 00 00 00 00 00 00 2b 40 4b 70 7b 62 77 58 1a 8c 3b 27 12 74 58 89 17 a4 26 d2 d0 73 ea 1a 9e ff 81 47 bf e0 1f 00 00",""
3465,14589,"PACKET","IN",207,45,"PlayerSync","id=207 bytes=45","cf 0b 00 8c 00 60 ff c0 00 01 5e a4 f0 e6 d4 49 91 5f 3a 5e 90 84 00 00 00 02 b2 27 c0 00 02 32 66 64 f6 7c 2d 2e d7 fd fd c8 04 e8 80",""
3466,14589,"PACKET","IN",207,45,"PlayerSync","id=207 bytes=45","cf 37 00 e6 7f dd 00 00 00 3d e7 62 b0 f7 a7 c9 91 62 9a 9e 90 80 00 00 00 03 37 ab 40 00 03 38 bd 70 f5 3b 75 80 a3 fd fd c8 04 e8 80",""
3467,14589,"PACKET","IN",207,45,"PlayerSync","id=207 bytes=45","cf 4f 00 fe 7f e1 7f c2 00 09 a4 e4 30 dc cf c9 91 4a b2 9e 90 84 00 00 00 01 76 a2 00 00 02 6a 2b 80 f7 9c 00 ca 3f fd fd c8 04 02 80",""
3468,14589,"PACKET","IN",200,38,"VehicleSync","id=200 bytes=38","c8 3f 00 4b 00 00 00 00 00 00 00 57 c0 c7 d0 3b 48 bf 56 4e ac 32 5b 62 b4 58 63 b9 b4 20 00 00 00 06 80 3a 00 00",""
3469,14589,"PACKET","IN",203,34,"AimSync","id=203 bytes=34","cb 3f 00 12 51 3e 70 bf 6a ce b0 3e 77 bf ff bb e1 7a e8 c3 9a 9f 2b 45 e5 f0 9c 42 00 00 00 00 3f 36",""
3470,14589,"PACKET","IN",207,45,"PlayerSync","id=207 bytes=45","cf 7c 00 81 80 60 7f c0 00 33 9f 66 b0 c4 69 c9 91 7b 67 1f 10 84 00 00 00 01 73 3a 40 00 02 5d 03 2c f6 d4 18 6d 5f fd fd 03 05 02 80",""
3471,14589,"RPC","IN",105,19,"TextDrawSetString","id=105 bytes=19","2f 01 0f 00 30 39 20 41 67 75 73 74 75 73 20 32 30 32 36",""
3472,14590,"RPC","IN",105,12,"TextDrawSetString","id=105 bytes=12","30 01 08 00 31 32 3a 31 34 3a 32 32",""
3473,14615,"PACKET","IN",207,45,"PlayerSync","id=207 bytes=45","cf 0b 00 8c 00 60 ff c0 00 2d a1 24 f0 ce 94 89 91 6b ba 5e 90 84 00 00 00 00 8e 27 c0 00 01 b2 be ec f7 b4 2f d2 d7 fd fd c8 04 e8 80",""
3474,14615,"PACKET","IN",207,45,"PlayerSync","id=207 bytes=45","cf 37 00 e5 ff dd 00 00 00 20 26 22 b0 ce e7 c9 91 52 da 9e 90 80 00 00 00 01 6b ab 40 00 00 b6 21 f0 f6 2b 76 84 a3 fd fd c8 04 e8 80",""
3475,14615,"PACKET","IN",207,45,"PlayerSync","id=207 bytes=45","cf 7c 00 83 00 60 7f c0 00 3c 21 e6 b0 ea e9 89 91 7b 67 1f 10 84 00 00 00 02 e3 2e 40 00 02 3e a7 28 f7 84 16 95 67 fd fd 03 05 02 80",""
3476,14615,"PACKET","IN",207,45,"PlayerSync","id=207 bytes=45","cf 0b 00 8c 00 60 ff c0 00 12 64 24 f0 fa 14 89 91 79 3a 5e 90 84 00 00 00 02 42 23 c0 00 01 f5 1a d8 f4 c8 32 1e db fd fd c8 04 e8 80",""
3477,14615,"PACKET","IN",207,45,"PlayerSync","id=207 bytes=45","cf 20 00 93 00 53 c0 00 00 1a a6 a4 70 ff 69 49 91 7f 31 de 90 80 00 00 00 02 ff df c0 00 00 f5 60 50 f7 6f 19 9c 57 fd fd a5 04 04 80",""
3478,14615,"PACKET","IN",207,45,"PlayerSync","id=207 bytes=45","cf 37 00 e5 ff dd 00 00 00 35 e4 a2 b0 e5 67 89 91 42 1a 9e 90 80 00 00 00 02 83 a7 40 00 02 85 36 1c f5 3b 79 d0 a7 fd fd c8 04 e8 80",""
3479,14615,"PACKET","IN",207,45,"PlayerSync","id=207 bytes=45","cf 4f 00 fe ff e1 7f c2 00 0b ab 64 30 f9 0f c9 91 7d b2 9e 90 84 00 00 00 01 b6 a2 00 00 00 43 a3 80 f4 ac 05 0e 47 fd fd c8 04 02 80",""
3480,14615,"PACKET","IN",207,45,"PlayerSync","id=207 bytes=45","cf 7c 00 84 00 60 7f c0 00 3a 24 a6 b0 d2 a9 89 91 7b 67 1f 10 84 00 00 00 03 23 26 40 00 03 c7 c3 24 f6 84 13 81 77 fd fd 03 05 02 80",""
3481,14616,"PACKET","OUT",207,69,"PlayerSync","id=207 bytes=69","cf 00 00 00 00 00 00 e8 9a a0 c3 95 ed 26 45 ed 9c 7c 42 0f 68 4f 3f 00 00 00 80 00 00 00 00 d5 0f 16 bf 64 00 00 00 00 00 00 00 00 00 00 00 00 00 00 00 00 00 00 00 00 00 00 00 00 00 00 00 00 00 28 00 04 11",""
3482,14638,"PACKET","IN",207,35,"PlayerSync","id=207 bytes=35","cf 54 00 00 00 27 65 68 30 dc 13 49 d1 7b 67 1f 10 84 00 00 00 01 87 f6 c0 00 00 00 00 00 01 28 00 04 11",""
3483,14639,"PACKET","IN",207,45,"PlayerSync","id=207 bytes=45","cf 0b 00 8c 00 60 ff c0 00 09 e6 a4 f0 df d4 c9 91 43 fa 9e 90 84 00 00 00 03 aa 1f c0 00 02 d3 32 b0 f5 f4 30 92 df fd fd c8 04 e8 80",""
3484,14639,"PACKET","IN",207,45,"PlayerSync","id=207 bytes=45","cf 20 00 96 80 55 80 00 00 30 a5 a4 70 ff a9 09 91 7f 31 de 90 80 00 00 00 02 93 f7 c0 00 03 5f 30 68 f6 f6 ae d0 1f fd fd a5 04 04 80",""
3485,14639,"PACKET","IN",207,45,"PlayerSync","id=207 bytes=45","cf 37 00 e5 ff dd 00 00 00 05 e3 22 b0 f5 27 49 91 6e 9a 5e 90 80 00 00 00 03 6f a3 40 00 01 8b ee 54 f6 0b 7f 24 ab fd fd c8 04 e8 80",""
3486,14639,"PACKET","IN",207,35,"PlayerSync","id=207 bytes=35","cf 76 00 00 00 1c 69 eb 70 fc 2c 09 91 48 2d e0 10 84 00 00 00 03 6f 93 40 00 00 00 00 00 01 00 00 00 80",""
3487,14639,"PACKET","IN",207,45,"PlayerSync","id=207 bytes=45","cf 7c 00 85 80 60 7f c0 00 19 67 66 b0 fd a9 49 91 7b 67 1f 10 84 00 00 00 01 07 1e 40 00 01 4f 47 1c f7 48 0f c9 83 fd fd 03 05 02 80",""
3488,14639,"PACKET","IN",207,43,"PlayerSync","id=207 bytes=43","cf 7e 00 60 3f c2 00 30 ce 6b 30 da a8 c9 d1 4e 38 1f 90 80 00 00 00 00 fb b3 94 00 03 7a d1 ec fb 7f 44 08 bf 76 dd ab 04 08 80",""
3489,14640,"PACKET","IN",200,44,"VehicleSync","id=200 bytes=44","c8 a6 00 1d 00 00 00 00 00 00 00 20 40 59 60 78 a2 84 26 ba 8c 3e 87 92 74 52 a7 e7 a4 2c 0b c0 23 ec ea 83 cf 99 c7 bf e0 1f 00 00",""
3490,14640,"PACKET","OUT",205,9,"UNKNOWN_PACKET","id=205 bytes=9","cd b8 4a 04 00 00 00 00 00",""
3491,14666,"PACKET","IN",207,45,"PlayerSync","id=207 bytes=45","cf 37 00 e5 ff dd 00 00 00 15 20 a2 b0 f1 67 09 91 51 da 5e 90 80 00 00 00 03 bb 9f 40 00 00 5d 16 7c f6 f7 80 bc b3 fd fd c8 04 e8 80",""
3492,14667,"PACKET","IN",207,45,"PlayerSync","id=207 bytes=45","cf 4f 00 ff 7f e1 7f c2 00 08 f2 a4 30 d8 90 09 91 76 b2 de 90 84 00 00 00 00 f6 a2 00 00 02 59 63 b4 f4 a0 04 ba 47 fd fd c8 04 02 80",""
3493,14667,"PACKET","IN",207,45,"PlayerSync","id=207 bytes=45","cf 7c 00 87 80 60 7f c0 00 2e 29 e6 b0 eb a9 49 91 7b 67 1f 10 84 00 00 00 00 ab 12 40 00 02 6c 2b 1c f7 98 0b 9d 93 fd fd 03 05 02 80",""
3494,14667,"PACKET","IN",207,45,"PlayerSync","id=207 bytes=45","cf 0b 00 8c 00 60 ff c0 00 0a 67 e4 f0 c6 d4 c9 91 70 ba 9e 90 84 00 00 00 01 52 1f c0 00 03 fd b8 e4 f5 40 4d 88 f3 fd fd c8 04 e8 80",""
3495,14667,"RPC","IN",105,7,"TextDrawSetString","id=105 bytes=7","26 08 03 00 31 30 30",""
3496,14667,"RPC","IN",105,5,"TextDrawSetString","id=105 bytes=5","27 08 01 00 30",""
3497,14667,"RPC","IN",105,6,"TextDrawSetString","id=105 bytes=6","28 08 02 00 34 36",""
3498,14667,"RPC","IN",105,5,"TextDrawSetString","id=105 bytes=5","29 08 01 00 32",""
3499,14667,"RPC","IN",105,7,"TextDrawSetString","id=105 bytes=7","2a 08 03 00 31 30 30",""
3500,14667,"PACKET","IN",207,45,"PlayerSync","id=207 bytes=45","cf 0b 00 8c 00 60 ff c0 00 01 29 a4 f0 ee 94 89 91 64 ba de 90 84 00 00 00 03 76 1b c0 00 03 75 ed 78 f7 9c 29 35 33 fd fd c8 04 e8 80",""
3501,14668,"PACKET","IN",207,45,"PlayerSync","id=207 bytes=45","cf 20 00 99 00 56 c0 00 00 00 25 64 70 f4 a8 c9 91 7f 31 de 90 80 00 00 00 03 f7 ff c0 00 03 37 30 68 f7 b2 2e 38 03 fd fd a5 04 04 80",""
3502,14668,"PACKET","IN",207,45,"PlayerSync","id=207 bytes=45","cf 7c 00 89 80 60 bf c0 00 3e 6c 66 b0 dd 29 49 91 7b 67 1f 10 84 00 00 00 00 07 06 40 00 03 34 67 18 f7 d8 06 b1 a7 fd fd 03 05 02 80",""
3503,14689,"PACKET","IN",207,45,"PlayerSync","id=207 bytes=45","cf 37 00 e5 ff dd 00 00 00 3b de 62 b0 f9 26 c9 91 79 5a 1e 90 80 00 00 00 01 f7 9b 40 00 00 30 3a a8 f4 af 8b 78 b7 fd fd c8 04 e8 80",""
3504,14689,"PACKET","IN",207,45,"PlayerSync","id=207 bytes=45","cf 4f 00 ff 7f e1 7f c2 00 09 ba 24 30 f9 90 09 91 71 33 1e 90 84 00 00 00 02 ba a2 00 00 03 2e 37 f0 f4 c4 05 b6 47 fd fd c8 04 02 80",""
3505,14689,"PACKET","IN",207,45,"PlayerSync","id=207 bytes=45","cf 7c 00 8c 00 60 ff c0 00 0e 2f 26 b0 d1 e9 49 91 7b 67 1f 10 84 00 00 00 00 92 f6 40 00 02 43 c7 10 f4 d0 05 ed bb fd fd 03 05 02 80",""
3506,14737,"RPC","IN",165,2,"WorldVehicleRemove","id=165 bytes=2","43 00",""
3507,14738,"RPC","IN",138,3,"ServerQuit","id=138 bytes=3","00 00 00",""
3508,14738,"PACKET","IN",207,45,"PlayerSync","id=207 bytes=45","cf 0b 00 8c 00 60 ff c0 00 38 30 64 f0 d9 14 89 91 74 7b 5e 90 84 00 00 00 01 fa 1b c0 00 02 ea 8a ac f4 00 03 fd ff fd fd c8 04 e8 80",""
3509,14738,"PACKET","IN",207,45,"PlayerSync","id=207 bytes=45","cf 20 00 99 80 57 80 00 00 27 65 64 70 ec e8 89 91 7f 31 de 90 84 00 00 00 01 2b fb c0 00 03 3b 30 68 f4 19 b9 10 07 fd fd a5 04 04 80",""
3510,14738,"PACKET","IN",207,49,"PlayerSync","id=207 bytes=49","cf 30 00 00 00 22 fe a6 b0 cf 96 c9 d1 7b 67 1f 10 84 00 00 00 01 bd d3 00 00 00 00 00 00 03 ff fe 00 00 00 00 00 00 00 00 00 00 00 01 28 00 04 11",""
3511,14738,"PACKET","IN",207,45,"PlayerSync","id=207 bytes=45","cf 37 00 e5 ff dd 00 00 00 3f 17 62 b0 cf e6 49 91 66 1a 1e 90 80 00 00 00 01 2b 8b 40 00 01 43 32 c8 f6 cf 9f dc d3 fd fd c8 04 e8 80",""
3512,14739,"PACKET","IN",200,38,"VehicleSync","id=200 bytes=38","c8 3f 00 4b 00 00 00 00 00 00 00 59 90 c6 d0 3b 48 bf 36 4e ac 32 5b 62 b4 57 f3 b9 b4 20 00 00 00 06 80 3a 00 00",""
3513,14739,"PACKET","IN",207,35,"PlayerSync","id=207 bytes=35","cf 46 00 00 00 3e ca 23 30 fc 9b 89 91 68 df 1e 90 84 00 00 00 03 0d 37 c0 00 00 00 00 00 01 28 00 04 11",""
3514,14739,"PACKET","IN",207,35,"PlayerSync","id=207 bytes=35","cf 47 00 00 00 0a d6 22 f0 e4 e8 c9 91 79 5b 1e 90 84 00 00 00 02 40 47 c0 00 00 00 00 00 01 28 00 04 11",""
3515,14739,"PACKET","IN",207,45,"PlayerSync","id=207 bytes=45","cf 4f 00 ff ff e1 bf c2 00 1e 01 64 70 d8 d0 49 91 6b 33 5e 90 84 00 00 00 00 d2 a2 00 00 02 eb fc 00 f8 74 07 66 43 fd fd c8 04 02 80",""
3516,14739,"PACKET","IN",207,45,"PlayerSync","id=207 bytes=45","cf 7c 00 90 00 61 7f c0 00 12 f4 e6 b0 c4 a9 49 91 7b 67 1f 10 84 00 00 00 02 32 da 40 00 02 a0 9f 04 f4 c0 00 15 e7 fd fd 03 05 02 80",""
3517,14739,"PACKET","IN",200,44,"VehicleSync","id=200 bytes=44","c8 a6 00 1d 00 00 00 00 00 20 00 26 e0 6a 60 7f 32 8d 35 6a 8c 37 d8 12 74 5c 16 d7 a4 25 2c ad d3 d5 5a 90 ef 99 17 bf e0 1f 00 00",""
3518,14764,"PACKET","IN",207,45,"PlayerSync","id=207 bytes=45","cf 20 00 99 80 58 40 00 00 35 25 e4 70 f5 a8 49 91 7f 31 de 90 84 00 00 00 03 73 e3 c0 00 03 5d 2b f0 f2 9d 40 4c 27 fd fd a5 04 04 80",""
3519,14764,"PACKET","IN",207,45,"PlayerSync","id=207 bytes=45","cf 4f 00 ff ff e1 bf c2 00 0b 08 64 70 f7 50 49 91 61 73 9e 90 84 00 00 00 01 a2 a2 00 00 00 ab 43 f8 f4 c8 05 e6 47 fd fd c8 04 02 80",""
3520,14765,"PACKET","IN",207,41,"PlayerSync","id=207 bytes=41","cf 7c 00 00 00 18 b7 66 b0 c3 69 49 91 7b 67 1f 10 84 00 00 00 02 32 da 40 00 00 cc 4e fc f4 10 03 45 f7 fd fd 03 05 02 80",""
3521,14765,"PACKET","IN",207,43,"PlayerSync","id=207 bytes=43","cf 7e 00 60 3f c2 00 27 33 aa f0 ca a5 89 d1 60 91 a0 10 80 00 00 00 00 fb b3 94 00 01 90 b9 a8 f9 7b 5e 48 a7 1a 8d ab 04 08 80",""
3522,14765,"PACKET","IN",203,34,"AimSync","id=203 bytes=34","cb 7e 00 04 bf 79 35 3f c2 83 33 bf 9a 5a 9b bd 35 56 ad c3 96 c6 27 45 93 7a 81 42 00 00 00 00 3f c6",""
3523,14765,"PACKET","IN",207,37,"PlayerSync","id=207 bytes=37","cf 85 00 c0 7f 80 00 0e 83 e5 b0 e1 bd c9 91 6c 24 9f 10 80 00 00 00 02 3d dd 80 00 00 00 00 00 01 c8 04 04 80",""
3524,14765,"PACKET","IN",207,45,"PlayerSync","id=207 bytes=45","cf 0b 00 8b 80 60 ff c0 00 12 72 e4 f0 d9 14 89 91 5e bb 9e 90 84 00 00 00 02 02 1f c0 00 02 85 ee 90 f4 00 03 fd ff fd fd c8 04 e8 80",""
3525,14765,"PACKET","IN",207,45,"PlayerSync","id=207 bytes=45","cf 37 00 e5 ff dd 00 00 00 1a 55 22 b0 db a6 09 91 51 9a 5e 90 80 00 00 00 03 13 83 40 00 03 43 ae cc f7 37 a7 dc df fd fd c8 04 e8 80",""
3526,14788,"PACKET","IN",207,45,"PlayerSync","id=207 bytes=45","cf 0b 00 8b 80 60 ff c0 00 39 35 64 f0 d9 14 89 91 4e 3b de 90 84 00 00 00 02 e2 1f c0 00 01 42 8a 94 f4 00 03 fd ff fd fd c8 04 e8 80",""
3527,14788,"PACKET","IN",200,38,"VehicleSync","id=200 bytes=38","c8 3f 00 4b 00 00 00 00 00 00 00 5a 90 c6 20 3b 48 bf 16 4e ac 32 5b 62 b4 57 b3 b9 b4 20 00 00 00 06 80 3a 00 00",""
3528,14788,"PACKET","IN",207,45,"PlayerSync","id=207 bytes=45","cf 0b 00 8b 80 60 ff c0 00 2b b8 24 f0 d9 14 89 91 7e 7b de 90 84 00 00 00 00 22 23 c0 00 03 78 5a cc f4 00 03 fd ff fd fd c8 04 e8 80",""
3529,14788,"PACKET","IN",207,45,"PlayerSync","id=207 bytes=45","cf 20 00 99 80 59 00 00 00 07 e7 24 70 fe a8 09 91 7f 31 de 90 84 00 00 00 03 0f bf c0 00 00 0c d4 50 f5 10 ce 30 67 fd fd a5 04 04 80",""
3530,14788,"PACKET","IN",207,45,"PlayerSync","id=207 bytes=45","cf 37 00 e5 ff dd 00 00 00 22 52 62 b0 e3 a5 c9 91 42 9a 9e 90 80 00 00 00 00 6f 7f 40 00 03 78 c6 d4 f6 57 ae 98 eb fd fd c8 04 e8 80",""
3531,14788,"PACKET","IN",207,45,"PlayerSync","id=207 bytes=45","cf 4f 00 ff ff e1 bf c2 00 3e cf 24 70 d5 90 89 91 57 f3 de 90 84 00 00 00 02 2e a2 00 00 00 27 fb d8 f4 a4 04 d6 47 fd fd c8 04 02 80",""
3532,14788,"PACKET","IN",207,39,"PlayerSync","id=207 bytes=39","cf 76 00 86 80 43 40 00 00 1c 69 eb 70 fc 2c 09 91 48 2d e0 10 84 00 00 00 01 5b 7b 40 00 00 00 00 00 01 00 00 00 80",""
3533,14810,"PACKET","IN",207,45,"PlayerSync","id=207 bytes=45","cf 37 00 e5 ff dd 00 00 00 01 0f 62 b0 e6 e5 89 91 7b 9a 9e 90 80 00 00 00 00 b3 77 40 00 03 88 c6 d4 f5 97 b6 30 f7 fd fd c8 04 e8 80",""
3534,14810,"PACKET","IN",207,41,"PlayerSync","id=207 bytes=41","cf 7c 00 00 00 39 00 66 f0 fe 69 09 91 7b 67 1f 10 84 00 00 00 02 32 da 40 00 00 76 a6 9c f4 10 03 45 f7 fd fd 03 05 02 80",""
3535,14810,"PACKET","IN",207,45,"PlayerSync","id=207 bytes=45","cf 0b 00 8b 80 60 ff c0 00 25 ba e4 f0 dd d4 89 91 6b 3c 1e 90 84 00 00 00 01 7e 23 c0 00 03 c4 2e bc f4 c8 00 56 1f fd fd c8 04 e8 80",""
3536,14811,"PACKET","IN",207,45,"PlayerSync","id=207 bytes=45","cf 76 00 8f 80 46 80 00 00 12 6a 2b 70 f8 2c 09 91 5d ad e0 10 84 00 00 00 00 d7 5f 40 00 01 74 2c 64 f3 2c 47 90 fb fd fd 00 00 00 80",""
3537,14811,"PACKET","IN",200,44,"VehicleSync","id=200 bytes=44","c8 a6 00 1d 00 00 00 00 00 20 00 2a c0 8f a0 77 82 9b 54 6a 8c 34 78 72 74 59 b6 17 a4 21 f3 3a 13 dd 5a a8 6f 85 77 bf e0 1f 00 00",""
3538,14839,"PACKET","IN",207,35,"PlayerSync","id=207 bytes=35","cf 02 00 00 00 08 a8 a2 70 e7 a8 c9 91 7a 9d 5e 90 84 00 00 00 00 fc 56 c0 00 00 00 00 00 01 28 00 04 11",""
3539,14839,"PACKET","IN",207,45,"PlayerSync","id=207 bytes=45","cf 0b 00 8b 80 60 ff c0 00 24 3d e4 f0 fe 54 89 91 44 3c 5e 90 84 00 00 00 03 02 23 c0 00 01 94 82 bc f7 1c 18 6e a7 fd fd c8 04 e8 80",""
3540,14839,"PACKET","IN",207,35,"PlayerSync","id=207 bytes=35","cf 1b 00 00 00 02 a3 63 70 d7 5a c9 91 7b a3 1e 90 80 00 00 00 00 d6 93 00 00 00 00 00 00 01 28 00 04 11",""
3541,14839,"PACKET","IN",207,45,"PlayerSync","id=207 bytes=45","cf 20 00 99 80 59 00 00 00 13 a8 a4 70 cd e8 09 91 7f 31 de 90 84 00 00 00 00 7b 93 c0 00 02 54 7c 9c f4 f0 79 80 b7 fd fd a5 04 04 80",""
3542,14839,"PACKET","IN",207,45,"PlayerSync","id=207 bytes=45","cf 37 00 e5 ff dd 00 00 00 1d 4c e2 b0 fb a5 49 91 66 da de 90 80 00 00 00 03 77 6b 40 00 00 93 fe c0 f5 7b bf a5 03 fd fd c8 04 e8 80",""
3543,14839,"PACKET","IN",207,43,"PlayerSync","id=207 bytes=43","cf 4f 00 61 ff c2 00 0d 96 e4 70 f6 10 89 91 62 b4 1e 90 84 00 00 00 03 6e 9e 00 00 01 f5 43 bc f4 8c 04 1e 47 fd fd c8 04 02 80",""
3544,14840,"PACKET","IN",207,45,"PlayerSync","id=207 bytes=45","cf 76 00 93 80 47 c0 00 00 0b ea 6b 70 f4 ec 09 91 72 ad e0 10 84 00 00 00 01 a7 3f 40 00 03 30 44 64 f1 cc 2c 51 2f fd fd 00 00 00 80",""
3545,14840,"PACKET","IN",207,43,"PlayerSync","id=207 bytes=43","cf 7e 00 60 3f c2 00 3b 21 aa f0 d3 63 49 d1 4e 65 20 10 80 00 00 00 00 fb b3 94 00 02 d6 9d 88 fb 6f 64 70 9c ca 51 ab 04 08 80",""
3546,14840,"RPC","IN",135,2,"HideTextDraw","id=135 bytes=2","30 08",""
3547,14840,"RPC","IN",135,2,"HideTextDraw","id=135 bytes=2","31 08",""
3548,14840,"RPC","IN",135,2,"HideTextDraw","id=135 bytes=2","32 08",""
3549,14840,"RPC","IN",135,2,"HideTextDraw","id=135 bytes=2","33 08",""
3550,14840,"RPC","IN",135,2,"HideTextDraw","id=135 bytes=2","34 08",""
3551,14840,"RPC","IN",135,2,"HideTextDraw","id=135 bytes=2","35 08",""
3552,14840,"PACKET","IN",207,45,"PlayerSync","id=207 bytes=45","cf 37 00 e4 ff dc c0 00 00 3b ca 22 b0 cf e5 49 91 56 9b 1e 90 80 00 00 00 00 d7 6b 40 00 01 9b da b4 f6 17 c7 81 13 fd fd c8 04 e8 80",""
3553,14840,"PACKET","IN",207,45,"PlayerSync","id=207 bytes=45","cf 76 00 95 80 48 00 00 00 16 2a ab 70 f1 ec 09 91 4b ae 20 10 84 00 00 00 00 3b 1f 40 00 01 b5 8c f8 f1 b4 1b c9 5f fd fd 00 00 00 80",""
3554,14840,"PACKET","IN",207,43,"PlayerSync","id=207 bytes=43","cf 85 00 c0 7f 80 00 38 c2 a5 b0 de 3d c9 91 6c 24 9f 10 80 00 00 00 03 30 99 80 00 03 65 d5 34 f3 8b fe cd eb fd fd c8 04 04 80",""
3555,14863,"PACKET","IN",200,38,"VehicleSync","id=200 bytes=38","c8 3f 00 4b 00 00 00 00 00 00 00 5a 40 c6 20 3b 58 bf 06 4e ac 32 5b 62 b4 57 c3 b9 b4 20 00 00 00 06 80 3a 00 00",""
3556,14863,"PACKET","IN",207,45,"PlayerSync","id=207 bytes=45","cf 0b 00 8b 80 60 ff c0 00 32 c0 25 30 e1 54 c9 91 4e 7c 5e 90 84 00 00 00 00 82 27 c0 00 02 d5 46 bc f5 90 33 c6 db fd fd c8 04 e8 80",""
3557,14864,"PACKET","IN",207,45,"PlayerSync","id=207 bytes=45","cf 20 00 99 80 59 40 00 00 34 aa a4 70 e2 e7 c9 91 7f 31 de 90 84 00 00 00 02 3f 73 c0 00 01 c9 4d 00 f5 ac 41 19 07 fd fd a5 04 04 80",""
3558,14864,"PACKET","IN",207,45,"PlayerSync","id=207 bytes=45","cf 37 00 e4 ff dc c0 00 00 16 48 22 b0 ec e5 09 91 7d 9b 1e 90 80 00 00 00 00 9f 63 40 00 00 3d 96 90 f4 67 cb f9 17 fd fd c8 04 e8 80",""
3559,14864,"PACKET","IN",207,43,"PlayerSync","id=207 bytes=43","cf 4f 00 61 ff c2 00 2d dc a4 70 d0 90 c9 91 74 b4 5e 90 84 00 00 00 03 c2 9e 00 00 00 ed 7b a0 f5 0c 07 ba 47 fd fd c8 04 02 80",""
3560,14864,"PACKET","IN",207,45,"PlayerSync","id=207 bytes=45","cf 76 00 99 80 49 40 00 00 23 2a eb 70 ef ec 09 91 63 ae 20 10 84 00 00 00 00 6e fb 40 00 02 dd c0 fc f3 54 08 d9 97 fd fd 00 00 00 80",""
3561,14888,"PACKET","IN",207,45,"PlayerSync","id=207 bytes=45","cf 0b 00 8b 80 60 ff c0 00 2d 42 a5 30 c6 95 09 91 59 fc 5e 90 84 00 00 00 01 62 27 c0 00 02 56 72 bc f4 d0 32 2e db fd fd c8 04 e8 80",""
3562,14888,"PACKET","IN",207,45,"PlayerSync","id=207 bytes=45","cf 76 00 a2 00 4d 00 00 00 2e 2b ab 70 ee ac 09 91 69 ae 60 10 84 00 00 00 02 3e ab 40 00 00 4a d1 e0 f0 00 02 42 03 fd fd 00 00 00 80",""
3563,14889,"PACKET","IN",207,45,"PlayerSync","id=207 bytes=45","cf 0b 00 8b 80 60 ff c0 00 3e 04 e5 30 e9 55 09 91 64 bc 5e 90 84 00 00 00 01 d2 27 c0 00 01 fe 66 c4 f4 60 31 3e db fd fd c8 04 e8 80",""
3564,14889,"PACKET","IN",207,45,"PlayerSync","id=207 bytes=45","cf 37 00 e4 7f dc c0 00 00 02 c5 a2 b0 c6 25 09 91 6c 1b 5e 90 80 00 00 00 03 6b 5b 40 00 01 e9 92 84 f7 3b cd ed 27 fd fd c8 04 e8 80",""
3565,14889,"PACKET","IN",200,44,"VehicleSync","id=200 bytes=44","c8 a6 00 1d 00 ff ff 00 00 00 00 2d 00 81 30 8c b2 9c 43 aa 8c 38 78 b2 74 53 05 77 a4 29 a0 88 43 d8 6a 9f bf 86 57 bf e0 1f 00 00",""
3566,14911,"RPC","IN",87,2,"ClearPlayerAnimation","id=87 bytes=2","51 00",""
3567,14911,"RPC","IN",86,29,"ApplyPlayerAnimation","id=86 bytes=29","51 00 05 43 41 52 52 59 0b 63 72 72 79 5f 70 72 74 69 61 6c 33 33 83 40 00 00 00 00 00",""
3568,14911,"RPC","IN",16,16,"PlaySound","id=16 bytes=16","42 51 00 00 00 00 00 00 00 00 00 00 00 00 00 00",""
3569,14911,"RPC","IN",134,80,"ShowTextDraw","id=134 bytes=80","36 08 11 9a 99 19 3f 00 00 00 40 1a ff 00 aa 00 00 cc 42 00 00 a0 41 00 00 00 32 00 01 00 00 00 ff 04 00 00 00 59 43 00 00 b8 43 00 00 00 00 00 00 00 00 00 00 00 00 00 00 00 00 80 3f ff ff ff ff 0d 00 6c 64 5f 64 75 61 6c 3a 77 68 69 74 65",""
3570,14912,"PACKET","IN",207,45,"PlayerSync","id=207 bytes=45","cf 20 00 99 80 59 40 02 00 36 6d 64 70 f2 e7 89 91 7f 31 de 90 84 00 00 00 01 1b 6f c0 00 01 da 95 5c f5 00 3d 9d 0f fd fd a5 04 04 80",""
3571,14912,"PACKET","IN",207,43,"PlayerSync","id=207 bytes=43","cf 4f 00 61 ff c2 00 04 23 24 70 ed 10 c9 91 4d 34 de 90 84 00 00 00 03 ee 9e 00 00 00 fa 63 9c f4 fc 07 4e 47 fd fd c8 04 02 80",""
3572,14912,"PACKET","IN",207,41,"PlayerSync","id=207 bytes=41","cf 7c 00 00 00 03 4a 26 f0 f9 29 09 91 7b 67 1f 10 84 00 00 00 02 32 da 40 00 02 76 31 f8 f4 10 03 45 f7 fd fd fb 04 04 80",""
3573,14935,"PACKET","IN",207,45,"PlayerSync","id=207 bytes=45","cf 0b 00 8b 80 60 ff c0 00 16 c7 a5 30 d0 15 49 91 71 3c 5e 90 84 00 00 00 01 d2 27 c0 00 01 d2 1a c0 f4 28 30 c6 db fd fd c8 04 e8 80",""
3574,14935,"PACKET","IN",207,45,"PlayerSync","id=207 bytes=45","cf 37 00 e3 ff dc 80 00 00 2e c2 e2 b0 e1 24 c9 91 5b 1b 9e 90 80 00 00 00 01 97 57 40 00 02 bf fa 6c f7 43 d2 b1 2f fd fd c8 04 e8 80",""
3575,14936,"PACKET","IN",207,35,"PlayerSync","id=207 bytes=35","cf 51 00 00 00 2e e7 28 30 ea ff 89 91 7b 67 1f 10 84 00 00 00 03 a6 8b c0 00 00 00 00 00 01 28 00 04 11",""
3576,14936,"PACKET","IN",207,45,"PlayerSync","id=207 bytes=45","cf 76 00 a7 00 4f 80 00 00 37 ec 2b 70 f0 ac 09 91 54 6e a0 10 84 00 00 00 00 2a 83 40 00 03 ea 16 a0 f3 38 01 6e 3b fd fd 00 00 00 80",""
3577,14936,"PACKET","IN",207,43,"PlayerSync","id=207 bytes=43","cf 7e 00 60 3f c2 00 3e 47 6a f0 d4 a0 09 d1 42 a9 a0 10 80 00 00 00 00 fb b3 94 00 02 fd e1 78 fb c7 68 24 9a 45 ed ab 04 08 80",""
3578,14936,"PACKET","IN",207,41,"PlayerSync","id=207 bytes=41","cf 76 00 00 00 03 2c eb 70 f4 ac 09 91 7b 2e a0 10 84 00 00 00 03 f6 53 40 00 01 49 9a b0 f0 58 0f c6 6f fd fd 00 00 00 80",""
3579,14936,"PACKET","IN",207,35,"PlayerSync","id=207 bytes=35","cf 97 00 00 00 39 55 a5 b0 df 38 c9 91 6c 24 9f 10 80 00 00 00 01 30 6f e8 00 00 00 00 00 01 28 00 04 11",""
3580,14960,"PACKET","IN",207,45,"PlayerSync","id=207 bytes=45","cf 0b 00 8b 80 60 ff c0 00 2c 8a 25 30 f6 d5 49 91 7d 3c 5e 90 84 00 00 00 01 46 27 c0 00 00 48 ce bc f4 28 30 c6 db fd fd c8 04 e8 80",""
3581,14960,"PACKET","IN",207,45,"PlayerSync","id=207 bytes=45","cf 20 00 98 00 59 80 02 00 09 70 e4 70 fc e7 49 91 7f 31 de 90 84 00 00 00 03 4b 5f c0 00 00 eb 09 d8 f4 f4 35 35 1f fd fd a5 04 04 80",""
3582,14961,"PACKET","IN",207,45,"PlayerSync","id=207 bytes=45","cf 37 00 e3 ff dc 80 00 00 0c 80 a2 b0 c0 e4 c9 91 46 1b de 90 80 00 00 00 00 63 4f 40 00 02 c9 3e 80 f7 7f d4 71 3b fd fd c8 04 e8 80",""
3583,14961,"PACKET","IN",207,43,"PlayerSync","id=207 bytes=43","cf 4f 00 61 ff c2 00 2d 2a 24 70 cd 11 09 91 70 f5 1e 90 84 00 00 00 00 12 a2 00 00 01 2f 93 a0 f4 f4 07 12 47 fd fd c8 04 02 80",""
3584,14961,"PACKET","IN",207,43,"PlayerSync","id=207 bytes=43","cf 85 00 c0 7f 80 00 2d 02 65 b0 dc fd c9 91 6c 24 9f 10 84 00 00 00 02 60 b1 80 00 01 29 17 88 e8 04 01 46 07 fd fd c8 04 04 80",""
3585,14961,"PACKET","IN",207,45,"PlayerSync","id=207 bytes=45","cf 0b 00 8b 80 60 ff c0 00 12 cc a5 30 da d5 89 91 48 3c 9e 90 84 00 00 00 00 42 27 c0 00 03 e0 6a 9c f4 6c 31 5a db fd fd c8 04 e8 80",""
3586,14961,"PACKET","IN",207,35,"PlayerSync","id=207 bytes=35","cf 15 00 00 00 0d cb 23 30 d7 62 49 91 71 9f 1e 90 84 00 00 00 01 9e 65 80 00 00 00 00 00 01 28 00 04 11",""
3587,14962,"PACKET","IN",207,45,"PlayerSync","id=207 bytes=45","cf 37 00 e3 7f dc 40 00 00 0f bd e2 70 df 24 89 91 77 db de 90 80 00 00 00 03 1b 47 40 00 02 3e 6a 98 f5 ab df b5 47 fd fd c8 04 e8 80",""
3588,14962,"PACKET","IN",207,35,"PlayerSync","id=207 bytes=35","cf 5b 00 00 00 3f c4 a6 f0 d9 07 09 d1 7b 67 1f 10 84 00 00 00 01 2a 42 00 00 00 00 00 00 01 a5 04 e8 80",""
3589,14962,"PACKET","IN",203,34,"AimSync","id=203 bytes=34","cb 5b 00 04 6a 7a 56 3f b9 37 52 ba 95 c4 0b bf 03 81 9b c3 67 1c 27 45 69 a0 80 42 00 00 00 00 23 27",""
3590,14962,"PACKET","IN",207,43,"PlayerSync","id=207 bytes=43","cf 4f 00 62 3f c2 00 16 f0 a4 70 e9 d1 09 91 4a b5 9e 90 84 00 00 00 00 26 a2 00 00 01 5e bb d8 f4 ec 06 e2 47 fd fd c8 04 02 80",""
3591,14962,"PACKET","IN",207,41,"PlayerSync","id=207 bytes=41","cf 7c 00 00 00 1d 0f a6 f0 f6 29 09 91 7b 67 1f 10 84 00 00 00 02 32 da 40 00 00 a7 c4 80 f4 10 03 45 f7 fd fd fb 04 04 80",""
3592,15006,"PACKET","IN",207,45,"PlayerSync","id=207 bytes=45","cf 0b 00 8b 80 60 ff c0 00 3d 4e e5 30 ff 55 89 91 53 3c 9e 90 84 00 00 00 02 ea 23 c0 00 00 d1 0e a0 f4 ec 32 6e db fd fd c8 04 e8 80",""
3593,15006,"PACKET","IN",207,45,"PlayerSync","id=207 bytes=45","cf 20 00 97 80 59 c0 02 00 24 f4 64 70 c9 27 49 91 7f 31 de 90 84 00 00 00 00 e7 57 c0 00 02 b7 86 24 f5 d0 29 51 37 fd fd a5 04 04 80",""
3594,15006,"PACKET","IN",207,35,"PlayerSync","id=207 bytes=35","cf 2d 00 00 00 37 8d 62 b0 cb e9 09 91 5c 9a de 90 80 00 00 00 01 5c 03 c0 00 00 00 00 00 01 28 00 04 11",""
3595,15006,"PACKET","IN",207,45,"PlayerSync","id=207 bytes=45","cf 37 00 e2 7f dc 00 00 00 0f fa e2 70 fc 24 49 91 6e 1c 1e 90 80 00 00 00 03 0f 43 40 00 03 da 5e c4 f4 ef e0 61 53 fd fd c8 04 e8 80",""
3596,15007,"PACKET","IN",200,38,"VehicleSync","id=200 bytes=38","c8 3f 00 4b 00 00 00 00 00 00 00 59 f0 c6 30 3b 68 bf 06 4e ac 32 5b 62 b4 57 e3 b9 b4 20 00 00 00 06 80 3a 00 00",""
3597,15007,"PACKET","IN",200,44,"VehicleSync","id=200 bytes=44","c8 a6 00 1d 00 df ff fd ff 00 00 24 80 7e c0 76 d2 97 83 0a 8c 37 78 f2 74 5d 54 c7 a4 2c d3 c7 63 d8 9a 54 bf ac 57 bf e0 1f 00 00",""
3598,15007,"PACKET","IN",207,45,"PlayerSync","id=207 bytes=45","cf 0b 00 8b 80 60 ff c0 00 0f d1 a5 30 e6 95 c9 91 5e bc 9e 90 84 00 00 00 01 4a 23 c0 00 02 d3 32 c8 f5 9c 33 de db fd fd c8 04 e8 80",""
3599,15007,"PACKET","IN",207,45,"PlayerSync","id=207 bytes=45","cf 37 00 e1 7f db c0 00 00 2f b7 a2 70 d9 24 49 91 67 1c 5e 90 80 00 00 00 02 bb 3f 40 00 01 e4 fe f0 f7 4b e3 01 57 fd fd c8 04 e8 80",""
3600,15007,"PACKET","IN",207,41,"PlayerSync","id=207 bytes=41","cf 76 00 00 00 17 6e 2b 70 cc 6c 49 91 7b 6e e0 10 84 00 00 00 00 f9 63 40 00 02 18 f8 44 f0 ac 8c 83 63 fd fd 00 00 00 80",""
3601,15007,"PACKET","IN",207,43,"PlayerSync","id=207 bytes=43","cf 7e 00 60 3f c2 00 10 73 aa b0 dd 9d 89 d1 52 d9 20 10 80 00 00 00 00 fb b3 94 00 00 df b5 80 f9 fb 65 e0 9f 55 a1 ab 04 08 80",""
3602,15029,"PACKET","IN",207,45,"PlayerSync","id=207 bytes=45","cf 0b 00 8b 80 60 ff c0 00 3f 13 a5 30 c8 16 09 91 68 3c 9e 90 84 00 00 00 03 6a 1f c0 00 02 e0 06 44 f6 70 31 9e df fd fd c8 04 e8 80",""
3603,15029,"PACKET","IN",207,45,"PlayerSync","id=207 bytes=45","cf 20 00 97 80 59 c0 02 00 29 b8 a4 70 d1 67 09 91 7f 31 de 90 84 00 00 00 00 9b 4f c0 00 00 46 8e 40 f4 68 26 59 43 fd fd a5 04 04 80",""
3604,15029,"PACKET","IN",207,45,"PlayerSync","id=207 bytes=45","cf 37 00 df 7f db 40 00 00 14 b4 e2 70 fa a4 09 91 5a 9c 9e 90 80 00 00 00 03 b7 3f 40 00 01 cf aa ec f5 b3 e6 0d 5f fd fd c8 04 e8 80",""
3605,15029,"PACKET","IN",207,43,"PlayerSync","id=207 bytes=43","cf 4f 00 62 3f c2 00 36 77 a4 70 c9 91 49 91 6e 35 de 90 84 00 00 00 00 26 a2 00 00 02 2c e7 f0 f4 e8 06 c6 47 fd fd c8 04 02 80",""
3606,15029,"PACKET","IN",200,38,"VehicleSync","id=200 bytes=38","c8 3f 00 4b 00 00 00 00 00 00 00 58 d0 c6 e0 3b 88 bf 06 4e ac 32 5b 62 b4 58 23 b9 b4 20 00 00 00 06 80 3a 00 00",""
3607,15051,"PACKET","IN",207,45,"PlayerSync","id=207 bytes=45","cf 0b 00 8b 80 60 ff c0 00 34 95 65 30 e2 96 09 91 6f 3c 9e 90 84 00 00 00 01 4e 1f c0 00 01 01 99 c8 f7 68 33 9a df fd fd c8 04 e8 80",""
3608,15051,"PACKET","IN",207,45,"PlayerSync","id=207 bytes=45","cf 37 00 dd ff da c0 00 00 18 b1 e2 70 da 64 09 91 50 dc de 90 80 00 00 00 03 73 3f 40 00 00 bf 2e e0 f5 27 e4 6d 5f fd fd c8 04 e8 80",""
3609,15051,"PACKET","IN",207,43,"PlayerSync","id=207 bytes=43","cf 4f 00 62 3f c2 00 26 3e e4 70 e9 91 49 91 52 b6 5e 90 84 00 00 00 00 26 a2 00 00 03 d6 0b f0 f4 e8 06 c6 47 fd fd c8 04 02 80",""
3610,15052,"PACKET","IN",207,41,"PlayerSync","id=207 bytes=41","cf 85 00 00 00 37 c3 65 b0 dc 3d c9 91 6c 24 9f 10 84 00 00 00 02 29 c9 80 00 02 50 b0 20 f0 c4 03 b9 e3 fd fd a5 04 04 80",""
3611,15052,"PACKET","IN",207,45,"PlayerSync","id=207 bytes=45","cf 0b 00 8b 80 60 ff c0 00 38 17 65 30 c2 56 49 91 77 3c 9e 90 84 00 00 00 03 52 1b c0 00 02 6a 8a 88 f4 80 35 d6 e3 fd fd c8 04 e8 80",""
3612,15052,"PACKET","IN",207,41,"PlayerSync","id=207 bytes=41","cf 7c 00 00 00 1b d2 66 f0 f4 a9 09 91 7b 67 1f 10 84 00 00 00 02 32 da 40 00 01 6b c4 28 f0 10 03 45 f7 fd fd fb 04 04 80",""
3613,15073,"PACKET","IN",207,45,"PlayerSync","id=207 bytes=45","cf 20 00 96 80 5a 00 02 00 32 bc e4 70 df a6 c9 91 7f 31 de 90 84 00 00 00 01 5f 3f c0 00 01 57 e6 58 f7 1c 1b 91 5b fd fd a5 04 04 80",""
3614,15073,"PACKET","IN",207,45,"PlayerSync","id=207 bytes=45","cf 37 00 db ff da 00 00 00 26 af 62 70 c0 24 09 91 7d 1c de 90 80 00 00 00 01 c7 43 40 00 00 d1 c2 c4 f5 4f e4 dd 5f fd fd c8 04 e8 80",""
3615,15073,"PACKET","IN",200,44,"VehicleSync","id=200 bytes=44","c8 a6 00 1d 00 c3 ff fb ff 00 00 25 30 6d 20 7a a2 78 a2 8a 8c 32 e9 32 74 58 14 47 a4 2d 2a 86 23 d5 f9 cc 1f c5 07 cf e0 1f 00 00",""
3616,15095,"PACKET","IN",207,45,"PlayerSync","id=207 bytes=45","cf 37 00 d9 7f d9 40 00 00 2d 2c 22 70 dc a3 c9 91 77 9d 1e 90 80 00 00 00 03 53 47 40 00 03 dd ca b4 f4 07 e5 15 5b fd fd c8 04 e8 80",""
3617,15095,"PACKET","IN",207,35,"PlayerSync","id=207 bytes=35","cf 4d 00 00 00 19 5f dc f0 c3 00 c9 91 7b ec 9e 90 80 00 00 00 00 39 bc 80 00 00 00 00 00 01 a8 04 04 11",""
3618,15096,"PACKET","IN",207,43,"PlayerSync","id=207 bytes=43","cf 4f 00 62 3f c2 00 1b 85 a4 b0 c7 91 89 91 70 36 9e 90 84 00 00 00 00 26 a2 00 00 03 ab 8b dc f4 e8 06 c6 47 fd fd c8 04 02 80",""
3619,15096,"PACKET","IN",207,43,"PlayerSync","id=207 bytes=43","cf 7e 00 60 3f c2 00 3b 1f ea b0 f1 db 09 d1 59 31 1f d0 80 00 00 00 00 fb b3 94 00 01 b7 a5 9c f9 6b 5a 4c aa 85 5d ab 04 08 80",""
3620,15096,"PACKET","IN",207,45,"PlayerSync","id=207 bytes=45","cf 0b 00 8b 80 60 ff c0 00 10 1c 25 30 cb d6 89 91 48 bc de 90 84 00 00 00 03 ce 17 c0 00 00 58 cf 04 f6 74 35 ca e7 fd fd c8 04 e8 80",""
3621,15096,"PACKET","IN",207,41,"PlayerSync","id=207 bytes=41","cf 76 00 00 00 21 ae ab 70 e2 ac 49 91 79 ee e0 10 84 00 00 00 02 99 43 40 00 00 99 d6 a8 ed d0 ce 5b 9b fd fd 00 00 00 80",""
3622,15096,"PACKET","IN",203,34,"AimSync","id=203 bytes=34","cb 76 00 04 83 e8 79 bf b4 20 fd bc e8 ca 5b be a8 05 ac c3 26 b3 26 45 c5 6f 83 42 00 00 00 00 3f ff",""
3623,15122,"PACKET","IN",207,45,"PlayerSync","id=207 bytes=45","cf 37 00 d2 7f d6 00 00 00 0f 69 e2 70 c0 e3 c9 91 62 9d 5e 90 80 00 00 00 03 2b 67 40 00 02 5f fa 9c f4 cb e0 01 53 fd fd c8 04 e8 80",""
3624,15122,"RPC","IN",58,2,"Delete3DTextLabel","id=58 bytes=2","00 04",""
3625,15122,"RPC","IN",137,13,"ServerJoin","id=137 bytes=13","00 00 00 00 00 00 00 05 42 41 47 41 4b",""
3626,15123,"RPC","IN",113,7,"SetPlayerAttachedObject","id=113 bytes=7","00 00 09 00 00 00 00",""
3627,15123,"RPC","IN",72,6,"SetPlayerColor","id=72 bytes=6","00 00 ff 83 7f 7f",""
3628,15123,"PACKET","IN",207,45,"PlayerSync","id=207 bytes=45","cf 0b 00 8b 80 60 ff c0 00 16 5e e5 30 f8 d6 89 91 52 bc de 90 84 00 00 00 01 e2 17 c0 00 00 79 5b 00 f7 64 37 a2 e7 fd fd c8 04 e8 80",""
3629,15123,"PACKET","IN",207,35,"PlayerSync","id=207 bytes=35","cf 1c 00 00 00 18 97 e4 70 fe e0 09 91 73 ac 5e 90 84 00 00 00 03 11 ab e0 00 00 00 00 00 01 00 00 00 80",""
3630,15123,"PACKET","IN",203,34,"AimSync","id=203 bytes=34","cb 1c 00 04 af bc 3c bf 0f ef 23 3f ca 8b 5c be c7 d9 90 c3 79 72 26 45 7d 50 7e 42 00 00 00 00 3f ff",""
3631,15123,"PACKET","IN",207,45,"PlayerSync","id=207 bytes=45","cf 37 00 cc ff d2 c0 00 00 3b a7 62 70 db a3 89 91 4c dd 9e 90 80 00 00 00 02 63 83 40 00 02 63 fa 9c f5 d7 ca d9 1b fd fd c8 04 e8 80",""
3632,15123,"PACKET","IN",200,38,"VehicleSync","id=200 bytes=38","c8 3f 00 4b 00 00 00 00 00 00 00 58 20 c7 70 3b 98 bf 06 4e ac 32 5b 62 b4 58 63 b9 b4 20 00 00 00 06 80 3a 00 00",""
3633,15124,"PACKET","IN",207,43,"PlayerSync","id=207 bytes=43","cf 4f 00 62 3f c2 00 0d cc e4 b0 e7 d1 89 91 54 b7 1e 90 84 00 00 00 00 26 a2 00 00 01 56 47 b8 f4 e8 06 c6 47 fd fd c8 04 02 80",""
3634,15124,"PACKET","IN",207,35,"PlayerSync","id=207 bytes=35","cf 7c 00 00 00 30 12 66 f0 f4 a9 09 91 7b 67 1f 10 84 00 00 00 02 32 da 40 00 00 00 00 00 01 fb 04 04 80",""
3635,15124,"PACKET","IN",203,34,"AimSync","id=203 bytes=34","cb 7c 00 04 e3 19 74 bf 4d 31 32 be 81 e8 7b be 46 d4 9a c3 9f a7 26 45 b8 00 80 42 00 00 00 00 3f 20",""
3636,15147,"PACKET","IN",207,45,"PlayerSync","id=207 bytes=45","cf 0b 00 8b 80 60 ff c0 00 38 e1 25 30 e0 16 c9 91 5a bc de 90 84 00 00 00 03 ae 13 c0 00 02 97 32 f8 f4 68 39 9e eb fd fd c8 04 e8 80",""
3637,15147,"PACKET","IN",207,41,"PlayerSync","id=207 bytes=41","cf 85 00 00 00 12 c5 65 b0 db bd c9 91 6c 24 9f 10 84 00 00 00 02 29 c9 80 00 01 5d ad 60 f0 14 02 c1 f7 fd fd a5 04 04 80",""
3638,15147,"PACKET","IN",207,45,"PlayerSync","id=207 bytes=45","cf 37 00 c6 ff cd c0 00 00 04 65 62 70 ee 23 49 91 75 1d 9e 90 80 00 00 00 00 af a3 40 00 03 0b fa 9c f7 1b af c8 eb fd fd c8 04 e8 80",""
3639,15147,"PACKET","IN",200,44,"VehicleSync","id=200 bytes=44","c8 a6 00 1d 00 9f ff fb ff 00 00 2f d0 5c 70 74 52 4a d2 3a 8c 39 99 62 74 57 13 e7 a4 2f 26 74 c3 df 58 e1 5f f0 97 df e0 1f 00 00",""
3640,15148,"PACKET","OUT",207,69,"PlayerSync","id=207 bytes=69","cf 00 00 00 00 00 00 e8 9a a0 c3 95 ed 26 45 ed 9c 7c 42 0f 68 4f 3f 00 00 00 80 00 00 00 00 d5 0f 16 bf 64 00 00 00 00 00 00 00 00 00 00 00 00 00 00 00 00 00 00 00 00 00 00 00 00 00 00 00 00 00 28 00 04 11",""
3641,15171,"PACKET","IN",207,45,"PlayerSync","id=207 bytes=45","cf 0b 00 8b 80 60 ff c0 00 06 a4 65 30 d2 d7 09 91 64 7c de 90 84 00 00 00 01 be 13 c0 00 02 34 f7 10 f5 98 3b ea eb fd fd c8 04 e8 80",""
3642,15171,"PACKET","IN",207,35,"PlayerSync","id=207 bytes=35","cf 4b 00 00 00 15 e8 a3 70 f0 5d 09 91 79 a3 5e 90 80 00 00 00 03 47 12 00 00 00 00 00 00 01 28 00 04 11",""
3643,15171,"PACKET","IN",203,34,"AimSync","id=203 bytes=34","cb 4b 00 04 13 55 57 bf 91 17 07 bf a2 67 f2 bd 27 48 8d c3 d4 7b 26 45 ce 59 7d 42 00 00 00 00 3f 22",""
3644,15172,"PACKET","IN",207,43,"PlayerSync","id=207 bytes=43","cf 4f 00 62 3f c2 00 3d 93 24 b0 c4 91 c9 91 6e b7 5e 90 84 00 00 00 00 26 a2 00 00 03 40 63 8c f4 e8 06 c6 47 fd fd c8 04 02 80",""
3645,15172,"PACKET","IN",207,43,"PlayerSync","id=207 bytes=43","cf 7e 00 60 3f c2 00 0a 0b 6a b0 e3 18 89 d1 53 c8 1f 90 80 00 00 00 00 fb b3 94 00 01 2f 01 cc fa c3 44 c0 be 6d 1d ab 04 08 80",""
3646,15172,"PACKET","IN",207,45,"PlayerSync","id=207 bytes=45","cf 0b 00 8b 80 60 ff c0 00 04 66 e5 30 fc 97 09 91 6c 3c de 90 84 00 00 00 03 3a 0f c0 00 00 c8 cf 1c f6 a4 39 ee ef fd fd c8 04 e8 80",""
3647,15172,"PACKET","IN",207,35,"PlayerSync","id=207 bytes=35","cf 54 00 00 00 27 65 68 30 dc 13 49 d1 7b 67 1f 10 84 00 00 00 01 87 f6 c0 00 00 00 00 00 01 28 00 04 11",""
3648,15172,"PACKET","IN",207,41,"PlayerSync","id=207 bytes=41","cf 76 00 00 00 19 ae eb 70 eb ec 49 91 78 ae e0 10 84 00 00 00 02 99 43 40 00 01 51 2d a8 e5 d0 ce 5b 9b fd fd 00 00 00 80",""
3649,15195,"PACKET","IN",207,45,"PlayerSync","id=207 bytes=45","cf 20 00 96 80 5a 00 02 00 1a cc e4 b0 d2 66 49 91 7f 71 de 90 84 00 00 00 01 37 1b c0 00 03 68 4a c8 f4 9c 0f 05 8f fd fd a5 04 04 80",""
3650,15196,"PACKET","IN",203,34,"AimSync","id=203 bytes=34","cb 20 00 04 c7 c5 7b 3f e8 25 2b be 39 2d 8e bd 98 4e 93 c3 08 a1 26 45 cb e1 7d 42 00 00 00 00 3f 37",""
3651,15196,"RPC","IN",163,2,"WorldPlayerRemove","id=163 bytes=2","00 00",""
3652,15196,"PACKET","IN",207,45,"PlayerSync","id=207 bytes=45","cf 0b 00 8b 80 60 ff c0 00 09 a9 25 30 e3 57 49 91 72 bc de 90 84 00 00 00 01 2e 0f c0 00 02 80 7a c0 f4 04 3c 86 f3 fd fd c8 04 e8 80",""
3653,15196,"PACKET","IN",207,45,"PlayerSync","id=207 bytes=45","cf 4f 00 ff 7f e1 ff c2 00 1c 19 e4 b0 e2 11 c9 91 4b 37 de 90 84 00 00 00 02 86 a6 00 00 03 7e 7f 7c f4 e8 06 c6 47 fd fd c8 04 02 80",""
3654,15221,"PACKET","IN",207,35,"PlayerSync","id=207 bytes=35","cf 51 00 00 00 2e e7 28 30 ea ff 89 91 7b 67 1f 10 84 00 00 00 03 a6 8b c0 00 00 00 00 00 01 a5 04 e8 80",""
3655,15221,"PACKET","IN",207,41,"PlayerSync","id=207 bytes=41","cf 85 00 00 00 2e 46 a5 b0 db 7d c9 91 6c 24 9f 10 84 00 00 00 02 29 c9 80 00 01 75 20 f8 f0 14 02 c1 f7 fd fd a5 04 04 80",""
3656,15221,"PACKET","IN",207,45,"PlayerSync","id=207 bytes=45","cf 20 00 96 80 5a 00 00 00 18 52 64 b0 f1 26 09 91 7f 71 de 90 84 00 00 00 02 9b 0b c0 00 01 bf 9a bc f7 84 04 95 ab fd fd a5 04 04 80",""
3657,15221,"PACKET","IN",207,35,"PlayerSync","id=207 bytes=35","cf 47 00 00 00 0a d6 22 f0 e4 e8 c9 91 79 5b 1e 90 84 00 00 00 02 40 47 c0 00 00 00 00 00 01 28 00 04 11",""
3658,15245,"PACKET","IN",207,45,"PlayerSync","id=207 bytes=45","cf 0b 00 8b 80 60 ff c0 00 04 2b 65 30 c9 d7 89 91 78 7c de 90 84 00 00 00 03 12 0b c0 00 03 6f 26 b8 f5 24 3e a2 f3 fd fd c8 04 e8 80",""
3659,15245,"PACKET","IN",207,35,"PlayerSync","id=207 bytes=35","cf 46 00 00 00 3e ca 23 30 fc 9b 89 91 68 df 1e 90 84 00 00 00 03 0d 37 c0 00 00 00 00 00 01 28 00 04 11",""
3660,15245,"PACKET","IN",207,45,"PlayerSync","id=207 bytes=45","cf 4f 00 fd ff e1 ff c2 00 24 20 64 b0 fb d1 c9 91 69 38 1e 90 84 00 00 00 03 f6 ae 00 00 01 ac 33 a0 f7 d0 02 62 3f fd fd c8 04 02 80",""
3661,15245,"PACKET","IN",200,44,"VehicleSync","id=200 bytes=44","c8 a6 00 1d 00 95 ff fc ff 00 00 2e d0 5c 50 78 31 fe 72 1a 8c 3a f9 92 74 56 33 a7 a4 2e f4 f3 53 d4 78 1f 8f fc a7 df e0 1f 00 00",""
3662,15245,"PACKET","IN",207,35,"PlayerSync","id=207 bytes=35","cf 76 00 00 00 19 ae eb 70 eb ec 49 91 78 ae e0 10 84 00 00 00 02 99 43 40 00 00 00 00 00 01 00 00 00 80",""
3663,15246,"PACKET","IN",207,43,"PlayerSync","id=207 bytes=43","cf 7e 00 60 3f c2 00 06 ba aa 70 d0 96 89 d1 45 15 9f 50 80 00 00 00 00 fb b3 94 00 00 e6 ac 70 fb ff 6b ec 97 fd fd ac 04 64 80",""
3664,15271,"PACKET","IN",207,45,"PlayerSync","id=207 bytes=45","cf 0b 00 8b 80 60 ff c0 00 2d b0 e5 30 ec 97 c9 91 46 bd 1e 90 84 00 00 00 00 fa 0b c0 00 00 98 4e a8 f6 50 3c ca f7 fd fd c8 04 e8 80",""
3665,15271,"PACKET","IN",207,45,"PlayerSync","id=207 bytes=45","cf 20 00 96 80 5a 00 00 00 00 17 a4 b0 d9 66 09 91 7f 71 de 90 84 00 00 00 00 72 ff c0 00 01 95 fe bc f4 48 05 d1 bf fd fd a5 04 04 80",""
3666,15271,"PACKET","IN",207,45,"PlayerSync","id=207 bytes=45","cf 4f 00 fd 7f e1 bf c2 00 05 27 64 b0 d1 52 09 91 51 b8 9e 90 84 00 00 00 03 1a b2 00 00 02 c6 b3 dc f6 6c 01 c6 33 fd fd c8 04 02 80",""
3667,15292,"PACKET","IN",207,45,"PlayerSync","id=207 bytes=45","cf 0b 00 8b 80 60 ff c0 00 33 33 25 30 d4 98 09 91 4b fd 1e 90 84 00 00 00 03 7e 03 c0 00 01 2d 8e 88 f7 78 3e ee f7 fd fd c8 04 e8 80",""
3668,15292,"PACKET","IN",207,45,"PlayerSync","id=207 bytes=45","cf 0b 00 8c 00 60 ff c0 00 1a 75 25 30 f7 18 09 91 4f bd 1e 90 84 00 00 00 01 c5 ff c0 00 02 32 66 64 f6 94 40 7a ff fd fd c8 04 e8 80",""
3669,15292,"PACKET","IN",207,49,"PlayerSync","id=207 bytes=49","cf 30 00 00 00 22 fe a6 b0 cf 96 c9 d1 7b 67 1f 10 84 00 00 00 01 bd d3 00 00 00 00 00 00 03 ff fe 00 00 00 00 00 00 00 00 00 00 00 01 28 00 04 11",""
3670,15292,"PACKET","IN",207,45,"PlayerSync","id=207 bytes=45","cf 4f 00 fc ff e1 bf c2 00 26 2e 64 b0 e5 d2 09 91 7f 38 de 90 84 00 00 00 02 9a b6 00 00 01 f3 08 00 fa 08 01 8e 2f fd fd c8 04 02 80",""
3671,15321,"PACKET","IN",207,45,"PlayerSync","id=207 bytes=45","cf 20 00 96 80 5a 00 00 00 31 de 24 b0 c3 66 09 91 7f 71 de 90 84 00 00 00 01 8a ef c0 00 02 19 3f 14 f5 f8 03 11 d3 fd fd a5 04 04 80",""
3672,15322,"PACKET","IN",207,35,"PlayerSync","id=207 bytes=35","cf 85 00 00 00 1a 47 25 b0 e5 7d c9 91 6c 24 9f 10 84 00 00 00 02 29 c9 80 00 00 00 00 00 01 a5 04 04 80",""
3673,15322,"PACKET","IN",200,44,"VehicleSync","id=200 bytes=44","c8 a6 00 1d 00 95 ff fc ff 00 00 2d 50 5c 40 75 71 a3 52 2a 8c 36 b9 c2 74 5a 53 77 a4 2d 9c 91 f3 d6 47 7b 2f f5 d7 ef e0 1f 00 00",""
3674,15322,"PACKET","IN",207,45,"PlayerSync","id=207 bytes=45","cf 0b 00 8d 00 60 ff c0 00 20 37 65 30 e1 98 49 91 52 bd 1e 90 84 00 00 00 00 e9 f7 c0 00 02 79 6e ac f5 e0 46 33 03 fd fd c8 04 e8 80",""
3675,15322,"PACKET","IN",207,35,"PlayerSync","id=207 bytes=35","cf 1b 00 00 00 02 a3 63 70 d7 5a c9 91 7b a3 1e 90 80 00 00 00 00 d6 93 00 00 00 00 00 00 01 28 00 04 11",""
3676,15347,"PACKET","IN",207,45,"PlayerSync","id=207 bytes=45","cf 0b 00 8d 80 60 ff c0 00 3b 7a 25 30 d9 58 89 91 54 bd 1e 90 84 00 00 00 03 51 ef c0 00 01 95 9a f0 f7 18 4a f3 0b fd fd c8 04 e8 80",""
3677,15347,"PACKET","IN",203,34,"AimSync","id=203 bytes=34","cb 0b 00 04 fe d4 6e bf 18 98 b0 3e d4 7e d3 bd 48 31 94 c3 d1 59 26 45 22 fd 7d 42 00 00 00 00 3f 36",""
3678,15347,"PACKET","IN",207,45,"PlayerSync","id=207 bytes=45","cf 4f 00 fc 7f e1 7f c2 00 1a b5 a4 b0 f8 52 09 91 6f f9 5e 90 84 00 00 00 02 2e ba 00 00 02 33 08 00 f9 a0 00 d2 2b fd fd c8 04 02 80",""
3679,15348,"PACKET","IN",207,43,"PlayerSync","id=207 bytes=43","cf 7e 00 60 3f c2 00 0a ad 6a 70 ed 94 c9 d1 65 d1 9f 50 80 00 00 00 00 fb b3 94 00 02 0d 6e 2c f3 ff 6b ec 97 fd fd ac 04 64 80",""
3680,15348,"PACKET","IN",207,35,"PlayerSync","id=207 bytes=35","cf 85 00 00 01 1a 47 25 b0 e5 7d c9 91 6c 24 9f 10 84 00 00 00 02 29 c9 80 00 00 00 00 00 01 a5 04 04 80",""
3681,15372,"PACKET","IN",207,45,"PlayerSync","id=207 bytes=45","cf 0b 00 8f 00 61 3f c0 00 39 bc a5 30 cb 98 c9 91 54 fd 1e 90 84 00 00 00 01 99 e3 c0 00 00 00 d2 b4 f6 78 4c 63 13 fd fd c8 04 e8 80",""
3682,15372,"PACKET","IN",207,45,"PlayerSync","id=207 bytes=45","cf 4f 00 fc 7f e1 7f c2 00 02 fc 24 b0 c6 d2 49 91 55 f9 de 90 84 00 00 00 03 32 ba 00 00 02 b1 b7 ec f5 40 03 f2 23 fd fd c8 04 02 80",""
3683,15396,"PACKET","IN",207,45,"PlayerSync","id=207 bytes=45","cf 0b 00 8f 80 61 7f c0 00 15 fe e5 30 f8 d8 c9 91 52 bd 1e 90 84 00 00 00 02 a5 db c0 00 02 38 e6 b4 f6 f8 55 7b 1f fd fd c8 04 e8 80",""
3684,15396,"PACKET","IN",200,44,"VehicleSync","id=200 bytes=44","c8 a6 00 1d 00 00 00 00 00 00 00 21 50 5a 80 71 81 7a 92 1a 8c 3e 39 e2 74 53 53 47 a4 22 a3 c1 13 dd 98 7b af f6 f7 df e0 1f 00 00",""
3685,15418,"PACKET","IN",207,45,"PlayerSync","id=207 bytes=45","cf 0b 00 90 00 61 7f c0 00 1b c1 25 70 eb 59 09 91 4e bd 1e 90 84 00 00 00 00 d9 d7 c0 00 03 eb fe b4 f7 68 5b f7 23 fd fd c8 04 e8 80",""
3686,15418,"PACKET","IN",207,45,"PlayerSync","id=207 bytes=45","cf 4f 00 fb ff e1 7f c2 00 38 02 64 f0 d4 d2 49 91 7d 3a 1e 90 84 00 00 00 03 56 be 00 00 03 c4 4b cc f5 28 02 92 23 fd fd c8 04 02 80",""
3687,15418,"PACKET","IN",207,45,"PlayerSync","id=207 bytes=45","cf 0b 00 90 80 61 7f c0 00 1e c3 25 70 d9 59 49 91 4a 3d 1e 90 84 00 00 00 02 b9 cf c0 00 02 c7 5a a8 f7 2c 5d 4f 2b fd fd c8 04 e8 80",""
3688,15419,"PACKET","IN",207,45,"PlayerSync","id=207 bytes=45","cf 20 00 97 00 5a 40 00 00 3a 2b 64 b0 f4 65 c9 91 7f 71 de 90 84 00 00 00 01 fa cf c0 00 02 a1 67 34 f4 00 00 8a 03 fd fd a5 04 04 80",""
3689,15441,"PACKET","IN",207,45,"PlayerSync","id=207 bytes=45","cf 20 00 97 80 5a 40 00 00 1f 72 24 b0 fa a5 c9 91 7f 71 de 90 84 00 00 00 01 b2 c3 c0 00 02 56 f3 20 f4 78 01 f2 17 fd fd a5 04 04 80",""
3690,15441,"PACKET","IN",207,45,"PlayerSync","id=207 bytes=45","cf 4f 00 fb 7f e1 7f c2 00 1e 08 a4 f0 e0 12 49 91 61 7a 9e 90 84 00 00 00 03 aa c2 00 00 01 f0 4f b4 f4 d0 00 e6 1f fd fd c8 04 02 80",""
3691,15441,"PACKET","IN",207,43,"PlayerSync","id=207 bytes=43","cf 7e 00 60 3f c2 00 05 99 6a 70 de 12 89 d1 74 8b 5f 50 80 00 00 00 02 77 a7 94 00 00 34 88 90 fa 1b 7f 34 ab fd fd ac 04 64 80",""
3692,15441,"PACKET","IN",207,35,"PlayerSync","id=207 bytes=35","cf 85 00 00 00 1a 47 25 b0 e5 7d c9 91 6c 24 9f 10 84 00 00 00 02 29 c9 80 00 00 00 00 00 01 a5 04 04 80",""
3693,15441,"PACKET","IN",203,34,"AimSync","id=203 bytes=34","cb 85 00 04 e0 2b 17 3f 39 c4 49 3f 32 b2 31 be 23 c3 96 c3 c4 db 26 45 83 40 80 42 00 00 00 00 3f c6",""
3694,15468,"PACKET","IN",207,45,"PlayerSync","id=207 bytes=45","cf 0b 00 90 80 61 7f c0 00 1a 85 65 70 cd d9 89 91 43 bd 1e 90 84 00 00 00 00 39 cf c0 00 00 9c ce a4 f7 34 62 e3 2f fd fd c8 04 e8 80",""
3695,15468,"PACKET","IN",207,45,"PlayerSync","id=207 bytes=45","cf 0b 00 90 80 61 7f c0 00 0d 48 65 70 d3 d9 c9 91 42 fd 1e d0 84 00 00 00 01 45 cb c0 00 01 f7 56 fc f4 dc 65 23 33 fd fd c8 04 e8 80",""
3696,15490,"PACKET","IN",207,45,"PlayerSync","id=207 bytes=45","cf 20 00 9b 00 59 00 00 00 1c 78 e4 b0 c6 26 09 91 7f 71 de 90 84 00 00 00 00 96 cf c0 00 03 51 2b 38 f4 6c 01 02 17 fd fd a5 04 04 80",""
3697,15490,"PACKET","IN",207,45,"PlayerSync","id=207 bytes=45","cf 4f 00 fb 7f e1 7f c2 00 13 8f 24 f0 e9 52 49 91 4c fb 1e 90 84 00 00 00 01 1a c6 00 00 02 86 5f 9c f4 80 02 ee 17 fd fd c8 04 02 80",""
3698,15490,"PACKET","IN",203,34,"AimSync","id=203 bytes=34","cb 4f 00 04 d6 f0 7d bf df d6 ef 3d e3 cd 44 bd c5 80 91 c3 29 43 26 45 c5 fe 7d 42 00 00 00 00 3f 26",""
3699,15491,"PACKET","IN",200,44,"VehicleSync","id=200 bytes=44","c8 a6 00 1d 00 00 00 00 00 00 00 2d 10 49 70 70 01 6b 21 fa 8c 31 5a 12 74 5c 83 07 a4 2c 72 bf e3 c5 59 0e 9f ef 07 cf e0 1f 00 00",""
3700,15491,"PACKET","IN",203,34,"AimSync","id=203 bytes=34","cb a6 00 12 b1 ef 2b 3f cf 57 2d 3f 6b f6 99 be e1 aa a9 c3 28 6e 27 45 df cf 81 42 00 00 00 00 3f 21",""
3701,15491,"PACKET","IN",207,45,"PlayerSync","id=207 bytes=45","cf 0b 00 90 80 61 7f c0 00 26 ca a5 70 cc 5a 09 91 60 7d 9e d0 84 00 00 00 01 91 c7 c0 00 01 52 82 e8 f6 d8 67 cb 33 fd fd c8 04 e8 80",""
3702,15491,"PACKET","IN",207,35,"PlayerSync","id=207 bytes=35","cf 5b 00 00 00 3f c4 a6 f0 d9 07 09 d1 7b 67 1f 10 84 00 00 00 01 2a 42 00 00 00 00 00 00 01 a5 04 e8 80",""
3703,15520,"PACKET","IN",207,45,"PlayerSync","id=207 bytes=45","cf 0b 00 91 00 61 7f c0 00 2f cc a5 70 fe 1a 09 91 6b 7e 1e d0 84 00 00 00 02 e5 bf c0 00 03 e9 56 d8 f5 58 6b 17 37 fd fd c8 04 e8 80",""
3704,15520,"PACKET","IN",207,35,"PlayerSync","id=207 bytes=35","cf 97 00 00 00 39 55 a5 b0 df 38 c9 91 6c 24 9f 10 80 00 00 00 01 30 6f e8 00 00 00 00 00 01 28 00 04 11",""
3705,15520,"PACKET","IN",207,45,"PlayerSync","id=207 bytes=45","cf 0b 00 91 00 61 7f c0 00 01 4f 25 70 f8 9a 49 91 4f 7e de d0 84 00 00 00 00 05 bf c0 00 01 51 f3 0c f5 e4 6c f3 3f fd fd c8 04 e8 80",""
3706,15521,"PACKET","IN",207,45,"PlayerSync","id=207 bytes=45","cf 4f 00 fa ff e1 bf c2 00 03 15 e4 f0 f2 12 49 91 7d 3b 5e 90 84 00 00 00 02 02 ca 00 00 02 4a 5f 9c f4 6c 00 f2 17 fd fd c8 04 02 80",""
3707,15521,"PACKET","IN",207,35,"PlayerSync","id=207 bytes=35","cf 79 00 00 00 09 c6 a2 f0 e9 a5 c9 91 46 da 9e 90 84 00 00 00 02 ec 63 40 00 00 00 00 00 01 28 00 04 11",""
3708,15521,"PACKET","IN",203,34,"AimSync","id=203 bytes=34","cb 79 00 04 c0 65 16 bf c2 33 39 3f 29 a7 b9 be 4f e6 89 c3 43 68 26 45 4f 60 81 42 00 00 00 00 3f 55",""
3709,15521,"PACKET","IN",207,43,"PlayerSync","id=207 bytes=43","cf 7e 00 60 3f ca 00 1e 0f ea 70 cc d1 89 d1 42 88 9f 50 80 00 00 00 00 fb b3 94 00 03 63 af 24 f6 2f 76 84 a3 fd fd ac 04 64 80",""
3710,15521,"PACKET","IN",207,45,"PlayerSync","id=207 bytes=45","cf 20 00 a0 00 55 40 00 00 18 c0 24 f0 c4 a6 09 91 7f 71 de 90 84 00 00 00 00 fa f3 c0 00 02 b5 73 80 f4 98 03 29 e7 fd fd a5 04 04 80",""
3711,15543,"PACKET","IN",207,45,"PlayerSync","id=207 bytes=45","cf 0b 00 91 00 61 7f c0 00 0e 51 65 70 f3 5a 89 91 73 7f 5e d0 84 00 00 00 00 d1 bb c0 00 03 04 8b 18 f7 e0 6f 73 3f fd fd c8 04 e8 80",""
3712,15543,"PACKET","IN",207,35,"PlayerSync","id=207 bytes=35","cf 92 00 00 00 17 75 a2 f0 f2 65 89 91 75 9e 1e 90 84 00 00 00 00 c2 8d c0 00 00 00 00 00 01 a5 04 04 80",""
3713,15543,"PACKET","IN",203,34,"AimSync","id=203 bytes=34","cb 92 00 04 f6 04 fc be 11 3b 3f 3f 10 cf e4 be ae f7 8a c3 8b 6c 26 45 52 98 81 42 00 00 00 00 3f 37",""
3714,15574,"PACKET","IN",207,45,"PlayerSync","id=207 bytes=45","cf 0b 00 91 00 61 7f c0 00 31 53 25 70 e4 5a c9 91 7c ff de d0 84 00 00 00 01 95 b7 c0 00 01 81 56 c0 f6 1c 72 37 43 fd fd c8 04 e8 80",""
3715,15574,"PACKET","IN",207,35,"PlayerSync","id=207 bytes=35","cf 2d 00 00 00 37 8d 62 b0 cb e9 09 91 5c 9a de 90 80 00 00 00 01 5c 03 c0 00 00 00 00 00 01 28 00 04 11",""
3716,15574,"PACKET","IN",207,45,"PlayerSync","id=207 bytes=45","cf 4f 00 fa ff e1 bf c2 00 21 db e4 f0 f7 92 49 91 65 bb de 90 84 00 00 00 03 de ca 00 00 02 21 b7 ac f4 30 02 1e 0f fd fd c8 04 02 80",""
3717,15574,"PACKET","IN",200,44,"VehicleSync","id=200 bytes=44","c8 a6 00 1d 00 00 00 00 00 00 00 20 10 59 c0 7b 11 5e 81 da 8c 39 ea 22 74 57 32 e7 a4 24 86 fe 03 c0 e9 38 6f eb a7 cf e0 1f 00 00",""
3718,15575,"PACKET","IN",207,45,"PlayerSync","id=207 bytes=45","cf 20 00 a4 00 51 c0 00 00 35 46 e4 f0 ed e5 c9 91 7f 71 de 90 84 00 00 00 01 6f 17 c0 00 02 52 b3 a8 f7 e8 00 c1 c3 fd fd a5 04 04 80",""
3719,15575,"PACKET","IN",207,45,"PlayerSync","id=207 bytes=45","cf 0b 00 91 00 61 7f c0 00 1b 55 25 70 d6 9b 09 91 48 40 9f 10 84 00 00 00 02 95 b3 c0 00 03 90 7e c0 f4 60 74 ff 47 fd fd c8 04 e8 80",""
3720,15575,"PACKET","IN",207,45,"PlayerSync","id=207 bytes=45","cf 4f 00 fa 7f e1 bf c2 00 32 22 64 f0 fc 52 49 91 57 3c 5e 90 84 00 00 00 00 96 d2 00 00 00 92 ab dc f4 20 03 86 0b fd fd c8 04 02 80",""
3721,15575,"PACKET","IN",207,43,"PlayerSync","id=207 bytes=43","cf 7e 00 60 3f ca 00 25 01 ea 70 d2 8f c9 d1 6b c4 5f 50 80 00 00 00 00 fb b3 94 00 00 50 e1 04 fb ff 6b ec 97 fd fd ae 04 08 80",""
3722,15601,"PACKET","IN",207,45,"PlayerSync","id=207 bytes=45","cf 0b 00 91 00 61 7f c0 00 24 57 25 70 cc db 49 91 5f c1 1f 10 84 00 00 00 03 85 af c0 00 02 ec 86 bc f6 7c 77 8b 47 fd fd c8 04 e8 80",""
3723,15623,"PACKET","IN",207,45,"PlayerSync","id=207 bytes=45","cf 0b 00 91 00 61 7f c0 00 03 99 25 70 ff 5b 49 91 6d 41 9f 10 84 00 00 00 00 31 af c0 00 00 80 46 c0 f4 a8 7a 23 4b fd fd c8 04 e8 80",""
3724,15623,"PACKET","IN",207,45,"PlayerSync","id=207 bytes=45","cf 20 00 a8 80 4c c0 00 00 05 50 a4 f0 e7 a5 89 91 7f 71 de 90 84 00 00 00 00 a3 43 c0 00 02 e0 63 d4 f4 88 14 69 73 fd fd a5 04 04 80",""
3725,15623,"PACKET","IN",207,45,"PlayerSync","id=207 bytes=45","cf 4f 00 fa 7f e1 bf c2 00 20 29 64 f0 fe 92 49 91 51 7c de 90 84 00 00 00 02 7e d2 00 00 00 a5 83 f0 f4 04 00 ea 07 fd fd c8 04 02 80",""
3726,15623,"PACKET","IN",207,35,"PlayerSync","id=207 bytes=35","cf 7c 00 00 00 30 12 66 f0 f4 a9 09 91 7b 67 1f 10 84 00 00 00 02 32 da 40 00 00 00 00 00 01 fb 04 04 80",""
3727,15623,"PACKET","IN",207,45,"PlayerSync","id=207 bytes=45","cf 0b 00 91 00 61 7f c0 00 2d 9a e5 70 f3 db 89 91 40 02 5f 10 84 00 00 00 01 2d ab c0 00 01 36 1e c4 f7 04 78 ef 4f fd fd c8 04 e8 80",""
3728,15648,"PACKET","IN",207,45,"PlayerSync","id=207 bytes=45","cf 0b 00 91 00 61 7f c0 00 0f dc e5 70 e8 1b c9 91 51 c2 df 10 84 00 00 00 02 15 a7 c0 00 02 18 de c0 f5 30 7f 73 4f fd fd c8 04 e8 80",""
3729,15648,"PACKET","IN",207,45,"PlayerSync","id=207 bytes=45","cf 20 00 aa 80 4b 80 00 00 2d 17 a4 f0 d8 25 49 91 7f 71 de 90 84 00 00 00 02 c7 43 c0 00 00 58 03 e0 f5 40 1d 65 57 fd fd a5 04 04 80",""
3730,15649,"PACKET","IN",207,35,"PlayerSync","id=207 bytes=35","cf 4d 00 00 00 19 5f dc f0 c3 00 c9 91 7b ec 9e 90 80 00 00 00 00 39 bc 80 00 00 00 00 00 01 a8 04 04 11",""
3731,15649,"PACKET","IN",200,44,"VehicleSync","id=200 bytes=44","c8 a6 00 1d 00 00 00 00 00 00 00 23 40 5a 80 78 c1 5c e1 ba 8c 34 1a 42 74 5d 32 b7 a4 20 55 8b b3 ca 29 44 6f e9 87 cf e0 1f 00 00",""
3732,15649,"RPC","IN",105,19,"TextDrawSetString","id=105 bytes=19","2f 01 0f 00 30 39 20 41 67 75 73 74 75 73 20 32 30 32 36",""
3733,15649,"RPC","IN",105,12,"TextDrawSetString","id=105 bytes=12","30 01 08 00 31 32 3a 31 34 3a 32 33",""
3734,15649,"PACKET","IN",207,39,"PlayerSync","id=207 bytes=39","cf 1c 00 86 80 41 00 00 00 18 97 e4 70 fe e0 09 91 73 ac 5e 90 84 00 00 00 00 6d 67 e0 00 00 00 00 00 01 00 00 00 80",""
3735,15649,"PACKET","IN",203,34,"AimSync","id=203 bytes=34","cb 1c 00 04 82 03 ac be ed 43 6d 3f 38 c4 2b be 6f 22 91 c3 f6 6b 26 45 ac 0b 7e 42 00 00 00 00 3f ff",""
3736,15650,"PACKET","IN",207,45,"PlayerSync","id=207 bytes=45","cf 4f 00 fa 7f e1 bf c2 00 39 f0 24 f0 ff 92 49 91 4b 3d 5e 90 84 00 00 00 00 9a d6 00 00 01 2d 43 f0 f4 00 02 36 03 fd fd c8 04 02 80",""
3737,15650,"PACKET","OUT",205,9,"UNKNOWN_PACKET","id=205 bytes=9","cd b8 4a 04 00 00 00 00 00",""
3738,15671,"PACKET","IN",207,45,"PlayerSync","id=207 bytes=45","cf 0b 00 91 00 61 7f c0 00 18 de a5 70 da 5c 09 91 5e 03 5f 10 84 00 00 00 03 09 a3 c0 00 02 90 82 bc f7 6c 7d ff 53 fd fd c8 04 e8 80",""
3739,15671,"PACKET","IN",207,43,"PlayerSync","id=207 bytes=43","cf 7e 00 60 3f c2 00 21 b6 aa 30 ee 0e 49 d1 60 01 1f 50 80 00 00 00 00 fb b3 94 00 01 24 ca a4 f7 ff 6b ec 97 fd fd ae 04 08 80",""
3740,15694,"PACKET","IN",207,45,"PlayerSync","id=207 bytes=45","cf 1c 00 8d 00 42 00 00 00 1f 18 a4 70 fe e0 09 91 7b ac 5e 90 84 00 00 00 00 69 1f e0 00 03 4d b2 bc f0 00 03 fd ff fd fd 00 00 00 80",""
3741,15694,"PACKET","IN",207,35,"PlayerSync","id=207 bytes=35","cf 4b 00 00 00 15 e8 a3 70 f0 5d 09 91 79 a3 5e 90 80 00 00 00 03 47 12 00 00 00 00 00 00 01 28 00 04 11",""
3742,15694,"PACKET","IN",203,34,"AimSync","id=203 bytes=34","cb 4b 00 04 1d 5c 55 bf 4e a4 0a bf 44 25 e1 bd 00 49 8d c3 03 7c 26 45 89 52 7d 42 00 00 00 00 3f 22",""
3743,15695,"PACKET","IN",207,45,"PlayerSync","id=207 bytes=45","cf 4f 00 f9 ff e1 ff c2 00 3e b7 24 f0 ff 52 49 91 49 3d de 90 84 00 00 00 02 06 da 00 00 03 44 a3 dc f4 00 03 3d ff fd fd c8 04 02 80",""
3744,15695,"PACKET","IN",207,45,"PlayerSync","id=207 bytes=45","cf 0b 00 91 00 61 7f c0 00 30 20 65 70 ce dc 49 91 70 83 df 10 84 00 00 00 00 21 a3 c0 00 02 7a 92 a0 f5 a4 80 83 57 fd fd c8 04 e8 80",""
3745,15695,"PACKET","IN",207,35,"PlayerSync","id=207 bytes=35","cf 7c 00 00 00 30 12 66 f0 f4 a9 09 91 7b 67 1f 10 84 00 00 00 02 32 da 40 00 00 00 00 00 01 fb 04 04 80",""
3746,15722,"PACKET","IN",207,45,"PlayerSync","id=207 bytes=45","cf 1c 00 91 00 42 40 00 00 00 59 64 70 fe e0 09 91 41 ec 9e 90 84 00 00 00 03 48 d3 e0 00 00 6d ca 3c f0 00 03 fd ff fd fd 00 00 00 80",""
3747,15722,"PACKET","IN",207,45,"PlayerSync","id=207 bytes=45","cf 0b 00 91 00 61 7f c0 00 0e e2 a5 70 cc 1c 89 91 5c 44 9f 10 84 00 00 00 01 01 9f c0 00 02 45 32 98 f7 c4 82 df 57 fd fd c8 04 e8 80",""
3748,15723,"PACKET","IN",207,45,"PlayerSync","id=207 bytes=45","cf 1c 00 98 00 42 00 00 00 3a d9 a4 70 fe e0 09 91 46 ac 9e 90 84 00 00 00 00 b4 8b e0 00 03 e8 4d 64 f0 00 03 fd ff fd fd 00 00 00 80",""
3749,15723,"PACKET","IN",207,45,"PlayerSync","id=207 bytes=45","cf 4f 00 f9 ff e1 ff c0 00 34 7d e4 f0 fb d2 49 91 44 be 5e 90 84 00 00 00 00 66 de 00 00 03 18 5f b8 f4 10 03 89 f7 fd fd c8 04 02 80",""
3750,15723,"PACKET","IN",207,35,"PlayerSync","id=207 bytes=35","cf 54 00 00 00 27 65 68 30 dc 13 49 d1 7b 67 1f 10 84 00 00 00 01 87 f6 c0 00 00 00 00 00 01 28 00 04 11",""
3751,15723,"PACKET","IN",200,44,"VehicleSync","id=200 bytes=44","c8 a6 00 1d 00 00 00 00 00 10 00 24 70 5b 10 78 31 50 81 aa 8c 39 6a 52 74 59 32 97 a4 24 a4 98 73 c3 a9 52 df e8 f7 cf e0 1f 00 00",""
3752,15723,"RPC","IN",105,7,"TextDrawSetString","id=105 bytes=7","26 08 03 00 31 30 30",""
3753,15723,"RPC","IN",105,5,"TextDrawSetString","id=105 bytes=5","27 08 01 00 30",""
3754,15723,"RPC","IN",105,6,"TextDrawSetString","id=105 bytes=6","28 08 02 00 34 36",""
3755,15723,"RPC","IN",105,5,"TextDrawSetString","id=105 bytes=5","29 08 01 00 32",""
3756,15723,"RPC","IN",105,7,"TextDrawSetString","id=105 bytes=7","2a 08 03 00 31 30 30",""
3757,15724,"PACKET","OUT",207,69,"PlayerSync","id=207 bytes=69","cf 00 00 00 00 00 00 e8 9a a0 c3 95 ed 26 45 ed 9c 7c 42 0f 68 4f 3f 00 00 00 80 00 00 00 00 d5 0f 16 bf 64 00 00 00 00 00 00 00 00 00 00 00 00 00 00 00 00 00 00 00 00 00 00 00 00 00 00 00 00 00 28 00 04 11",""
3758,15747,"PACKET","IN",207,45,"PlayerSync","id=207 bytes=45","cf 0b 00 91 00 61 7f c0 00 11 e4 a5 70 c6 dc c9 91 40 45 5f 10 84 00 00 00 01 4d 9b c0 00 03 c2 e2 c8 f6 10 85 67 5b fd fd c8 04 e8 80",""
3759,15747,"PACKET","IN",207,45,"PlayerSync","id=207 bytes=45","cf 20 00 ad 80 49 00 00 00 1d 23 a4 f0 d5 64 c9 91 7f 71 de 90 84 00 00 00 03 c3 3f c0 00 02 c8 d3 90 f7 28 1b 71 5b fd fd a5 04 04 80",""
3760,15747,"PACKET","IN",207,45,"PlayerSync","id=207 bytes=45","cf 0b 00 91 00 61 7f c0 00 1e 26 65 70 fc 5c c9 91 56 85 df 10 84 00 00 00 01 f9 97 c0 00 00 1d 26 74 f4 cc 88 63 5f fd fd c8 04 e8 80",""
3761,15748,"PACKET","IN",207,45,"PlayerSync","id=207 bytes=45","cf 1c 00 9c 80 41 c0 00 00 0a da 24 70 fe e0 09 91 49 ac 9e 90 84 00 00 00 01 c4 3f e0 00 03 65 08 38 f0 00 03 fd ff fd fd 00 00 00 80",""
3762,15748,"PACKET","IN",207,45,"PlayerSync","id=207 bytes=45","cf 20 00 ae 00 45 80 00 00 29 a9 64 f0 d4 24 89 91 7f 71 de 90 84 00 00 00 00 37 57 c0 00 01 7d 27 70 f6 d8 1c ed 53 fd fd a5 04 04 80",""
3763,15748,"PACKET","IN",207,45,"PlayerSync","id=207 bytes=45","cf 4f 00 f9 ff e1 ff c0 00 23 03 a5 30 f7 92 49 91 6e 3e 9e 90 84 00 00 00 02 ce de 00 00 03 4a 4b 8c f4 20 00 25 f7 fd fd c8 04 02 80",""
3764,15771,"PACKET","IN",207,45,"PlayerSync","id=207 bytes=45","cf 0b 00 91 00 61 7f c0 00 35 e7 a5 70 e4 dd 09 91 46 c6 5f 10 84 00 00 00 02 91 93 c0 00 02 89 29 c8 f7 48 8b 07 5f fd fd c8 04 e8 80",""
3765,15771,"PACKET","IN",207,45,"PlayerSync","id=207 bytes=45","cf 1c 00 a1 00 41 80 00 00 29 9a 24 70 fe e0 09 91 4b 2c 9e 90 80 00 00 00 01 d8 03 e0 00 02 a5 ea 04 ec 00 03 fd ff fd fd 00 00 00 80",""
3766,15771,"PACKET","IN",207,35,"PlayerSync","id=207 bytes=35","cf 46 00 00 00 3e ca 23 30 fc 9b 89 91 68 df 1e 90 84 00 00 00 03 0d 37 c0 00 00 00 00 00 01 28 00 04 11",""
3767,15772,"PACKET","IN",207,35,"PlayerSync","id=207 bytes=35","cf 7c 00 00 00 30 12 66 f0 f4 a9 09 91 7b 67 1f 10 84 00 00 00 02 32 da 40 00 00 00 00 00 01 fb 04 04 80",""
3768,15772,"PACKET","IN",207,43,"PlayerSync","id=207 bytes=43","cf 7e 00 60 3f c2 00 28 29 6a 30 cb cc c9 d1 4e 2b 1f 50 80 00 00 00 00 fb b3 94 00 03 67 21 f0 fa 17 45 68 bf 76 e1 ab 04 08 80",""
3769,15772,"PACKET","IN",203,34,"AimSync","id=203 bytes=34","cb 7e 00 04 f4 4a 26 3f 9a 38 2e bf 45 8c ad be b0 f2 a9 c3 7d 5e 27 45 4d 13 82 42 00 00 00 00 3f c6",""
3770,15793,"PACKET","IN",207,45,"PlayerSync","id=207 bytes=45","cf 1c 00 aa 00 40 80 00 00 28 da 24 70 fe e0 09 91 4b 2c 9e 90 80 00 00 00 01 fc 3b e0 00 01 57 9f dc e3 ff ff fd ff fd fd 00 00 00 80",""
3771,15794,"PACKET","IN",207,35,"PlayerSync","id=207 bytes=35","cf 47 00 00 00 0a d6 22 f0 e4 e8 c9 91 79 5b 1e 90 84 00 00 00 02 40 47 c0 00 00 00 00 00 01 28 00 04 11",""
3772,15794,"PACKET","IN",207,45,"PlayerSync","id=207 bytes=45","cf 0b 00 91 00 61 7f c0 00 05 69 65 70 d4 9d 49 91 4c 06 df 10 84 00 00 00 03 59 8f c0 00 01 2d 72 54 f5 d4 8d b7 63 fd fd c8 04 e8 80",""
3773,15794,"PACKET","IN",207,45,"PlayerSync","id=207 bytes=45","cf 20 00 ac 80 41 80 00 00 2f ae 24 f0 d3 64 49 91 7f 71 de 90 84 00 00 00 02 0b 6f c0 00 02 43 7b 7c f6 5c 28 11 37 fd fd a5 04 04 80",""
3774,15794,"PACKET","IN",207,45,"PlayerSync","id=207 bytes=45","cf 4f 00 f9 ff e1 ff c0 00 11 8a 25 30 f1 52 49 91 66 bf 1e 90 84 00 00 00 00 f2 e2 00 00 02 15 57 7c f4 38 00 b1 f3 fd fd c8 04 02 80",""
3775,15794,"PACKET","IN",207,35,"PlayerSync","id=207 bytes=35","cf 51 00 00 00 2e e7 28 30 ea ff 89 91 7b 67 1f 10 84 00 00 00 03 a6 8b c0 00 00 00 00 00 01 a5 04 e8 80",""
3776,15821,"PACKET","IN",207,45,"PlayerSync","id=207 bytes=45","cf 0b 00 91 00 61 7f c0 00 3f ea e5 70 ca 1d 89 91 62 07 5f 10 84 00 00 00 00 5d 8f c0 00 00 51 4e 90 f4 44 90 3f 67 fd fd c8 04 e8 80",""
3777,15821,"PACKET","IN",200,44,"VehicleSync","id=200 bytes=44","c8 a6 00 1d 00 00 00 00 00 00 00 24 a0 5b 10 78 31 5c c1 8a 8c 38 0a 62 74 5f d2 77 a4 28 ea 44 43 c6 39 52 6f e9 07 cf e0 1f 00 00",""
3778,15821,"PACKET","IN",207,45,"PlayerSync","id=207 bytes=45","cf 1c 00 ae 00 40 40 00 00 11 99 e4 70 fe e0 09 91 47 ac 9e 90 80 00 00 00 03 9c ab e0 00 03 0d c8 30 f3 ff ff fd ff fd fd 00 00 00 80",""
3779,15843,"PACKET","IN",207,45,"PlayerSync","id=207 bytes=45","cf 0b 00 91 00 61 7f c0 00 38 ec e5 70 c8 1d c9 91 4f 48 1f 10 84 00 00 00 01 5d 8b c0 00 03 d1 0a f4 f6 84 92 8f 67 fd fd c8 04 e8 80",""
3780,15843,"PACKET","IN",207,43,"PlayerSync","id=207 bytes=43","cf 1c 00 b1 80 00 00 3d 99 64 70 fe e0 09 91 44 2c 9e 90 80 00 00 00 01 a4 e3 e0 00 01 f6 6d 30 f3 ff ff fd ff fd fd 00 00 00 80",""
3781,15843,"PACKET","IN",207,45,"PlayerSync","id=207 bytes=45","cf 4f 00 f9 ff e2 3f c2 00 19 50 65 30 ea 12 49 91 5d bf 9e 90 84 00 00 00 03 ba e2 00 00 03 f5 ff 98 f4 54 01 9d ef fd fd c8 04 02 80",""
3782,15843,"PACKET","IN",207,45,"PlayerSync","id=207 bytes=45","cf 0b 00 91 00 61 7f c0 00 11 af 25 70 ca de 09 91 49 88 df 10 84 00 00 00 02 59 87 c0 00 03 d7 37 00 f4 cc 94 df 6b fd fd c8 04 e8 80",""
3783,15844,"PACKET","IN",207,35,"PlayerSync","id=207 bytes=35","cf 1b 00 00 00 02 a3 63 70 d7 5a c9 91 7b a3 1e 90 80 00 00 00 00 d6 93 00 00 00 00 00 00 01 28 00 04 11",""
3784,15844,"PACKET","IN",207,35,"PlayerSync","id=207 bytes=35","cf 76 00 00 00 19 ae eb 70 eb ec 49 91 78 ae e0 10 84 00 00 00 02 99 43 40 00 00 00 00 00 01 00 00 00 80",""
3785,15872,"PACKET","IN",207,45,"PlayerSync","id=207 bytes=45","cf 0b 00 91 00 61 7f c0 00 3a b0 e5 70 c8 5e 49 91 75 49 5f 10 84 00 00 00 03 11 83 c0 00 01 36 d6 f8 f7 1c 97 2f 6b fd fd c8 04 e8 80",""
3786,15872,"PACKET","IN",207,45,"PlayerSync","id=207 bytes=45","cf 1c 00 b7 00 7f ff c0 00 0f 99 24 70 fe e0 09 91 40 2c 9e 90 80 00 00 00 03 45 17 e0 00 01 8c 5e 14 f3 ff ff fd ff fd fd 00 00 00 80",""
3787,15872,"PACKET","IN",207,45,"PlayerSync","id=207 bytes=45","cf 4f 00 f9 ff e2 3f c2 00 1d 96 a5 30 e1 52 49 91 55 80 1e d0 84 00 00 00 02 12 e6 00 00 01 4d 3f d0 f4 7c 01 9d eb fd fd c8 04 02 80",""
3788,15872,"PACKET","IN",207,43,"PlayerSync","id=207 bytes=43","cf 7e 00 60 3f c2 00 1c 12 6a 30 f2 49 c9 d1 5e 4e df d0 80 00 00 00 00 fb b3 94 00 02 af c1 b0 f9 bf 59 f8 a8 12 a1 ab 04 08 80",""
3789,15872,"RPC","IN",135,2,"HideTextDraw","id=135 bytes=2","00 08",""
3790,15872,"RPC","IN",135,2,"HideTextDraw","id=135 bytes=2","2b 08",""
3791,15872,"RPC","IN",135,2,"HideTextDraw","id=135 bytes=2","2c 08",""
3792,15872,"RPC","IN",135,2,"HideTextDraw","id=135 bytes=2","2d 08",""
3793,15872,"RPC","IN",135,2,"HideTextDraw","id=135 bytes=2","2e 08",""
3794,15872,"RPC","IN",135,2,"HideTextDraw","id=135 bytes=2","2f 08",""
3795,15872,"PACKET","IN",207,45,"PlayerSync","id=207 bytes=45","cf 1c 00 b8 80 7f ff c0 00 3a 98 64 70 fe e0 09 91 7a 2c 5e 90 80 00 00 00 01 d5 53 e0 00 03 01 da 88 f3 ff ff fd ff fd fd 00 00 00 80",""
3796,15894,"RPC","IN",122,2,"StopObject","id=122 bytes=2","83 00",""
3797,15894,"RPC","IN",99,42,"MoveObject","id=99 bytes=42","83 00 f8 e3 a1 c3 d7 9b 26 45 60 06 7c 42 f8 e3 a1 c3 d7 9b 26 45 53 c5 7d 42 00 00 80 3e 00 00 00 00 00 00 00 00 08 cc 84 43",""
3798,15895,"PACKET","IN",207,45,"PlayerSync","id=207 bytes=45","cf 0b 00 91 00 61 7f c0 00 2d b2 e5 70 c8 1e 89 91 67 4a 1f 10 84 00 00 00 00 01 83 c0 00 01 c1 5f 04 f5 a0 99 ab 6f fd fd c8 04 e8 80",""
3799,15895,"PACKET","IN",207,49,"PlayerSync","id=207 bytes=49","cf 30 00 00 00 22 fe a6 b0 cf 96 c9 d1 7b 67 1f 10 84 00 00 00 01 bd d3 00 00 00 00 00 00 03 ff fe 00 00 00 00 00 00 00 00 00 00 00 01 28 00 04 11",""
3800,15895,"PACKET","IN",200,44,"VehicleSync","id=200 bytes=44","c8 a6 00 1d 00 00 00 00 00 00 00 24 a0 5a e0 78 71 5f 51 7a 8c 31 da 72 74 5e c2 67 a4 26 88 7f 53 b7 19 52 3f e9 17 cf e0 1f 00 00",""
3801,15895,"PACKET","IN",207,45,"PlayerSync","id=207 bytes=45","cf 0b 00 91 00 61 7f c0 00 3b 34 e5 70 cc 1e c9 91 65 ca df 10 84 00 00 00 00 d9 7f c0 00 00 e4 6b 1c f4 00 9f fb 6f fd fd c8 04 e8 80",""
3802,15895,"PACKET","IN",207,45,"PlayerSync","id=207 bytes=45","cf 1c 00 be 00 7e bf c0 00 17 d7 24 70 fe e0 09 91 6c 2c 5e 90 80 00 00 00 00 7d bf e0 00 03 f8 5b 68 f3 ff ff fd ff fd fd 00 00 00 80",""
3803,15896,"PACKET","IN",207,45,"PlayerSync","id=207 bytes=45","cf 20 00 93 00 73 3f c0 00 3e 3c a4 f0 c1 a3 09 91 48 31 9e 90 84 00 00 00 00 ef cf c0 00 02 8f df ac f4 4c b1 64 7f fd fd a5 04 04 80",""
3804,15896,"PACKET","IN",207,45,"PlayerSync","id=207 bytes=45","cf 4f 00 f9 ff e2 3f c0 00 2c 5d 25 30 d6 d2 49 91 54 80 9e d0 84 00 00 00 00 4a ea 00 00 02 f8 23 fc f4 a4 02 39 e7 fd fd c8 04 02 80",""
3805,15920,"PACKET","IN",207,45,"PlayerSync","id=207 bytes=45","cf 0b 00 91 00 61 7f c0 00 0d f6 e5 70 c9 1f 09 91 50 cb 9f 10 84 00 00 00 01 81 7b c0 00 03 2d ca e8 f6 74 9e 57 73 fd fd c8 04 e8 80",""
3806,15920,"PACKET","IN",207,45,"PlayerSync","id=207 bytes=45","cf 1c 00 bf 80 7e 3f c0 00 32 96 24 70 fe e0 09 91 63 6c 5e 90 80 00 00 00 00 bd f7 e0 00 03 c0 83 c8 f3 ff ff fd ff fd fd 00 00 00 80",""
3807,15921,"PACKET","IN",207,45,"PlayerSync","id=207 bytes=45","cf 20 00 89 00 6e bf c0 00 24 c0 a5 30 f3 62 09 91 54 f2 1e 90 84 00 00 00 03 3b ef c0 00 00 8b 8f 94 f5 2d 23 04 33 fd fd a5 04 04 80",""
3808,15921,"RPC","IN",86,27,"ApplyPlayerAnimation","id=86 bytes=27","51 00 07 42 44 5f 46 49 52 45 07 77 61 73 68 5f 75 70 33 33 83 40 80 00 00 00 00",""
3809,15944,"PACKET","IN",207,45,"PlayerSync","id=207 bytes=45","cf 0b 00 91 00 61 7f c0 00 13 b8 a5 70 c5 5f 49 91 78 4c 1f 10 84 00 00 00 02 4d 77 c0 00 02 4c 72 bc f5 10 a0 cf 77 fd fd c8 04 e8 80",""
3810,15944,"PACKET","IN",207,45,"PlayerSync","id=207 bytes=45","cf 1c 00 bf 80 7d 7f c0 00 38 55 64 70 fe e0 09 91 5c 2c 5e 90 80 00 00 00 02 a6 27 e0 00 02 52 63 58 f3 ff ff fd ff fd fd 00 00 00 80",""
3811,15944,"PACKET","IN",207,45,"PlayerSync","id=207 bytes=45","cf 4f 00 f9 ff e2 3f c0 00 0a a4 e5 30 c9 12 49 91 69 01 1e d0 84 00 00 00 02 96 ea 00 00 01 b9 10 20 f8 d0 02 f9 e3 fd fd c8 04 02 80",""
3812,15944,"PACKET","IN",207,43,"PlayerSync","id=207 bytes=43","cf 7e 00 60 3f c2 00 33 7b 69 f0 dd 07 09 d1 75 c3 60 10 80 00 00 00 00 fb b3 94 00 00 de 85 88 fb 57 64 84 9d 92 51 ab 04 08 80",""
3813,15944,"RPC","IN",135,2,"HideTextDraw","id=135 bytes=2","f0 00",""
3814,15944,"RPC","IN",135,2,"HideTextDraw","id=135 bytes=2","36 08",""
3815,15944,"RPC","IN",135,2,"HideTextDraw","id=135 bytes=2","37 08",""
3816,15945,"RPC","IN",87,2,"ClearPlayerAnimation","id=87 bytes=2","66 00",""
3817,15945,"RPC","IN",86,29,"ApplyPlayerAnimation","id=86 bytes=29","66 00 05 43 41 52 52 59 0b 63 72 72 79 5f 70 72 74 69 61 6c 33 33 83 40 00 00 00 00 00",""
3818,15945,"RPC","IN",88,1,"SetPlayerSpecialAction","id=88 bytes=1","00",""
3819,15945,"RPC","IN",15,1,"TogglePlayerControllable","id=15 bytes=1","01",""
3820,15945,"RPC","IN",16,16,"PlaySound","id=16 bytes=16","d5 9d 00 00 00 00 00 00 00 00 00 00 00 00 00 00",""
3821,15945,"RPC","IN",134,67,"ShowTextDraw","id=134 bytes=67","00 08 10 9a 99 d9 3e 33 33 b3 3f 32 32 32 ff 00 00 c8 43 00 00 88 41 32 32 32 ff 00 00 32 32 32 ff 01 00 00 80 76 44 00 00 d9 42 00 00 00 00 00 00 00 00 00 00 00 00 00 00 00 00 80 3f ff ff ff ff 00 00",""
3822,15945,"RPC","IN",134,80,"ShowTextDraw","id=134 bytes=80","2b 08 10 8f c2 f5 3e 29 5c 8f 3f 00 00 00 66 00 00 50 42 00 00 88 42 80 80 80 80 00 00 00 00 00 66 04 00 00 80 a2 43 00 00 a1 43 00 00 00 00 00 00 00 00 00 00 00 00 00 00 00 00 80 3f ff ff ff ff 0d 00 4c 44 5f 53 50 41 43 3a 77 68 69 74 65",""
3823,15945,"RPC","IN",134,68,"ShowTextDraw","id=134 bytes=68","2c 08 00 8f c2 f5 3e 29 5c 8f 3f ff ff ff ff 00 00 30 42 00 00 44 42 80 80 80 80 00 00 00 00 00 00 05 00 00 80 a4 43 00 80 a5 43 f4 0a 00 00 00 00 00 00 00 00 00 00 00 00 00 00 80 3f 00 00 00 00 01 00 5f",""
3824,15945,"RPC","IN",134,77,"ShowTextDraw","id=134 bytes=77","2d 08 10 93 18 04 3e 9a 99 59 3f ff ff ff e6 00 00 a0 44 00 00 a0 44 80 80 80 80 00 00 ff ff ff e6 01 00 00 00 a3 43 00 00 a1 43 00 00 00 00 00 00 00 00 00 00 00 00 00 00 00 00 80 3f ff ff ff ff 0a 00 52 65 6d 6f 76 65 64 20 38 78",""
3825,15946,"RPC","IN",134,78,"ShowTextDraw","id=134 bytes=78","2e 08 18 93 18 04 3e 9a 99 59 3f ff ff ff e6 00 00 a0 44 00 00 a0 44 80 80 80 80 00 00 ff ff ff e6 01 00 00 00 b0 43 00 00 bb 43 00 00 00 00 00 00 00 00 00 00 00 00 00 00 00 00 80 3f ff ff ff ff 0b 00 41 79 61 6d 20 50 6f 74 6f 6e 67",""
3826,15946,"RPC","IN",134,80,"ShowTextDraw","id=134 bytes=80","2f 08 10 8f c2 f5 3e 29 5c 8f 3f 1a ff 00 aa 00 00 50 42 00 00 40 40 80 80 80 80 00 00 ff ff ff e6 04 00 00 80 a2 43 00 00 c2 43 00 00 00 00 00 00 00 00 00 00 00 00 00 00 00 00 80 3f ff ff ff ff 0d 00 4c 44 5f 53 50 41 43 3a 77 68 69 74 65",""
3827,15946,"RPC","IN",135,2,"HideTextDraw","id=135 bytes=2","00 08",""
3828,15946,"RPC","IN",135,2,"HideTextDraw","id=135 bytes=2","2b 08",""
3829,15946,"RPC","IN",135,2,"HideTextDraw","id=135 bytes=2","2c 08",""
3830,15946,"RPC","IN",135,2,"HideTextDraw","id=135 bytes=2","2d 08",""
3831,15946,"RPC","IN",135,2,"HideTextDraw","id=135 bytes=2","2e 08",""
3832,15946,"RPC","IN",135,2,"HideTextDraw","id=135 bytes=2","2f 08",""
3833,15946,"RPC","IN",16,16,"PlaySound","id=16 bytes=16","d5 9d 00 00 00 00 00 00 00 00 00 00 00 00 00 00",""
3834,15946,"RPC","IN",134,67,"ShowTextDraw","id=134 bytes=67","00 08 10 9a 99 d9 3e 33 33 b3 3f 32 32 32 ff 00 00 c8 43 00 00 88 41 32 32 32 ff 00 00 32 32 32 ff 01 00 00 80 76 44 00 00 d9 42 00 00 00 00 00 00 00 00 00 00 00 00 00 00 00 00 80 3f ff ff ff ff 00 00",""
3835,15946,"RPC","IN",134,80,"ShowTextDraw","id=134 bytes=80","2b 08 10 8f c2 f5 3e 29 5c 8f 3f 00 00 00 66 00 00 50 42 00 00 88 42 80 80 80 80 00 00 00 00 00 66 04 00 00 80 a2 43 00 00 a1 43 00 00 00 00 00 00 00 00 00 00 00 00 00 00 00 00 80 3f ff ff ff ff 0d 00 4c 44 5f 53 50 41 43 3a 77 68 69 74 65",""
3836,15946,"RPC","IN",134,68,"ShowTextDraw","id=134 bytes=68","2c 08 00 8f c2 f5 3e 29 5c 8f 3f ff ff ff ff 00 00 30 42 00 00 44 42 80 80 80 80 00 00 00 00 00 00 05 00 00 80 a4 43 00 80 a5 43 d0 0a 00 00 00 00 00 00 00 00 00 00 00 00 00 00 80 3f 00 00 00 00 01 00 5f",""
3837,15946,"RPC","IN",134,78,"ShowTextDraw","id=134 bytes=78","2d 08 10 93 18 04 3e 9a 99 59 3f ff ff ff e6 00 00 a0 44 00 00 a0 44 80 80 80 80 00 00 ff ff ff e6 01 00 00 00 a3 43 00 00 a1 43 00 00 00 00 00 00 00 00 00 00 00 00 00 00 00 00 80 3f ff ff ff ff 0b 00 52 65 63 65 69 76 65 64 20 38 78",""
3838,15947,"RPC","IN",134,77,"ShowTextDraw","id=134 bytes=77","2e 08 18 93 18 04 3e 9a 99 59 3f ff ff ff e6 00 00 a0 44 00 00 a0 44 80 80 80 80 00 00 ff ff ff e6 01 00 00 00 b0 43 00 00 bb 43 00 00 00 00 00 00 00 00 00 00 00 00 00 00 00 00 80 3f ff ff ff ff 0a 00 41 79 61 6d 20 4b 65 6d 61 73",""
3839,15947,"RPC","IN",134,80,"ShowTextDraw","id=134 bytes=80","2f 08 10 8f c2 f5 3e 29 5c 8f 3f 1a ff 00 aa 00 00 50 42 00 00 40 40 80 80 80 80 00 00 ff ff ff e6 04 00 00 80 a2 43 00 00 c2 43 00 00 00 00 00 00 00 00 00 00 00 00 00 00 00 00 80 3f ff ff ff ff 0d 00 4c 44 5f 53 50 41 43 3a 77 68 69 74 65",""
3840,15947,"RPC","IN",134,67,"ShowTextDraw","id=134 bytes=67","30 08 10 9a 99 d9 3e 33 33 b3 3f 32 32 32 ff 00 00 c8 43 00 00 88 41 32 32 32 ff 00 00 32 32 32 ff 01 00 00 20 82 44 00 00 d9 42 00 00 00 00 00 00 00 00 00 00 00 00 00 00 00 00 80 3f ff ff ff ff 00 00",""
3841,15947,"RPC","IN",134,80,"ShowTextDraw","id=134 bytes=80","31 08 10 8f c2 f5 3e 29 5c 8f 3f 00 00 00 66 00 00 50 42 00 00 88 42 80 80 80 80 00 00 00 00 00 66 04 00 00 00 be 43 00 00 a1 43 00 00 00 00 00 00 00 00 00 00 00 00 00 00 00 00 80 3f ff ff ff ff 0d 00 4c 44 5f 53 50 41 43 3a 77 68 69 74 65",""
3842,15947,"RPC","IN",134,68,"ShowTextDraw","id=134 bytes=68","32 08 00 8f c2 f5 3e 29 5c 8f 3f ff ff ff ff 00 00 30 42 00 00 44 42 80 80 80 80 00 00 00 00 00 00 05 00 00 00 c0 43 00 80 a5 43 f4 0a 00 00 00 00 00 00 00 00 00 00 00 00 00 00 80 3f 00 00 00 00 01 00 5f",""
3843,15947,"RPC","IN",134,77,"ShowTextDraw","id=134 bytes=77","33 08 10 93 18 04 3e 9a 99 59 3f ff ff ff e6 00 00 a0 44 00 00 a0 44 80 80 80 80 00 00 ff ff ff e6 01 00 00 80 be 43 00 00 a1 43 00 00 00 00 00 00 00 00 00 00 00 00 00 00 00 00 80 3f ff ff ff ff 0a 00 52 65 6d 6f 76 65 64 20 38 78",""
3844,15947,"RPC","IN",134,78,"ShowTextDraw","id=134 bytes=78","34 08 18 93 18 04 3e 9a 99 59 3f ff ff ff e6 00 00 a0 44 00 00 a0 44 80 80 80 80 00 00 ff ff ff e6 01 00 00 80 cb 43 00 00 bb 43 00 00 00 00 00 00 00 00 00 00 00 00 00 00 00 00 80 3f ff ff ff ff 0b 00 41 79 61 6d 20 50 6f 74 6f 6e 67",""
3845,15947,"RPC","IN",134,80,"ShowTextDraw","id=134 bytes=80","35 08 10 8f c2 f5 3e 29 5c 8f 3f 1a ff 00 aa 00 00 50 42 00 00 40 40 80 80 80 80 00 00 ff ff ff e6 04 00 00 00 be 43 00 00 c2 43 00 00 00 00 00 00 00 00 00 00 00 00 00 00 00 00 80 3f ff ff ff ff 0d 00 4c 44 5f 53 50 41 43 3a 77 68 69 74 65",""
3846,16026,"PACKET","IN",207,45,"PlayerSync","id=207 bytes=45","cf 0b 00 91 00 61 7f c0 00 06 ba 65 70 ff df 49 91 5b 8c df 10 84 00 00 00 02 f1 73 c0 00 01 b1 62 b4 f7 94 a3 2b 77 fd fd c8 04 e8 80",""
3847,16027,"PACKET","IN",207,45,"PlayerSync","id=207 bytes=45","cf 1c 00 bf 80 7c ff c0 00 2e 94 a4 70 fe e0 09 91 54 2c 5e 90 80 00 00 00 00 6a 57 e0 00 03 ab 23 d0 f3 ff ff fd ff fd fd 00 00 00 80",""
3848,16027,"PACKET","IN",207,45,"PlayerSync","id=207 bytes=45","cf 4f 00 f9 ff e2 3f ca 00 1f 6d 65 30 f7 92 09 91 52 41 de d0 84 00 00 00 01 2e ee 00 00 01 c6 8c 08 f9 04 03 a1 df fd fd c8 04 02 80",""
3849,16028,"PACKET","IN",200,38,"VehicleSync","id=200 bytes=38","c8 a6 00 1d 00 00 00 00 00 00 00 23 70 5a a0 78 81 5b d1 7a 8c 34 6a 72 74 59 52 67 a4 20 00 00 00 0f e0 1f 00 00",""
3850,16028,"RPC","IN",87,2,"ClearPlayerAnimation","id=87 bytes=2","30 00",""
3851,16028,"RPC","IN",86,29,"ApplyPlayerAnimation","id=86 bytes=29","30 00 05 43 41 52 52 59 0b 63 72 72 79 5f 70 72 74 69 61 6c 33 33 83 40 00 00 00 00 00",""
3852,16028,"PACKET","IN",207,45,"PlayerSync","id=207 bytes=45","cf 1c 00 bf 80 7c 7f c0 00 09 d3 e4 70 fe e0 09 91 4b 2c 5e 90 80 00 00 00 01 2a 83 e0 00 01 41 cc 20 f7 ff ff fd ff fd fd 00 00 00 80",""
3853,16028,"PACKET","IN",207,45,"PlayerSync","id=207 bytes=45","cf 20 00 fc ff e9 7f c0 00 0f c2 e5 30 ee a1 09 91 6b 32 9e 90 84 00 00 00 03 a3 ff c0 00 00 62 03 88 f6 49 ab 38 07 fd fd a5 04 04 80",""
3854,16029,"PACKET","IN",207,45,"PlayerSync","id=207 bytes=45","cf 0b 00 91 00 61 7f c0 00 3c 3c 65 70 cd 1f c9 91 74 0d 9f 10 84 00 00 00 03 a9 6f c0 00 00 c9 5a ac f6 3c a5 9f 7b fd fd c8 04 e8 80",""
3855,16029,"PACKET","IN",207,45,"PlayerSync","id=207 bytes=45","cf 1c 00 bf 00 7b ff c0 00 06 52 e4 70 fe e0 09 91 41 2c 5e 90 80 00 00 00 01 3e af e0 00 03 c4 a0 58 f7 ff ff fd ff fd fd 00 00 00 80",""
3856,16029,"PACKET","IN",207,45,"PlayerSync","id=207 bytes=45","cf 4f 00 f9 ff e2 3f c0 00 02 b2 65 30 ec 92 09 91 73 82 1e d0 84 00 00 00 01 2e ee 00 00 02 e6 5b cc f5 44 03 d9 db fd fd ad 04 08 80",""
3857,16029,"PACKET","IN",207,45,"PlayerSync","id=207 bytes=45","cf 0b 00 90 80 61 7f c0 00 2b fe 25 70 c8 e0 09 91 5a ce 5f 10 84 00 00 00 02 e5 6f c0 00 01 ba 0e 94 f4 d4 ab fb 7b fd fd c8 04 e8 80",""
3858,16029,"PACKET","IN",207,45,"PlayerSync","id=207 bytes=45","cf 1c 00 bf 00 7b 7f c0 00 31 d1 a4 70 fe e0 09 91 76 2c 1e 90 80 00 00 00 02 56 d7 e0 00 03 fd 4c 8c f7 ff ff fd ff fd fd 00 00 00 80",""
3859,16030,"PACKET","IN",207,45,"PlayerSync","id=207 bytes=45","cf 0b 00 90 80 61 7f c0 00 1d ff e5 70 c5 20 49 91 43 0f 1f 10 84 00 00 00 03 6d 6b c0 00 03 5b b6 78 f5 70 a8 87 7f fd fd c8 04 e8 80",""
3860,16030,"PACKET","IN",207,45,"PlayerSync","id=207 bytes=45","cf 20 00 f4 ff e6 ff c0 00 1c 82 a5 30 d9 a0 49 91 52 33 1e 90 80 00 00 00 02 e3 fb c0 00 00 4b 4f 68 f6 ea 32 88 03 fd fd a5 04 04 80",""
3861,16030,"PACKET","IN",207,35,"PlayerSync","id=207 bytes=35","cf 85 00 00 00 1a 47 25 b0 e5 7d c9 91 6c 24 9f 10 84 00 00 00 02 29 c9 80 00 00 00 00 00 01 a5 04 04 80",""
3862,16030,"PACKET","IN",207,45,"PlayerSync","id=207 bytes=45","cf 1c 00 bf 00 7a ff c0 00 24 4f 64 70 fa 60 09 91 61 ac 1e 90 80 00 00 00 03 f3 1f e0 00 01 50 68 e0 f4 a7 fd b1 c7 fd fd 00 00 00 80",""
3863,16030,"PACKET","IN",207,45,"PlayerSync","id=207 bytes=45","cf 4f 00 f9 ff e2 3f c0 00 02 be 65 30 d1 52 09 91 68 b1 5e d0 84 00 00 00 01 2e ee 00 00 02 9c f9 f0 f9 78 37 8d dd 7a e1 ab 04 08 80",""
3864,16031,"PACKET","OUT",207,69,"PlayerSync","id=207 bytes=69","cf 00 00 00 00 00 00 e8 9a a0 c3 95 ed 26 45 ed 9c 7c 42 0f 68 4f 3f 00 00 00 80 00 00 00 00 d5 0f 16 bf 64 00 00 00 00 00 00 00 00 00 00 00 00 00 00 00 00 00 00 00 00 00 00 00 00 00 00 00 00 00 a5 04 e8 80",""
3865,16052,"PACKET","IN",207,45,"PlayerSync","id=207 bytes=45","cf 0b 00 8e 80 61 3f c0 00 2d 41 a5 b0 c6 60 89 91 79 0f 9f 10 84 00 00 00 03 4d 77 c0 00 00 c5 2e 68 f4 34 ae ff 7f fd fd c8 04 e8 80",""
3866,16052,"PACKET","IN",207,43,"PlayerSync","id=207 bytes=43","cf 7e 00 60 3f c2 00 32 62 e9 f0 d5 44 09 d1 42 49 20 10 80 00 00 00 00 fb b3 94 00 02 21 99 78 fb eb 68 00 99 a5 f5 ab 04 08 80",""
3867,16053,"PACKET","IN",200,38,"VehicleSync","id=200 bytes=38","c8 a6 00 1d 00 00 00 00 00 00 00 2b 70 49 f0 78 51 5b d1 7a 8c 34 6a 72 74 52 e2 67 a4 20 00 00 00 0f e0 1f 00 00",""
3868,16089,"PACKET","IN",207,45,"PlayerSync","id=207 bytes=45","cf 0b 00 fb ff e0 7f c0 00 36 c3 a5 b0 cc 60 c9 91 7d 50 5f 10 84 00 00 00 01 bd b7 c0 00 03 6d 36 f0 f6 cc a2 6f 77 fd fd c8 04 e8 80",""
3869,16089,"PACKET","IN",207,45,"PlayerSync","id=207 bytes=45","cf 1c 00 bf 00 7a bf c0 00 27 ce 24 70 f1 60 09 91 59 ac 1e 90 80 00 00 00 01 43 43 e0 00 02 73 01 10 f7 63 f3 11 8f fd fd 00 00 00 80",""
3870,16089,"PACKET","IN",207,37,"PlayerSync","id=207 bytes=37","cf 85 00 60 3f c0 00 1a 47 25 b0 e5 7d c9 91 6c 24 9f 10 84 00 00 00 03 59 59 80 00 00 00 00 00 01 c8 04 04 80",""
3871,16089,"PACKET","IN",207,35,"PlayerSync","id=207 bytes=35","cf 97 00 00 00 39 55 a5 b0 df 38 c9 91 6c 24 9f 10 80 00 00 00 01 30 6f e8 00 00 00 00 00 01 28 00 04 11",""
3872,16089,"PACKET","IN",207,45,"PlayerSync","id=207 bytes=45","cf 0b 00 f3 ff e0 ff c0 00 33 c5 a5 b0 c0 a1 09 91 4f 11 1f 10 84 00 00 00 03 49 eb c0 00 00 4a 7e dc f4 44 74 db 47 fd fd c8 04 e8 80",""
3873,16089,"PACKET","IN",207,45,"PlayerSync","id=207 bytes=45","cf 1c 00 be 80 7a 7f c0 00 1d 0c e4 70 e3 20 09 91 53 ac 1e 90 80 00 00 00 00 bf 63 e0 00 00 b3 85 3c f4 4f e5 e9 5b fd fd 00 00 00 80",""
3874,16089,"PACKET","IN",207,45,"PlayerSync","id=207 bytes=45","cf 4f 00 f9 ff e2 3f c0 00 2d 8a a5 70 f5 51 c9 91 69 1b df 10 84 00 00 00 01 2e ee 00 00 03 72 81 d4 fa 40 2a c1 dc f2 c9 ab 04 08 80",""
3875,16116,"PACKET","IN",207,45,"PlayerSync","id=207 bytes=45","cf 0b 00 f1 ff e1 3f c0 00 28 47 e5 b0 ed e1 09 91 4d 51 9f 10 84 00 00 00 03 52 23 c0 00 02 3b 02 b0 f4 f0 50 47 17 fd fd c8 04 e8 80",""
3876,16117,"PACKET","IN",207,35,"PlayerSync","id=207 bytes=35","cf 2d 00 00 00 37 8d 62 b0 cb e9 09 91 5c 9a de 90 80 00 00 00 01 5c 03 c0 00 00 00 00 00 01 28 00 04 11",""
3877,16117,"PACKET","IN",207,45,"PlayerSync","id=207 bytes=45","cf 4f 00 f9 ff e2 3f c0 00 2c 58 a5 70 d5 91 c9 91 72 c3 9f 50 84 00 00 00 01 2e ee 00 00 02 f4 35 bc fa a0 1d ed df 0e a9 ab 04 08 80",""
3878,16117,"PACKET","IN",207,35,"PlayerSync","id=207 bytes=35","cf 51 00 00 00 2e e7 28 30 ea ff 89 91 7b 67 1f 10 84 00 00 00 03 a6 8b c0 00 00 00 00 00 01 28 00 04 11",""
3879,16117,"PACKET","IN",200,38,"VehicleSync","id=200 bytes=38","c8 a6 00 1d 00 00 00 00 00 00 00 26 10 49 90 78 21 5b d1 7a 8c 34 6a 72 74 5e 82 57 a4 20 00 00 00 0f e0 1f 00 00",""
3880,16117,"PACKET","IN",207,43,"PlayerSync","id=207 bytes=43","cf 85 00 60 3f c0 00 1c 47 65 b0 e2 3d c9 91 6c 24 9f 10 84 00 00 00 02 30 7d 80 00 01 96 2b 18 ec 90 03 b5 e7 fd fd c8 04 04 80",""
3881,16117,"PACKET","IN",207,45,"PlayerSync","id=207 bytes=45","cf 0b 00 f1 ff e1 3f c0 00 1a ca 65 b0 d3 21 49 91 75 51 df 10 84 00 00 00 03 9a 3b c0 00 01 ad d6 b4 f5 68 33 72 db fd fd c8 04 e8 80",""
3882,16117,"PACKET","IN",207,45,"PlayerSync","id=207 bytes=45","cf 1c 00 be 80 7a 3f c0 00 31 48 e4 70 d5 1f c9 91 53 2c 1e 90 80 00 00 00 02 43 9b e0 00 01 47 76 08 f4 c3 96 74 c7 fd fd 00 00 00 80",""
3883,16117,"PACKET","IN",207,45,"PlayerSync","id=207 bytes=45","cf 20 00 e0 ff e4 bf c0 00 13 fc e4 f0 c3 1e c9 91 61 33 9e 90 80 00 00 00 00 a7 cb c0 00 03 54 a3 2c f6 ab 32 00 67 fd fd a5 04 04 80",""
3884,16138,"PACKET","IN",207,45,"PlayerSync","id=207 bytes=45","cf 0b 00 f1 ff e1 3f c0 00 1e 4c a5 b0 f0 a1 49 91 47 92 5f 10 84 00 00 00 02 1e 3b c0 00 03 e7 e6 b4 f5 bc 24 ea c3 fd fd c8 04 e8 80",""
3885,16138,"PACKET","IN",207,45,"PlayerSync","id=207 bytes=45","cf 20 00 dd ff e5 7f c0 00 11 b8 a4 f0 d8 1e 09 91 4a b3 de 90 80 00 00 00 03 9b bf c0 00 00 ac af 40 f7 4b 42 f8 73 fd fd a5 04 04 80",""
3886,16138,"PACKET","IN",207,45,"PlayerSync","id=207 bytes=45","cf 4f 00 f9 ff e2 3f c0 00 18 23 65 70 fd 51 89 91 4c 9d 5f 50 84 00 00 00 01 2e ee 00 00 00 26 d9 a8 fa b0 15 5d de ba 91 ab 04 08 80",""
3887,16138,"PACKET","IN",207,43,"PlayerSync","id=207 bytes=43","cf 7e 00 60 3f c2 00 15 8b 29 f0 e2 01 09 d1 4c ec 9f d0 80 00 00 00 00 fb b3 94 00 01 a5 69 84 f8 fb 66 dc 9f f1 99 ab 04 08 80",""
3888,16138,"PACKET","IN",207,35,"PlayerSync","id=207 bytes=35","cf 92 00 00 00 17 75 a2 f0 f2 65 89 91 75 9e 1e 90 84 00 00 00 00 c2 8d c0 00 00 00 00 00 01 a5 04 04 80",""
3889,16160,"PACKET","IN",207,45,"PlayerSync","id=207 bytes=45","cf 0b 00 f1 ff e1 3f c0 00 19 0f 25 b0 d1 21 89 91 63 12 9f 10 84 00 00 00 01 52 3b c0 00 02 00 66 a8 f6 68 26 92 c3 fd fd c8 04 e8 80",""
3890,16160,"PACKET","IN",207,45,"PlayerSync","id=207 bytes=45","cf 4f 00 f9 ff e2 3f c0 00 16 2d a5 70 e6 11 89 91 7d b1 5f 50 84 00 00 00 01 2e ee 00 00 00 48 7d 9c f8 08 10 e5 de 36 79 ab 04 08 80",""
3891,16189,"PACKET","IN",207,45,"PlayerSync","id=207 bytes=45","cf 0b 00 f1 ff e1 3f c0 00 1e d1 65 b0 ef 21 89 91 76 d2 df 10 84 00 00 00 01 1e 3b c0 00 02 3f 86 a8 f6 c4 27 76 c3 fd fd c8 04 e8 80",""
3892,16189,"PACKET","IN",207,45,"PlayerSync","id=207 bytes=45","cf 1c 00 be 80 79 ff c2 00 29 c4 64 70 de 5f 49 91 60 2c 1e 90 80 00 00 00 01 fb a3 e0 00 02 07 62 88 f7 a7 86 38 b7 fd fd 00 00 00 80",""
3893,16189,"PACKET","IN",207,45,"PlayerSync","id=207 bytes=45","cf 20 00 db ff e5 ff c0 00 13 33 e4 f0 ed 1d 49 91 6f b3 de 90 80 00 00 00 03 43 b7 c0 00 01 62 4b 4c f7 93 54 64 87 fd fd a5 04 04 80",""
3894,16189,"PACKET","IN",203,34,"AimSync","id=203 bytes=34","cb 20 00 04 0b a2 1f 3e 63 15 7c bf 56 71 9f bd 59 1e 94 c3 d3 ac 26 45 78 4b 7e 42 00 00 00 00 3f 37",""
3895,16212,"PACKET","IN",207,45,"PlayerSync","id=207 bytes=45","cf 0b 00 f1 ff e1 3f c0 00 3c d3 e5 b0 d1 e1 c9 91 57 d3 5f 10 84 00 00 00 01 72 3b c0 00 00 d7 e6 fc f6 dc 27 aa c3 fd fd c8 04 e8 80",""
3896,16212,"PACKET","IN",207,45,"PlayerSync","id=207 bytes=45","cf 1c 00 be 80 79 bf c2 00 03 c1 64 70 c6 9f 09 91 6c 2c 1e 90 80 00 00 00 00 9f ab e0 00 03 d5 1a 80 f6 cf 7f fc ab fd fd 00 00 00 80",""
3897,16212,"PACKET","IN",207,49,"PlayerSync","id=207 bytes=49","cf 30 00 00 00 22 fe a6 b0 cf 96 c9 d1 7b 67 1f 10 84 00 00 00 01 bd d3 00 00 00 00 00 00 03 ff fe 00 00 00 00 00 00 00 00 00 00 00 01 00 00 00 80",""
3898,16212,"PACKET","IN",207,35,"PlayerSync","id=207 bytes=35","cf 4b 00 00 00 15 e8 a3 70 f0 5d 09 91 79 a3 5e 90 80 00 00 00 03 47 12 00 00 00 00 00 00 01 28 00 04 11",""
3899,16213,"PACKET","IN",207,45,"PlayerSync","id=207 bytes=45","cf 4f 00 f9 ff e2 3f c0 00 0d 78 65 70 cd d1 89 91 4d 41 df 90 84 00 00 00 01 2e ee 00 00 00 04 01 90 fa 38 08 7d df 76 5d ab 04 08 80",""
3900,16213,"PACKET","IN",200,38,"VehicleSync","id=200 bytes=38","c8 a6 00 1d 00 00 00 00 00 00 00 20 f0 49 30 78 01 5b d1 7a 8c 34 6a 72 74 5a 62 57 a4 20 00 00 00 0f e0 1f 00 00",""
3901,16213,"PACKET","IN",207,45,"PlayerSync","id=207 bytes=45","cf 0b 00 f1 ff e1 3f c0 00 18 56 a5 b0 f4 61 c9 91 78 13 9f 10 84 00 00 00 02 46 3b c0 00 00 93 c6 f0 f6 b8 27 4e c3 fd fd c8 04 e8 80",""
3902,16213,"PACKET","IN",207,35,"PlayerSync","id=207 bytes=35","cf 4d 00 00 00 19 5f dc f0 c3 00 c9 91 7b ec 9e 90 80 00 00 00 00 39 bc 80 00 00 00 00 00 01 a8 04 04 11",""
3903,16238,"PACKET","IN",207,45,"PlayerSync","id=207 bytes=45","cf 1c 00 be 00 79 3f c2 00 3b bf a4 30 d9 de c9 91 72 ac 1e 90 80 00 00 00 01 73 ab e0 00 00 39 8a 80 f6 8b 7b 44 a7 fd fd 00 00 00 80",""
3904,16238,"PACKET","IN",207,45,"PlayerSync","id=207 bytes=45","cf 20 00 db ff e6 3f c0 00 24 6f 24 f0 d0 5c c9 91 59 74 1e 90 80 00 00 00 02 ef b3 c0 00 02 76 0b 40 f6 33 62 48 8f fd fd a5 04 04 80",""
3905,16238,"PACKET","IN",207,45,"PlayerSync","id=207 bytes=45","cf 4f 00 f9 ff e2 3f c0 00 01 83 65 b0 f5 11 49 91 6c cd 5f 90 84 00 00 00 01 2e ee 00 00 01 ea 05 84 f9 b0 04 29 df 26 41 ab 04 08 80",""
3906,16238,"PACKET","IN",207,43,"PlayerSync","id=207 bytes=43","cf 85 00 60 3f c0 00 10 87 a5 b0 dc fd c9 91 6c 24 9f 10 80 00 00 00 03 84 dd 80 00 03 b3 5c ec ec 57 f2 61 83 fd fd c8 04 04 80",""
3907,16238,"PACKET","IN",207,45,"PlayerSync","id=207 bytes=45","cf 0b 00 f1 ff e1 3f c0 00 14 99 25 b0 d5 22 09 91 54 54 1f 10 84 00 00 00 03 8e 3b c0 00 03 d5 7e d8 f6 54 26 62 c3 fd fd c8 04 e8 80",""
3908,16238,"PACKET","IN",207,45,"PlayerSync","id=207 bytes=45","cf 1c 00 be 00 78 bf c2 00 37 7e 24 30 ed 5e 89 91 79 ac 1e 90 80 00 00 00 02 c3 ab e0 00 03 3d 0a 78 f5 2f 79 c4 a7 fd fd 00 00 00 80",""
3909,16238,"PACKET","IN",207,35,"PlayerSync","id=207 bytes=35","cf 54 00 00 00 27 65 68 30 dc 13 49 d1 7b 67 1f 10 84 00 00 00 01 87 f6 c0 00 00 00 00 00 01 28 00 04 11",""
3910,16259,"PACKET","IN",207,45,"PlayerSync","id=207 bytes=45","cf 0b 00 f1 ff e1 3f c0 00 32 5c 25 b0 fd a2 09 91 44 94 9f 10 84 00 00 00 01 2a 3f c0 00 03 b7 4b 00 f5 c0 24 f2 c3 fd fd c8 04 e8 80",""
3911,16260,"PACKET","IN",207,45,"PlayerSync","id=207 bytes=45","cf 1c 00 bd 80 77 bf c2 00 02 fc a4 30 fa 9e 49 91 41 ac 5e 90 80 00 00 00 00 b3 ab e0 00 00 0c 4e 80 f6 f3 77 5c a3 fd fd 00 00 00 80",""
3912,16260,"PACKET","IN",207,45,"PlayerSync","id=207 bytes=45","cf 20 00 db ff e6 3f c0 00 04 6a e4 f0 c5 5c 49 91 45 f4 5e 90 80 00 00 00 02 9b af c0 00 01 ab 6b 44 f5 c7 6d bc 9b fd fd a5 04 04 80",""
3913,16260,"PACKET","IN",207,43,"PlayerSync","id=207 bytes=43","cf 7e 00 60 3f c2 00 31 70 a9 b0 de bd c9 91 72 49 9f 90 80 00 00 00 00 fb b3 94 00 03 dd 6d b0 f9 f7 51 a8 b1 e5 41 ab 04 08 80",""
3914,16260,"PACKET","IN",207,41,"PlayerSync","id=207 bytes=41","cf 85 00 00 00 03 47 65 b0 db 3d c9 91 6c 24 9f 10 80 00 00 00 03 e1 15 80 00 03 7a 0e b8 ef f7 f5 bd a7 fd fd a5 04 04 80",""
3915,16260,"PACKET","IN",200,44,"VehicleSync","id=200 bytes=44","c8 a6 00 1d 00 00 00 00 00 28 00 2d 60 38 f0 77 b1 5b 71 7a 8c 34 6a 72 74 57 a2 57 a4 26 e1 07 23 94 ce fc e4 0a 38 1f e0 1f 00 00",""
3916,16289,"PACKET","IN",207,45,"PlayerSync","id=207 bytes=45","cf 0b 00 f1 ff e1 3f c0 00 19 9e e5 b0 df e2 49 91 64 54 df 10 84 00 00 00 03 7e 3f c0 00 01 e0 b3 1c f5 04 27 2a bf fd fd c8 04 e8 80",""
3917,16289,"PACKET","IN",207,45,"PlayerSync","id=207 bytes=45","cf 1c 00 bd 00 77 3f c2 00 38 ba e4 30 cd 9e 49 91 48 6c 5e 90 80 00 00 00 01 f3 ab e0 00 03 28 ba 84 f6 6f 7b 24 a7 fd fd 00 00 00 80",""
3918,16290,"PACKET","IN",207,35,"PlayerSync","id=207 bytes=35","cf 46 00 00 00 3e ca 23 30 fc 9b 89 91 68 df 1e 90 84 00 00 00 03 0d 37 c0 00 00 00 00 00 01 28 00 04 11",""
3919,16290,"PACKET","IN",207,45,"PlayerSync","id=207 bytes=45","cf 4f 00 f9 ff e2 3f c0 00 13 ce 25 b0 dc 91 49 91 75 93 df 90 84 00 00 00 01 2e ee 00 00 00 4b 05 7c fa b4 03 f5 da 6e 25 ab 04 08 80",""
3920,16312,"PACKET","IN",207,45,"PlayerSync","id=207 bytes=45","cf 0b 00 f1 ff e1 3f c0 00 3b e1 25 b0 fe 22 49 91 78 95 1f 10 84 00 00 00 01 9a 43 c0 00 01 8e be c4 f7 fc 20 8e bf fd fd c8 04 e8 80",""
3921,16313,"PACKET","IN",207,45,"PlayerSync","id=207 bytes=45","cf 1c 00 bc 80 76 7f c2 00 2c 39 64 30 df de 09 91 4f ac 5e 90 80 00 00 00 01 b3 ab e0 00 01 81 92 8c f4 53 78 d4 a7 fd fd 00 00 00 80",""
3922,16313,"PACKET","IN",207,45,"PlayerSync","id=207 bytes=45","cf 7e 00 c0 00 60 3f c2 00 37 a6 e9 b0 ea fc 89 91 44 15 df 50 80 00 00 00 00 fb b3 94 00 03 71 09 c8 f8 d7 4a b0 b8 7d 25 ab 04 08 80",""
3923,16313,"PACKET","IN",207,45,"PlayerSync","id=207 bytes=45","cf 0b 00 f1 ff e1 3f c0 00 35 63 e5 b0 e0 22 89 91 58 55 9f 10 84 00 00 00 03 d6 43 c0 00 02 8c 4e c0 f7 0c 22 2e bb fd fd c8 04 e8 80",""
3924,16313,"PACKET","IN",207,45,"PlayerSync","id=207 bytes=45","cf 1c 00 bc 80 75 ff c2 00 11 77 a4 30 e9 5d c9 91 57 ec 5e 90 80 00 00 00 03 87 ab e0 00 00 09 82 9c f4 bf 79 4c a7 fd fd 00 00 00 80",""
3925,16313,"PACKET","IN",207,45,"PlayerSync","id=207 bytes=45","cf 4f 00 f9 ff e2 3f c0 00 24 61 a5 b0 f0 51 09 91 43 0f 9f 90 84 00 00 00 01 2e ee 00 00 02 7d b5 78 f9 78 03 dd d9 7d f1 ab 04 08 80",""
3926,16338,"PACKET","IN",207,45,"PlayerSync","id=207 bytes=45","cf 1c 00 bc 00 75 7f c2 00 20 35 e4 30 f6 9d 89 91 5f ec 5e 90 80 00 00 00 01 07 af e0 00 00 25 ce a4 f5 a7 75 f4 a3 fd fd 00 00 00 80",""
3927,16338,"PACKET","IN",207,45,"PlayerSync","id=207 bytes=45","cf 0b 00 f1 ff e1 3f c0 00 2c a6 65 b0 fe 62 89 91 6c 95 df 10 84 00 00 00 02 8e 47 c0 00 02 b4 b6 bc f6 10 23 a6 b7 fd fd c8 04 e8 80",""
3928,16338,"PACKET","IN",207,35,"PlayerSync","id=207 bytes=35","cf 1b 00 00 00 02 a3 63 70 d7 5a c9 91 7b a3 1e 90 80 00 00 00 00 d6 93 00 00 00 00 00 00 01 28 00 04 11",""
3929,16338,"PACKET","IN",207,45,"PlayerSync","id=207 bytes=45","cf 1c 00 bb 80 74 ff c2 00 3a f4 24 30 c4 9d 89 91 68 2c 5e 90 80 00 00 00 02 8b af e0 00 02 01 ee ac f7 0f 73 34 9f fd fd 00 00 00 80",""
3930,16338,"PACKET","IN",207,35,"PlayerSync","id=207 bytes=35","cf 47 00 00 00 0a d6 22 f0 e4 e8 c9 91 79 5b 1e 90 84 00 00 00 02 40 47 c0 00 00 00 00 00 01 28 00 04 11",""
3931,16338,"PACKET","IN",207,45,"PlayerSync","id=207 bytes=45","cf 4f 00 f9 ff e2 3f c0 00 23 2b a5 b0 d9 91 09 91 78 c8 df 90 84 00 00 00 01 2e ee 00 00 00 a6 b5 78 fa f4 03 f9 da 5d d5 ab 04 08 80",""
3932,16338,"PACKET","IN",200,38,"VehicleSync","id=200 bytes=38","c8 a6 00 1d 00 00 00 00 00 00 00 2a 70 38 b0 77 a1 5b 71 7a 8c 34 6a 72 74 55 42 57 a4 20 00 00 00 0f e0 1f 00 00",""
3933,16360,"PACKET","IN",207,45,"PlayerSync","id=207 bytes=45","cf 0b 00 f1 ff e1 3f c0 00 09 a8 e5 b0 da e2 c9 91 7c 56 1f 10 84 00 00 00 01 16 4b c0 00 02 c9 c2 c0 f4 e4 20 8e b7 fd fd c8 04 e8 80",""
3934,16360,"PACKET","IN",203,34,"AimSync","id=203 bytes=34","cb 0b 00 04 ec 47 56 bf a7 e5 0b 3f da d2 de bc ac 2b 95 c3 e2 6c 26 45 df 20 7f 42 00 00 00 00 3f 36",""
3935,16360,"PACKET","IN",207,45,"PlayerSync","id=207 bytes=45","cf 0b 00 f1 ff e1 3f c0 00 24 ab 65 b0 f9 a2 c9 91 52 16 9f 10 84 00 00 00 03 82 4b c0 00 01 86 52 c4 f7 d0 1d aa b3 fd fd c8 04 e8 80",""
3936,16360,"PACKET","IN",207,45,"PlayerSync","id=207 bytes=45","cf 1c 00 bb 00 74 7f c2 00 22 f2 a4 30 d3 5d 49 91 70 ac 5e 90 80 00 00 00 00 0f b3 e0 00 02 03 6a ac f4 5f 70 68 9f fd fd 00 00 00 80",""
3937,16360,"PACKET","IN",207,45,"PlayerSync","id=207 bytes=45","cf 20 00 db ff e6 3f c0 00 07 a1 a4 f0 f2 9b 09 91 53 34 9e 90 80 00 00 00 00 af a7 c0 00 00 d3 7f 24 f4 d3 7d c8 ab fd fd a5 04 04 80",""
3938,16360,"PACKET","IN",207,41,"PlayerSync","id=207 bytes=41","cf 85 00 00 00 3a 06 65 b0 e7 7d c9 91 6c 24 9f 10 80 00 00 00 03 e1 15 80 00 01 1d a5 f8 ef 9b fc 0d ef fd fd a5 04 04 80",""
3939,16387,"PACKET","IN",207,45,"PlayerSync","id=207 bytes=45","cf 1c 00 bb 00 74 3f c2 00 01 71 24 30 e0 1d 09 91 79 ac 5e 90 80 00 00 00 03 87 b3 e0 00 03 8b 02 a0 f5 a7 6d a0 9b fd fd 00 00 00 80",""
3940,16388,"PACKET","IN",207,45,"PlayerSync","id=207 bytes=45","cf 4f 00 f9 ff e2 3f c0 00 32 37 25 b0 ff 50 c9 91 6e 7b 9f 50 84 00 00 00 01 2e ee 00 00 00 fe f5 7c fa 70 04 39 df 51 b5 ab 04 08 80",""
3941,16388,"PACKET","IN",207,45,"PlayerSync","id=207 bytes=45","cf 0b 00 f3 7f e0 ff c0 00 39 6d e5 b0 d7 a3 09 91 66 96 df 10 84 00 00 00 03 d6 43 c0 00 01 22 7e bc f6 cc 1e e6 af fd fd c8 04 e8 80",""
3942,16388,"PACKET","IN",207,45,"PlayerSync","id=207 bytes=45","cf 1c 00 ba 80 73 bf c2 00 34 2f 64 30 ed 9c c9 91 42 ec 9e 90 80 00 00 00 00 fb b7 e0 00 01 01 5e a0 f7 43 67 34 93 fd fd 00 00 00 80",""
3943,16388,"PACKET","IN",207,45,"PlayerSync","id=207 bytes=45","cf 20 00 e0 7f e4 bf c0 00 03 5b e4 f0 d0 5a 89 91 7b 74 9e 90 80 00 00 00 01 e7 af c0 00 00 11 3e f8 f6 b7 7b 70 a7 fd fd a5 04 04 80",""
3944,16388,"PACKET","IN",207,41,"PlayerSync","id=207 bytes=41","cf 85 00 00 01 00 c6 65 b0 e6 3d c9 91 6c 24 9f 10 80 00 00 00 03 e1 15 80 00 01 51 21 ec ef 6f f6 c9 a3 fd fd a5 04 04 80",""
3945,16412,"PACKET","IN",207,45,"PlayerSync","id=207 bytes=45","cf 7e 00 c0 00 60 3f c2 00 00 52 e9 b0 ea fa 09 91 5e a8 1f 10 80 00 00 00 00 fb b3 94 00 02 fd 88 d4 fb ff 6b ec 97 fd fd ac 04 64 80",""
3946,16412,"PACKET","IN",207,45,"PlayerSync","id=207 bytes=45","cf 0b 00 f4 7f e0 ff c0 00 27 70 65 b0 f5 a3 09 91 79 97 1f 10 84 00 00 00 00 0a 43 c0 00 02 70 6e b8 f6 10 23 aa b7 fd fd c8 04 e8 80",""
3947,16413,"PACKET","IN",207,45,"PlayerSync","id=207 bytes=45","cf 1c 00 ba 00 73 3f c2 00 14 ad a4 30 ef dc 89 91 4e ac 9e 90 80 00 00 00 02 5f b7 e0 00 01 3e be 8c f4 83 64 84 93 fd fd 00 00 00 80",""
3948,16413,"PACKET","IN",207,45,"PlayerSync","id=207 bytes=45","cf 4f 00 f9 ff e2 3f c0 00 30 03 a5 f0 e3 10 c9 91 58 e6 9f 50 84 00 00 00 01 2e ee 00 00 03 53 39 84 f8 38 0c a1 de 8d 95 ab 04 08 80",""
3949,16413,"PACKET","IN",200,38,"VehicleSync","id=200 bytes=38","c8 a6 00 1d 00 00 00 00 00 00 00 28 70 38 80 77 91 5b 71 7a 8c 34 6a 72 74 53 a2 57 a4 20 00 00 00 0f e0 1f 00 00",""
3950,16442,"PACKET","IN",207,45,"PlayerSync","id=207 bytes=45","cf 0b 00 f5 7f e0 ff c0 00 2f 72 a5 b0 d2 63 49 91 49 d7 9f 10 84 00 00 00 00 0e 3f c0 00 00 46 52 94 f7 bc 23 ee bb fd fd c8 04 e8 80",""
3951,16442,"PACKET","IN",207,45,"PlayerSync","id=207 bytes=45","cf 1c 00 b9 80 72 bf c2 00 11 2c 24 30 fd 1c 49 91 58 ac 9e 90 80 00 00 00 03 df b7 e0 00 03 7f 82 7c f5 d3 61 f0 8f fd fd 00 00 00 80",""
3952,16442,"PACKET","IN",207,45,"PlayerSync","id=207 bytes=45","cf 20 00 f6 7f e8 3f c0 00 21 17 a4 f0 f7 99 c9 91 78 74 de 90 80 00 00 00 00 6b df c0 00 01 85 62 fc f6 37 24 fc 5f fd fd a5 04 04 80",""
3953,16470,"PACKET","IN",207,45,"PlayerSync","id=207 bytes=45","cf 0b 00 f6 7f e0 bf c0 00 06 b5 25 b0 f0 e3 49 91 5f 17 df 10 84 00 00 00 03 5e 37 c0 00 02 31 12 a8 f5 88 24 6a c3 fd fd c8 04 e8 80",""
3954,16470,"PACKET","IN",207,45,"PlayerSync","id=207 bytes=45","cf 1c 00 b9 80 72 3f c2 00 25 6a a4 30 cc dc 49 91 62 2c 9e 90 80 00 00 00 01 ef bb e0 00 00 9f 3a 78 f6 e7 5f 28 8b fd fd 00 00 00 80",""
3955,16471,"PACKET","IN",207,45,"PlayerSync","id=207 bytes=45","cf 4f 00 f9 ff e2 3f c0 00 15 0e e5 f0 c9 d0 c9 91 69 ce 5f 50 84 00 00 00 01 2e ee 00 00 01 39 c1 90 fb 00 11 1d de 45 79 ab 04 08 80",""
3956,16471,"PACKET","IN",207,35,"PlayerSync","id=207 bytes=35","cf 5b 00 00 00 3f c4 a6 f0 d9 07 09 d1 7b 67 1f 10 84 00 00 00 01 2a 42 00 00 00 00 00 00 01 a5 04 e8 80",""
3957,16471,"PACKET","IN",203,34,"AimSync","id=203 bytes=34","cb 5b 00 04 82 74 02 3f db d4 4d bf de da 9c be 36 73 9b c3 5e 2f 27 45 03 69 80 42 00 00 00 00 23 27",""
3958,16471,"PACKET","IN",207,45,"PlayerSync","id=207 bytes=45","cf 0b 00 f6 ff e0 bf c0 00 30 37 65 b0 d1 23 89 91 79 d8 1f 10 84 00 00 00 02 6e 37 c0 00 01 7b 1a c8 f7 ac 25 9e c7 fd fd c8 04 e8 80",""
3959,16471,"PACKET","IN",207,45,"PlayerSync","id=207 bytes=45","cf 1c 00 b8 80 71 7f c2 00 37 a9 24 30 db 1c 09 91 6c 6c 9e 90 80 00 00 00 01 4f bb e0 00 01 24 d2 90 f6 c7 5b 50 87 fd fd 00 00 00 80",""
3960,16471,"PACKET","IN",207,41,"PlayerSync","id=207 bytes=41","cf 85 00 00 00 26 45 e5 b0 e5 3d c9 91 6c 24 9f 10 80 00 00 00 03 e1 15 80 00 00 58 88 c8 ef 6f f6 c9 a3 fd fd a5 04 04 80",""
3961,16471,"PACKET","IN",203,34,"AimSync","id=203 bytes=34","cb 85 00 04 80 da 1d 3e c6 7c 74 3f 63 af 81 be 4d 43 96 c3 bb d5 26 45 cd 9b 80 42 00 00 00 00 3f c6",""
3962,16494,"PACKET","IN",207,45,"PlayerSync","id=207 bytes=45","cf 1c 00 b7 80 70 bf c2 00 3b a7 a4 30 e7 db c9 91 76 ac 9e 90 80 00 00 00 00 8b bb e0 00 02 06 ea a0 f4 0b 5c 7c 8b fd fd 00 00 00 80",""
3963,16494,"PACKET","IN",207,45,"PlayerSync","id=207 bytes=45","cf 20 00 89 80 6f 7f c0 00 0a 15 24 f0 c8 99 49 91 64 b5 5e 90 80 00 00 00 03 1b f7 c0 00 01 4e 02 f8 f7 ae a9 a4 1f fd fd a5 04 04 80",""
3964,16494,"PACKET","IN",207,45,"PlayerSync","id=207 bytes=45","cf 4f 00 f9 ff e2 3f c0 00 04 5b 25 f0 ee 50 89 91 46 6d 9f 10 84 00 00 00 01 2e ee 00 00 03 1c 81 a0 fb f4 19 bd dc ad 5d ab 04 08 80",""
3965,16494,"PACKET","IN",207,45,"PlayerSync","id=207 bytes=45","cf 7e 00 c0 00 60 3f c2 00 3a 48 69 b0 e5 f8 c9 91 70 a6 df 10 80 00 00 00 00 fb b3 94 00 01 b5 05 80 f7 ff 6b ec 97 fd fd ac 04 64 80",""
3966,16494,"PACKET","IN",207,45,"PlayerSync","id=207 bytes=45","cf 0b 00 f7 7f e0 bf c0 00 1b f9 a5 b0 ee 63 89 91 4b 58 9f 10 84 00 00 00 01 5a 37 c0 00 02 ce 76 38 f4 1c 2a a6 c7 fd fd c8 04 e8 80",""
3967,16494,"PACKET","IN",207,45,"PlayerSync","id=207 bytes=45","cf 1c 00 b7 00 70 3f c2 00 25 a6 24 30 f1 9b 89 91 41 ac de 90 80 00 00 00 01 b3 bb e0 00 02 b7 1a cc f5 8f 5d e4 8b fd fd 00 00 00 80",""
3968,16495,"PACKET","IN",200,38,"VehicleSync","id=200 bytes=38","c8 a6 00 1d 00 00 00 00 00 00 00 27 00 38 50 77 81 5b 71 7a 8c 34 6a 72 74 52 72 57 a4 20 00 00 00 0f e0 1f 00 00",""
3969,16495,"PACKET","IN",203,34,"AimSync","id=203 bytes=34","cb a6 00 12 25 3d 6a 3f 13 4e 86 bd 9d d3 cb be 62 30 aa c3 15 ac 27 45 91 ad 82 42 00 00 00 00 3f 21",""
3970,16519,"PACKET","IN",207,45,"PlayerSync","id=207 bytes=45","cf 0b 00 f8 7f e0 bf c0 00 0d 3b 65 b0 c5 63 c9 91 4b 98 df 10 84 00 00 00 01 0e 33 c0 00 01 f5 75 c8 f4 9c 2b da c7 fd fd c8 04 e8 80",""
3971,16520,"PACKET","IN",207,45,"PlayerSync","id=207 bytes=45","cf 20 00 93 00 73 bf c0 00 05 54 24 f0 d3 58 89 91 72 b5 de 90 80 00 00 00 03 fb ff c0 00 03 f3 9e c8 f6 c2 29 c8 03 fd fd a5 04 04 80",""
3972,16520,"PACKET","IN",207,45,"PlayerSync","id=207 bytes=45","cf 4f 00 fb 7f e2 3f c2 00 0b a5 a5 f0 d6 90 89 91 45 0c 5f 10 84 00 00 00 01 2e ee 00 00 01 2f e1 ac f8 cc 26 5d dc 5d 45 ac 04 64 80",""
3973,16520,"PACKET","IN",203,34,"AimSync","id=203 bytes=34","cb 4f 00 04 a3 89 7f bf 6b 28 51 bd a8 9d 01 bd 48 d7 95 c3 35 45 26 45 e9 08 7f 42 00 00 00 00 3f 26",""
3974,16520,"PACKET","IN",207,45,"PlayerSync","id=207 bytes=45","cf 1c 00 b6 00 6f 7f c2 00 3f 24 64 30 f8 5b 49 91 4d ac de 90 80 00 00 00 00 cb bb e0 00 03 77 fa ec f7 3f 5b c0 87 fd fd 00 00 00 80",""
