sequence,elapsed_ms,type,direction,id,bytes,name,details,hex,marker
1,14,"PACKET","IN",207,45,"PlayerSync","id=207 bytes=45","cf 46 00 f7 ff e0 bf c0 00 30 5f 66 f0 f5 ce c9 91 4a f9 5f 50 80 00 00 00 02 6e cb c0 00 02 dd 25 b4 f8 c7 d8 7e 0f e1 39 ab 04 08 80",""
2,15,"PACKET","IN",207,45,"PlayerSync","id=207 bytes=45","cf 46 00 f7 ff e0 bf c0 00 0d 99 26 f0 fb 4e c9 91 51 e2 5f 50 80 00 00 00 02 6e cb c0 00 01 3c 15 c0 fa cf d0 56 0e 11 2d ab 04 08 80",""
3,15,"PACKET","IN",207,45,"PlayerSync","id=207 bytes=45","cf 4b 00 84 80 60 7f c0 00 2d 3e a6 30 f2 19 c9 91 5f 00 1f 10 84 00 00 00 00 f6 eb 80 00 02 d4 c9 54 f8 e0 02 05 e3 fd fd ac 04 64 80",""
4,43,"PACKET","IN",207,45,"PlayerSync","id=207 bytes=45","cf 4b 00 84 80 60 7f c0 00 06 c0 e6 70 ee 19 c9 91 54 00 1f 10 84 00 00 00 00 f6 eb 80 00 02 c8 ee 7c f4 e0 02 05 e3 fd fd ac 04 64 80",""
5,43,"PACKET","IN",207,45,"PlayerSync","id=207 bytes=45","cf 46 00 f7 ff e0 bf c0 00 1b 51 26 f0 c2 0f 09 91 76 42 df 50 80 00 00 00 02 6e cb c0 00 02 92 c9 cc fb 0b c8 22 0d 91 1d ab 04 08 80",""
6,44,"PACKET","IN",207,35,"PlayerSync","id=207 bytes=35","cf 9e 00 00 00 36 83 69 b0 f6 5c 49 d1 61 99 1e d0 80 00 00 00 00 7f 3a 40 00 00 00 00 00 01 a5 04 04 80",""
7,44,"PACKET","IN",207,45,"PlayerSync","id=207 bytes=45","cf 4b 00 84 80 60 7f c0 00 18 47 66 70 e1 d9 c9 91 72 bf de d0 84 00 00 00 00 f6 eb 80 00 02 a4 dc 70 f8 e0 02 05 e3 fd fd ac 04 64 80",""
8,44,"PACKET","IN",207,43,"PlayerSync","id=207 bytes=43","cf 63 00 60 00 00 00 0f 26 66 70 cc 41 09 91 4c 82 5f 10 80 00 00 00 03 07 cb 80 00 02 20 72 bc f4 3b 37 2c 67 fd fd c8 04 02 80",""
9,70,"PACKET","IN",207,45,"PlayerSync","id=207 bytes=45","cf 46 00 f7 ff e0 bf c0 00 04 49 26 f0 c8 cf 09 91 68 a0 1f 10 80 00 00 00 02 6e cb c0 00 00 ca f9 dc fa cb c3 ea 09 91 0d ab 04 08 80",""
10,71,"PACKET","IN",207,35,"PlayerSync","id=207 bytes=35","cf 49 00 00 00 05 d5 25 b0 dd 8f 09 d1 6c 24 9f 10 80 00 00 00 01 eb 77 c0 00 00 00 00 00 01 28 00 04 11",""
11,71,"PACKET","IN",207,35,"PlayerSync","id=207 bytes=35","cf 1c 00 00 00 2d 02 a6 f0 e0 10 09 d1 7b 67 1f 10 84 00 00 00 00 15 5f 00 00 00 00 00 00 01 a5 04 e8 80",""
12,71,"PACKET","IN",207,45,"PlayerSync","id=207 bytes=45","cf 46 00 fd ff e0 bf c2 00 2e c2 e6 f0 ce 0f 09 91 59 c4 5f 10 80 00 00 00 02 6e cb c0 00 00 8f e9 e8 f8 6f bf be 0a 11 01 ac 04 64 80",""
13,71,"PACKET","IN",207,45,"PlayerSync","id=207 bytes=45","cf 4b 00 84 80 60 7f c0 00 32 0b 26 70 da 99 c9 91 5e 7f de d0 84 00 00 00 00 f6 eb 80 00 02 f3 38 4c f8 e0 02 05 e3 fd fd ac 04 64 80",""
14,71,"PACKET","IN",207,35,"PlayerSync","id=207 bytes=35","cf 70 00 00 00 23 1c 6a 70 ef f1 c9 91 61 b3 df 90 80 00 00 00 02 93 6f 00 00 00 00 00 00 01 00 00 00 80",""
15,106,"PACKET","IN",207,35,"PlayerSync","id=207 bytes=35","cf 1a 00 00 00 37 65 23 70 da 69 09 91 4b 21 de 90 80 00 00 00 00 b3 19 80 00 00 00 00 00 01 28 00 04 11",""
16,106,"PACKET","IN",203,34,"AimSync","id=203 bytes=34","cb 1a 00 04 d3 9c 75 3f 6f c4 67 be f9 31 2c be ae 9e 8e c3 40 ac 26 45 4e 62 7e 42 00 00 00 00 3f 36",""
17,106,"PACKET","IN",207,45,"PlayerSync","id=207 bytes=45","cf 46 00 fd ff e0 bf c0 00 15 7c a6 b0 d3 8f 09 91 4b 25 9e d0 80 00 00 00 02 6e cb c0 00 00 02 15 f8 f9 ab b7 92 0a 90 f5 ac 04 64 80",""
18,106,"PACKET","IN",207,45,"PlayerSync","id=207 bytes=45","cf 4b 00 84 80 60 7f c0 00 3d 0d e6 70 d5 59 c9 91 4f bf de d0 84 00 00 00 00 f6 eb 80 00 02 6c 2b 1c f4 e0 02 05 e3 fd fd ac 04 64 80",""
19,106,"PACKET","IN",207,35,"PlayerSync","id=207 bytes=35","cf 94 00 00 00 10 3e 66 b0 ef 39 c9 91 7b 67 1f 10 84 00 00 00 02 9a 53 c0 00 00 00 00 00 01 28 00 04 11",""
20,129,"PACKET","IN",207,45,"PlayerSync","id=207 bytes=45","cf 46 00 fd ff e0 bf c0 00 16 f6 26 b0 d9 0f 09 91 4f a1 de d0 80 00 00 00 02 6e cb c0 00 00 7d 65 64 fb cf fd 86 0f fd fd ac 04 64 80",""
21,130,"PACKET","IN",207,45,"PlayerSync","id=207 bytes=45","cf 4b 00 84 80 60 7f c0 00 07 90 a6 70 d0 99 c9 91 42 7f de d0 84 00 00 00 00 f6 eb 80 00 01 c7 aa c8 f4 e0 02 05 e3 fd fd ac 04 64 80",""
22,130,"PACKET","IN",207,35,"PlayerSync","id=207 bytes=35","cf 85 00 00 00 2b 0b 62 b0 d7 e8 c9 91 50 59 de 90 84 00 00 00 03 a8 31 80 00 00 00 00 00 01 28 00 04 11",""
23,155,"PACKET","IN",207,45,"PlayerSync","id=207 bytes=45","cf 4b 00 84 80 60 7f c0 00 22 92 e6 70 cc 19 c9 91 75 ff 9e d0 84 00 00 00 00 f6 eb 80 00 02 ee c6 10 f4 e0 02 05 e3 fd fd ac 04 64 80",""
24,156,"PACKET","IN",207,41,"PlayerSync","id=207 bytes=41","cf 63 00 00 00 29 5f 26 70 dc 7f c9 51 57 05 5f 10 80 00 00 00 03 eb cb 80 00 01 7e 16 64 f5 fb 31 7c 67 fd fd a5 04 04 80",""
25,156,"PACKET","IN",207,45,"PlayerSync","id=207 bytes=45","cf 46 00 fd ff e0 bf c0 00 2c ac 66 b0 e1 4f 09 91 67 61 de d0 80 00 00 00 02 6e cb c0 00 01 fe e5 f8 fb cf fd 86 0f fd fd ac 04 64 80",""
26,156,"PACKET","IN",207,35,"PlayerSync","id=207 bytes=35","cf 0b 00 00 00 1a fc 26 b0 c0 43 09 d1 7b 67 1f 10 84 00 00 00 03 32 4b c0 00 00 00 00 00 01 28 00 04 11",""
27,156,"PACKET","IN",207,35,"PlayerSync","id=207 bytes=35","cf 3d 00 00 00 39 94 e5 b0 e4 03 c9 d1 6c 24 9f 10 80 00 00 00 02 af cd c0 00 00 00 00 00 01 28 00 04 11",""
28,190,"PACKET","IN",207,45,"PlayerSync","id=207 bytes=45","cf 46 00 fd ff e0 bf c0 00 2c 26 66 b0 e6 4f 09 91 74 a1 de d0 80 00 00 00 02 6e cb c0 00 03 77 d0 2c fb cf fd 86 0f fd fd ac 04 64 80",""
29,190,"RPC","IN",105,7,"TextDrawSetString","id=105 bytes=7","26 08 03 00 31 30 30",""
30,190,"RPC","IN",105,5,"TextDrawSetString","id=105 bytes=5","27 08 01 00 30",""
31,190,"RPC","IN",105,6,"TextDrawSetString","id=105 bytes=6","28 08 02 00 35 30",""
32,191,"RPC","IN",105,5,"TextDrawSetString","id=105 bytes=5","29 08 01 00 39",""
33,191,"RPC","IN",105,7,"TextDrawSetString","id=105 bytes=7","2a 08 03 00 31 30 30",""
34,191,"PACKET","IN",207,45,"PlayerSync","id=207 bytes=45","cf 46 00 fd ff e0 bf c0 00 22 e2 e6 b0 e9 4f 09 91 7d 61 de d0 80 00 00 00 02 6e cb c0 00 01 69 0f c4 f7 cf fd 86 0f fd fd ac 04 64 80",""
35,191,"RPC","IN",87,2,"ClearPlayerAnimation","id=87 bytes=2","49 00",""
36,191,"RPC","IN",86,29,"ApplyPlayerAnimation","id=86 bytes=29","49 00 05 43 41 52 52 59 0b 63 72 72 79 5f 70 72 74 69 61 6c 33 33 83 40 00 00 00 00 00",""
37,215,"PACKET","IN",207,45,"PlayerSync","id=207 bytes=45","cf 46 00 fd ff e0 bf c0 00 2d e1 66 b0 ea 8f 09 91 41 22 1e d0 80 00 00 00 02 6e cb c0 00 00 c1 a4 98 f7 cf fd 86 0f fd fd ac 04 64 80",""
38,215,"PACKET","IN",207,45,"PlayerSync","id=207 bytes=45","cf 4b 00 84 80 60 7f c0 00 13 58 a6 70 c1 59 c9 91 57 bf 9e d0 84 00 00 00 00 f6 eb 80 00 00 60 e5 cc f4 e0 02 05 e3 fd fd ac 04 64 80",""
39,215,"PACKET","IN",207,41,"PlayerSync","id=207 bytes=41","cf 63 00 00 00 34 99 a6 70 f2 3e c9 51 71 c7 9f 10 80 00 00 00 03 eb cb 80 00 03 78 01 98 f5 fb 31 7c 67 fd fd a5 04 04 80",""
40,238,"PACKET","OUT",203,32,"AimSync","id=203 bytes=32","cb 00 00 00 39 05 00 00 00 00 00 00 00 00 00 00 00 40 01 00 00 00 80 3f 00 00 f3 04 b5 3f 39 05",""
41,245,"PACKET","IN",207,45,"PlayerSync","id=207 bytes=45","cf 46 00 fc ff e0 7f c2 00 3b 9d e6 b0 ed 8f 09 91 49 22 1e d0 80 00 00 00 03 e2 b7 c0 00 03 d7 ff d4 f7 cf fd 86 0f fd fd ac 04 64 80",""
42,254,"PACKET","IN",207,45,"PlayerSync","id=207 bytes=45","cf 4b 00 84 80 60 7f c0 00 20 d9 a6 70 ff 59 89 91 52 7f 9e d0 84 00 00 00 00 f6 eb 80 00 00 5c 3f 08 f0 e0 02 05 e3 fd fd ac 04 64 80",""
43,255,"PACKET","IN",207,45,"PlayerSync","id=207 bytes=45","cf 46 00 fc 7f e0 7f c2 00 16 19 66 b0 f9 0f 09 91 69 62 1e d0 80 00 00 00 00 c6 b7 c0 00 02 bc 9f e0 f6 7f ff 12 27 fd fd ac 04 64 80",""
44,255,"PACKET","IN",207,45,"PlayerSync","id=207 bytes=45","cf 4b 00 82 80 60 7f c0 00 35 60 26 70 f7 19 89 91 7b 7f 5e d0 84 00 00 00 03 7e db 80 00 00 4d 43 d8 f4 18 01 71 f7 fd fd c8 04 64 80",""
45,255,"PACKET","IN",207,35,"PlayerSync","id=207 bytes=35","cf 53 00 00 00 1d d4 e5 b0 ff cc 49 d1 6c e4 9f 10 80 00 00 00 03 52 2a c0 00 00 00 00 00 01 a5 04 04 80",""
46,279,"PACKET","IN",207,45,"PlayerSync","id=207 bytes=45","cf 46 00 fb ff e0 7f c2 00 28 14 a6 b0 c5 cf 49 91 4d 22 5e d0 80 00 00 00 00 76 b7 c0 00 02 4f ff ec f6 27 ff 4a 2b fd fd ac 04 64 80",""
47,279,"PACKET","IN",207,35,"PlayerSync","id=207 bytes=35","cf 54 00 00 00 02 89 a9 70 cd 27 49 91 57 09 9f 50 80 00 00 00 01 e7 96 c0 00 00 00 00 00 01 a5 04 04 80",""
48,280,"PACKET","IN",207,35,"PlayerSync","id=207 bytes=35","cf 60 00 00 00 25 ca e3 30 e5 e0 49 91 6f df 1e 90 84 00 00 00 00 ae f9 c0 00 00 00 00 00 01 fb 04 e8 80",""
49,280,"PACKET","IN",207,45,"PlayerSync","id=207 bytes=45","cf 4b 00 82 80 60 7f c0 00 3e 63 66 70 f4 d9 89 91 75 3f 5e d0 84 00 00 00 03 72 db 80 00 03 db ff ec f4 18 01 71 f7 fd fd c8 04 64 80",""
50,310,"PACKET","IN",207,45,"PlayerSync","id=207 bytes=45","cf 46 00 fb ff e0 7f c2 00 1f 10 a6 b0 d0 cf 49 91 6b 62 5e d0 80 00 00 00 01 26 b3 c0 00 00 5c 9b f4 f6 1f ff b6 2b fd fd ac 04 64 80",""
51,310,"PACKET","IN",207,35,"PlayerSync","id=207 bytes=35","cf 4d 00 00 00 02 00 23 30 e6 e4 09 91 70 1e 9e 90 84 00 00 00 03 da d0 80 00 00 00 00 00 01 28 00 04 11",""
52,310,"PACKET","IN",207,35,"PlayerSync","id=207 bytes=35","cf 7e 00 00 00 11 42 a6 f0 c0 4b 89 d1 7b 67 1f 10 84 00 00 00 00 c6 1b 94 00 00 00 00 00 01 28 00 04 11",""
53,310,"PACKET","IN",207,35,"PlayerSync","id=207 bytes=35","cf 49 00 00 00 05 d5 25 b0 dd 8f 09 d1 6c 24 9f 10 80 00 00 00 01 eb 77 c0 00 00 00 00 00 01 a5 04 e8 80",""
54,311,"PACKET","IN",207,45,"PlayerSync","id=207 bytes=45","cf 4b 00 82 80 60 7f c0 00 0c e6 e6 70 f2 99 89 91 6e bf 5e d0 84 00 00 00 03 5a db 80 00 01 e4 4f f0 f4 18 01 81 f7 fd fd c8 04 64 80",""
55,311,"PACKET","IN",207,41,"PlayerSync","id=207 bytes=41","cf 63 00 00 00 38 16 66 70 e7 3e 49 51 57 89 1f 10 80 00 00 00 03 eb cb 80 00 03 b9 67 a4 f1 fb 31 7c 67 fd fd a5 04 04 80",""
56,311,"RPC","IN",86,27,"ApplyPlayerAnimation","id=86 bytes=27","1c 00 07 42 44 5f 46 49 52 45 07 77 61 73 68 5f 75 70 33 33 83 40 80 00 00 00 00",""
57,336,"PACKET","IN",207,45,"PlayerSync","id=207 bytes=45","cf 4b 00 82 80 60 7f c0 00 0e 6a a6 70 f0 19 89 91 67 3f 5e d0 84 00 00 00 03 3a db 80 00 00 9c cf f4 f4 18 01 a1 f7 fd fd c8 04 64 80",""
58,337,"PACKET","IN",207,35,"PlayerSync","id=207 bytes=35","cf 7c 00 00 00 03 66 28 30 f1 c4 49 d1 7b 67 1f 10 84 00 00 00 01 fe 49 80 00 00 00 00 00 01 28 00 04 11",""
59,337,"PACKET","IN",207,45,"PlayerSync","id=207 bytes=45","cf 46 00 fb 7f e0 7f c2 00 22 c9 26 b0 e7 8f 49 91 6b 62 9e d0 80 00 00 00 01 46 af c0 00 00 f3 33 e8 f5 a7 fc c6 33 fd fd ac 04 64 80",""
60,337,"PACKET","IN",207,45,"PlayerSync","id=207 bytes=45","cf 4b 00 82 80 60 7f c0 00 2e ad e6 70 ed d9 89 91 60 ff 5e d0 84 00 00 00 03 02 db 80 00 02 9a a7 f0 f4 18 01 d1 f7 fd fd c8 04 64 80",""
61,369,"PACKET","IN",207,35,"PlayerSync","id=207 bytes=35","cf 1f 00 00 00 20 66 e8 30 c3 bc c9 91 7b 67 1f 10 84 00 00 00 00 97 53 00 00 00 00 00 00 01 28 00 04 11",""
62,370,"PACKET","IN",207,45,"PlayerSync","id=207 bytes=45","cf 46 00 fb 7f e0 7f c2 00 36 44 66 b0 f7 4f 49 91 57 a2 de d0 80 00 00 00 00 b2 af c0 00 00 19 a7 d4 f5 33 fd 62 37 fd fd ac 04 64 80",""
63,370,"PACKET","IN",207,35,"PlayerSync","id=207 bytes=35","cf 97 00 00 00 09 a6 25 b0 d5 fd 09 91 6c 24 9f 10 84 00 00 00 00 3b eb e8 00 00 00 00 00 01 28 00 04 11",""
64,370,"PACKET","IN",207,45,"PlayerSync","id=207 bytes=45","cf 4b 00 82 80 60 7f c0 00 1c 74 a6 70 e9 d9 89 91 55 bf 5e d0 84 00 00 00 02 82 db 80 00 02 5a 1f e0 f4 14 02 75 f7 fd fd c8 04 64 80",""
65,371,"PACKET","OUT",207,69,"PlayerSync","id=207 bytes=69","cf 00 00 00 00 00 00 22 90 8d c3 0a 85 26 45 6a 86 7a 42 f5 21 4f 3f 00 00 00 00 00 00 00 00 89 70 16 3f 64 00 00 00 00 00 00 00 00 00 00 00 00 00 00 00 00 00 00 00 00 00 00 00 00 00 00 00 00 00 a5 04 04 80",""
66,403,"PACKET","IN",207,45,"PlayerSync","id=207 bytes=45","cf 46 00 fa ff e0 7f c2 00 10 3f a6 70 c8 0f 89 91 46 23 1e d0 80 00 00 00 00 de ab c0 00 01 c6 7b bc f5 1f fe 2a 37 fd fd ac 04 64 80",""
67,403,"PACKET","IN",207,45,"PlayerSync","id=207 bytes=45","cf 4b 00 82 00 60 7f c0 00 2c f8 66 70 e7 99 89 91 4f 7f 5e d0 84 00 00 00 01 06 df 80 00 01 9d 9b c8 f4 14 02 d5 f7 fd fd c8 04 64 80",""
68,403,"PACKET","IN",207,45,"PlayerSync","id=207 bytes=45","cf 46 00 fa ff e0 7f c2 00 2c fb a6 70 d6 8f 89 91 6e e3 1e d0 80 00 00 00 03 da a7 c0 00 00 c7 ff a4 f4 8b ff 42 3b fd fd ac 04 64 80",""
69,403,"PACKET","IN",207,45,"PlayerSync","id=207 bytes=45","cf 4b 00 82 00 60 7f c0 00 18 fb a6 70 e5 19 89 91 48 7f 5e d0 84 00 00 00 00 9e df 80 00 03 4c a3 b8 f4 28 03 41 f3 fd fd c8 04 64 80",""
70,403,"PACKET","IN",207,35,"PlayerSync","id=207 bytes=35","cf 63 00 00 00 07 95 e6 70 c9 7e 49 51 64 89 5f 10 80 00 00 00 03 eb cb 80 00 00 00 00 00 01 a5 04 04 80",""
71,403,"PACKET","IN",203,34,"AimSync","id=203 bytes=34","cb 63 00 04 12 f6 58 3f cd dd 03 3f 59 27 03 be 2d 32 9a c3 ce e8 25 45 d7 92 7f 42 00 00 00 00 3f 55",""
72,436,"PACKET","IN",207,35,"PlayerSync","id=207 bytes=35","cf 51 00 00 00 30 e3 68 30 f6 0c 09 d1 7b 67 1f 10 84 00 00 00 02 e7 67 c0 00 00 00 00 00 01 28 00 04 11",""
73,470,"PACKET","IN",207,45,"PlayerSync","id=207 bytes=45","cf 46 00 fb 7f e0 7f c0 00 34 74 e6 70 f0 8f 89 91 76 a3 5e d0 80 00 00 00 02 f6 a7 c0 00 01 89 0f 78 f4 3f fd ce 3f fd fd ae 04 08 80",""
74,471,"PACKET","IN",207,45,"PlayerSync","id=207 bytes=45","cf 4b 00 82 00 60 7f c0 00 33 3e a6 70 e2 d9 89 91 42 3f 5e d0 84 00 00 00 00 46 df 80 00 03 c7 ff a4 f4 24 03 d1 f3 fd fd c8 04 64 80",""
75,471,"PACKET","IN",207,37,"PlayerSync","id=207 bytes=37","cf 63 00 60 3f c0 00 07 95 e6 70 c9 7e 49 51 64 89 5f 10 80 00 00 00 02 03 b7 80 00 00 00 00 00 01 c8 04 04 80",""
76,471,"PACKET","IN",207,45,"PlayerSync","id=207 bytes=45","cf 46 00 fb 7f e0 7f c0 00 10 31 a6 70 fd cf 89 91 5b e3 9e d0 80 00 00 00 02 f6 a7 c0 00 03 31 97 60 f4 3f fd ce 3f fd fd ae 04 08 80",""
77,472,"PACKET","IN",207,45,"PlayerSync","id=207 bytes=45","cf 4b 00 82 00 60 7f c0 00 30 81 a6 b0 e0 99 89 91 7b ff 1e d0 84 00 00 00 03 ee db 80 00 00 9e 33 88 f4 20 00 51 f7 fd fd c8 04 64 80",""
78,472,"PACKET","IN",200,38,"VehicleSync","id=200 bytes=38","c8 92 00 2a 00 00 00 11 00 00 00 00 c0 62 e0 9e 9e ce 32 fb ec 3f 6d a2 84 51 3d 57 b4 20 00 00 00 0c e0 39 00 00",""
79,472,"PACKET","IN",203,34,"AimSync","id=203 bytes=34","cb 92 00 12 fe 5f 5e 3d ff a7 7a bf 0e 92 48 be 84 6e be c3 29 68 29 45 35 7e 85 42 00 00 00 00 3f 37",""
80,472,"PACKET","IN",207,45,"PlayerSync","id=207 bytes=45","cf 4b 00 82 00 60 7f c0 00 3d 44 a6 b0 de 59 89 91 75 bf 1e d0 84 00 00 00 03 96 db 80 00 00 24 db 70 f4 1c 00 d1 f7 fd fd c8 04 64 80",""
81,472,"RPC","IN",99,42,"MoveObject","id=99 bytes=42","a1 00 f8 e3 a1 c3 d7 9b 26 45 ed 5e 7b 42 f8 e3 a1 c3 d7 9b 26 45 53 c5 7d 42 00 00 80 3e 00 00 00 00 00 00 00 00 08 cc 84 43",""
82,472,"RPC","IN",122,2,"StopObject","id=122 bytes=2","a1 00",""
83,472,"RPC","IN",99,42,"MoveObject","id=99 bytes=42","a1 00 f8 e3 a1 c3 d7 9b 26 45 ed 5e 7b 42 f8 e3 a1 c3 d7 9b 26 45 ed 5e 7b 42 00 00 80 3e 00 00 00 00 00 00 00 00 08 cc 84 43",""
84,473,"RPC","IN",122,2,"StopObject","id=122 bytes=2","a1 00",""
85,473,"RPC","IN",99,42,"MoveObject","id=99 bytes=42","a1 00 f8 e3 a1 c3 d7 9b 26 45 ed 5e 7b 42 f8 e3 a1 c3 d7 9b 26 45 53 c5 7d 42 00 00 80 3e 00 00 00 00 00 00 00 00 08 cc 84 43",""
86,473,"RPC","IN",122,2,"StopObject","id=122 bytes=2","a1 00",""
87,473,"RPC","IN",99,42,"MoveObject","id=99 bytes=42","a1 00 f8 e3 a1 c3 d7 9b 26 45 ed 5e 7b 42 f8 e3 a1 c3 d7 9b 26 45 ed 5e 7b 42 00 00 80 3e 00 00 00 00 00 00 00 00 08 cc 84 43",""
88,473,"RPC","IN",122,2,"StopObject","id=122 bytes=2","a1 00",""
89,473,"RPC","IN",99,42,"MoveObject","id=99 bytes=42","a1 00 f8 e3 a1 c3 d7 9b 26 45 ed 5e 7b 42 f8 e3 a1 c3 d7 9b 26 45 53 c5 7d 42 00 00 80 3e 00 00 00 00 00 00 00 00 08 cc 84 43",""
90,473,"RPC","IN",122,2,"StopObject","id=122 bytes=2","a1 00",""
91,473,"RPC","IN",99,42,"MoveObject","id=99 bytes=42","a1 00 f8 e3 a1 c3 d7 9b 26 45 ed 5e 7b 42 f8 e3 a1 c3 d7 9b 26 45 ed 5e 7b 42 00 00 80 3e 00 00 00 00 00 00 00 00 08 cc 84 43",""
92,473,"RPC","IN",122,2,"StopObject","id=122 bytes=2","a1 00",""
93,473,"RPC","IN",99,42,"MoveObject","id=99 bytes=42","a1 00 f8 e3 a1 c3 d7 9b 26 45 ed 5e 7b 42 f8 e3 a1 c3 d7 9b 26 45 53 c5 7d 42 00 00 80 3e 00 00 00 00 00 00 00 00 08 cc 84 43",""
94,473,"RPC","IN",122,2,"StopObject","id=122 bytes=2","a1 00",""
95,473,"RPC","IN",99,42,"MoveObject","id=99 bytes=42","a1 00 f8 e3 a1 c3 d7 9b 26 45 ed 5e 7b 42 f8 e3 a1 c3 d7 9b 26 45 ed 5e 7b 42 00 00 80 3e 00 00 00 00 00 00 00 00 08 cc 84 43",""
96,474,"RPC","IN",122,2,"StopObject","id=122 bytes=2","a1 00",""
97,474,"RPC","IN",99,42,"MoveObject","id=99 bytes=42","a1 00 f8 e3 a1 c3 d7 9b 26 45 ed 5e 7b 42 f8 e3 a1 c3 d7 9b 26 45 53 c5 7d 42 00 00 80 3e 00 00 00 00 00 00 00 00 08 cc 84 43",""
98,474,"RPC","IN",122,2,"StopObject","id=122 bytes=2","a1 00",""
99,474,"RPC","IN",99,42,"MoveObject","id=99 bytes=42","a1 00 f8 e3 a1 c3 d7 9b 26 45 ed 5e 7b 42 f8 e3 a1 c3 d7 9b 26 45 ed 5e 7b 42 00 00 80 3e 00 00 00 00 00 00 00 00 08 cc 84 43",""
100,503,"PACKET","IN",207,35,"PlayerSync","id=207 bytes=35","cf 29 00 00 00 2e 09 a5 b0 d1 c9 c9 d1 6c 24 9f 10 80 00 00 00 01 7d 63 c0 00 00 00 00 00 01 28 00 04 11",""
101,504,"PACKET","IN",207,45,"PlayerSync","id=207 bytes=45","cf 4b 00 82 00 60 7f c0 00 0f 0a a6 b0 da 99 89 91 6b 3f 1e d0 84 00 00 00 02 e2 db 80 00 03 d7 47 70 f4 18 01 d5 f7 fd fd c8 04 64 80",""
102,504,"PACKET","IN",207,43,"PlayerSync","id=207 bytes=43","cf 63 00 60 3f c0 00 24 d2 e6 70 c2 3e 09 51 50 09 df 10 80 00 00 00 02 67 47 80 00 00 bd 98 18 f5 bb c3 4d 0b fd fd c8 04 04 80",""
103,537,"PACKET","IN",207,35,"PlayerSync","id=207 bytes=35","cf 9e 00 00 00 36 83 69 b0 f6 5c 49 d1 61 99 1e d0 80 00 00 00 00 7f 3a 40 00 0c 00 00 00 01 a5 04 04 80",""
104,537,"PACKET","IN",203,34,"AimSync","id=203 bytes=34","cb 9e 00 04 09 ca 6e 3f 02 d6 af be be 4e e0 bd f8 aa a7 c3 dd 84 27 45 f3 4e 7f 42 00 00 00 00 3f 22",""
105,537,"PACKET","IN",207,45,"PlayerSync","id=207 bytes=45","cf 46 00 fb 7f e0 7f c0 00 16 28 26 70 e2 8f c9 91 42 64 1e d0 80 00 00 00 02 f6 a7 c0 00 02 f7 d3 20 f4 3f fd ce 3f fd fd ae 04 08 80",""
106,537,"PACKET","IN",207,45,"PlayerSync","id=207 bytes=45","cf 4b 00 82 00 60 7f c0 00 33 8e 26 b0 d8 59 89 91 64 ff 1e d0 84 00 00 00 02 8e db 80 00 00 f6 2b 84 f4 14 02 51 f7 fd fd c8 04 64 80",""
107,537,"PACKET","IN",207,35,"PlayerSync","id=207 bytes=35","cf 9a 00 00 00 05 5a 28 30 df c8 49 d1 7b 67 1f 10 84 00 00 00 01 79 f3 c0 00 00 00 00 00 01 28 00 04 11",""
108,569,"PACKET","IN",207,45,"PlayerSync","id=207 bytes=45","cf 46 00 fb 7f e0 7f c0 00 2f a5 66 70 ec cf c9 91 5f 24 1e d0 80 00 00 00 02 f6 a7 c0 00 00 6d a6 fc f4 3f fd ce 3f fd fd ae 04 08 80",""
109,570,"PACKET","IN",207,45,"PlayerSync","id=207 bytes=45","cf 46 00 fb 7f e0 7f c0 00 13 22 a6 70 f8 0f c9 91 7e e4 1e d0 80 00 00 00 02 f6 a7 c0 00 02 ae 82 b4 f4 3f fd ce 3f fd fd ae 04 08 80",""
110,570,"PACKET","IN",207,35,"PlayerSync","id=207 bytes=35","cf 1a 00 00 00 37 65 23 70 da 69 09 91 4b 21 de 90 80 00 00 00 00 b3 19 80 00 00 00 00 00 01 28 00 04 11",""
111,603,"PACKET","IN",207,35,"PlayerSync","id=207 bytes=35","cf 9e 00 00 00 36 83 69 b0 f6 5c 49 d1 61 99 1e d0 80 00 00 00 00 7f 3a 40 00 00 00 00 00 01 a5 04 04 80",""
112,604,"PACKET","IN",207,45,"PlayerSync","id=207 bytes=45","cf 4b 00 82 00 60 7f c2 00 34 59 26 b0 d2 19 89 91 53 7f 1e d0 84 00 00 00 01 46 db 80 00 03 a1 5b b4 f4 10 03 5d f7 fd fd c8 04 64 80",""
113,604,"PACKET","IN",207,43,"PlayerSync","id=207 bytes=43","cf 63 00 60 3f c0 00 2d ce 26 70 ee bd c9 51 7b c8 df 10 80 00 00 00 02 2a bb 80 00 02 76 c8 68 f5 3b fd 16 37 fd fd c8 04 04 80",""
114,604,"RPC","IN",105,19,"TextDrawSetString","id=105 bytes=19","2f 01 0f 00 30 39 20 41 67 75 73 74 75 73 20 32 30 32 36",""
115,604,"RPC","IN",105,12,"TextDrawSetString","id=105 bytes=12","30 01 08 00 31 31 3a 35 35 3a 35 35",""
116,604,"PACKET","IN",207,45,"PlayerSync","id=207 bytes=45","cf 4b 00 82 00 60 7f c2 00 1b e0 26 b0 cf 19 89 91 4a ff 1e d0 84 00 00 00 00 9a db 80 00 01 15 e3 e0 f4 08 01 15 fb fd fd c8 04 64 80",""
117,636,"PACKET","IN",207,35,"PlayerSync","id=207 bytes=35","cf 1c 00 00 00 2d 02 a6 f0 e0 10 09 d1 7b 67 1f 10 84 00 00 00 00 15 5f 00 00 00 00 00 00 01 28 00 04 11",""
118,636,"PACKET","IN",207,45,"PlayerSync","id=207 bytes=45","cf 4b 00 82 00 60 7f c0 00 2a 27 66 b0 cc 59 89 91 43 7f 1e d0 84 00 00 00 03 d6 d7 80 00 03 d3 07 f4 f4 08 02 11 fb fd fd c8 04 64 80",""
119,636,"PACKET","IN",207,35,"PlayerSync","id=207 bytes=35","cf 85 00 00 00 2b 0b 62 b0 d7 e8 c9 91 50 59 de 90 84 00 00 00 03 a8 31 80 00 00 00 00 00 01 28 00 04 11",""
120,637,"PACKET","IN",203,34,"AimSync","id=203 bytes=34","cb 85 00 04 45 97 95 bd 2c 65 77 3f 51 69 7c be 8c 19 8a c3 14 82 26 45 29 ed 7e 42 00 00 00 00 3f c6",""
121,670,"PACKET","IN",207,45,"PlayerSync","id=207 bytes=45","cf 46 00 fb 7f e0 7f c0 00 39 8f e6 70 c0 50 49 91 5a 4e 9f 10 80 00 00 00 02 f6 a7 c0 00 03 a0 01 f4 fa ef c7 52 34 42 e5 ab 04 08 80",""
122,670,"PACKET","IN",207,35,"PlayerSync","id=207 bytes=35","cf 70 00 00 00 23 1c 6a 70 ef f1 c9 91 61 b3 df 90 80 00 00 00 02 93 6f 00 00 00 00 00 00 01 00 00 00 80",""
123,670,"PACKET","IN",207,45,"PlayerSync","id=207 bytes=45","cf 4b 00 82 00 60 7f c0 00 13 ea e6 b0 cb 19 89 91 7f fe de d0 84 00 00 00 03 7e d7 80 00 03 db ff ec f4 04 02 a5 fb fd fd c8 04 64 80",""
124,670,"PACKET","IN",207,35,"PlayerSync","id=207 bytes=35","cf 0b 00 00 00 1a fc 26 b0 c0 43 09 d1 7b 67 1f 10 84 00 00 00 03 32 4b c0 00 00 00 00 00 01 28 00 04 11",""
125,671,"PACKET","IN",207,45,"PlayerSync","id=207 bytes=45","cf 46 00 fb 7f e0 7f c0 00 05 c9 a6 70 d9 50 49 91 45 e6 df 10 80 00 00 00 02 f6 a7 c0 00 01 c5 a9 e4 f8 e3 cc 0a 3b ce d5 ab 04 08 80",""
126,705,"PACKET","IN",207,45,"PlayerSync","id=207 bytes=45","cf 46 00 fb 7f e0 7f c0 00 0d 82 a6 70 f4 50 49 91 5b be df 10 80 00 00 00 02 f6 a7 c0 00 01 fb 05 d4 fb 1b d0 ce 39 c6 c9 ab 04 08 80",""
127,705,"PACKET","IN",207,45,"PlayerSync","id=207 bytes=45","cf 4b 00 82 00 60 7f c0 00 09 ee 26 b0 ca 19 89 91 7d 3e de d0 84 00 00 00 03 26 d7 80 00 00 59 67 d8 f4 04 03 21 fb fd fd c8 04 64 80",""
128,705,"PACKET","IN",200,38,"VehicleSync","id=200 bytes=38","c8 92 00 2a 00 00 00 11 00 00 00 00 c0 63 40 9e 9e ce 32 fb ec 3f 6d a2 84 50 ed 57 b4 20 00 00 00 0c e0 39 00 00",""
129,705,"PACKET","IN",203,34,"AimSync","id=203 bytes=34","cb 92 00 12 57 93 c5 3e c6 f6 66 bf 5c 49 45 be 15 ed bf c3 11 5d 29 45 69 6f 85 42 00 00 00 00 3f 37",""
130,706,"PACKET","IN",207,35,"PlayerSync","id=207 bytes=35","cf 94 00 00 00 10 3e 66 b0 ef 39 c9 91 7b 67 1f 10 84 00 00 00 02 9a 53 c0 00 00 00 00 00 01 28 00 04 11",""
131,706,"PACKET","IN",207,43,"PlayerSync","id=207 bytes=43","cf 63 00 60 3f c0 00 06 08 66 70 e7 fd c9 51 6b 07 9f 10 80 00 00 00 01 53 03 80 00 00 0b 0c 68 f4 3f fe 29 c3 fd fd c8 04 04 80",""
132,706,"PACKET","IN",207,35,"PlayerSync","id=207 bytes=35","cf 3d 00 00 00 39 94 e5 b0 e4 03 c9 d1 6c 24 9f 10 80 00 00 00 02 af cd c0 00 00 00 00 00 01 28 00 04 11",""
133,706,"PACKET","IN",207,45,"PlayerSync","id=207 bytes=45","cf 46 00 fb 7f e0 7f c0 00 0c bb e6 30 ce 90 89 91 4b 14 5f 50 80 00 00 00 02 f6 a7 c0 00 01 51 b9 c8 f8 e7 d9 82 3b 96 b9 ab 04 08 80",""
134,706,"PACKET","IN",207,45,"PlayerSync","id=207 bytes=45","cf 4b 00 82 00 60 7f c0 00 39 b1 26 b0 c9 59 89 91 7a fe de d0 84 00 00 00 02 d2 d7 80 00 02 fe 67 cc f4 04 03 9d fb fd fd c8 04 64 80",""
135,706,"PACKET","OUT",205,9,"UNKNOWN_PACKET","id=205 bytes=9","cd b8 4a 04 00 00 00 00 00",""
136,735,"RPC","IN",86,27,"ApplyPlayerAnimation","id=86 bytes=27","60 00 07 42 44 5f 46 49 52 45 07 77 61 73 68 5f 75 70 33 33 83 40 80 00 00 00 00",""
137,735,"PACKET","IN",207,45,"PlayerSync","id=207 bytes=45","cf 4b 00 82 00 60 7f c0 00 26 f4 66 b0 c8 99 89 91 78 fe de d0 84 00 00 00 02 7e d7 80 00 02 e1 fb bc f4 00 00 15 ff fd fd c8 04 64 80",""
138,736,"PACKET","IN",207,45,"PlayerSync","id=207 bytes=45","cf 46 00 fb 7f e0 7f c0 00 0c f4 a6 30 ea d0 89 91 59 29 1f 50 80 00 00 00 02 f6 a7 c0 00 02 94 75 bc fa cb de 3a 3b c2 a9 ab 04 08 80",""
139,736,"PACKET","IN",207,45,"PlayerSync","id=207 bytes=45","cf 4b 00 82 00 60 7f c0 00 09 37 a6 b0 c7 d9 89 91 76 be de d0 84 00 00 00 02 2a d7 80 00 02 86 67 b4 f4 00 00 8d ff fd fd c8 04 64 80",""
140,761,"PACKET","IN",207,43,"PlayerSync","id=207 bytes=43","cf 63 00 60 3f c2 00 0a c6 66 70 df bd c9 51 51 87 5f 10 80 00 00 00 01 53 03 80 00 02 29 30 04 f7 b7 f9 fd bf fd fd c8 04 04 80",""
141,761,"PACKET","IN",207,45,"PlayerSync","id=207 bytes=45","cf 46 00 fb 7f e0 7f c0 00 0e 6b e6 30 cc d0 c9 91 7a fe df 50 80 00 00 00 02 f6 a7 c0 00 00 2d ed ac f9 5f e7 06 3b d6 95 ab 04 08 80",""
142,762,"PACKET","IN",207,45,"PlayerSync","id=207 bytes=45","cf 4b 00 82 00 60 7f ca 00 29 fe 26 b0 c6 99 89 91 73 3e de d0 84 00 00 00 01 72 d7 80 00 02 3e 67 9c f4 00 01 7d ff fd fd c8 04 64 80",""
143,762,"PACKET","IN",203,34,"AimSync","id=203 bytes=34","cb 4b 00 04 9a b3 7e bf 2d e0 0f bd 3a 0a c1 bd 78 2c 99 c3 11 68 26 45 05 b4 7f 42 00 00 00 00 3f 36",""
144,764,"PACKET","OUT",203,32,"AimSync","id=203 bytes=32","cb 00 00 00 39 05 00 00 00 00 00 00 00 00 00 00 00 40 01 00 00 00 80 3f 00 00 f3 04 b5 3f 39 05",""
145,787,"PACKET","IN",200,38,"VehicleSync","id=200 bytes=38","c8 92 00 2a 00 00 00 11 00 00 00 00 d0 63 30 9e 9e ce 32 fb ec 3f 6d a2 84 50 fd 57 b4 20 00 00 00 0c e0 39 00 00",""
146,788,"PACKET","IN",207,45,"PlayerSync","id=207 bytes=45","cf 46 00 fb 7f e0 7f c0 00 20 e4 a6 30 e8 d0 c9 91 45 8e df 90 80 00 00 00 02 f6 a7 c0 00 03 f3 35 a0 fa 4b eb 9e 3a d6 85 ab 04 08 80",""
147,788,"PACKET","IN",207,45,"PlayerSync","id=207 bytes=45","cf 4b 00 82 00 60 7f c0 00 2f 01 26 f0 c6 59 89 91 72 be de d0 84 00 00 00 01 72 d7 80 00 02 b2 67 9c f4 00 02 09 ff fd fd ad 04 08 80",""
148,788,"RPC","IN",86,27,"ApplyPlayerAnimation","id=86 bytes=27","27 00 07 42 44 5f 46 49 52 45 07 77 61 73 68 5f 75 70 33 33 83 40 80 00 00 00 00",""
149,817,"PACKET","IN",207,45,"PlayerSync","id=207 bytes=45","cf 46 00 fb 7f e0 7f c0 00 12 9c a6 30 c8 11 09 91 40 dd df 90 80 00 00 00 02 f6 a7 c0 00 00 2c 95 98 fb 3b ec 3a 3f 1e 71 ab 04 08 80",""
150,817,"PACKET","IN",207,45,"PlayerSync","id=207 bytes=45","cf 46 00 fb 7f e0 7f c0 00 16 16 66 30 e0 51 09 91 74 27 9f 90 80 00 00 00 02 f6 a7 c0 00 02 35 5d 90 fa 8f f0 a2 3f 6e 61 ab 04 08 80",""
151,817,"PACKET","IN",207,45,"PlayerSync","id=207 bytes=45","cf 4b 00 82 00 60 7f c0 00 1f c4 26 f0 c6 19 89 91 71 fe de d0 84 00 00 00 01 72 d7 80 00 03 61 eb 84 f4 00 02 09 ff fd fd ad 04 08 80",""
152,817,"PACKET","IN",207,35,"PlayerSync","id=207 bytes=35","cf 7e 00 00 00 11 42 a6 f0 c0 4b 89 d1 7b 67 1f 10 84 00 00 00 00 c6 1b 94 00 00 00 00 00 01 28 00 04 11",""
153,818,"PACKET","IN",207,35,"PlayerSync","id=207 bytes=35","cf 60 00 00 00 25 ca e3 30 e5 e0 49 91 6f df 1e 90 84 00 00 00 00 ae f9 c0 00 00 00 00 00 01 fb 04 e8 80",""
154,818,"PACKET","IN",200,38,"VehicleSync","id=200 bytes=38","c8 92 00 2a 00 00 00 11 00 00 00 00 d0 63 10 9e 9e ce 32 fb ec 3f 6d a2 84 51 1d 57 b4 20 00 00 00 0c e0 39 00 00",""
155,853,"PACKET","IN",207,45,"PlayerSync","id=207 bytes=45","cf 46 00 fb 7f e0 7f c0 00 0c 10 26 30 f8 d1 09 91 4e f0 1f 90 80 00 00 00 02 f6 a7 c0 00 02 af 05 88 f9 7b f4 fa 3f 46 51 ab 04 08 80",""
156,854,"PACKET","IN",207,45,"PlayerSync","id=207 bytes=45","cf 4b 00 82 00 60 7f c0 00 03 c9 e6 f0 c5 99 89 91 70 7e de d0 84 00 00 00 01 72 d7 80 00 03 9c f7 54 f4 00 02 09 ff fd fd ad 04 08 80",""
157,854,"PACKET","IN",207,35,"PlayerSync","id=207 bytes=35","cf 4d 00 00 00 02 00 23 30 e6 e4 09 91 70 1e 9e 90 84 00 00 00 03 da d0 80 00 00 00 00 00 01 28 00 04 11",""
158,854,"PACKET","IN",207,35,"PlayerSync","id=207 bytes=35","cf 53 00 00 00 1d d4 e5 b0 ff cc 49 d1 6c e4 9f 10 80 00 00 00 03 52 2a c0 00 00 00 00 00 01 a5 04 04 80",""
159,854,"PACKET","IN",207,43,"PlayerSync","id=207 bytes=43","cf 63 00 60 3f c2 00 37 80 a6 70 c8 7d c9 51 57 06 5f 10 80 00 00 00 01 53 03 80 00 03 69 a5 1c f7 b7 f9 fd bf fd fd c8 04 04 80",""
160,854,"PACKET","IN",207,35,"PlayerSync","id=207 bytes=35","cf 7c 00 00 00 03 66 28 30 f1 c4 49 d1 7b 67 1f 10 84 00 00 00 01 fe 49 80 00 00 00 00 00 01 28 00 04 11",""
161,854,"PACKET","IN",207,35,"PlayerSync","id=207 bytes=35","cf 49 00 00 00 05 d5 25 b0 dd 8f 09 d1 6c 24 9f 10 80 00 00 00 01 eb 77 c0 00 00 00 00 00 01 a5 04 e8 80",""
162,854,"PACKET","IN",207,45,"PlayerSync","id=207 bytes=45","cf 4b 00 82 00 60 7f c0 00 0b 4c a6 f0 c5 59 89 91 6f be de d0 84 00 00 00 01 72 d7 80 00 03 24 d3 54 f4 00 02 09 ff fd fd ad 04 08 80",""
163,854,"PACKET","IN",200,38,"VehicleSync","id=200 bytes=38","c8 92 00 2a 00 00 00 11 00 00 00 00 e0 62 f0 9e 9e ce 32 fb ec 3f 6d a2 84 51 4d 57 b4 20 00 00 00 0c e0 39 00 00",""
164,855,"PACKET","IN",207,45,"PlayerSync","id=207 bytes=45","cf 4b 00 82 00 60 7f c0 00 3a 8f 26 f0 c5 19 89 91 6f 3e de d0 84 00 00 00 01 72 d7 80 00 01 47 2b 34 f4 00 02 09 ff fd fd ad 04 08 80",""
165,855,"PACKET","IN",207,35,"PlayerSync","id=207 bytes=35","cf 54 00 00 00 02 89 a9 70 cd 27 49 91 57 09 9f 50 80 00 00 00 01 e7 96 c0 00 00 00 00 00 01 a5 04 04 80",""
166,886,"PACKET","IN",207,35,"PlayerSync","id=207 bytes=35","cf 1f 00 00 00 20 66 e8 30 c3 bc c9 91 7b 67 1f 10 84 00 00 00 00 97 53 00 00 00 00 00 00 01 28 00 04 11",""
167,887,"PACKET","IN",207,45,"PlayerSync","id=207 bytes=45","cf 46 00 fb 7f e0 7f c0 00 29 88 a6 30 d5 91 49 91 4b f7 9f 90 80 00 00 00 02 f6 a7 c0 00 00 00 cd 84 f8 43 f9 52 3f ea 3d ab 04 08 80",""
168,887,"PACKET","IN",207,45,"PlayerSync","id=207 bytes=45","cf 4b 00 82 00 60 7f c0 00 1a 11 e6 f0 c4 d9 89 91 6e 7e de d0 84 00 00 00 01 72 d7 80 00 02 26 b7 20 f4 00 02 09 ff fd fd ad 04 08 80",""
169,887,"PACKET","IN",207,45,"PlayerSync","id=207 bytes=45","cf 46 00 fb 7f e0 7f c0 00 13 c0 26 30 f7 11 49 91 5b 3d 1f 90 80 00 00 00 02 f6 a7 c0 00 01 07 3d 7c fa 9b f9 9a 3d 02 29 ab 04 08 80",""
170,921,"PACKET","IN",207,45,"PlayerSync","id=207 bytes=45","cf 4b 00 82 00 60 7f c0 00 03 55 26 f0 c4 59 89 91 6c fe de d0 84 00 00 00 01 72 d7 80 00 02 0e 53 c4 f4 00 02 09 ff fd fd ad 04 08 80",""
171,922,"PACKET","IN",207,35,"PlayerSync","id=207 bytes=35","cf 60 00 00 00 25 ca e3 30 e5 e0 49 91 6f df 1e 90 84 00 00 00 00 ae f9 c0 00 00 00 00 00 01 28 00 04 11",""
172,922,"PACKET","IN",207,43,"PlayerSync","id=207 bytes=43","cf 63 00 60 3f c2 00 07 39 e6 30 eb bd 89 51 5e c5 1f 10 80 00 00 00 01 53 03 80 00 01 3e e6 30 f7 b7 f9 fd bf fd fd c8 04 04 80",""
173,922,"PACKET","IN",200,38,"VehicleSync","id=200 bytes=38","c8 92 00 2a 00 00 00 11 00 00 00 00 e0 62 e0 9e 9e ce 32 fb ec 3f 6d a2 84 51 5d 57 b4 20 00 00 00 0c e0 39 00 00",""
174,922,"PACKET","IN",207,45,"PlayerSync","id=207 bytes=45","cf 46 00 fb 7f e0 7f c0 00 39 b7 e5 f0 d6 91 89 91 4a bf 9f 90 80 00 00 00 02 f6 a7 c0 00 01 b3 ad 78 fb e3 f9 c2 3f 12 11 ab 04 08 80",""
175,922,"PACKET","IN",207,45,"PlayerSync","id=207 bytes=45","cf 4b 00 82 00 60 7f c0 00 27 18 26 f0 c3 d9 89 91 6b be de d0 84 00 00 00 01 72 d7 80 00 01 a7 73 c0 f4 00 02 09 ff fd fd ad 04 08 80",""
176,923,"PACKET","OUT",207,69,"PlayerSync","id=207 bytes=69","cf 00 00 00 00 00 00 22 90 8d c3 0a 85 26 45 6a 86 7a 42 f5 21 4f 3f 00 00 00 00 00 00 00 00 89 70 16 3f 64 00 00 00 00 00 00 00 00 00 00 00 00 00 00 00 00 00 00 00 00 00 00 00 00 00 00 00 00 00 a5 04 04 80",""
177,952,"PACKET","IN",207,45,"PlayerSync","id=207 bytes=45","cf 46 00 fb 7f e0 7f c0 00 23 6f a5 f0 f7 11 89 91 4f ff 1f 90 80 00 00 00 02 f6 a7 c0 00 02 45 bd 78 f8 3b fd ce 3c 55 fd ab 04 08 80",""
178,952,"PACKET","IN",207,45,"PlayerSync","id=207 bytes=45","cf 4b 00 82 00 60 7f c0 00 0a db 66 f0 c3 59 89 91 6a 3e de d0 84 00 00 00 01 72 d7 80 00 01 c3 73 c0 f4 00 02 09 ff fd fd ad 04 08 80",""
179,952,"PACKET","IN",207,35,"PlayerSync","id=207 bytes=35","cf 97 00 00 00 09 a6 25 b0 d5 fd 09 91 6c 24 9f 10 84 00 00 00 00 3b eb e8 00 00 00 00 00 01 28 00 04 11",""
180,952,"PACKET","IN",207,45,"PlayerSync","id=207 bytes=45","cf 4b 00 82 00 60 7f c0 00 2e 5e 66 f0 c2 d9 89 91 68 fe de d0 84 00 00 00 01 72 d7 80 00 01 9f 73 c0 f4 00 02 09 ff fd fd ad 04 08 80",""
181,952,"PACKET","IN",200,38,"VehicleSync","id=200 bytes=38","c8 92 00 2a 00 00 00 11 00 00 00 00 d0 62 d0 9e 9e ce 32 fb ec 3f 6d a2 84 51 5d 57 b4 20 00 00 00 0c e0 39 00 00",""
182,953,"PACKET","IN",207,45,"PlayerSync","id=207 bytes=45","cf 46 00 fb 7f e0 7f c0 00 15 e6 a5 f0 da 51 c9 91 42 bb 1f 90 80 00 00 00 02 f6 a7 c0 00 02 cd a1 78 fb 77 f9 b6 3f 99 e1 ab 04 08 80",""
183,953,"PACKET","IN",203,34,"AimSync","id=203 bytes=34","cb 46 00 04 a1 a1 7e 3f 8b aa c9 3d 6a d0 fe bc d7 63 9a c3 94 3e 26 45 68 02 81 42 00 00 00 00 23 37",""
184,953,"PACKET","IN",207,45,"PlayerSync","id=207 bytes=45","cf 4b 00 82 00 60 7f c0 00 12 21 a6 f0 c2 59 89 91 67 7e de d0 84 00 00 00 01 72 d7 80 00 01 c3 73 c0 f4 00 02 09 ff fd fd ad 04 08 80",""
185,986,"RPC","IN",164,63,"WorldVehicleAdd","id=164 bytes=63","30 00 d4 01 00 00 19 10 28 3f e5 ff 24 45 52 46 73 42 27 8c d2 42 00 00 c5 02 59 44 00 00 00 00 00 00 00 00 00 00 00 00 00 00 00 00 00 00 00 00 00 00 00 00 00 00 00 ff ff ff ff ff ff ff ff",""
186,987,"RPC","IN",123,4,"SetVehicleNumberPlate","id=123 bytes=4","30 00 01 2d",""
187,987,"RPC","IN",24,18,"SetVehicleParamsEx","id=24 bytes=18","30 00 01 ff ff 00 ff ff ff ff ff ff ff ff ff ff ff ff",""
188,987,"RPC","IN",32,50,"WorldPlayerAdd","id=32 bytes=50","76 00 ff 23 00 00 00 19 10 28 3f e5 ff 24 45 52 46 73 42 e3 dd 0b 43 ff ff ff ff 04 01 00 e8 03 e8 03 e8 03 01 00 e8 03 01 00 e8 03 e8 03 e8 03 2d 01",""
189,990,"PACKET","IN",207,35,"PlayerSync","id=207 bytes=35","cf 9e 00 00 00 36 83 69 b0 f6 5c 49 d1 61 99 1e d0 80 00 00 00 00 7f 3a 40 00 0c 00 00 00 01 a5 04 04 80",""
190,991,"PACKET","IN",207,45,"PlayerSync","id=207 bytes=45","cf 4b 00 82 00 60 7f c0 00 39 a7 66 f0 c1 99 89 91 4c d7 9f 10 84 00 00 00 01 72 d7 80 00 03 79 c1 fc fa 14 3a 41 fc d6 ed ab 04 08 80",""
191,991,"PACKET","IN",200,48,"VehicleSync","id=200 bytes=48","c8 76 00 30 00 5c 00 00 00 00 00 72 90 a5 90 a1 1c a8 b5 e3 bb f1 ff a2 44 58 ff d7 34 21 db 91 43 fe 30 4c 26 0d f8 f6 40 3d 00 03 e1 e4 e6 84",""
192,991,"PACKET","IN",207,35,"PlayerSync","id=207 bytes=35","cf 51 00 00 00 30 e3 68 30 f6 0c 09 d1 7b 67 1f 10 84 00 00 00 02 e7 67 c0 00 00 00 00 00 01 28 00 04 11",""
193,1031,"PACKET","IN",207,45,"PlayerSync","id=207 bytes=45","cf 46 00 fb 7f e0 7f c0 00 16 1e 65 f0 fa 51 c9 91 60 b4 5f 90 80 00 00 00 02 f6 a7 c0 00 00 33 59 78 f9 bb f9 7e 3d 29 cd ab 04 08 80",""
194,1031,"PACKET","IN",207,45,"PlayerSync","id=207 bytes=45","cf 4b 00 82 00 60 7f c0 00 1f 2d 66 f0 c0 d9 89 91 7d 6e 9f 10 84 00 00 00 01 72 d7 80 00 01 68 39 f0 f8 84 36 3d fd de e1 ab 04 08 80",""
195,1032,"PACKET","IN",207,43,"PlayerSync","id=207 bytes=43","cf 63 00 60 3f c2 00 0c ed 66 30 f7 bd 49 51 41 05 5f 10 80 00 00 00 01 53 03 80 00 02 8b d7 10 f7 b7 f9 fd bf fd fd c8 04 04 80",""
196,1032,"PACKET","IN",207,45,"PlayerSync","id=207 bytes=45","cf 46 00 fb 7f e0 7f c0 00 28 56 a5 f0 d8 52 09 91 65 eb 9f 90 80 00 00 00 02 f6 a7 c0 00 00 c6 79 7c fb 43 f5 32 3c 79 b9 ab 04 08 80",""
197,1032,"PACKET","IN",207,45,"PlayerSync","id=207 bytes=45","cf 4b 00 82 00 60 7f c0 00 02 b3 66 f0 c0 19 89 91 7a 44 5f 50 84 00 00 00 01 72 d7 80 00 03 f7 4d e0 fb 18 2e 39 fe 7e d5 ab 04 08 80",""
198,1032,"PACKET","IN",207,45,"PlayerSync","id=207 bytes=45","cf 46 00 fb 7f e0 7f c0 00 33 4f 65 f0 f4 52 09 91 72 a1 1f 90 80 00 00 00 02 f6 a7 c0 00 01 46 bd 80 f8 37 f4 d2 3d 51 a5 ab 04 08 80",""
199,1032,"PACKET","IN",207,45,"PlayerSync","id=207 bytes=45","cf 4b 00 82 00 60 7f c0 00 24 f9 26 f0 ff 59 49 91 46 18 df 50 84 00 00 00 01 72 d7 80 00 03 2b 09 d4 f9 d4 2a 35 fe b2 c9 ab 04 08 80",""
200,1033,"PACKET","IN",200,48,"VehicleSync","id=200 bytes=48","c8 76 00 30 00 6b 00 00 00 00 00 7f e0 9f 00 a9 2c 81 7e d0 6c 0d 6f 42 44 53 3b 37 44 22 8e f1 23 f4 60 45 76 3f 48 f6 40 3d 00 02 29 3c e8 84",""
201,1033,"PACKET","IN",200,38,"VehicleSync","id=200 bytes=38","c8 92 00 2a 00 00 00 11 00 00 00 00 c0 62 d0 9e 9e ce 32 fb ec 3f 6d a2 84 51 5d 57 b4 20 00 00 00 0c e0 39 00 00",""
202,1033,"PACKET","IN",207,35,"PlayerSync","id=207 bytes=35","cf 1c 00 00 00 2d 02 a6 f0 e0 10 09 d1 7b 67 1f 10 84 00 00 00 00 15 5f 00 00 00 00 00 00 01 28 00 04 11",""
203,1033,"PACKET","IN",207,35,"PlayerSync","id=207 bytes=35","cf 9e 00 00 00 36 83 69 b0 f6 5c 49 d1 61 99 1e d0 80 00 00 00 00 7f 3a 40 00 00 00 00 00 01 a5 04 04 80",""
204,1056,"PACKET","IN",207,45,"PlayerSync","id=207 bytes=45","cf 4b 00 82 00 60 7f c0 00 27 7f 66 f0 fe 99 49 91 40 2c df 50 84 00 00 00 01 72 d7 80 00 01 fa b5 c8 f8 70 26 2d fd ae bd ab 04 08 80",""
205,1057,"RPC","IN",99,42,"MoveObject","id=99 bytes=42","a1 00 f8 e3 a1 c3 d7 9b 26 45 ed 5e 7b 42 f8 e3 a1 c3 d7 9b 26 45 53 c5 7d 42 00 00 80 3e 00 00 00 00 00 00 00 00 08 cc 84 43",""
206,1057,"RPC","IN",122,2,"StopObject","id=122 bytes=2","a1 00",""
207,1057,"RPC","IN",99,42,"MoveObject","id=99 bytes=42","a1 00 f8 e3 a1 c3 d7 9b 26 45 ed 5e 7b 42 f8 e3 a1 c3 d7 9b 26 45 ed 5e 7b 42 00 00 80 3e 00 00 00 00 00 00 00 00 08 cc 84 43",""
208,1057,"RPC","IN",122,2,"StopObject","id=122 bytes=2","a1 00",""
209,1057,"RPC","IN",99,42,"MoveObject","id=99 bytes=42","a1 00 f8 e3 a1 c3 d7 9b 26 45 ed 5e 7b 42 f8 e3 a1 c3 d7 9b 26 45 53 c5 7d 42 00 00 80 3e 00 00 00 00 00 00 00 00 08 cc 84 43",""
210,1057,"RPC","IN",122,2,"StopObject","id=122 bytes=2","a1 00",""
211,1057,"RPC","IN",99,42,"MoveObject","id=99 bytes=42","a1 00 f8 e3 a1 c3 d7 9b 26 45 ed 5e 7b 42 f8 e3 a1 c3 d7 9b 26 45 ed 5e 7b 42 00 00 80 3e 00 00 00 00 00 00 00 00 08 cc 84 43",""
212,1057,"RPC","IN",122,2,"StopObject","id=122 bytes=2","a1 00",""
213,1057,"RPC","IN",99,42,"MoveObject","id=99 bytes=42","a1 00 f8 e3 a1 c3 d7 9b 26 45 ed 5e 7b 42 f8 e3 a1 c3 d7 9b 26 45 53 c5 7d 42 00 00 80 3e 00 00 00 00 00 00 00 00 08 cc 84 43",""
214,1057,"RPC","IN",122,2,"StopObject","id=122 bytes=2","a1 00",""
215,1057,"RPC","IN",99,42,"MoveObject","id=99 bytes=42","a1 00 f8 e3 a1 c3 d7 9b 26 45 ed 5e 7b 42 f8 e3 a1 c3 d7 9b 26 45 ed 5e 7b 42 00 00 80 3e 00 00 00 00 00 00 00 00 08 cc 84 43",""
216,1057,"RPC","IN",122,2,"StopObject","id=122 bytes=2","a1 00",""
217,1058,"RPC","IN",99,42,"MoveObject","id=99 bytes=42","a1 00 f8 e3 a1 c3 d7 9b 26 45 ed 5e 7b 42 f8 e3 a1 c3 d7 9b 26 45 53 c5 7d 42 00 00 80 3e 00 00 00 00 00 00 00 00 08 cc 84 43",""
218,1058,"RPC","IN",122,2,"StopObject","id=122 bytes=2","a1 00",""
219,1058,"RPC","IN",99,42,"MoveObject","id=99 bytes=42","a1 00 f8 e3 a1 c3 d7 9b 26 45 ed 5e 7b 42 f8 e3 a1 c3 d7 9b 26 45 ed 5e 7b 42 00 00 80 3e 00 00 00 00 00 00 00 00 08 cc 84 43",""
220,1058,"RPC","IN",122,2,"StopObject","id=122 bytes=2","a1 00",""
221,1058,"RPC","IN",99,42,"MoveObject","id=99 bytes=42","a1 00 f8 e3 a1 c3 d7 9b 26 45 ed 5e 7b 42 f8 e3 a1 c3 d7 9b 26 45 53 c5 7d 42 00 00 80 3e 00 00 00 00 00 00 00 00 08 cc 84 43",""
222,1058,"RPC","IN",122,2,"StopObject","id=122 bytes=2","a1 00",""
223,1058,"RPC","IN",99,42,"MoveObject","id=99 bytes=42","a1 00 f8 e3 a1 c3 d7 9b 26 45 ed 5e 7b 42 f8 e3 a1 c3 d7 9b 26 45 ed 5e 7b 42 00 00 80 3e 00 00 00 00 00 00 00 00 08 cc 84 43",""
224,1058,"PACKET","IN",207,35,"PlayerSync","id=207 bytes=35","cf 29 00 00 00 2e 09 a5 b0 d1 c9 c9 d1 6c 24 9f 10 80 00 00 00 01 7d 63 c0 00 00 00 00 00 01 28 00 04 11",""
225,1058,"PACKET","IN",207,45,"PlayerSync","id=207 bytes=45","cf 46 00 fb 7f e0 7f c0 00 11 47 25 f0 d5 12 49 91 7a 51 df 90 80 00 00 00 02 f6 a7 c0 00 00 45 4d 88 fb d3 ec 4a 3f 79 8d ab 04 08 80",""
226,1087,"PACKET","IN",207,45,"PlayerSync","id=207 bytes=45","cf 46 00 fb 7f e0 7f c0 00 01 7e 65 b0 f7 52 49 91 55 7e 9f 50 80 00 00 00 02 f6 a7 c0 00 03 cd fd 90 fa 4b eb 9e 39 1d 79 ab 04 08 80",""
227,1087,"PACKET","IN",207,45,"PlayerSync","id=207 bytes=45","cf 4b 00 82 00 60 7f c0 00 27 cb 27 30 fd 19 49 91 78 0d df 90 84 00 00 00 01 72 d7 80 00 02 f5 a5 b4 fa f8 1a 25 ff fe a1 ab 04 08 80",""
228,1119,"PACKET","IN",207,45,"PlayerSync","id=207 bytes=45","cf 4b 00 82 00 60 7f c0 00 03 11 27 30 fc 59 49 91 63 1c 5f 90 84 00 00 00 01 72 d7 80 00 00 bc 39 ac fa a4 16 21 fe 96 95 ab 04 08 80",""
229,1120,"PACKET","IN",207,43,"PlayerSync","id=207 bytes=43","cf 63 00 60 3f c2 00 09 e0 66 30 c1 7d 49 51 4f 05 1f 10 80 00 00 00 01 53 03 80 00 02 26 e2 dc f7 b7 f9 fd bf fd fd e9 04 02 80",""
230,1120,"PACKET","IN",207,45,"PlayerSync","id=207 bytes=45","cf 46 00 fb 7f e0 7f c0 00 33 b6 65 b0 d5 92 89 91 7c aa 9f 50 80 00 00 00 02 f6 a7 c0 00 01 8b 35 98 f8 af e6 f2 39 e9 65 ab 04 08 80",""
231,1120,"PACKET","IN",200,38,"VehicleSync","id=200 bytes=38","c8 92 00 2a 00 00 00 11 00 00 00 00 b0 62 d0 9e 9e ce 32 fb ec 3f 6d a2 84 51 5d 57 b4 20 00 00 00 0c e0 39 00 00",""
232,1120,"PACKET","IN",207,35,"PlayerSync","id=207 bytes=35","cf 9a 00 00 00 05 5a 28 30 df c8 49 d1 7b 67 1f 10 84 00 00 00 01 79 f3 c0 00 00 00 00 00 01 28 00 04 11",""
233,1120,"PACKET","IN",207,45,"PlayerSync","id=207 bytes=45","cf 46 00 fb 7f e0 7f c0 00 21 6f 25 b0 f2 12 89 91 42 d5 df 50 80 00 00 00 02 f6 a7 c0 00 03 89 15 a4 fa df de 3a 38 79 55 ab 04 08 80",""
234,1121,"PACKET","IN",207,45,"PlayerSync","id=207 bytes=45","cf 4b 00 82 00 60 7f c0 00 21 56 e7 30 fb 99 49 91 66 e9 5f 90 84 00 00 00 01 72 d7 80 00 02 9b 81 a0 fa 9c 12 1d fc c6 89 ab 04 08 80",""
235,1121,"PACKET","IN",200,48,"VehicleSync","id=200 bytes=48","c8 76 00 30 00 75 00 00 00 00 00 75 10 99 c0 b5 4c 47 f7 b9 ac 02 6e c2 44 58 51 97 64 2b c5 90 f3 fe 00 24 f6 a0 c9 06 40 3d 00 03 c3 c4 ea 84",""
236,1153,"PACKET","IN",207,35,"PlayerSync","id=207 bytes=35","cf 1a 00 00 00 37 65 23 70 da 69 09 91 4b 21 de 90 80 00 00 00 00 b3 19 80 00 00 00 00 00 01 28 00 04 11",""
237,1154,"PACKET","IN",207,45,"PlayerSync","id=207 bytes=45","cf 4b 00 82 00 60 7f c0 00 39 1c a7 30 fa d9 49 91 70 34 df 90 84 00 00 00 01 72 d7 80 00 02 bb 95 98 fa e8 0e 19 fe aa 79 ab 04 08 80",""
238,1154,"PACKET","IN",207,45,"PlayerSync","id=207 bytes=45","cf 46 00 fb 7f e0 7f c0 00 10 e7 25 b0 d1 92 c9 91 49 7b df 10 80 00 00 00 02 f6 a7 c0 00 01 f1 51 b0 fb f3 d5 62 39 f9 41 ab 04 08 80",""
239,1154,"PACKET","IN",207,45,"PlayerSync","id=207 bytes=45","cf 4b 00 82 00 60 7f c0 00 0f 62 a7 30 fa 19 49 91 49 bf 1f 90 84 00 00 00 01 72 d7 80 00 01 f0 71 94 fb 90 0a 15 fc 3a 6d ab 04 08 80",""
240,1154,"PACKET","IN",207,35,"PlayerSync","id=207 bytes=35","cf 85 00 00 00 2b 0b 62 b0 d7 e8 c9 91 50 59 de 90 84 00 00 00 03 a8 31 80 00 00 00 00 00 01 28 00 04 11",""
241,1186,"PACKET","IN",207,45,"PlayerSync","id=207 bytes=45","cf 46 00 fb 7f e0 7f c0 00 15 1f a5 b0 ee d2 c9 91 73 e1 1f 10 80 00 00 00 02 f6 a7 c0 00 01 81 e1 bc f9 13 d0 8e 39 7d 31 ab 04 08 80",""
242,1186,"PACKET","IN",207,45,"PlayerSync","id=207 bytes=45","cf 4b 00 82 00 60 7f c0 00 37 6e 27 30 f8 99 49 91 70 0e df d0 84 00 00 00 01 72 d7 80 00 03 3c 89 88 fa 10 06 11 fe 86 4d ab 04 08 80",""
243,1187,"PACKET","IN",207,35,"PlayerSync","id=207 bytes=35","cf 70 00 00 00 23 1c 6a 70 ef f1 c9 91 61 b3 df 90 80 00 00 00 02 93 6f 00 00 00 00 00 00 01 00 00 00 80",""
244,1187,"PACKET","IN",207,45,"PlayerSync","id=207 bytes=45","cf 4b 00 82 00 60 7f c0 00 08 f4 27 30 f7 d9 49 91 7d 94 9f d0 84 00 00 00 01 72 d7 80 00 03 d3 cd 80 fb ec 02 0d ff 52 3d ab 04 08 80",""
245,1187,"PACKET","IN",207,43,"PlayerSync","id=207 bytes=43","cf 63 00 60 3f c2 00 2a 4f e6 30 cb 3d 09 51 65 04 9f 10 80 00 00 00 02 52 d7 80 00 00 7d 33 44 f7 0b fc d5 e3 fd fd e9 04 02 80",""
246,1223,"PACKET","IN",207,41,"PlayerSync","id=207 bytes=41","cf 46 00 00 00 18 8f a5 b0 ed 13 09 91 6c 6a 5e d0 80 00 00 00 02 f6 a7 c0 00 02 b1 ad 68 f8 3f fd ce 3f fd fd 6d 04 64 80",""
247,1223,"PACKET","IN",207,45,"PlayerSync","id=207 bytes=45","cf 4b 00 82 00 60 7f c0 00 18 f9 e7 30 f7 19 49 91 5d 19 1f d0 84 00 00 00 01 72 d7 80 00 03 a3 e5 7c fa 40 02 0d ff ee 2d ab 04 08 80",""
248,1252,"PACKET","IN",207,35,"PlayerSync","id=207 bytes=35","cf 0b 00 00 00 1a fc 26 b0 c0 43 09 d1 7b 67 1f 10 84 00 00 00 03 32 4b c0 00 00 00 00 00 01 28 00 04 11",""
249,1252,"PACKET","IN",207,45,"PlayerSync","id=207 bytes=45","cf 4b 00 82 00 60 7f c0 00 27 7f a7 30 f6 59 49 91 4f 1c 1f d0 84 00 00 00 01 72 d7 80 00 00 84 d5 7c f9 04 02 0d fc 62 21 ab 04 08 80",""
250,1253,"PACKET","IN",200,48,"VehicleSync","id=200 bytes=48","c8 76 00 30 00 00 00 00 00 08 00 76 90 49 80 6f 5b ff f4 0f fc 01 de 52 44 5b a8 77 74 2b b4 50 c3 f6 50 19 07 0d 08 a6 40 3d 00 02 4e 90 ee 84",""
251,1253,"RPC","IN",86,27,"ApplyPlayerAnimation","id=86 bytes=27","49 00 07 42 44 5f 46 49 52 45 07 77 61 73 68 5f 75 70 33 33 83 40 80 00 00 00 00",""
252,1253,"PACKET","IN",207,35,"PlayerSync","id=207 bytes=35","cf 3d 00 00 00 39 94 e5 b0 e4 03 c9 d1 6c 24 9f 10 80 00 00 00 02 af cd c0 00 00 00 00 00 01 28 00 04 11",""
253,1253,"PACKET","IN",200,38,"VehicleSync","id=200 bytes=38","c8 92 00 2a 00 00 00 11 00 00 00 00 b0 63 40 9e 9e ce 32 fb ec 3f 6d a2 84 50 fd 57 b4 20 00 00 00 0c e0 39 00 00",""
254,1253,"PACKET","IN",203,34,"AimSync","id=203 bytes=34","cb 92 00 12 ec ff 49 3f f0 62 15 bf 88 9a 44 be 35 be c1 c3 1d 2f 29 45 57 6c 85 42 00 00 00 00 3f 37",""
255,1253,"RPC","IN",105,7,"TextDrawSetString","id=105 bytes=7","26 08 03 00 31 30 30",""
256,1253,"RPC","IN",105,5,"TextDrawSetString","id=105 bytes=5","27 08 01 00 30",""
257,1253,"RPC","IN",105,6,"TextDrawSetString","id=105 bytes=6","28 08 02 00 35 30",""
258,1253,"RPC","IN",105,5,"TextDrawSetString","id=105 bytes=5","29 08 01 00 39",""
259,1254,"RPC","IN",105,7,"TextDrawSetString","id=105 bytes=7","2a 08 03 00 31 30 30",""
260,1254,"PACKET","IN",207,45,"PlayerSync","id=207 bytes=45","cf 4b 00 82 00 60 7f c0 00 34 45 67 70 f5 99 49 91 53 dd 9f d0 84 00 00 00 01 72 d7 80 00 03 d6 95 78 f8 44 02 09 fc be 11 ab 04 08 80",""
261,1277,"RPC","IN",87,2,"ClearPlayerAnimation","id=87 bytes=2","85 00",""
262,1277,"RPC","IN",86,29,"ApplyPlayerAnimation","id=86 bytes=29","85 00 05 43 41 52 52 59 0b 63 72 72 79 5f 70 72 74 69 61 6c 33 33 83 40 00 00 00 00 00",""
263,1277,"PACKET","IN",207,41,"PlayerSync","id=207 bytes=41","cf 46 00 00 00 09 43 e5 b0 da d3 49 91 6c 6a de d0 80 00 00 00 02 f6 a7 c0 00 00 f6 cd 78 f4 3f fd ce 3f fd fd 6d 04 64 80",""
264,1278,"PACKET","IN",207,45,"PlayerSync","id=207 bytes=45","cf 4b 00 82 00 60 7f c0 00 0a d1 67 70 f4 19 49 91 77 9c 1f d0 84 00 00 00 01 72 d7 80 00 02 98 a1 78 f8 3c 02 09 fc 99 f1 ab 04 08 80",""
265,1278,"PACKET","IN",207,35,"PlayerSync","id=207 bytes=35","cf 94 00 00 00 10 3e 66 b0 ef 39 c9 91 7b 67 1f 10 84 00 00 00 02 9a 53 c0 00 00 00 00 00 01 28 00 04 11",""
266,1278,"PACKET","IN",203,34,"AimSync","id=203 bytes=34","cb 94 00 04 4b 84 c9 3e c8 be 5f bf ca e6 91 be 5d 65 9b c3 be 05 27 45 c7 ba 80 42 00 00 00 00 3f 21",""
267,1288,"PACKET","OUT",203,32,"AimSync","id=203 bytes=32","cb 00 00 00 39 05 00 00 00 00 00 00 00 00 00 00 00 40 01 00 00 00 80 3f 00 00 f3 04 b5 3f 39 05",""
268,1303,"PACKET","IN",207,43,"PlayerSync","id=207 bytes=43","cf 63 00 60 3f c2 00 33 ff 25 f0 d8 fd 09 51 67 03 5f 10 80 00 00 00 00 5e cb 80 00 01 af 44 20 fb bb fc 66 13 fd fd e9 04 02 80",""
269,1304,"PACKET","IN",200,48,"VehicleSync","id=200 bytes=48","c8 76 00 30 00 00 00 00 00 08 00 7d e0 36 20 52 1b fc 58 31 cc 1b 6e 12 44 57 de d7 74 26 5f 90 d3 fe d0 05 77 1a 88 46 40 3d 00 02 fd 80 ee 84",""
270,1304,"PACKET","IN",207,45,"PlayerSync","id=207 bytes=45","cf 4b 00 82 00 60 7f c0 00 12 d7 27 70 f3 59 49 91 67 19 5f d0 84 00 00 00 01 72 d7 80 00 00 70 f5 78 f8 f0 02 0d fc e5 e1 ab 04 08 80",""
271,1336,"PACKET","IN",207,45,"PlayerSync","id=207 bytes=45","cf 4b 00 82 00 60 7f c0 00 1e 62 a7 70 f1 d9 49 91 43 cf 9f d0 84 00 00 00 01 72 d7 80 00 02 d8 15 7c fb cc 02 0d fd c1 c1 ab 04 08 80",""
272,1336,"PACKET","IN",200,38,"VehicleSync","id=200 bytes=38","c8 92 00 2a 00 00 00 11 00 00 00 00 d0 63 40 9e 9e ce 32 fb ec 3f 6d a2 84 50 fd 57 b4 20 00 00 00 0c e0 39 00 00",""
273,1370,"PACKET","IN",207,45,"PlayerSync","id=207 bytes=45","cf 4b 00 82 00 60 7f c0 00 22 a8 67 70 f1 19 49 91 70 c8 5f d0 84 00 00 00 01 72 d7 80 00 03 da e1 7c f9 e8 06 11 fe 61 b1 ab 04 08 80",""
274,1370,"PACKET","IN",207,35,"PlayerSync","id=207 bytes=35","cf 7c 00 00 00 03 66 28 30 f1 c4 49 d1 7b 67 1f 10 84 00 00 00 01 fe 49 80 00 00 00 00 00 01 28 00 04 11",""
275,1370,"PACKET","IN",207,41,"PlayerSync","id=207 bytes=41","cf 46 00 00 00 24 7f a5 70 eb 13 49 91 59 eb 1e d0 80 00 00 00 02 f6 a7 c0 00 01 3b c3 44 f0 3f fd ce 3f fd fd 6d 04 64 80",""
276,1370,"PACKET","IN",207,45,"PlayerSync","id=207 bytes=45","cf 4b 00 82 00 60 7f c0 00 24 ae 27 70 f0 59 49 91 74 3f df 90 84 00 00 00 01 72 d7 80 00 03 5a 7d 80 f8 78 0a 11 ff 35 a1 ab 04 08 80",""
277,1371,"PACKET","IN",207,43,"PlayerSync","id=207 bytes=43","cf 63 00 60 3f c2 00 24 31 a5 f0 e6 fd 09 51 5c 82 5f 10 80 00 00 00 00 5e cb 80 00 00 1b 33 4c f7 bb fc 66 13 fd fd e9 04 02 80",""
278,1371,"PACKET","IN",203,34,"AimSync","id=203 bytes=34","cb 63 00 04 be 15 7c 3f 94 5e 01 3d f0 71 2f be b8 7f 99 c3 d7 f2 25 45 f5 6a 80 42 00 00 00 00 3f 55",""
279,1371,"PACKET","IN",207,35,"PlayerSync","id=207 bytes=35","cf 1f 00 00 00 20 66 e8 30 c3 bc c9 91 7b 67 1f 10 84 00 00 00 00 97 53 00 00 00 00 00 00 01 28 00 04 11",""
280,1371,"PACKET","IN",207,35,"PlayerSync","id=207 bytes=35","cf 49 00 00 00 05 d5 25 b0 dd 8f 09 d1 6c 24 9f 10 80 00 00 00 01 eb 77 c0 00 00 00 00 00 01 28 00 04 11",""
281,1371,"PACKET","IN",200,38,"VehicleSync","id=200 bytes=38","c8 92 00 2a 00 00 00 11 00 00 00 00 e0 63 20 9e 9e ce 32 fb ec 3f 6d a2 84 51 1d 57 b4 20 00 00 00 0c e0 39 00 00",""
282,1403,"PACKET","IN",207,45,"PlayerSync","id=207 bytes=45","cf 4b 00 82 00 60 7f c0 00 25 73 e7 70 ef 99 49 91 4c b6 1f 90 84 00 00 00 01 72 d7 80 00 02 7a e5 84 fb 74 0a 15 fc 45 95 ab 04 08 80",""
283,1404,"PACKET","IN",207,35,"PlayerSync","id=207 bytes=35","cf 4d 00 00 00 02 00 23 30 e6 e4 09 91 70 1e 9e 90 84 00 00 00 03 da d0 80 00 00 00 00 00 01 28 00 04 11",""
284,1404,"PACKET","IN",207,35,"PlayerSync","id=207 bytes=35","cf 60 00 00 00 25 ca e3 30 e5 e0 49 91 6f df 1e 90 84 00 00 00 00 ae f9 c0 00 00 00 00 00 01 28 00 04 11",""
285,1404,"PACKET","IN",207,35,"PlayerSync","id=207 bytes=35","cf 54 00 00 00 02 89 a9 70 cd 27 49 91 57 09 9f 50 80 00 00 00 01 e7 96 c0 00 00 00 00 00 01 a5 04 04 80",""
286,1404,"PACKET","IN",207,35,"PlayerSync","id=207 bytes=35","cf 7e 00 00 00 11 42 a6 f0 c0 4b 89 d1 7b 67 1f 10 84 00 00 00 00 c6 1b 94 00 00 00 00 00 01 28 00 04 11",""
287,1404,"PACKET","IN",200,38,"VehicleSync","id=200 bytes=38","c8 92 00 2a 00 00 00 11 00 00 00 00 e0 63 00 9e 9e ce 32 fb ec 3f 6d a2 84 51 4d 57 b4 20 00 00 00 0c e0 39 00 00",""
288,1436,"PACKET","IN",207,45,"PlayerSync","id=207 bytes=45","cf 4b 00 82 00 60 7f c0 00 2c 7f 67 70 ee 19 49 91 67 5d df 90 84 00 00 00 01 72 d7 80 00 02 4a 11 90 fa a0 12 1d ff 25 75 ab 04 08 80",""
289,1436,"PACKET","IN",207,35,"PlayerSync","id=207 bytes=35","cf 53 00 00 00 1d d4 e5 b0 ff cc 49 d1 6c e4 9f 10 80 00 00 00 03 52 2a c0 00 00 00 00 00 01 a5 04 04 80",""
290,1436,"PACKET","IN",207,43,"PlayerSync","id=207 bytes=43","cf 63 00 60 3f c2 00 34 e4 e5 f0 f3 fd 09 51 63 81 5f 10 80 00 00 00 00 5e cb 80 00 03 a8 07 5c f7 bb fc 66 13 fd fd e9 04 02 80",""
291,1436,"PACKET","IN",207,35,"PlayerSync","id=207 bytes=35","cf 85 00 00 00 2b 0b 62 b0 d7 e8 c9 91 50 59 de 90 84 00 00 00 03 a8 31 80 00 00 00 00 00 01 a5 04 e8 80",""
292,1436,"PACKET","IN",207,45,"PlayerSync","id=207 bytes=45","cf 4b 00 82 00 60 7f c0 00 28 85 27 b0 ed 59 49 91 40 8f df 90 84 00 00 00 01 72 d7 80 00 00 40 c5 98 fa bc 16 21 fd 19 69 ab 04 08 80",""
293,1470,"PACKET","IN",200,38,"VehicleSync","id=200 bytes=38","c8 92 00 2a 00 00 00 11 00 00 00 00 e0 62 f0 9e 9e ce 32 fb ec 3f 6d a2 84 51 5d 57 b4 20 00 00 00 0c e0 39 00 00",""
294,1470,"PACKET","IN",207,35,"PlayerSync","id=207 bytes=35","cf 97 00 00 00 09 a6 25 b0 d5 fd 09 91 6c 24 9f 10 84 00 00 00 00 3b eb e8 00 00 00 00 00 01 28 00 04 11",""
295,1471,"PACKET","IN",207,45,"PlayerSync","id=207 bytes=45","cf 4b 00 82 00 60 7f c0 00 23 4a e7 b0 ec 99 49 91 71 00 1f 90 84 00 00 00 01 72 d7 80 00 03 e4 2d a0 fb 2c 1a 25 ff 65 59 ab 04 08 80",""
296,1471,"PACKET","IN",207,45,"PlayerSync","id=207 bytes=45","cf 4b 00 82 00 60 7f c0 00 1c 50 a7 b0 eb d9 49 91 79 ef 1f 50 84 00 00 00 01 72 d7 80 00 03 80 4d a8 fb e8 1e 29 fe 11 4d ab 04 08 80",""
297,1471,"PACKET","OUT",207,69,"PlayerSync","id=207 bytes=69","cf 00 00 00 00 00 00 22 90 8d c3 0a 85 26 45 6a 86 7a 42 f5 21 4f 3f 00 00 00 00 00 00 00 00 89 70 16 3f 64 00 00 00 00 00 00 00 00 00 00 00 00 00 00 00 00 00 00 00 00 00 00 00 00 00 00 00 00 00 a5 04 04 80",""
298,1504,"PACKET","IN",207,45,"PlayerSync","id=207 bytes=45","cf 4b 00 82 00 60 7f c0 00 13 96 67 b0 eb 19 49 91 5a dc df 50 84 00 00 00 01 72 d7 80 00 01 b1 1d b0 f8 e8 26 2d fd 21 41 ab 04 08 80",""
299,1504,"PACKET","IN",200,38,"VehicleSync","id=200 bytes=38","c8 92 00 2a 00 00 00 11 00 00 00 00 e0 62 e0 9e 9e ce 32 fb ec 3f 6d a2 84 51 5d 57 b4 20 00 00 00 0c e0 39 00 00",""
300,1505,"PACKET","IN",207,45,"PlayerSync","id=207 bytes=45","cf 4b 00 82 00 60 7f c0 00 09 1c 27 b0 ea 59 49 91 55 49 1f 50 84 00 00 00 01 72 d7 80 00 00 46 95 b8 fa 24 2a 35 fc 95 35 ab 04 08 80",""
301,1505,"PACKET","IN",207,43,"PlayerSync","id=207 bytes=43","cf 63 00 60 3f ca 00 14 56 a5 f0 c2 fd 49 51 48 80 5f 10 80 00 00 00 00 5e cb 80 00 02 ae 93 e8 f7 bb fc 66 13 fd fd e9 04 02 80",""
302,1537,"PACKET","IN",207,45,"PlayerSync","id=207 bytes=45","cf 4b 00 82 00 60 7f c0 00 3c e1 a7 b0 e9 99 49 91 69 73 df 10 84 00 00 00 01 72 d7 80 00 01 ac ad c4 fb 94 2e 39 fc 75 29 ac 04 64 80",""
303,1538,"PACKET","IN",200,38,"VehicleSync","id=200 bytes=38","c8 92 00 2a 00 00 00 11 00 00 00 00 d0 62 d0 9e 9e ce 32 fb ec 3f 6d a2 84 51 5d 57 b4 20 00 00 00 0c e0 39 00 00",""
304,1538,"PACKET","IN",207,45,"PlayerSync","id=207 bytes=45","cf 4b 00 82 00 60 7f c0 00 2e e7 67 b0 e8 d9 49 91 58 1d 5f 10 84 00 00 00 01 72 d7 80 00 03 67 61 cc f9 34 36 3d fc b9 1d ac 04 64 80",""
305,1538,"PACKET","IN",207,35,"PlayerSync","id=207 bytes=35","cf 51 00 00 00 30 e3 68 30 f6 0c 09 d1 7b 67 1f 10 84 00 00 00 02 e7 67 c0 00 00 00 00 00 01 28 00 04 11",""
306,1571,"PACKET","IN",207,45,"PlayerSync","id=207 bytes=45","cf 4b 00 82 00 60 7f c0 00 1f ed 27 b0 e8 19 49 91 7f 11 5f 10 84 00 00 00 01 72 d7 80 00 00 15 09 68 f8 00 02 09 ff fd fd ac 04 64 80",""
307,1571,"PACKET","IN",207,45,"PlayerSync","id=207 bytes=45","cf 4b 00 82 00 60 7f c0 00 26 6f 67 b0 e7 d9 49 91 7d 51 df 10 84 00 00 00 01 72 d7 80 00 03 88 b2 7c f4 00 02 09 ff fd fd ac 04 64 80",""
308,1604,"PACKET","IN",207,41,"PlayerSync","id=207 bytes=41","cf 46 00 02 00 15 3a 65 70 c0 13 89 91 54 eb 5e d0 80 00 00 00 02 f6 a7 c0 00 01 e6 64 f0 f4 3f fd ce 3f fd fd d2 04 64 80",""
309,1605,"PACKET","IN",200,38,"VehicleSync","id=200 bytes=38","c8 92 00 2a 00 00 00 11 00 00 00 00 c0 62 d0 9e 9e ce 32 fb ec 3f 6d a2 84 51 5d 57 b4 20 00 00 00 0c e0 39 00 00",""
310,1605,"PACKET","IN",207,45,"PlayerSync","id=207 bytes=45","cf 4b 00 82 00 60 7f c0 00 38 71 a7 b0 e7 99 49 91 7e 12 5f 10 84 00 00 00 01 72 d7 80 00 01 27 9e c4 f4 00 02 09 ff fd fd ac 04 64 80",""
311,1605,"PACKET","IN",207,41,"PlayerSync","id=207 bytes=41","cf 46 00 02 00 23 f2 a5 70 de 13 89 91 68 eb 9e d0 80 00 00 00 02 f6 a7 c0 00 01 34 ea ac f4 3f fd ce 3f fd fd d2 04 64 80",""
312,1605,"PACKET","IN",207,43,"PlayerSync","id=207 bytes=43","cf 63 00 60 3f ca 00 14 06 25 f0 d3 fd 49 51 44 bf 1e d0 80 00 00 00 00 5e cb 80 00 02 eb e7 34 f7 bb fc 66 13 fd fd ae 04 08 80",""
313,1635,"PACKET","IN",207,35,"PlayerSync","id=207 bytes=35","cf 29 00 00 00 2e 09 a5 b0 d1 c9 c9 d1 6c 24 9f 10 80 00 00 00 01 7d 63 c0 00 00 00 00 00 01 28 00 04 11",""
314,1636,"PACKET","IN",207,45,"PlayerSync","id=207 bytes=45","cf 4b 00 82 00 60 7f c0 00 2a b9 a7 b0 e6 99 49 91 77 94 1f 10 84 00 00 00 01 72 d7 80 00 02 c5 b4 50 f8 00 02 09 ff fd fd ac 04 64 80",""
315,1636,"PACKET","IN",207,45,"PlayerSync","id=207 bytes=45","cf 4b 00 82 00 60 7f c0 00 02 bc 67 b0 e6 59 49 91 47 54 df 10 84 00 00 00 01 72 d7 80 00 00 7f e3 18 f4 00 02 09 ff fd fd ac 04 64 80",""
316,1636,"PACKET","IN",200,48,"VehicleSync","id=200 bytes=48","c8 76 00 30 00 00 00 00 00 00 00 7b 90 15 80 14 9b e7 65 29 7c 1c 9d 12 44 5b 1c 67 84 2d 11 b0 d3 fd 70 09 07 2d 68 56 40 3d 00 02 1d 84 f0 84",""
317,1637,"PACKET","IN",207,35,"PlayerSync","id=207 bytes=35","cf 9a 00 00 00 05 5a 28 30 df c8 49 d1 7b 67 1f 10 84 00 00 00 01 79 f3 c0 00 00 00 00 00 01 28 00 04 11",""
318,1670,"PACKET","IN",207,45,"PlayerSync","id=207 bytes=45","cf 4b 00 82 00 60 7f c0 00 39 be a7 b0 e6 19 49 91 4f d5 5f 10 84 00 00 00 01 72 d7 80 00 02 f0 52 f4 f4 00 02 09 ff fd fd ac 04 64 80",""
319,1671,"PACKET","IN",200,38,"VehicleSync","id=200 bytes=38","c8 92 00 2a 00 00 00 11 00 00 00 00 b0 62 d0 9e 9e ce 32 fb ec 3f 6d a2 84 51 5d 57 b4 20 00 00 00 0c e0 39 00 00",""
320,1671,"PACKET","IN",207,41,"PlayerSync","id=207 bytes=41","cf 46 00 02 00 1a 27 25 70 cb 13 c9 91 65 ac 1e d0 80 00 00 00 02 f6 a7 c0 00 01 e2 3b d8 f4 3f fd ce 3f fd fd d2 04 64 80",""
321,1671,"PACKET","IN",207,45,"PlayerSync","id=207 bytes=45","cf 4b 00 82 00 60 7f c0 00 34 40 67 f0 e5 d9 49 91 70 15 9f 10 84 00 00 00 01 72 d7 80 00 01 9e 96 10 f4 00 02 09 ff fd fd ac 04 64 80",""
322,1671,"RPC","IN",105,19,"TextDrawSetString","id=105 bytes=19","2f 01 0f 00 30 39 20 41 67 75 73 74 75 73 20 32 30 32 36",""
323,1671,"RPC","IN",105,12,"TextDrawSetString","id=105 bytes=12","30 01 08 00 31 31 3a 35 35 3a 35 36",""
324,1704,"PACKET","IN",207,43,"PlayerSync","id=207 bytes=43","cf 63 00 60 3f ca 00 18 79 65 b0 e1 3d 49 51 49 fe 1e d0 80 00 00 00 00 5e cb 80 00 02 62 af c0 f7 bb fc 66 13 fd fd ae 04 08 80",""
325,1705,"RPC","IN",99,42,"MoveObject","id=99 bytes=42","a1 00 f8 e3 a1 c3 d7 9b 26 45 ed 5e 7b 42 f8 e3 a1 c3 d7 9b 26 45 53 c5 7d 42 00 00 80 3e 00 00 00 00 00 00 00 00 08 cc 84 43",""
326,1705,"RPC","IN",122,2,"StopObject","id=122 bytes=2","a1 00",""
327,1705,"RPC","IN",99,42,"MoveObject","id=99 bytes=42","a1 00 f8 e3 a1 c3 d7 9b 26 45 ed 5e 7b 42 f8 e3 a1 c3 d7 9b 26 45 ed 5e 7b 42 00 00 80 3e 00 00 00 00 00 00 00 00 08 cc 84 43",""
328,1705,"RPC","IN",122,2,"StopObject","id=122 bytes=2","a1 00",""
329,1705,"RPC","IN",99,42,"MoveObject","id=99 bytes=42","a1 00 f8 e3 a1 c3 d7 9b 26 45 ed 5e 7b 42 f8 e3 a1 c3 d7 9b 26 45 53 c5 7d 42 00 00 80 3e 00 00 00 00 00 00 00 00 08 cc 84 43",""
330,1705,"RPC","IN",122,2,"StopObject","id=122 bytes=2","a1 00",""
331,1705,"RPC","IN",99,42,"MoveObject","id=99 bytes=42","a1 00 f8 e3 a1 c3 d7 9b 26 45 ed 5e 7b 42 f8 e3 a1 c3 d7 9b 26 45 ed 5e 7b 42 00 00 80 3e 00 00 00 00 00 00 00 00 08 cc 84 43",""
332,1706,"RPC","IN",122,2,"StopObject","id=122 bytes=2","a1 00",""
333,1706,"RPC","IN",99,42,"MoveObject","id=99 bytes=42","a1 00 f8 e3 a1 c3 d7 9b 26 45 ed 5e 7b 42 f8 e3 a1 c3 d7 9b 26 45 53 c5 7d 42 00 00 80 3e 00 00 00 00 00 00 00 00 08 cc 84 43",""
334,1706,"RPC","IN",122,2,"StopObject","id=122 bytes=2","a1 00",""
335,1706,"RPC","IN",99,42,"MoveObject","id=99 bytes=42","a1 00 f8 e3 a1 c3 d7 9b 26 45 ed 5e 7b 42 f8 e3 a1 c3 d7 9b 26 45 ed 5e 7b 42 00 00 80 3e 00 00 00 00 00 00 00 00 08 cc 84 43",""
336,1706,"RPC","IN",122,2,"StopObject","id=122 bytes=2","a1 00",""
337,1706,"RPC","IN",99,42,"MoveObject","id=99 bytes=42","a1 00 f8 e3 a1 c3 d7 9b 26 45 ed 5e 7b 42 f8 e3 a1 c3 d7 9b 26 45 53 c5 7d 42 00 00 80 3e 00 00 00 00 00 00 00 00 08 cc 84 43",""
338,1706,"RPC","IN",122,2,"StopObject","id=122 bytes=2","a1 00",""
339,1706,"RPC","IN",99,42,"MoveObject","id=99 bytes=42","a1 00 f8 e3 a1 c3 d7 9b 26 45 ed 5e 7b 42 f8 e3 a1 c3 d7 9b 26 45 ed 5e 7b 42 00 00 80 3e 00 00 00 00 00 00 00 00 08 cc 84 43",""
340,1706,"RPC","IN",122,2,"StopObject","id=122 bytes=2","a1 00",""
341,1706,"RPC","IN",99,42,"MoveObject","id=99 bytes=42","a1 00 f8 e3 a1 c3 d7 9b 26 45 ed 5e 7b 42 f8 e3 a1 c3 d7 9b 26 45 53 c5 7d 42 00 00 80 3e 00 00 00 00 00 00 00 00 08 cc 84 43",""
342,1706,"RPC","IN",122,2,"StopObject","id=122 bytes=2","a1 00",""
343,1706,"RPC","IN",99,42,"MoveObject","id=99 bytes=42","a1 00 f8 e3 a1 c3 d7 9b 26 45 ed 5e 7b 42 f8 e3 a1 c3 d7 9b 26 45 ed 5e 7b 42 00 00 80 3e 00 00 00 00 00 00 00 00 08 cc 84 43",""
344,1706,"PACKET","IN",207,45,"PlayerSync","id=207 bytes=45","cf 4b 00 82 00 60 7f c0 00 37 42 27 f0 e5 99 49 91 52 16 1f 10 84 00 00 00 01 72 d7 80 00 00 3d 5a 08 f4 00 02 09 ff fd fd ac 04 64 80",""
345,1707,"PACKET","IN",207,45,"PlayerSync","id=207 bytes=45","cf 4b 00 82 00 60 7f c0 00 09 83 e7 f0 e5 59 49 91 69 96 5f 10 84 00 00 00 01 72 d7 80 00 02 f0 b1 c4 f4 00 02 09 ff fd fd ac 04 64 80",""
346,1707,"PACKET","IN",207,43,"PlayerSync","id=207 bytes=43","cf 63 00 60 3f c2 00 30 b5 25 b0 e5 7d 49 51 78 7d 9e d0 80 00 00 00 00 5e cb 80 00 01 45 8b f4 f7 bb fc 66 13 fd fd ae 04 08 80",""
347,1728,"PACKET","IN",207,45,"PlayerSync","id=207 bytes=45","cf 4b 00 82 00 60 7f c0 00 1c 45 67 f0 e5 19 49 91 41 16 df 10 84 00 00 00 01 72 d7 80 00 02 d8 b1 c4 f4 00 02 09 ff fd fd ac 04 64 80",""
348,1729,"PACKET","IN",207,41,"PlayerSync","id=207 bytes=41","cf 46 00 02 00 0f dc a5 70 f4 13 c9 91 58 ac 9e d0 80 00 00 00 02 f6 a7 c0 00 02 4c ca d4 f4 3f fd ce 3f fd fd d2 04 64 80",""
349,1729,"PACKET","IN",207,45,"PlayerSync","id=207 bytes=45","cf 4b 00 82 00 60 7f c0 00 2e c6 e7 f0 e4 d9 49 91 58 97 1f 10 84 00 00 00 01 72 d7 80 00 03 04 b1 c4 f4 00 02 09 ff fd fd ac 04 64 80",""
350,1729,"PACKET","IN",207,39,"PlayerSync","id=207 bytes=39","cf 9e 00 f9 ff fe 7f c0 00 36 83 69 b0 f6 5c 49 d1 61 99 1e d0 80 00 00 00 01 2a ea 40 00 00 00 00 00 01 a5 04 04 80",""
351,1729,"PACKET","IN",203,34,"AimSync","id=203 bytes=34","cb 9e 00 04 d0 8f 63 3f 40 04 e1 be 30 46 04 be 8d 97 a7 c3 2e 8a 27 45 95 94 7f 42 00 00 00 00 3f 22",""
352,1730,"PACKET","OUT",205,9,"UNKNOWN_PACKET","id=205 bytes=9","cd b8 4a 04 00 00 00 00 00",""
353,1754,"PACKET","IN",207,45,"PlayerSync","id=207 bytes=45","cf 4b 00 82 00 60 7f c0 00 26 c8 27 f0 e4 99 49 91 5c 97 5f 10 84 00 00 00 01 72 d7 80 00 00 f3 a4 e8 f4 00 02 09 ff fd fd ac 04 64 80",""
354,1755,"PACKET","IN",203,34,"AimSync","id=203 bytes=34","cb 4b 00 04 fc 0e 7e bf 9c 8c a4 bb 8e 89 fb bd c0 6b 9d c3 da 65 26 45 01 3e 80 42 00 00 00 00 3f 36",""
355,1787,"PACKET","IN",207,35,"PlayerSync","id=207 bytes=35","cf 0b 00 00 00 1a fc 26 b0 c0 43 09 d1 7b 67 1f 10 84 00 00 00 03 32 4b c0 00 00 00 00 00 01 28 00 04 11",""
356,1787,"PACKET","IN",207,45,"PlayerSync","id=207 bytes=45","cf 4b 00 82 00 60 7f c2 00 1c 0b 67 f0 e4 19 49 91 4f 18 1f 10 84 00 00 00 02 6e cb 80 00 03 bb a3 d4 f4 00 02 09 ff fd fd ac 04 64 80",""
357,1788,"PACKET","IN",200,48,"VehicleSync","id=200 bytes=48","c8 76 00 30 00 02 00 00 00 00 00 72 b0 20 c0 24 3b ea 7c 8b 3c 1c 8c b2 44 51 c3 d7 94 2c 1a 70 93 fc 20 09 67 2c b8 36 40 3d 00 02 f8 76 f2 84",""
358,1788,"PACKET","IN",200,38,"VehicleSync","id=200 bytes=38","c8 92 00 2a 00 00 00 11 00 00 00 00 a0 62 e0 9e 9e ce 32 fb ec 3f 6d a2 84 51 5d 57 b4 20 00 00 00 0c e0 39 00 00",""
359,1788,"PACKET","IN",203,34,"AimSync","id=203 bytes=34","cb 92 00 12 2a a8 4b 3f 5a 1c 13 bf 7c b4 44 be af c5 c1 c3 d5 2d 29 45 cd 6c 85 42 00 00 00 00 3f 37",""
360,1788,"PACKET","IN",207,45,"PlayerSync","id=207 bytes=45","cf 9e 00 e2 7f f6 7f c0 00 31 41 a9 b0 f3 1c 49 d1 60 d8 9e d0 80 00 00 00 02 c6 fe 40 00 03 8d 40 18 f7 17 fd b9 e3 fd fd a5 04 04 80",""
361,1788,"PACKET","IN",207,43,"PlayerSync","id=207 bytes=43","cf 63 00 60 3f c2 00 13 1b 25 b0 c0 7d 89 51 70 0e 1f 50 80 00 00 00 00 5e cb 80 00 03 5b e1 d8 f8 1b d7 02 0e d6 cd ab 04 08 80",""
362,1788,"PACKET","IN",207,35,"PlayerSync","id=207 bytes=35","cf 94 00 00 00 10 3e 66 b0 ef 39 c9 91 7b 67 1f 10 84 00 00 00 02 9a 53 c0 00 00 00 00 00 01 28 00 04 11",""
363,1788,"PACKET","IN",207,45,"PlayerSync","id=207 bytes=45","cf 4b 00 82 00 60 7f c0 00 28 4f 67 f0 e7 99 49 91 62 98 df 10 84 00 00 00 02 6e cb 80 00 03 30 a3 dc f4 2c 01 86 0f fd fd ac 04 64 80",""
364,1810,"PACKET","IN",207,41,"PlayerSync","id=207 bytes=41","cf 46 00 02 00 2f 93 25 70 d8 94 09 91 7e 6c de d0 80 00 00 00 02 f6 a7 c0 00 02 10 ca d4 f4 3f fd ce 3f fd fd d2 04 64 80",""
365,1811,"PACKET","IN",207,45,"PlayerSync","id=207 bytes=45","cf 4b 00 82 00 60 7f c0 00 30 d2 a7 f0 ea 59 49 91 4e 99 9f 10 84 00 00 00 02 62 cb 80 00 00 17 af ec f4 2c 01 86 0f fd fd ac 04 64 80",""
366,1815,"PACKET","OUT",203,32,"AimSync","id=203 bytes=32","cb 00 00 00 39 05 00 00 00 00 00 00 00 00 00 00 00 40 01 00 00 00 80 3f 00 00 f3 04 b5 3f 39 05",""
367,1836,"PACKET","IN",207,45,"PlayerSync","id=207 bytes=45","cf 4b 00 82 00 60 7f c0 00 3b 15 e7 f0 ed 19 49 91 7a 9a 1f 10 84 00 00 00 02 4a cb 80 00 02 e4 ef f0 f4 2c 01 9a 0f fd fd ac 04 64 80",""
368,1836,"PACKET","IN",200,48,"VehicleSync","id=200 bytes=48","c8 76 00 30 00 0a 00 00 00 00 00 70 90 2f 10 12 fb e1 0c 8c 1c 1d ac 82 44 52 47 97 94 25 6e f0 73 fc 40 0c 57 28 e8 46 40 3d 00 03 ea ee f2 84",""
369,1837,"PACKET","IN",207,45,"PlayerSync","id=207 bytes=45","cf 9e 00 d1 ff f0 bf c0 00 0d bf 69 70 e9 dc 49 d1 74 17 de d0 80 00 00 00 03 ff 02 40 00 0d 35 44 18 f4 33 fd cd c3 fd fd a5 04 04 80",""
370,1837,"PACKET","IN",207,35,"PlayerSync","id=207 bytes=35","cf 3d 00 00 00 39 94 e5 b0 e4 03 c9 d1 6c 24 9f 10 80 00 00 00 02 af cd c0 00 00 00 00 00 01 28 00 04 11",""
371,1837,"PACKET","IN",207,45,"PlayerSync","id=207 bytes=45","cf 4b 00 82 00 60 7f c0 00 07 59 67 f0 ef d9 49 91 67 1a df 10 84 00 00 00 02 2e cb 80 00 00 9c 7b f4 f4 2c 01 b6 0f fd fd ac 04 64 80",""
372,1868,"PACKET","IN",207,43,"PlayerSync","id=207 bytes=43","cf 63 00 60 3f c2 00 0b 7f 65 70 dc fd 89 51 76 9c 5f 90 80 00 00 00 00 5e cb 80 00 01 76 05 a8 fa 63 eb ba 0e 46 91 ab 04 08 80",""
373,1868,"PACKET","IN",207,45,"PlayerSync","id=207 bytes=45","cf 4b 00 81 80 60 7f c0 00 11 9c a7 f0 f2 99 49 91 53 9b 9f 10 84 00 00 00 00 e6 cf 80 00 01 d5 ef f0 f4 30 01 e2 0f fd fd ac 04 64 80",""
374,1868,"PACKET","IN",207,41,"PlayerSync","id=207 bytes=41","cf 46 00 02 00 1b 51 65 70 df 94 09 91 52 6d 1e d0 80 00 00 00 02 f6 a7 c0 00 03 67 2f 30 ef bc 02 2d c3 fd fd d2 04 64 80",""
375,1868,"PACKET","IN",207,45,"PlayerSync","id=207 bytes=45","cf 4b 00 81 80 60 7f c2 00 16 1f e7 f0 f4 99 49 91 41 1c 5f 10 84 00 00 00 00 ba cf 80 00 01 7a df e8 f4 18 02 12 0b fd fd ac 04 64 80",""
376,1868,"PACKET","IN",207,35,"PlayerSync","id=207 bytes=35","cf 7c 00 00 00 03 66 28 30 f1 c4 49 d1 7b 67 1f 10 84 00 00 00 01 fe 49 80 00 00 00 00 00 01 28 00 04 11",""
377,1892,"PACKET","IN",207,41,"PlayerSync","id=207 bytes=41","cf 9e 00 00 00 0a 7b a9 70 d9 5c 49 d1 64 56 de d0 80 00 00 00 03 ff 02 40 00 01 84 5c 40 f7 2f f9 f9 bb fd fd a5 04 04 80",""
378,1892,"PACKET","IN",207,45,"PlayerSync","id=207 bytes=45","cf 4b 00 81 00 60 7f c2 00 13 23 27 f0 f6 99 49 91 6c 9c df 10 84 00 00 00 03 66 cf 80 00 02 8d e3 e0 f4 18 02 52 0b fd fd ac 04 64 80",""
379,1893,"PACKET","IN",207,35,"PlayerSync","id=207 bytes=35","cf 60 00 00 00 25 ca e3 30 e5 e0 49 91 6f df 1e 90 84 00 00 00 00 ae f9 c0 00 00 00 00 00 01 28 00 04 11",""
380,1893,"PACKET","IN",200,48,"VehicleSync","id=200 bytes=48","c8 76 00 30 00 17 00 ff ff 08 00 7d e0 30 20 4e 7b da 7c ec fc 1f cc 52 44 52 9b d7 94 28 5c f0 93 fb d0 03 97 30 88 56 40 3d 00 03 d5 76 f2 84",""
381,1893,"PACKET","IN",203,34,"AimSync","id=203 bytes=34","cb 76 00 12 c6 44 7d bf 38 e2 05 be b7 9f 83 bd 81 a6 a4 c1 2c d1 24 45 b8 5e 7d 42 00 00 00 00 0f ff",""
382,1893,"PACKET","IN",200,38,"VehicleSync","id=200 bytes=38","c8 92 00 2a 00 00 00 11 00 00 00 00 b0 62 e0 9e 9e ce 32 fb ec 3f 6d a2 84 51 5d 57 b4 20 00 00 00 0c e0 39 00 00",""
383,1920,"PACKET","IN",207,35,"PlayerSync","id=207 bytes=35","cf 1f 00 00 00 20 66 e8 30 c3 bc c9 91 7b 67 1f 10 84 00 00 00 00 97 53 00 00 00 00 00 00 01 28 00 04 11",""
384,1921,"RPC","IN",24,18,"SetVehicleParamsEx","id=24 bytes=18","27 00 00 00 ff 00 ff 00 ff ff ff ff ff ff ff ff ff ff",""
385,1921,"PACKET","IN",207,45,"PlayerSync","id=207 bytes=45","cf 4b 00 81 00 60 7f c2 00 01 26 67 f0 f7 d9 49 91 58 1d 9f 10 84 00 00 00 03 32 cf 80 00 00 6d 47 c8 f4 08 02 92 07 fd fd ac 04 64 80",""
386,1943,"PACKET","IN",207,43,"PlayerSync","id=207 bytes=43","cf 4b 00 60 3f c2 00 21 a9 67 f0 f9 19 49 91 40 1e 5f 10 84 00 00 00 00 b2 d7 80 00 01 33 ff bc f4 08 02 de 07 fd fd ac 04 64 80",""
387,1944,"PACKET","IN",207,45,"PlayerSync","id=207 bytes=45","cf 4b 00 ff 7f e0 7f c2 00 19 6d e7 f0 f8 d9 49 91 77 1f 1f 10 84 00 00 00 02 2a db 80 00 00 db ab a4 f4 00 03 19 ff fd fd ac 04 64 80",""
388,1944,"PACKET","IN",207,35,"PlayerSync","id=207 bytes=35","cf 54 00 00 00 02 89 a9 70 cd 27 49 91 57 09 9f 50 80 00 00 00 01 e7 96 c0 00 00 00 00 00 01 a5 04 04 80",""
389,1944,"PACKET","IN",207,43,"PlayerSync","id=207 bytes=43","cf 63 00 60 3f c2 00 2b e0 25 70 fc fd 89 51 61 cd 1f d0 80 00 00 00 00 5e cb 80 00 01 1e 01 84 fb 17 f8 42 10 ca 45 ab 04 08 80",""
390,1970,"PACKET","IN",200,48,"VehicleSync","id=200 bytes=48","c8 76 00 30 00 00 00 00 00 08 00 7b 90 40 60 57 db dc 70 ed ec 13 6c 32 44 5a a0 47 a4 25 9a e0 b3 fa d0 0c e7 3f 78 46 40 3d 00 02 6a 06 f4 84",""
391,1971,"PACKET","IN",207,41,"PlayerSync","id=207 bytes=41","cf 46 00 02 00 0f d2 65 70 db d4 09 91 47 ed 1e d0 80 00 00 00 02 f6 a7 c0 00 02 bc cb cc ef bc 02 2d c3 fd fd d2 04 64 80",""
392,1971,"PACKET","IN",203,34,"AimSync","id=203 bytes=34","cb 46 00 04 c7 be 7b 3f c5 c8 ed 3d 20 ef 0e be 02 fa 97 c3 46 46 26 45 09 99 80 42 00 00 00 00 23 37",""
393,1971,"PACKET","IN",207,45,"PlayerSync","id=207 bytes=45","cf 4b 00 fc ff e0 7f c0 00 2e b3 a7 f0 f4 59 49 91 47 e0 9f 10 84 00 00 00 03 ca e7 80 00 03 67 a3 74 f4 40 03 99 ef fd fd ac 04 64 80",""
394,1971,"PACKET","IN",207,35,"PlayerSync","id=207 bytes=35","cf 53 00 00 00 1d d4 e5 b0 ff cc 49 d1 6c e4 9f 10 80 00 00 00 03 52 2a c0 00 00 00 00 00 01 a5 04 04 80",""
395,1971,"PACKET","IN",207,35,"PlayerSync","id=207 bytes=35","cf 85 00 00 00 2b 0b 62 b0 d7 e8 c9 91 50 59 de 90 84 00 00 00 03 a8 31 80 00 00 00 00 00 01 a5 04 e8 80",""
396,1971,"PACKET","IN",203,34,"AimSync","id=203 bytes=34","cb 85 00 04 45 97 95 bd 2c 65 77 3f 51 69 7c be 8c 19 8a c3 14 82 26 45 29 ed 7e 42 00 00 00 00 3f c6",""
397,1971,"PACKET","IN",207,41,"PlayerSync","id=207 bytes=41","cf 9e 00 00 00 07 78 29 70 c9 dc 49 d1 66 95 de d0 80 00 00 00 03 ff 02 40 00 02 21 73 5c f3 2f f9 f9 bb fd fd a5 04 04 80",""
398,2002,"PACKET","IN",207,35,"PlayerSync","id=207 bytes=35","cf 7e 00 00 00 11 42 a6 f0 c0 4b 89 d1 7b 67 1f 10 84 00 00 00 00 c6 1b 94 00 00 00 00 00 01 28 00 04 11",""
399,2003,"PACKET","IN",207,45,"PlayerSync","id=207 bytes=45","cf 4b 00 fc ff e0 7f c0 00 1f f6 a7 f0 ef 19 49 91 7b 61 1f 10 84 00 00 00 03 ba e7 80 00 03 0a d3 7c f4 c4 03 b9 e3 fd fd ac 04 64 80",""
400,2004,"PACKET","OUT",207,69,"PlayerSync","id=207 bytes=69","cf 00 00 00 00 00 00 22 90 8d c3 0a 85 26 45 6a 86 7a 42 f5 21 4f 3f 00 00 00 00 00 00 00 00 89 70 16 3f 64 00 00 00 00 00 00 00 00 00 00 00 00 00 00 00 00 00 00 00 00 00 00 00 00 00 00 00 00 00 a5 04 04 80",""
401,2031,"PACKET","IN",207,45,"PlayerSync","id=207 bytes=45","cf 4b 00 fb 7f e0 7f c0 00 0b 39 a7 f0 e9 d9 49 91 6d e1 df 10 84 00 00 00 03 f2 ef 80 00 00 71 37 80 f4 c4 03 cd e3 fd fd ac 04 64 80",""
402,2031,"PACKET","IN",207,35,"PlayerSync","id=207 bytes=35","cf 97 00 00 00 09 a6 25 b0 d5 fd 09 91 6c 24 9f 10 84 00 00 00 00 3b eb e8 00 00 00 00 00 01 28 00 04 11",""
403,2032,"PACKET","IN",207,43,"PlayerSync","id=207 bytes=43","cf 63 00 60 3f c2 00 38 07 65 70 d6 7d c9 51 5f 96 9f d0 80 00 00 00 00 5e cb 80 00 02 f5 e1 78 fb b7 fc 66 12 ae 01 ab 04 08 80",""
404,2032,"PACKET","IN",200,48,"VehicleSync","id=200 bytes=48","c8 76 00 30 00 00 00 00 00 08 00 78 50 4c f0 44 ab d0 d8 fe cc 17 8c 02 44 53 e4 a7 a4 22 c8 e0 d3 fa 50 00 57 49 78 46 40 3d 00 02 44 92 f4 84",""
405,2032,"PACKET","IN",207,45,"PlayerSync","id=207 bytes=45","cf 4b 00 fa ff e0 7f c0 00 0d bc a7 f0 e2 59 49 91 6c a2 9f 10 84 00 00 00 02 be f3 80 00 01 ca 6b 9c f5 94 03 c9 d7 fd fd ac 04 64 80",""
406,2032,"RPC","IN",87,2,"ClearPlayerAnimation","id=87 bytes=2","1a 00",""
407,2033,"RPC","IN",86,29,"ApplyPlayerAnimation","id=86 bytes=29","1a 00 05 43 41 52 52 59 0b 63 72 72 79 5f 70 72 74 69 61 6c 33 33 83 40 00 00 00 00 00",""
408,2063,"PACKET","IN",207,41,"PlayerSync","id=207 bytes=41","cf 46 00 02 00 14 93 a5 70 d7 14 09 91 7a ac de d0 80 00 00 00 02 f6 a7 c0 00 00 a9 06 3c f3 bc 02 2d c3 fd fd d2 04 64 80",""
409,2063,"PACKET","IN",207,35,"PlayerSync","id=207 bytes=35","cf 49 00 00 00 05 d5 25 b0 dd 8f 09 d1 6c 24 9f 10 80 00 00 00 01 eb 77 c0 00 00 00 00 00 01 28 00 04 11",""
410,2063,"PACKET","IN",203,34,"AimSync","id=203 bytes=34","cb 49 00 04 11 65 29 3f a0 8a 36 bf 89 51 6d be df 0f 97 c3 c1 55 27 45 96 83 80 42 00 00 00 00 3f 28",""
411,2064,"PACKET","IN",207,41,"PlayerSync","id=207 bytes=41","cf 9e 00 00 00 38 b6 a9 70 c3 dc 49 d1 48 15 9e d0 80 00 00 00 03 ff 02 40 00 02 ea 26 b8 eb 2f f9 f9 bb fd fd a5 04 04 80",""
412,2064,"PACKET","IN",207,45,"PlayerSync","id=207 bytes=45","cf 4b 00 f8 ff e0 7f ca 00 28 7f e7 f0 d9 19 49 91 44 a3 9f 10 84 00 00 00 01 9a ff 80 00 02 ef 8b a4 f5 e8 03 ad d3 fd fd ac 04 64 80",""
413,2064,"PACKET","IN",207,45,"PlayerSync","id=207 bytes=45","cf 4b 00 f8 ff e0 7f c0 00 1c 03 28 30 cc d9 49 91 5d a4 5f 10 84 00 00 00 01 9a ff 80 00 00 1d ab dc f7 94 03 8d c3 fd fd ae 04 08 80",""
414,2089,"PACKET","IN",207,45,"PlayerSync","id=207 bytes=45","cf 4b 00 f8 ff e0 7f c0 00 35 c6 28 30 c1 19 49 91 6f a5 1f 10 84 00 00 00 01 9a ff 80 00 02 4a 03 bc f7 94 03 8d c3 fd fd ae 04 08 80",""
415,2090,"PACKET","IN",207,35,"PlayerSync","id=207 bytes=35","cf 51 00 00 00 30 e3 68 30 f6 0c 09 d1 7b 67 1f 10 84 00 00 00 02 e7 67 c0 00 00 00 00 00 01 28 00 04 11",""
416,2122,"PACKET","IN",207,45,"PlayerSync","id=207 bytes=45","cf 4b 00 f8 ff e0 7f c0 00 00 49 68 30 f5 99 09 91 7d a5 df 10 84 00 00 00 01 9a ff 80 00 03 13 93 a8 f7 94 03 8d c3 fd fd ae 04 08 80",""
417,2123,"PACKET","IN",207,35,"PlayerSync","id=207 bytes=35","cf 1a 00 00 00 37 65 23 70 da 69 09 91 4b 21 de 90 80 00 00 00 00 b3 19 80 00 00 00 00 00 01 a5 04 e8 80",""
418,2123,"PACKET","IN",203,34,"AimSync","id=203 bytes=34","cb 1a 00 04 00 9e 75 3f 8b c5 67 be be 15 2c be b2 9e 8e c3 40 ac 26 45 19 62 7e 42 00 00 00 00 3f 36",""
419,2123,"PACKET","IN",207,43,"PlayerSync","id=207 bytes=43","cf 63 00 60 3f c2 00 1c e4 e5 30 f9 bd c9 51 67 b7 df 90 80 00 00 00 00 5e cb 80 00 03 ea 6d 80 fb b3 f4 26 11 a5 a5 ab 04 08 80",""
420,2123,"PACKET","IN",207,35,"PlayerSync","id=207 bytes=35","cf 9e 00 00 00 38 b6 a9 70 c3 dc 49 d1 48 15 9e d0 80 00 00 00 03 ff 02 40 00 00 00 00 00 01 a5 04 04 80",""
421,2123,"PACKET","IN",207,41,"PlayerSync","id=207 bytes=41","cf 46 00 02 00 1e 56 65 70 cc 54 09 91 5c ac de d0 80 00 00 00 02 f6 a7 c0 00 00 7f 32 e0 f3 bc 02 2d c3 fd fd d2 04 64 80",""
422,2124,"PACKET","IN",207,45,"PlayerSync","id=207 bytes=45","cf 4b 00 f8 ff e0 7f c0 00 28 8c 28 30 ea 99 09 91 42 a6 df 10 84 00 00 00 01 9a ff 80 00 02 be 6f 80 f7 94 03 8d c3 fd fd ae 04 08 80",""
423,2146,"PACKET","IN",207,45,"PlayerSync","id=207 bytes=45","cf 4b 00 f8 ff e0 7f c0 00 2c ce e8 30 e0 19 09 91 7d e7 5f 10 84 00 00 00 01 9a ff 80 00 03 0a 0b 54 f7 94 03 8d c3 fd fd ae 04 08 80",""
424,2171,"PACKET","IN",207,45,"PlayerSync","id=207 bytes=45","cf 4b 00 f8 ff e0 7f c0 00 35 11 a8 30 d5 99 09 91 7a 28 1f 10 84 00 00 00 01 9a ff 80 00 03 ea cb 24 f7 94 03 8d c3 fd fd ae 04 08 80",""
425,2171,"PACKET","IN",200,48,"VehicleSync","id=200 bytes=48","c8 76 00 30 00 00 00 00 00 08 00 7f c0 20 f0 32 eb dc d0 30 5c 2f ab a2 44 55 ea 37 a4 2a 96 c1 13 f8 f0 02 a7 4e 88 16 40 3d 00 03 c5 44 f4 84",""
426,2205,"PACKET","IN",207,35,"PlayerSync","id=207 bytes=35","cf 29 00 00 00 2e 09 a5 b0 d1 c9 c9 d1 6c 24 9f 10 80 00 00 00 01 7d 63 c0 00 00 00 00 00 01 28 00 04 11",""
427,2206,"PACKET","IN",207,41,"PlayerSync","id=207 bytes=41","cf 46 00 02 00 08 96 a5 70 cb d4 09 91 5a ac de d0 80 00 00 00 02 f6 a7 c0 00 02 cc ca 4c f0 3f fd ce 3f fd fd d2 04 64 80",""
428,2206,"PACKET","IN",207,45,"PlayerSync","id=207 bytes=45","cf 4b 00 f8 ff e0 7f c0 00 08 95 a8 30 c7 19 09 91 7d 69 1f 10 84 00 00 00 01 9a ff 80 00 03 3d 3a d0 f7 94 03 8d c3 fd fd ae 04 08 80",""
429,2230,"PACKET","IN",207,45,"PlayerSync","id=207 bytes=45","cf 4b 00 f8 ff e0 7f c0 00 35 58 a8 30 fb 18 c9 91 54 6a 1f 10 84 00 00 00 01 9a ff 80 00 00 c5 92 a0 f7 94 03 8d c3 fd fd ae 04 08 80",""
430,2231,"PACKET","IN",207,43,"PlayerSync","id=207 bytes=43","cf 63 00 60 3f c2 00 1f 44 e5 30 da 7e 09 51 64 ee 1f 50 80 00 00 00 00 5e cb 80 00 03 7f ed a0 fa b3 e3 7a 0e 01 55 ab 04 08 80",""
431,2231,"PACKET","IN",207,45,"PlayerSync","id=207 bytes=45","cf 4b 00 f8 ff e0 7f c0 00 37 1a e8 30 f2 98 c9 91 6d 2a 9f 10 84 00 00 00 01 9a ff 80 00 00 e9 92 a0 f7 94 03 8d c3 fd fd ae 04 08 80",""
432,2231,"PACKET","IN",200,48,"VehicleSync","id=200 bytes=48","c8 76 00 30 00 00 00 00 00 08 00 72 80 33 e0 32 8b d0 f8 70 cc 23 1b 82 44 55 0c 07 a4 23 05 f1 33 f8 f0 03 17 40 f8 26 40 3d 00 02 07 80 f4 84",""
433,2232,"PACKET","IN",207,35,"PlayerSync","id=207 bytes=35","cf 9a 00 00 00 05 5a 28 30 df c8 49 d1 7b 67 1f 10 84 00 00 00 01 79 f3 c0 00 00 00 00 00 01 28 00 04 11",""
434,2232,"PACKET","IN",207,37,"PlayerSync","id=207 bytes=37","cf 9e 00 81 00 00 00 38 b6 a9 70 c3 dc 49 d1 48 15 9e d0 80 00 00 00 00 3f 5a 40 00 00 00 00 00 01 a5 04 04 80",""
435,2232,"RPC","IN",87,2,"ClearPlayerAnimation","id=87 bytes=2","3d 00",""
436,2232,"RPC","IN",86,29,"ApplyPlayerAnimation","id=86 bytes=29","3d 00 05 43 41 52 52 59 0b 63 72 72 79 5f 70 72 74 69 61 6c 33 33 83 40 00 00 00 00 00",""
437,2262,"PACKET","IN",207,45,"PlayerSync","id=207 bytes=45","cf 4b 00 f8 ff e0 7f c0 00 26 dd 28 30 ea 58 c9 91 41 2b 5f 10 84 00 00 00 01 9a ff 80 00 00 ad 92 a0 f7 94 03 8d c3 fd fd ae 04 08 80",""
438,2262,"PACKET","IN",207,35,"PlayerSync","id=207 bytes=35","cf 70 00 00 00 23 1c 6a 70 ef f1 c9 91 61 b3 df 90 80 00 00 00 02 93 6f 00 00 00 00 00 00 01 00 00 00 80",""
439,2262,"PACKET","IN",203,34,"AimSync","id=203 bytes=34","cb 70 00 04 a6 fa 25 3f 38 74 3a bf b1 0b 63 be db 19 aa c3 62 df 26 45 3b 81 81 42 00 00 00 00 3f c6",""
440,2263,"PACKET","IN",207,45,"PlayerSync","id=207 bytes=45","cf 4b 00 f8 ff e0 7f c0 00 39 1f e8 30 df 98 c9 91 40 2c 1f 10 84 00 00 00 01 9a ff 80 00 00 e9 92 a0 f7 94 03 8d c3 fd fd ae 04 08 80",""
441,2263,"PACKET","IN",207,45,"PlayerSync","id=207 bytes=45","cf 9e 00 93 80 43 40 00 00 1a f4 e9 70 e9 dc 09 d1 44 15 1e d0 80 00 00 00 00 73 9a 40 00 00 65 54 18 f5 97 d4 01 37 fd fd a5 04 04 80",""
442,2291,"PACKET","IN",207,35,"PlayerSync","id=207 bytes=35","cf 1c 00 00 00 2d 02 a6 f0 e0 10 09 d1 7b 67 1f 10 84 00 00 00 00 15 5f 00 00 00 00 00 00 01 28 00 04 11",""
443,2291,"PACKET","IN",203,34,"AimSync","id=203 bytes=34","cb 1c 00 04 d0 1d c9 3e 30 42 5f bf f0 64 95 be a6 62 9b c3 e8 58 27 45 f7 86 80 42 00 00 00 00 3f 55",""
444,2291,"PACKET","IN",207,45,"PlayerSync","id=207 bytes=45","cf 4b 00 f8 ff e0 7f c0 00 15 a5 e8 30 c9 58 c9 91 63 44 9f 50 84 00 00 00 01 9a ff 80 00 00 15 c5 fc f9 40 3e 69 c8 d6 ed ab 04 08 80",""
445,2292,"PACKET","IN",207,43,"PlayerSync","id=207 bytes=43","cf 63 00 60 3f c2 00 03 ad 64 f0 f2 be 09 51 5b db 1f 10 80 00 00 00 00 5e cb 80 00 03 de e1 c8 f9 33 ce ca 0e 29 21 ab 04 08 80",""
446,2292,"RPC","IN",99,42,"MoveObject","id=99 bytes=42","a1 00 f8 e3 a1 c3 d7 9b 26 45 ed 5e 7b 42 f8 e3 a1 c3 d7 9b 26 45 53 c5 7d 42 00 00 80 3e 00 00 00 00 00 00 00 00 08 cc 84 43",""
447,2292,"RPC","IN",122,2,"StopObject","id=122 bytes=2","a1 00",""
448,2292,"RPC","IN",99,42,"MoveObject","id=99 bytes=42","a1 00 f8 e3 a1 c3 d7 9b 26 45 ed 5e 7b 42 f8 e3 a1 c3 d7 9b 26 45 ed 5e 7b 42 00 00 80 3e 00 00 00 00 00 00 00 00 08 cc 84 43",""
449,2292,"RPC","IN",122,2,"StopObject","id=122 bytes=2","a1 00",""
450,2292,"RPC","IN",99,42,"MoveObject","id=99 bytes=42","a1 00 f8 e3 a1 c3 d7 9b 26 45 ed 5e 7b 42 f8 e3 a1 c3 d7 9b 26 45 53 c5 7d 42 00 00 80 3e 00 00 00 00 00 00 00 00 08 cc 84 43",""
451,2292,"RPC","IN",122,2,"StopObject","id=122 bytes=2","a1 00",""
452,2292,"RPC","IN",99,42,"MoveObject","id=99 bytes=42","a1 00 f8 e3 a1 c3 d7 9b 26 45 ed 5e 7b 42 f8 e3 a1 c3 d7 9b 26 45 ed 5e 7b 42 00 00 80 3e 00 00 00 00 00 00 00 00 08 cc 84 43",""
453,2292,"RPC","IN",122,2,"StopObject","id=122 bytes=2","a1 00",""
454,2292,"RPC","IN",99,42,"MoveObject","id=99 bytes=42","a1 00 f8 e3 a1 c3 d7 9b 26 45 ed 5e 7b 42 f8 e3 a1 c3 d7 9b 26 45 53 c5 7d 42 00 00 80 3e 00 00 00 00 00 00 00 00 08 cc 84 43",""
455,2292,"RPC","IN",122,2,"StopObject","id=122 bytes=2","a1 00",""
456,2293,"RPC","IN",99,42,"MoveObject","id=99 bytes=42","a1 00 f8 e3 a1 c3 d7 9b 26 45 ed 5e 7b 42 f8 e3 a1 c3 d7 9b 26 45 ed 5e 7b 42 00 00 80 3e 00 00 00 00 00 00 00 00 08 cc 84 43",""
457,2293,"RPC","IN",122,2,"StopObject","id=122 bytes=2","a1 00",""
458,2293,"RPC","IN",99,42,"MoveObject","id=99 bytes=42","a1 00 f8 e3 a1 c3 d7 9b 26 45 ed 5e 7b 42 f8 e3 a1 c3 d7 9b 26 45 53 c5 7d 42 00 00 80 3e 00 00 00 00 00 00 00 00 08 cc 84 43",""
459,2293,"RPC","IN",122,2,"StopObject","id=122 bytes=2","a1 00",""
460,2293,"RPC","IN",99,42,"MoveObject","id=99 bytes=42","a1 00 f8 e3 a1 c3 d7 9b 26 45 ed 5e 7b 42 f8 e3 a1 c3 d7 9b 26 45 ed 5e 7b 42 00 00 80 3e 00 00 00 00 00 00 00 00 08 cc 84 43",""
461,2293,"RPC","IN",122,2,"StopObject","id=122 bytes=2","a1 00",""
462,2293,"RPC","IN",99,42,"MoveObject","id=99 bytes=42","a1 00 f8 e3 a1 c3 d7 9b 26 45 ed 5e 7b 42 f8 e3 a1 c3 d7 9b 26 45 53 c5 7d 42 00 00 80 3e 00 00 00 00 00 00 00 00 08 cc 84 43",""
463,2293,"RPC","IN",122,2,"StopObject","id=122 bytes=2","a1 00",""
464,2293,"RPC","IN",99,42,"MoveObject","id=99 bytes=42","a1 00 f8 e3 a1 c3 d7 9b 26 45 ed 5e 7b 42 f8 e3 a1 c3 d7 9b 26 45 ed 5e 7b 42 00 00 80 3e 00 00 00 00 00 00 00 00 08 cc 84 43",""
465,2293,"PACKET","IN",207,35,"PlayerSync","id=207 bytes=35","cf 0b 00 00 00 1a fc 26 b0 c0 43 09 d1 7b 67 1f 10 84 00 00 00 03 32 4b c0 00 00 00 00 00 01 28 00 04 11",""
466,2293,"PACKET","IN",207,41,"PlayerSync","id=207 bytes=41","cf 46 00 02 00 31 d4 e5 70 d2 14 09 91 6c 2c de d0 80 00 00 00 02 f6 a7 c0 00 00 dd f7 f4 eb bc 02 2d c3 fd fd d2 04 64 80",""
467,2293,"PACKET","IN",207,45,"PlayerSync","id=207 bytes=45","cf 4b 00 f8 ff e0 7f c0 00 31 2b a8 30 f3 18 89 91 56 1b df 50 84 00 00 00 01 9a ff 80 00 00 c4 39 f0 fb b8 35 c1 c9 de e1 ab 04 08 80",""
468,2294,"RPC","IN",86,27,"ApplyPlayerAnimation","id=86 bytes=27","85 00 07 42 44 5f 46 49 52 45 07 77 61 73 68 5f 75 70 33 33 83 40 80 00 00 00 00",""
469,2319,"PACKET","IN",200,48,"VehicleSync","id=200 bytes=48","c8 76 00 30 00 00 00 00 00 08 00 71 70 46 20 42 3b dd 96 81 5c 2e 5b 42 44 55 0e d7 a4 28 59 e1 53 f9 40 02 c7 4f 68 26 40 3d 00 02 5b da f4 84",""
470,2320,"PACKET","IN",207,45,"PlayerSync","id=207 bytes=45","cf 9e 00 b7 80 47 80 00 00 19 b3 69 70 c4 1c 09 d1 5c 14 9e d0 80 00 00 00 03 3b c6 40 00 00 dd 68 18 f7 53 90 9c c7 fd fd a5 04 04 80",""
471,2320,"RPC","IN",105,7,"TextDrawSetString","id=105 bytes=7","26 08 03 00 31 30 30",""
472,2320,"RPC","IN",105,5,"TextDrawSetString","id=105 bytes=5","27 08 01 00 30",""
473,2320,"RPC","IN",105,6,"TextDrawSetString","id=105 bytes=6","28 08 02 00 35 30",""
474,2320,"RPC","IN",105,5,"TextDrawSetString","id=105 bytes=5","29 08 01 00 39",""
475,2320,"RPC","IN",105,7,"TextDrawSetString","id=105 bytes=7","2a 08 03 00 31 30 30",""
476,2321,"RPC","IN",93,74,"SendClientMessage","id=93 bytes=74","ff 47 63 ff 42 00 00 00 41 64 6d 43 6d 64 3a 20 79 65 62 65 20 73 65 74 20 61 20 70 65 72 6d 61 6e 65 6e 74 20 62 61 6e 20 73 74 61 74 75 73 20 6f 6e 20 45 6c 6c 6b 61 6e 6a 75 74 6f 73 73 5f 42 75 67 69 65 6c 28 32 29 2e",""
477,2322,"RPC","IN",93,23,"SendClientMessage","id=93 bytes=23","ff 47 63 ff 0f 00 00 00 52 65 61 73 6f 6e 3a 20 44 55 41 4c 20 49 43",""
478,2322,"PACKET","IN",207,35,"PlayerSync","id=207 bytes=35","cf 3d 00 00 00 39 94 e5 b0 e4 03 c9 d1 6c 24 9f 10 80 00 00 00 02 af cd c0 00 00 00 00 00 01 a5 04 e8 80",""
479,2323,"PACKET","IN",207,45,"PlayerSync","id=207 bytes=45","cf 4b 00 f8 ff e0 7f c0 00 0a 71 a8 30 dc d8 89 91 53 b1 9f 50 84 00 00 00 01 9a ff 80 00 02 fb 4d e0 fa 58 31 1d ca 7e d5 ab 04 08 80",""
480,2323,"PACKET","IN",207,35,"PlayerSync","id=207 bytes=35","cf 94 00 00 00 10 3e 66 b0 ef 39 c9 91 7b 67 1f 10 84 00 00 00 02 9a 53 c0 00 00 00 00 00 01 28 00 04 11",""
481,2342,"PACKET","OUT",203,32,"AimSync","id=203 bytes=32","cb 00 00 00 39 05 00 00 00 00 00 00 00 00 00 00 00 40 01 00 00 00 80 3f 00 00 f3 04 b5 3f 39 05",""
482,2364,"PACKET","IN",207,45,"PlayerSync","id=207 bytes=45","cf 4b 00 f8 ff e0 7f c0 00 39 78 a8 30 c1 98 89 91 60 0a 1f 90 84 00 00 00 01 9a ff 80 00 01 98 51 d4 fb f0 28 5d cb ee c5 ab 04 08 80",""
483,2365,"PACKET","IN",207,45,"PlayerSync","id=207 bytes=45","cf 9e 00 be 00 47 80 00 00 20 b2 29 70 d2 9b c9 d1 4a 14 5e d0 80 00 00 00 01 23 ea 40 00 01 55 7c 18 f5 87 3e 58 6f fd fd a5 04 04 80",""
484,2365,"PACKET","IN",203,34,"AimSync","id=203 bytes=34","cb 9e 00 04 3a 7d 02 3f b1 74 50 bf 86 31 8e be a1 ae a6 c3 34 9d 27 45 77 cd 80 42 00 00 00 00 3f 22",""
485,2365,"PACKET","IN",207,41,"PlayerSync","id=207 bytes=41","cf 46 00 02 00 04 95 e5 70 ce d4 09 91 63 2c de d0 80 00 00 00 02 f6 a7 c0 00 02 db 8b 5c ef bc 02 2d c3 fd fd d2 04 64 80",""
486,2365,"PACKET","IN",207,45,"PlayerSync","id=207 bytes=45","cf 4b 00 f8 ff e0 7f c0 00 16 80 28 70 e5 98 49 91 46 61 1f 90 84 00 00 00 01 9a ff 80 00 00 65 fd c4 f9 ac 27 9d c4 56 b9 ab 04 08 80",""
487,2366,"PACKET","IN",200,48,"VehicleSync","id=200 bytes=48","c8 76 00 30 00 00 00 00 00 08 00 77 e0 36 f0 52 7b d0 02 11 dc 20 fb 22 44 59 12 d7 b4 26 b7 71 73 f9 f0 05 17 4c 38 46 40 3d 00 02 fe 5a f6 84",""
488,2397,"PACKET","IN",207,45,"PlayerSync","id=207 bytes=45","cf 4b 00 f8 ff e0 7f c0 00 2b 88 68 70 c5 d8 49 91 44 f8 1f 90 84 00 00 00 01 9a ff 80 00 03 23 15 b4 fb 00 1e d1 c5 ea a5 ab 04 08 80",""
489,2398,"PACKET","IN",207,43,"PlayerSync","id=207 bytes=43","cf 63 00 60 3f c2 00 27 8d a4 f0 d3 3e 49 51 4d 25 de d0 80 00 00 00 00 5e cb 80 00 03 70 71 58 fb bb fc 66 13 fd fd ac 04 64 80",""
490,2398,"PACKET","IN",203,34,"AimSync","id=203 bytes=34","cb 63 00 04 78 47 78 3f 8a 9b e3 3d 82 22 5e be 1d e9 94 c3 13 f3 25 45 88 83 80 42 00 00 00 00 3f 55",""
491,2398,"PACKET","IN",207,45,"PlayerSync","id=207 bytes=45","cf 9e 00 be 00 47 00 00 00 3f 71 29 70 d4 1b 89 d1 53 14 1e d0 80 00 00 00 00 23 fe 40 00 00 bb 10 3c f6 46 d1 2c 2f fd fd a5 04 04 80",""
492,2399,"PACKET","IN",207,45,"PlayerSync","id=207 bytes=45","cf 4b 00 f8 ff e0 7f c0 00 3c ce 28 70 ef 98 09 91 66 06 9f d0 84 00 00 00 01 9a ff 80 00 01 41 8d ac fa ac 1a 4d c4 8e 99 ab 04 08 80",""
493,2399,"PACKET","IN",207,35,"PlayerSync","id=207 bytes=35","cf 7c 00 00 00 03 66 28 30 f1 c4 49 d1 7b 67 1f 10 84 00 00 00 01 fe 49 80 00 00 00 00 00 01 28 00 04 11",""
494,2429,"PACKET","IN",207,45,"PlayerSync","id=207 bytes=45","cf 4b 00 f8 ff e0 7f c0 00 0c 54 28 70 d9 98 09 91 56 53 df d0 84 00 00 00 01 9a ff 80 00 01 9c c1 a4 fa a0 15 d1 c6 d6 89 ab 04 08 80",""
495,2430,"PACKET","IN",207,45,"PlayerSync","id=207 bytes=45","cf 9e 00 be 00 46 c0 00 00 16 70 e9 70 c9 5b 49 d1 40 14 1e d0 84 00 00 00 03 1b fe 40 00 02 0b 30 68 f4 6a 5b b0 07 fd fd a5 04 04 80",""
496,2456,"PACKET","IN",207,35,"PlayerSync","id=207 bytes=35","cf 1f 00 00 00 20 66 e8 30 c3 bc c9 91 7b 67 1f 10 84 00 00 00 00 97 53 00 00 00 00 00 00 01 28 00 04 11",""
497,2456,"PACKET","IN",207,35,"PlayerSync","id=207 bytes=35","cf 4d 00 00 00 02 00 23 30 e6 e4 09 91 70 1e 9e 90 84 00 00 00 03 da d0 80 00 00 00 00 00 01 28 00 04 11",""
498,2456,"PACKET","IN",203,34,"AimSync","id=203 bytes=34","cb 4d 00 04 76 05 73 bf 33 ef a2 bc f4 a1 a0 be b6 44 8a c3 c4 91 26 45 a0 ba 80 42 00 00 00 00 3f 48",""
499,2457,"PACKET","IN",200,48,"VehicleSync","id=200 bytes=48","c8 76 00 30 00 00 00 00 00 00 00 71 90 14 a0 53 2b d3 0e c2 4c 23 da f2 44 50 27 e7 b4 29 38 31 73 fa 00 06 97 41 68 56 40 3d 00 03 f6 fa f6 84",""
500,2457,"PACKET","IN",207,35,"PlayerSync","id=207 bytes=35","cf 85 00 00 00 2b 0b 62 b0 d7 e8 c9 91 50 59 de 90 84 00 00 00 03 a8 31 80 00 00 00 00 00 01 28 00 04 11",""
501,2457,"PACKET","IN",207,43,"PlayerSync","id=207 bytes=43","cf 63 00 60 3f c2 00 2e 01 e4 f0 df 3e 49 51 7d a4 5e d0 80 00 00 00 02 2a bb 80 00 03 87 e7 d4 f7 bb fc 66 13 fd fd c8 04 64 80",""
502,2457,"PACKET","IN",200,38,"VehicleSync","id=200 bytes=38","c8 92 00 2a 00 00 00 11 00 00 00 00 b0 62 e0 9e 9e ce 32 fb ec 3f 6d a2 84 51 5d 57 b4 20 00 00 00 0c e0 39 00 00",""
503,2457,"PACKET","IN",203,34,"AimSync","id=203 bytes=34","cb 92 00 12 2a a8 4b 3f 5a 1c 13 bf 7c b4 44 be af c5 c1 c3 d5 2d 29 45 cd 6c 85 42 00 00 00 00 3f 37",""
504,2457,"PACKET","IN",207,45,"PlayerSync","id=207 bytes=45","cf 4b 00 f8 ff e0 7f c0 00 2f db a8 70 fc 97 c9 91 75 62 9f d0 84 00 00 00 01 9a ff 80 00 03 12 55 98 f9 cc 11 41 c4 42 79 ab 04 08 80",""
505,2457,"PACKET","IN",207,35,"PlayerSync","id=207 bytes=35","cf 60 00 00 00 25 ca e3 30 e5 e0 49 91 6f df 1e 90 84 00 00 00 00 ae f9 c0 00 00 00 00 00 01 28 00 04 11",""
506,2457,"PACKET","IN",207,45,"PlayerSync","id=207 bytes=45","cf 9e 00 be 80 46 00 00 00 04 71 29 70 c4 9b 09 d1 57 14 1e d0 84 00 00 00 03 33 f2 40 00 01 0f 30 68 f5 5d d5 c4 03 fd fd a5 04 04 80",""
507,2511,"RPC","IN",138,3,"ServerQuit","id=138 bytes=3","2c 00 00",""
508,2512,"PACKET","IN",207,35,"PlayerSync","id=207 bytes=35","cf 46 00 02 00 04 95 e5 70 ce d4 09 91 63 ac de d0 80 00 00 00 02 f6 a7 c0 00 00 00 00 00 01 a5 04 08 80",""
509,2513,"PACKET","IN",207,45,"PlayerSync","id=207 bytes=45","cf 4b 00 f8 ff e0 7f c0 00 0e 2c 28 70 fe 57 89 91 4d f9 df d0 84 00 00 00 01 9a ff 80 00 03 e8 91 88 f9 98 08 45 c6 9a 4d ab 04 08 80",""
510,2513,"PACKET","IN",207,35,"PlayerSync","id=207 bytes=35","cf 54 00 00 00 02 89 a9 70 cd 27 49 91 57 09 9f 50 80 00 00 00 01 e7 96 c0 00 00 00 00 00 01 a5 04 04 80",""
511,2513,"PACKET","IN",207,45,"PlayerSync","id=207 bytes=45","cf 9e 00 bf 00 45 40 00 00 2f f1 a9 70 c3 1a c9 d1 51 94 5e d0 84 00 00 00 01 9b da 40 00 01 53 24 68 f4 a9 61 68 1b fd fd a5 04 04 80",""
512,2536,"PACKET","IN",207,45,"PlayerSync","id=207 bytes=45","cf 4b 00 f8 ff e0 7f c0 00 15 f1 e8 70 e8 57 89 91 5d ff 9f d0 84 00 00 00 01 9a ff 80 00 02 ef d5 80 fb 7c 04 05 c7 66 3d ab 04 08 80",""
513,2537,"PACKET","IN",200,48,"VehicleSync","id=200 bytes=48","c8 76 00 30 00 19 00 00 00 00 00 38 f0 11 c0 42 cb d2 d9 02 ec 2b da b2 44 58 5d 77 b4 23 95 41 53 f9 70 06 c7 42 d8 46 40 3d 00 03 09 ae f6 84",""
514,2537,"RPC","IN",87,2,"ClearPlayerAnimation","id=87 bytes=2","9a 00",""
515,2537,"RPC","IN",86,29,"ApplyPlayerAnimation","id=86 bytes=29","9a 00 05 43 41 52 52 59 0b 63 72 72 79 5f 70 72 74 69 61 6c 33 33 83 40 00 00 00 00 00",""
516,2537,"PACKET","IN",207,45,"PlayerSync","id=207 bytes=45","cf 4b 00 f8 ff e0 7f c0 00 1c 77 a8 70 d2 57 89 91 7f c1 e0 10 84 00 00 00 01 9a ff 80 00 01 33 ed 7c f9 d0 07 d5 c3 fe 2d ab 04 08 80",""
517,2537,"PACKET","IN",207,45,"PlayerSync","id=207 bytes=45","cf 9e 00 bf 00 44 c0 00 00 12 f2 a9 70 d4 da 89 d1 58 d4 9e d0 84 00 00 00 03 9f b2 40 00 00 b2 33 e4 f0 ac f7 50 4b fd fd a5 04 04 80",""
518,2537,"PACKET","IN",207,45,"PlayerSync","id=207 bytes=45","cf 4b 00 f8 ff e0 7f c0 00 21 3d 68 70 fc 57 49 91 79 83 60 10 84 00 00 00 01 9a ff 80 00 00 ec d9 7c f8 98 07 ad c0 72 21 ab 04 08 80",""
519,2538,"PACKET","IN",207,43,"PlayerSync","id=207 bytes=43","cf 63 00 60 3f c2 00 07 f0 a4 b0 f6 7e 49 51 7b a2 5e d0 80 00 00 00 00 5e d3 80 00 00 f0 43 e0 f7 f7 fd 36 07 fd fd c8 04 64 80",""
520,2538,"PACKET","OUT",207,69,"PlayerSync","id=207 bytes=69","cf 00 00 00 00 00 00 22 90 8d c3 0a 85 26 45 6a 86 7a 42 f5 21 4f 3f 00 00 00 00 00 00 00 00 89 70 16 3f 64 00 00 00 00 00 00 00 00 00 00 00 00 00 00 00 00 00 00 00 00 00 00 00 00 00 00 00 00 00 a5 04 04 80",""
521,2573,"PACKET","IN",207,35,"PlayerSync","id=207 bytes=35","cf 53 00 00 00 1d d4 e5 b0 ff cc 49 d1 6c e4 9f 10 80 00 00 00 03 52 2a c0 00 00 00 00 00 01 a5 04 04 80",""
522,2573,"PACKET","IN",207,35,"PlayerSync","id=207 bytes=35","cf 97 00 00 00 09 a6 25 b0 d5 fd 09 91 6c 24 9f 10 84 00 00 00 00 3b eb e8 00 00 00 00 00 01 28 00 04 11",""
523,2574,"PACKET","IN",207,45,"PlayerSync","id=207 bytes=45","cf 4b 00 f8 ff e0 7f c0 00 26 88 e8 b0 d0 57 49 91 49 04 60 10 84 00 00 00 01 9a ff 80 00 00 bd 35 78 fb 94 03 8d c1 12 01 ab 04 08 80",""
524,2574,"PACKET","IN",207,35,"PlayerSync","id=207 bytes=35","cf 7e 00 00 00 11 42 a6 f0 c0 4b 89 d1 7b 67 1f 10 84 00 00 00 00 c6 1b 94 00 00 00 00 00 01 28 00 04 11",""
525,2595,"PACKET","IN",200,48,"VehicleSync","id=200 bytes=48","c8 76 00 30 00 40 00 00 00 00 00 35 20 17 50 49 9b cf 42 93 6c 21 8a 92 44 51 11 37 c4 2d 09 61 33 f7 e0 06 97 5d 58 36 40 3d 00 03 60 24 f8 84",""
526,2596,"PACKET","IN",207,35,"PlayerSync","id=207 bytes=35","cf 46 00 02 00 04 95 e5 70 ce d4 09 91 63 2c de d0 80 00 00 00 02 f6 a7 c0 00 00 00 00 00 01 a5 04 08 80",""
527,2596,"PACKET","IN",207,45,"PlayerSync","id=207 bytes=45","cf 4b 00 f8 ff e0 7f c0 00 27 0e a8 b0 fa 57 09 91 5f 03 a0 10 84 00 00 00 01 9a ff 80 00 01 d4 a5 78 fb c8 03 95 c1 51 f1 ab 04 08 80",""
528,2596,"PACKET","IN",207,45,"PlayerSync","id=207 bytes=45","cf 9e 00 bf 00 44 80 00 00 3d b5 69 70 c9 9a 49 d1 78 55 5e d0 84 00 00 00 01 2b 4a 40 00 02 34 8c 68 f5 b4 52 84 eb fd fd a5 04 04 80",""
529,2622,"PACKET","IN",207,35,"PlayerSync","id=207 bytes=35","cf 46 00 02 00 04 95 e5 70 ce d4 09 91 63 ac de d0 80 00 00 00 02 f6 a7 c0 00 00 00 00 00 01 a5 04 08 80",""
530,2623,"PACKET","IN",207,43,"PlayerSync","id=207 bytes=43","cf 63 00 60 3f c2 00 16 23 24 b0 fa 3e 49 51 59 21 1e d0 80 00 00 00 02 5a d3 80 00 01 75 87 c8 f7 fb fe 6a 03 fd fd c8 04 64 80",""
531,2623,"PACKET","IN",207,35,"PlayerSync","id=207 bytes=35","cf 1a 00 00 00 37 65 23 70 da 69 09 91 4b 21 de 90 80 00 00 00 00 b3 19 80 00 00 00 00 00 01 a5 04 e8 80",""
532,2623,"PACKET","IN",207,45,"PlayerSync","id=207 bytes=45","cf 4b 00 f8 ff e0 7f c0 00 24 da 28 b0 ce 97 09 91 67 c0 20 10 84 00 00 00 01 9a ff 80 00 00 52 0d 78 f9 a0 07 cd c1 f1 d1 ab 04 08 80",""
533,2623,"PACKET","IN",207,45,"PlayerSync","id=207 bytes=45","cf 9e 00 bf 00 44 00 00 00 06 f7 a9 70 f1 5a 09 d1 50 16 1e d0 84 00 00 00 03 4f 06 40 00 02 6d 30 b4 f4 4c 20 fd 4f fd fd a5 04 04 80",""
534,2656,"PACKET","IN",207,45,"PlayerSync","id=207 bytes=45","cf 4b 00 f8 ff e0 7f c0 00 1f df e8 b0 f8 d6 c9 91 77 fa 9f d0 84 00 00 00 01 9a ff 80 00 02 63 fd 78 fb 44 04 01 c6 69 c1 ab 04 08 80",""
535,2657,"PACKET","IN",207,43,"PlayerSync","id=207 bytes=43","cf 63 00 60 3f ca 00 2d 5c 24 b0 fb 3e 49 51 65 a0 5e d0 80 00 00 00 02 5a d3 80 00 01 cf ef 74 f7 fb fe 6a 03 fd fd c8 04 64 80",""
536,2657,"PACKET","IN",200,48,"VehicleSync","id=200 bytes=48","c8 76 00 30 00 00 00 00 00 00 00 3b f0 0a 70 45 5b bf 7a f3 dc 2d ea 62 44 54 14 e7 c4 26 5d 91 13 f5 b0 05 47 70 68 46 40 3d 00 03 42 96 f8 84",""
537,2657,"PACKET","IN",207,45,"PlayerSync","id=207 bytes=45","cf 4b 00 f5 ff e0 7f c0 00 19 25 a8 b0 e3 16 c9 91 75 73 9f d0 84 00 00 00 01 9a ff 80 00 02 16 c1 7c f9 58 08 3d c7 0d b1 ab 04 08 80",""
538,2657,"PACKET","IN",207,45,"PlayerSync","id=207 bytes=45","cf 9e 00 bf 80 43 80 00 00 19 79 e9 70 e6 5a 09 d1 7a d6 9e d0 84 00 00 00 00 12 c2 40 00 01 24 81 0c f5 84 04 f9 b7 fd fd a5 04 04 80",""
539,2682,"PACKET","IN",207,35,"PlayerSync","id=207 bytes=35","cf 9a 00 00 00 05 5a 28 30 df c8 49 d1 7b 67 1f 10 84 00 00 00 01 79 f3 c0 00 00 00 00 00 01 a5 04 e8 80",""
540,2713,"PACKET","IN",207,35,"PlayerSync","id=207 bytes=35","cf 29 00 00 00 2e 09 a5 b0 d1 c9 c9 d1 6c 24 9f 10 80 00 00 00 01 7d 63 c0 00 00 00 00 00 01 28 00 04 11",""
541,2713,"PACKET","IN",207,45,"PlayerSync","id=207 bytes=45","cf 4b 00 f5 ff e0 7f c0 00 12 eb 68 b0 cd 56 c9 91 45 2b 5f d0 84 00 00 00 01 9a ff 80 00 01 e2 55 80 fb e0 08 8d c7 d9 a1 ab 04 08 80",""
542,2714,"PACKET","IN",207,35,"PlayerSync","id=207 bytes=35","cf 51 00 00 00 30 e3 68 30 f6 0c 09 d1 7b 67 1f 10 84 00 00 00 02 e7 67 c0 00 00 00 00 00 01 28 00 04 11",""
543,2714,"PACKET","IN",207,45,"PlayerSync","id=207 bytes=45","cf 9e 00 bf 80 43 00 00 00 23 7d 29 70 ec 1a 09 d1 69 97 9e d0 84 00 00 00 03 ce 76 40 00 02 97 5d 70 f4 c0 03 e2 1b fd fd a5 04 04 80",""
544,2714,"PACKET","IN",207,45,"PlayerSync","id=207 bytes=45","cf 4b 00 f5 ff e0 7f c0 00 1e 31 28 b0 f7 56 89 91 44 21 5f d0 84 00 00 00 01 9a ff 80 00 01 b2 c5 84 fa dc 0c e5 c4 b1 95 ab 04 08 80",""
545,2714,"PACKET","IN",207,45,"PlayerSync","id=207 bytes=45","cf 4b 00 f5 ff e0 7f c0 00 24 37 28 b0 e0 56 89 91 47 95 5f d0 84 00 00 00 01 9a ff 80 00 01 b0 3d 8c fa 68 11 51 c5 35 85 ab 04 08 80",""
546,2714,"PACKET","IN",200,48,"VehicleSync","id=200 bytes=48","c8 76 00 30 00 00 00 00 00 00 00 39 10 04 b0 47 0b a2 f1 c4 5c 20 3a 52 44 59 b8 c7 c4 2f e2 11 03 f4 b0 06 d7 84 18 46 40 3d 00 02 8f 12 f8 84",""
547,2742,"PACKET","IN",207,45,"PlayerSync","id=207 bytes=45","cf 4b 00 f5 ff e0 7f c0 00 18 3c e8 b0 ca 96 89 91 41 48 9f d0 84 00 00 00 01 9a ff 80 00 01 96 35 90 fa 28 15 c5 c6 d9 75 ab 04 08 80",""
548,2742,"PACKET","IN",207,43,"PlayerSync","id=207 bytes=43","cf 63 00 60 3f ca 00 32 0a e4 b0 fd be 49 51 66 5e 9e d0 80 00 00 00 02 5a d3 80 00 01 fc 2c 44 fb fb fe 6a 03 fd fd ae 04 08 80",""
549,2743,"PACKET","IN",207,45,"PlayerSync","id=207 bytes=45","cf 9e 00 bf 80 42 00 00 00 06 80 69 b0 c4 da 49 d1 4a 98 9e d0 84 00 00 00 03 6a 62 40 00 01 68 a2 10 f6 c8 0e 2a 7b fd fd a5 04 04 80",""
550,2743,"RPC","IN",105,19,"TextDrawSetString","id=105 bytes=19","2f 01 0f 00 30 39 20 41 67 75 73 74 75 73 20 32 30 32 36",""
551,2743,"RPC","IN",105,12,"TextDrawSetString","id=105 bytes=12","30 01 08 00 31 31 3a 35 35 3a 35 37",""
552,2743,"PACKET","IN",207,35,"PlayerSync","id=207 bytes=35","cf 1c 00 00 00 2d 02 a6 f0 e0 10 09 d1 7b 67 1f 10 84 00 00 00 00 15 5f 00 00 00 00 00 00 01 28 00 04 11",""
553,2743,"PACKET","IN",207,45,"PlayerSync","id=207 bytes=45","cf 4b 00 f5 ff e0 7f c0 00 0a 42 a8 f0 f4 d6 49 91 52 ba 5f 90 84 00 00 00 01 9a ff 80 00 03 a8 e9 98 fa 3c 1a 41 c4 cd 69 ab 04 08 80",""
554,2743,"PACKET","OUT",205,9,"UNKNOWN_PACKET","id=205 bytes=9","cd b8 4a 04 00 00 00 00 00",""
555,2775,"PACKET","IN",207,45,"PlayerSync","id=207 bytes=45","cf 4b 00 f5 ff e0 7f c0 00 3e c8 28 f0 df 16 49 91 6f 6a 9f 90 84 00 00 00 01 9a ff 80 00 00 90 61 a0 fa ac 1e c9 c7 15 59 ab 04 08 80",""
556,2775,"PACKET","IN",203,34,"AimSync","id=203 bytes=34","cb 4b 00 04 f5 6e 7e bf cd 88 da 3d 61 e5 e9 bc 56 5d a1 c3 9a 53 26 45 c0 bb 80 42 00 00 00 00 3f 36",""
557,2776,"PACKET","IN",207,45,"PlayerSync","id=207 bytes=45","cf 9e 00 bf 80 41 c0 00 00 3a c4 29 b0 ea da 49 d1 65 19 9e d0 84 00 00 00 00 16 3e 40 00 01 d2 36 60 f5 88 16 ea 93 fd fd a5 04 04 80",""
558,2804,"PACKET","IN",207,45,"PlayerSync","id=207 bytes=45","cf 4b 00 f5 ff e0 7f c0 00 2d 0d e8 f0 c9 96 49 91 70 99 9f 90 84 00 00 00 01 9a ff 80 00 03 d0 81 a8 fb 60 23 55 c5 c5 4d ac 04 64 80",""
559,2804,"PACKET","IN",207,45,"PlayerSync","id=207 bytes=45","cf 9e 00 bf 80 40 80 00 00 39 87 e9 b0 db 5a 89 d1 6f 1a 9e d0 84 00 00 00 00 c6 26 40 00 00 86 d6 98 f5 84 24 5e c3 fd fd a5 04 04 80",""
560,2804,"PACKET","IN",207,45,"PlayerSync","id=207 bytes=45","cf 4b 00 f5 ff e0 7f c0 00 19 93 a8 f0 f4 16 09 91 4a c7 5f 90 84 00 00 00 01 9a ff 80 00 01 29 55 b0 f8 54 2b ed c4 d5 41 ac 04 64 80",""
561,2805,"PACKET","IN",207,43,"PlayerSync","id=207 bytes=43","cf 63 00 60 3f c2 00 26 3d 24 70 ff be 49 51 40 1d 5e d0 80 00 00 00 02 5a d3 80 00 03 fc 0f a0 f7 fb fe 6a 03 fd fd ae 04 08 80",""
562,2805,"PACKET","IN",207,35,"PlayerSync","id=207 bytes=35","cf 70 00 00 00 23 1c 6a 70 ef f1 c9 91 61 b3 df 90 80 00 00 00 02 93 6f 00 00 00 00 00 00 01 00 00 00 80",""
563,2805,"PACKET","IN",200,48,"VehicleSync","id=200 bytes=48","c8 76 00 30 00 00 00 00 00 00 00 3b e0 15 30 3f db 9e 65 04 ec 2f 4a 22 44 5f 8d 57 c4 2d 80 70 e3 f3 a0 02 47 97 28 36 40 3d 00 02 f3 a6 f8 84",""
564,2805,"PACKET","IN",207,35,"PlayerSync","id=207 bytes=35","cf 0b 00 00 00 1a fc 26 b0 c0 43 09 d1 7b 67 1f 10 84 00 00 00 03 32 4b c0 00 00 00 00 00 01 28 00 04 11",""
565,2838,"PACKET","IN",207,45,"PlayerSync","id=207 bytes=45","cf 4b 00 f5 ff e0 7f c0 00 04 99 68 f0 de 96 09 91 7e 33 5f 50 84 00 00 00 01 9a ff 80 00 03 16 cd b8 f9 88 2c 8d c8 4d 35 ac 04 64 80",""
566,2838,"PACKET","IN",207,45,"PlayerSync","id=207 bytes=45","cf 9e 00 bf 80 7f 7f c0 00 05 8b e9 b0 d4 9a c9 d1 7b 9b 9e d0 84 00 00 00 01 76 16 40 00 01 8f 3e cc f4 ac 31 e2 db fd fd a5 04 04 80",""
567,2839,"PACKET","IN",207,45,"PlayerSync","id=207 bytes=45","cf 4b 00 f5 ff e0 7f c0 00 2e 1e e8 f0 c9 16 09 91 6f 67 df 50 84 00 00 00 01 9a ff 80 00 03 db 01 68 fb 94 03 8d c3 fd fd ac 04 64 80",""
568,2839,"PACKET","IN",207,35,"PlayerSync","id=207 bytes=35","cf 94 00 00 00 10 3e 66 b0 ef 39 c9 91 7b 67 1f 10 84 00 00 00 02 9a 53 c0 00 00 00 00 00 01 28 00 04 11",""
569,2839,"PACKET","IN",207,45,"PlayerSync","id=207 bytes=45","cf 4b 00 f5 ff e0 7f c0 00 09 e1 28 f0 c1 16 09 91 78 28 9f 50 84 00 00 00 01 9a ff 80 00 03 47 62 88 f7 94 03 8d c3 fd fd ac 04 64 80",""
570,2862,"PACKET","IN",207,35,"PlayerSync","id=207 bytes=35","cf 3d 00 00 00 39 94 e5 b0 e4 03 c9 d1 6c 24 9f 10 80 00 00 00 02 af cd c0 00 00 00 00 00 01 a5 04 e8 80",""
571,2863,"PACKET","IN",200,48,"VehicleSync","id=200 bytes=48","c8 76 00 30 00 00 00 00 00 00 00 36 30 3e 70 3d 6b 9a a8 e5 5c 27 8a 12 44 50 0f c7 c4 21 56 80 c3 f2 f0 07 97 92 f8 26 40 3d 00 02 e5 f4 f8 84",""
572,2863,"RPC","IN",87,2,"ClearPlayerAnimation","id=87 bytes=2","1f 00",""
573,2863,"RPC","IN",86,29,"ApplyPlayerAnimation","id=86 bytes=29","1f 00 05 43 41 52 52 59 0b 63 72 72 79 5f 70 72 74 69 61 6c 33 33 83 40 00 00 00 00 00",""
574,2864,"PACKET","IN",207,45,"PlayerSync","id=207 bytes=45","cf 9e 00 bf 80 7e 3f c0 00 2a cf a9 b0 d4 9b 09 d1 4e 1c de d0 84 00 00 00 01 76 0a 40 00 03 ff c2 c8 f4 a0 3a 12 eb fd fd a5 04 04 80",""
575,2869,"PACKET","OUT",203,32,"AimSync","id=203 bytes=32","cb 00 00 00 39 05 00 00 00 00 00 00 00 00 00 00 00 40 01 00 00 00 80 3f 00 00 f3 04 b5 3f 39 05",""
576,2893,"PACKET","IN",207,45,"PlayerSync","id=207 bytes=45","cf 4b 00 f5 ff e0 7f c0 00 14 a5 28 f0 f1 d5 c9 91 78 2a 1f 50 84 00 00 00 01 9a ff 80 00 01 94 34 70 fb 94 03 8d c3 fd fd ac 04 64 80",""
577,2893,"PACKET","IN",207,43,"PlayerSync","id=207 bytes=43","cf 63 00 60 3f c2 00 11 ee e4 70 c1 fe 89 51 4b 5b de d0 80 00 00 00 02 5a d3 80 00 01 dd ef f8 f7 fb fe 6a 03 fd fd ae 04 08 80",""
578,2893,"PACKET","IN",207,45,"PlayerSync","id=207 bytes=45","cf 4b 00 f5 ff e0 7f c0 00 10 a9 28 f0 e2 95 c9 91 73 ab 9f 50 84 00 00 00 01 9a ff 80 00 00 5b 98 64 fb 94 03 8d c3 fd fd ac 04 64 80",""
579,2924,"PACKET","IN",207,45,"PlayerSync","id=207 bytes=45","cf 9e 00 bf 80 7c 7f c0 00 06 d3 a9 b0 d8 5b 49 d1 5d 9d de d0 84 00 00 00 00 72 06 40 00 00 c6 0e d0 f7 34 3e 6e f7 fd fd a5 04 04 80",""
580,2924,"PACKET","IN",207,35,"PlayerSync","id=207 bytes=35","cf 1f 00 00 00 20 66 e8 30 c3 bc c9 91 7b 67 1f 10 84 00 00 00 00 97 53 00 00 00 00 00 00 01 a5 04 e8 80",""
581,2924,"PACKET","IN",207,45,"PlayerSync","id=207 bytes=45","cf 4b 00 f5 ff e0 7f c0 00 23 eb a8 f0 d8 d5 c9 91 68 ac 9f 50 84 00 00 00 01 9a ff 80 00 03 37 53 18 f7 94 03 8d c3 fd fd ac 04 64 80",""
582,2924,"PACKET","IN",207,35,"PlayerSync","id=207 bytes=35","cf 7c 00 00 00 03 66 28 30 f1 c4 49 d1 7b 67 1f 10 84 00 00 00 01 fe 49 80 00 00 00 00 00 01 28 00 04 11",""
583,2925,"RPC","IN",99,42,"MoveObject","id=99 bytes=42","a1 00 f8 e3 a1 c3 d7 9b 26 45 ed 5e 7b 42 f8 e3 a1 c3 d7 9b 26 45 53 c5 7d 42 00 00 80 3e 00 00 00 00 00 00 00 00 08 cc 84 43",""
584,2925,"RPC","IN",122,2,"StopObject","id=122 bytes=2","a1 00",""
585,2925,"RPC","IN",99,42,"MoveObject","id=99 bytes=42","a1 00 f8 e3 a1 c3 d7 9b 26 45 ed 5e 7b 42 f8 e3 a1 c3 d7 9b 26 45 ed 5e 7b 42 00 00 80 3e 00 00 00 00 00 00 00 00 08 cc 84 43",""
586,2925,"RPC","IN",122,2,"StopObject","id=122 bytes=2","a1 00",""
587,2925,"RPC","IN",99,42,"MoveObject","id=99 bytes=42","a1 00 f8 e3 a1 c3 d7 9b 26 45 ed 5e 7b 42 f8 e3 a1 c3 d7 9b 26 45 53 c5 7d 42 00 00 80 3e 00 00 00 00 00 00 00 00 08 cc 84 43",""
588,2925,"RPC","IN",122,2,"StopObject","id=122 bytes=2","a1 00",""
589,2925,"RPC","IN",99,42,"MoveObject","id=99 bytes=42","a1 00 f8 e3 a1 c3 d7 9b 26 45 ed 5e 7b 42 f8 e3 a1 c3 d7 9b 26 45 ed 5e 7b 42 00 00 80 3e 00 00 00 00 00 00 00 00 08 cc 84 43",""
590,2925,"RPC","IN",122,2,"StopObject","id=122 bytes=2","a1 00",""
591,2925,"RPC","IN",99,42,"MoveObject","id=99 bytes=42","a1 00 f8 e3 a1 c3 d7 9b 26 45 ed 5e 7b 42 f8 e3 a1 c3 d7 9b 26 45 53 c5 7d 42 00 00 80 3e 00 00 00 00 00 00 00 00 08 cc 84 43",""
592,2925,"RPC","IN",122,2,"StopObject","id=122 bytes=2","a1 00",""
593,2925,"RPC","IN",99,42,"MoveObject","id=99 bytes=42","a1 00 f8 e3 a1 c3 d7 9b 26 45 ed 5e 7b 42 f8 e3 a1 c3 d7 9b 26 45 ed 5e 7b 42 00 00 80 3e 00 00 00 00 00 00 00 00 08 cc 84 43",""
594,2925,"RPC","IN",122,2,"StopObject","id=122 bytes=2","a1 00",""
595,2925,"RPC","IN",99,42,"MoveObject","id=99 bytes=42","a1 00 f8 e3 a1 c3 d7 9b 26 45 ed 5e 7b 42 f8 e3 a1 c3 d7 9b 26 45 53 c5 7d 42 00 00 80 3e 00 00 00 00 00 00 00 00 08 cc 84 43",""
596,2926,"RPC","IN",122,2,"StopObject","id=122 bytes=2","a1 00",""
597,2926,"RPC","IN",99,42,"MoveObject","id=99 bytes=42","a1 00 f8 e3 a1 c3 d7 9b 26 45 ed 5e 7b 42 f8 e3 a1 c3 d7 9b 26 45 ed 5e 7b 42 00 00 80 3e 00 00 00 00 00 00 00 00 08 cc 84 43",""
598,2926,"RPC","IN",122,2,"StopObject","id=122 bytes=2","a1 00",""
599,2926,"RPC","IN",99,42,"MoveObject","id=99 bytes=42","a1 00 f8 e3 a1 c3 d7 9b 26 45 ed 5e 7b 42 f8 e3 a1 c3 d7 9b 26 45 53 c5 7d 42 00 00 80 3e 00 00 00 00 00 00 00 00 08 cc 84 43",""
600,2926,"RPC","IN",122,2,"StopObject","id=122 bytes=2","a1 00",""
601,2926,"RPC","IN",99,42,"MoveObject","id=99 bytes=42","a1 00 f8 e3 a1 c3 d7 9b 26 45 ed 5e 7b 42 f8 e3 a1 c3 d7 9b 26 45 ed 5e 7b 42 00 00 80 3e 00 00 00 00 00 00 00 00 08 cc 84 43",""
602,2926,"PACKET","IN",207,35,"PlayerSync","id=207 bytes=35","cf 46 00 02 00 04 95 e5 70 ce d4 09 91 63 2c de d0 80 00 00 00 02 f6 a7 c0 00 00 00 00 00 01 a5 04 08 80",""
603,2926,"PACKET","IN",207,45,"PlayerSync","id=207 bytes=45","cf 4b 00 f5 ff e0 7f c0 00 23 af e8 f0 c8 95 c9 91 7d 2e 1f 50 84 00 00 00 01 9a ff 80 00 03 92 36 10 f7 94 03 8d c3 fd fd ac 04 64 80",""
604,2926,"PACKET","IN",200,48,"VehicleSync","id=200 bytes=48","c8 76 00 30 00 00 00 00 00 00 00 37 30 43 70 5b 8b 9b 5b c5 cc 20 7a 02 44 52 b1 87 d4 25 ac a0 a3 f2 d0 08 87 9f 98 16 40 3d 00 03 16 2e fa 84",""
605,2926,"PACKET","IN",203,34,"AimSync","id=203 bytes=34","cb 76 00 12 ee a9 7b bf 56 5e 8f bd a0 71 2d be ba ab 43 c2 b7 a6 24 45 a7 68 81 42 00 00 00 00 0e ff",""
606,2927,"PACKET","IN",207,45,"PlayerSync","id=207 bytes=45","cf 9e 00 be 80 7a 3f c0 00 0c 97 a9 b0 e0 db 89 d1 77 de de d0 84 00 00 00 00 7e 0a 40 00 02 10 7a d4 f6 08 43 82 fb fd fd a5 04 04 80",""
607,2957,"PACKET","IN",207,45,"PlayerSync","id=207 bytes=45","cf 4b 00 f5 ff e0 7f c0 00 18 71 a8 f0 c2 15 c9 91 5f ae df 50 84 00 00 00 01 9a ff 80 00 03 6b 0a 0c f7 94 03 8d c3 fd fd ac 04 64 80",""
608,2958,"PACKET","IN",207,43,"PlayerSync","id=207 bytes=43","cf 63 00 60 3f c2 00 2b 12 e4 70 c6 3e 89 51 4c 83 1f 50 80 00 00 00 02 5a d3 80 00 03 02 d5 cc f9 e3 da 3a 01 ca c1 ab 04 08 80",""
609,2958,"RPC","IN",87,2,"ClearPlayerAnimation","id=87 bytes=2","7c 00",""
610,2958,"RPC","IN",86,29,"ApplyPlayerAnimation","id=86 bytes=29","7c 00 05 43 41 52 52 59 0b 63 72 72 79 5f 70 72 74 69 61 6c 33 33 83 40 00 00 00 00 00",""
611,2958,"PACKET","IN",207,45,"PlayerSync","id=207 bytes=45","cf 4b 00 f5 ff e0 7f c0 00 27 b3 28 f0 fc 15 89 91 74 2f 5f 50 84 00 00 00 01 9a ff 80 00 03 c0 05 c4 f7 94 03 8d c3 fd fd ac 04 64 80",""
612,2958,"PACKET","IN",207,35,"PlayerSync","id=207 bytes=35","cf 60 00 00 00 25 ca e3 30 e5 e0 49 91 6f df 1e 90 84 00 00 00 00 ae f9 c0 00 00 00 00 00 01 28 00 04 11",""
613,2958,"PACKET","IN",207,45,"PlayerSync","id=207 bytes=45","cf 9e 00 bd 80 78 3f c0 00 1c da e9 b0 db 5b c9 d1 60 df de d0 84 00 00 00 01 36 0a 40 00 02 92 ea c0 f7 c0 3f 6a f7 fd fd a5 04 04 80",""
614,2983,"PACKET","IN",207,45,"PlayerSync","id=207 bytes=45","cf 4b 00 f5 ff e0 7f c0 00 37 34 a8 f0 f6 15 89 91 49 30 1f 50 84 00 00 00 01 9a ff 80 00 03 8c 05 c4 f7 94 03 8d c3 fd fd ac 04 64 80",""
615,2984,"PACKET","IN",207,35,"PlayerSync","id=207 bytes=35","cf 4d 00 00 00 02 00 23 30 e6 e4 09 91 70 1e 9e 90 84 00 00 00 03 da d0 80 00 00 00 00 00 01 28 00 04 11",""
616,2984,"PACKET","IN",200,38,"VehicleSync","id=200 bytes=38","c8 92 00 2a 00 00 00 11 00 00 00 00 b0 62 e0 9e 9e ce 32 fb ec 3f 6d a2 84 51 5d 57 b4 20 00 00 00 0c e0 39 00 00",""
617,2984,"PACKET","IN",203,34,"AimSync","id=203 bytes=34","cb 92 00 12 2a a8 4b 3f 5a 1c 13 bf 7c b4 44 be af c5 c1 c3 d5 2d 29 45 cd 6c 85 42 00 00 00 00 3f 37",""
618,2984,"PACKET","IN",207,45,"PlayerSync","id=207 bytes=45","cf 9e 00 bc 80 76 7f c0 00 2e de 29 b0 d5 dc 09 d1 4a 20 de d0 84 00 00 00 03 e2 0a 40 00 01 d3 a6 a4 f7 58 3e b2 f7 fd fd a5 04 04 80",""
619,3015,"PACKET","IN",207,45,"PlayerSync","id=207 bytes=45","cf 4b 00 f5 ff e0 7f c0 00 06 76 68 f0 f0 15 89 91 5d b0 9f 50 84 00 00 00 01 9a ff 80 00 03 c8 05 c4 f7 94 03 8d c3 fd fd ac 04 64 80",""
620,3016,"PACKET","IN",200,48,"VehicleSync","id=200 bytes=48","c8 76 00 30 00 00 00 00 00 00 00 39 40 53 40 5a 7b 98 bd 56 3c 29 79 e2 44 5c f3 37 d4 2b 23 60 93 f2 e0 07 27 9c e8 16 40 3d 00 03 5e 66 fa 84",""
621,3016,"PACKET","IN",207,35,"PlayerSync","id=207 bytes=35","cf 7c 00 00 00 03 66 28 30 f1 c4 49 d1 7b 67 1f 10 84 00 00 00 01 fe 49 80 00 00 00 00 00 01 fb 04 e8 80",""
622,3016,"PACKET","IN",207,35,"PlayerSync","id=207 bytes=35","cf 85 00 00 00 2b 0b 62 b0 d7 e8 c9 91 50 59 de 90 84 00 00 00 03 a8 31 80 00 00 00 00 00 01 28 00 04 11",""
623,3017,"PACKET","IN",203,34,"AimSync","id=203 bytes=34","cb 85 00 04 45 97 95 bd 2c 65 77 3f 51 69 7c be 8c 19 8a c3 14 82 26 45 29 ed 7e 42 00 00 00 00 3f c6",""
624,3017,"PACKET","IN",207,45,"PlayerSync","id=207 bytes=45","cf 4b 00 f5 ff e0 7f c0 00 31 77 a8 f0 ea 95 89 91 64 b1 1f 50 84 00 00 00 01 9a ff 80 00 03 24 3d 6c f7 94 03 8d c3 fd fd ac 04 64 80",""
625,3017,"PACKET","IN",207,45,"PlayerSync","id=207 bytes=45","cf 9e 00 bb 00 74 7f c0 00 39 e1 69 b0 ce dc 49 d1 61 62 1e d0 84 00 00 00 02 fa 12 40 00 02 54 02 88 f5 dc 3f f6 f3 fd fd a5 04 04 80",""
626,3048,"PACKET","IN",207,45,"PlayerSync","id=207 bytes=45","cf 4b 00 f5 7f e0 bf c0 00 1f ba e8 f0 de 95 89 91 53 32 5f 50 84 00 00 00 03 5e d7 80 00 01 16 f7 d4 f7 94 03 8d c3 fd fd ac 04 64 80",""
627,3048,"PACKET","IN",207,45,"PlayerSync","id=207 bytes=45","cf 4b 00 f5 7f e0 bf c0 00 13 fe 28 f0 dd 95 89 91 5a b3 5f 50 84 00 00 00 02 f2 af 80 00 03 2b 43 d4 f4 04 03 51 fb fd fd ac 04 64 80",""
628,3049,"PACKET","IN",207,43,"PlayerSync","id=207 bytes=43","cf 63 00 60 3f c2 00 11 33 64 30 ca fe 89 51 63 50 5f 90 80 00 00 00 02 5a d3 80 00 02 ef 89 98 f9 43 f2 56 01 ea 79 ab 04 08 80",""
629,3049,"PACKET","IN",207,45,"PlayerSync","id=207 bytes=45","cf 9e 00 ba 00 73 3f c0 00 3b a4 e9 b0 c9 5c 89 d1 51 a3 9e d0 84 00 00 00 03 96 0e 40 00 02 d3 96 70 f5 f8 38 a6 ef fd fd a5 04 04 80",""
630,3079,"PACKET","IN",200,48,"VehicleSync","id=200 bytes=48","c8 76 00 30 00 00 00 00 00 00 00 3d 30 5c 20 49 eb 9e 6d 66 ac 22 29 d2 44 50 34 87 d4 27 1a c0 73 f2 e0 04 f7 93 78 16 40 3d 00 02 06 90 fa 84",""
631,3079,"PACKET","IN",207,35,"PlayerSync","id=207 bytes=35","cf 97 00 00 00 09 a6 25 b0 d5 fd 09 91 6c 24 9f 10 84 00 00 00 00 3b eb e8 00 00 00 00 00 01 28 00 04 11",""
632,3080,"PACKET","IN",207,45,"PlayerSync","id=207 bytes=45","cf 4b 00 f5 7f e0 bf c0 00 17 c1 69 30 e8 15 89 91 7c 34 1f 50 84 00 00 00 00 1a b3 80 00 03 3f 6f ec f6 8c 03 26 33 fd fd ac 04 64 80",""
633,3080,"RPC","IN",86,27,"ApplyPlayerAnimation","id=86 bytes=27","1a 00 07 42 44 5f 46 49 52 45 07 77 61 73 68 5f 75 70 33 33 83 40 80 00 00 00 00",""
634,3080,"PACKET","IN",207,45,"PlayerSync","id=207 bytes=45","cf 9e 00 b8 00 71 3f c0 00 1a 68 e9 b0 cb 1c c9 d1 66 a5 1e d0 84 00 00 00 03 fa 16 40 00 01 0e 12 90 f7 d0 38 2a f3 fd fd a5 04 04 80",""
635,3080,"PACKET","OUT",207,69,"PlayerSync","id=207 bytes=69","cf 00 00 00 00 00 00 22 90 8d c3 0a 85 26 45 6a 86 7a 42 f5 21 4f 3f 00 00 00 00 00 00 00 00 89 70 16 3f 64 00 00 00 00 00 00 00 00 00 00 00 00 00 00 00 00 00 00 00 00 00 00 00 00 00 00 00 00 00 a5 04 04 80",""
636,3105,"PACKET","IN",207,45,"PlayerSync","id=207 bytes=45","cf 4b 00 f5 7f e0 bf c2 00 1c 44 a9 30 f2 55 89 91 5e f5 1f 50 84 00 00 00 01 8e b3 80 00 02 83 73 ec f6 68 01 96 33 fd fd ac 04 64 80",""
637,3105,"PACKET","IN",207,35,"PlayerSync","id=207 bytes=35","cf 49 00 00 00 05 d5 25 b0 dd 8f 09 d1 6c 24 9f 10 80 00 00 00 01 eb 77 c0 00 00 00 00 00 01 28 00 04 11",""
638,3106,"PACKET","IN",203,34,"AimSync","id=203 bytes=34","cb 49 00 04 11 65 29 3f a0 8a 36 bf 89 51 6d be df 0f 97 c3 c1 55 27 45 a3 83 80 42 00 00 00 00 3f 28",""
639,3106,"PACKET","IN",207,45,"PlayerSync","id=207 bytes=45","cf 4b 00 f5 7f e0 bf c2 00 24 c7 e9 30 fc 15 89 91 44 b6 1f 50 84 00 00 00 03 16 b3 80 00 03 a4 37 f4 f6 38 03 a6 2f fd fd ac 04 64 80",""
640,3137,"PACKET","IN",207,45,"PlayerSync","id=207 bytes=45","cf 9e 00 b6 00 6f 7f c0 00 2f 6c a9 b0 c9 5d 09 d1 7a a6 9e d0 84 00 00 00 01 5e 1e 40 00 03 55 c6 cc f7 4c 37 72 e7 fd fd a5 04 04 80",""
641,3138,"RPC","IN",95,24,"CreatePickup","id=95 bytes=24","08 00 00 00 b5 09 00 00 17 00 00 00 e5 a1 59 c2 a4 24 26 45 69 de 7f 42",""
642,3138,"RPC","IN",95,24,"CreatePickup","id=95 bytes=24","10 00 00 00 b5 09 00 00 17 00 00 00 f0 45 4a c2 00 20 26 45 69 de 7f 42",""
643,3138,"PACKET","IN",207,45,"PlayerSync","id=207 bytes=45","cf 4b 00 f5 7f e0 bf c2 00 2f 0e 69 30 ce 55 c9 91 53 37 df 50 84 00 00 00 02 4a b7 80 00 03 0a 9b e8 f5 d8 03 72 2b fd fd ac 04 64 80",""
644,3138,"PACKET","IN",207,43,"PlayerSync","id=207 bytes=43","cf 63 00 60 3f c2 00 30 94 e4 30 cf 7e 89 51 54 b3 9f 90 80 00 00 00 02 5a d3 80 00 01 37 59 7c fa 1b fe 66 03 d6 29 ab 04 08 80",""
645,3138,"PACKET","IN",200,48,"VehicleSync","id=200 bytes=48","c8 76 00 30 00 00 00 00 00 00 00 34 b0 56 40 49 7b 9e 7c 67 1c 2a a9 b2 44 5e 05 67 d4 2c 42 30 63 f2 e0 04 87 90 c8 16 40 3d 00 03 ac ac fa 84",""
646,3139,"PACKET","IN",207,45,"PlayerSync","id=207 bytes=45","cf 4b 00 f5 7f e0 bf c2 00 30 51 a9 30 d6 d5 c9 91 7b 38 9f 50 84 00 00 00 03 ea b7 80 00 01 56 57 e8 f5 a8 01 3e 2b fd fd ac 04 64 80",""
647,3139,"PACKET","IN",207,35,"PlayerSync","id=207 bytes=35","cf 7e 00 00 00 11 42 a6 f0 c0 4b 89 d1 7b 67 1f 10 84 00 00 00 00 c6 1b 94 00 00 00 00 00 01 28 00 04 11",""
648,3139,"RPC","IN",87,2,"ClearPlayerAnimation","id=87 bytes=2","7e 00",""
649,3139,"RPC","IN",86,29,"ApplyPlayerAnimation","id=86 bytes=29","7e 00 05 43 41 52 52 59 0b 63 72 72 79 5f 70 72 74 69 61 6c 33 33 83 40 00 00 00 00 00",""
650,3164,"PACKET","IN",207,45,"PlayerSync","id=207 bytes=45","cf 9e 00 b3 00 6d 3f c0 00 32 f1 a9 b0 d8 1d 49 d1 4e a8 de d0 84 00 00 00 02 f6 2e 40 00 03 80 9a f0 f4 74 35 c2 e3 fd fd a5 04 04 80",""
651,3165,"PACKET","IN",207,45,"PlayerSync","id=207 bytes=45","cf 4b 00 f5 7f e0 bf c2 00 16 d4 e9 30 de 95 c9 91 5d b9 9f 50 84 00 00 00 01 8e bb 80 00 02 29 03 c8 f5 7c 03 06 27 fd fd ac 04 64 80",""
652,3165,"PACKET","IN",207,35,"PlayerSync","id=207 bytes=35","cf 53 00 00 00 1d d4 e5 b0 ff cc 49 d1 6c e4 9f 10 80 00 00 00 03 52 2a c0 00 00 00 00 00 01 a5 04 04 80",""
653,3196,"PACKET","IN",207,35,"PlayerSync","id=207 bytes=35","cf 46 00 02 00 04 95 e5 70 ce d4 09 91 63 ac de d0 80 00 00 00 02 f6 a7 c0 00 00 00 00 00 01 a5 04 08 80",""
654,3196,"PACKET","IN",203,34,"AimSync","id=203 bytes=34","cb 46 00 04 59 b2 7b 3f 07 bd ed 3d 7e 50 10 be 27 fa 97 c3 45 46 26 45 07 90 80 42 00 00 00 00 23 37",""
655,3196,"PACKET","IN",207,45,"PlayerSync","id=207 bytes=45","cf 9e 00 b0 80 6b 7f c0 00 1c 75 69 b0 cb dd 89 d1 59 2a 5e d0 84 00 00 00 00 fa 36 40 00 02 18 26 dc f7 a8 2a de cf fd fd a5 04 04 80",""
656,3196,"PACKET","IN",207,35,"PlayerSync","id=207 bytes=35","cf 1a 00 00 00 37 65 23 70 da 69 09 91 4b 21 de 90 80 00 00 00 00 b3 19 80 00 00 00 00 00 01 28 00 04 11",""
657,3197,"PACKET","IN",207,45,"PlayerSync","id=207 bytes=45","cf 4b 00 f5 7f e0 bf c2 00 06 db 29 30 ec 55 c9 91 60 3b 5f 50 84 00 00 00 00 da bf 80 00 00 e3 6b a4 f5 28 02 8a 23 fd fd ac 04 64 80",""
658,3197,"PACKET","IN",207,43,"PlayerSync","id=207 bytes=43","cf 63 00 60 3f c0 00 1e bc a3 f0 d3 3e 89 51 42 33 5f 90 80 00 00 00 02 5a d3 80 00 03 48 fd 78 fb 83 fe 6a 02 19 e9 ab 04 08 80",""
659,3197,"PACKET","IN",200,48,"VehicleSync","id=200 bytes=48","c8 76 00 30 00 00 00 00 00 08 00 3d b0 46 70 39 5b 98 ba 27 8c 23 49 a2 44 52 f6 27 d4 22 88 b0 53 f2 e0 03 67 99 28 06 40 3d 00 02 24 c4 fa 84",""
660,3225,"PACKET","IN",207,35,"PlayerSync","id=207 bytes=35","cf 51 00 00 00 30 e3 68 30 f6 0c 09 d1 7b 67 1f 10 84 00 00 00 02 e7 67 c0 00 00 00 00 00 01 28 00 04 11",""
661,3226,"PACKET","IN",207,35,"PlayerSync","id=207 bytes=35","cf 7e 00 00 00 11 42 a6 f0 c0 4b 89 d1 7b 67 1f 10 84 00 00 00 00 c6 1b 94 00 00 00 00 00 01 a5 04 e8 80",""
662,3226,"PACKET","IN",207,45,"PlayerSync","id=207 bytes=45","cf 9e 00 ae 80 6a 7f c0 00 13 79 29 b0 fe 5d 89 d1 6b ab de d0 84 00 00 00 03 9e 36 40 00 01 9b 3e b8 f4 c8 28 46 cb fd fd a5 04 04 80",""
663,3226,"PACKET","IN",207,45,"PlayerSync","id=207 bytes=45","cf 4b 00 f5 7f e0 bf c2 00 11 1e 29 30 f2 95 c9 91 7f 3c 1f 50 84 00 00 00 02 7e bf 80 00 00 1a d3 a4 f5 04 00 4a 23 fd fd ac 04 64 80",""
664,3250,"PACKET","IN",207,45,"PlayerSync","id=207 bytes=45","cf 4b 00 f5 7f e0 bf c2 00 34 a0 e9 30 f8 15 c9 91 55 3d 1f 50 84 00 00 00 00 1e c3 80 00 00 83 6f 74 f4 e0 02 0a 1f fd fd ac 04 64 80",""
665,3251,"PACKET","IN",207,35,"PlayerSync","id=207 bytes=35","cf 9a 00 00 00 05 5a 28 30 df c8 49 d1 7b 67 1f 10 84 00 00 00 01 79 f3 c0 00 00 00 00 00 01 a5 04 e8 80",""
666,3251,"PACKET","IN",207,45,"PlayerSync","id=207 bytes=45","cf 9e 00 ad 00 69 bf c0 00 27 fc e9 b0 f1 9d c9 d1 4b 2d 9e d0 84 00 00 00 01 6a 36 40 00 03 4b 32 9c f7 90 25 5a c7 fd fd a5 04 04 80",""
667,3251,"PACKET","IN",207,35,"PlayerSync","id=207 bytes=35","cf 46 00 02 00 04 95 e5 70 ce d4 09 91 63 ac de d0 80 00 00 00 02 f6 a7 c0 00 00 00 00 00 01 a5 04 08 80",""
668,3252,"PACKET","IN",207,45,"PlayerSync","id=207 bytes=45","cf 4b 00 f5 7f e0 bf c2 00 18 63 e9 30 fd 15 c9 91 6c bd df 50 84 00 00 00 01 be c3 80 00 00 37 93 74 f4 c0 03 ce 1b fd fd ac 04 64 80",""
669,3277,"PACKET","IN",207,35,"PlayerSync","id=207 bytes=35","cf 29 00 00 00 2e 09 a5 b0 d1 c9 c9 d1 6c 24 9f 10 80 00 00 00 01 7d 63 c0 00 00 00 00 00 01 28 00 04 11",""
670,3278,"PACKET","IN",207,45,"PlayerSync","id=207 bytes=45","cf 4b 00 f5 7f e0 bf c2 00 03 e6 e9 30 c1 d6 09 91 47 be df 50 84 00 00 00 03 5a c3 80 00 00 69 03 80 f4 a0 01 96 1b fd fd ac 04 64 80",""
671,3278,"PACKET","IN",200,48,"VehicleSync","id=200 bytes=48","c8 76 00 30 00 00 00 00 00 08 00 32 10 22 40 48 bb 90 f9 57 fc 2b 59 82 44 5c 06 27 d4 25 aa c0 73 f2 e0 02 e7 9e 67 f6 40 3d 00 03 36 c4 fa 84",""
672,3278,"PACKET","IN",207,45,"PlayerSync","id=207 bytes=45","cf 9e 00 ab 00 68 bf c0 00 25 40 e9 f0 e7 9e 09 d1 7b af 1e d0 84 00 00 00 03 ca 36 40 00 00 37 36 9c f4 94 2b c6 c7 fd fd a5 04 04 80",""
673,3278,"RPC","IN",86,27,"ApplyPlayerAnimation","id=86 bytes=27","3d 00 07 42 44 5f 46 49 52 45 07 77 61 73 68 5f 75 70 33 33 83 40 80 00 00 00 00",""
674,3278,"PACKET","IN",207,45,"PlayerSync","id=207 bytes=45","cf 4b 00 f5 7f e0 bf c2 00 30 69 a9 30 c6 16 09 91 64 bf 9f 50 84 00 00 00 00 f2 c7 80 00 00 15 b3 80 f4 88 03 5e 17 fd fd ac 04 64 80",""
675,3304,"PACKET","IN",207,35,"PlayerSync","id=207 bytes=35","cf 1c 00 00 00 2d 02 a6 f0 e0 10 09 d1 7b 67 1f 10 84 00 00 00 00 15 5f 00 00 00 00 00 00 01 28 00 04 11",""
676,3304,"PACKET","IN",207,45,"PlayerSync","id=207 bytes=45","cf 4b 00 f5 7f e0 bf c2 00 3c 2c a9 30 ca 16 09 91 4c 80 9f 90 84 00 00 00 02 86 c7 80 00 03 5f 5b a4 f4 70 01 2a 17 fd fd ac 04 64 80",""
677,3304,"PACKET","IN",207,43,"PlayerSync","id=207 bytes=43","cf 63 00 60 3f c0 00 30 1b 63 f0 d8 3e 89 51 7e 4a 1f 90 80 00 00 00 02 5a d3 80 00 02 1c 05 88 fb ff f2 5a 01 d9 91 ab 04 08 80",""
678,3305,"RPC","IN",87,2,"ClearPlayerAnimation","id=87 bytes=2","4d 00",""
679,3305,"RPC","IN",86,29,"ApplyPlayerAnimation","id=86 bytes=29","4d 00 05 43 41 52 52 59 0b 63 72 72 79 5f 70 72 74 69 61 6c 33 33 83 40 00 00 00 00 00",""
680,3305,"PACKET","IN",207,45,"PlayerSync","id=207 bytes=45","cf 9e 00 a9 80 67 ff c0 00 27 84 a9 f0 d9 de 49 d1 53 b0 de d0 84 00 00 00 01 ba 36 40 00 02 7a 96 98 f7 78 25 26 c7 fd fd a5 04 04 80",""
681,3340,"PACKET","IN",207,35,"PlayerSync","id=207 bytes=35","cf 0b 00 00 00 1a fc 26 b0 c0 43 09 d1 7b 67 1f 10 84 00 00 00 03 32 4b c0 00 00 00 00 00 01 28 00 04 11",""
682,3340,"PACKET","IN",207,45,"PlayerSync","id=207 bytes=45","cf 4b 00 f5 7f e0 bf c2 00 08 ef e9 30 cd 96 09 91 76 81 5f 90 84 00 00 00 00 1e cb 80 00 03 04 9b a8 f4 58 02 f6 13 fd fd ac 04 64 80",""
683,3340,"PACKET","IN",207,35,"PlayerSync","id=207 bytes=35","cf 54 00 00 00 02 89 a9 70 cd 27 49 91 57 09 9f 50 80 00 00 00 01 e7 96 c0 00 00 00 00 00 01 a5 04 04 80",""
684,3341,"PACKET","IN",203,34,"AimSync","id=203 bytes=34","cb 54 00 04 02 e1 6f 3f fa 51 98 3e 6c 59 3b be 12 ac a6 c3 b9 8d 26 45 fd f6 80 42 00 00 00 00 3f 36",""
685,3341,"PACKET","IN",207,35,"PlayerSync","id=207 bytes=35","cf 46 00 02 00 04 95 e5 70 ce d4 09 91 63 ac de d0 80 00 00 00 02 f6 a7 c0 00 00 00 00 00 01 a5 04 08 80",""
686,3341,"PACKET","IN",207,45,"PlayerSync","id=207 bytes=45","cf 4b 00 f5 7f e0 bf c2 00 09 73 29 30 d1 16 09 91 71 82 5f 90 84 00 00 00 01 b6 cb 80 00 01 fd b3 e4 f4 44 00 be 13 fd fd ac 04 64 80",""
687,3341,"PACKET","IN",207,45,"PlayerSync","id=207 bytes=45","cf 9e 00 a8 00 67 7f c0 00 07 c8 e9 f0 d1 9e 89 d1 53 32 9e d0 84 00 00 00 00 7a 3a 40 00 02 80 f6 bc f4 70 2b 6e c7 fd fd a5 04 04 80",""
688,3364,"PACKET","IN",207,45,"PlayerSync","id=207 bytes=45","cf 4b 00 f5 7f e0 bf c2 00 09 f6 69 30 d4 16 09 91 6d c3 5f 90 84 00 00 00 03 52 cb 80 00 03 d2 73 e4 f4 34 02 8a 0f fd fd ac 04 64 80",""
689,3364,"PACKET","IN",207,35,"PlayerSync","id=207 bytes=35","cf 70 00 00 00 23 1c 6a 70 ef f1 c9 91 61 b3 df 90 80 00 00 00 02 93 6f 00 00 00 00 00 00 01 00 00 00 80",""
690,3364,"PACKET","IN",200,48,"VehicleSync","id=200 bytes=48","c8 76 00 30 00 00 00 00 00 08 00 3a 20 0d 80 38 8b 93 73 58 4c 2d 49 62 44 5c 55 f7 d4 27 e5 20 a3 f2 c0 04 e7 9e 87 f6 40 3d 00 03 4e be fa 84",""
691,3364,"PACKET","IN",207,45,"PlayerSync","id=207 bytes=45","cf 4b 00 f5 7f e0 bf c2 00 25 b9 a9 30 d6 96 09 91 74 84 5f 90 84 00 00 00 00 f2 cf 80 00 00 2f a0 00 f8 24 00 4a 0f fd fd ac 04 64 80",""
692,3394,"PACKET","IN",207,35,"PlayerSync","id=207 bytes=35","cf 4d 00 00 00 02 00 23 30 e6 e4 09 91 70 1e 9e 90 84 00 00 00 03 da d0 80 00 00 00 00 00 01 a5 04 04 80",""
693,3395,"PACKET","IN",207,45,"PlayerSync","id=207 bytes=45","cf 9e 00 a6 00 66 bf c0 00 10 8c e9 f0 c7 1e c9 d1 49 74 5e d0 84 00 00 00 00 62 42 40 00 01 84 c2 c0 f7 28 24 62 c7 fd fd a5 04 04 80",""
694,3395,"PACKET","IN",203,34,"AimSync","id=203 bytes=34","cb 9e 00 04 fc fe 73 bf 76 6c 74 be 9d 7e 3e be 0a 88 a5 c3 7f 88 27 45 1d 69 80 42 00 00 00 00 3f 22",""
695,3395,"PACKET","OUT",203,32,"AimSync","id=203 bytes=32","cb 00 00 00 39 05 00 00 00 00 00 00 00 00 00 00 00 40 01 00 00 00 80 3f 00 00 f3 04 b5 3f 39 05",""
696,3395,"RPC","IN",105,7,"TextDrawSetString","id=105 bytes=7","26 08 03 00 31 30 30",""
697,3395,"RPC","IN",105,5,"TextDrawSetString","id=105 bytes=5","27 08 01 00 30",""
698,3395,"RPC","IN",105,6,"TextDrawSetString","id=105 bytes=6","28 08 02 00 35 30",""
699,3395,"RPC","IN",105,5,"TextDrawSetString","id=105 bytes=5","29 08 01 00 39",""
700,3395,"RPC","IN",105,7,"TextDrawSetString","id=105 bytes=7","2a 08 03 00 31 30 30",""
701,3395,"PACKET","IN",207,45,"PlayerSync","id=207 bytes=45","cf 4b 00 f5 7f e0 bf c2 00 02 3d 29 30 d8 96 09 91 7d 85 5f 90 84 00 00 00 02 96 cf 80 00 03 03 9c 00 f8 18 02 06 0b fd fd ac 04 64 80",""
702,3396,"PACKET","IN",207,43,"PlayerSync","id=207 bytes=43","cf 63 00 60 3f c0 00 3c 7b 63 b0 dc fe 89 51 45 76 1f 10 80 00 00 00 02 5a d3 80 00 00 0a f9 ac f8 77 de 3e 00 9d 45 ab 04 08 80",""
703,3396,"PACKET","IN",203,34,"AimSync","id=203 bytes=34","cb 63 00 04 43 49 49 3f 5b 95 15 3f a8 b4 4d be 32 4e 90 c3 ba d9 25 45 38 07 81 42 00 00 00 00 3f 55",""
704,3396,"PACKET","IN",207,35,"PlayerSync","id=207 bytes=35","cf 94 00 00 00 10 3e 66 b0 ef 39 c9 91 7b 67 1f 10 84 00 00 00 02 9a 53 c0 00 00 00 00 00 01 28 00 04 11",""
705,3420,"PACKET","IN",207,35,"PlayerSync","id=207 bytes=35","cf 3d 00 00 00 39 94 e5 b0 e4 03 c9 d1 6c 24 9f 10 80 00 00 00 02 af cd c0 00 00 00 00 00 01 a5 04 e8 80",""
706,3420,"PACKET","IN",207,45,"PlayerSync","id=207 bytes=45","cf 4b 00 f5 7f e0 bf c2 00 1e 40 69 70 da 16 09 91 48 46 9f 90 84 00 00 00 00 46 d3 80 00 01 7f 9c 00 f8 0c 03 b6 07 fd fd ac 04 64 80",""
707,3420,"PACKET","IN",207,45,"PlayerSync","id=207 bytes=45","cf 9e 00 a4 00 65 ff c0 00 2f 10 a9 f0 f7 de c9 d1 70 b5 de d0 84 00 00 00 00 8e 4a 40 00 03 40 ba c0 f7 94 23 8e bb fd fd a5 04 04 80",""
708,3420,"PACKET","IN",207,45,"PlayerSync","id=207 bytes=45","cf 4b 00 f5 7f e0 bf c2 00 3a 03 a9 70 db 56 09 91 53 c7 9f 90 84 00 00 00 01 f6 d3 80 00 00 17 48 00 f8 04 01 5a 07 fd fd ac 04 64 80",""
709,3421,"PACKET","IN",207,45,"PlayerSync","id=207 bytes=45","cf 4b 00 f5 7f e0 bf c2 00 02 87 29 70 db d6 09 91 5c 08 9f 90 84 00 00 00 03 aa d3 80 00 02 e3 3b ec f4 00 02 f6 03 fd fd ac 04 64 80",""
710,3421,"PACKET","IN",200,48,"VehicleSync","id=200 bytes=48","c8 76 00 30 00 05 00 00 00 08 00 3d d0 08 00 38 6b 92 0b 58 8c 2f a9 42 44 53 36 17 d4 20 0f 50 c3 f2 a0 08 37 92 78 06 40 3d 00 02 42 c2 fa 84",""
711,3421,"PACKET","IN",207,45,"PlayerSync","id=207 bytes=45","cf 9e 00 a2 80 65 7f c0 00 0c 14 a9 f0 e5 df 09 d1 5a 37 9e d0 84 00 00 00 00 66 4e 40 00 02 52 62 b4 f4 08 22 4a b3 fd fd a5 04 04 80",""
712,3450,"PACKET","IN",207,35,"PlayerSync","id=207 bytes=35","cf 1f 00 00 00 20 66 e8 30 c3 bc c9 91 7b 67 1f 10 84 00 00 00 00 97 53 00 00 00 00 00 00 01 a5 04 e8 80",""
713,3451,"PACKET","IN",207,45,"PlayerSync","id=207 bytes=45","cf 4b 00 f5 7f e0 bf c2 00 09 ca 69 70 db d6 09 91 65 89 9f 90 84 00 00 00 01 66 d7 80 00 01 86 3b ec f4 00 00 8e 03 fd fd ac 04 64 80",""
714,3477,"PACKET","IN",207,45,"PlayerSync","id=207 bytes=45","cf 4b 00 f5 7f e0 bf c2 00 36 0d 69 70 db 96 09 91 67 8a 9f 90 84 00 00 00 03 1e d7 80 00 01 b5 a3 cc f4 00 02 1d ff fd fd ac 04 64 80",""
715,3477,"PACKET","IN",207,43,"PlayerSync","id=207 bytes=43","cf 63 00 60 3f c0 00 1d 1e 23 b0 e1 7e 89 51 45 81 de d0 80 00 00 00 02 5a d3 80 00 02 b1 69 e4 fb d3 be 1a 03 d1 05 ac 04 64 80",""
716,3478,"PACKET","IN",207,45,"PlayerSync","id=207 bytes=45","cf 9e 00 a0 00 64 bf c0 00 1b 58 a9 f0 d4 df 49 d1 5a f9 5e d0 84 00 00 00 03 da 56 40 00 03 a6 0e d4 f6 6c 1d de af fd fd a5 04 04 80",""
717,3478,"PACKET","IN",200,48,"VehicleSync","id=200 bytes=48","c8 76 00 30 00 30 00 fe ff 08 00 35 70 1d 40 31 2b 95 35 c8 cc 2a 19 32 44 5a 26 37 d4 2b 40 c0 f3 f1 e0 07 67 a2 68 06 40 3d 00 03 1c c6 fa 84",""
718,3478,"PACKET","IN",207,45,"PlayerSync","id=207 bytes=45","cf 9e 00 9c 80 63 bf c0 00 0b 1c e9 f0 c1 1f 89 d1 6d fb 1e d0 84 00 00 00 00 2a 7a 40 00 01 cc f6 fc f5 d4 18 96 a3 fd fd a5 04 04 80",""
719,3501,"PACKET","IN",207,35,"PlayerSync","id=207 bytes=35","cf 3d 00 00 00 39 94 e5 b0 e4 03 c9 d1 6c 24 9f 10 80 00 00 00 02 af cd c0 00 00 00 00 00 01 28 00 04 11",""
720,3539,"PACKET","IN",207,45,"PlayerSync","id=207 bytes=45","cf 4b 00 f5 7f e0 bf c2 00 26 50 a9 70 da d6 09 91 6c cb 9f 90 84 00 00 00 00 da db 80 00 02 8c bb cc f4 04 03 a9 fb fd fd ac 04 64 80",""
721,3540,"PACKET","IN",207,35,"PlayerSync","id=207 bytes=35","cf 60 00 00 00 25 ca e3 30 e5 e0 49 91 6f df 1e 90 84 00 00 00 00 ae f9 c0 00 00 00 00 00 01 28 00 04 11",""
722,3540,"PACKET","IN",207,35,"PlayerSync","id=207 bytes=35","cf 85 00 00 00 2b 0b 62 b0 d7 e8 c9 91 50 59 de 90 84 00 00 00 03 a8 31 80 00 00 00 00 00 01 28 00 04 11",""
723,3540,"PACKET","IN",200,38,"VehicleSync","id=200 bytes=38","c8 92 00 2a 00 00 00 11 00 00 00 00 b0 62 e0 9e 9e ce 32 fb ec 3f 6d a2 84 51 5d 57 b4 20 00 00 00 0c e0 39 00 00",""
724,3540,"PACKET","IN",203,34,"AimSync","id=203 bytes=34","cb 92 00 12 2a a8 4b 3f 5a 1c 13 bf 7c b4 44 be af c5 c1 c3 d5 2d 29 45 cd 6c 85 42 00 00 00 00 3f 37",""
725,3540,"PACKET","IN",207,45,"PlayerSync","id=207 bytes=45","cf 9e 00 99 80 62 ff c0 00 37 21 69 f0 e5 9f 89 d1 44 fd 5e d0 84 00 00 00 00 86 9e 40 00 01 96 c2 fc f6 ac 0d b6 7b fd fd a5 04 04 80",""
726,3541,"RPC","IN",86,27,"ApplyPlayerAnimation","id=86 bytes=27","9a 00 07 42 44 5f 46 49 52 45 07 77 61 73 68 5f 75 70 33 33 83 40 80 00 00 00 00",""
727,3541,"PACKET","IN",207,35,"PlayerSync","id=207 bytes=35","cf 46 00 02 00 04 95 e5 70 ce d4 09 91 63 2c de d0 80 00 00 00 02 f6 a7 c0 00 00 00 00 00 01 a5 04 08 80",""
728,3541,"PACKET","IN",207,45,"PlayerSync","id=207 bytes=45","cf 54 00 fd ff f9 7f c0 00 23 48 e9 70 c0 e7 49 91 52 49 9f 50 80 00 00 00 03 5b 66 c0 00 01 05 98 18 f6 db b1 bc f3 fd fd a5 04 04 80",""
729,3541,"PACKET","IN",207,43,"PlayerSync","id=207 bytes=43","cf 63 00 60 3f c0 00 11 8d 23 b0 e3 fe 89 51 64 3c 1e 90 80 00 00 00 02 5a d3 80 00 01 01 c4 40 fb fb fe 6a 03 fd fd ac 04 64 80",""
730,3541,"PACKET","IN",207,35,"PlayerSync","id=207 bytes=35","cf 7c 00 00 00 03 66 28 30 f1 c4 49 d1 7b 67 1f 10 84 00 00 00 01 fe 49 80 00 00 00 00 00 01 fb 04 e8 80",""
731,3541,"RPC","IN",99,42,"MoveObject","id=99 bytes=42","a1 00 f8 e3 a1 c3 d7 9b 26 45 ed 5e 7b 42 f8 e3 a1 c3 d7 9b 26 45 53 c5 7d 42 00 00 80 3e 00 00 00 00 00 00 00 00 08 cc 84 43",""
732,3542,"RPC","IN",122,2,"StopObject","id=122 bytes=2","a1 00",""
733,3542,"RPC","IN",99,42,"MoveObject","id=99 bytes=42","a1 00 f8 e3 a1 c3 d7 9b 26 45 ed 5e 7b 42 f8 e3 a1 c3 d7 9b 26 45 ed 5e 7b 42 00 00 80 3e 00 00 00 00 00 00 00 00 08 cc 84 43",""
734,3542,"RPC","IN",122,2,"StopObject","id=122 bytes=2","a1 00",""
735,3542,"RPC","IN",99,42,"MoveObject","id=99 bytes=42","a1 00 f8 e3 a1 c3 d7 9b 26 45 ed 5e 7b 42 f8 e3 a1 c3 d7 9b 26 45 53 c5 7d 42 00 00 80 3e 00 00 00 00 00 00 00 00 08 cc 84 43",""
736,3542,"RPC","IN",122,2,"StopObject","id=122 bytes=2","a1 00",""
737,3542,"RPC","IN",99,42,"MoveObject","id=99 bytes=42","a1 00 f8 e3 a1 c3 d7 9b 26 45 ed 5e 7b 42 f8 e3 a1 c3 d7 9b 26 45 ed 5e 7b 42 00 00 80 3e 00 00 00 00 00 00 00 00 08 cc 84 43",""
738,3542,"RPC","IN",122,2,"StopObject","id=122 bytes=2","a1 00",""
739,3542,"RPC","IN",99,42,"MoveObject","id=99 bytes=42","a1 00 f8 e3 a1 c3 d7 9b 26 45 ed 5e 7b 42 f8 e3 a1 c3 d7 9b 26 45 53 c5 7d 42 00 00 80 3e 00 00 00 00 00 00 00 00 08 cc 84 43",""
740,3542,"RPC","IN",122,2,"StopObject","id=122 bytes=2","a1 00",""
741,3542,"RPC","IN",99,42,"MoveObject","id=99 bytes=42","a1 00 f8 e3 a1 c3 d7 9b 26 45 ed 5e 7b 42 f8 e3 a1 c3 d7 9b 26 45 ed 5e 7b 42 00 00 80 3e 00 00 00 00 00 00 00 00 08 cc 84 43",""
742,3543,"RPC","IN",122,2,"StopObject","id=122 bytes=2","a1 00",""
743,3543,"RPC","IN",99,42,"MoveObject","id=99 bytes=42","a1 00 f8 e3 a1 c3 d7 9b 26 45 ed 5e 7b 42 f8 e3 a1 c3 d7 9b 26 45 53 c5 7d 42 00 00 80 3e 00 00 00 00 00 00 00 00 08 cc 84 43",""
744,3543,"RPC","IN",122,2,"StopObject","id=122 bytes=2","a1 00",""
745,3543,"RPC","IN",99,42,"MoveObject","id=99 bytes=42","a1 00 f8 e3 a1 c3 d7 9b 26 45 ed 5e 7b 42 f8 e3 a1 c3 d7 9b 26 45 ed 5e 7b 42 00 00 80 3e 00 00 00 00 00 00 00 00 08 cc 84 43",""
746,3543,"RPC","IN",122,2,"StopObject","id=122 bytes=2","a1 00",""
747,3543,"RPC","IN",99,42,"MoveObject","id=99 bytes=42","a1 00 f8 e3 a1 c3 d7 9b 26 45 ed 5e 7b 42 f8 e3 a1 c3 d7 9b 26 45 53 c5 7d 42 00 00 80 3e 00 00 00 00 00 00 00 00 08 cc 84 43",""
748,3543,"RPC","IN",122,2,"StopObject","id=122 bytes=2","a1 00",""
749,3543,"RPC","IN",99,42,"MoveObject","id=99 bytes=42","a1 00 f8 e3 a1 c3 d7 9b 26 45 ed 5e 7b 42 f8 e3 a1 c3 d7 9b 26 45 ed 5e 7b 42 00 00 80 3e 00 00 00 00 00 00 00 00 08 cc 84 43",""
750,3544,"PACKET","IN",207,35,"PlayerSync","id=207 bytes=35","cf 46 00 02 00 04 95 e5 70 ce d4 09 91 63 ac de d0 80 00 00 00 02 f6 a7 c0 00 00 00 00 00 01 a5 04 08 80",""
751,3544,"PACKET","IN",207,45,"PlayerSync","id=207 bytes=45","cf 54 00 fa 7f f2 ff c0 00 01 c8 69 70 f6 e7 09 91 44 49 9f 50 80 00 00 00 02 db 4e c0 00 03 91 90 18 f5 af ca 85 1b fd fd a5 04 04 80",""
752,3573,"PACKET","IN",207,45,"PlayerSync","id=207 bytes=45","cf 4b 00 f5 7f e0 bf c2 00 02 d7 69 70 d8 16 09 91 4e cd df 90 84 00 00 00 02 96 db 80 00 03 4b 9b b0 f4 08 01 35 fb fd fd ac 04 64 80",""
753,3573,"PACKET","IN",207,35,"PlayerSync","id=207 bytes=35","cf 97 00 00 00 09 a6 25 b0 d5 fd 09 91 6c 24 9f 10 84 00 00 00 00 3b eb e8 00 00 00 00 00 01 28 00 04 11",""
754,3573,"PACKET","IN",207,45,"PlayerSync","id=207 bytes=45","cf 9e 00 97 80 62 7f c0 00 0c a6 e9 f0 ff 1f 89 d1 79 bf 9e d0 84 00 00 00 03 ae be 40 00 00 f1 b6 dc f5 98 07 86 4b fd fd a5 04 04 80",""
755,3574,"PACKET","IN",207,45,"PlayerSync","id=207 bytes=45","cf 4b 00 f5 7f e0 bf c2 00 14 20 a9 70 d2 96 09 91 56 50 df 90 84 00 00 00 02 76 df 80 00 03 7d a3 9c f4 14 02 bd f7 fd fd ac 04 64 80",""
756,3574,"PACKET","IN",207,45,"PlayerSync","id=207 bytes=45","cf 54 00 f9 7f f0 7f c0 00 30 86 a9 70 e5 e7 09 91 44 49 5f 50 80 00 00 00 03 07 0e c0 00 03 49 74 18 f4 df ed 61 77 fd fd a5 04 04 80",""
757,3574,"PACKET","IN",200,48,"VehicleSync","id=200 bytes=48","c8 76 00 30 00 3f 00 fc ff 08 00 30 10 26 50 4c 1b 72 60 69 1c 26 29 22 44 5d 86 47 d4 2b ea 81 13 f0 b0 0a d7 cf f7 f6 40 3d 00 03 7a c4 fa 84",""
758,3574,"PACKET","IN",207,45,"PlayerSync","id=207 bytes=45","cf 4b 00 f5 7f e0 bf c2 00 17 63 e9 70 cf 96 09 91 69 d1 df 90 84 00 00 00 00 26 e7 80 00 01 b1 9f 9c f4 34 01 2d f3 fd fd ac 04 64 80",""
759,3597,"PACKET","IN",207,45,"PlayerSync","id=207 bytes=45","cf 9e 00 94 80 61 ff c0 00 2e ab 69 f0 c7 5f c9 d1 6a 01 df 10 84 00 00 00 00 22 e6 40 00 01 f0 26 cc f4 c8 00 6a 1f fd fd a5 04 04 80",""
760,3598,"PACKET","OUT",207,69,"PlayerSync","id=207 bytes=69","cf 00 00 00 00 00 00 22 90 8d c3 0a 85 26 45 6a 86 7a 42 f5 21 4f 3f 00 00 00 00 00 00 00 00 89 70 16 3f 64 00 00 00 00 00 00 00 00 00 00 00 00 00 00 00 00 00 00 00 00 00 00 00 00 00 00 00 00 00 a5 04 04 80",""
761,3628,"PACKET","IN",207,45,"PlayerSync","id=207 bytes=45","cf 4b 00 f5 7f e0 bf c2 00 1c 66 e9 70 cb 56 09 91 6e 92 df 90 84 00 00 00 02 16 e7 80 00 01 31 97 9c f4 84 01 01 eb fd fd ac 04 64 80",""
762,3629,"PACKET","IN",207,45,"PlayerSync","id=207 bytes=45","cf 4b 00 f5 ff e0 bf c2 00 31 69 e9 70 c6 56 09 91 7a 93 df 90 84 00 00 00 01 1e e7 80 00 00 1a 5b b0 f4 a4 02 31 e7 fd fd ac 04 64 80",""
763,3629,"PACKET","IN",207,35,"PlayerSync","id=207 bytes=35","cf 9a 00 00 00 05 5a 28 30 df c8 49 d1 7b 67 1f 10 84 00 00 00 01 79 f3 c0 00 00 00 00 00 01 28 00 04 11",""
764,3629,"PACKET","IN",207,45,"PlayerSync","id=207 bytes=45","cf 4b 00 f5 ff e0 bf c2 00 24 ed 29 70 c1 56 09 91 50 95 1f 90 84 00 00 00 02 d6 e7 80 00 03 cb 1f d4 f4 94 03 99 e7 fd fd ac 04 64 80",""
765,3629,"PACKET","IN",207,45,"PlayerSync","id=207 bytes=45","cf 9e 00 92 00 61 bf c0 00 3a f0 69 f0 c0 1f c9 d1 5e 84 5f 10 84 00 00 00 02 22 fe 40 00 02 8b 62 cc f4 80 01 05 eb fd fd a5 04 04 80",""
766,3656,"PACKET","IN",207,45,"PlayerSync","id=207 bytes=45","cf 54 00 f8 ff ec bf c0 00 2f 42 e9 70 e8 27 09 91 4b 88 1f 50 80 00 00 00 02 9e 5e c0 00 03 20 e8 18 f5 7b f7 3a 67 fd fd a5 04 04 80",""
767,3656,"PACKET","IN",207,43,"PlayerSync","id=207 bytes=43","cf 63 00 60 3f c0 00 1d 82 63 b0 e5 7e 89 51 7a fb 1e 90 80 00 00 00 02 5a d3 80 00 03 84 fd c4 f7 fb fe 6a 03 fd fd ac 04 64 80",""
768,3656,"PACKET","IN",207,45,"PlayerSync","id=207 bytes=45","cf 4b 00 f5 ff e0 bf c2 00 1f b0 69 70 fb d5 c9 91 6a 96 1f 90 84 00 00 00 00 82 eb 80 00 03 6f d7 dc f4 b4 01 1d e7 fd fd ac 04 64 80",""
769,3656,"PACKET","IN",207,45,"PlayerSync","id=207 bytes=45","cf 54 00 f7 ff eb bf c0 00 0b c2 29 70 f1 27 09 91 62 07 9f 50 80 00 00 00 03 76 32 c0 00 01 db 38 5c f4 b7 e8 9e 9b fd fd a5 04 04 80",""
770,3657,"PACKET","IN",207,43,"PlayerSync","id=207 bytes=43","cf 63 00 60 3f c8 00 13 40 a3 b0 e5 be 89 51 53 fb 1e 90 80 00 00 00 02 5a d3 80 00 03 70 fd c4 f7 fb fe 6a 03 fd fd ac 04 64 80",""
771,3657,"PACKET","IN",200,48,"VehicleSync","id=200 bytes=48","c8 76 00 30 00 00 00 00 00 08 00 34 d0 29 70 4b fb 68 9c 59 5c 29 c9 12 44 5f 46 37 d4 2c 24 51 43 f0 50 0b 67 de f7 f6 40 3d 00 03 4c c2 fa 84",""
772,3657,"PACKET","IN",207,45,"PlayerSync","id=207 bytes=45","cf 9e 00 90 80 61 7f c0 00 3f 34 69 f0 f0 9f 89 d1 5d 06 5f 10 84 00 00 00 01 77 0e 40 00 01 a7 6e d0 f7 a8 02 c9 c3 fd fd a5 04 04 80",""
773,3684,"PACKET","IN",207,35,"PlayerSync","id=207 bytes=35","cf 46 00 02 00 04 95 e5 70 ce d4 09 91 63 2c de d0 80 00 00 00 02 f6 a7 c0 00 00 00 00 00 01 a5 04 08 80",""
774,3684,"PACKET","IN",207,35,"PlayerSync","id=207 bytes=35","cf 49 00 00 00 05 d5 25 b0 dd 8f 09 d1 6c 24 9f 10 80 00 00 00 01 eb 77 c0 00 00 00 00 00 01 28 00 04 11",""
775,3684,"PACKET","IN",207,45,"PlayerSync","id=207 bytes=45","cf 4b 00 f5 ff e0 bf c2 00 26 b3 a9 70 f5 d5 c9 91 4a 97 5f 90 84 00 00 00 02 2e eb 80 00 00 6b 17 ec f4 d4 02 a9 e3 fd fd ac 04 64 80",""
776,3685,"PACKET","IN",207,45,"PlayerSync","id=207 bytes=45","cf 54 00 f7 ff eb 3f c0 00 09 41 69 70 fb a7 09 91 7d 87 1f 50 80 00 00 00 00 8e 0e c0 00 02 42 1c 68 f6 7b d5 f2 cb fd fd a5 04 04 80",""
777,3685,"PACKET","IN",207,45,"PlayerSync","id=207 bytes=45","cf 4b 00 f6 ff e0 bf c2 00 2e b6 e9 70 ef 55 c9 91 6c 98 5f 90 84 00 00 00 02 62 e7 80 00 03 dc d3 f0 f4 fc 00 3d e3 fd fd ac 04 64 80",""
778,3685,"PACKET","IN",207,45,"PlayerSync","id=207 bytes=45","cf 54 00 f7 ff ea bf c0 00 1a 80 a9 70 c7 67 49 91 5a c6 df 50 80 00 00 00 03 15 e6 c0 00 03 f9 fc 68 f6 7f c3 46 f3 fd fd a5 04 04 80",""
779,3685,"PACKET","IN",207,45,"PlayerSync","id=207 bytes=45","cf 9e 00 8f 80 61 3f c0 00 27 78 69 f0 db 9f 89 d1 54 88 5f 10 84 00 00 00 03 33 16 40 00 01 10 3a c8 f7 00 07 99 ab fd fd a5 04 04 80",""
780,3708,"PACKET","IN",207,35,"PlayerSync","id=207 bytes=35","cf 1a 00 00 00 37 65 23 70 da 69 09 91 4b 21 de 90 80 00 00 00 00 b3 19 80 00 00 00 00 00 01 28 00 04 11",""
781,3708,"PACKET","IN",207,45,"PlayerSync","id=207 bytes=45","cf 4b 00 f6 ff e0 bf c2 00 39 ba 29 70 e9 d5 c9 91 61 da 1f 90 84 00 00 00 00 06 eb 80 00 03 d7 e3 f0 f4 ac 01 c1 e7 fd fd ac 04 64 80",""
782,3708,"PACKET","IN",207,45,"PlayerSync","id=207 bytes=45","cf 54 00 f7 7f e9 ff c0 00 35 3f e9 30 d4 e7 49 91 74 46 5f 50 80 00 00 00 00 ed c2 c0 00 03 21 e4 68 f4 73 ac 4b 1b fd fd a5 04 04 80",""
783,3709,"PACKET","IN",207,45,"PlayerSync","id=207 bytes=45","cf 54 00 f7 7f e9 bf c0 00 09 ff 69 30 e5 a7 49 91 7f c5 df 50 80 00 00 00 02 19 96 c0 00 02 05 d0 68 f7 7b 93 2b 3b fd fd a5 04 04 80",""
784,3734,"PACKET","IN",207,45,"PlayerSync","id=207 bytes=45","cf 4b 00 f6 ff e0 bf c2 00 01 00 e9 b0 dd d5 c9 91 5b 9d df 90 84 00 00 00 03 42 eb 80 00 01 b4 ab e8 f4 f0 01 01 e3 fd fd ac 04 64 80",""
785,3734,"PACKET","IN",207,35,"PlayerSync","id=207 bytes=35","cf 51 00 00 00 30 e3 68 30 f6 0c 09 d1 7b 67 1f 10 84 00 00 00 02 e7 67 c0 00 00 00 00 00 01 28 00 04 11",""
786,3734,"PACKET","IN",207,45,"PlayerSync","id=207 bytes=45","cf 54 00 f7 7f e9 7f c0 00 18 7e a9 30 fa a7 49 91 79 c5 5f 50 80 00 00 00 01 01 66 c0 00 00 09 c0 68 f4 cb 76 ef 5f fd fd a5 04 04 80",""
787,3734,"PACKET","IN",207,35,"PlayerSync","id=207 bytes=35","cf 7e 00 00 00 11 42 a6 f0 c0 4b 89 d1 7b 67 1f 10 84 00 00 00 00 c6 1b 94 00 00 00 00 00 01 a5 04 e8 80",""
788,3734,"PACKET","IN",207,43,"PlayerSync","id=207 bytes=43","cf 63 00 60 3f c8 00 1f 37 e3 70 f3 fe 89 51 7c ba 1e 90 80 00 00 00 00 0a 7b 80 00 01 cf ab d8 f7 bb f9 e6 43 fd fd ac 04 64 80",""
789,3734,"PACKET","IN",200,48,"VehicleSync","id=200 bytes=48","c8 76 00 30 00 00 00 00 00 08 00 3e d0 16 d0 45 3b 66 6a 29 ac 2f f9 02 44 5d 86 27 d4 22 2e 41 63 f0 30 01 77 ef 47 f6 40 3d 00 02 f8 c2 fa 84",""
790,3761,"PACKET","OUT",205,9,"UNKNOWN_PACKET","id=205 bytes=9","cd b8 4a 04 00 00 00 00 00",""
791,3787,"PACKET","IN",207,45,"PlayerSync","id=207 bytes=45","cf 54 00 f7 7f e9 3f c0 00 3d fd e9 30 d0 e7 89 91 76 04 df 50 80 00 00 00 00 85 36 c0 00 03 01 b0 68 f6 9b 4f 87 83 fd fd a5 04 04 80",""
792,3787,"PACKET","IN",207,35,"PlayerSync","id=207 bytes=35","cf 53 00 00 00 1d d4 e5 b0 ff cc 49 d1 6c e4 9f 10 80 00 00 00 03 52 2a c0 00 00 00 00 00 01 a5 04 04 80",""
793,3787,"PACKET","IN",207,35,"PlayerSync","id=207 bytes=35","cf 29 00 00 00 2e 09 a5 b0 d1 c9 c9 d1 6c 24 9f 10 80 00 00 00 01 7d 63 c0 00 00 00 00 00 01 28 00 04 11",""
794,3787,"PACKET","IN",207,45,"PlayerSync","id=207 bytes=45","cf 4b 00 f6 ff e0 bf c2 00 1c 87 29 b0 d0 15 c9 91 43 21 9f 90 84 00 00 00 02 62 ef 80 00 01 a7 1f c4 f5 3c 00 61 df fd fd ac 04 64 80",""
795,3787,"PACKET","IN",203,34,"AimSync","id=203 bytes=34","cb 4b 00 04 b1 d2 7e bf 88 5d 91 3d 8b b6 83 bd bd 5a a4 c3 5a 53 26 45 79 e9 80 42 00 00 00 00 3f 36",""
796,3788,"PACKET","IN",207,45,"PlayerSync","id=207 bytes=45","cf 9e 00 90 80 61 7f c0 00 07 02 ea 30 d7 df 49 d1 58 cd 9f 10 84 00 00 00 01 2b 16 40 00 01 0e 4e 70 f6 c0 0b 91 97 fd fd a5 04 04 80",""
797,3788,"PACKET","IN",207,45,"PlayerSync","id=207 bytes=45","cf 4b 00 f6 ff e0 bf c2 00 36 8a 29 b0 c8 d5 c9 91 4d a3 5f 90 84 00 00 00 03 ea ef 80 00 02 b6 9b b8 f5 64 02 19 db fd fd ac 04 64 80",""
798,3788,"PACKET","IN",207,43,"PlayerSync","id=207 bytes=43","cf 63 00 60 3f c0 00 0a ed 63 70 e9 7f 09 51 73 78 5e 90 80 00 00 00 01 a9 db 80 00 00 58 1f f4 f6 bb d2 72 d3 fd fd ac 04 64 80",""
799,3788,"PACKET","IN",207,45,"PlayerSync","id=207 bytes=45","cf 9e 00 91 80 61 7f c0 00 25 46 aa 30 c0 1f 49 d1 4e 0f 9f 10 84 00 00 00 03 7f 0e 40 00 01 c6 2e 7c f5 1c 0b cd 9f fd fd a5 04 04 80",""
800,3788,"RPC","IN",105,19,"TextDrawSetString","id=105 bytes=19","2f 01 0f 00 30 39 20 41 67 75 73 74 75 73 20 32 30 32 36",""
801,3788,"RPC","IN",105,12,"TextDrawSetString","id=105 bytes=12","30 01 08 00 31 31 3a 35 35 3a 35 38",""
802,3821,"PACKET","IN",207,45,"PlayerSync","id=207 bytes=45","cf 4b 00 f7 7f e0 bf c2 00 3f 0d 29 b0 c1 15 c9 91 50 25 1f 90 84 00 00 00 02 ba ef 80 00 02 89 93 a4 f5 90 03 d9 d7 fd fd ac 04 64 80",""
803,3822,"PACKET","IN",207,41,"PlayerSync","id=207 bytes=41","cf 54 00 00 00 3d 3c 69 30 ef 27 c9 91 5e 83 1f 50 80 00 00 00 03 34 6a c0 00 02 67 bb e8 f3 3e aa 7f e3 fd fd a5 04 04 80",""
804,3822,"PACKET","IN",203,34,"AimSync","id=203 bytes=34","cb 54 00 04 85 b2 3a be cb 25 76 3f bf 7a 52 be 5e da a4 c3 c1 8c 26 45 eb 33 80 42 00 00 00 00 3f 36",""
805,3822,"PACKET","IN",207,45,"PlayerSync","id=207 bytes=45","cf 4b 00 f7 7f e0 bf c2 00 38 d0 29 b0 f9 d5 89 91 48 a6 df 90 84 00 00 00 00 36 f3 80 00 03 2b 9f 90 f5 70 01 99 db fd fd ac 04 64 80",""
806,3822,"PACKET","IN",200,48,"VehicleSync","id=200 bytes=48","c8 76 00 30 00 00 00 00 00 08 00 3c f0 06 10 41 eb 6a d9 79 fc 26 f9 02 44 50 26 57 d4 29 b7 b1 93 f0 30 04 97 e5 e8 06 40 3d 00 02 aa c8 fa 84",""
807,3846,"PACKET","IN",207,35,"PlayerSync","id=207 bytes=35","cf 0b 00 00 00 1a fc 26 b0 c0 43 09 d1 7b 67 1f 10 84 00 00 00 03 32 4b c0 00 00 00 00 00 01 28 00 04 11",""
808,3846,"PACKET","IN",207,45,"PlayerSync","id=207 bytes=45","cf 9e 00 92 80 61 bf c0 00 17 ca aa 30 ea 1f 09 d1 4b 11 9f 10 84 00 00 00 00 57 0a 40 00 01 9b 02 b0 f7 88 04 7d ab fd fd a5 04 04 80",""
809,3847,"PACKET","IN",207,45,"PlayerSync","id=207 bytes=45","cf 4b 00 f7 7f e0 bf c2 00 19 d3 29 b0 f2 95 89 91 74 28 5f 90 84 00 00 00 01 a6 f3 80 00 02 19 b3 74 f5 9c 03 6d d7 fd fd ac 04 64 80",""
810,3871,"PACKET","IN",207,45,"PlayerSync","id=207 bytes=45","cf 4b 00 f7 ff e0 bf c2 00 3d 15 e9 b0 ea d5 89 91 62 6a 1f 90 84 00 00 00 00 62 f3 80 00 00 c9 4f 78 f5 c8 01 49 d7 fd fd ac 04 64 80",""
811,3871,"PACKET","IN",207,43,"PlayerSync","id=207 bytes=43","cf 63 00 60 3f c0 00 29 a4 23 70 e4 00 09 91 44 b5 de 90 80 00 00 00 02 d9 fb 80 00 02 ed 55 e0 f7 fd ff ff ff fd fd ac 04 64 80",""
812,3872,"PACKET","IN",207,35,"PlayerSync","id=207 bytes=35","cf 1c 00 00 00 2d 02 a6 f0 e0 10 09 d1 7b 67 1f 10 84 00 00 00 00 15 5f 00 00 00 00 00 00 01 28 00 04 11",""
813,3872,"PACKET","IN",207,45,"PlayerSync","id=207 bytes=45","cf 4b 00 f7 ff e0 bf c2 00 25 98 e9 b0 e3 55 89 91 52 ab df 90 84 00 00 00 01 c6 f3 80 00 00 d7 47 7c f5 a0 03 29 d7 fd fd ac 04 64 80",""
814,3872,"PACKET","IN",207,41,"PlayerSync","id=207 bytes=41","cf 54 00 00 00 19 7c 69 30 c9 28 49 91 45 41 df 50 84 00 00 00 01 50 82 c0 00 00 2c d6 c8 f2 35 bb 37 fb fd fd a5 04 04 80",""
815,3904,"PACKET","IN",207,45,"PlayerSync","id=207 bytes=45","cf 4b 00 f7 ff e0 bf c2 00 19 db e9 b0 db 55 89 91 4b 2d 9f 90 84 00 00 00 03 22 f3 80 00 01 35 d3 8c f5 cc 01 1d d7 fd fd ac 04 64 80",""
816,3905,"PACKET","IN",207,35,"PlayerSync","id=207 bytes=35","cf 70 00 00 00 23 1c 6a 70 ef f1 c9 91 61 b3 df 90 80 00 00 00 02 93 6f 00 00 00 00 00 00 01 00 00 00 80",""
817,3905,"PACKET","IN",207,35,"PlayerSync","id=207 bytes=35","cf 94 00 00 00 10 3e 66 b0 ef 39 c9 91 7b 67 1f 10 84 00 00 00 02 9a 53 c0 00 00 00 00 00 01 28 00 04 11",""
818,3905,"PACKET","IN",207,45,"PlayerSync","id=207 bytes=45","cf 9e 00 94 00 61 ff c0 00 1c 94 2a 30 fd 1e c9 d1 4e 16 5f 10 84 00 00 00 03 aa fa 40 00 03 d0 3e e8 f5 4c 06 75 b7 fd fd a5 04 04 80",""
819,3905,"RPC","IN",86,27,"ApplyPlayerAnimation","id=86 bytes=27","1f 00 07 42 44 5f 46 49 52 45 07 77 61 73 68 5f 75 70 33 33 83 40 80 00 00 00 00",""
820,3905,"PACKET","IN",200,48,"VehicleSync","id=200 bytes=48","c8 76 00 30 00 00 00 00 00 08 00 79 90 08 f0 30 ab 6d f9 5a 4c 2e 48 f2 44 5e b7 87 d4 2f bf c1 b3 f0 40 05 77 e5 08 16 40 3d 00 03 3e f0 fa 84",""
821,3906,"PACKET","IN",203,34,"AimSync","id=203 bytes=34","cb 76 00 12 4f f4 7c bf 79 70 00 bd 61 2d 1a be b1 b0 99 c2 83 92 24 45 97 70 81 42 00 00 00 00 0d ff",""
822,3906,"PACKET","OUT",207,69,"PlayerSync","id=207 bytes=69","cf 00 00 00 00 00 04 22 90 8d c3 0a 85 26 45 6a 86 7a 42 f5 21 4f 3f 00 00 00 00 00 00 00 00 89 70 16 3f 64 00 00 00 00 00 00 00 00 00 00 00 00 00 00 00 00 00 00 00 00 00 00 00 00 00 00 00 00 00 a5 04 04 80",""
823,3921,"PACKET","OUT",203,32,"AimSync","id=203 bytes=32","cb 00 00 00 39 05 00 00 00 00 00 00 00 00 00 00 00 40 01 00 00 00 80 3f 00 00 f3 04 b5 3f 39 05",""
824,3933,"PACKET","IN",207,45,"PlayerSync","id=207 bytes=45","cf 4b 00 f8 7f e0 bf c2 00 3e 61 e9 b0 ca 95 89 91 5f 31 1f 90 84 00 00 00 03 12 f3 80 00 01 f9 6b bc f5 cc 01 21 d7 fd fd ac 04 64 80",""
825,3934,"PACKET","IN",207,45,"PlayerSync","id=207 bytes=45","cf 4b 00 f8 7f e0 bf c2 00 39 e5 29 b0 c1 95 89 91 41 f3 1f 90 84 00 00 00 00 5e f7 80 00 03 bb c7 e0 f5 f4 03 31 d3 fd fd ac 04 64 80",""
826,3934,"PACKET","IN",207,45,"PlayerSync","id=207 bytes=45","cf 9e 00 95 80 62 3f c0 00 28 58 2a 30 ee 5e c9 d1 4f 98 5f 10 84 00 00 00 00 96 f2 40 00 02 83 2a c8 f7 3c 02 75 c7 fd fd a5 04 04 80",""
827,3959,"RPC","IN",134,80,"ShowTextDraw","id=134 bytes=80","f0 00 13 9a 99 19 3f 00 00 00 40 00 00 00 66 00 00 cc 42 00 00 a0 41 00 00 00 32 00 01 00 00 00 66 04 00 00 00 59 43 00 00 b8 43 00 00 00 00 00 00 00 00 00 00 00 00 00 00 00 00 80 3f ff ff ff ff 0d 00 6c 64 5f 64 75 61 6c 3a 77 68 69 74 65",""
828,3959,"RPC","IN",134,80,"ShowTextDraw","id=134 bytes=80","2c 08 11 9a 99 19 3f 00 00 00 40 1a ff 00 aa 5c 8f 82 3f 00 00 a0 41 00 00 00 32 00 01 00 00 00 ff 04 00 00 00 59 43 00 00 b8 43 00 00 00 00 00 00 00 00 00 00 00 00 00 00 00 00 80 3f ff ff ff ff 0d 00 6c 64 5f 64 75 61 6c 3a 77 68 69 74 65",""
829,3959,"RPC","IN",134,76,"ShowTextDraw","id=134 bytes=76","2d 08 18 56 99 59 3e 33 33 b3 3f ff ff ff e6 00 00 a0 44 00 00 a0 44 00 00 00 32 00 00 00 00 00 ff 01 00 00 00 86 43 00 c0 b9 43 00 00 00 00 00 00 00 00 00 00 00 00 00 00 00 00 80 3f ff ff ff ff 09 00 4d 45 4e 47 41 4d 42 49 4c",""
830,3959,"RPC","IN",86,27,"ApplyPlayerAnimation","id=86 bytes=27","1e 00 07 42 44 5f 46 49 52 45 07 77 61 73 68 5f 75 70 33 33 83 40 80 00 00 00 00",""
831,3959,"RPC","IN",135,2,"HideTextDraw","id=135 bytes=2","4d 00",""
832,3959,"RPC","IN",135,2,"HideTextDraw","id=135 bytes=2","4e 00",""
833,3959,"RPC","IN",135,2,"HideTextDraw","id=135 bytes=2","4f 00",""
834,3960,"RPC","IN",135,2,"HideTextDraw","id=135 bytes=2","2b 08",""
835,3960,"PACKET","IN",207,41,"PlayerSync","id=207 bytes=41","cf 54 00 00 00 35 3c e9 30 c0 28 89 91 6a 81 1f 50 84 00 00 00 01 b0 c2 c0 00 00 fc 59 60 f1 c9 43 5b db fd fd a5 04 04 80",""
836,3960,"PACKET","IN",207,43,"PlayerSync","id=207 bytes=43","cf 63 00 60 3f c0 00 29 a4 23 70 d5 01 49 91 70 b3 5e 90 80 00 00 00 02 d9 fb 80 00 00 ce 72 88 f7 fd ff ff ff fd fd ac 04 64 80",""
837,3960,"PACKET","IN",207,45,"PlayerSync","id=207 bytes=45","cf 4b 00 f8 7f e0 bf c2 00 3f e8 69 b0 f8 15 49 91 6c 34 df 90 84 00 00 00 01 a2 f7 80 00 00 24 b3 f0 f6 20 01 4d d3 fd fd ac 04 64 80",""
838,3960,"PACKET","IN",207,45,"PlayerSync","id=207 bytes=45","cf 9e 00 96 00 62 3f c0 00 2b 9c 2a 30 e4 1e c9 d1 48 1a 5f 10 84 00 00 00 03 42 ea 40 00 02 c2 2a ac f5 a4 02 dd d7 fd fd a5 04 04 80",""
839,3984,"PACKET","IN",207,35,"PlayerSync","id=207 bytes=35","cf 1f 00 00 00 20 66 e8 30 c3 bc c9 91 7b 67 1f 10 84 00 00 00 00 97 53 00 00 00 00 00 00 01 28 00 04 11",""
840,3984,"PACKET","IN",203,34,"AimSync","id=203 bytes=34","cb 1f 00 04 c8 dd 2b be 82 ff 7b bf d2 b3 5a bd 5a 7c a0 c3 e4 09 27 45 a3 52 7f 42 00 00 00 00 3f 44",""
841,3985,"PACKET","IN",207,35,"PlayerSync","id=207 bytes=35","cf 46 00 02 00 04 95 e5 70 ce d4 09 91 63 ac de d0 80 00 00 00 02 f6 a7 c0 00 00 00 00 00 01 a5 04 08 80",""
842,3985,"PACKET","IN",207,45,"PlayerSync","id=207 bytes=45","cf 4b 00 f8 7f e0 bf c2 00 16 eb e9 b0 ed d5 49 91 62 36 df 90 84 00 00 00 02 e2 f7 80 00 01 e6 a0 00 fa 4c 03 6d cf fd fd ac 04 64 80",""
843,3985,"PACKET","IN",200,48,"VehicleSync","id=200 bytes=48","c8 76 00 30 00 00 00 00 00 08 00 7d 50 05 b0 20 8b 67 6a 2a 8c 27 88 f2 44 51 f8 d7 d4 23 0f e1 d3 f0 30 06 77 ef f8 06 40 3d 00 03 e9 18 fa 84",""
844,3985,"RPC","IN",86,27,"ApplyPlayerAnimation","id=86 bytes=27","7c 00 07 42 44 5f 46 49 52 45 07 77 61 73 68 5f 75 70 33 33 83 40 80 00 00 00 00",""
845,3986,"PACKET","OUT",207,69,"PlayerSync","id=207 bytes=69","cf 00 00 00 00 00 04 22 90 8d c3 0a 85 26 45 6a 86 7a 42 f5 21 4f 3f 00 00 00 00 00 00 00 00 89 70 16 3f 64 00 00 00 00 00 00 00 00 00 00 00 00 00 00 00 00 00 00 00 00 00 00 00 00 00 00 00 00 00 28 00 04 11",""
846,4015,"PACKET","IN",207,45,"PlayerSync","id=207 bytes=45","cf 4b 00 f8 7f e0 bf c2 00 2d af 29 b0 e3 55 49 91 58 b8 df 90 84 00 00 00 00 1e fb 80 00 00 0e a0 00 fa 7c 01 91 cf fd fd ac 04 64 80",""
847,4015,"PACKET","IN",207,45,"PlayerSync","id=207 bytes=45","cf 9e 00 96 80 62 7f c0 00 2a a0 6a 30 db 5e c9 d1 5b 9c 5f 10 84 00 00 00 00 be e6 40 00 00 d6 c2 9c f5 14 02 ad df fd fd a5 04 04 80",""
848,4016,"RPC","IN",72,6,"SetPlayerColor","id=72 bytes=6","2a 00 aa 00 00 ff",""
849,4016,"PACKET","IN",207,45,"PlayerSync","id=207 bytes=45","cf 4b 00 f8 7f e0 bf c2 00 03 f2 a9 b0 d8 55 49 91 51 3a df 90 84 00 00 00 01 5e fb 80 00 02 9e 9c 00 fa ac 03 b9 cb fd fd ac 04 64 80",""
850,4016,"PACKET","IN",207,45,"PlayerSync","id=207 bytes=45","cf 9e 00 97 00 62 7f c0 00 06 e4 2a 30 d5 de c9 d1 5d 5e 1f 10 84 00 00 00 02 9e de 40 00 03 f1 7a 9c f4 8c 00 25 eb fd fd a5 04 04 80",""
851,4045,"PACKET","IN",207,45,"PlayerSync","id=207 bytes=45","cf 4b 00 f9 7f e0 7f c2 00 11 f5 e9 b0 cd 15 49 91 45 fc df 90 84 00 00 00 00 ee f7 80 00 03 c3 df f8 f6 dc 01 e5 cb fd fd ac 04 64 80",""
852,4046,"PACKET","IN",207,41,"PlayerSync","id=207 bytes=41","cf 54 00 00 00 0f bd 69 30 dc 68 89 91 5e 40 df 50 84 00 00 00 01 b0 c2 c0 00 03 00 11 5c ed c9 43 5b db fd fd a5 04 04 80",""
853,4046,"PACKET","IN",207,35,"PlayerSync","id=207 bytes=35","cf 60 00 00 00 25 ca e3 30 e5 e0 49 91 6f df 1e 90 84 00 00 00 00 ae f9 c0 00 00 00 00 00 01 28 00 04 11",""
854,4046,"PACKET","IN",207,43,"PlayerSync","id=207 bytes=43","cf 63 00 60 3f c0 00 29 a4 23 70 df 02 49 91 68 f1 5e 90 80 00 00 00 02 d9 fb 80 00 00 25 3d 88 f7 fd ff ff ff fd fd ac 04 64 80",""
855,4046,"PACKET","IN",207,45,"PlayerSync","id=207 bytes=45","cf 4b 00 f9 ff e0 7f c2 00 15 f9 29 b0 c3 55 49 91 6f fe 9f 90 84 00 00 00 03 7a f3 80 00 01 d5 57 ec f6 34 00 75 d3 fd fd ac 04 64 80",""
856,4046,"PACKET","IN",207,35,"PlayerSync","id=207 bytes=35","cf 7c 00 00 00 03 66 28 30 f1 c4 49 d1 7b 67 1f 10 84 00 00 00 01 fe 49 80 00 00 00 00 00 01 28 00 04 11",""
857,4046,"PACKET","IN",207,45,"PlayerSync","id=207 bytes=45","cf 9e 00 98 00 62 bf c0 00 0b e7 aa 30 d2 9e c9 d1 51 9f df 10 84 00 00 00 00 c6 d6 40 00 03 e7 7a 98 f4 38 00 f1 f3 fd fd a5 04 04 80",""
858,4046,"PACKET","IN",200,48,"VehicleSync","id=200 bytes=48","c8 76 00 30 00 00 00 00 00 08 00 7a 40 0c 60 10 ab 6e bc 5a dc 2f b8 e2 44 5a c9 07 d4 2a 78 82 03 f0 20 08 37 ea b7 f6 40 3d 00 03 25 20 fa 84",""
859,4047,"PACKET","IN",200,38,"VehicleSync","id=200 bytes=38","c8 92 00 2a 00 00 00 11 00 00 00 00 b0 62 e0 9e 9e ce 32 fb ec 3f 6d a2 84 51 5d 57 b4 20 00 00 00 0c e0 39 00 00",""
860,4047,"PACKET","IN",203,34,"AimSync","id=203 bytes=34","cb 92 00 12 2a a8 4b 3f 5a 1c 13 bf 7c b4 44 be af c5 c1 c3 d5 2d 29 45 cd 6c 85 42 00 00 00 00 3f 37",""
861,4074,"PACKET","IN",207,45,"PlayerSync","id=207 bytes=45","cf 4b 00 f9 ff e0 7f c2 00 0e bc 69 b0 fa 15 09 91 52 00 9f d0 84 00 00 00 00 b2 f7 80 00 01 90 27 e0 f6 00 02 9d d3 fd fd ac 04 64 80",""
862,4074,"PACKET","IN",207,35,"PlayerSync","id=207 bytes=35","cf 85 00 00 00 2b 0b 62 b0 d7 e8 c9 91 50 59 de 90 84 00 00 00 03 a8 31 80 00 00 00 00 00 01 28 00 04 11",""
863,4075,"PACKET","IN",203,34,"AimSync","id=203 bytes=34","cb 85 00 04 45 97 95 bd 2c 65 77 3f 51 69 7c be 8c 19 8a c3 14 82 26 45 29 ed 7e 42 00 00 00 00 3f c6",""
864,4075,"PACKET","IN",207,45,"PlayerSync","id=207 bytes=45","cf 4b 00 fb 7f e0 7f c2 00 35 bf 69 b0 f0 d5 09 91 6a 02 5f d0 84 00 00 00 01 c6 ef 80 00 03 2f d3 c8 f6 2c 00 cd d3 fd fd ac 04 64 80",""
865,4075,"PACKET","OUT",207,69,"PlayerSync","id=207 bytes=69","cf 00 00 00 00 00 00 22 90 8d c3 0a 85 26 45 6a 86 7a 42 f5 21 4f 3f 00 00 00 00 00 00 00 00 89 70 16 3f 64 00 00 00 00 00 00 00 00 00 00 00 00 00 00 00 00 00 00 00 00 00 00 00 00 00 00 00 00 00 28 00 04 11",""
866,4102,"MARKER","",-1,0,"ALT","","","ALT"
867,4106,"PACKET","IN",207,45,"PlayerSync","id=207 bytes=45","cf 4b 00 fb 7f e0 7f c2 00 34 82 a9 f0 e9 55 09 91 49 c4 5f d0 84 00 00 00 02 ee ef 80 00 01 5d e3 c0 f5 54 02 fd db fd fd ac 04 64 80",""
868,4107,"PACKET","IN",207,45,"PlayerSync","id=207 bytes=45","cf 9e 00 98 80 62 bf c0 00 03 71 2a 30 d3 5e c9 d1 5c e4 5f 10 84 00 00 00 02 b2 ca 40 00 02 7c 56 c0 f4 04 00 22 07 fd fd a5 04 04 80",""
869,4130,"PACKET","IN",207,43,"PlayerSync","id=207 bytes=43","cf 63 00 60 3f c0 00 29 a4 23 70 cb c3 89 91 5d 2f 1e 90 80 00 00 00 03 41 e7 80 00 00 82 be 6c f7 fd ff ff ff fd fd ac 04 64 80",""
870,4131,"RPC","IN",87,2,"ClearPlayerAnimation","id=87 bytes=2","51 00",""
871,4131,"RPC","IN",86,29,"ApplyPlayerAnimation","id=86 bytes=29","51 00 05 43 41 52 52 59 0b 63 72 72 79 5f 70 72 74 69 61 6c 33 33 83 40 00 00 00 00 00",""
872,4131,"PACKET","IN",207,35,"PlayerSync","id=207 bytes=35","cf 3d 00 00 00 39 94 e5 b0 e4 03 c9 d1 6c 24 9f 10 80 00 00 00 02 af cd c0 00 00 00 00 00 01 28 00 04 11",""
873,4132,"PACKET","IN",207,45,"PlayerSync","id=207 bytes=45","cf 4b 00 fb 7f e0 7f c2 00 19 47 29 f0 de 95 09 91 54 86 df d0 84 00 00 00 00 16 f3 80 00 02 53 f3 b0 f5 74 01 49 db fd fd ac 04 64 80",""
874,4132,"PACKET","IN",207,45,"PlayerSync","id=207 bytes=45","cf 54 00 ff 7f fa 3f c0 00 33 fd e9 30 e2 a8 c9 91 4d 80 1f 50 84 00 00 00 03 08 82 c0 00 02 89 00 18 f6 79 85 5b f3 fd fd a5 04 04 80",""
875,4132,"PACKET","IN",200,48,"VehicleSync","id=200 bytes=48","c8 76 00 30 00 ff ff ad ff 08 00 72 d0 00 70 20 ab 6d 3f cb 2c 28 38 e2 44 5d c8 67 d4 24 31 12 33 f0 20 09 47 e9 77 f6 40 3d 00 03 a3 0c fa 84",""
876,4162,"PACKET","IN",207,35,"PlayerSync","id=207 bytes=35","cf 46 00 02 00 04 95 e5 70 ce d4 09 91 63 2c de d0 80 00 00 00 02 f6 a7 c0 00 00 00 00 00 01 a5 04 08 80",""
877,4162,"PACKET","IN",207,45,"PlayerSync","id=207 bytes=45","cf 4b 00 fd ff e0 7f c0 00 2d 8b 69 f0 d3 95 09 91 57 89 5f d0 84 00 00 00 03 e2 e3 80 00 02 92 47 9c f5 98 03 95 d7 fd fd ac 04 64 80",""
878,4162,"RPC","IN",63,4,"DestroyPickup","id=63 bytes=4","10 00 00 00",""
879,4162,"RPC","IN",63,4,"DestroyPickup","id=63 bytes=4","08 00 00 00",""
880,4162,"RPC","IN",99,42,"MoveObject","id=99 bytes=42","a1 00 f8 e3 a1 c3 d7 9b 26 45 ed 5e 7b 42 f8 e3 a1 c3 d7 9b 26 45 53 c5 7d 42 00 00 80 3e 00 00 00 00 00 00 00 00 08 cc 84 43",""
881,4162,"RPC","IN",122,2,"StopObject","id=122 bytes=2","a1 00",""
882,4163,"RPC","IN",99,42,"MoveObject","id=99 bytes=42","a1 00 f8 e3 a1 c3 d7 9b 26 45 ed 5e 7b 42 f8 e3 a1 c3 d7 9b 26 45 ed 5e 7b 42 00 00 80 3e 00 00 00 00 00 00 00 00 08 cc 84 43",""
883,4163,"RPC","IN",122,2,"StopObject","id=122 bytes=2","a1 00",""
884,4163,"RPC","IN",99,42,"MoveObject","id=99 bytes=42","a1 00 f8 e3 a1 c3 d7 9b 26 45 ed 5e 7b 42 f8 e3 a1 c3 d7 9b 26 45 53 c5 7d 42 00 00 80 3e 00 00 00 00 00 00 00 00 08 cc 84 43",""
885,4163,"RPC","IN",122,2,"StopObject","id=122 bytes=2","a1 00",""
886,4163,"RPC","IN",99,42,"MoveObject","id=99 bytes=42","a1 00 f8 e3 a1 c3 d7 9b 26 45 ed 5e 7b 42 f8 e3 a1 c3 d7 9b 26 45 ed 5e 7b 42 00 00 80 3e 00 00 00 00 00 00 00 00 08 cc 84 43",""
887,4163,"RPC","IN",122,2,"StopObject","id=122 bytes=2","a1 00",""
888,4163,"RPC","IN",99,42,"MoveObject","id=99 bytes=42","a1 00 f8 e3 a1 c3 d7 9b 26 45 ed 5e 7b 42 f8 e3 a1 c3 d7 9b 26 45 53 c5 7d 42 00 00 80 3e 00 00 00 00 00 00 00 00 08 cc 84 43",""
889,4163,"RPC","IN",122,2,"StopObject","id=122 bytes=2","a1 00",""
890,4163,"RPC","IN",99,42,"MoveObject","id=99 bytes=42","a1 00 f8 e3 a1 c3 d7 9b 26 45 ed 5e 7b 42 f8 e3 a1 c3 d7 9b 26 45 ed 5e 7b 42 00 00 80 3e 00 00 00 00 00 00 00 00 08 cc 84 43",""
891,4163,"RPC","IN",122,2,"StopObject","id=122 bytes=2","a1 00",""
892,4163,"RPC","IN",99,42,"MoveObject","id=99 bytes=42","a1 00 f8 e3 a1 c3 d7 9b 26 45 ed 5e 7b 42 f8 e3 a1 c3 d7 9b 26 45 53 c5 7d 42 00 00 80 3e 00 00 00 00 00 00 00 00 08 cc 84 43",""
893,4163,"RPC","IN",122,2,"StopObject","id=122 bytes=2","a1 00",""
894,4163,"RPC","IN",99,42,"MoveObject","id=99 bytes=42","a1 00 f8 e3 a1 c3 d7 9b 26 45 ed 5e 7b 42 f8 e3 a1 c3 d7 9b 26 45 ed 5e 7b 42 00 00 80 3e 00 00 00 00 00 00 00 00 08 cc 84 43",""
895,4164,"RPC","IN",122,2,"StopObject","id=122 bytes=2","a1 00",""
896,4164,"RPC","IN",99,42,"MoveObject","id=99 bytes=42","a1 00 f8 e3 a1 c3 d7 9b 26 45 ed 5e 7b 42 f8 e3 a1 c3 d7 9b 26 45 53 c5 7d 42 00 00 80 3e 00 00 00 00 00 00 00 00 08 cc 84 43",""
897,4164,"RPC","IN",122,2,"StopObject","id=122 bytes=2","a1 00",""
898,4164,"RPC","IN",99,42,"MoveObject","id=99 bytes=42","a1 00 f8 e3 a1 c3 d7 9b 26 45 ed 5e 7b 42 f8 e3 a1 c3 d7 9b 26 45 ed 5e 7b 42 00 00 80 3e 00 00 00 00 00 00 00 00 08 cc 84 43",""
899,4164,"PACKET","IN",207,45,"PlayerSync","id=207 bytes=45","cf 54 00 fe ff f7 3f c0 00 10 3e a9 30 e5 69 09 91 47 3f 5f 10 84 00 00 00 02 94 aa c0 00 00 59 18 18 f6 31 64 57 eb fd fd a5 04 04 80",""
900,4164,"PACKET","IN",207,45,"PlayerSync","id=207 bytes=45","cf 9e 00 99 00 62 ff c0 00 3b f8 6a 30 da 9e c9 d1 6b a7 df 10 84 00 00 00 02 aa be 40 00 03 f7 96 b0 f4 54 02 96 13 fd fd a5 04 04 80",""
901,4190,"PACKET","IN",207,43,"PlayerSync","id=207 bytes=43","cf 63 00 60 3f c0 00 29 a4 23 70 c5 04 89 91 75 ed 1e 90 80 00 00 00 03 9d bb 80 00 02 a7 bd dc f7 fd ff ff ff fd fd ac 04 64 80",""
902,4191,"RPC","IN",60,4,"SendGameTimeUpdate","id=60 bytes=4","36 68 94 03",""
903,4191,"RPC","IN",86,27,"ApplyPlayerAnimation","id=86 bytes=27","7e 00 07 42 44 5f 46 49 52 45 07 77 61 73 68 5f 75 70 33 33 83 40 80 00 00 00 00",""
904,4225,"PACKET","IN",207,35,"PlayerSync","id=207 bytes=35","cf 1a 00 00 00 37 65 23 70 da 69 09 91 4b 21 de 90 80 00 00 00 00 b3 19 80 00 00 00 00 00 01 28 00 04 11",""
905,4225,"PACKET","IN",207,45,"PlayerSync","id=207 bytes=45","cf 4b 00 fe ff e0 7f c0 00 2a 0f 29 f0 ce 55 09 91 73 8b 5f d0 84 00 00 00 03 c2 df 80 00 00 4c 1f 9c f4 7c 01 61 eb fd fd ac 04 64 80",""
906,4225,"PACKET","IN",200,48,"VehicleSync","id=200 bytes=48","c8 76 00 30 00 00 00 86 ff 08 00 34 60 13 40 10 fb 6b 83 db 7c 22 28 e2 44 5d d8 67 d4 20 51 82 53 f0 20 08 f7 ef 07 f6 40 3d 00 03 b7 0c fa 84",""
907,4225,"PACKET","IN",207,35,"PlayerSync","id=207 bytes=35","cf 9a 00 00 00 05 5a 28 30 df c8 49 d1 7b 67 1f 10 84 00 00 00 01 79 f3 c0 00 00 00 00 00 01 28 00 04 11",""
908,4225,"PACKET","IN",207,45,"PlayerSync","id=207 bytes=45","cf 9e 00 99 80 62 ff c0 00 08 fc aa 30 e2 1e c9 d1 55 a9 df 10 84 00 00 00 03 a2 b6 40 00 02 b2 12 d8 f4 dc 01 d2 1f fd fd a5 04 04 80",""
909,4225,"PACKET","IN",207,35,"PlayerSync","id=207 bytes=35","cf 46 00 02 00 04 95 e5 70 ce d4 09 91 63 ac de d0 80 00 00 00 02 f6 a7 c0 00 00 00 00 00 01 a5 04 08 80",""
910,4226,"PACKET","IN",207,35,"PlayerSync","id=207 bytes=35","cf 49 00 00 00 05 d5 25 b0 dd 8f 09 d1 6c 24 9f 10 80 00 00 00 01 eb 77 c0 00 00 00 00 00 01 28 00 04 11",""
911,4226,"PACKET","IN",207,43,"PlayerSync","id=207 bytes=43","cf 4b 00 60 7f c0 00 08 96 a9 f0 c6 95 09 91 53 8f 9f d0 84 00 00 00 00 76 db 80 00 02 44 27 9c f4 44 03 51 ef fd fd ac 04 64 80",""
912,4226,"PACKET","IN",207,45,"PlayerSync","id=207 bytes=45","cf 9e 00 9a 00 63 3f c0 00 13 81 2a 70 ed 5e c9 d1 78 2b df 10 84 00 00 00 03 4e ae 40 00 03 82 2e fc f5 84 03 6e 27 fd fd a5 04 04 80",""
913,4253,"PACKET","IN",207,43,"PlayerSync","id=207 bytes=43","cf 4b 00 60 7f c0 00 06 9e a9 f0 c3 95 09 91 7a 13 df d0 84 00 00 00 02 1e db 80 00 00 e3 2f bc f4 08 01 c1 fb fd fd ac 04 64 80",""
914,4281,"PACKET","IN",207,45,"PlayerSync","id=207 bytes=45","cf 4b 00 85 00 60 7f c0 00 3d 24 a9 f0 c0 55 09 91 69 17 5f d0 84 00 00 00 02 76 bf 80 00 03 bc 83 dc f4 10 03 69 f7 fd fd ac 04 64 80",""
915,4282,"PACKET","IN",207,43,"PlayerSync","id=207 bytes=43","cf 63 00 60 3f c0 00 29 a4 23 70 c9 05 c9 91 7c aa 9e 90 80 00 00 00 00 51 4b 80 00 01 d9 9a 70 f7 fd ff ff ff fd fd ac 04 64 80",""
916,4282,"PACKET","IN",200,48,"VehicleSync","id=200 bytes=48","c8 76 00 30 00 00 00 81 ff 08 00 1c 80 20 00 00 eb 6c c9 ab cc 2a 58 d2 44 56 68 a7 d4 21 2f a2 73 f0 20 08 87 ed a7 f6 40 3d 00 02 cd 14 fa 84",""
917,4313,"PACKET","IN",207,45,"PlayerSync","id=207 bytes=45","cf 54 00 fd ff f3 ff c0 00 21 3f e9 30 c0 a9 89 91 5f 7e 5f 10 84 00 00 00 02 55 22 c0 00 01 c7 54 44 f4 a5 06 0b bf fd fd a5 04 04 80",""
918,4314,"PACKET","IN",207,41,"PlayerSync","id=207 bytes=41","cf 63 00 00 00 29 a4 23 70 e7 86 09 91 43 ea 1e 90 80 00 00 00 00 51 4b 80 00 02 4c ee 90 f7 fd ff ff ff fd fd ac 04 64 80",""
919,4314,"PACKET","IN",207,35,"PlayerSync","id=207 bytes=35","cf 7e 00 00 00 11 42 a6 f0 c0 4b 89 d1 7b 67 1f 10 84 00 00 00 00 c6 1b 94 00 00 00 00 00 01 28 00 04 11",""
920,4314,"PACKET","IN",207,45,"PlayerSync","id=207 bytes=45","cf 4b 00 87 00 60 7f c0 00 3a a8 29 f0 c6 d5 09 91 79 99 1f d0 84 00 00 00 03 1e b3 80 00 02 8d db dc f4 e0 02 16 1f fd fd ac 04 64 80",""
921,4315,"PACKET","IN",207,35,"PlayerSync","id=207 bytes=35","cf 53 00 00 00 1d d4 e5 b0 ff cc 49 d1 6c e4 9f 10 80 00 00 00 03 52 2a c0 00 00 00 00 00 01 a5 04 04 80",""
922,4315,"PACKET","IN",207,45,"PlayerSync","id=207 bytes=45","cf 54 00 fd ff f2 ff c0 00 35 82 69 70 df a9 c9 91 4f bd df 10 84 00 00 00 02 61 ca c0 00 02 37 2c 68 f4 6c 7e 8f 4f fd fd a5 04 04 80",""
923,4315,"PACKET","IN",207,45,"PlayerSync","id=207 bytes=45","cf 9e 00 99 80 63 3f c0 00 0a 0d ea 70 da 9f 09 d1 62 b1 df 10 84 00 00 00 00 0a a6 40 00 03 59 f6 cc f7 e4 02 fe 3f fd fd a5 04 04 80",""
924,4315,"RPC","IN",87,2,"ClearPlayerAnimation","id=87 bytes=2","94 00",""
925,4315,"RPC","IN",86,29,"ApplyPlayerAnimation","id=86 bytes=29","94 00 05 43 41 52 52 59 0b 63 72 72 79 5f 70 72 74 69 61 6c 33 33 83 40 00 00 00 00 00",""
926,4344,"PACKET","IN",207,45,"PlayerSync","id=207 bytes=45","cf 4b 00 88 00 60 bf c0 00 39 6d e9 f0 d7 55 09 91 62 9c 1f d0 84 00 00 00 00 da af 80 00 00 62 7f d0 f6 04 01 86 2f fd fd ac 04 64 80",""
927,4345,"PACKET","IN",207,45,"PlayerSync","id=207 bytes=45","cf 9e 00 99 00 62 ff c0 00 2f 51 aa 70 ea 9f 09 d1 70 73 9f 10 84 00 00 00 03 3a a2 40 00 01 be 16 c8 f4 38 05 aa 43 fd fd a5 04 04 80",""
928,4345,"RPC","IN",86,27,"ApplyPlayerAnimation","id=86 bytes=27","4d 00 07 42 44 5f 46 49 52 45 07 77 61 73 68 5f 75 70 33 33 83 40 80 00 00 00 00",""
929,4345,"PACKET","IN",207,35,"PlayerSync","id=207 bytes=35","cf 29 00 00 00 2e 09 a5 b0 d1 c9 c9 d1 6c 24 9f 10 80 00 00 00 01 7d 63 c0 00 00 00 00 00 01 28 00 04 11",""
930,4374,"PACKET","IN",207,45,"PlayerSync","id=207 bytes=45","cf 4b 00 88 00 60 bf c0 00 05 32 e9 f0 e7 95 09 91 47 9e 9f d0 84 00 00 00 00 42 af 80 00 03 5c 17 c8 f6 d8 01 f2 37 fd fd ac 04 64 80",""
931,4374,"PACKET","IN",200,48,"VehicleSync","id=200 bytes=48","c8 76 00 30 00 00 00 81 ff 08 00 11 30 37 e0 00 3b 65 41 ac 2c 22 18 d2 44 59 c8 77 d4 21 95 82 c3 f0 20 07 c7 ec b7 f6 40 3d 00 03 33 0e fa 84",""
932,4375,"PACKET","IN",207,45,"PlayerSync","id=207 bytes=45","cf 9e 00 98 80 62 bf c0 00 0e 55 aa 70 fa df 09 d1 7a f5 5f 10 84 00 00 00 02 6a a2 40 00 00 cb 9e d0 f4 5c 06 ba 43 fd fd a5 04 04 80",""
933,4375,"PACKET","IN",207,45,"PlayerSync","id=207 bytes=45","cf 54 00 fd ff f2 ff c0 00 38 46 29 70 dd 6a 09 91 5b 7e 1f 10 84 00 00 00 01 1a 82 c0 00 03 f2 2b e4 f1 28 15 a6 93 fd fd a5 04 04 80",""
934,4401,"PACKET","IN",207,35,"PlayerSync","id=207 bytes=35","cf 0b 00 00 00 1a fc 26 b0 c0 43 09 d1 7b 67 1f 10 84 00 00 00 03 32 4b c0 00 00 00 00 00 01 28 00 04 11",""
935,4402,"PACKET","IN",207,41,"PlayerSync","id=207 bytes=41","cf 54 00 00 00 19 46 e9 70 e1 ea 09 91 7d be 1f 10 84 00 00 00 01 1a 82 c0 00 03 b6 0f e4 f0 14 0e 9a 6f fd fd a5 04 04 80",""
936,4402,"PACKET","IN",207,45,"PlayerSync","id=207 bytes=45","cf 4b 00 88 00 60 bf c0 00 19 36 69 f0 f3 d5 09 91 50 a0 5f d0 84 00 00 00 03 52 ab 80 00 03 6e bf ac f6 ec 02 be 37 fd fd ac 04 64 80",""
937,4402,"PACKET","IN",207,41,"PlayerSync","id=207 bytes=41","cf 63 00 00 00 00 1f a3 70 fb 47 09 91 4d e9 1e 90 80 00 00 00 00 51 4b 80 00 02 3f 4e a4 f6 fb 36 b7 97 fd fd a5 04 04 80",""
938,4402,"PACKET","IN",207,45,"PlayerSync","id=207 bytes=45","cf 9e 00 97 80 62 bf c0 00 31 99 2a 70 ca 5f 49 d1 69 b7 1f 10 84 00 00 00 03 4a a2 40 00 01 77 9e d0 f4 80 07 ce 43 fd fd a5 04 04 80",""
939,4402,"PACKET","IN",203,34,"AimSync","id=203 bytes=34","cb 9e 00 04 75 1c 6f bf 3c 5c 66 be 49 0f 8e be 8f c2 a7 c3 b3 89 27 45 bd 92 81 42 00 00 00 00 3f 22",""
940,4403,"PACKET","IN",207,45,"PlayerSync","id=207 bytes=45","cf 4b 00 89 00 60 bf c0 00 37 fb 69 f0 c5 d5 49 91 5d 22 df d0 84 00 00 00 00 62 a7 80 00 03 0c 73 98 f7 10 03 fe 37 fd fd ac 04 64 80",""
941,4403,"PACKET","IN",207,35,"PlayerSync","id=207 bytes=35","cf 51 00 00 00 30 e3 68 30 f6 0c 09 d1 7b 67 1f 10 84 00 00 00 02 e7 67 c0 00 00 00 00 00 01 a5 04 e8 80",""
942,4435,"PACKET","IN",207,45,"PlayerSync","id=207 bytes=45","cf 9e 00 97 80 62 7f c0 00 08 dc ea 70 d9 5f 49 d1 52 f8 df 10 84 00 00 00 03 ba 9e 40 00 03 0d 0a c4 f4 58 06 a6 43 fd fd a5 04 04 80",""
943,4435,"PACKET","IN",207,45,"PlayerSync","id=207 bytes=45","cf 4b 00 89 00 60 bf c0 00 20 c0 aa 30 db 15 49 91 63 a5 5f d0 84 00 00 00 03 1e a3 80 00 03 de bb 70 f4 28 05 36 43 fd fd ac 04 64 80",""
944,4436,"RPC","IN",16,16,"PlaySound","id=16 bytes=16","43 51 00 00 00 00 00 00 00 00 00 00 00 00 00 00",""
945,4436,"RPC","IN",134,80,"ShowTextDraw","id=134 bytes=80","2c 08 11 9a 99 19 3f 00 00 00 40 1a ff 00 aa 33 33 a3 41 00 00 a0 41 00 00 00 32 00 01 00 00 00 ff 04 00 00 00 59 43 00 00 b8 43 00 00 00 00 00 00 00 00 00 00 00 00 00 00 00 00 80 3f ff ff ff ff 0d 00 6c 64 5f 64 75 61 6c 3a 77 68 69 74 65",""
946,4436,"RPC","IN",105,7,"TextDrawSetString","id=105 bytes=7","26 08 03 00 31 30 30",""
947,4436,"RPC","IN",105,5,"TextDrawSetString","id=105 bytes=5","27 08 01 00 30",""
948,4436,"RPC","IN",105,6,"TextDrawSetString","id=105 bytes=6","28 08 02 00 35 30",""
949,4437,"RPC","IN",105,5,"TextDrawSetString","id=105 bytes=5","29 08 01 00 39",""
950,4437,"RPC","IN",105,7,"TextDrawSetString","id=105 bytes=7","2a 08 03 00 31 30 30",""
951,4447,"PACKET","OUT",203,32,"AimSync","id=203 bytes=32","cb 00 00 00 39 05 00 00 00 00 00 00 00 00 00 00 00 40 01 00 00 00 80 3f 00 00 f3 04 b5 3f 39 05",""
952,4462,"PACKET","IN",207,35,"PlayerSync","id=207 bytes=35","cf 4d 00 00 00 02 00 23 30 e6 e4 09 91 70 1e 9e 90 84 00 00 00 03 da d0 80 00 00 00 00 00 01 28 00 04 11",""
953,4462,"PACKET","IN",203,34,"AimSync","id=203 bytes=34","cb 4d 00 04 76 05 73 bf 33 ef a2 bc f4 a1 a0 be b6 44 8a c3 c4 91 26 45 a0 ba 80 42 00 00 00 00 3f 48",""
954,4462,"PACKET","IN",200,48,"VehicleSync","id=200 bytes=48","c8 76 00 30 00 00 00 81 ff 08 00 18 10 34 00 11 1b 65 3b 9c 7c 2a 08 c2 44 52 88 77 d4 2b 0a e3 03 f0 10 0a f7 ed f7 f6 40 3d 00 02 51 0e fa 84",""
955,4462,"PACKET","IN",207,35,"PlayerSync","id=207 bytes=35","cf 94 00 00 00 10 3e 66 b0 ef 39 c9 91 7b 67 1f 10 84 00 00 00 02 9a 53 c0 00 00 00 00 00 01 a5 04 e8 80",""
956,4462,"PACKET","IN",207,45,"PlayerSync","id=207 bytes=45","cf 9e 00 97 00 62 7f c0 00 2b a0 ea 70 eb df 49 d1 7b 7a 9f 10 84 00 00 00 01 f6 9e 40 00 01 a9 0e a8 f4 fc 07 56 47 fd fd a5 04 04 80",""
957,4463,"PACKET","IN",207,35,"PlayerSync","id=207 bytes=35","cf 1c 00 00 00 2d 02 a6 f0 e0 10 09 d1 7b 67 1f 10 84 00 00 00 00 15 5f 00 00 00 00 00 00 01 28 00 04 11",""
958,4463,"PACKET","IN",207,45,"PlayerSync","id=207 bytes=45","cf 4b 00 89 00 60 bf c0 00 3d c4 6a 30 eb 55 49 91 46 67 5f d0 84 00 00 00 01 9e a3 80 00 00 75 1f 4c f4 60 06 de 43 fd fd ac 04 64 80",""
959,4463,"PACKET","IN",207,41,"PlayerSync","id=207 bytes=41","cf 54 00 00 00 0a c9 e9 70 f6 6a 09 91 60 3e df 10 84 00 00 00 01 1a 82 c0 00 03 dd f6 ac f0 14 0e 9a 6f fd fd a5 04 04 80",""
960,4463,"PACKET","IN",207,41,"PlayerSync","id=207 bytes=41","cf 63 00 00 00 3e 19 e3 70 e1 c8 09 91 6e 28 1e 90 80 00 00 00 00 51 4b 80 00 03 98 72 04 f6 fb 36 b7 97 fd fd a5 04 04 80",""
961,4463,"PACKET","IN",203,34,"AimSync","id=203 bytes=34","cb 63 00 04 78 74 22 3e 46 6d 76 3f 04 de 60 be 45 a7 8d c3 75 f6 25 45 0a 57 7f 42 00 00 00 00 3f 55",""
962,4463,"PACKET","IN",207,35,"PlayerSync","id=207 bytes=35","cf 70 00 00 00 23 1c 6a 70 ef f1 c9 91 61 b3 df 90 80 00 00 00 02 93 6f 00 00 00 00 00 00 01 00 00 00 80",""
963,4491,"PACKET","IN",207,45,"PlayerSync","id=207 bytes=45","cf 9e 00 96 80 62 7f c0 00 09 24 6a 70 fb 9f 49 d1 48 3c 5f 10 84 00 00 00 03 fa 9a 40 00 02 b2 96 88 f5 50 05 a6 4b fd fd a5 04 04 80",""
964,4523,"PACKET","IN",207,45,"PlayerSync","id=207 bytes=45","cf 4b 00 89 00 60 bf c0 00 08 07 aa 30 f8 95 49 91 40 a8 df d0 84 00 00 00 03 7a 97 80 00 01 76 3f 4c f4 a4 04 da 47 fd fd ac 04 64 80",""
965,4523,"PACKET","IN",207,41,"PlayerSync","id=207 bytes=41","cf 9e 00 00 00 3d e8 ea 70 d2 5f 89 d1 72 be 5f 10 84 00 00 00 03 fa 9a 40 00 02 10 0a 74 f5 b4 04 3e 4f fd fd a5 04 04 80",""
966,4523,"PACKET","IN",207,35,"PlayerSync","id=207 bytes=35","cf 1f 00 00 00 20 66 e8 30 c3 bc c9 91 7b 67 1f 10 84 00 00 00 00 97 53 00 00 00 00 00 00 01 28 00 04 11",""
967,4523,"PACKET","IN",207,45,"PlayerSync","id=207 bytes=45","cf 4b 00 89 00 60 bf c0 00 36 cc 2a 30 d0 d5 89 91 7a 2a df d0 84 00 00 00 02 d6 8f 80 00 02 7f d3 50 f6 a0 06 1a 53 fd fd ac 04 64 80",""
968,4524,"PACKET","IN",207,41,"PlayerSync","id=207 bytes=41","cf 54 00 00 00 39 cb 69 70 c2 6a 49 91 7b ff 1f 10 84 00 00 00 01 1a 82 c0 00 03 c3 d9 58 f0 14 0e 9a 6f fd fd a5 04 04 80",""
969,4550,"PACKET","IN",207,41,"PlayerSync","id=207 bytes=41","cf 63 00 00 00 28 d6 63 70 f7 88 89 91 5c a7 9e 90 80 00 00 00 00 51 4b 80 00 01 43 73 cc f2 fb 36 b7 97 fd fd a5 04 04 80",""
970,4550,"PACKET","IN",200,48,"VehicleSync","id=200 bytes=48","c8 76 00 30 00 00 00 81 ff 08 00 1b b0 3a 60 1f 7b 52 07 3c dc 21 78 c2 44 53 68 67 d4 2a a1 f3 33 f0 20 06 b7 ee 77 f6 40 3d 00 02 4f 0c fa 84",""
971,4550,"PACKET","IN",207,45,"PlayerSync","id=207 bytes=45","cf 4b 00 89 00 60 bf c0 00 13 51 aa 30 f0 95 89 91 78 2d 5f d0 84 00 00 00 01 a2 7f 80 00 00 48 ab 64 f4 8c 09 3a 5f fd fd ac 04 64 80",""
972,4551,"PACKET","IN",207,35,"PlayerSync","id=207 bytes=35","cf 7c 00 00 00 03 66 28 30 f1 c4 49 d1 7b 67 1f 10 84 00 00 00 01 fe 49 80 00 00 00 00 00 01 28 00 04 11",""
973,4575,"PACKET","IN",207,35,"PlayerSync","id=207 bytes=35","cf 60 00 00 00 25 ca e3 30 e5 e0 49 91 6f df 1e 90 84 00 00 00 00 ae f9 c0 00 00 00 00 00 01 28 00 04 11",""
974,4608,"PACKET","IN",207,45,"PlayerSync","id=207 bytes=45","cf 4b 00 89 00 60 bf c0 00 36 17 aa 30 dd d5 c9 91 71 f0 1f d0 84 00 00 00 01 26 67 80 00 01 c3 df 70 f5 10 0e ee 73 fd fd ac 04 64 80",""
975,4609,"PACKET","IN",200,48,"VehicleSync","id=200 bytes=48","c8 76 00 30 00 00 00 81 ff 08 00 1c 50 3a 60 1f 5b 54 91 9d 2c 2a d8 b2 44 52 b8 57 d4 26 41 23 53 f0 20 07 07 ef 67 f6 40 3d 00 02 35 0a fa 84",""
976,4609,"PACKET","IN",207,35,"PlayerSync","id=207 bytes=35","cf 3d 00 00 00 39 94 e5 b0 e4 03 c9 d1 6c 24 9f 10 80 00 00 00 02 af cd c0 00 00 00 00 00 01 28 00 04 11",""
977,4609,"PACKET","IN",207,41,"PlayerSync","id=207 bytes=41","cf 54 00 00 00 1d 8c 69 70 c8 aa 49 91 6d 3f 5f 10 84 00 00 00 01 1a 82 c0 00 03 8e 7a 1c ec 14 0e 9a 6f fd fd a5 04 04 80",""
978,4609,"PACKET","IN",207,41,"PlayerSync","id=207 bytes=41","cf 63 00 00 00 39 d5 63 70 de c8 c9 91 76 a7 5e 90 80 00 00 00 00 51 4b 80 00 03 5a a7 d8 ee fb 36 b7 97 fd fd a5 04 04 80",""
979,4609,"PACKET","IN",207,35,"PlayerSync","id=207 bytes=35","cf 85 00 00 00 2b 0b 62 b0 d7 e8 c9 91 50 59 de 90 84 00 00 00 03 a8 31 80 00 00 00 00 00 01 28 00 04 11",""
980,4609,"PACKET","IN",203,34,"AimSync","id=203 bytes=34","cb 85 00 04 45 97 95 bd 2c 65 77 3f 51 69 7c be 8c 19 8a c3 14 82 26 45 29 ed 7e 42 00 00 00 00 3f c6",""
981,4610,"PACKET","IN",200,38,"VehicleSync","id=200 bytes=38","c8 92 00 2a 00 00 00 11 00 00 00 00 b0 62 e0 9e 9e ce 32 fb ec 3f 6d a2 84 51 5d 57 b4 20 00 00 00 0c e0 39 00 00",""
982,4610,"PACKET","IN",203,34,"AimSync","id=203 bytes=34","cb 92 00 12 2a a8 4b 3f 5a 1c 13 bf 7c b4 44 be af c5 c1 c3 d5 2d 29 45 cd 6c 85 42 00 00 00 00 3f 37",""
983,4610,"PACKET","IN",207,41,"PlayerSync","id=207 bytes=41","cf 9e 00 00 00 37 b1 6a 70 fb 5f 89 d1 58 82 5f 50 84 00 00 00 03 fa 9a 40 00 02 67 8d fc f5 b4 04 3e 4f fd fd a5 04 04 80",""
984,4611,"PACKET","OUT",207,69,"PlayerSync","id=207 bytes=69","cf 00 00 00 00 00 00 22 90 8d c3 0a 85 26 45 6a 86 7a 42 f5 21 4f 3f 00 00 00 00 00 00 00 00 89 70 16 3f 64 00 00 00 00 00 00 00 00 00 00 00 00 00 00 00 00 00 00 00 00 00 00 00 00 00 00 00 00 00 28 00 04 11",""
985,4668,"PACKET","IN",207,45,"PlayerSync","id=207 bytes=45","cf 4b 00 89 00 60 bf c0 00 12 23 aa 30 da 96 49 91 72 34 df d0 84 00 00 00 03 96 1b 80 00 00 99 5b 54 f4 e4 20 92 b7 fd fd ac 04 64 80",""
986,4668,"PACKET","IN",207,45,"PlayerSync","id=207 bytes=45","cf 4b 00 89 00 60 bf c0 00 08 26 6a 30 c5 96 89 91 55 f5 df d0 84 00 00 00 00 9e 07 80 00 00 ff 0b 5c f5 64 37 aa e3 fd fd ac 04 64 80",""
987,4695,"PACKET","IN",207,35,"PlayerSync","id=207 bytes=35","cf 54 00 00 00 2f 0c 69 70 c9 2a 49 91 70 bf 5f 10 84 00 00 00 01 1a 82 c0 00 00 00 00 00 01 a5 04 04 80",""
988,4696,"PACKET","IN",200,48,"VehicleSync","id=200 bytes=48","c8 76 00 30 00 00 00 81 ff 08 00 1e 30 39 d0 10 cb 6f 3f bd 7c 22 f8 b2 44 51 18 57 d4 2e f7 e3 73 f0 10 0c 17 ef d7 f6 40 3d 00 02 23 0a fa 84",""
989,4696,"PACKET","IN",207,35,"PlayerSync","id=207 bytes=35","cf 97 00 00 00 09 a6 25 b0 d5 fd 09 91 6c 24 9f 10 84 00 00 00 00 3b eb e8 00 00 00 00 00 01 28 00 04 11",""
990,4696,"PACKET","IN",203,34,"AimSync","id=203 bytes=34","cb 97 00 04 09 a9 2d 3f a2 0b 35 3f 77 fc 4b be 0e 16 97 c3 f0 e3 26 45 6f 10 80 42 00 00 00 00 3f 36",""
991,4696,"PACKET","IN",207,41,"PlayerSync","id=207 bytes=41","cf 9e 00 00 00 1a f6 ea 70 d5 9f c9 d1 52 84 df 50 84 00 00 00 03 fa 9a 40 00 02 a9 07 b0 f1 b4 04 3e 4f fd fd a5 04 04 80",""
992,4696,"PACKET","IN",207,35,"PlayerSync","id=207 bytes=35","cf 46 00 02 00 04 95 e5 70 ce d4 09 91 63 2c de d0 80 00 00 00 02 f6 a7 c0 00 00 00 00 00 01 a5 04 08 80",""
993,4696,"PACKET","IN",207,45,"PlayerSync","id=207 bytes=45","cf 4b 00 89 00 60 bf c0 00 39 e8 aa 30 f1 96 89 91 51 36 9f d0 84 00 00 00 01 91 fb 80 00 03 b9 0b 5c f5 f0 43 56 fb fd fd ac 04 64 80",""
994,4697,"PACKET","IN",207,35,"PlayerSync","id=207 bytes=35","cf 63 00 00 00 35 15 63 70 df 88 c9 91 75 e7 5e 90 80 00 00 00 00 51 4b 80 00 00 00 00 00 01 a5 04 04 80",""
995,4697,"PACKET","IN",207,45,"PlayerSync","id=207 bytes=45","cf 4b 00 89 00 60 bf c0 00 09 6d 6a 30 c8 97 09 91 5d 77 df d0 84 00 00 00 00 d5 f3 80 00 02 fe 0f 5c f4 54 4a 5f 07 fd fd ac 04 64 80",""
996,4697,"PACKET","IN",207,37,"PlayerSync","id=207 bytes=37","cf 63 00 60 3f c0 00 35 15 63 70 df 88 c9 91 75 e7 5e 90 80 00 00 00 00 2d 0b 80 00 00 00 00 00 01 c8 04 04 80",""
997,4726,"PACKET","IN",207,35,"PlayerSync","id=207 bytes=35","cf 9a 00 00 00 05 5a 28 30 df c8 49 d1 7b 67 1f 10 84 00 00 00 01 79 f3 c0 00 00 00 00 00 01 28 00 04 11",""
998,4756,"PACKET","IN",207,45,"PlayerSync","id=207 bytes=45","cf 4b 00 89 00 60 bf c0 00 20 af aa 30 f7 57 09 91 40 b8 9f d0 84 00 00 00 00 39 e7 80 00 01 72 3f 44 f5 8c 4e eb 0f fd fd ac 04 64 80",""
999,4756,"PACKET","IN",207,35,"PlayerSync","id=207 bytes=35","cf 49 00 00 00 05 d5 25 b0 dd 8f 09 d1 6c 24 9f 10 80 00 00 00 01 eb 77 c0 00 00 00 00 00 01 28 00 04 11",""
1000,4757,"PACKET","IN",207,45,"PlayerSync","id=207 bytes=45","cf 4b 00 88 80 60 bf c0 00 3b f3 2a 30 c3 d7 89 91 6c b9 5f d0 84 00 00 00 01 e9 e3 80 00 00 c4 a7 30 f5 50 56 ff 1b fd fd ac 04 64 80",""
1001,4757,"PACKET","IN",200,48,"VehicleSync","id=200 bytes=48","c8 76 00 30 00 00 00 81 ff 08 00 1e a0 39 10 1f 1b 5e 5e ed dc 2a 68 a2 44 5d d8 47 d4 25 9e 63 93 f0 20 07 67 ef d7 f6 40 3d 00 03 8f 08 fa 84",""
1002,4757,"PACKET","IN",207,35,"PlayerSync","id=207 bytes=35","cf 9e 00 00 00 1c f8 2a 70 db 9f c9 d1 67 05 5f 50 84 00 00 00 03 fa 9a 40 00 00 00 00 00 01 a5 04 04 80",""
1003,4793,"PACKET","IN",207,45,"PlayerSync","id=207 bytes=45","cf 4b 00 88 80 60 bf c0 00 14 b5 aa 30 f6 17 89 91 44 ba 1f d0 84 00 00 00 02 25 db 80 00 01 68 2b 18 f6 c8 55 33 1f fd fd ac 04 64 80",""
1004,4793,"PACKET","IN",203,34,"AimSync","id=203 bytes=34","cb 4b 00 04 4b 3f 5b bf eb 7e e6 3e 65 60 81 be 07 58 a7 c3 44 45 26 45 08 ec 82 42 00 00 00 00 3f 36",""
1005,4793,"RPC","IN",99,42,"MoveObject","id=99 bytes=42","a1 00 f8 e3 a1 c3 d7 9b 26 45 ed 5e 7b 42 f8 e3 a1 c3 d7 9b 26 45 53 c5 7d 42 00 00 80 3e 00 00 00 00 00 00 00 00 08 cc 84 43",""
1006,4794,"RPC","IN",122,2,"StopObject","id=122 bytes=2","a1 00",""
1007,4794,"RPC","IN",99,42,"MoveObject","id=99 bytes=42","a1 00 f8 e3 a1 c3 d7 9b 26 45 ed 5e 7b 42 f8 e3 a1 c3 d7 9b 26 45 ed 5e 7b 42 00 00 80 3e 00 00 00 00 00 00 00 00 08 cc 84 43",""
1008,4794,"RPC","IN",122,2,"StopObject","id=122 bytes=2","a1 00",""
1009,4794,"RPC","IN",99,42,"MoveObject","id=99 bytes=42","a1 00 f8 e3 a1 c3 d7 9b 26 45 ed 5e 7b 42 f8 e3 a1 c3 d7 9b 26 45 53 c5 7d 42 00 00 80 3e 00 00 00 00 00 00 00 00 08 cc 84 43",""
1010,4794,"RPC","IN",122,2,"StopObject","id=122 bytes=2","a1 00",""
1011,4794,"RPC","IN",99,42,"MoveObject","id=99 bytes=42","a1 00 f8 e3 a1 c3 d7 9b 26 45 ed 5e 7b 42 f8 e3 a1 c3 d7 9b 26 45 ed 5e 7b 42 00 00 80 3e 00 00 00 00 00 00 00 00 08 cc 84 43",""
1012,4794,"RPC","IN",122,2,"StopObject","id=122 bytes=2","a1 00",""
1013,4795,"RPC","IN",99,42,"MoveObject","id=99 bytes=42","a1 00 f8 e3 a1 c3 d7 9b 26 45 ed 5e 7b 42 f8 e3 a1 c3 d7 9b 26 45 53 c5 7d 42 00 00 80 3e 00 00 00 00 00 00 00 00 08 cc 84 43",""
1014,4795,"RPC","IN",122,2,"StopObject","id=122 bytes=2","a1 00",""
1015,4795,"RPC","IN",99,42,"MoveObject","id=99 bytes=42","a1 00 f8 e3 a1 c3 d7 9b 26 45 ed 5e 7b 42 f8 e3 a1 c3 d7 9b 26 45 ed 5e 7b 42 00 00 80 3e 00 00 00 00 00 00 00 00 08 cc 84 43",""
1016,4795,"RPC","IN",122,2,"StopObject","id=122 bytes=2","a1 00",""
1017,4795,"RPC","IN",99,42,"MoveObject","id=99 bytes=42","a1 00 f8 e3 a1 c3 d7 9b 26 45 ed 5e 7b 42 f8 e3 a1 c3 d7 9b 26 45 53 c5 7d 42 00 00 80 3e 00 00 00 00 00 00 00 00 08 cc 84 43",""
1018,4795,"RPC","IN",122,2,"StopObject","id=122 bytes=2","a1 00",""
1019,4795,"RPC","IN",99,42,"MoveObject","id=99 bytes=42","a1 00 f8 e3 a1 c3 d7 9b 26 45 ed 5e 7b 42 f8 e3 a1 c3 d7 9b 26 45 ed 5e 7b 42 00 00 80 3e 00 00 00 00 00 00 00 00 08 cc 84 43",""
1020,4795,"RPC","IN",122,2,"StopObject","id=122 bytes=2","a1 00",""
1021,4795,"RPC","IN",99,42,"MoveObject","id=99 bytes=42","a1 00 f8 e3 a1 c3 d7 9b 26 45 ed 5e 7b 42 f8 e3 a1 c3 d7 9b 26 45 53 c5 7d 42 00 00 80 3e 00 00 00 00 00 00 00 00 08 cc 84 43",""
1022,4795,"RPC","IN",122,2,"StopObject","id=122 bytes=2","a1 00",""
1023,4796,"RPC","IN",99,42,"MoveObject","id=99 bytes=42","a1 00 f8 e3 a1 c3 d7 9b 26 45 ed 5e 7b 42 f8 e3 a1 c3 d7 9b 26 45 ed 5e 7b 42 00 00 80 3e 00 00 00 00 00 00 00 00 08 cc 84 43",""
1024,4796,"PACKET","IN",207,45,"PlayerSync","id=207 bytes=45","cf 4b 00 88 80 60 bf c0 00 14 b8 aa 30 f8 d7 c9 91 7e 7a 9f d0 84 00 00 00 01 8d d7 80 00 02 51 ab 04 f7 b8 58 6f 27 fd fd ac 04 64 80",""
1025,4796,"PACKET","IN",207,43,"PlayerSync","id=207 bytes=43","cf 63 00 60 3f c0 00 21 53 e3 70 e4 89 49 91 56 67 1e 90 80 00 00 00 03 04 ab 80 00 02 ed 90 18 f4 96 8c 4f ef fd fd c8 04 04 80",""
1026,4796,"PACKET","OUT",205,9,"UNKNOWN_PACKET","id=205 bytes=9","cd b8 4a 04 00 00 00 00 00",""
1027,4824,"PACKET","IN",207,35,"PlayerSync","id=207 bytes=35","cf 46 00 02 00 04 95 e5 70 ce d4 09 91 63 ac de d0 80 00 00 00 02 f6 a7 c0 00 00 00 00 00 01 a5 04 08 80",""
1028,4824,"PACKET","IN",207,45,"PlayerSync","id=207 bytes=45","cf 4b 00 88 00 60 bf c0 00 20 ba aa 30 e7 58 09 91 79 bb 1f d0 84 00 00 00 03 c9 d3 80 00 01 cd 93 00 f6 b8 5c af 2b fd fd ac 04 64 80",""
1029,4824,"PACKET","IN",207,45,"PlayerSync","id=207 bytes=45","cf 4b 00 88 00 60 bf c0 00 28 fc aa 30 d5 d8 49 91 72 bb 9f d0 84 00 00 00 00 7d d3 80 00 02 45 5a fc f7 dc 5e 47 2b fd fd ac 04 64 80",""
1030,4853,"PACKET","IN",200,48,"VehicleSync","id=200 bytes=48","c8 76 00 30 00 00 00 81 ff 00 00 1d e0 48 60 2f eb 57 3f 3e 3c 22 48 a2 44 5a 38 37 d4 27 05 53 a3 f0 20 0a 17 e6 d7 f6 40 3d 00 03 3d 06 fa 84",""
1031,4853,"PACKET","IN",207,45,"PlayerSync","id=207 bytes=45","cf 4b 00 87 80 60 7f c0 00 38 3e aa 30 c5 d8 89 91 6a bc 1f d0 84 00 00 00 01 7d d3 80 00 02 ba 36 f4 f6 08 61 47 2f fd fd ac 04 64 80",""
1032,4853,"PACKET","IN",207,35,"PlayerSync","id=207 bytes=35","cf 53 00 00 00 1d d4 e5 b0 ff cc 49 d1 6c e4 9f 10 80 00 00 00 03 52 2a c0 00 00 00 00 00 01 a5 04 04 80",""
1033,4853,"RPC","IN",105,19,"TextDrawSetString","id=105 bytes=19","2f 01 0f 00 30 39 20 41 67 75 73 74 75 73 20 32 30 32 36",""
1034,4854,"RPC","IN",105,12,"TextDrawSetString","id=105 bytes=12","30 01 08 00 31 31 3a 35 35 3a 35 39",""
1035,4887,"PACKET","IN",207,45,"PlayerSync","id=207 bytes=45","cf 4b 00 87 80 60 7f c0 00 12 01 2a 70 fc 58 89 91 74 bc 9f d0 84 00 00 00 02 ad cf 80 00 03 6c 1b 00 f5 60 60 63 2f fd fd ac 04 64 80",""
1036,4888,"PACKET","IN",207,41,"PlayerSync","id=207 bytes=41","cf 63 00 00 00 37 52 23 70 f3 09 c9 91 70 a6 9e 90 80 00 00 00 00 f0 bf 80 00 02 5f 28 68 f5 ae b9 1f df fd fd a5 04 04 80",""
1037,4888,"PACKET","IN",207,35,"PlayerSync","id=207 bytes=35","cf 0b 00 00 00 1a fc 26 b0 c0 43 09 d1 7b 67 1f 10 84 00 00 00 03 32 4b c0 00 00 00 00 00 01 28 00 04 11",""
1038,4912,"PACKET","IN",207,45,"PlayerSync","id=207 bytes=45","cf 4b 00 87 00 60 7f c0 00 39 45 aa 70 e9 59 09 91 41 7d df d0 84 00 00 00 01 09 cf 80 00 00 0a 77 14 f6 cc 62 57 2f fd fd ac 04 64 80",""
1039,4912,"PACKET","IN",207,35,"PlayerSync","id=207 bytes=35","cf 7e 00 00 00 11 42 a6 f0 c0 4b 89 d1 7b 67 1f 10 84 00 00 00 00 c6 1b 94 00 00 00 00 00 01 28 00 04 11",""
1040,4913,"PACKET","IN",207,35,"PlayerSync","id=207 bytes=35","cf 29 00 00 00 2e 09 a5 b0 d1 c9 c9 d1 6c 24 9f 10 80 00 00 00 01 7d 63 c0 00 00 00 00 00 01 28 00 04 11",""
1041,4913,"PACKET","IN",207,45,"PlayerSync","id=207 bytes=45","cf 4b 00 86 80 60 7f c0 00 1f 47 ea 70 dc 19 49 91 7c 3e 1f d0 84 00 00 00 01 f5 cf 80 00 01 da db 14 f4 50 64 67 33 fd fd ac 04 64 80",""
1042,4937,"PACKET","IN",207,45,"PlayerSync","id=207 bytes=45","cf 4b 00 86 80 60 7f c0 00 2f 89 ea 70 cc 99 89 91 72 be 9f d0 84 00 00 00 03 e9 cb 80 00 02 3a 4b 10 f7 b4 63 93 2f fd fd ac 04 64 80",""
1043,4938,"PACKET","IN",200,48,"VehicleSync","id=200 bytes=48","c8 76 00 30 00 00 00 81 ff 00 00 1a d0 56 b0 3f 3b 59 9e be 9c 29 b8 92 44 58 b6 f7 d4 25 24 a3 83 f0 30 08 b7 ec f7 e6 40 3d 00 02 fc de fa 84",""
1044,4938,"PACKET","IN",203,34,"AimSync","id=203 bytes=34","cb 76 00 12 1c 30 7e bf c0 6d 46 bc e9 f9 f1 bd 72 99 dd c2 ca 8a 24 45 d2 20 81 42 00 00 00 00 14 ff",""
1045,4938,"PACKET","IN",207,35,"PlayerSync","id=207 bytes=35","cf 1c 00 00 00 2d 02 a6 f0 e0 10 09 d1 7b 67 1f 10 84 00 00 00 00 15 5f 00 00 00 00 00 00 01 28 00 04 11",""
1046,4939,"PACKET","IN",207,35,"PlayerSync","id=207 bytes=35","cf 51 00 00 00 30 e3 68 30 f6 0c 09 d1 7b 67 1f 10 84 00 00 00 02 e7 67 c0 00 00 00 00 00 01 a5 04 e8 80",""
1047,4973,"PACKET","OUT",203,32,"AimSync","id=203 bytes=32","cb 00 00 00 39 05 00 00 00 00 00 00 00 00 00 00 00 40 01 00 00 00 80 3f 00 00 f3 04 b5 3f 39 05",""
1048,4973,"PACKET","IN",207,45,"PlayerSync","id=207 bytes=45","cf 4b 00 86 00 60 7f c0 00 04 8c 2a 70 fe 19 89 91 68 7f 1f d0 84 00 00 00 01 a1 cf 80 00 02 ee 57 0c f5 14 65 6f 33 fd fd ac 04 64 80",""
1049,4973,"PACKET","IN",207,45,"PlayerSync","id=207 bytes=45","cf 4b 00 86 00 60 7f c0 00 09 8e 6a 70 f3 99 c9 91 6a bf 9f d0 84 00 00 00 03 e1 cb 80 00 03 16 6e fc f7 ec 63 e3 2f fd fd ac 04 64 80",""
1050,4973,"PACKET","IN",207,41,"PlayerSync","id=207 bytes=41","cf 63 00 00 00 17 d0 a3 70 f8 8a 49 91 4f e6 5e 90 80 00 00 00 00 f0 bf 80 00 02 2c d6 ec f1 ae b9 1f df fd fd a5 04 04 80",""
1051,4973,"RPC","IN",87,2,"ClearPlayerAnimation","id=87 bytes=2","29 00",""
1052,4973,"RPC","IN",86,29,"ApplyPlayerAnimation","id=86 bytes=29","29 00 05 43 41 52 52 59 0b 63 72 72 79 5f 70 72 74 69 61 6c 33 33 83 40 00 00 00 00 00",""
1053,4995,"PACKET","IN",207,35,"PlayerSync","id=207 bytes=35","cf 70 00 00 00 23 1c 6a 70 ef f1 c9 91 61 b3 df 90 80 00 00 00 02 93 6f 00 00 00 00 00 00 01 00 00 00 80",""
1054,4996,"PACKET","IN",207,35,"PlayerSync","id=207 bytes=35","cf 46 00 02 00 04 95 e5 70 ce d4 09 91 63 2c de d0 80 00 00 00 02 f6 a7 c0 00 00 00 00 00 01 a5 04 08 80",""
1055,4996,"PACKET","IN",207,45,"PlayerSync","id=207 bytes=45","cf 4b 00 86 00 60 7f c0 00 1d 10 6a 70 e5 1a 09 91 4f 80 20 10 84 00 00 00 02 0d cb 80 00 03 a4 53 04 f5 18 65 73 33 fd fd ac 04 64 80",""
1056,4996,"PACKET","IN",200,48,"VehicleSync","id=200 bytes=48","c8 76 00 30 00 00 00 00 00 00 00 1f 40 44 10 2f 0b 52 1d 1e fc 21 f8 92 44 54 45 a7 d4 22 d3 83 63 f0 10 0c 47 ea d7 f6 40 3d 00 02 82 b4 fa 84",""
1057,5020,"PACKET","IN",207,35,"PlayerSync","id=207 bytes=35","cf 4d 00 00 00 02 00 23 30 e6 e4 09 91 70 1e 9e 90 84 00 00 00 03 da d0 80 00 00 00 00 00 01 28 00 04 11",""
1058,5021,"PACKET","IN",207,45,"PlayerSync","id=207 bytes=45","cf 54 00 81 80 7d 3f c0 00 3d 0c e9 70 cb ea 49 91 53 3f 9f 10 84 00 00 00 03 2e b6 c0 00 01 99 58 18 f5 9c 07 96 4b fd fd a5 04 04 80",""
1059,5021,"PACKET","IN",203,34,"AimSync","id=203 bytes=34","cb 54 00 04 09 51 65 bf 71 29 c1 be db bb 70 be 41 ba a3 c3 f2 bc 26 45 c6 3c 81 42 00 00 00 00 3f 36",""
1060,5021,"PACKET","IN",207,45,"PlayerSync","id=207 bytes=45","cf 4b 00 86 00 60 7f c0 00 2d d3 ea 70 fa 9a 49 91 73 40 60 10 84 00 00 00 00 81 cb 80 00 02 2a 1f 1c f6 50 67 17 33 fd fd ac 04 64 80",""
1061,5021,"PACKET","IN",207,45,"PlayerSync","id=207 bytes=45","cf 54 00 82 80 7b bf c0 00 0b 8d a9 70 cd 6a 49 91 7a bf 9f 10 84 00 00 00 00 f2 d2 c0 00 02 15 44 18 f5 90 00 06 2b fd fd a5 04 04 80",""
1062,5054,"PACKET","IN",207,45,"PlayerSync","id=207 bytes=45","cf 4b 00 85 80 60 7f c2 00 0d d6 2a 70 ed da 89 91 6e 00 a0 10 84 00 00 00 01 a5 cb 80 00 03 3b a7 2c f7 5c 64 7b 37 fd fd ac 04 64 80",""
1063,5055,"PACKET","IN",207,45,"PlayerSync","id=207 bytes=45","cf 54 00 83 00 7a 7f c0 00 19 4e 29 70 cd aa 49 91 66 bf df 10 84 00 00 00 01 a2 ea c0 00 01 15 30 18 f4 04 00 66 07 fd fd a5 04 04 80",""
1064,5055,"PACKET","IN",200,44,"VehicleSync","id=200 bytes=44","c8 92 00 2a 00 00 00 11 00 20 00 02 20 6f 70 8e be c2 a3 1b ec 32 0d b2 84 5f 0d 57 b4 2a a1 73 f3 cc 02 69 2d bb 88 5c e0 39 00 00",""
1065,5055,"PACKET","IN",203,34,"AimSync","id=203 bytes=34","cb 92 00 12 2a a8 4b 3f 5a 1c 13 bf 7c b4 44 be af c5 c1 c3 d5 2d 29 45 cd 6c 85 42 00 00 00 00 3f 37",""
1066,5055,"PACKET","IN",207,35,"PlayerSync","id=207 bytes=35","cf 1f 00 00 00 20 66 e8 30 c3 bc c9 91 7b 67 1f 10 84 00 00 00 00 97 53 00 00 00 00 00 00 01 28 00 04 11",""
1067,5055,"PACKET","IN",207,45,"PlayerSync","id=207 bytes=45","cf 4b 00 85 80 60 7f c2 00 39 58 2a 70 e2 1a c9 91 6a 40 e0 10 84 00 00 00 00 49 cb 80 00 03 30 2f 30 f6 98 67 77 33 fd fd ac 04 64 80",""
1068,5055,"PACKET","IN",207,45,"PlayerSync","id=207 bytes=45","cf 54 00 83 80 79 7f c0 00 06 8e e9 70 cc 6a 49 91 62 00 1f 50 84 00 00 00 02 fa ee c0 00 02 f5 18 18 f4 ec 01 09 e3 fd fd a5 04 04 80",""
1069,5055,"PACKET","IN",207,35,"PlayerSync","id=207 bytes=35","cf 63 00 00 00 17 d0 a3 70 f8 8a 49 91 4f e6 5e 90 80 00 00 00 00 f0 bf 80 00 00 00 00 00 01 a5 04 04 80",""
1070,5078,"PACKET","IN",207,35,"PlayerSync","id=207 bytes=35","cf 46 00 02 00 04 95 e5 70 ce d4 09 91 63 ac de d0 80 00 00 00 02 f6 a7 c0 00 00 00 00 00 01 a5 04 08 80",""
1071,5078,"PACKET","IN",207,45,"PlayerSync","id=207 bytes=45","cf 4b 00 85 80 60 7f c2 00 27 5a 6a 70 d6 db 09 91 66 41 20 10 84 00 00 00 02 f9 c7 80 00 03 f1 cb 18 f7 80 64 ab 37 fd fd ac 04 64 80",""
1072,5078,"PACKET","IN",207,45,"PlayerSync","id=207 bytes=45","cf 54 00 84 80 77 ff c0 00 26 0f a9 70 ca 6a 49 91 70 40 5f 50 84 00 00 00 01 52 ea c0 00 01 f1 14 18 f5 78 01 3d db fd fd a5 04 04 80",""
1073,5078,"PACKET","IN",200,48,"VehicleSync","id=200 bytes=48","c8 76 00 30 00 00 00 00 00 00 00 19 c0 4b 60 0e cb 57 07 af 4c 2c a8 82 44 52 45 c7 d4 25 b9 13 43 f0 10 0d 97 e6 e8 06 40 3d 00 02 3e b8 fa 84",""
1074,5079,"PACKET","IN",200,44,"VehicleSync","id=200 bytes=44","c8 92 00 2a 00 00 00 11 00 20 00 05 50 67 80 8f 0e c1 63 5b ec 3a 3d b2 84 5b bd 77 b4 21 55 5e 63 cd a2 6c ed bd d8 2c e0 39 00 00",""
1075,5105,"PACKET","IN",207,45,"PlayerSync","id=207 bytes=45","cf 54 00 85 00 77 3f c0 00 1f 90 a9 70 c8 aa 49 91 45 c0 df 50 84 00 00 00 02 2e e6 c0 00 03 35 18 18 f4 e8 01 7d e3 fd fd a5 04 04 80",""
1076,5105,"PACKET","IN",207,35,"PlayerSync","id=207 bytes=35","cf 60 00 00 00 25 ca e3 30 e5 e0 49 91 6f df 1e 90 84 00 00 00 00 ae f9 c0 00 00 00 00 00 01 28 00 04 11",""
1077,5105,"PACKET","IN",207,37,"PlayerSync","id=207 bytes=37","cf 63 00 c0 00 00 00 17 d0 a3 70 f8 8a 49 91 4f e6 5e 90 80 00 00 00 00 39 1b 80 00 00 00 00 00 01 c8 04 04 80",""
1078,5106,"PACKET","IN",207,45,"PlayerSync","id=207 bytes=45","cf 4b 00 85 00 60 7f c2 00 28 1d aa 70 e5 db 49 91 7f 81 60 10 84 00 00 00 01 45 cb 80 00 02 6b af 10 f4 60 69 d3 37 fd fd ac 04 64 80",""
1079,5106,"PACKET","IN",207,45,"PlayerSync","id=207 bytes=45","cf 54 00 86 00 75 ff c0 00 3e 91 a9 70 c6 aa 49 91 68 01 1f 50 84 00 00 00 02 ea de c0 00 01 4d 1c 18 f4 b8 00 b5 e7 fd fd a5 04 04 80",""
1080,5106,"PACKET","IN",207,35,"PlayerSync","id=207 bytes=35","cf 7c 00 00 00 03 66 28 30 f1 c4 49 d1 7b 67 1f 10 84 00 00 00 01 fe 49 80 00 00 00 00 00 01 28 00 04 11",""
1081,5138,"PACKET","IN",207,45,"PlayerSync","id=207 bytes=45","cf 54 00 86 00 75 7f c0 00 0d 92 69 70 c6 2a 49 91 57 01 5f 50 84 00 00 00 02 9e e2 c0 00 00 c1 24 18 f4 38 00 85 f3 fd fd a5 04 04 80",""
1082,5138,"PACKET","IN",207,35,"PlayerSync","id=207 bytes=35","cf 29 00 00 00 2e 09 a5 b0 d1 c9 c9 d1 6c 24 9f 10 80 00 00 00 01 7d 63 c0 00 00 00 00 00 01 a5 04 e8 80",""
1083,5138,"PACKET","IN",207,45,"PlayerSync","id=207 bytes=45","cf 4b 00 85 00 60 7f c2 00 2b 20 6a 70 e8 5b 89 91 4c 01 e0 10 84 00 00 00 03 61 c7 80 00 00 4e 93 04 f6 d8 67 cb 33 fd fd ac 04 64 80",""
1084,5139,"PACKET","IN",207,45,"PlayerSync","id=207 bytes=45","cf 54 00 86 80 74 ff c0 00 1b 92 e9 70 c5 6a 49 91 47 01 9f 50 84 00 00 00 02 aa de c0 00 01 61 20 18 f4 6c 03 31 eb fd fd a5 04 04 80",""
1085,5139,"PACKET","IN",200,44,"VehicleSync","id=200 bytes=44","c8 92 00 2a 00 00 00 11 00 20 00 08 e0 6e 60 7f 4e c7 93 cb ec 39 6d c2 84 55 9d 87 b4 2b 9c f3 83 da 72 6a 7d b1 97 fc e0 39 00 00",""
1086,5139,"PACKET","IN",207,35,"PlayerSync","id=207 bytes=35","cf 3d 00 00 00 39 94 e5 b0 e4 03 c9 d1 6c 24 9f 10 80 00 00 00 02 af cd c0 00 00 00 00 00 01 28 00 04 11",""
1087,5139,"PACKET","IN",207,45,"PlayerSync","id=207 bytes=45","cf 4b 00 84 80 60 7f c2 00 36 62 6a 70 d9 db c9 91 44 42 20 10 84 00 00 00 01 69 cb 80 00 01 fb 77 08 f4 1c 69 77 37 fd fd ac 04 64 80",""
1088,5139,"PACKET","IN",207,45,"PlayerSync","id=207 bytes=45","cf 54 00 86 80 74 7f c0 00 0c 54 29 70 c4 6a 49 91 6b 01 df 50 84 00 00 00 01 6a e2 c0 00 00 fe 9c 68 f4 30 01 d9 f3 fd fd a5 04 04 80",""
1089,5140,"PACKET","OUT",207,69,"PlayerSync","id=207 bytes=69","cf 00 00 00 00 00 00 22 90 8d c3 0a 85 26 45 6a 86 7a 42 f5 21 4f 3f 00 00 00 00 00 00 00 00 89 70 16 3f 64 00 00 00 00 00 00 00 00 00 00 00 00 00 00 00 00 00 00 00 00 00 00 00 00 00 00 00 00 00 28 00 04 11",""
1090,5161,"PACKET","IN",207,35,"PlayerSync","id=207 bytes=35","cf 1a 00 00 00 37 65 23 70 da 69 09 91 4b 21 de 90 80 00 00 00 00 b3 19 80 00 00 00 00 00 01 28 00 04 11",""
1091,5162,"PACKET","IN",203,34,"AimSync","id=203 bytes=34","cb 1a 00 04 95 6d 17 3f 4c 18 4a bf 23 f6 27 be 71 53 8e c3 34 c4 26 45 61 94 7e 42 00 00 00 00 3f 36",""
1092,5162,"PACKET","IN",207,45,"PlayerSync","id=207 bytes=45","cf 54 00 87 00 73 ff c0 00 30 d4 a9 70 c3 aa 49 91 62 02 1f 50 84 00 00 00 01 ce de c0 00 02 02 a8 68 f4 58 00 f1 ef fd fd a5 04 04 80",""
1093,5162,"PACKET","IN",200,48,"VehicleSync","id=200 bytes=48","c8 76 00 30 00 00 00 00 00 00 00 36 70 4c 30 0e 5b 5f 83 ef ac 26 28 82 44 59 16 57 d4 27 3b 83 23 f0 10 0d 27 e5 68 06 40 3d 00 03 06 ca fa 84",""
1094,5162,"PACKET","IN",207,35,"PlayerSync","id=207 bytes=35","cf 85 00 00 00 2b 0b 62 b0 d7 e8 c9 91 50 59 de 90 84 00 00 00 03 a8 31 80 00 00 00 00 00 01 28 00 04 11",""
1095,5162,"PACKET","IN",200,44,"VehicleSync","id=200 bytes=44","c8 92 00 2a 00 00 00 11 00 20 00 0b 50 67 90 7f 7e c7 a4 7b ec 3f ed d2 84 56 9d 57 b4 2f 0f e7 d3 d8 32 66 ed bf 87 bc e0 39 00 00",""
1096,5162,"RPC","IN",86,27,"ApplyPlayerAnimation","id=86 bytes=27","51 00 07 42 44 5f 46 49 52 45 07 77 61 73 68 5f 75 70 33 33 83 40 80 00 00 00 00",""
1097,5162,"PACKET","IN",207,45,"PlayerSync","id=207 bytes=45","cf 54 00 87 80 73 7f c0 00 19 15 69 70 c3 2a 49 91 59 02 5f 50 84 00 00 00 02 76 da c0 00 01 ca ac 68 f4 30 02 1d f3 fd fd a5 04 04 80",""
1098,5187,"PACKET","IN",207,45,"PlayerSync","id=207 bytes=45","cf 4b 00 84 80 60 7f c2 00 0b a4 ea 70 d2 1c 09 91 45 02 60 10 84 00 00 00 00 51 cb 80 00 00 3b e3 14 f6 c0 67 a7 33 fd fd ac 04 64 80",""
1099,5187,"PACKET","IN",207,45,"PlayerSync","id=207 bytes=45","cf 54 00 87 80 72 ff c0 00 3c 95 e9 70 c2 ea 49 91 4d c2 9f 50 84 00 00 00 01 8e de c0 00 01 3a b0 68 f4 14 02 e9 f7 fd fd a5 04 04 80",""
1100,5188,"PACKET","IN",207,43,"PlayerSync","id=207 bytes=43","cf 63 00 c0 00 00 00 0f 4d a3 70 d1 8a c9 91 66 65 de 90 80 00 00 00 02 7e 33 80 00 02 f7 2c 44 f7 03 aa 77 1b fd fd c8 04 04 80",""
1101,5188,"PACKET","IN",207,45,"PlayerSync","id=207 bytes=45","cf 4b 00 84 00 60 7f c2 00 35 a7 ea 70 de 9c 49 91 5c 42 a0 10 84 00 00 00 02 bd cb 80 00 03 fb cf 28 f7 78 64 a3 37 fd fd ac 04 64 80",""
1102,5188,"PACKET","IN",207,45,"PlayerSync","id=207 bytes=45","cf 54 00 88 80 72 bf c0 00 22 16 a9 70 c2 6a 49 91 44 02 df 50 84 00 00 00 02 82 d2 c0 00 02 12 ac 68 f4 2c 02 7d f3 fd fd a5 04 04 80",""
1103,5221,"PACKET","IN",207,45,"PlayerSync","id=207 bytes=45","cf 4b 00 84 00 60 7f c2 00 08 aa ea 70 e2 1c 89 91 6b 82 e0 10 84 00 00 00 01 41 cb 80 00 01 10 bf 3c f5 dc 66 7b 33 fd fd ac 04 64 80",""
1104,5222,"PACKET","IN",200,44,"VehicleSync","id=200 bytes=44","c8 92 00 2a 00 0e 00 11 00 20 00 0b a0 65 40 7f 6e cf 15 4b ec 3b 7d f2 84 5d 3c e7 b4 2c 95 89 e3 dd 02 69 ad bd 27 9c e0 39 00 00",""
1105,5222,"PACKET","IN",207,35,"PlayerSync","id=207 bytes=35","cf 97 00 00 00 09 a6 25 b0 d5 fd 09 91 6c 24 9f 10 84 00 00 00 00 3b eb e8 00 00 00 00 00 01 28 00 04 11",""
1106,5222,"PACKET","IN",207,45,"PlayerSync","id=207 bytes=45","cf 54 00 88 80 72 3f c0 00 2b 97 e9 70 c2 6a 49 91 6c 83 1f 50 84 00 00 00 01 32 d6 c0 00 01 da b8 68 f4 00 02 ee 03 fd fd a5 04 04 80",""
1107,5222,"PACKET","IN",200,48,"VehicleSync","id=200 bytes=48","c8 76 00 30 00 00 00 00 00 20 00 16 a0 50 00 0d fb 5c 0c 3f ec 20 a8 82 44 5f 56 77 d4 20 01 62 c3 f0 10 0c 47 ef 27 f6 40 3d 00 03 b8 ce fa 84",""
1108,5246,"PACKET","IN",207,45,"PlayerSync","id=207 bytes=45","cf 4b 00 83 80 60 7f c2 00 2e ed ea 70 ed dc c9 91 43 03 60 10 84 00 00 00 03 95 cb 80 00 02 d6 43 58 f6 d8 67 cf 33 fd fd ac 04 64 80",""
1109,5247,"PACKET","IN",207,45,"PlayerSync","id=207 bytes=45","cf 54 00 89 00 71 ff c0 00 33 19 29 70 c2 6a 49 91 54 03 9f 50 84 00 00 00 00 2a d2 c0 00 02 f6 b4 68 f4 00 03 19 ff fd fd a5 04 04 80",""
1110,5248,"PACKET","IN",200,44,"VehicleSync","id=200 bytes=44","c8 92 00 2a 00 73 00 11 00 20 00 07 50 67 30 7c 8e c8 66 7b ec 34 8e 22 84 5e ec 17 b4 2e 09 bc 03 dd b2 c0 0e 12 b7 8c e0 39 00 00",""
1111,5248,"PACKET","IN",207,45,"PlayerSync","id=207 bytes=45","cf 4b 00 83 80 60 7f c2 00 2d 31 aa 70 c7 1d 49 91 6c 83 a0 10 84 00 00 00 02 49 cb 80 00 01 53 0f 68 f5 48 65 b7 33 fd fd ac 04 64 80",""
1112,5277,"PACKET","IN",207,45,"PlayerSync","id=207 bytes=45","cf 54 00 89 80 71 bf c0 00 1e 5b 29 70 c3 2a 49 91 6c c4 1f 50 84 00 00 00 02 da ca c0 00 02 9a b8 68 f4 04 00 4a 07 fd fd a5 04 04 80",""
1113,5277,"PACKET","IN",207,43,"PlayerSync","id=207 bytes=43","cf 63 00 c0 00 00 00 2b 88 23 70 ed 0a c9 91 68 65 5e 90 80 00 00 00 03 2b 1b 80 00 00 29 fc 74 f7 7f fd 85 eb fd fd c8 04 04 80",""
1114,5278,"PACKET","IN",207,45,"PlayerSync","id=207 bytes=45","cf 4b 00 83 00 60 7f c2 00 0e 34 ea 70 d2 1d 89 91 44 04 20 10 84 00 00 00 00 71 cf 80 00 03 a0 07 7c f6 28 66 df 33 fd fd ac 04 64 80",""
1115,5278,"PACKET","IN",207,45,"PlayerSync","id=207 bytes=45","cf 54 00 89 80 71 3f c0 00 22 5b a9 70 c3 aa 49 91 54 c4 5f 50 84 00 00 00 02 06 ce c0 00 01 d9 af e4 f0 28 00 ee 0f fd fd a5 04 04 80",""
1116,5278,"PACKET","IN",207,35,"PlayerSync","id=207 bytes=35","cf 9a 00 00 00 05 5a 28 30 df c8 49 d1 7b 67 1f 10 84 00 00 00 01 79 f3 c0 00 00 00 00 00 01 28 00 04 11",""
1117,5303,"PACKET","IN",200,44,"VehicleSync","id=200 bytes=44","c8 92 00 2a 00 7b 00 11 00 20 00 00 60 69 c0 73 be cf 37 7b ec 3e 2e 42 84 5e fb 37 b4 25 e4 8d c3 da 43 2a 1e 59 c7 7c e0 39 00 00",""
1118,5304,"PACKET","IN",207,35,"PlayerSync","id=207 bytes=35","cf 9e 00 00 00 1c f8 2a 70 db 9f c9 d1 67 05 5f 50 84 00 00 00 03 fa 9a 40 00 00 00 00 00 01 a5 04 04 80",""
1119,5304,"PACKET","IN",207,45,"PlayerSync","id=207 bytes=45","cf 4b 00 82 80 60 7f c2 00 0e f8 2a 70 df 5d c9 91 60 04 60 10 84 00 00 00 02 e9 cf 80 00 02 84 d7 8c f4 b4 64 ef 33 fd fd ac 04 64 80",""
1120,5304,"PACKET","IN",207,35,"PlayerSync","id=207 bytes=35","cf 49 00 00 00 05 d5 25 b0 dd 8f 09 d1 6c 24 9f 10 80 00 00 00 01 eb 77 c0 00 00 00 00 00 01 28 00 04 11",""
1121,5304,"PACKET","IN",200,48,"VehicleSync","id=200 bytes=48","c8 76 00 30 00 00 00 00 00 20 00 14 10 64 b0 1d 9b 56 10 e0 2c 39 e8 72 44 5d 96 37 d4 26 29 a2 13 f0 10 0b c7 eb 97 f6 40 3d 00 03 72 c6 fa 84",""
1122,5336,"PACKET","IN",207,35,"PlayerSync","id=207 bytes=35","cf 46 00 02 00 04 95 e5 70 ce d4 09 91 63 2c de d0 80 00 00 00 02 f6 a7 c0 00 00 00 00 00 01 a5 04 08 80",""
1123,5337,"PACKET","IN",207,45,"PlayerSync","id=207 bytes=45","cf 4b 00 82 80 60 7f c2 00 3d 3a 6a 70 d8 5e 09 91 66 04 a0 10 84 00 00 00 01 d1 cf 80 00 01 ca ab 98 f7 14 62 b7 2f fd fd ac 04 64 80",""
1124,5337,"PACKET","IN",207,45,"PlayerSync","id=207 bytes=45","cf 54 00 8a 00 70 3f c0 00 35 1d e9 70 c5 6a 49 91 4a 85 1f 50 84 00 00 00 01 a6 ce c0 00 02 5f 78 2c f4 1c 02 ba 0b fd fd a5 04 04 80",""
1125,5337,"PACKET","IN",200,44,"VehicleSync","id=200 bytes=44","c8 92 00 2a 00 7c 00 11 00 20 00 0a 10 5c 00 77 9e b2 78 6b ec 34 8e 72 84 56 6a 77 b4 2c 33 9e f3 d9 93 5d 6e 7e 17 7c e0 39 00 00",""
1126,5338,"PACKET","IN",207,45,"PlayerSync","id=207 bytes=45","cf 4b 00 82 00 60 7f c2 00 25 fd 2a 70 d7 1e 49 91 72 04 e0 10 84 00 00 00 00 a9 d3 80 00 00 c7 5b a4 f7 cc 63 b3 2f fd fd ac 04 64 80",""
1127,5338,"PACKET","IN",207,45,"PlayerSync","id=207 bytes=45","cf 54 00 8a 80 6f ff c0 00 07 de e9 70 c5 ea 49 91 4b 45 5f 50 84 00 00 00 01 9a ca c0 00 03 cb 20 38 f4 14 01 06 0b fd fd a5 04 04 80",""
1128,5338,"PACKET","IN",207,43,"PlayerSync","id=207 bytes=43","cf 63 00 c0 00 00 00 04 c2 a3 70 c5 4a c9 91 44 25 1e 90 80 00 00 00 02 8b 1f 80 00 03 7e 18 e0 f7 df f1 3d 93 fd fd c8 04 04 80",""
1129,5338,"PACKET","IN",207,35,"PlayerSync","id=207 bytes=35","cf 94 00 00 00 10 3e 66 b0 ef 39 c9 91 7b 67 1f 10 84 00 00 00 02 9a 53 c0 00 00 00 00 00 01 a5 04 e8 80",""
1130,5338,"PACKET","IN",203,34,"AimSync","id=203 bytes=34","cb 94 00 04 a0 dc ce 3e be 85 5e bf ca e6 91 be 18 66 9b c3 01 05 27 45 af b4 80 42 00 00 00 00 3f 21",""
1131,5364,"PACKET","IN",207,45,"PlayerSync","id=207 bytes=45","cf 54 00 8b 00 6f 7f c0 00 31 9f 69 70 c6 6a 49 91 7f 05 5f 50 84 00 00 00 03 3a c6 c0 00 01 8c b0 48 f4 34 02 ae 0f fd fd a5 04 04 80",""
1132,5364,"RPC","IN",87,2,"ClearPlayerAnimation","id=87 bytes=2","0b 00",""
1133,5365,"RPC","IN",86,29,"ApplyPlayerAnimation","id=86 bytes=29","0b 00 05 43 41 52 52 59 0b 63 72 72 79 5f 70 72 74 69 61 6c 33 33 83 40 00 00 00 00 00",""
1134,5365,"RPC","IN",86,27,"ApplyPlayerAnimation","id=86 bytes=27","94 00 07 42 44 5f 46 49 52 45 07 77 61 73 68 5f 75 70 33 33 83 40 80 00 00 00 00",""
1135,5365,"PACKET","IN",207,45,"PlayerSync","id=207 bytes=45","cf 4b 00 82 00 60 7f c2 00 39 80 ea b0 f0 1e 89 91 62 05 60 10 84 00 00 00 03 e9 cf 80 00 01 a9 c3 b0 f5 ec 61 23 2f fd fd ac 04 64 80",""
1136,5365,"PACKET","IN",207,35,"PlayerSync","id=207 bytes=35","cf 51 00 00 00 30 e3 68 30 f6 0c 09 d1 7b 67 1f 10 84 00 00 00 02 e7 67 c0 00 00 00 00 00 01 28 00 04 11",""
1137,5366,"PACKET","IN",207,45,"PlayerSync","id=207 bytes=45","cf 54 00 8b 00 6f 3f c0 00 13 e0 29 70 c7 2a 49 91 6f 85 9f 50 84 00 00 00 00 5a ca c0 00 03 61 0c 60 f4 50 01 fe 13 fd fd a5 04 04 80",""
1138,5366,"PACKET","IN",200,44,"VehicleSync","id=200 bytes=44","c8 92 00 2a 00 7c 00 11 00 20 00 04 50 5d 70 74 1e a3 c9 7b ec 33 6e a2 84 5a 79 97 b4 2a 13 c0 33 e2 b3 64 de 8b 17 8c e0 39 00 00",""
1139,5394,"PACKET","IN",207,45,"PlayerSync","id=207 bytes=45","cf 63 00 c0 00 60 3f c0 00 09 ff 23 30 ec ca 89 91 46 a4 de 90 80 00 00 00 01 aa fb 80 00 01 3d 89 2c f7 df f1 3d 93 fd fd c8 04 04 80",""
1140,5395,"RPC","IN",99,42,"MoveObject","id=99 bytes=42","a1 00 f8 e3 a1 c3 d7 9b 26 45 ed 5e 7b 42 f8 e3 a1 c3 d7 9b 26 45 53 c5 7d 42 00 00 80 3e 00 00 00 00 00 00 00 00 08 cc 84 43",""
1141,5395,"RPC","IN",122,2,"StopObject","id=122 bytes=2","a1 00",""
1142,5395,"RPC","IN",99,42,"MoveObject","id=99 bytes=42","a1 00 f8 e3 a1 c3 d7 9b 26 45 ed 5e 7b 42 f8 e3 a1 c3 d7 9b 26 45 ed 5e 7b 42 00 00 80 3e 00 00 00 00 00 00 00 00 08 cc 84 43",""
1143,5395,"RPC","IN",122,2,"StopObject","id=122 bytes=2","a1 00",""
1144,5395,"RPC","IN",99,42,"MoveObject","id=99 bytes=42","a1 00 f8 e3 a1 c3 d7 9b 26 45 ed 5e 7b 42 f8 e3 a1 c3 d7 9b 26 45 53 c5 7d 42 00 00 80 3e 00 00 00 00 00 00 00 00 08 cc 84 43",""
1145,5395,"RPC","IN",122,2,"StopObject","id=122 bytes=2","a1 00",""
1146,5395,"RPC","IN",99,42,"MoveObject","id=99 bytes=42","a1 00 f8 e3 a1 c3 d7 9b 26 45 ed 5e 7b 42 f8 e3 a1 c3 d7 9b 26 45 ed 5e 7b 42 00 00 80 3e 00 00 00 00 00 00 00 00 08 cc 84 43",""
1147,5396,"RPC","IN",122,2,"StopObject","id=122 bytes=2","a1 00",""
1148,5396,"RPC","IN",99,42,"MoveObject","id=99 bytes=42","a1 00 f8 e3 a1 c3 d7 9b 26 45 ed 5e 7b 42 f8 e3 a1 c3 d7 9b 26 45 53 c5 7d 42 00 00 80 3e 00 00 00 00 00 00 00 00 08 cc 84 43",""
1149,5396,"RPC","IN",122,2,"StopObject","id=122 bytes=2","a1 00",""
1150,5396,"RPC","IN",99,42,"MoveObject","id=99 bytes=42","a1 00 f8 e3 a1 c3 d7 9b 26 45 ed 5e 7b 42 f8 e3 a1 c3 d7 9b 26 45 ed 5e 7b 42 00 00 80 3e 00 00 00 00 00 00 00 00 08 cc 84 43",""
1151,5396,"RPC","IN",122,2,"StopObject","id=122 bytes=2","a1 00",""
1152,5396,"RPC","IN",99,42,"MoveObject","id=99 bytes=42","a1 00 f8 e3 a1 c3 d7 9b 26 45 ed 5e 7b 42 f8 e3 a1 c3 d7 9b 26 45 53 c5 7d 42 00 00 80 3e 00 00 00 00 00 00 00 00 08 cc 84 43",""
1153,5396,"RPC","IN",122,2,"StopObject","id=122 bytes=2","a1 00",""
1154,5396,"RPC","IN",99,42,"MoveObject","id=99 bytes=42","a1 00 f8 e3 a1 c3 d7 9b 26 45 ed 5e 7b 42 f8 e3 a1 c3 d7 9b 26 45 ed 5e 7b 42 00 00 80 3e 00 00 00 00 00 00 00 00 08 cc 84 43",""
1155,5396,"RPC","IN",122,2,"StopObject","id=122 bytes=2","a1 00",""
1156,5396,"RPC","IN",99,42,"MoveObject","id=99 bytes=42","a1 00 f8 e3 a1 c3 d7 9b 26 45 ed 5e 7b 42 f8 e3 a1 c3 d7 9b 26 45 53 c5 7d 42 00 00 80 3e 00 00 00 00 00 00 00 00 08 cc 84 43",""
1157,5396,"RPC","IN",122,2,"StopObject","id=122 bytes=2","a1 00",""
1158,5396,"RPC","IN",99,42,"MoveObject","id=99 bytes=42","a1 00 f8 e3 a1 c3 d7 9b 26 45 ed 5e 7b 42 f8 e3 a1 c3 d7 9b 26 45 ed 5e 7b 42 00 00 80 3e 00 00 00 00 00 00 00 00 08 cc 84 43",""
1159,5421,"PACKET","IN",207,45,"PlayerSync","id=207 bytes=45","cf 4b 00 81 80 60 7f c2 00 08 48 6a b0 db 1f 49 91 75 46 20 10 84 00 00 00 01 a9 d3 80 00 00 c2 3b a8 f7 10 62 b7 2f fd fd ac 04 64 80",""
1160,5422,"PACKET","IN",200,48,"VehicleSync","id=200 bytes=48","c8 76 00 30 00 00 00 00 00 20 00 1c 50 55 e0 1d 6b 57 28 e0 4c 33 b8 72 44 58 b6 07 d4 2b d1 21 73 f0 10 0c 77 ef 17 f6 40 3d 00 02 da c0 fa 84",""
1161,5422,"PACKET","IN",207,35,"PlayerSync","id=207 bytes=35","cf 7e 00 00 00 11 42 a6 f0 c0 4b 89 d1 7b 67 1f 10 84 00 00 00 00 c6 1b 94 00 00 00 00 00 01 28 00 04 11",""
1162,5422,"PACKET","IN",200,44,"VehicleSync","id=200 bytes=44","c8 92 00 2a 00 7c 00 11 00 20 00 01 30 5d 10 7b fe 84 aa 9b ec 34 8e d2 84 5b d8 c7 b4 28 2e f0 d3 ee d3 47 5e 76 37 9c e0 39 00 00",""
1163,5453,"PACKET","IN",207,35,"PlayerSync","id=207 bytes=35","cf 0b 00 00 00 1a fc 26 b0 c0 43 09 d1 7b 67 1f 10 84 00 00 00 03 32 4b c0 00 00 00 00 00 01 a5 04 e8 80",""
1164,5454,"PACKET","IN",207,35,"PlayerSync","id=207 bytes=35","cf 46 00 02 00 04 95 e5 70 ce d4 09 91 63 ac de d0 80 00 00 00 02 f6 a7 c0 00 00 00 00 00 01 a5 04 08 80",""
1165,5454,"PACKET","IN",207,45,"PlayerSync","id=207 bytes=45","cf 4b 00 81 80 60 7f c2 00 22 cd aa b0 d7 5f c9 91 4e 86 e0 10 84 00 00 00 00 45 d3 80 00 03 b2 27 9c f5 d0 60 fb 2f fd fd ac 04 64 80",""
1166,5454,"PACKET","IN",200,44,"VehicleSync","id=200 bytes=44","c8 92 00 2a 00 7c 00 11 00 00 00 0f c0 4c 90 7b ee 62 1b eb ec 3c 5f 02 84 52 77 f7 b4 2b fc f1 03 e4 83 40 5e 7d f7 9c e0 39 00 00",""
1167,5454,"PACKET","IN",207,45,"PlayerSync","id=207 bytes=45","cf 4b 00 81 80 60 7f c2 00 13 d0 2a b0 d0 60 09 91 51 87 20 10 84 00 00 00 03 c5 cf 80 00 02 72 2f 9c f6 2c 61 7b 2f fd fd ac 04 64 80",""
1168,5478,"PACKET","IN",207,35,"PlayerSync","id=207 bytes=35","cf 46 00 02 00 04 95 e5 70 ce d4 09 91 63 2c de d0 80 00 00 00 02 f6 a7 c0 00 00 00 00 00 01 a5 04 08 80",""
1169,5479,"PACKET","IN",207,35,"PlayerSync","id=207 bytes=35","cf 53 00 00 00 1d d4 e5 b0 ff cc 49 d1 6c e4 9f 10 80 00 00 00 03 52 2a c0 00 00 00 00 00 01 a5 04 04 80",""
1170,5479,"PACKET","IN",207,45,"PlayerSync","id=207 bytes=45","cf 63 00 c0 00 60 3f c0 00 25 f8 a3 30 ff 8a 89 91 77 a4 1e 90 80 00 00 00 00 f2 2b 80 00 01 ce d1 24 f4 7f f1 02 7f fd fd c8 04 04 80",""
1171,5479,"PACKET","IN",203,34,"AimSync","id=203 bytes=34","cb 63 00 04 d1 7e 4a 3e 79 ab 77 3f d0 a2 21 be 4f 3e 8d c3 14 fb 25 45 10 e9 7e 42 00 00 00 00 3f 55",""
1172,5479,"PACKET","IN",200,48,"VehicleSync","id=200 bytes=48","c8 76 00 30 00 00 00 00 00 00 00 3b 10 39 20 0d 0b 57 df 80 6c 3e 08 62 44 5a b6 07 d4 25 32 d1 53 f0 10 0d f7 e1 88 06 40 3d 00 03 26 c0 fa 84",""
1173,5480,"PACKET","IN",200,44,"VehicleSync","id=200 bytes=44","c8 92 00 2a 00 7c 00 11 00 00 00 0e 00 43 20 80 6e 48 4d 6b ec 39 af 42 84 5a 47 07 b4 29 3c 40 73 ec 93 06 1e 44 97 ac e0 39 00 00",""
1174,5480,"PACKET","IN",203,34,"AimSync","id=203 bytes=34","cb 92 00 12 92 03 58 3f e1 ce fd be 79 7f 52 be fe a3 c2 c3 17 3c 29 45 bb 78 85 42 00 00 00 00 3f 37",""
1175,5480,"PACKET","IN",207,35,"PlayerSync","id=207 bytes=35","cf 94 00 00 00 10 3e 66 b0 ef 39 c9 91 7b 67 1f 10 84 00 00 00 02 9a 53 c0 00 00 00 00 00 01 28 00 04 11",""
1176,5480,"RPC","IN",138,3,"ServerQuit","id=138 bytes=3","02 00 02",""
1177,5498,"PACKET","OUT",203,32,"AimSync","id=203 bytes=32","cb 00 00 00 39 05 00 00 00 00 00 00 00 00 00 00 00 40 01 00 00 00 80 3f 00 00 f3 04 b5 3f 39 05",""
1178,5506,"PACKET","IN",207,35,"PlayerSync","id=207 bytes=35","cf 1c 00 00 00 2d 02 a6 f0 e0 10 09 d1 7b 67 1f 10 84 00 00 00 00 15 5f 00 00 00 00 00 00 01 28 00 04 11",""
1179,5507,"PACKET","IN",207,45,"PlayerSync","id=207 bytes=45","cf 4b 00 81 80 60 7f c2 00 33 53 aa b0 e5 20 49 91 74 87 60 10 84 00 00 00 03 55 cf 80 00 03 7e 2f 9c f6 80 61 f3 2f fd fd ac 04 64 80",""
1180,5507,"RPC","IN",16,16,"PlaySound","id=16 bytes=16","43 51 00 00 00 00 00 00 00 00 00 00 00 00 00 00",""
1181,5507,"RPC","IN",134,80,"ShowTextDraw","id=134 bytes=80","2c 08 11 9a 99 19 3f 00 00 00 40 1a ff 00 aa cd cc f4 41 00 00 a0 41 00 00 00 32 00 01 00 00 00 ff 04 00 00 00 59 43 00 00 b8 43 00 00 00 00 00 00 00 00 00 00 00 00 00 00 00 00 80 3f ff ff ff ff 0d 00 6c 64 5f 64 75 61 6c 3a 77 68 69 74 65",""
1182,5507,"RPC","IN",105,7,"TextDrawSetString","id=105 bytes=7","26 08 03 00 31 30 30",""
1183,5507,"RPC","IN",105,5,"TextDrawSetString","id=105 bytes=5","27 08 01 00 30",""
1184,5507,"RPC","IN",105,6,"TextDrawSetString","id=105 bytes=6","28 08 02 00 35 30",""
1185,5507,"RPC","IN",105,5,"TextDrawSetString","id=105 bytes=5","29 08 01 00 39",""
1186,5507,"RPC","IN",105,7,"TextDrawSetString","id=105 bytes=7","2a 08 03 00 31 30 30",""
1187,5546,"PACKET","IN",207,45,"PlayerSync","id=207 bytes=45","cf 4b 00 81 80 60 7f c2 00 29 d6 2a b0 de e0 89 91 77 87 a0 10 84 00 00 00 02 bd cf 80 00 00 ae 33 9c f6 cc 62 57 2f fd fd ac 04 64 80",""
1188,5546,"PACKET","IN",207,45,"PlayerSync","id=207 bytes=45","cf 54 00 8c 80 69 7f c0 00 21 2c 69 70 d2 6a 49 91 7d 8b 5f 50 84 00 00 00 01 92 d2 c0 00 00 96 c9 cc f4 04 00 42 07 fd fd a5 04 04 80",""
1189,5547,"PACKET","IN",207,43,"PlayerSync","id=207 bytes=43","cf 63 00 60 3f c0 00 30 34 a3 30 cc cb 09 91 40 23 de 90 80 00 00 00 01 dd 8f 80 00 00 a6 05 90 f6 13 97 d3 37 fd fd c8 04 04 80",""
1190,5547,"PACKET","IN",207,35,"PlayerSync","id=207 bytes=35","cf 70 00 00 00 23 1c 6a 70 ef f1 c9 91 61 b3 df 90 80 00 00 00 02 93 6f 00 00 00 00 00 00 01 00 00 00 80",""
1191,5547,"PACKET","IN",200,44,"VehicleSync","id=200 bytes=44","c8 92 00 2a 00 7d 00 11 00 00 00 0d 70 4b 90 82 ee 11 ee eb ec 31 2f 82 84 55 26 37 b4 25 2c bf f3 de d2 d0 de 23 97 ac e0 39 00 00",""
1192,5548,"PACKET","IN",207,45,"PlayerSync","id=207 bytes=45","cf 4b 00 81 80 60 7f c2 00 3b 5b 2a b0 d5 e1 09 91 41 48 60 10 84 00 00 00 02 59 cf 80 00 01 75 bb c4 f7 30 62 df 2f fd fd ac 04 64 80",""
1193,5548,"PACKET","IN",207,35,"PlayerSync","id=207 bytes=35","cf 4d 00 00 00 02 00 23 30 e6 e4 09 91 70 1e 9e 90 84 00 00 00 03 da d0 80 00 00 00 00 00 01 28 00 04 11",""
1194,5548,"PACKET","IN",207,45,"PlayerSync","id=207 bytes=45","cf 54 00 8c 80 69 3f c0 00 30 2d 69 70 d2 aa 49 91 50 4c 1f 50 84 00 00 00 02 12 d2 c0 00 01 10 05 e0 f4 00 03 82 03 fd fd a5 04 04 80",""
1195,5548,"PACKET","IN",207,45,"PlayerSync","id=207 bytes=45","cf 4b 00 81 80 60 7f c2 00 17 9d ea b0 d3 61 49 91 48 08 a0 10 84 00 00 00 01 a1 cf 80 00 03 58 c3 e0 f7 74 63 3b 2f fd fd ac 04 64 80",""
1196,5548,"PACKET","IN",207,45,"PlayerSync","id=207 bytes=45","cf 54 00 8c 00 68 3f c0 00 19 af a9 70 d2 ea 49 91 7d 8d 1f 50 84 00 00 00 00 62 da c0 00 03 ce c9 f0 f4 00 00 ca 03 fd fd a5 04 04 80",""
1197,5548,"PACKET","IN",200,48,"VehicleSync","id=200 bytes=48","c8 76 00 30 00 00 00 00 00 00 00 36 20 4e 60 0c bb 54 35 90 9c 39 28 62 44 56 15 b7 d4 26 d5 21 33 f0 10 00 17 f5 e7 f6 40 3d 00 02 9a b6 fa 84",""
1198,5549,"RPC","IN",87,2,"ClearPlayerAnimation","id=87 bytes=2","97 00",""
1199,5549,"RPC","IN",86,29,"ApplyPlayerAnimation","id=86 bytes=29","97 00 05 43 41 52 52 59 0b 63 72 72 79 5f 70 72 74 69 61 6c 33 33 83 40 00 00 00 00 00",""
1200,5577,"PACKET","IN",207,45,"PlayerSync","id=207 bytes=45","cf 54 00 8c 00 67 ff c0 00 14 b0 e9 70 d2 6a 49 91 6b 0d df 50 84 00 00 00 00 b2 da c0 00 00 80 6e 08 f4 08 01 dd fb fd fd a5 04 04 80",""
1201,5577,"PACKET","IN",200,44,"VehicleSync","id=200 bytes=44","c8 92 00 2a 00 00 00 11 00 00 00 00 b0 50 90 97 4d e5 d0 4b fc 30 df b2 84 51 65 77 b4 25 f0 3f 43 d8 22 74 8d ce 87 9c e0 39 00 00",""
1202,5578,"PACKET","IN",207,45,"PlayerSync","id=207 bytes=45","cf 4b 00 81 80 60 7f c2 00 3a e3 6a b0 d8 a1 c9 91 5f 89 20 10 84 00 00 00 00 f1 cf 80 00 03 81 ef f0 f4 28 64 2f 33 fd fd ac 04 64 80",""
1203,5578,"PACKET","IN",207,45,"PlayerSync","id=207 bytes=45","cf 54 00 8b 80 67 7f c0 00 05 32 29 70 d1 ea 49 91 52 ce 9f 50 84 00 00 00 01 36 de c0 00 02 a9 42 10 f4 08 01 69 fb fd fd a5 04 04 80",""
1204,5578,"PACKET","IN",207,41,"PlayerSync","id=207 bytes=41","cf 63 00 00 00 1d b1 a3 30 fb 8b 49 91 4b a3 5e 90 80 00 00 00 03 dc fb 80 00 03 fd 82 10 f4 a7 47 e3 8b fd fd a5 04 04 80",""
1205,5602,"PACKET","IN",207,35,"PlayerSync","id=207 bytes=35","cf 1f 00 00 00 20 66 e8 30 c3 bc c9 91 7b 67 1f 10 84 00 00 00 00 97 53 00 00 00 00 00 00 01 28 00 04 11",""
1206,5603,"PACKET","IN",207,45,"PlayerSync","id=207 bytes=45","cf 4b 00 81 80 60 7f c2 00 22 66 2a b0 d7 62 09 91 67 09 60 10 84 00 00 00 00 8d cf 80 00 03 94 93 f4 f4 64 64 7f 33 fd fd ac 04 64 80",""
1207,5603,"PACKET","IN",207,45,"PlayerSync","id=207 bytes=45","cf 54 00 8a 80 66 3f c0 00 2c 34 69 70 cf 6a 49 91 6b 0f df 50 84 00 00 00 02 5a e6 c0 00 03 a1 a6 24 f4 64 03 b5 eb fd fd a5 04 04 80",""
1208,5631,"PACKET","IN",207,45,"PlayerSync","id=207 bytes=45","cf 4b 00 81 80 60 7f c2 00 05 e8 ea b0 d5 e2 49 91 6d c9 a0 10 84 00 00 00 00 39 cf 80 00 00 1f af ec f4 a4 64 d7 33 fd fd ac 04 64 80",""
1209,5631,"PACKET","IN",207,45,"PlayerSync","id=207 bytes=45","cf 54 00 8a 00 65 bf c0 00 2d b5 a9 70 cd 6a 49 91 61 50 9f 50 84 00 00 00 02 46 ea c0 00 03 91 0a 38 f4 a8 01 cd e7 fd fd a5 04 04 80",""
1210,5632,"PACKET","IN",207,35,"PlayerSync","id=207 bytes=35","cf 60 00 00 00 25 ca e3 30 e5 e0 49 91 6f df 1e 90 84 00 00 00 00 ae f9 c0 00 00 00 00 00 01 28 00 04 11",""
1211,5632,"PACKET","IN",200,48,"VehicleSync","id=200 bytes=48","c8 76 00 30 00 00 00 00 00 00 00 33 d0 57 a0 1c 4b 59 f3 b0 bc 35 c8 62 44 53 e4 d7 d4 2c bd a1 13 f0 20 00 a7 ff 17 e6 40 3d 00 02 44 9a fa 84",""
1212,5632,"PACKET","IN",200,44,"VehicleSync","id=200 bytes=44","c8 92 00 2a 00 00 00 11 00 00 00 0c d0 50 20 97 3d bd b2 1b fc 35 8f e2 84 50 84 87 b4 25 27 4e b3 d0 e1 f5 8d 3c 17 9c e0 39 00 00",""
1213,5632,"PACKET","IN",207,35,"PlayerSync","id=207 bytes=35","cf 46 00 02 00 04 95 e5 70 ce d4 09 91 63 ac de d0 80 00 00 00 02 f6 a7 c0 00 00 00 00 00 01 a5 04 08 80",""
1214,5632,"PACKET","IN",207,45,"PlayerSync","id=207 bytes=45","cf 54 00 89 80 64 ff c0 00 3d 36 e9 70 ca ea 49 91 61 11 5f 50 84 00 00 00 02 92 ee c0 00 00 48 6e 48 f4 fc 00 1d e3 fd fd a5 04 04 80",""
1215,5632,"PACKET","IN",207,35,"PlayerSync","id=207 bytes=35","cf 7c 00 00 00 03 66 28 30 f1 c4 49 d1 7b 67 1f 10 84 00 00 00 01 fe 49 80 00 00 00 00 00 01 28 00 04 11",""
1216,5633,"PACKET","IN",207,45,"PlayerSync","id=207 bytes=45","cf 4b 00 81 80 60 7f c2 00 26 2b 6a b0 d4 62 89 91 73 c9 e0 10 84 00 00 00 03 e5 cb 80 00 03 5e fb e8 f4 dc 65 23 33 fd fd ac 04 64 80",""
1217,5633,"PACKET","IN",207,45,"PlayerSync","id=207 bytes=45","cf 54 00 89 00 64 7f c0 00 31 78 69 70 c7 6a 49 91 78 52 1f 50 84 00 00 00 02 1a f2 c0 00 03 76 96 5c f5 6c 01 d5 db fd fd a5 04 04 80",""
1218,5663,"PACKET","IN",207,35,"PlayerSync","id=207 bytes=35","cf 29 00 00 00 2e 09 a5 b0 d1 c9 c9 d1 6c 24 9f 10 80 00 00 00 01 7d 63 c0 00 00 00 00 00 01 a5 04 e8 80",""
1219,5664,"PACKET","IN",207,45,"PlayerSync","id=207 bytes=45","cf 4b 00 81 80 60 7f c2 00 3b 6d ea b0 d1 e2 c9 91 78 8a 20 10 84 00 00 00 03 91 cb 80 00 02 f5 af d8 f5 14 65 6f 33 fd fd ac 04 64 80",""
1220,5664,"PACKET","IN",207,45,"PlayerSync","id=207 bytes=45","cf 54 00 89 00 63 ff c0 00 01 fa 29 70 c3 2a 49 91 61 93 1f 50 84 00 00 00 02 76 f2 c0 00 02 54 d2 74 f5 d4 00 a1 d7 fd fd a5 04 04 80",""
1221,5665,"PACKET","IN",207,45,"PlayerSync","id=207 bytes=45","cf 54 00 88 00 62 ff c0 00 2e 7b 69 70 ff 2a 09 91 76 53 df 50 84 00 00 00 01 6e fa c0 00 01 32 52 8c f5 e0 00 19 d7 fd fd a5 04 04 80",""
1222,5665,"PACKET","IN",200,44,"VehicleSync","id=200 bytes=44","c8 92 00 2a 00 00 00 11 00 08 00 04 70 61 70 94 3d 9f c3 6b fc 39 c0 02 94 52 73 d7 b4 21 19 4b 63 d8 42 00 1d 5a 07 9c e0 39 00 00",""
1223,5696,"PACKET","IN",207,35,"PlayerSync","id=207 bytes=35","cf 3d 00 00 00 39 94 e5 b0 e4 03 c9 d1 6c 24 9f 10 80 00 00 00 02 af cd c0 00 00 00 00 00 01 28 00 04 11",""
1224,5697,"PACKET","IN",203,34,"AimSync","id=203 bytes=34","cb 3d 00 04 18 77 37 3f 0f 12 29 bf 00 7e 65 be 14 1f 97 c3 f8 26 27 45 ad 7a 80 42 00 00 00 00 3f 36",""
1225,5697,"PACKET","IN",207,45,"PlayerSync","id=207 bytes=45","cf 4b 00 81 80 60 7f c2 00 04 70 aa b0 ce 63 09 91 7b ca 60 10 84 00 00 00 03 41 cb 80 00 00 29 67 c8 f5 4c 65 bb 33 fd fd ac 04 64 80",""
1226,5698,"PACKET","IN",207,41,"PlayerSync","id=207 bytes=41","cf 63 00 00 00 19 2f a3 30 df 4c 49 91 76 a2 9e 90 80 00 00 00 00 04 27 80 00 03 42 f0 68 f7 fe 22 b7 ff fd fd a5 04 04 80",""
1227,5698,"PACKET","IN",207,35,"PlayerSync","id=207 bytes=35","cf 85 00 00 00 2b 0b 62 b0 d7 e8 c9 91 50 59 de 90 84 00 00 00 03 a8 31 80 00 00 00 00 00 01 28 00 04 11",""
1228,5698,"PACKET","IN",203,34,"AimSync","id=203 bytes=34","cb 85 00 04 45 97 95 bd 2c 65 77 3f 51 69 7c be 8c 19 8a c3 14 82 26 45 29 ed 7e 42 00 00 00 00 3f c6",""
1229,5698,"PACKET","IN",207,35,"PlayerSync","id=207 bytes=35","cf 97 00 00 00 09 a6 25 b0 d5 fd 09 91 6c 24 9f 10 84 00 00 00 00 3b eb e8 00 00 00 00 00 01 a5 04 e8 80",""
1230,5698,"PACKET","IN",207,45,"PlayerSync","id=207 bytes=45","cf 4b 00 81 80 60 7f c2 00 01 73 2a b0 c9 a3 49 91 7e 0a a0 10 84 00 00 00 02 f1 cb 80 00 00 1b fb b4 f5 84 66 03 33 fd fd ac 04 64 80",""
1231,5698,"PACKET","IN",207,45,"PlayerSync","id=207 bytes=45","cf 54 00 87 80 62 7f c0 00 2b 7e e9 70 f3 6a 09 91 46 96 1f 50 84 00 00 00 03 f2 fa c0 00 00 b7 ee b8 f6 c8 02 95 cb fd fd a5 04 04 80",""
1232,5699,"PACKET","IN",207,45,"PlayerSync","id=207 bytes=45","cf 4b 00 81 80 60 7f c2 00 32 f5 6a b0 c4 23 89 91 7e 8a e0 10 84 00 00 00 02 9d cb 80 00 00 c7 cf a4 f5 b8 66 4b 33 fd fd ac 04 64 80",""
1233,5699,"PACKET","IN",207,45,"PlayerSync","id=207 bytes=45","cf 54 00 87 00 61 bf c0 00 3d c0 69 b0 ed aa 09 91 76 16 df 50 84 00 00 00 03 0e fe c0 00 03 aa 1e d0 f7 48 02 09 c7 fd fd a5 04 04 80",""
1234,5699,"PACKET","IN",207,43,"PlayerSync","id=207 bytes=43","cf 63 00 60 3f c0 00 07 6f a3 30 fe cc 49 91 66 62 9e 90 84 00 00 00 00 f4 0f 80 00 01 a3 88 30 f7 fe 22 b7 ff fd fd f5 04 04 80",""
1235,5699,"PACKET","IN",200,48,"VehicleSync","id=200 bytes=48","c8 76 00 30 00 00 00 00 00 00 00 33 60 69 40 1b bb 5f 99 00 dc 31 48 62 44 52 93 87 d4 2a b0 d1 03 f0 20 0f 77 ea 97 e6 40 3d 00 03 ea 6e fa 84",""
1236,5699,"RPC","IN",87,2,"ClearPlayerAnimation","id=87 bytes=2","53 00",""
1237,5700,"RPC","IN",86,29,"ApplyPlayerAnimation","id=86 bytes=29","53 00 05 43 41 52 52 59 0b 63 72 72 79 5f 70 72 74 69 61 6c 33 33 83 40 00 00 00 00 00",""
1238,5727,"PACKET","IN",207,45,"PlayerSync","id=207 bytes=45","cf 54 00 87 00 61 3f c0 00 19 82 29 b0 e7 6a 09 91 6c 57 df 50 84 00 00 00 03 26 fe c0 00 03 2e ce d0 f7 d4 01 65 c3 fd fd a5 04 04 80",""
1239,5728,"PACKET","IN",200,44,"VehicleSync","id=200 bytes=44","c8 92 00 2a 00 00 00 11 00 08 00 07 60 66 00 97 3d 79 64 5b fc 33 70 22 94 59 53 57 b4 22 67 98 43 dc d2 17 3d 6f 57 9c e0 39 00 00",""
1240,5728,"PACKET","IN",207,45,"PlayerSync","id=207 bytes=45","cf 4b 00 81 80 60 7f c2 00 13 f7 ea b0 fd 23 89 91 7d 0b 20 10 84 00 00 00 02 51 cb 80 00 03 ee c7 8c f5 f0 66 93 33 fd fd ac 04 64 80",""
1241,5728,"PACKET","IN",207,45,"PlayerSync","id=207 bytes=45","cf 54 00 86 80 60 ff c0 00 35 c3 a9 b0 e1 2a 09 91 63 18 df 50 84 00 00 00 01 9f 02 c0 00 03 9a ce d0 f7 d8 01 3d c3 fd fd a5 04 04 80",""
1242,5729,"PACKET","OUT",207,69,"PlayerSync","id=207 bytes=69","cf 00 00 00 00 00 00 22 90 8d c3 0a 85 26 45 6a 86 7a 42 f5 21 4f 3f 00 00 00 00 00 00 00 00 89 70 16 3f 64 00 00 00 00 00 00 00 00 00 00 00 00 00 00 00 00 00 00 00 00 00 00 00 00 00 00 00 00 00 28 00 04 11",""
1243,5754,"PACKET","IN",207,45,"PlayerSync","id=207 bytes=45","cf 4b 00 81 80 60 7f c2 00 24 fa 2a b0 f4 a3 c9 91 7a 4b 60 10 84 00 00 00 02 01 cb 80 00 00 13 d3 74 f6 24 66 db 33 fd fd ac 04 64 80",""
1244,5755,"PACKET","IN",207,45,"PlayerSync","id=207 bytes=45","cf 54 00 86 80 60 7f c0 00 2c 05 a9 b0 d8 ea 09 91 51 9a 1f 50 84 00 00 00 01 ab 02 c0 00 02 a0 d6 b8 f4 54 05 8d bf fd fd a5 04 04 80",""
1245,5785,"PACKET","IN",207,45,"PlayerSync","id=207 bytes=45","cf 4b 00 81 80 60 7f c2 00 10 7e ea b0 e4 e4 49 91 74 cb e0 10 84 00 00 00 01 65 cb 80 00 01 a9 6b 80 f6 8c 67 67 33 fd fd ac 04 64 80",""
1246,5786,"PACKET","IN",207,45,"PlayerSync","id=207 bytes=45","cf 54 00 86 00 60 7f c0 00 2d 48 a9 b0 cc 6a 09 91 60 db df 50 84 00 00 00 03 37 02 c0 00 01 26 42 ac f4 34 06 69 bf fd fd a5 04 04 80",""
1247,5786,"PACKET","IN",207,43,"PlayerSync","id=207 bytes=43","cf 63 00 60 3f c0 00 1d 6f 63 30 d0 cd 09 91 5e 62 5e 90 80 00 00 00 01 90 47 80 00 00 d5 94 18 f7 56 31 67 ff fd fd c8 04 04 80",""
1248,5786,"PACKET","IN",200,48,"VehicleSync","id=200 bytes=48","c8 76 00 30 00 00 00 00 00 00 00 3e b0 6b 70 0b 6b 57 cd d0 fc 3c 28 52 44 58 11 37 d4 23 55 30 e3 f0 70 0d 87 e7 a7 d6 40 3d 00 02 6a 26 fa 84",""
1249,5787,"PACKET","IN",207,45,"PlayerSync","id=207 bytes=45","cf 54 00 85 80 60 7f c0 00 19 cb a9 b0 ff e9 c9 91 64 9d 9f 50 84 00 00 00 00 f7 06 c0 00 01 0b c6 8c f4 8c 07 d1 bb fd fd a5 04 04 80",""
1250,5787,"PACKET","IN",203,34,"AimSync","id=203 bytes=34","cb 54 00 04 fb 4c 76 bf 3f b0 61 be c3 5d 24 be 87 77 a4 c3 85 b4 26 45 22 0e 81 42 00 00 00 00 3f 36",""
1251,5809,"PACKET","IN",207,45,"PlayerSync","id=207 bytes=45","cf 4b 00 81 80 60 7f c2 00 34 41 2a f0 de 64 89 91 73 8c 20 10 84 00 00 00 01 19 cb 80 00 03 f5 ab 94 f6 c0 67 ab 33 fd fd ac 04 64 80",""
1252,5810,"PACKET","IN",203,34,"AimSync","id=203 bytes=34","cb 4b 00 04 29 0d 4f bf e9 8d 14 3f e6 85 c3 bd 86 98 a9 c3 c8 71 26 45 1b 0f 82 42 00 00 00 00 3f 36",""
1253,5810,"PACKET","IN",207,35,"PlayerSync","id=207 bytes=35","cf 9a 00 00 00 05 5a 28 30 df c8 49 d1 7b 67 1f 10 84 00 00 00 01 79 f3 c0 00 00 00 00 00 01 28 00 04 11",""
1254,5810,"PACKET","IN",207,45,"PlayerSync","id=207 bytes=45","cf 4b 00 81 80 60 7f c2 00 24 43 aa f0 d9 24 c9 91 73 0c 60 10 84 00 00 00 00 cd cb 80 00 02 c7 cf a4 f6 f4 67 ef 33 fd fd ac 04 64 80",""
1255,5811,"PACKET","OUT",205,9,"UNKNOWN_PACKET","id=205 bytes=9","cd b8 4a 04 00 00 00 00 00",""
1256,5835,"PACKET","IN",207,45,"PlayerSync","id=207 bytes=45","cf 4b 00 81 80 60 7f c2 00 2a 06 2a f0 d5 e5 09 91 75 0c a0 10 84 00 00 00 00 81 cb 80 00 02 20 e7 c8 f7 28 64 33 37 fd fd ac 04 64 80",""
1257,5836,"PACKET","IN",207,45,"PlayerSync","id=207 bytes=45","cf 4b 00 81 80 60 7f c2 00 03 08 ea f0 d4 a5 49 91 78 8c e0 10 84 00 00 00 00 39 cb 80 00 02 5a 33 e4 f7 58 64 77 37 fd fd ac 04 64 80",""
1258,5836,"PACKET","IN",207,45,"PlayerSync","id=207 bytes=45","cf 54 00 85 00 60 7f c0 00 37 11 69 b0 e5 a9 c9 91 73 21 1f 50 84 00 00 00 01 f7 06 c0 00 00 60 8e 78 f4 c0 06 59 bb fd fd a5 04 04 80",""
1259,5836,"PACKET","IN",200,44,"VehicleSync","id=200 bytes=44","c8 92 00 2a 00 00 00 11 00 08 00 07 20 69 e0 96 5d 61 d4 cb fc 3f a0 22 94 54 13 27 b4 28 90 44 53 d5 82 42 9d 94 57 ac e0 39 00 00",""
1260,5863,"PACKET","IN",207,45,"PlayerSync","id=207 bytes=45","cf 4b 00 81 80 60 7f c2 00 27 8b 6a f0 d4 a5 89 91 7d 0d 20 10 84 00 00 00 03 ed c7 80 00 03 b8 1f f8 f7 8c 64 bb 37 fd fd ac 04 64 80",""
1261,5864,"PACKET","IN",207,45,"PlayerSync","id=207 bytes=45","cf 4b 00 81 80 60 7f c2 00 16 4e 2a f0 d5 a5 c9 91 42 8d a0 10 84 00 00 00 03 a1 c7 80 00 01 0f e4 00 fb c0 64 fb 37 fd fd ac 04 64 80",""
1262,5864,"PACKET","IN",200,48,"VehicleSync","id=200 bytes=48","c8 76 00 30 00 00 00 00 00 00 00 36 10 68 f0 0b 2b 50 62 31 2c 36 d8 52 44 57 ce 17 c4 20 f9 e0 c3 f0 80 0d 77 e4 77 d6 40 3d 00 02 59 c2 f8 84",""
1263,5865,"PACKET","IN",200,44,"VehicleSync","id=200 bytes=44","c8 92 00 2a 00 f7 ff 11 00 08 00 0f b0 53 30 a7 1d 4a c4 fb fc 3b 40 32 94 5e 52 f7 b4 28 54 2e a3 b0 06 eb 3f e8 d7 dc e0 39 00 00",""
1264,5895,"PACKET","IN",207,43,"PlayerSync","id=207 bytes=43","cf 63 00 60 3f c0 00 33 2e 63 30 c2 0d c9 91 78 21 de 90 80 00 00 00 02 50 57 80 00 00 d7 2c 68 f6 02 54 b7 fb fd fd c8 04 04 80",""
1265,5895,"PACKET","IN",207,35,"PlayerSync","id=207 bytes=35","cf 49 00 00 00 05 d5 25 b0 dd 8f 09 d1 6c 24 9f 10 80 00 00 00 01 eb 77 c0 00 00 00 00 00 01 28 00 04 11",""
1266,5895,"PACKET","IN",207,45,"PlayerSync","id=207 bytes=45","cf 4b 00 81 80 60 7f c2 00 04 d0 ea f0 d6 a6 09 91 48 0d e0 10 84 00 00 00 03 55 c7 80 00 01 7b e4 00 fb f0 65 3f 37 fd fd ac 04 64 80",""
1267,5895,"PACKET","IN",207,43,"PlayerSync","id=207 bytes=43","cf 63 00 60 3f c8 00 04 6e 63 30 e4 4d c9 91 64 21 de 90 80 00 00 00 02 50 57 80 00 00 ef 2c 68 f6 02 54 b7 fb fd fd c8 04 04 80",""
1268,5920,"PACKET","IN",207,45,"PlayerSync","id=207 bytes=45","cf 4b 00 81 80 60 7f c2 00 32 d3 6a f0 d7 a6 49 91 4d 8e 20 10 84 00 00 00 03 09 c7 80 00 01 6b e4 00 f8 24 69 83 37 fd fd ac 04 64 80",""
1269,5921,"PACKET","IN",200,44,"VehicleSync","id=200 bytes=44","c8 92 00 2a 00 c7 ff 11 00 08 00 0d b0 50 00 af 6d 34 64 eb fc 3b d0 32 94 55 43 07 b4 25 da 41 33 cc 7f f7 f8 69 88 3c e0 39 00 00",""
1270,5921,"PACKET","IN",207,35,"PlayerSync","id=207 bytes=35","cf 9e 00 00 00 1c f8 2a 70 db 9f c9 d1 67 05 5f 50 84 00 00 00 03 fa 9a 40 00 00 00 00 00 01 a5 04 04 80",""
1271,5921,"PACKET","IN",203,34,"AimSync","id=203 bytes=34","cb 9e 00 04 52 79 78 bf dc 76 cb bd bf 7e 60 be 3d 33 a8 c3 ec 84 27 45 cb 41 81 42 00 00 00 00 3f 22",""
1272,5921,"RPC","IN",105,19,"TextDrawSetString","id=105 bytes=19","2f 01 0f 00 30 39 20 41 67 75 73 74 75 73 20 32 30 32 36",""
1273,5921,"RPC","IN",105,12,"TextDrawSetString","id=105 bytes=12","30 01 08 00 31 31 3a 35 36 3a 30 30",""
1274,5922,"PACKET","IN",207,45,"PlayerSync","id=207 bytes=45","cf 4b 00 81 80 60 7f c2 00 35 98 aa f0 d7 a6 c9 91 54 ce a0 10 84 00 00 00 02 6d c7 80 00 00 e7 cf ec f4 8c 6a 0b 37 fd fd ac 04 64 80",""
1275,5922,"PACKET","IN",207,45,"PlayerSync","id=207 bytes=45","cf 54 00 85 00 60 7f c0 00 31 9a 69 b0 fd 29 89 91 66 26 9f 50 84 00 00 00 00 07 06 c0 00 01 68 ae e4 f4 e0 05 7d bb fd fd a5 04 04 80",""
1276,5948,"PACKET","IN",207,35,"PlayerSync","id=207 bytes=35","cf 0b 00 00 00 1a fc 26 b0 c0 43 09 d1 7b 67 1f 10 84 00 00 00 03 32 4b c0 00 00 00 00 00 01 a5 04 e8 80",""
1277,5949,"PACKET","IN",207,45,"PlayerSync","id=207 bytes=45","cf 4b 00 84 00 60 7f c0 00 06 db 6a f0 d6 27 09 91 56 ce e0 10 84 00 00 00 00 01 b7 80 00 02 bd 8b dc f4 c0 6a 4f 37 fd fd ac 04 64 80",""
1278,5949,"PACKET","IN",207,35,"PlayerSync","id=207 bytes=35","cf 51 00 00 00 30 e3 68 30 f6 0c 09 d1 7b 67 1f 10 84 00 00 00 02 e7 67 c0 00 00 00 00 00 01 28 00 04 11",""
1279,5949,"PACKET","IN",200,48,"VehicleSync","id=200 bytes=48","c8 76 00 30 00 00 00 00 00 00 00 33 40 64 a0 0a eb 56 b6 21 4c 31 d8 52 44 5d 4b 57 c4 27 ce a0 a3 f0 60 0e d7 ec 27 d6 40 3d 00 03 17 6a f8 84",""
1280,5949,"PACKET","IN",203,34,"AimSync","id=203 bytes=34","cb 76 00 12 a3 fb 7d bf c9 44 46 bc bd 61 ff bd de 12 0e c3 44 86 24 45 da db 80 42 00 00 00 00 12 ff",""
1281,5972,"PACKET","IN",207,45,"PlayerSync","id=207 bytes=45","cf 4b 00 87 00 60 7f c0 00 39 5d aa f0 d6 e7 49 91 4d 0f 20 10 84 00 00 00 01 d5 9f 80 00 00 12 47 cc f5 78 76 57 47 fd fd ac 04 64 80",""
1282,5972,"PACKET","IN",200,44,"VehicleSync","id=200 bytes=44","c8 92 00 2a 00 88 ff 11 00 08 00 0a b0 57 30 99 6d 33 a4 9b fc 38 f0 32 94 5e 53 17 b4 2d 9a cb a3 cb bf ad a5 ba 38 3c e0 39 00 00",""
1283,5972,"PACKET","IN",207,35,"PlayerSync","id=207 bytes=35","cf 46 00 02 00 04 95 e5 70 ce d4 09 91 63 2c de d0 80 00 00 00 02 f6 a7 c0 00 00 00 00 00 01 a5 04 08 80",""
1284,5972,"PACKET","IN",207,45,"PlayerSync","id=207 bytes=45","cf 54 00 85 00 60 7f c0 00 2d a4 a9 b0 d0 69 89 91 56 ec df 50 84 00 00 00 01 ab 02 c0 00 02 7a da b8 f4 6c 04 b9 bf fd fd a5 04 04 80",""
1285,5973,"PACKET","IN",207,43,"PlayerSync","id=207 bytes=43","cf 63 00 60 3f c8 00 0f ed 63 30 d7 ce 89 91 7c 21 5e 90 80 00 00 00 02 50 57 80 00 02 10 09 28 f6 02 54 b7 fb fd fd ad 04 08 80",""
1286,5973,"PACKET","OUT",203,32,"AimSync","id=203 bytes=32","cb 04 44 07 45 3f 30 f4 c6 be 4b b1 01 bf c9 8d 8e c3 0e 95 26 45 47 12 81 42 00 00 00 00 3f c6",""
1287,5999,"PACKET","IN",207,45,"PlayerSync","id=207 bytes=45","cf 4b 00 8a 80 60 bf c0 00 06 e2 6a f0 de e7 c9 91 57 8f 60 10 84 00 00 00 02 d1 83 80 00 00 e6 5b b4 f6 40 8e 2b 63 fd fd ac 04 64 80",""
1288,5999,"PACKET","IN",207,41,"PlayerSync","id=207 bytes=41","cf 63 00 08 00 09 2d 23 30 cb 8e c9 91 5e 21 5e 90 80 00 00 00 02 50 57 80 00 03 83 59 a4 f6 02 54 b7 fb fd fd ad 04 08 80",""
1289,5999,"PACKET","IN",207,35,"PlayerSync","id=207 bytes=35","cf 7e 00 00 00 11 42 a6 f0 c0 4b 89 d1 7b 67 1f 10 84 00 00 00 00 c6 1b 94 00 00 00 00 00 01 28 00 04 11",""
1290,6022,"PACKET","IN",207,45,"PlayerSync","id=207 bytes=45","cf 4b 00 8b 00 60 ff c0 00 29 e4 6a f0 e4 a8 09 91 70 cf 60 10 84 00 00 00 01 d1 7f 80 00 00 8d 33 a8 f5 d4 99 df 6f fd fd ac 04 64 80",""
1291,6023,"PACKET","IN",200,44,"VehicleSync","id=200 bytes=44","c8 92 00 2a 00 88 ff 11 00 08 00 0f 20 4d 10 8f bd 21 f3 ab fc 31 60 32 94 53 14 37 b4 27 be e3 d3 db 9f bc 16 44 39 2c e0 39 00 00",""
1292,6023,"PACKET","IN",203,34,"AimSync","id=203 bytes=34","cb 92 00 12 e0 3e 67 3f 73 ee bd be 1a a7 5c be 3d 4c c3 c3 95 38 29 45 c5 8f 85 42 00 00 00 00 3f 37",""
1293,6023,"PACKET","OUT",203,32,"AimSync","id=203 bytes=32","cb 00 00 00 39 05 00 00 00 00 00 00 00 00 00 00 00 40 01 00 00 00 80 3f 00 00 f3 04 b5 3f 39 05",""
1294,6023,"RPC","IN",86,27,"ApplyPlayerAnimation","id=86 bytes=27","29 00 07 42 44 5f 46 49 52 45 07 77 61 73 68 5f 75 70 33 33 83 40 80 00 00 00 00",""
1295,6023,"PACKET","IN",200,48,"VehicleSync","id=200 bytes=48","c8 76 00 30 00 00 00 00 00 00 00 34 20 64 60 0a 9b 51 c9 c1 6c 3d 48 42 44 5e 28 f7 c4 20 73 90 93 f0 50 00 27 fd f7 d6 40 3d 00 03 3f 1e f8 84",""
1296,6048,"PACKET","IN",207,41,"PlayerSync","id=207 bytes=41","cf 54 00 00 00 08 ab 69 b0 f6 69 49 91 4c 30 df 50 84 00 00 00 01 82 fe c0 00 03 1a 2a 9c f7 8c 03 b1 c3 fd fd a5 04 04 80",""
1297,6048,"RPC","IN",99,42,"MoveObject","id=99 bytes=42","a1 00 f8 e3 a1 c3 d7 9b 26 45 ed 5e 7b 42 f8 e3 a1 c3 d7 9b 26 45 53 c5 7d 42 00 00 80 3e 00 00 00 00 00 00 00 00 08 cc 84 43",""
1298,6048,"RPC","IN",122,2,"StopObject","id=122 bytes=2","a1 00",""
1299,6049,"RPC","IN",99,42,"MoveObject","id=99 bytes=42","a1 00 f8 e3 a1 c3 d7 9b 26 45 ed 5e 7b 42 f8 e3 a1 c3 d7 9b 26 45 ed 5e 7b 42 00 00 80 3e 00 00 00 00 00 00 00 00 08 cc 84 43",""
1300,6049,"RPC","IN",122,2,"StopObject","id=122 bytes=2","a1 00",""
1301,6049,"RPC","IN",99,42,"MoveObject","id=99 bytes=42","a1 00 f8 e3 a1 c3 d7 9b 26 45 ed 5e 7b 42 f8 e3 a1 c3 d7 9b 26 45 53 c5 7d 42 00 00 80 3e 00 00 00 00 00 00 00 00 08 cc 84 43",""
1302,6049,"RPC","IN",122,2,"StopObject","id=122 bytes=2","a1 00",""
1303,6049,"RPC","IN",99,42,"MoveObject","id=99 bytes=42","a1 00 f8 e3 a1 c3 d7 9b 26 45 ed 5e 7b 42 f8 e3 a1 c3 d7 9b 26 45 ed 5e 7b 42 00 00 80 3e 00 00 00 00 00 00 00 00 08 cc 84 43",""
1304,6049,"RPC","IN",122,2,"StopObject","id=122 bytes=2","a1 00",""
1305,6049,"RPC","IN",99,42,"MoveObject","id=99 bytes=42","a1 00 f8 e3 a1 c3 d7 9b 26 45 ed 5e 7b 42 f8 e3 a1 c3 d7 9b 26 45 53 c5 7d 42 00 00 80 3e 00 00 00 00 00 00 00 00 08 cc 84 43",""
1306,6049,"RPC","IN",122,2,"StopObject","id=122 bytes=2","a1 00",""
1307,6049,"RPC","IN",99,42,"MoveObject","id=99 bytes=42","a1 00 f8 e3 a1 c3 d7 9b 26 45 ed 5e 7b 42 f8 e3 a1 c3 d7 9b 26 45 ed 5e 7b 42 00 00 80 3e 00 00 00 00 00 00 00 00 08 cc 84 43",""
1308,6049,"RPC","IN",122,2,"StopObject","id=122 bytes=2","a1 00",""
1309,6049,"RPC","IN",99,42,"MoveObject","id=99 bytes=42","a1 00 f8 e3 a1 c3 d7 9b 26 45 ed 5e 7b 42 f8 e3 a1 c3 d7 9b 26 45 53 c5 7d 42 00 00 80 3e 00 00 00 00 00 00 00 00 08 cc 84 43",""
1310,6049,"RPC","IN",122,2,"StopObject","id=122 bytes=2","a1 00",""
1311,6049,"RPC","IN",99,42,"MoveObject","id=99 bytes=42","a1 00 f8 e3 a1 c3 d7 9b 26 45 ed 5e 7b 42 f8 e3 a1 c3 d7 9b 26 45 ed 5e 7b 42 00 00 80 3e 00 00 00 00 00 00 00 00 08 cc 84 43",""
1312,6049,"RPC","IN",122,2,"StopObject","id=122 bytes=2","a1 00",""
1313,6049,"RPC","IN",99,42,"MoveObject","id=99 bytes=42","a1 00 f8 e3 a1 c3 d7 9b 26 45 ed 5e 7b 42 f8 e3 a1 c3 d7 9b 26 45 53 c5 7d 42 00 00 80 3e 00 00 00 00 00 00 00 00 08 cc 84 43",""
1314,6049,"RPC","IN",122,2,"StopObject","id=122 bytes=2","a1 00",""
1315,6050,"RPC","IN",99,42,"MoveObject","id=99 bytes=42","a1 00 f8 e3 a1 c3 d7 9b 26 45 ed 5e 7b 42 f8 e3 a1 c3 d7 9b 26 45 ed 5e 7b 42 00 00 80 3e 00 00 00 00 00 00 00 00 08 cc 84 43",""
1316,6050,"PACKET","IN",207,45,"PlayerSync","id=207 bytes=45","cf 4b 00 8e 00 62 3f c0 00 04 e8 aa f0 f2 a8 89 91 53 8f a0 10 84 00 00 00 01 91 63 80 00 00 26 67 9c f7 34 aa 1b 7f fd fd ac 04 64 80",""
1317,6050,"PACKET","IN",207,41,"PlayerSync","id=207 bytes=41","cf 63 00 00 00 2e 2b a3 30 c9 cf c9 91 4a 20 de 90 80 00 00 00 02 50 57 80 00 01 d6 6b 9c f6 02 54 b7 fb fd fd ad 04 08 80",""
1318,6050,"PACKET","IN",200,44,"VehicleSync","id=200 bytes=44","c8 92 00 2a 00 89 ff 11 00 08 00 03 a0 44 80 80 2d 2a 72 8b fc 3a 60 22 94 54 25 67 b4 24 21 98 13 d4 8f de 56 a8 88 fc e0 39 00 00",""
1319,6075,"PACKET","IN",207,35,"PlayerSync","id=207 bytes=35","cf 46 00 02 00 04 95 e5 70 ce d4 09 91 63 ac de d0 80 00 00 00 02 f6 a7 c0 00 00 00 00 00 01 a5 04 08 80",""
1320,6076,"PACKET","IN",203,34,"AimSync","id=203 bytes=34","cb 46 00 04 5b f0 25 3f a1 b9 33 3f 59 fc 96 be 26 14 97 c3 f9 13 26 45 e3 36 82 42 00 00 00 00 23 37",""
1321,6076,"PACKET","IN",207,35,"PlayerSync","id=207 bytes=35","cf 53 00 00 00 1d d4 e5 b0 ff cc 49 d1 6c e4 9f 10 80 00 00 00 03 52 2a c0 00 00 00 00 00 01 a5 04 04 80",""
1322,6102,"PACKET","IN",207,45,"PlayerSync","id=207 bytes=45","cf 4b 00 8e 00 62 3f c0 00 39 ea 6a f0 fc 28 c9 91 5a 0f a0 10 84 00 00 00 00 39 63 80 00 01 c2 67 9c f4 2c b5 e7 87 fd fd ac 04 64 80",""
1323,6103,"PACKET","IN",207,35,"PlayerSync","id=207 bytes=35","cf 70 00 00 00 23 1c 6a 70 ef f1 c9 91 61 b3 df 90 80 00 00 00 02 93 6f 00 00 00 00 00 00 01 00 00 00 80",""
1324,6103,"PACKET","IN",207,35,"PlayerSync","id=207 bytes=35","cf 1c 00 00 00 2d 02 a6 f0 e0 10 09 d1 7b 67 1f 10 84 00 00 00 00 15 5f 00 00 00 00 00 00 01 28 00 04 11",""
1325,6103,"PACKET","IN",207,45,"PlayerSync","id=207 bytes=45","cf 4b 00 8e 00 62 7f c0 00 2d 2c 6a f0 c5 e9 49 91 60 0f a0 10 84 00 00 00 01 c5 5f 80 00 02 1e 67 9c f5 40 b6 d3 87 fd fd ac 04 64 80",""
1326,6103,"PACKET","IN",207,35,"PlayerSync","id=207 bytes=35","cf 4d 00 00 00 02 00 23 30 e6 e4 09 91 70 1e 9e 90 84 00 00 00 03 da d0 80 00 00 00 00 00 01 28 00 04 11",""
1327,6103,"PACKET","IN",207,41,"PlayerSync","id=207 bytes=41","cf 54 00 00 00 34 32 a9 b0 da 69 49 91 79 b5 1f 50 84 00 00 00 01 82 fe c0 00 03 e8 65 c8 f7 8c 03 b1 c3 fd fd a5 04 04 80",""
1328,6103,"PACKET","IN",200,44,"VehicleSync","id=200 bytes=44","c8 92 00 2a 00 89 ff 11 00 08 00 0d c0 30 40 84 cd 1c 81 db fc 36 70 22 94 5b 85 f7 b4 28 1e a9 03 db 6f d9 86 bc 88 cc e0 39 00 00",""
1329,6103,"PACKET","IN",200,48,"VehicleSync","id=200 bytes=48","c8 76 00 30 00 00 00 00 00 00 00 35 c0 67 40 0a 3b 5a ec d1 8c 39 18 42 44 5d 66 87 c4 28 68 90 73 f0 60 00 b7 fb 47 d6 40 3d 00 03 24 d0 f8 84",""
1330,6132,"PACKET","IN",207,45,"PlayerSync","id=207 bytes=45","cf 4b 00 8e 80 62 ff c0 00 17 30 6a f0 dd a9 c9 91 65 8f a0 10 84 00 00 00 00 41 57 80 00 02 da b3 bc f4 a0 bc f3 8f fd fd ac 04 64 80",""
1331,6132,"PACKET","IN",207,35,"PlayerSync","id=207 bytes=35","cf 1f 00 00 00 20 66 e8 30 c3 bc c9 91 7b 67 1f 10 84 00 00 00 00 97 53 00 00 00 00 00 00 01 28 00 04 11",""
1332,6132,"PACKET","IN",207,45,"PlayerSync","id=207 bytes=45","cf 4b 00 8e 80 63 3f c0 00 19 b2 6a f0 ed aa 09 91 64 cf a0 10 84 00 00 00 01 15 53 80 00 03 f7 ff d4 f7 10 be eb 8f fd fd ac 04 64 80",""
1333,6132,"PACKET","IN",207,35,"PlayerSync","id=207 bytes=35","cf 60 00 00 00 25 ca e3 30 e5 e0 49 91 6f df 1e 90 84 00 00 00 00 ae f9 c0 00 00 00 00 00 01 28 00 04 11",""
1334,6132,"PACKET","IN",207,41,"PlayerSync","id=207 bytes=41","cf 63 00 00 00 2d 68 e3 30 d8 11 c9 91 54 45 de d0 80 00 00 00 00 00 03 80 00 03 37 31 30 f9 b6 30 3b 3f 93 8d 2a 04 04 80",""
1335,6132,"PACKET","IN",200,44,"VehicleSync","id=200 bytes=44","c8 92 00 2a 00 89 ff 11 00 08 00 01 50 38 60 77 2c fc c0 2b fc 3e 20 12 94 52 b6 e7 b4 26 f4 3b 23 dc 2f e7 86 f7 98 6c e0 39 00 00",""
1336,6155,"PACKET","IN",207,35,"PlayerSync","id=207 bytes=35","cf 7c 00 00 00 03 66 28 30 f1 c4 49 d1 7b 67 1f 10 84 00 00 00 01 fe 49 80 00 00 00 00 00 01 28 00 04 11",""
1337,6156,"PACKET","IN",207,35,"PlayerSync","id=207 bytes=35","cf 29 00 00 00 2e 09 a5 b0 d1 c9 c9 d1 6c 24 9f 10 80 00 00 00 01 7d 63 c0 00 00 00 00 00 01 28 00 04 11",""
1338,6156,"PACKET","IN",207,45,"PlayerSync","id=207 bytes=45","cf 4b 00 8e 80 63 3f c0 00 1f b4 6a f0 ff 2a 49 91 62 8f a0 10 84 00 00 00 02 b1 4f 80 00 01 25 87 e4 f5 b0 c1 07 93 fd fd ac 04 64 80",""
1339,6156,"PACKET","IN",207,41,"PlayerSync","id=207 bytes=41","cf 54 00 00 00 00 77 e9 b0 c7 69 49 91 7c b8 1f 50 84 00 00 00 01 82 fe c0 00 00 cb 18 94 f7 8c 03 b1 c3 fd fd a5 04 04 80",""
1340,6182,"PACKET","IN",200,48,"VehicleSync","id=200 bytes=48","c8 76 00 30 00 00 00 00 00 00 00 36 c0 68 e0 09 db 54 28 b1 ac 35 d8 42 44 53 e4 87 c4 2a 73 10 63 f0 60 00 e7 fa 57 d6 40 3d 00 03 ec 8e f8 84",""
1341,6182,"PACKET","IN",200,44,"VehicleSync","id=200 bytes=44","c8 92 00 2a 00 89 ff 11 00 08 00 09 20 22 e0 7b 6c d7 5e bb ec 38 30 12 94 5d 27 37 b4 25 56 cc a3 d4 af fd a7 2a 18 2c e0 39 00 00",""
1342,6182,"PACKET","IN",207,35,"PlayerSync","id=207 bytes=35","cf 97 00 00 00 09 a6 25 b0 d5 fd 09 91 6c 24 9f 10 84 00 00 00 00 3b eb e8 00 00 00 00 00 01 a5 04 e8 80",""
1343,6211,"PACKET","IN",207,45,"PlayerSync","id=207 bytes=45","cf 4b 00 8e 80 63 7f c0 00 2c f8 6a f0 e5 2b 09 91 59 0f a0 10 84 00 00 00 00 69 4b 80 00 03 ca b7 f0 f5 d0 c4 43 97 fd fd ac 04 64 80",""
1344,6211,"PACKET","IN",207,35,"PlayerSync","id=207 bytes=35","cf 46 00 02 00 04 95 e5 70 ce d4 09 91 63 2c de d0 80 00 00 00 02 f6 a7 c0 00 00 00 00 00 01 a5 04 08 80",""
1345,6211,"PACKET","IN",207,41,"PlayerSync","id=207 bytes=41","cf 63 00 00 00 22 66 e3 30 f7 d3 49 91 76 89 1f 50 80 00 00 00 00 00 03 80 00 01 27 48 44 f9 ba 30 3f 3f 8f 8d 2a 04 04 80",""
1346,6211,"PACKET","IN",207,35,"PlayerSync","id=207 bytes=35","cf 85 00 00 00 2b 0b 62 b0 d7 e8 c9 91 50 59 de 90 84 00 00 00 03 a8 31 80 00 00 00 00 00 01 28 00 04 11",""
1347,6212,"PACKET","IN",200,44,"VehicleSync","id=200 bytes=44","c8 92 00 2a 00 89 ff 11 00 08 00 01 40 2d c0 6a 3c b4 6d 0b ec 32 d0 12 94 5e 17 47 b4 29 1e 9e 33 da 1f f5 47 60 d8 0c e0 39 00 00",""
1348,6212,"PACKET","IN",207,35,"PlayerSync","id=207 bytes=35","cf 1a 00 00 00 37 65 23 70 da 69 09 91 4b 21 de 90 80 00 00 00 00 b3 19 80 00 00 00 00 00 01 28 00 04 11",""
1349,6212,"PACKET","IN",203,34,"AimSync","id=203 bytes=34","cb 1a 00 04 6d 5e 17 3f a7 23 4a bf 23 f6 27 be 5b 53 8e c3 36 c4 26 45 61 94 7e 42 00 00 00 00 3f 36",""
1350,6212,"PACKET","IN",207,45,"PlayerSync","id=207 bytes=45","cf 4b 00 8e 80 63 7f c0 00 29 3c 6a f0 cc eb c9 91 48 4f a0 10 84 00 00 00 02 91 43 80 00 02 87 53 ec f7 54 c8 7f 9b fd fd ac 04 64 80",""
1351,6234,"PACKET","IN",207,41,"PlayerSync","id=207 bytes=41","cf 54 00 00 00 08 ba e9 b0 fb a9 09 91 4d 3a 1f 50 84 00 00 00 01 82 fe c0 00 00 57 21 a4 f3 8c 03 b1 c3 fd fd a5 04 04 80",""
1352,6260,"PACKET","IN",207,45,"PlayerSync","id=207 bytes=45","cf 54 00 ff 7f fe bf c0 00 17 3b 29 b0 fa 69 09 91 7c 7a 1f 50 84 00 00 00 00 a2 e6 c0 00 01 58 0f 98 ef 8c 03 b1 c3 fd fd a5 04 04 80",""
1353,6260,"PACKET","IN",200,44,"VehicleSync","id=200 bytes=44","c8 92 00 2a 00 88 ff 11 00 08 00 0a a0 18 d0 65 7c 93 4b 3b ec 3e 90 02 94 53 b7 37 b4 2d 98 af a3 dd 5f fb 27 9b a7 ec e0 39 00 00",""
1354,6261,"PACKET","IN",207,45,"PlayerSync","id=207 bytes=45","cf 4b 00 8e 80 63 7f c0 00 04 40 6b 30 f3 6c 49 91 71 8f 60 10 84 00 00 00 00 59 3f 80 00 01 3f f7 d4 f4 70 d0 4f 9f fd fd ac 04 64 80",""
1355,6261,"PACKET","IN",207,45,"PlayerSync","id=207 bytes=45","cf 54 00 fe 7f fd bf c0 00 27 7b a9 b0 f9 a9 09 91 4d 3a 9f 50 84 00 00 00 03 46 ca c0 00 00 78 44 18 f4 8c 00 4d eb fd fd a5 04 04 80",""
1356,6261,"PACKET","IN",200,48,"VehicleSync","id=200 bytes=48","c8 76 00 30 00 00 00 00 00 00 00 35 f0 69 00 09 bb 52 6b 01 cc 31 c8 42 44 55 62 07 c4 26 38 40 43 f0 60 00 87 fb a7 d6 40 3d 00 02 0c 40 f8 84",""
1357,6286,"PACKET","IN",207,45,"PlayerSync","id=207 bytes=45","cf 4b 00 8e 80 63 7f c0 00 20 02 2b 30 c5 2c c9 91 6b 0f 60 10 84 00 00 00 01 21 3b 80 00 01 35 9b c8 f7 1c d2 43 9f fd fd ac 04 64 80",""
1358,6286,"PACKET","IN",207,45,"PlayerSync","id=207 bytes=45","cf 54 00 fd ff fc ff c0 00 0d bc 69 b0 fa 29 09 91 66 ba df 50 84 00 00 00 02 62 ba c0 00 00 18 68 18 f4 24 00 5a 0f fd fd a5 04 04 80",""
1359,6287,"PACKET","IN",207,45,"PlayerSync","id=207 bytes=45","cf 54 00 fd 7f fb ff c0 00 20 3c e9 b0 fb 69 09 91 72 3b 1f 50 84 00 00 00 01 a2 ae c0 00 03 98 7c 18 f5 3c 03 aa 23 fd fd a5 04 04 80",""
1360,6287,"PACKET","IN",207,35,"PlayerSync","id=207 bytes=35","cf 63 00 00 00 01 65 e3 30 dd 94 49 91 42 51 df 90 80 00 00 00 00 00 03 80 00 00 00 00 00 01 2a 04 04 80",""
1361,6316,"PACKET","IN",207,45,"PlayerSync","id=207 bytes=45","cf 4b 00 8e 80 63 7f c0 00 2d c3 eb 30 d5 ad 09 91 62 8f 60 10 84 00 00 00 01 41 37 80 00 00 46 47 b4 f5 d8 d4 3b a3 fd fd ac 04 64 80",""
1362,6317,"PACKET","IN",207,45,"PlayerSync","id=207 bytes=45","cf 54 00 fd 7f fa bf c0 00 16 3d a9 b0 fd a9 09 91 4d 7b 9f 50 84 00 00 00 03 a6 8e c0 00 01 38 90 18 f6 bc 00 e6 37 fd fd a5 04 04 80",""
1363,6317,"PACKET","IN",200,44,"VehicleSync","id=200 bytes=44","c8 92 00 2a 00 88 ff 11 00 08 00 02 30 12 f0 6a 1c 52 d8 5b ec 3b 90 02 94 58 56 f7 b4 26 85 80 d3 ef df fb 07 f0 37 fc e0 39 00 00",""
1364,6317,"PACKET","IN",207,45,"PlayerSync","id=207 bytes=45","cf 54 00 fc 7f f8 7f c0 00 21 fe 29 b0 c0 e9 49 91 4e 7b df 50 84 00 00 00 00 6a 8a c0 00 01 70 b8 18 f4 5c 08 2e 5f fd fd a5 04 04 80",""
1365,6341,"PACKET","IN",207,45,"PlayerSync","id=207 bytes=45","cf 54 00 fb 7f f7 3f c0 00 2f 7e a9 b0 c4 69 49 91 4f 7c 1f 50 84 00 00 00 02 7a 8e c0 00 02 c0 c0 18 f6 20 09 62 67 fd fd a5 04 04 80",""
1366,6341,"PACKET","IN",207,45,"PlayerSync","id=207 bytes=45","cf 4b 00 8e 80 63 7f c0 00 0b 86 2b 30 f5 ed 49 91 55 8f 60 10 84 00 00 00 01 59 33 80 00 02 77 ff a4 f5 2c da 97 a3 fd fd ac 04 64 80",""
1367,6341,"PACKET","IN",200,48,"VehicleSync","id=200 bytes=48","c8 76 00 30 00 00 00 00 00 00 00 3e 80 48 d0 0a 7b 58 46 01 ec 3d c8 32 44 57 a0 67 c4 25 e2 50 33 f0 40 0c b7 e6 07 e6 40 3d 00 02 30 0c f8 84",""
1368,6342,"PACKET","IN",200,44,"VehicleSync","id=200 bytes=44","c8 92 00 2a 00 88 ff 11 00 08 00 0c 20 00 40 6a 2c 24 36 1b ec 3c 80 02 94 5b e6 f7 b4 2d cd c1 83 ee 9f f9 b8 46 98 0c e0 39 00 00",""
1369,6366,"PACKET","IN",207,35,"PlayerSync","id=207 bytes=35","cf 46 00 02 00 04 95 e5 70 ce d4 09 91 63 ac de d0 80 00 00 00 02 f6 a7 c0 00 00 00 00 00 01 a5 04 08 80",""
1370,6366,"PACKET","IN",207,45,"PlayerSync","id=207 bytes=45","cf 4b 00 8e 80 63 7f c0 00 34 c8 eb 30 fc 6d c9 91 40 0f 60 10 84 00 00 00 01 45 2f 80 00 00 05 f3 7c f4 88 dc ef a7 fd fd ac 04 64 80",""
1371,6366,"PACKET","IN",207,45,"PlayerSync","id=207 bytes=45","cf 54 00 fa ff f5 ff c0 00 1a 00 29 f0 cc e9 49 91 77 bc 9f 50 84 00 00 00 01 06 8a c0 00 00 3c bc 18 f4 e4 0b 06 5f fd fd a5 04 04 80",""
1372,6366,"PACKET","IN",207,35,"PlayerSync","id=207 bytes=35","cf 94 00 00 00 10 3e 66 b0 ef 39 c9 91 7b 67 1f 10 84 00 00 00 02 9a 53 c0 00 00 00 00 00 01 28 00 04 11",""
1373,6366,"PACKET","IN",203,34,"AimSync","id=203 bytes=34","cb 94 00 04 45 f2 d3 3e f9 9f 5d bf 8c 0e 90 be 35 67 9b c3 7b 04 27 45 98 ac 80 42 00 00 00 00 3f 21",""
1374,6366,"PACKET","IN",207,45,"PlayerSync","id=207 bytes=45","cf 54 00 fa 7f f3 ff c0 00 3e 80 a9 f0 d0 e9 49 91 43 7d 1f 50 84 00 00 00 03 42 7e c0 00 02 20 c0 18 f5 fc 08 a2 67 fd fd a5 04 04 80",""
1375,6367,"PACKET","IN",207,35,"PlayerSync","id=207 bytes=35","cf 9a 00 00 00 05 5a 28 30 df c8 49 d1 7b 67 1f 10 84 00 00 00 01 79 f3 c0 00 00 00 00 00 01 28 00 04 11",""
1376,6367,"PACKET","IN",207,35,"PlayerSync","id=207 bytes=35","cf 9e 00 00 00 1c f8 2a 70 db 9f c9 d1 67 05 5f 50 84 00 00 00 03 fa 9a 40 00 00 00 00 00 01 a5 04 04 80",""
1377,6390,"PACKET","IN",207,45,"PlayerSync","id=207 bytes=45","cf 4b 00 8e 80 63 7f c0 00 27 cb ab 30 fb 6e 49 91 68 0f 20 10 84 00 00 00 01 05 27 80 00 00 66 eb 7c f4 0c e3 57 a7 fd fd ac 04 64 80",""
1378,6390,"PACKET","IN",207,45,"PlayerSync","id=207 bytes=45","cf 54 00 fa 7f f2 bf c0 00 32 c1 e9 f0 d9 a9 49 91 4d 3d 9f 50 84 00 00 00 01 8a 76 c0 00 00 00 d4 18 f5 d4 0e 36 77 fd fd a5 04 04 80",""
1379,6390,"RPC","IN",86,27,"ApplyPlayerAnimation","id=86 bytes=27","0b 00 07 42 44 5f 46 49 52 45 07 77 61 73 68 5f 75 70 33 33 83 40 80 00 00 00 00",""
1380,6415,"PACKET","IN",207,45,"PlayerSync","id=207 bytes=45","cf 54 00 fa 7f f2 7f c0 00 20 02 a9 f0 df 29 49 91 58 7d df 50 84 00 00 00 03 9a 72 c0 00 00 21 cc 64 f7 78 0c f6 7f fd fd a5 04 04 80",""
1381,6416,"PACKET","IN",200,44,"VehicleSync","id=200 bytes=44","c8 92 00 2a 00 88 ff 11 00 08 00 04 60 0d b0 5a 3b e1 b3 3b ec 31 a0 12 94 50 47 47 b4 23 53 52 63 e8 1f f0 38 bf 78 1c e0 39 00 00",""
1382,6416,"PACKET","IN",207,35,"PlayerSync","id=207 bytes=35","cf 49 00 00 00 05 d5 25 b0 dd 8f 09 d1 6c 24 9f 10 80 00 00 00 01 eb 77 c0 00 00 00 00 00 01 28 00 04 11",""
1383,6416,"PACKET","IN",207,45,"PlayerSync","id=207 bytes=45","cf 4b 00 8e 80 63 ff c0 00 1e 8e 2b 30 f3 ae c9 91 4a 8f 20 10 84 00 00 00 03 dd 0f 80 00 01 d3 4b 90 f7 38 e4 23 af fd fd ac 04 64 80",""
1384,6416,"PACKET","IN",207,45,"PlayerSync","id=207 bytes=45","cf 54 00 fa 7f f2 3f c0 00 26 83 69 f0 e5 69 49 91 6e fe 1f 50 84 00 00 00 01 d2 72 c0 00 02 22 58 68 f4 14 13 52 7f fd fd a5 04 04 80",""
1385,6416,"PACKET","IN",200,48,"VehicleSync","id=200 bytes=48","c8 76 00 30 00 00 00 00 00 00 00 1c 20 26 f0 1a cb 59 c7 82 0c 37 88 32 44 50 9f 57 b4 26 e6 a0 13 f0 20 09 97 e3 47 f6 40 3d 00 03 7f e8 f6 84",""
1386,6441,"PACKET","IN",207,45,"PlayerSync","id=207 bytes=45","cf 4b 00 8e 00 65 ff c0 00 08 50 6b 30 e7 ef 49 91 5e 0e e0 10 84 00 00 00 00 8c f3 80 00 00 3f 6f a8 f5 e0 fb cf b7 fd fd ac 04 64 80",""
1387,6441,"PACKET","IN",207,45,"PlayerSync","id=207 bytes=45","cf 54 00 fa 7f f1 bf c0 00 34 44 29 f0 ec 29 49 91 47 be 9f 50 84 00 00 00 02 be 6e c0 00 00 e2 5c 68 f4 a4 11 82 83 fd fd a5 04 04 80",""
1388,6441,"PACKET","IN",200,44,"VehicleSync","id=200 bytes=44","c8 92 00 2a 00 89 ff 11 00 08 00 44 40 0b 70 52 5b a7 b0 1b ec 3c 30 12 94 5a 87 b7 b4 23 eb 73 33 ec 7f e6 99 1a 08 2c e0 39 00 00",""
1389,6441,"PACKET","IN",207,45,"PlayerSync","id=207 bytes=45","cf 54 00 fa 7f f0 ff c0 00 14 85 a9 f0 f8 29 49 91 5d ff 1f 50 84 00 00 00 02 aa 6a c0 00 01 0a 64 68 f6 90 10 aa 8b fd fd a5 04 04 80",""
1390,6442,"PACKET","IN",207,35,"PlayerSync","id=207 bytes=35","cf 9e 00 00 00 1c f8 2a 70 db 9f c9 d1 67 05 5f 50 84 00 00 00 03 fa 9a 40 00 00 00 00 00 01 a5 04 04 80",""
1391,6465,"PACKET","IN",207,45,"PlayerSync","id=207 bytes=45","cf 4b 00 8d 80 6a bf c0 00 16 92 2b 30 d8 6f c9 91 5d 8e a0 10 84 00 00 00 02 90 bb 80 00 02 52 47 e4 f6 29 17 7b c7 fd fd ac 04 64 80",""
1392,6492,"PACKET","IN",207,35,"PlayerSync","id=207 bytes=35","cf 0b 00 00 00 1a fc 26 b0 c0 43 09 d1 7b 67 1f 10 84 00 00 00 03 32 4b c0 00 00 00 00 00 01 28 00 04 11",""
1393,6492,"PACKET","IN",207,45,"PlayerSync","id=207 bytes=45","cf 4b 00 8d 00 6b bf c0 00 39 d3 eb 30 f5 f0 49 91 54 8e 20 10 84 00 00 00 02 00 97 80 00 00 ec c7 f8 f4 8d 49 ff df fd fd ac 04 64 80",""
1394,6492,"PACKET","IN",200,48,"VehicleSync","id=200 bytes=48","c8 76 00 30 00 00 00 00 00 00 00 19 40 1e 60 2a fb 58 62 12 2c 32 c8 32 44 50 ee a7 b4 20 40 90 03 f0 20 0b a7 e1 27 f6 40 3d 00 03 e5 d2 f6 84",""
1395,6492,"PACKET","IN",200,44,"VehicleSync","id=200 bytes=44","c8 92 00 2a 00 89 ff 11 00 08 00 4f 10 07 a0 58 5b 40 9c 6b dc 3f a0 22 94 54 a8 57 b4 20 fb 33 f3 e8 6f de 79 88 08 2c e0 39 00 00",""
1396,6515,"PACKET","IN",207,45,"PlayerSync","id=207 bytes=45","cf 4b 00 8c 80 6d ff c0 00 15 d5 eb 30 fa 71 09 91 44 8d 60 10 84 00 00 00 03 0c 63 80 00 03 ab bf f4 f7 99 6a 03 eb fd fd ac 04 64 80",""
1397,6546,"PACKET","IN",207,35,"PlayerSync","id=207 bytes=35","cf 46 00 02 00 04 95 e5 70 ce d4 09 91 63 2c de d0 80 00 00 00 02 f6 a7 c0 00 00 00 00 00 01 a5 04 08 80",""
1398,6546,"PACKET","IN",207,45,"PlayerSync","id=207 bytes=45","cf 4b 00 8c 00 6f bf c0 00 19 96 eb 30 df f1 c9 91 6d 0c 60 10 84 00 00 00 02 6c 2f 80 00 02 95 83 e4 f5 65 9e 67 f7 fd fd ac 04 64 80",""
1399,6546,"PACKET","IN",200,44,"VehicleSync","id=200 bytes=44","c8 92 00 2a 00 89 ff 11 00 08 00 47 c0 12 f0 5f aa f1 39 9b dc 33 f0 42 94 5c e8 b7 b4 23 8c 24 63 e1 2f c5 e9 f3 58 2c e0 39 00 00",""
1400,6546,"PACKET","IN",207,41,"PlayerSync","id=207 bytes=41","cf 4b 00 00 00 23 97 2b 30 c5 b2 49 91 4f 8b e0 10 84 00 00 00 02 6c 2f 80 00 00 0e db d0 f5 99 d1 e3 ff fd fd d3 04 64 80",""
1401,6546,"PACKET","IN",207,45,"PlayerSync","id=207 bytes=45","cf 54 00 fa 7f ef 7f c0 00 2d 08 29 f0 cf a9 89 91 76 80 1f 90 84 00 00 00 00 0a 66 c0 00 03 ce 68 68 f4 34 16 6e 8f fd fd a5 04 04 80",""
1402,6547,"PACKET","OUT",207,69,"PlayerSync","id=207 bytes=69","cf 00 00 00 00 00 00 22 90 8d c3 0a 85 26 45 6a 86 7a 42 f5 21 4f 3f 00 00 00 00 00 00 00 00 89 70 16 3f 64 00 00 00 00 00 00 00 00 00 00 00 00 00 00 00 00 00 00 00 00 00 00 00 00 00 00 00 00 00 28 00 04 11",""
1403,6549,"PACKET","OUT",203,32,"AimSync","id=203 bytes=32","cb 00 00 00 39 05 00 00 00 00 00 00 00 00 00 00 00 40 01 00 00 00 80 3f 00 00 f3 04 b5 3f 39 05",""
1404,6573,"PACKET","IN",207,45,"PlayerSync","id=207 bytes=45","cf 54 00 fa 7f ee 3f c0 00 27 ca a9 f0 e7 69 89 91 7e 01 1f 90 84 00 00 00 00 32 62 c0 00 03 f4 0b e8 f2 24 14 f2 97 fd fd a5 04 04 80",""
1405,6573,"PACKET","IN",200,48,"VehicleSync","id=200 bytes=48","c8 76 00 30 00 00 00 00 00 00 00 11 d0 13 90 3b 3b 5d d2 c2 4c 3e 28 22 44 5d 3d 67 b4 23 6a 2f c3 e0 20 00 17 fb 07 e6 40 3d 00 03 a3 ac f6 84",""
1406,6574,"RPC","IN",16,16,"PlaySound","id=16 bytes=16","43 51 00 00 00 00 00 00 00 00 00 00 00 00 00 00",""
1407,6574,"RPC","IN",134,80,"ShowTextDraw","id=134 bytes=80","2c 08 11 9a 99 19 3f 00 00 00 40 1a ff 00 aa 33 33 23 42 00 00 a0 41 00 00 00 32 00 01 00 00 00 ff 04 00 00 00 59 43 00 00 b8 43 00 00 00 00 00 00 00 00 00 00 00 00 00 00 00 00 80 3f ff ff ff ff 0d 00 6c 64 5f 64 75 61 6c 3a 77 68 69 74 65",""
1408,6574,"RPC","IN",105,7,"TextDrawSetString","id=105 bytes=7","26 08 03 00 31 30 30",""
1409,6574,"RPC","IN",105,5,"TextDrawSetString","id=105 bytes=5","27 08 01 00 30",""
1410,6574,"RPC","IN",105,6,"TextDrawSetString","id=105 bytes=6","28 08 02 00 35 30",""
1411,6574,"RPC","IN",105,5,"TextDrawSetString","id=105 bytes=5","29 08 01 00 39",""
1412,6574,"RPC","IN",105,7,"TextDrawSetString","id=105 bytes=7","2a 08 03 00 31 30 30",""
1413,6574,"PACKET","IN",207,35,"PlayerSync","id=207 bytes=35","cf 51 00 00 00 30 e3 68 30 f6 0c 09 d1 7b 67 1f 10 84 00 00 00 02 e7 67 c0 00 00 00 00 00 01 28 00 04 11",""
1414,6574,"PACKET","IN",200,44,"VehicleSync","id=200 bytes=44","c8 92 00 2a 00 89 ff 11 00 08 00 41 60 2b 60 45 2a ae f6 3b dc 31 f0 62 94 57 99 37 b4 28 40 d4 f3 ec af 94 aa 76 28 2c e0 39 00 00",""
1415,6575,"PACKET","IN",203,34,"AimSync","id=203 bytes=34","cb 92 00 12 6b a5 6f 3f d5 8d 95 be 4a 90 48 be eb 9b c1 c3 3f 30 29 45 64 5d 85 42 00 00 00 00 3f 37",""
1416,6600,"PACKET","IN",207,35,"PlayerSync","id=207 bytes=35","cf 46 00 02 00 04 95 e5 70 ce d4 09 91 63 ac de d0 80 00 00 00 02 f6 a7 c0 00 00 00 00 00 01 a5 04 08 80",""
1417,6600,"PACKET","IN",207,35,"PlayerSync","id=207 bytes=35","cf 70 00 00 00 23 1c 6a 70 ef f1 c9 91 61 b3 df 90 80 00 00 00 02 93 6f 00 00 00 00 00 00 01 00 00 00 80",""
1418,6601,"RPC","IN",86,27,"ApplyPlayerAnimation","id=86 bytes=27","97 00 07 42 44 5f 46 49 52 45 07 77 61 73 68 5f 75 70 33 33 83 40 80 00 00 00 00",""
1419,6601,"PACKET","IN",207,41,"PlayerSync","id=207 bytes=41","cf 4b 00 00 00 0b 99 2b 30 e3 f4 c9 91 43 c7 e0 10 84 00 00 00 02 6c 2f 80 00 00 ca 45 24 f9 99 d1 e3 ff fd fd d3 04 64 80",""
1420,6601,"PACKET","IN",207,35,"PlayerSync","id=207 bytes=35","cf 4d 00 00 00 02 00 23 30 e6 e4 09 91 70 1e 9e 90 84 00 00 00 03 da d0 80 00 00 00 00 00 01 28 00 04 11",""
1421,6624,"PACKET","IN",200,44,"VehicleSync","id=200 bytes=44","c8 92 00 2a 00 89 ff 11 00 08 00 48 20 2f 30 3e 1a 20 52 2b dc 31 70 92 94 5f 89 e7 b4 2a f2 85 93 e8 2f 64 9b 09 88 2c e0 39 00 00",""
1422,6648,"PACKET","IN",207,35,"PlayerSync","id=207 bytes=35","cf 1c 00 00 00 2d 02 a6 f0 e0 10 09 d1 7b 67 1f 10 84 00 00 00 00 15 5f 00 00 00 00 00 00 01 28 00 04 11",""
1423,6648,"PACKET","IN",200,48,"VehicleSync","id=200 bytes=48","c8 76 00 30 00 00 00 00 00 00 00 1b a0 1a 10 2b 5b 59 13 12 6c 3a c8 22 44 53 0c 17 b4 23 f3 6f 93 e0 20 02 97 fa f7 e6 40 3d 00 02 61 82 f6 84",""
1424,6648,"PACKET","IN",200,44,"VehicleSync","id=200 bytes=44","c8 92 00 2a 00 89 ff 11 00 08 00 4a 40 28 30 3c 39 ed 3f eb cc 3f 70 a2 94 56 7a 57 b4 23 69 15 e3 e7 7f 40 7b 59 b8 2c e0 39 00 00",""
1425,6676,"PACKET","IN",207,35,"PlayerSync","id=207 bytes=35","cf 1f 00 00 00 20 66 e8 30 c3 bc c9 91 7b 67 1f 10 84 00 00 00 00 97 53 00 00 00 00 00 00 01 28 00 04 11",""
1426,6677,"PACKET","IN",207,35,"PlayerSync","id=207 bytes=35","cf 29 00 00 00 2e 09 a5 b0 d1 c9 c9 d1 6c 24 9f 10 80 00 00 00 01 7d 63 c0 00 00 00 00 00 01 28 00 04 11",""
1427,6677,"PACKET","IN",207,35,"PlayerSync","id=207 bytes=35","cf 60 00 00 00 25 ca e3 30 e5 e0 49 91 6f df 1e 90 84 00 00 00 00 ae f9 c0 00 00 00 00 00 01 28 00 04 11",""
1428,6677,"RPC","IN",99,42,"MoveObject","id=99 bytes=42","a1 00 f8 e3 a1 c3 d7 9b 26 45 ed 5e 7b 42 f8 e3 a1 c3 d7 9b 26 45 53 c5 7d 42 00 00 80 3e 00 00 00 00 00 00 00 00 08 cc 84 43",""
1429,6677,"RPC","IN",122,2,"StopObject","id=122 bytes=2","a1 00",""
1430,6677,"RPC","IN",99,42,"MoveObject","id=99 bytes=42","a1 00 f8 e3 a1 c3 d7 9b 26 45 ed 5e 7b 42 f8 e3 a1 c3 d7 9b 26 45 ed 5e 7b 42 00 00 80 3e 00 00 00 00 00 00 00 00 08 cc 84 43",""
1431,6677,"RPC","IN",122,2,"StopObject","id=122 bytes=2","a1 00",""
1432,6677,"RPC","IN",99,42,"MoveObject","id=99 bytes=42","a1 00 f8 e3 a1 c3 d7 9b 26 45 ed 5e 7b 42 f8 e3 a1 c3 d7 9b 26 45 53 c5 7d 42 00 00 80 3e 00 00 00 00 00 00 00 00 08 cc 84 43",""
1433,6678,"RPC","IN",122,2,"StopObject","id=122 bytes=2","a1 00",""
1434,6678,"RPC","IN",99,42,"MoveObject","id=99 bytes=42","a1 00 f8 e3 a1 c3 d7 9b 26 45 ed 5e 7b 42 f8 e3 a1 c3 d7 9b 26 45 ed 5e 7b 42 00 00 80 3e 00 00 00 00 00 00 00 00 08 cc 84 43",""
1435,6678,"RPC","IN",122,2,"StopObject","id=122 bytes=2","a1 00",""
1436,6678,"RPC","IN",99,42,"MoveObject","id=99 bytes=42","a1 00 f8 e3 a1 c3 d7 9b 26 45 ed 5e 7b 42 f8 e3 a1 c3 d7 9b 26 45 53 c5 7d 42 00 00 80 3e 00 00 00 00 00 00 00 00 08 cc 84 43",""
1437,6678,"RPC","IN",122,2,"StopObject","id=122 bytes=2","a1 00",""
1438,6678,"RPC","IN",99,42,"MoveObject","id=99 bytes=42","a1 00 f8 e3 a1 c3 d7 9b 26 45 ed 5e 7b 42 f8 e3 a1 c3 d7 9b 26 45 ed 5e 7b 42 00 00 80 3e 00 00 00 00 00 00 00 00 08 cc 84 43",""
1439,6678,"RPC","IN",122,2,"StopObject","id=122 bytes=2","a1 00",""
1440,6678,"RPC","IN",99,42,"MoveObject","id=99 bytes=42","a1 00 f8 e3 a1 c3 d7 9b 26 45 ed 5e 7b 42 f8 e3 a1 c3 d7 9b 26 45 53 c5 7d 42 00 00 80 3e 00 00 00 00 00 00 00 00 08 cc 84 43",""
1441,6678,"RPC","IN",122,2,"StopObject","id=122 bytes=2","a1 00",""
1442,6678,"RPC","IN",99,42,"MoveObject","id=99 bytes=42","a1 00 f8 e3 a1 c3 d7 9b 26 45 ed 5e 7b 42 f8 e3 a1 c3 d7 9b 26 45 ed 5e 7b 42 00 00 80 3e 00 00 00 00 00 00 00 00 08 cc 84 43",""
1443,6679,"RPC","IN",122,2,"StopObject","id=122 bytes=2","a1 00",""
1444,6679,"RPC","IN",99,42,"MoveObject","id=99 bytes=42","a1 00 f8 e3 a1 c3 d7 9b 26 45 ed 5e 7b 42 f8 e3 a1 c3 d7 9b 26 45 53 c5 7d 42 00 00 80 3e 00 00 00 00 00 00 00 00 08 cc 84 43",""
1445,6679,"RPC","IN",122,2,"StopObject","id=122 bytes=2","a1 00",""
1446,6679,"RPC","IN",99,42,"MoveObject","id=99 bytes=42","a1 00 f8 e3 a1 c3 d7 9b 26 45 ed 5e 7b 42 f8 e3 a1 c3 d7 9b 26 45 ed 5e 7b 42 00 00 80 3e 00 00 00 00 00 00 00 00 08 cc 84 43",""
1447,6703,"PACKET","IN",207,41,"PlayerSync","id=207 bytes=41","cf 4b 00 00 00 07 da eb 30 c6 f7 49 91 5a 04 20 10 84 00 00 00 02 6c 2f 80 00 03 b3 24 dc f9 99 d1 e3 ff fd fd d3 04 64 80",""
1448,6703,"PACKET","IN",207,35,"PlayerSync","id=207 bytes=35","cf 53 00 00 00 1d d4 e5 b0 ff cc 49 d1 6c e4 9f 10 80 00 00 00 03 52 2a c0 00 00 00 00 00 01 a5 04 04 80",""
1449,6704,"PACKET","IN",207,35,"PlayerSync","id=207 bytes=35","cf 7c 00 00 00 03 66 28 30 f1 c4 49 d1 7b 67 1f 10 84 00 00 00 01 fe 49 80 00 00 00 00 00 01 28 00 04 11",""
1450,6704,"PACKET","IN",200,44,"VehicleSync","id=200 bytes=44","c8 92 00 2a 00 89 ff 11 00 08 00 4c 50 2b 80 28 19 67 0b bb cc 32 c0 f2 94 53 7b 17 b4 26 7d 26 83 e3 ff 07 7b d5 28 2c e0 39 00 00",""
1451,6704,"PACKET","IN",207,45,"PlayerSync","id=207 bytes=45","cf 54 00 fa 7f ed 7f c0 00 3b 91 69 f0 ea e9 c9 91 4c 04 1f 90 84 00 00 00 01 c6 62 c0 00 00 bf 8c 9c f6 48 15 66 97 fd fd a5 04 04 80",""
1452,6704,"RPC","IN",87,2,"ClearPlayerAnimation","id=87 bytes=2","1c 00",""
1453,6704,"RPC","IN",86,29,"ApplyPlayerAnimation","id=86 bytes=29","1c 00 05 43 41 52 52 59 0b 63 72 72 79 5f 70 72 74 69 61 6c 33 33 83 40 00 00 00 00 00",""
1454,6732,"PACKET","IN",207,35,"PlayerSync","id=207 bytes=35","cf 97 00 00 00 09 a6 25 b0 d5 fd 09 91 6c 24 9f 10 84 00 00 00 00 3b eb e8 00 00 00 00 00 01 28 00 04 11",""
1455,6732,"PACKET","IN",207,45,"PlayerSync","id=207 bytes=45","cf 54 00 fa 7f ed 7f c0 00 15 56 29 f0 d6 ea 09 91 75 45 df 90 84 00 00 00 01 32 66 c0 00 02 6f e8 ac f5 20 15 8e 93 fd fd a5 04 04 80",""
1456,6732,"PACKET","IN",200,48,"VehicleSync","id=200 bytes=48","c8 76 00 30 00 00 00 00 00 00 00 17 10 20 50 2b 4b 57 e2 f2 8c 37 88 22 44 5a 6a d7 b4 2a fc df 53 e0 20 02 07 fd 27 e6 40 3d 00 03 4d 5a f6 84",""
1457,6733,"PACKET","IN",200,44,"VehicleSync","id=200 bytes=44","c8 92 00 2a 00 89 ff 11 00 08 00 4e 30 23 b0 28 99 09 d8 cb cc 38 f1 22 94 56 1b a7 b4 2e c3 c6 d3 e3 de da 5c 2c 28 2c e0 39 00 00",""
1458,6734,"PACKET","IN",207,41,"PlayerSync","id=207 bytes=41","cf 4b 00 00 00 18 dc 2b 30 d5 f9 09 91 65 81 60 10 84 00 00 00 02 6c 2f 80 00 03 2c d6 c0 f5 99 d1 e3 ff fd fd d3 04 64 80",""
1459,6757,"RPC","IN",86,27,"ApplyPlayerAnimation","id=86 bytes=27","53 00 07 42 44 5f 46 49 52 45 07 77 61 73 68 5f 75 70 33 33 83 40 80 00 00 00 00",""
1460,6757,"PACKET","IN",200,44,"VehicleSync","id=200 bytes=44","c8 92 00 2a 00 89 ff 11 00 08 00 42 60 3e a0 10 c8 b3 f6 2b cc 3f 01 52 94 51 8c 57 b4 22 03 47 13 e5 6e a2 4c 7b b8 3c e0 39 00 00",""
1461,6782,"RPC","IN",72,6,"SetPlayerColor","id=72 bytes=6","5c 00 aa 00 a5 ff",""
1462,6782,"PACKET","IN",207,35,"PlayerSync","id=207 bytes=35","cf 3d 00 00 00 39 94 e5 b0 e4 03 c9 d1 6c 24 9f 10 80 00 00 00 02 af cd c0 00 00 00 00 00 01 28 00 04 11",""
1463,6782,"PACKET","IN",203,34,"AimSync","id=203 bytes=34","cb 3d 00 04 5c 75 41 bf fc dd 13 bf 6f 0d 9e be 84 dd 95 c3 e0 1a 27 45 01 3e 80 42 00 00 00 00 3f 36",""
1464,6803,"PACKET","IN",207,41,"PlayerSync","id=207 bytes=41","cf 4b 00 00 00 2e 1c eb 30 fb 3a 09 91 5d 7f 5f d0 84 00 00 00 02 6c 2f 80 00 02 d0 d6 c0 f5 99 d1 e3 ff fd fd d3 04 64 80",""
1465,6803,"PACKET","IN",203,34,"AimSync","id=203 bytes=34","cb 4b 00 04 36 fe 7e 3c 0e bb 73 3f 30 67 9c be ba 7a ac c3 5e b3 26 45 0a 57 83 42 00 00 00 00 3f 36",""
1466,6803,"PACKET","IN",200,48,"VehicleSync","id=200 bytes=48","c8 76 00 30 00 00 00 00 00 00 00 1c 50 20 00 2b 1b 58 82 62 ac 33 d8 22 44 58 09 a7 b4 2e 06 cf 23 e0 20 00 47 fa f7 e6 40 3d 00 02 ff 34 f6 84",""
1467,6804,"PACKET","IN",207,35,"PlayerSync","id=207 bytes=35","cf 85 00 00 00 2b 0b 62 b0 d7 e8 c9 91 50 59 de 90 84 00 00 00 03 a8 31 80 00 00 00 00 00 01 28 00 04 11",""
1468,6804,"PACKET","IN",203,34,"AimSync","id=203 bytes=34","cb 85 00 04 45 97 95 bd 2c 65 77 3f 51 69 7c be 8c 19 8a c3 14 82 26 45 29 ed 7e 42 00 00 00 00 3f c6",""
1469,6804,"PACKET","IN",200,44,"VehicleSync","id=200 bytes=44","c8 92 00 2a 00 89 ff 11 00 08 00 4d 60 3f 00 11 e8 4e d2 bb cc 3b 41 a2 94 55 9d 87 b4 28 f8 c7 63 e4 ee 6b dc c2 f8 5c e0 39 00 00",""
1470,6832,"PACKET","IN",207,35,"PlayerSync","id=207 bytes=35","cf 1c 00 00 00 2d 02 a6 f0 e0 10 09 d1 7b 67 1f 10 84 00 00 00 00 15 5f 00 00 00 00 00 00 01 a5 04 e8 80",""
1471,6833,"PACKET","IN",207,35,"PlayerSync","id=207 bytes=35","cf 46 00 02 00 04 95 e5 70 ce d4 09 91 63 2c de d0 80 00 00 00 02 f6 a7 c0 00 00 00 00 00 01 a5 04 08 80",""
1472,6833,"PACKET","IN",207,45,"PlayerSync","id=207 bytes=45","cf 54 00 fa 7f ed 3f c0 00 1c 1a 69 f0 fe ea 09 91 7f 47 9f 90 84 00 00 00 00 02 6a c0 00 03 6c a0 bc f7 e4 11 56 8f fd fd a5 04 04 80",""
1473,6833,"PACKET","IN",203,34,"AimSync","id=203 bytes=34","cb 54 00 04 af 8d 61 bf 02 63 d1 3e 6c 57 73 be 26 db a5 c3 f4 91 26 45 8b ec 81 42 00 00 00 00 3f 36",""
1474,6833,"PACKET","IN",200,44,"VehicleSync","id=200 bytes=44","c8 92 00 2a 00 00 00 11 00 08 00 4a 80 45 40 20 17 fb e0 2b cc 3a e1 e2 94 5c de a7 b4 2e 89 77 b3 ee 7e 3c 8c f1 08 6c e0 39 00 00",""
1475,6834,"PACKET","OUT",205,9,"UNKNOWN_PACKET","id=205 bytes=9","cd b8 4a 04 00 00 00 00 00",""
1476,6880,"PACKET","IN",207,45,"PlayerSync","id=207 bytes=45","cf 54 00 fa 7f ed 3f c0 00 09 1e e9 f0 e7 2a 49 91 5d 09 9f 90 84 00 00 00 03 2e 6a c0 00 01 59 38 b0 f6 fc 12 26 8b fd fd a5 04 04 80",""
1477,6881,"PACKET","IN",207,35,"PlayerSync","id=207 bytes=35","cf 9a 00 00 00 05 5a 28 30 df c8 49 d1 7b 67 1f 10 84 00 00 00 01 79 f3 c0 00 00 00 00 00 01 28 00 04 11",""
1478,6881,"PACKET","IN",200,44,"VehicleSync","id=200 bytes=44","c8 92 00 2a 00 00 00 11 00 08 00 4c 10 52 90 3e d7 96 0d 6b bc 32 32 32 94 52 f0 17 c4 2a 8d b8 03 ee 2e 2f dd 0b b8 6c e0 39 00 00",""
1479,6881,"PACKET","IN",207,41,"PlayerSync","id=207 bytes=41","cf 4b 00 00 00 3b 5d 2b 30 e5 7a 89 91 5f 3e 1f d0 84 00 00 00 02 6c 2f 80 00 00 e5 a0 c4 f2 62 2e 18 03 fd fd d3 04 64 80",""
1480,6881,"PACKET","IN",200,48,"VehicleSync","id=200 bytes=48","c8 76 00 30 00 00 00 00 00 00 00 19 f0 25 00 2b 0b 51 31 62 cc 3f d8 12 44 5e f8 27 b4 2f a1 5e f3 e0 30 0f 37 e5 d7 e6 40 3d 00 03 db 04 f6 84",""
1481,6904,"PACKET","IN",207,45,"PlayerSync","id=207 bytes=45","cf 54 00 fa 7f ed 7f c0 00 0e a1 29 f0 fb 6a 49 91 53 8a 9f 90 84 00 00 00 01 4e 6e c0 00 01 e0 7c b0 f6 84 10 7e 8b fd fd a5 04 04 80",""
1482,6931,"PACKET","IN",200,44,"VehicleSync","id=200 bytes=44","c8 92 00 2a 00 00 00 11 00 08 00 43 10 78 40 40 37 5b ca 2b bc 37 62 82 94 55 e1 d7 c4 2a 17 b8 43 e5 de 1c 5d 23 18 7c e0 39 00 00",""
1483,6931,"PACKET","IN",207,45,"PlayerSync","id=207 bytes=45","cf 54 00 fa 7f ed bf c0 00 2f 23 a9 f0 d2 2a 89 91 73 4b 9f 90 84 00 00 00 03 7e 6e c0 00 01 b3 1c a0 f5 dc 12 12 87 fd fd a5 04 04 80",""
1484,6954,"PACKET","IN",207,41,"PlayerSync","id=207 bytes=41","cf 4b 00 00 00 30 9d 2b 30 d6 7a 89 91 4c 3e 5f d0 84 00 00 00 02 6c 2f 80 00 02 b4 ab 98 ea 62 2e 18 03 fd fd d3 04 64 80",""
1485,6955,"PACKET","IN",207,45,"PlayerSync","id=207 bytes=45","cf 54 00 fa 7f ed ff c0 00 16 e5 69 f0 e0 6a 89 91 69 0c 5f 90 84 00 00 00 01 3a 72 c0 00 00 4a 84 98 f5 44 13 de 83 fd fd a5 04 04 80",""
1486,6955,"PACKET","IN",200,48,"VehicleSync","id=200 bytes=48","c8 76 00 30 00 00 00 00 00 00 00 15 40 28 d0 2b 1b 5a 2f d2 dc 3b c8 12 44 5d 46 97 b4 29 2c 2e b3 e0 30 0f 67 e6 27 e6 40 3d 00 03 a6 d2 f6 84",""
1487,6955,"PACKET","IN",203,34,"AimSync","id=203 bytes=34","cb 76 00 12 54 e9 7d bf 7f 36 46 bc 67 f2 01 be 27 81 27 c3 e9 82 24 45 09 39 80 42 00 00 00 00 0b ff",""
1488,6982,"PACKET","IN",207,35,"PlayerSync","id=207 bytes=35","cf 49 00 00 00 05 d5 25 b0 dd 8f 09 d1 6c 24 9f 10 80 00 00 00 01 eb 77 c0 00 00 00 00 00 01 28 00 04 11",""
1489,6983,"PACKET","IN",200,44,"VehicleSync","id=200 bytes=44","c8 92 00 2a 00 00 00 11 00 08 00 41 20 99 80 61 77 0d 25 cb bc 3d f2 f2 94 5d 14 77 c4 25 0d 28 73 e0 3e 11 2d 36 48 8c e0 39 00 00",""
1490,6983,"RPC","IN",105,19,"TextDrawSetString","id=105 bytes=19","2f 01 0f 00 30 39 20 41 67 75 73 74 75 73 20 32 30 32 36",""
1491,6983,"RPC","IN",105,12,"TextDrawSetString","id=105 bytes=12","30 01 08 00 31 31 3a 35 36 3a 30 31",""
1492,6983,"PACKET","IN",207,35,"PlayerSync","id=207 bytes=35","cf 63 00 00 00 01 65 e3 30 dd 94 49 91 42 51 df 90 80 00 00 00 00 00 03 80 00 00 00 00 00 01 2a 04 04 80",""
1493,6983,"PACKET","IN",203,34,"AimSync","id=203 bytes=34","cb 63 00 04 5d d8 bd 3e 9c 1b 59 3f 86 cd c1 be c7 32 8d c3 07 27 26 45 f4 4c 83 42 00 00 00 00 3f 55",""
1494,6984,"PACKET","IN",207,35,"PlayerSync","id=207 bytes=35","cf 9e 00 00 00 1c f8 2a 70 db 9f c9 d1 67 05 5f 50 84 00 00 00 03 fa 9a 40 00 00 00 00 00 01 a5 04 04 80",""
1495,7005,"PACKET","IN",207,45,"PlayerSync","id=207 bytes=45","cf 54 00 fa 7f ee 3f c0 00 2f a8 29 f0 f8 2a 89 91 63 8d 9f 90 84 00 00 00 03 92 72 c0 00 03 32 6c 8c f4 90 11 3a 83 fd fd a5 04 04 80",""
1496,7005,"PACKET","IN",200,44,"VehicleSync","id=200 bytes=44","c8 92 00 2a 00 00 00 11 00 08 00 4c a0 9e 40 78 36 db 52 bb bc 31 93 52 94 55 e6 d7 c4 23 0c d8 93 ed ae 01 9d 3d 38 9c e0 39 00 00",""
1497,7031,"PACKET","IN",207,35,"PlayerSync","id=207 bytes=35","cf 0b 00 00 00 1a fc 26 b0 c0 43 09 d1 7b 67 1f 10 84 00 00 00 03 32 4b c0 00 00 00 00 00 01 28 00 04 11",""
1498,7031,"PACKET","IN",207,45,"PlayerSync","id=207 bytes=45","cf 54 00 fa ff ee 3f c0 00 17 e9 29 f0 ff aa 89 91 48 0e 1f 90 84 00 00 00 02 92 6e c0 00 03 56 80 80 f4 18 13 5e 7f fd fd a5 04 04 80",""
1499,7057,"PACKET","IN",207,41,"PlayerSync","id=207 bytes=41","cf 4b 00 00 00 00 9d 2b 30 d4 ba 49 91 50 ff 1f d0 84 00 00 00 02 6c 2f 80 00 00 af 3a cc f2 62 2e 18 03 fd fd d3 04 64 80",""
1500,7057,"PACKET","IN",207,45,"PlayerSync","id=207 bytes=45","cf 54 00 fb 7f ee bf c0 00 1e 2a 29 f0 c8 6a c9 91 78 8e 5f 90 84 00 00 00 03 22 6a c0 00 03 54 34 7c f5 b4 11 76 87 fd fd a5 04 04 80",""
1501,7057,"PACKET","IN",200,48,"VehicleSync","id=200 bytes=48","c8 76 00 30 00 00 00 00 00 00 00 14 30 2a 20 2b 2b 5f dd f2 fc 38 08 12 44 5b 05 27 b4 22 e7 2e 83 e0 30 00 27 f8 17 e6 40 3d 00 03 60 a4 f6 84",""
1502,7075,"PACKET","OUT",203,32,"AimSync","id=203 bytes=32","cb 00 00 00 39 05 00 00 00 00 00 00 00 00 00 00 00 40 01 00 00 00 80 3f 00 00 f3 04 b5 3f 39 05",""
1503,7105,"RPC","IN",138,3,"ServerQuit","id=138 bytes=3","99 00 00",""
1504,7106,"PACKET","IN",207,41,"PlayerSync","id=207 bytes=41","cf 4b 00 00 00 0b 9c eb 30 cb fa 09 91 6a bf df d0 84 00 00 00 02 6c 2f 80 00 01 47 3a cc f2 62 2e 18 03 fd fd d3 04 64 80",""
1505,7106,"PACKET","IN",207,45,"PlayerSync","id=207 bytes=45","cf 54 00 fb ff ef 3f c0 00 1d eb a9 f0 d5 aa c9 91 5c 0f 1f 90 84 00 00 00 00 02 6a c0 00 03 b8 74 60 f6 a4 10 ea 8b fd fd a5 04 04 80",""
1506,7106,"PACKET","IN",207,35,"PlayerSync","id=207 bytes=35","cf 63 00 00 00 01 65 e3 30 d0 96 89 91 6e 15 a0 50 80 00 00 00 00 00 03 80 00 00 00 00 00 01 2b 04 e8 80",""
1507,7106,"PACKET","IN",207,35,"PlayerSync","id=207 bytes=35","cf 7e 00 00 00 11 42 a6 f0 c0 4b 89 d1 7b 67 1f 10 84 00 00 00 00 c6 1b 94 00 00 00 00 00 01 28 00 04 11",""
1508,7106,"PACKET","IN",203,34,"AimSync","id=203 bytes=34","cb 7e 00 04 59 f8 6f bf 60 5e ad 3e 02 14 a7 bd 78 fa 99 c3 bb 21 27 45 83 c0 7f 42 00 00 00 00 3f c6",""
1509,7106,"PACKET","IN",200,44,"VehicleSync","id=200 bytes=44","c8 92 00 2a 00 00 00 11 00 08 00 41 a0 a3 f0 91 b6 bf ae 9b ac 33 73 c2 94 55 ea 77 c4 21 18 f8 c3 ed cd f1 3d 42 38 bc e0 39 00 00",""
1510,7132,"PACKET","IN",207,35,"PlayerSync","id=207 bytes=35","cf 70 00 00 00 23 1c 6a 70 ef f1 c9 91 61 b3 df 90 80 00 00 00 02 93 6f 00 00 00 00 00 00 01 00 00 00 80",""
1511,7132,"PACKET","IN",207,45,"PlayerSync","id=207 bytes=45","cf 54 00 fc ff ef 7f c0 00 3e ae 69 f0 f0 aa c9 91 4f d0 5f 90 84 00 00 00 02 4a 5e c0 00 00 df 50 34 f5 4c 16 2a 93 fd fd a5 04 04 80",""
1512,7132,"PACKET","IN",200,48,"VehicleSync","id=200 bytes=48","c8 76 00 30 00 00 00 00 00 00 00 15 a0 28 c0 2b 2b 5c 0b c3 1c 34 68 12 44 5a 53 c7 b4 2d 52 4e 53 e0 30 00 97 f8 27 e6 40 3d 00 03 4a 78 f6 84",""
1513,7133,"PACKET","OUT",207,69,"PlayerSync","id=207 bytes=69","cf 00 00 00 00 00 00 22 90 8d c3 0a 85 26 45 6a 86 7a 42 f5 21 4f 3f 00 00 00 00 00 00 00 00 89 70 16 3f 64 00 00 00 00 00 00 00 00 00 00 00 00 00 00 00 00 00 00 00 00 00 00 00 00 00 00 00 00 00 28 00 04 11",""
1514,7160,"PACKET","IN",207,35,"PlayerSync","id=207 bytes=35","cf 4d 00 00 00 02 00 23 30 e6 e4 09 91 70 1e 9e 90 84 00 00 00 03 da d0 80 00 00 00 00 00 01 28 00 04 11",""
1515,7161,"PACKET","IN",207,35,"PlayerSync","id=207 bytes=35","cf 51 00 00 00 30 e3 68 30 f6 0c 09 d1 7b 67 1f 10 84 00 00 00 02 e7 67 c0 00 00 00 00 00 01 28 00 04 11",""
1516,7161,"PACKET","IN",200,44,"VehicleSync","id=200 bytes=44","c8 92 00 2a 00 00 00 11 00 08 00 40 a0 ac 70 94 d6 ac 8c 5b ac 33 94 02 94 50 ec a7 c4 22 41 08 e3 e2 3d fd 7d 49 08 bc e0 39 00 00",""
1517,7161,"PACKET","IN",203,34,"AimSync","id=203 bytes=34","cb 92 00 12 49 b1 7b 3f 2d 27 a6 3d 95 98 27 be 0b 34 bf c3 86 34 29 45 19 64 85 42 00 00 00 00 3f 37",""
1518,7182,"RPC","IN",138,3,"ServerQuit","id=138 bytes=3","39 00 00",""
1519,7182,"PACKET","IN",207,35,"PlayerSync","id=207 bytes=35","cf 29 00 00 00 2e 09 a5 b0 d1 c9 c9 d1 6c 24 9f 10 80 00 00 00 01 7d 63 c0 00 00 00 00 00 01 28 00 04 11",""
1520,7182,"PACKET","IN",207,45,"PlayerSync","id=207 bytes=45","cf 54 00 fd 7f ef bf c0 00 0a b0 29 f0 c0 2b 09 91 71 90 df 90 84 00 00 00 01 aa 5a c0 00 03 10 b0 30 f7 3c 14 7e 9b fd fd a5 04 04 80",""
1521,7182,"PACKET","IN",207,35,"PlayerSync","id=207 bytes=35","cf 60 00 00 00 25 ca e3 30 e5 e0 49 91 6f df 1e 90 84 00 00 00 00 ae f9 c0 00 00 00 00 00 01 28 00 04 11",""
1522,7182,"PACKET","IN",200,44,"VehicleSync","id=200 bytes=44","c8 92 00 2a 00 00 00 11 00 08 00 4a f0 9d 10 a2 d6 9c 47 3b ac 35 14 92 94 51 81 d7 d4 2d bd c9 23 e4 bd f9 7d 41 38 cc e0 39 00 00",""
1523,7182,"PACKET","IN",207,41,"PlayerSync","id=207 bytes=41","cf 4b 00 00 00 11 5c eb 30 d3 ba 09 91 53 7f df d0 84 00 00 00 02 6c 2f 80 00 02 79 9a e4 ed 99 d1 e3 ff fd fd d3 04 64 80",""
1524,7182,"PACKET","IN",207,45,"PlayerSync","id=207 bytes=45","cf 54 00 fd 7f ef ff c0 00 3c b1 69 f0 cf 2b 09 91 47 51 9f 90 84 00 00 00 03 0e 5a c0 00 00 cf 28 24 f5 04 1a 1a 9f fd fd a5 04 04 80",""
1525,7210,"PACKET","IN",207,35,"PlayerSync","id=207 bytes=35","cf 1f 00 00 00 20 66 e8 30 c3 bc c9 91 7b 67 1f 10 84 00 00 00 00 97 53 00 00 00 00 00 00 01 28 00 04 11",""
1526,7211,"PACKET","IN",207,35,"PlayerSync","id=207 bytes=35","cf 1a 00 00 00 37 65 23 70 da 69 09 91 4b 21 de 90 80 00 00 00 00 b3 19 80 00 00 00 00 00 01 28 00 04 11",""
1527,7211,"PACKET","IN",203,34,"AimSync","id=203 bytes=34","cb 1a 00 04 1a 5f 17 3f 8e 24 4a bf 1b db 27 be 5e 53 8e c3 36 c4 26 45 12 94 7e 42 00 00 00 00 3f 36",""
1528,7211,"PACKET","IN",207,35,"PlayerSync","id=207 bytes=35","cf 46 00 02 00 04 95 e5 70 ce d4 09 91 63 ac de d0 80 00 00 00 02 f6 a7 c0 00 00 00 00 00 01 a5 04 08 80",""
1529,7211,"PACKET","IN",203,34,"AimSync","id=203 bytes=34","cb 46 00 04 10 ff 22 3f 22 fd 35 3f b3 f2 98 be 3d 0c 97 c3 39 13 26 45 62 41 82 42 00 00 00 00 23 37",""
1530,7211,"PACKET","IN",200,48,"VehicleSync","id=200 bytes=48","c8 76 00 30 00 00 00 00 00 00 00 17 40 27 00 2b 2b 59 79 03 3c 30 f8 12 44 57 a2 67 b4 2d dd ae 13 e0 30 00 87 f7 77 e6 40 3d 00 02 f4 4c f6 84",""
1531,7234,"PACKET","IN",200,44,"VehicleSync","id=200 bytes=44","c8 92 00 2a 00 00 00 11 00 08 00 44 c0 96 b0 b7 86 8a d1 8b ac 39 15 32 94 5a 57 77 d4 20 79 69 73 e9 fd e6 ad 58 d8 bc e0 39 00 00",""
1532,7234,"PACKET","IN",207,45,"PlayerSync","id=207 bytes=45","cf 54 00 fd ff ef ff c0 00 10 33 e9 f0 e7 2b 09 91 78 92 5f 90 84 00 00 00 02 12 56 c0 00 02 38 40 20 f4 44 1b be 9b fd fd a5 04 04 80",""
1533,7260,"PACKET","IN",207,35,"PlayerSync","id=207 bytes=35","cf 53 00 00 00 1d d4 e5 b0 ff cc 49 d1 6c e4 9f 10 80 00 00 00 03 52 2a c0 00 00 00 00 00 01 a5 04 04 80",""
1534,7260,"PACKET","IN",207,35,"PlayerSync","id=207 bytes=35","cf 7c 00 00 00 03 66 28 30 f1 c4 49 d1 7b 67 1f 10 84 00 00 00 01 fe 49 80 00 00 00 00 00 01 28 00 04 11",""
1535,7260,"PACKET","IN",207,41,"PlayerSync","id=207 bytes=41","cf 4b 00 00 00 27 5c eb 30 f1 ba 09 91 79 bf 5f d0 84 00 00 00 02 6c 2f 80 00 03 f9 d4 04 f1 99 d1 e3 ff fd fd d3 04 64 80",""
1536,7261,"PACKET","IN",207,45,"PlayerSync","id=207 bytes=45","cf 54 00 fd ff f0 3f c0 00 0e f5 69 f0 f7 2b 09 91 51 93 1f 90 84 00 00 00 03 62 56 c0 00 03 5a c4 1c f6 5c 1a 2e a3 fd fd a5 04 04 80",""
1537,7261,"PACKET","IN",200,44,"VehicleSync","id=200 bytes=44","c8 92 00 2a 00 00 00 11 00 08 00 4f a0 86 b0 b4 76 84 1d eb 9c 32 85 a2 94 56 3a f7 d4 21 34 e9 a3 ea dd e6 8d 52 78 bc e0 39 00 00",""
1538,7261,"PACKET","IN",207,35,"PlayerSync","id=207 bytes=35","cf 97 00 00 00 09 a6 25 b0 d5 fd 09 91 6c 24 9f 10 84 00 00 00 00 3b eb e8 00 00 00 00 00 01 28 00 04 11",""
1539,7286,"PACKET","IN",207,39,"PlayerSync","id=207 bytes=39","cf 9e 00 f9 ff fe bf c0 00 1c f8 2a 70 db 9f c9 d1 67 05 5f 50 84 00 00 00 02 26 e2 40 00 00 00 00 00 01 a5 04 04 80",""
1540,7316,"PACKET","IN",200,44,"VehicleSync","id=200 bytes=44","c8 92 00 2a 00 00 00 11 00 08 00 4a 20 82 50 b3 16 81 89 eb 9c 36 06 12 94 51 3e b7 d4 23 b4 99 e3 ec ad e5 0d 5e 08 ac e0 39 00 00",""
1541,7316,"PACKET","IN",200,48,"VehicleSync","id=200 bytes=48","c8 76 00 30 00 00 00 00 00 00 00 17 d0 26 70 2b 2b 59 75 e3 5c 3d 88 02 44 53 f1 07 b4 2d d9 3d e3 e0 30 00 37 f7 57 e6 40 3d 00 02 7e 20 f6 84",""
1542,7316,"PACKET","IN",207,45,"PlayerSync","id=207 bytes=45","cf 9e 00 ef 7f fb 7f c0 00 0b 39 aa 70 d9 df c9 d1 58 86 1f 50 84 00 00 00 02 93 1e 40 00 01 2c 9c 18 f4 64 03 e1 eb fd fd a5 04 04 80",""
1543,7317,"RPC","IN",99,42,"MoveObject","id=99 bytes=42","a1 00 f8 e3 a1 c3 d7 9b 26 45 ed 5e 7b 42 f8 e3 a1 c3 d7 9b 26 45 53 c5 7d 42 00 00 80 3e 00 00 00 00 00 00 00 00 08 cc 84 43",""
1544,7317,"RPC","IN",122,2,"StopObject","id=122 bytes=2","a1 00",""
1545,7317,"RPC","IN",99,42,"MoveObject","id=99 bytes=42","a1 00 f8 e3 a1 c3 d7 9b 26 45 ed 5e 7b 42 f8 e3 a1 c3 d7 9b 26 45 ed 5e 7b 42 00 00 80 3e 00 00 00 00 00 00 00 00 08 cc 84 43",""
1546,7317,"RPC","IN",122,2,"StopObject","id=122 bytes=2","a1 00",""
1547,7317,"RPC","IN",99,42,"MoveObject","id=99 bytes=42","a1 00 f8 e3 a1 c3 d7 9b 26 45 ed 5e 7b 42 f8 e3 a1 c3 d7 9b 26 45 53 c5 7d 42 00 00 80 3e 00 00 00 00 00 00 00 00 08 cc 84 43",""
1548,7317,"RPC","IN",122,2,"StopObject","id=122 bytes=2","a1 00",""
1549,7317,"RPC","IN",99,42,"MoveObject","id=99 bytes=42","a1 00 f8 e3 a1 c3 d7 9b 26 45 ed 5e 7b 42 f8 e3 a1 c3 d7 9b 26 45 ed 5e 7b 42 00 00 80 3e 00 00 00 00 00 00 00 00 08 cc 84 43",""
1550,7317,"RPC","IN",122,2,"StopObject","id=122 bytes=2","a1 00",""
1551,7317,"RPC","IN",99,42,"MoveObject","id=99 bytes=42","a1 00 f8 e3 a1 c3 d7 9b 26 45 ed 5e 7b 42 f8 e3 a1 c3 d7 9b 26 45 53 c5 7d 42 00 00 80 3e 00 00 00 00 00 00 00 00 08 cc 84 43",""
1552,7317,"RPC","IN",122,2,"StopObject","id=122 bytes=2","a1 00",""
1553,7317,"RPC","IN",99,42,"MoveObject","id=99 bytes=42","a1 00 f8 e3 a1 c3 d7 9b 26 45 ed 5e 7b 42 f8 e3 a1 c3 d7 9b 26 45 ed 5e 7b 42 00 00 80 3e 00 00 00 00 00 00 00 00 08 cc 84 43",""
1554,7317,"RPC","IN",122,2,"StopObject","id=122 bytes=2","a1 00",""
1555,7318,"RPC","IN",99,42,"MoveObject","id=99 bytes=42","a1 00 f8 e3 a1 c3 d7 9b 26 45 ed 5e 7b 42 f8 e3 a1 c3 d7 9b 26 45 53 c5 7d 42 00 00 80 3e 00 00 00 00 00 00 00 00 08 cc 84 43",""
1556,7318,"RPC","IN",122,2,"StopObject","id=122 bytes=2","a1 00",""
1557,7318,"RPC","IN",99,42,"MoveObject","id=99 bytes=42","a1 00 f8 e3 a1 c3 d7 9b 26 45 ed 5e 7b 42 f8 e3 a1 c3 d7 9b 26 45 ed 5e 7b 42 00 00 80 3e 00 00 00 00 00 00 00 00 08 cc 84 43",""
1558,7318,"RPC","IN",122,2,"StopObject","id=122 bytes=2","a1 00",""
1559,7318,"RPC","IN",99,42,"MoveObject","id=99 bytes=42","a1 00 f8 e3 a1 c3 d7 9b 26 45 ed 5e 7b 42 f8 e3 a1 c3 d7 9b 26 45 53 c5 7d 42 00 00 80 3e 00 00 00 00 00 00 00 00 08 cc 84 43",""
1560,7318,"RPC","IN",122,2,"StopObject","id=122 bytes=2","a1 00",""
1561,7318,"RPC","IN",99,42,"MoveObject","id=99 bytes=42","a1 00 f8 e3 a1 c3 d7 9b 26 45 ed 5e 7b 42 f8 e3 a1 c3 d7 9b 26 45 ed 5e 7b 42 00 00 80 3e 00 00 00 00 00 00 00 00 08 cc 84 43",""
1562,7318,"PACKET","IN",207,41,"PlayerSync","id=207 bytes=41","cf 4b 00 00 00 21 9c eb 30 e9 7a 09 91 52 bf 9f d0 84 00 00 00 02 6c 2f 80 00 03 4c 1a 8c ee 62 2e 18 03 fd fd d3 04 64 80",""
1563,7318,"PACKET","IN",207,45,"PlayerSync","id=207 bytes=45","cf 54 00 fd ff f0 7f c0 00 27 f8 a9 f0 d8 eb 49 91 6f 94 5f 90 84 00 00 00 02 ea 6e c0 00 02 11 b4 20 f4 38 16 7a 8f fd fd a5 04 04 80",""
1564,7319,"PACKET","IN",207,45,"PlayerSync","id=207 bytes=45","cf 9e 00 d9 7f f3 ff c0 00 3e ba ea 70 cf 9f c9 d1 56 06 df 50 84 00 00 00 02 8f 56 40 00 03 a4 8c 18 f4 20 0d 35 93 fd fd a5 04 04 80",""
1565,7342,"PACKET","IN",207,45,"PlayerSync","id=207 bytes=45","cf 54 00 fe 7f f0 7f c0 00 2f 39 69 f0 df ab 49 91 44 94 df 90 84 00 00 00 03 82 6e c0 00 00 f1 bc 14 f5 94 11 0e 87 fd fd a5 04 04 80",""
1566,7342,"PACKET","IN",207,35,"PlayerSync","id=207 bytes=35","cf 85 00 00 00 2b 0b 62 b0 d7 e8 c9 91 50 59 de 90 84 00 00 00 03 a8 31 80 00 00 00 00 00 01 28 00 04 11",""
1567,7343,"PACKET","IN",200,44,"VehicleSync","id=200 bytes=44","c8 92 00 2a 00 00 00 11 00 08 00 45 e0 8b 80 a2 d6 81 96 4b 9c 3e 26 72 94 53 02 07 e4 2e ad da 13 ee 9d e3 2d 5c 28 ac e0 39 00 00",""
1568,7365,"PACKET","IN",207,35,"PlayerSync","id=207 bytes=35","cf 94 00 00 00 10 3e 66 b0 ef 39 c9 91 7b 67 1f 10 84 00 00 00 02 9a 53 c0 00 00 00 00 00 01 28 00 04 11",""
1569,7366,"PACKET","IN",203,34,"AimSync","id=203 bytes=34","cb 94 00 04 b9 61 d4 3e 34 8f 5d bf 87 d1 8f be 1e 67 9b c3 63 04 27 45 44 ab 80 42 00 00 00 00 3f 21",""
1570,7366,"PACKET","IN",207,45,"PlayerSync","id=207 bytes=45","cf 9e 00 ce 7f ef 3f c0 00 13 fc aa 70 f9 df 89 d1 70 07 9f 50 84 00 00 00 02 2b 8e 40 00 03 60 90 18 f5 28 2a d5 37 fd fd a5 04 04 80",""
1571,7394,"RPC","IN",113,59,"SetPlayerAttachedObject","id=113 bytes=59","46 00 09 00 00 00 b6 26 00 00 02 80 00 00 3d 8a 57 1e 8e 22 db 1e 80 00 00 00 00 00 00 00 00 00 00 00 00 00 00 00 00 00 40 1f 80 00 40 1f 80 00 40 1f 80 00 00 00 00 00 00 00 00",""
1572,7395,"RPC","IN",86,33,"ApplyPlayerAnimation","id=86 bytes=33","46 00 07 56 45 4e 44 49 4e 47 0d 56 45 4e 44 5f 44 72 69 6e 6b 32 5f 50 00 00 40 40 70 10 00 00 00",""
1573,7396,"PACKET","IN",207,35,"PlayerSync","id=207 bytes=35","cf 9a 00 00 00 05 5a 28 30 df c8 49 d1 7b 67 1f 10 84 00 00 00 01 79 f3 c0 00 00 00 00 00 01 28 00 04 11",""
1574,7397,"PACKET","IN",207,35,"PlayerSync","id=207 bytes=35","cf 1c 00 00 00 2d 02 a6 f0 e0 10 09 d1 7b 67 1f 10 84 00 00 00 00 15 5f 00 00 00 00 00 00 01 a5 04 e8 80",""
1575,7398,"PACKET","IN",207,35,"PlayerSync","id=207 bytes=35","cf 4b 00 00 00 1f 1c eb 30 e6 3a 09 91 5c 3f 9f d0 84 00 00 00 02 6c 2f 80 00 00 00 00 00 01 a5 04 08 80",""
1576,7398,"PACKET","IN",207,45,"PlayerSync","id=207 bytes=45","cf 54 00 fe ff f0 7f c0 00 01 bc 29 f0 f2 eb 49 91 68 d5 df 90 84 00 00 00 03 52 86 c0 00 00 5a dc 10 f6 e0 09 02 6b fd fd a5 04 04 80",""
1577,7398,"PACKET","IN",200,48,"VehicleSync","id=200 bytes=48","c8 76 00 30 00 00 00 00 00 00 00 17 50 27 00 2b 1b 5f e2 43 7c 3a 18 02 44 58 af a7 a4 2f 64 fd b3 e0 30 00 07 f7 97 e6 40 3d 00 03 15 f4 f4 84",""
1578,7398,"PACKET","IN",200,44,"VehicleSync","id=200 bytes=44","c8 92 00 2a 00 00 00 11 00 08 00 43 50 80 90 a3 06 88 51 ab 9c 31 d7 02 94 5b 46 27 e4 23 96 5a 63 e0 ad f1 2d 59 b8 ac e0 39 00 00",""
1579,7399,"PACKET","IN",207,45,"PlayerSync","id=207 bytes=45","cf 54 00 fe ff f0 bf c0 00 0b 3c a9 f0 f6 6b 49 91 67 96 1f 90 84 00 00 00 02 aa 8e c0 00 00 7c d0 10 f6 68 0a c6 67 fd fd a5 04 04 80",""
1580,7399,"PACKET","IN",207,45,"PlayerSync","id=207 bytes=45","cf 9e 00 cc ff ed 7f c0 00 23 3d ea 70 dc 1f 89 d1 71 48 5f 50 84 00 00 00 00 97 ba 40 00 01 64 ac 18 f6 f0 5f 00 d7 fd fd a5 04 04 80",""
1581,7425,"PACKET","IN",207,45,"PlayerSync","id=207 bytes=45","cf 54 00 fe ff f0 ff c0 00 11 fd 29 f0 f9 ab 49 91 65 d6 5f 90 84 00 00 00 01 56 96 c0 00 03 72 c4 04 f4 98 09 72 5f fd fd a5 04 04 80",""
1582,7426,"PACKET","IN",207,45,"PlayerSync","id=207 bytes=45","cf 54 00 fe ff f1 3f c0 00 26 be 29 f0 ff 2b 49 91 69 96 df 90 84 00 00 00 00 5a a2 c0 00 02 7d a7 f8 f1 e8 05 96 4f fd fd a5 04 04 80",""
1583,7426,"PACKET","IN",200,44,"VehicleSync","id=200 bytes=44","c8 92 00 2a 00 00 00 11 00 08 00 44 b0 85 a0 93 16 82 6d 9b 8c 36 87 72 94 58 49 c7 e4 2b 46 7a a3 e2 8d ff 6d 47 08 ac e0 39 00 00",""
1584,7426,"PACKET","IN",207,45,"PlayerSync","id=207 bytes=45","cf 9e 00 cd 7f ed 3f c0 00 3f 7e ea 70 f6 1f 49 d1 62 89 1f 50 84 00 00 00 03 b7 d6 40 00 01 ae 5c 40 f6 84 a1 d0 8b fd fd a5 04 04 80",""
1585,7426,"PACKET","IN",203,34,"AimSync","id=203 bytes=34","cb 9e 00 04 44 35 53 bf ed af 06 bf 62 26 53 be f6 88 a8 c3 a0 9b 27 45 fd 36 81 42 00 00 00 00 3f 22",""
1586,7448,"PACKET","IN",207,45,"PlayerSync","id=207 bytes=45","cf 54 00 ff 7f f1 bf c0 00 39 fe a9 f0 c1 ab 89 91 71 57 1f 90 84 00 00 00 02 de 9e c0 00 02 09 ff e4 f0 e0 06 82 47 fd fd a5 04 04 80",""
1587,7448,"PACKET","IN",207,45,"PlayerSync","id=207 bytes=45","cf 54 00 ff ff f1 bf c0 00 3d bf 29 f0 c3 eb 89 91 71 17 5f 90 84 00 00 00 02 8a 9a c0 00 01 84 a3 e4 f1 28 04 7a 4b fd fd a5 04 04 80",""
1588,7478,"PACKET","IN",200,48,"VehicleSync","id=200 bytes=48","c8 76 00 30 00 00 00 00 00 00 00 16 a0 27 b0 2b 1b 5e 3e 43 8c 36 a8 02 44 54 8e 57 a4 2f e0 ed 83 e0 30 00 07 f7 a7 e6 40 3d 00 02 91 ca f4 84",""
1589,7478,"PACKET","IN",200,44,"VehicleSync","id=200 bytes=44","c8 92 00 2a 00 00 00 11 00 08 00 4a 30 88 e0 83 16 84 09 1b 8c 36 87 f2 94 54 dd b7 e4 28 9c 4a e3 e3 cd fe 1d 46 38 ac e0 39 00 00",""
1590,7502,"PACKET","IN",207,35,"PlayerSync","id=207 bytes=35","cf 49 00 00 00 05 d5 25 b0 dd 8f 09 d1 6c 24 9f 10 80 00 00 00 01 eb 77 c0 00 00 00 00 00 01 28 00 04 11",""
1591,7533,"PACKET","IN",207,43,"PlayerSync","id=207 bytes=43","cf 54 00 72 bf c0 00 3c 00 ea 30 cc 2b 89 91 48 18 5f 90 84 00 00 00 01 4e 9a c0 00 02 d4 a3 e4 f1 40 05 22 4b fd fd a5 04 04 80",""
1592,7534,"PACKET","IN",200,44,"VehicleSync","id=200 bytes=44","c8 92 00 2a 00 00 00 11 00 00 00 4d d0 8b 40 72 f6 80 74 fb 8c 3c 28 62 94 51 11 57 f4 20 ca ca c3 e4 fd fc dd 45 e8 ac e0 39 00 00",""
1593,7534,"PACKET","IN",207,45,"PlayerSync","id=207 bytes=45","cf 9e 00 cd 7f ed 3f c0 00 2e c0 ea b0 d4 1e c9 d1 7f 0a 9f 50 80 00 00 00 03 db fe 40 00 01 d6 fc 68 f7 fd ae 48 07 fd fd a5 04 04 80",""
1594,7534,"PACKET","IN",207,35,"PlayerSync","id=207 bytes=35","cf 0b 00 00 00 1a fc 26 b0 c0 43 09 d1 7b 67 1f 10 84 00 00 00 03 32 4b c0 00 00 00 00 00 01 28 00 04 11",""
1595,7534,"PACKET","IN",207,41,"PlayerSync","id=207 bytes=41","cf 54 00 00 00 09 c2 aa 30 d3 eb 89 91 46 19 1f 90 84 00 00 00 03 ca 9a c0 00 00 4c ab e4 f1 bc 04 7a 4f fd fd a5 04 04 80",""
1596,7556,"PACKET","IN",207,35,"PlayerSync","id=207 bytes=35","cf 46 00 02 00 04 95 e5 70 ce d4 09 91 63 2c de d0 80 00 00 00 02 f6 a7 c0 00 00 00 00 00 01 a5 04 08 80",""
1597,7556,"PACKET","IN",200,48,"VehicleSync","id=200 bytes=48","c8 76 00 30 00 00 00 00 00 00 00 16 60 27 f0 2b 2b 59 c9 d3 ac 33 38 02 44 54 fd 07 a4 2f ad 0d 43 e0 30 00 27 f7 97 e6 40 3d 00 02 9f a0 f4 84",""
1598,7580,"PACKET","IN",200,44,"VehicleSync","id=200 bytes=44","c8 92 00 2a 00 00 00 11 00 00 00 4b d0 89 f0 62 a6 8d f0 cb 8c 31 98 e2 94 51 44 f7 f4 24 d5 6a 73 e5 7d fc 3d 46 18 ac e0 39 00 00",""
1599,7581,"PACKET","IN",207,45,"PlayerSync","id=207 bytes=45","cf 9e 00 cd 7f ec ff c0 00 1a c0 aa b0 f6 de 49 d1 7b 4a df 50 80 00 00 00 00 97 fa 40 00 00 0c 10 0c f7 ee 5d 10 0b fd fd a5 04 04 80",""
1600,7600,"PACKET","OUT",203,32,"AimSync","id=203 bytes=32","cb 00 00 00 39 05 00 00 00 00 00 00 00 00 00 00 00 40 01 00 00 00 80 3f 00 00 f3 04 b5 3f 39 05",""
1601,7609,"PACKET","IN",207,35,"PlayerSync","id=207 bytes=35","cf 46 00 02 00 04 95 e5 70 ce d4 09 91 63 ac de d0 80 00 00 00 02 f6 a7 c0 00 00 00 00 00 01 a5 04 08 80",""
1602,7609,"PACKET","IN",207,41,"PlayerSync","id=207 bytes=41","cf 54 00 00 00 25 45 6a 30 e1 ab 89 91 65 1a 5f 90 84 00 00 00 03 ca 9a c0 00 01 78 2e c8 f1 bc 04 7a 4f fd fd a5 04 04 80",""
1603,7610,"PACKET","IN",207,35,"PlayerSync","id=207 bytes=35","cf 7e 00 00 00 11 42 a6 f0 c0 4b 89 d1 7b 67 1f 10 84 00 00 00 00 c6 1b 94 00 00 00 00 00 01 28 00 04 11",""
1604,7610,"PACKET","IN",207,45,"PlayerSync","id=207 bytes=45","cf 9e 00 cd 7f ed 3f c0 00 35 80 2a b0 c3 5e 49 d1 42 0b 1f 50 80 00 00 00 01 1f f6 40 00 00 0c 90 4c f5 fe 7a bc 0f fd fd a5 04 04 80",""
1605,7635,"PACKET","IN",200,48,"VehicleSync","id=200 bytes=48","c8 76 00 30 00 00 00 00 00 00 00 16 90 27 b0 2b 2b 5b c5 03 cc 3f c7 f2 44 58 db b7 a4 2b 39 5d 13 e0 30 00 47 f7 87 e6 40 3d 00 03 1b 76 f4 84",""
1606,7636,"PACKET","IN",200,44,"VehicleSync","id=200 bytes=44","c8 92 00 2a 00 00 00 11 00 00 00 48 a0 84 60 52 16 87 cb eb 7c 3c a9 62 94 5f 89 37 f4 22 ba da 13 e5 5d fc 7d 45 98 ac e0 39 00 00",""
1607,7636,"RPC","IN",16,16,"PlaySound","id=16 bytes=16","43 51 00 00 00 00 00 00 00 00 00 00 00 00 00 00",""
1608,7636,"RPC","IN",134,80,"ShowTextDraw","id=134 bytes=80","2c 08 11 9a 99 19 3f 00 00 00 40 1a ff 00 aa 00 00 4c 42 00 00 a0 41 00 00 00 32 00 01 00 00 00 ff 04 00 00 00 59 43 00 00 b8 43 00 00 00 00 00 00 00 00 00 00 00 00 00 00 00 00 80 3f ff ff ff ff 0d 00 6c 64 5f 64 75 61 6c 3a 77 68 69 74 65",""
1609,7636,"RPC","IN",105,7,"TextDrawSetString","id=105 bytes=7","26 08 03 00 31 30 30",""
1610,7636,"RPC","IN",105,5,"TextDrawSetString","id=105 bytes=5","27 08 01 00 30",""
1611,7636,"RPC","IN",105,6,"TextDrawSetString","id=105 bytes=6","28 08 02 00 35 30",""
1612,7636,"RPC","IN",105,5,"TextDrawSetString","id=105 bytes=5","29 08 01 00 39",""
1613,7637,"RPC","IN",105,7,"TextDrawSetString","id=105 bytes=7","2a 08 03 00 31 30 30",""
1614,7637,"PACKET","IN",207,37,"PlayerSync","id=207 bytes=37","cf 63 00 60 3f c0 00 01 65 e3 30 d0 96 89 91 6e 15 a0 50 80 00 00 00 02 e4 2f 80 00 00 00 00 00 01 c8 04 e8 80",""
1615,7637,"PACKET","IN",203,34,"AimSync","id=203 bytes=34","cb 63 00 04 7b fc 93 3e eb 7b 71 3f ca 29 27 be 80 18 8d c3 70 25 26 45 70 ae 83 42 00 00 00 00 3f 55",""
1616,7637,"RPC","IN",87,2,"ClearPlayerAnimation","id=87 bytes=2","49 00",""
1617,7637,"RPC","IN",86,29,"ApplyPlayerAnimation","id=86 bytes=29","49 00 05 43 41 52 52 59 0b 63 72 72 79 5f 70 72 74 69 61 6c 33 33 83 40 00 00 00 00 00",""
1618,7658,"PACKET","IN",207,35,"PlayerSync","id=207 bytes=35","cf 70 00 00 00 23 1c 6a 70 ef f1 c9 91 61 b3 df 90 80 00 00 00 02 93 6f 00 00 00 00 00 00 01 00 00 00 80",""
1619,7658,"PACKET","IN",207,41,"PlayerSync","id=207 bytes=41","cf 9e 00 00 00 10 bf 2a 70 d1 1d c9 d1 51 4b 1f 50 80 00 00 00 02 5b f2 40 00 00 19 54 d4 f4 5a a7 18 1b fd fd a5 04 04 80",""
1620,7680,"PACKET","IN",207,35,"PlayerSync","id=207 bytes=35","cf 29 00 00 00 2e 09 a5 b0 d1 c9 c9 d1 6c 24 9f 10 80 00 00 00 01 7d 63 c0 00 00 00 00 00 01 28 00 04 11",""
1621,7681,"PACKET","IN",200,44,"VehicleSync","id=200 bytes=44","c8 92 00 2a 00 70 00 11 00 00 00 44 70 83 60 4c b6 86 97 0b 7c 32 09 f2 94 59 3d 57 f4 2a 70 19 d3 e8 8e 14 fd 2c 28 9c e0 39 00 00",""
1622,7681,"PACKET","IN",203,34,"AimSync","id=203 bytes=34","cb 92 00 12 85 aa 64 3f 80 96 de 3e db ce ea bd e9 76 bb c3 6e 60 29 45 ae 07 86 42 00 00 00 00 3f 37",""
1623,7681,"PACKET","IN",207,41,"PlayerSync","id=207 bytes=41","cf 54 00 00 00 20 c7 6a 30 eb 2b 89 91 59 1b 5f 90 84 00 00 00 03 ca 9a c0 00 00 ed 05 30 f1 bc 04 7a 4f fd fd a5 04 04 80",""
1624,7682,"PACKET","IN",207,35,"PlayerSync","id=207 bytes=35","cf 60 00 00 00 25 ca e3 30 e5 e0 49 91 6f df 1e 90 84 00 00 00 00 ae f9 c0 00 00 00 00 00 01 28 00 04 11",""
1625,7710,"PACKET","IN",207,35,"PlayerSync","id=207 bytes=35","cf 46 00 02 00 04 95 e5 70 ce d4 09 91 63 2c de d0 80 00 00 00 02 f6 a7 c0 00 00 00 00 00 01 a5 04 08 80",""
1626,7710,"PACKET","IN",207,37,"PlayerSync","id=207 bytes=37","cf 4b 00 40 40 00 00 1f 1c eb 30 e6 3a 09 91 5c 3f 9f d0 80 00 00 00 01 7c 0b 80 00 00 00 00 00 01 c8 04 08 80",""
1627,7710,"PACKET","IN",207,35,"PlayerSync","id=207 bytes=35","cf 4d 00 00 00 02 00 23 30 e6 e4 09 91 70 1e 9e 90 84 00 00 00 03 da d0 80 00 00 00 00 00 01 28 00 04 11",""
1628,7710,"PACKET","IN",207,43,"PlayerSync","id=207 bytes=43","cf 63 00 60 3f c0 00 17 64 e3 30 d7 17 09 91 6e 15 a0 50 80 00 00 00 02 30 73 80 00 01 99 98 18 f5 a6 79 53 f3 fd fd c8 04 e8 80",""
1629,7711,"PACKET","IN",200,48,"VehicleSync","id=200 bytes=48","c8 76 00 30 00 00 00 00 00 00 00 16 e0 27 70 2b 2b 5a 3f c3 dc 3c 77 f2 44 52 7a 77 a4 24 55 dc e3 e0 30 00 47 f7 97 e6 40 3d 00 02 4f 4e f4 84",""
1630,7711,"PACKET","IN",200,44,"VehicleSync","id=200 bytes=44","c8 92 00 2a 00 76 00 11 00 00 00 4f d0 78 30 3a 16 95 44 4b 7c 3a ba 32 94 57 1f 67 f4 29 00 e9 a3 ed 0e 2d ed 0d d8 8c e0 39 00 00",""
1631,7711,"PACKET","OUT",207,69,"PlayerSync","id=207 bytes=69","cf 00 00 00 00 00 00 22 90 8d c3 0a 85 26 45 6a 86 7a 42 f5 21 4f 3f 00 00 00 00 00 00 00 00 89 70 16 3f 64 00 00 00 00 00 00 00 00 00 00 00 00 00 00 00 00 00 00 00 00 00 00 00 00 00 00 00 00 00 28 00 04 11",""
1632,7733,"PACKET","IN",207,35,"PlayerSync","id=207 bytes=35","cf 1f 00 00 00 20 66 e8 30 c3 bc c9 91 7b 67 1f 10 84 00 00 00 00 97 53 00 00 00 00 00 00 01 28 00 04 11",""
1633,7733,"PACKET","IN",207,45,"PlayerSync","id=207 bytes=45","cf 4b 00 fe 7f c1 40 00 00 1a dc eb 30 c2 3a 49 91 7b bf 1f d0 84 00 00 00 02 6c 2f 80 00 03 00 d0 18 f5 7a 0b e7 ff fd fd c8 04 08 80",""
1634,7733,"PACKET","IN",207,35,"PlayerSync","id=207 bytes=35","cf 1a 00 00 00 37 65 23 70 da 69 09 91 4b 21 de 90 80 00 00 00 00 b3 19 80 00 00 00 00 00 01 28 00 04 11",""
1635,7733,"PACKET","IN",207,45,"PlayerSync","id=207 bytes=45","cf 4b 00 fd ff c1 c0 00 00 2f 1c eb 30 de 3a 49 91 67 be df d0 84 00 00 00 02 2c 67 80 00 01 5d 04 18 f5 9d d1 e3 ff fd fd c8 04 08 80",""
1636,7734,"PACKET","IN",200,44,"VehicleSync","id=200 bytes=44","c8 92 00 2a 00 76 00 11 00 00 00 46 90 74 90 25 66 b3 60 4b 7c 3f fa 92 94 57 01 08 04 25 5b f9 53 ee 0e 46 1c ee d8 7c e0 39 00 00",""
1637,7734,"RPC","IN",86,27,"ApplyPlayerAnimation","id=86 bytes=27","1c 00 07 42 44 5f 46 49 52 45 07 77 61 73 68 5f 75 70 33 33 83 40 80 00 00 00 00",""
1638,7760,"PACKET","IN",207,35,"PlayerSync","id=207 bytes=35","cf 49 00 00 00 05 d5 25 b0 dd 8f 09 d1 6c 24 9f 10 80 00 00 00 01 eb 77 c0 00 00 00 00 00 01 a5 04 e8 80",""
1639,7761,"PACKET","IN",207,45,"PlayerSync","id=207 bytes=45","cf 4b 00 fd ff c1 c0 00 00 1b 9d 2b 30 f9 ba 49 91 62 3e 9f d0 84 00 00 00 01 a8 9f 80 00 03 45 30 18 f6 55 99 cb f7 fd fd c8 04 08 80",""
1640,7761,"PACKET","IN",207,41,"PlayerSync","id=207 bytes=41","cf 9e 00 00 00 37 3d 6a 70 fa 1d 09 d1 64 cb 5f 50 80 00 00 00 02 5b f2 40 00 00 a1 0f b0 f0 5a a7 18 1b fd fd a5 04 04 80",""
1641,7761,"PACKET","IN",207,35,"PlayerSync","id=207 bytes=35","cf 51 00 00 00 30 e3 68 30 f6 0c 09 d1 7b 67 1f 10 84 00 00 00 02 e7 67 c0 00 00 00 00 00 01 28 00 04 11",""
1642,7761,"PACKET","IN",207,41,"PlayerSync","id=207 bytes=41","cf 54 00 00 00 3b 48 2a 30 ef 2b 89 91 42 1b df 90 84 00 00 00 03 ca 9a c0 00 03 28 28 90 ed bc 04 7a 4f fd fd a5 04 04 80",""
1643,7761,"PACKET","IN",207,35,"PlayerSync","id=207 bytes=35","cf 3d 00 00 00 39 94 e5 b0 e4 03 c9 d1 6c 24 9f 10 80 00 00 00 02 af cd c0 00 00 00 00 00 01 28 00 04 11",""
1644,7761,"PACKET","IN",203,34,"AimSync","id=203 bytes=34","cb 3d 00 04 f9 45 0d bf 31 d7 46 bf 31 70 9b be dc e6 95 c3 bf 22 27 45 7e 6c 80 42 00 00 00 00 3f 36",""
1645,7762,"PACKET","IN",207,45,"PlayerSync","id=207 bytes=45","cf 4b 00 fd ff c1 c0 00 00 1f dd 6b 30 d4 7a 89 91 6b be 5f d0 84 00 00 00 00 a0 d7 80 00 02 a1 58 18 f4 35 67 b7 e7 fd fd c8 04 08 80",""
1646,7762,"PACKET","IN",207,35,"PlayerSync","id=207 bytes=35","cf 97 00 00 00 09 a6 25 b0 d5 fd 09 91 6c 24 9f 10 84 00 00 00 00 3b eb e8 00 00 00 00 00 01 28 00 04 11",""
1647,7783,"PACKET","IN",207,45,"PlayerSync","id=207 bytes=45","cf 4b 00 fd ff c2 00 00 00 3a dd ab 30 ed fa 89 91 45 3e 5f d0 84 00 00 00 02 fd 0b 80 00 01 95 78 18 f7 fd 2f d3 d3 fd fd c8 04 08 80",""
1648,7783,"PACKET","IN",207,43,"PlayerSync","id=207 bytes=43","cf 63 00 60 3f c0 00 1c a4 23 30 cd 17 89 91 6e 15 a0 50 80 00 00 00 01 f4 4f 80 00 03 3f 30 68 f6 02 54 b7 fb fd fd c8 04 e8 80",""
1649,7783,"PACKET","IN",200,44,"VehicleSync","id=200 bytes=44","c8 92 00 2a 00 76 00 11 00 00 00 4c f0 6f d0 03 16 d6 6c bb 6c 35 ba f2 94 5c 12 18 04 2f 01 39 03 ea ae 61 3c c7 08 7c e0 39 00 00",""
1650,7784,"PACKET","IN",200,48,"VehicleSync","id=200 bytes=48","c8 76 00 30 00 00 00 00 00 00 00 16 f0 27 50 2b 2b 5b 24 e3 fc 39 f7 f2 44 50 e9 77 a4 2a bc bc b3 e0 30 00 37 f7 97 e6 40 3d 00 02 1d 2e f4 84",""
1651,7811,"PACKET","IN",207,45,"PlayerSync","id=207 bytes=45","cf 4b 00 fd 7f c2 40 00 00 2b de 2b 30 c6 3a c9 91 6e 3e 1f d0 84 00 00 00 00 89 43 80 00 02 89 8c 18 f6 3c fe 5f bb fd fd c8 04 08 80",""
1652,7811,"PACKET","IN",203,34,"AimSync","id=203 bytes=34","cb 4b 00 04 e5 32 f1 be 7b fe 56 3f e7 1e 8a be 4b a9 ab c3 d5 bc 26 45 0b 06 83 42 00 00 00 00 3f 36",""
1653,7811,"PACKET","IN",207,45,"PlayerSync","id=207 bytes=45","cf 4b 00 fc ff c2 80 00 00 31 5e ab 30 dc ba c9 91 68 3e 1f d0 84 00 00 00 01 29 77 80 00 00 c5 98 18 f7 8c cf a7 9b fd fd c8 04 08 80",""
1654,7811,"PACKET","IN",207,35,"PlayerSync","id=207 bytes=35","cf 53 00 00 00 1d d4 e5 b0 ff cc 49 d1 6c e4 9f 10 80 00 00 00 03 52 2a c0 00 00 00 00 00 01 a5 04 04 80",""
1655,7811,"PACKET","IN",207,35,"PlayerSync","id=207 bytes=35","cf 7c 00 00 00 03 66 28 30 f1 c4 49 d1 7b 67 1f 10 84 00 00 00 01 fe 49 80 00 00 00 00 00 01 28 00 04 11",""
1656,7811,"PACKET","IN",200,44,"VehicleSync","id=200 bytes=44","c8 92 00 2a 00 77 00 11 00 00 00 60 00 63 d0 01 e6 f6 99 9b 6c 3d 5b 32 94 56 82 e8 04 23 fc 58 b3 e8 fe 89 4c 9f 38 5c e0 39 00 00",""
1657,7836,"RPC","IN",87,2,"ClearPlayerAnimation","id=87 bytes=2","9a 00",""
1658,7836,"RPC","IN",86,29,"ApplyPlayerAnimation","id=86 bytes=29","9a 00 05 43 41 52 52 59 0b 63 72 72 79 5f 70 72 74 69 61 6c 33 33 83 40 00 00 00 00 00",""
1659,7836,"PACKET","IN",207,45,"PlayerSync","id=207 bytes=45","cf 4b 00 fc ff c2 80 00 00 09 df 6b 30 f1 3a c9 91 72 7e 1f d0 84 00 00 00 00 a9 ab 80 00 02 06 70 18 f4 7c a7 ff 77 fd fd c8 04 08 80",""
1660,7837,"PACKET","IN",200,44,"VehicleSync","id=200 bytes=44","c8 92 00 2a 00 77 00 11 00 00 00 6c e0 48 b0 19 f7 14 76 1b 6c 39 7b 82 94 58 83 98 04 2e 72 a8 73 e9 8e ab 3c 6a b8 4c e0 39 00 00",""
1661,7837,"PACKET","IN",207,41,"PlayerSync","id=207 bytes=41","cf 9e 00 00 00 20 fc aa 70 eb 1c c9 d1 50 8b 9f 50 80 00 00 00 02 5b f2 40 00 02 d0 e1 28 f0 5a a7 18 1b fd fd a5 04 04 80",""
1662,7864,"PACKET","IN",207,45,"PlayerSync","id=207 bytes=45","cf 4b 00 fd 7f c2 c0 00 00 0c e0 2b 30 c6 7b 09 91 50 7e 5f d0 84 00 00 00 02 ed db 80 00 02 47 20 68 f5 90 7f df 4f fd fd c8 04 08 80",""
1663,7865,"PACKET","OUT",205,9,"UNKNOWN_PACKET","id=205 bytes=9","cd b8 4a 04 00 00 00 00 00",""
1664,7889,"PACKET","IN",207,45,"PlayerSync","id=207 bytes=45","cf 4b 00 fd 7f c2 c0 00 00 21 20 eb 30 d8 fb 09 91 40 fe 9f d0 84 00 00 00 03 c2 0b 80 00 03 83 04 68 f7 38 5b b7 23 fd fd c8 04 08 80",""
1665,7889,"PACKET","IN",207,43,"PlayerSync","id=207 bytes=43","cf 63 00 60 3f c0 00 27 a3 63 30 ec 18 09 91 6e 15 a0 50 80 00 00 00 01 90 47 80 00 03 3f 30 68 f5 6a 47 43 fb fd fd c8 04 e8 80",""
1666,7889,"PACKET","IN",200,48,"VehicleSync","id=200 bytes=48","c8 76 00 30 00 00 00 00 00 00 00 16 f0 27 50 2b 2b 55 1e f4 0c 36 d7 f2 44 53 58 37 a4 21 29 8c 83 e0 30 00 27 f7 97 e6 40 3d 00 02 6b 06 f4 84",""
1667,7890,"PACKET","IN",207,35,"PlayerSync","id=207 bytes=35","cf 1c 00 00 00 2d 02 a6 f0 e0 10 09 d1 7b 67 1f 10 84 00 00 00 00 15 5f 00 00 00 00 00 00 01 28 00 04 11",""
1668,7890,"PACKET","IN",207,35,"PlayerSync","id=207 bytes=35","cf 46 00 02 00 04 95 e5 70 ce d4 09 91 63 ac de d0 80 00 00 00 02 f6 a7 c0 00 00 00 00 00 01 a5 04 08 80",""
1669,7890,"PACKET","IN",200,44,"VehicleSync","id=200 bytes=44","c8 92 00 2a 00 78 00 11 00 00 00 67 80 3c 80 27 67 4f a2 6b 6c 33 cb d2 94 5b a4 18 04 21 3e c8 13 e0 ee df 4c 29 08 2c e0 39 00 00",""
1670,7890,"PACKET","IN",207,45,"PlayerSync","id=207 bytes=45","cf 4b 00 fc ff c3 40 00 00 33 62 ab 30 f4 bb 09 91 56 7f 1f d0 84 00 00 00 00 96 6b 80 00 02 82 b0 68 f6 00 25 96 c3 fd fd c8 04 08 80",""
1671,7914,"PACKET","IN",207,39,"PlayerSync","id=207 bytes=39","cf 54 00 80 80 7f 7f c0 00 3f c8 2a 30 ef 2b 89 91 44 9b df 90 84 00 00 00 02 8e 7e c0 00 00 00 00 00 01 a5 04 04 80",""
1672,7914,"PACKET","IN",207,45,"PlayerSync","id=207 bytes=45","cf 4b 00 fc ff c3 80 00 00 2b a3 ab 30 fd 7b 09 91 7a 7f 5f d0 84 00 00 00 00 4e 97 80 00 00 5a 7c 68 f7 b4 10 b6 8f fd fd c8 04 08 80",""
1673,7914,"PACKET","IN",207,45,"PlayerSync","id=207 bytes=45","cf 54 00 83 00 7c 7f c0 00 07 8c ea 30 da ab c9 91 65 9d 9f 90 84 00 00 00 00 1a 76 c0 00 03 1c d8 18 f7 88 0d 2a 7f fd fd a5 04 04 80",""
1674,7915,"PACKET","IN",207,35,"PlayerSync","id=207 bytes=35","cf 85 00 00 00 2b 0b 62 b0 d7 e8 c9 91 50 59 de 90 84 00 00 00 03 a8 31 80 00 00 00 00 00 01 28 00 04 11",""
1675,7915,"PACKET","IN",203,34,"AimSync","id=203 bytes=34","cb 85 00 04 45 97 95 bd 2c 65 77 3f 51 69 7c be 8c 19 8a c3 14 82 26 45 29 ed 7e 42 00 00 00 00 3f c6",""
1676,7915,"PACKET","IN",207,35,"PlayerSync","id=207 bytes=35","cf 94 00 00 00 10 3e 66 b0 ef 39 c9 91 7b 67 1f 10 84 00 00 00 02 9a 53 c0 00 00 00 00 00 01 28 00 04 11",""
1677,7915,"PACKET","IN",207,35,"PlayerSync","id=207 bytes=35","cf 9e 00 00 00 00 3c aa 70 df 1c c9 d1 57 0b 9f 50 80 00 00 00 02 5b f2 40 00 00 00 00 00 01 a5 04 04 80",""
1678,7942,"RPC","IN",99,42,"MoveObject","id=99 bytes=42","a1 00 f8 e3 a1 c3 d7 9b 26 45 ed 5e 7b 42 f8 e3 a1 c3 d7 9b 26 45 53 c5 7d 42 00 00 80 3e 00 00 00 00 00 00 00 00 08 cc 84 43",""
1679,7942,"RPC","IN",122,2,"StopObject","id=122 bytes=2","a1 00",""
1680,7942,"RPC","IN",99,42,"MoveObject","id=99 bytes=42","a1 00 f8 e3 a1 c3 d7 9b 26 45 ed 5e 7b 42 f8 e3 a1 c3 d7 9b 26 45 ed 5e 7b 42 00 00 80 3e 00 00 00 00 00 00 00 00 08 cc 84 43",""
1681,7942,"RPC","IN",122,2,"StopObject","id=122 bytes=2","a1 00",""
1682,7942,"RPC","IN",99,42,"MoveObject","id=99 bytes=42","a1 00 f8 e3 a1 c3 d7 9b 26 45 ed 5e 7b 42 f8 e3 a1 c3 d7 9b 26 45 53 c5 7d 42 00 00 80 3e 00 00 00 00 00 00 00 00 08 cc 84 43",""
1683,7942,"RPC","IN",122,2,"StopObject","id=122 bytes=2","a1 00",""
1684,7942,"RPC","IN",99,42,"MoveObject","id=99 bytes=42","a1 00 f8 e3 a1 c3 d7 9b 26 45 ed 5e 7b 42 f8 e3 a1 c3 d7 9b 26 45 ed 5e 7b 42 00 00 80 3e 00 00 00 00 00 00 00 00 08 cc 84 43",""
1685,7942,"RPC","IN",122,2,"StopObject","id=122 bytes=2","a1 00",""
1686,7942,"RPC","IN",99,42,"MoveObject","id=99 bytes=42","a1 00 f8 e3 a1 c3 d7 9b 26 45 ed 5e 7b 42 f8 e3 a1 c3 d7 9b 26 45 53 c5 7d 42 00 00 80 3e 00 00 00 00 00 00 00 00 08 cc 84 43",""
1687,7942,"RPC","IN",122,2,"StopObject","id=122 bytes=2","a1 00",""
1688,7942,"RPC","IN",99,42,"MoveObject","id=99 bytes=42","a1 00 f8 e3 a1 c3 d7 9b 26 45 ed 5e 7b 42 f8 e3 a1 c3 d7 9b 26 45 ed 5e 7b 42 00 00 80 3e 00 00 00 00 00 00 00 00 08 cc 84 43",""
1689,7942,"RPC","IN",122,2,"StopObject","id=122 bytes=2","a1 00",""
1690,7943,"RPC","IN",99,42,"MoveObject","id=99 bytes=42","a1 00 f8 e3 a1 c3 d7 9b 26 45 ed 5e 7b 42 f8 e3 a1 c3 d7 9b 26 45 53 c5 7d 42 00 00 80 3e 00 00 00 00 00 00 00 00 08 cc 84 43",""
1691,7943,"RPC","IN",122,2,"StopObject","id=122 bytes=2","a1 00",""
1692,7943,"RPC","IN",99,42,"MoveObject","id=99 bytes=42","a1 00 f8 e3 a1 c3 d7 9b 26 45 ed 5e 7b 42 f8 e3 a1 c3 d7 9b 26 45 ed 5e 7b 42 00 00 80 3e 00 00 00 00 00 00 00 00 08 cc 84 43",""
1693,7943,"RPC","IN",122,2,"StopObject","id=122 bytes=2","a1 00",""
1694,7943,"RPC","IN",99,42,"MoveObject","id=99 bytes=42","a1 00 f8 e3 a1 c3 d7 9b 26 45 ed 5e 7b 42 f8 e3 a1 c3 d7 9b 26 45 53 c5 7d 42 00 00 80 3e 00 00 00 00 00 00 00 00 08 cc 84 43",""
1695,7943,"RPC","IN",122,2,"StopObject","id=122 bytes=2","a1 00",""
1696,7943,"RPC","IN",99,42,"MoveObject","id=99 bytes=42","a1 00 f8 e3 a1 c3 d7 9b 26 45 ed 5e 7b 42 f8 e3 a1 c3 d7 9b 26 45 ed 5e 7b 42 00 00 80 3e 00 00 00 00 00 00 00 00 08 cc 84 43",""
1697,7943,"PACKET","IN",207,35,"PlayerSync","id=207 bytes=35","cf 46 00 02 00 04 95 e5 70 ce d4 09 91 63 2c de d0 80 00 00 00 02 f6 a7 c0 00 00 00 00 00 01 a5 04 08 80",""
1698,7943,"PACKET","IN",207,45,"PlayerSync","id=207 bytes=45","cf 4b 00 fc ff c3 c0 00 01 2b 65 ab 30 c4 fb 49 91 76 00 20 10 84 00 00 00 01 ae e7 80 00 01 16 04 68 f4 e8 02 ae 1f fd fd c8 04 08 80",""
1699,7944,"PACKET","IN",207,45,"PlayerSync","id=207 bytes=45","cf 54 00 83 80 7c 7f c0 00 1c 8d 6a 30 df 6b c9 91 66 9d df 90 84 00 00 00 01 86 6e c0 00 00 88 dc 18 f7 ec 0e b6 7f fd fd a5 04 04 80",""
1700,7944,"PACKET","IN",207,43,"PlayerSync","id=207 bytes=43","cf 63 00 60 3f c2 00 32 a2 e3 30 d7 18 89 91 6e 15 a0 50 80 00 00 00 02 c8 43 80 00 02 cb ac 0c f5 6a 47 43 fb fd fd c8 04 04 80",""
1701,7944,"PACKET","IN",200,44,"VehicleSync","id=200 bytes=44","c8 92 00 2a 00 77 00 11 00 00 00 64 60 2f 00 35 67 79 3f 1b 5c 32 8c 12 94 5f 94 38 04 24 ae 07 b3 e1 0e f9 eb f6 18 0c e0 39 00 00",""
1702,7966,"PACKET","IN",200,48,"VehicleSync","id=200 bytes=48","c8 76 00 30 00 00 00 00 00 00 00 16 d0 27 80 2b 2b 51 78 84 2c 33 b7 f2 44 5b b6 f7 a4 23 c6 7c 53 e0 30 00 27 f7 97 e6 40 3d 00 03 76 de f4 84",""
1703,7966,"PACKET","IN",203,34,"AimSync","id=203 bytes=34","cb 76 00 12 01 e5 7d bf 1f 33 46 bc 8c 79 02 be 28 ee 3c c3 47 80 24 45 49 6e 7f 42 00 00 00 00 04 ff",""
1704,7966,"PACKET","IN",207,45,"PlayerSync","id=207 bytes=45","cf 54 00 84 00 7c 7f c0 00 30 0d ea 30 e4 6b c9 91 65 9e 1f 90 84 00 00 00 03 5e 66 c0 00 00 b8 e4 18 f6 0c 12 be 87 fd fd a5 04 04 80",""
1705,7966,"PACKET","IN",200,44,"VehicleSync","id=200 bytes=44","c8 92 00 2a 00 78 00 11 00 00 00 66 60 1c e0 48 77 99 6c ab 5c 3d 9c 32 94 59 14 38 04 20 c8 07 53 ec 2f 08 eb cf d7 ec e0 39 00 00",""
1706,8000,"PACKET","IN",207,45,"PlayerSync","id=207 bytes=45","cf 4b 00 fc ff c4 00 00 01 3a e6 6b 30 c3 bb 49 91 72 00 60 10 84 00 00 00 03 1b 0b 80 00 03 e8 1f e4 f0 9c 02 c9 e7 fd fd c8 04 08 80",""
1707,8000,"PACKET","IN",207,35,"PlayerSync","id=207 bytes=35","cf 9a 00 00 00 05 5a 28 30 df c8 49 d1 7b 67 1f 10 84 00 00 00 01 79 f3 c0 00 00 00 00 00 01 a5 04 e8 80",""
1708,8000,"PACKET","IN",207,45,"PlayerSync","id=207 bytes=45","cf 4b 00 fb ff c4 40 00 01 07 e7 6b 30 ff bb 09 91 74 00 a0 10 84 00 00 00 02 37 2f 80 00 03 67 3f e0 f2 68 07 31 af fd fd c8 04 08 80",""
1709,8000,"PACKET","IN",207,45,"PlayerSync","id=207 bytes=45","cf 4b 00 fb ff c4 40 00 01 0f e8 2b 30 f8 fb 09 91 79 80 e0 10 84 00 00 00 02 e3 4f 80 00 00 2e eb e0 f2 3c 10 91 7b fd fd c8 04 08 80",""
1710,8001,"PACKET","IN",207,45,"PlayerSync","id=207 bytes=45","cf 54 00 85 00 7c 7f c0 00 13 cf ea 30 f4 eb c9 91 73 de df 90 84 00 00 00 02 ee 5a c0 00 01 9e 68 68 f7 b4 10 b2 8f fd fd a5 04 04 80",""
1711,8022,"PACKET","IN",207,43,"PlayerSync","id=207 bytes=43","cf 63 00 60 3f c2 00 23 a2 63 30 f2 99 09 91 6e 15 a0 50 80 00 00 00 00 9c 33 80 00 00 84 99 00 f5 f2 31 8b ff fd fd c8 04 04 80",""
1712,8022,"PACKET","IN",200,44,"VehicleSync","id=200 bytes=44","c8 92 00 2a 00 78 00 11 00 00 00 22 60 05 c0 69 a7 df 18 6b 5c 32 1c 82 94 50 63 f8 04 21 47 b6 b3 e5 5f 36 bb 7e f7 cc e0 39 00 00",""
1713,8023,"PACKET","IN",207,45,"PlayerSync","id=207 bytes=45","cf 4b 00 fc 7f c4 80 00 01 10 e8 eb 30 ef 7b 09 91 41 c1 60 10 84 00 00 00 01 0b 6f 80 00 02 ba a3 e0 f3 ec 23 91 43 fd fd c8 04 08 80",""
1714,8023,"PACKET","IN",200,48,"VehicleSync","id=200 bytes=48","c8 76 00 30 00 00 00 00 00 00 00 16 b0 27 80 2b 2b 5c c1 b4 4c 30 97 f2 44 58 35 c7 a4 2c 23 8c 23 e0 30 00 27 f7 a7 e6 40 3d 00 03 06 b8 f4 84",""
1715,8047,"PACKET","IN",207,45,"PlayerSync","id=207 bytes=45","cf 54 00 85 00 7d 3f c0 00 0b 12 aa 30 cf ec 09 91 51 20 1f 90 84 00 00 00 03 6e 3e c0 00 00 7a 7c 68 f4 b0 19 16 9f fd fd a5 04 04 80",""
1716,8047,"RPC","IN",105,19,"TextDrawSetString","id=105 bytes=19","2f 01 0f 00 30 39 20 41 67 75 73 74 75 73 20 32 30 32 36",""
1717,8047,"RPC","IN",105,12,"TextDrawSetString","id=105 bytes=12","30 01 08 00 31 31 3a 35 36 3a 30 32",""
1718,8048,"PACKET","IN",207,45,"PlayerSync","id=207 bytes=45","cf 4b 00 fc 7f c4 80 00 01 08 e9 ab 30 e3 3b 09 91 4c 01 a0 10 84 00 00 00 00 a7 8b 80 00 02 76 73 e0 f3 4c 38 cd 13 fd fd c8 04 08 80",""
1719,8075,"PACKET","IN",207,45,"PlayerSync","id=207 bytes=45","cf 4b 00 fc 7f c4 80 00 01 3d 2a 2b 30 d3 fb 09 91 5b 01 e0 10 84 00 00 00 02 ab a3 80 00 00 4d 43 e0 f0 28 58 c0 e3 fd fd c8 04 08 80",""
1720,8076,"PACKET","IN",200,44,"VehicleSync","id=200 bytes=44","c8 92 00 2a 00 78 00 11 00 00 00 2c b0 0f 50 6a 17 f0 f6 7b 5c 3f dc 92 94 50 13 b8 04 27 26 96 63 e9 0f 4b 2b 4b d7 bc e0 39 00 00",""
1721,8076,"PACKET","IN",207,45,"PlayerSync","id=207 bytes=45","cf 4b 00 fc 7f c4 c0 00 01 17 6a eb 30 c3 7b 09 91 64 42 20 10 84 00 00 00 00 97 bb 80 00 02 cb 3b cc f3 d4 7a 1c b3 fd fd c8 04 08 80",""
1722,8076,"PACKET","IN",200,44,"VehicleSync","id=200 bytes=44","c8 92 00 2a 00 79 00 11 00 00 00 22 70 2d d0 71 68 56 71 9b 5c 3f dc d2 94 5c 12 d8 04 21 76 95 b3 e9 8f 73 da d4 57 ac e0 39 00 00",""
1723,8098,"PACKET","IN",207,35,"PlayerSync","id=207 bytes=35","cf 0b 00 00 00 1a fc 26 b0 c0 43 09 d1 7b 67 1f 10 84 00 00 00 03 32 4b c0 00 00 00 00 00 01 28 00 04 11",""
1724,8098,"PACKET","IN",207,45,"PlayerSync","id=207 bytes=45","cf 4b 00 fc 7f c4 c0 00 01 22 6b 6b 30 f0 fa c9 91 6c c2 60 10 84 00 00 00 03 ab cb 80 00 01 d8 87 d0 f2 84 a1 d0 8b fd fd c8 04 08 80",""
1725,8127,"PACKET","OUT",203,32,"AimSync","id=203 bytes=32","cb 00 00 00 39 05 00 00 00 00 00 00 00 00 00 00 00 40 01 00 00 00 80 3f 00 00 f3 04 b5 3f 39 05",""
1726,8130,"PACKET","IN",207,45,"PlayerSync","id=207 bytes=45","cf 4b 00 fc 7f c5 00 00 01 1e ab eb 30 dc 3a c9 91 75 02 a0 10 84 00 00 00 03 db db 80 00 00 92 a7 e0 f1 64 cd f0 67 fd fd c8 04 08 80",""
1727,8130,"PACKET","IN",207,41,"PlayerSync","id=207 bytes=41","cf 54 00 00 00 29 d4 6a 30 eb 2c 09 91 77 20 9f 90 84 00 00 00 03 35 ee c0 00 00 fa d4 68 f4 08 3c 92 f3 fd fd a5 04 04 80",""
1728,8131,"PACKET","IN",207,43,"PlayerSync","id=207 bytes=43","cf 63 00 60 3f c0 00 1f 61 a3 30 d1 da 49 91 6e 15 a0 50 80 00 00 00 00 38 2b 80 00 03 b6 9e 50 f4 2e 2a 67 ff fd fd c8 04 04 80",""
1729,8131,"PACKET","IN",200,48,"VehicleSync","id=200 bytes=48","c8 76 00 30 00 00 00 00 00 00 00 16 70 27 40 2b 2b 58 2a 84 5c 3d 77 e2 44 5c c4 97 a4 25 30 cb f3 e0 30 00 37 f7 f7 e6 40 3d 00 03 98 92 f4 84",""
1730,8131,"PACKET","IN",207,45,"PlayerSync","id=207 bytes=45","cf 4b 00 fc 7f c5 40 00 01 08 2c 6b 30 c5 fa c9 91 7a 42 e0 10 84 00 00 00 01 1b eb 80 00 02 86 eb e0 f3 e4 fa f8 47 fd fd c8 04 08 80",""
1731,8131,"PACKET","IN",207,45,"PlayerSync","id=207 bytes=45","cf 4b 00 fc 7f c5 80 00 01 1d 6c ab 30 ee 3a 89 91 7c 83 20 10 84 00 00 00 03 5b f3 80 00 02 5f 43 e0 f1 85 2d 40 2f fd fd c8 04 08 80",""
1732,8131,"PACKET","IN",200,44,"VehicleSync","id=200 bytes=44","c8 92 00 2a 00 79 00 11 00 00 00 2a 00 21 20 82 78 78 8f db 4c 34 3c f2 94 54 f2 88 04 25 2a 25 63 ea cf 83 6a ac a7 9c e0 39 00 00",""
1733,8152,"PACKET","IN",207,45,"PlayerSync","id=207 bytes=45","cf 4b 00 fc 7f c6 00 00 01 1d ac eb 30 d5 7a 89 91 7a 83 60 10 84 00 00 00 02 9b fb 80 00 03 43 a7 e0 f1 a1 61 18 1b fd fd c8 04 08 80",""
1734,8153,"PACKET","IN",207,35,"PlayerSync","id=207 bytes=35","cf 54 00 00 00 21 96 2a 30 cd ec 49 91 6e 21 1f 90 84 00 00 00 00 6d ee c0 00 00 00 00 00 01 a5 04 04 80",""
1735,8181,"PACKET","IN",207,45,"PlayerSync","id=207 bytes=45","cf 4b 00 fc 7f c6 00 00 01 08 2d 2b 30 fb fa 49 91 73 83 a0 10 84 00 00 00 03 f3 f7 80 00 01 20 17 e4 f3 9d 96 c0 0b fd fd c8 04 08 80",""
1736,8182,"PACKET","IN",200,48,"VehicleSync","id=200 bytes=48","c8 76 00 30 00 00 00 00 00 00 00 16 80 27 40 2b 2b 5b 9e 04 6c 3a f7 e2 44 53 83 b7 a4 21 58 4b c3 e0 30 00 37 f8 17 e6 40 3d 00 02 70 76 f4 84",""
1737,8182,"RPC","IN",87,2,"ClearPlayerAnimation","id=87 bytes=2","1f 00",""
1738,8182,"RPC","IN",86,29,"ApplyPlayerAnimation","id=86 bytes=29","1f 00 05 43 41 52 52 59 0b 63 72 72 79 5f 70 72 74 69 61 6c 33 33 83 40 00 00 00 00 00",""
1739,8182,"PACKET","IN",200,44,"VehicleSync","id=200 bytes=44","c8 92 00 2a 00 78 00 11 00 00 00 2d 90 33 a0 83 98 db 4b 2b 4c 32 4d 22 94 5b 41 78 04 26 62 f4 c3 e5 af b5 7a 19 87 8c e0 39 00 00",""
1740,8213,"RPC","IN",26,5,"PlayerEnterVehicle","id=26 bytes=5","70 00 27 00 00",""
1741,8213,"PACKET","IN",207,45,"PlayerSync","id=207 bytes=45","cf 4b 00 fd 7f c7 00 00 01 32 6d 6b 30 c9 ba 49 91 6a 44 20 10 84 00 00 00 03 b7 f3 80 00 03 37 d7 e0 f1 4d 7a 08 13 fd fd c8 04 08 80",""
1742,8214,"PACKET","IN",207,43,"PlayerSync","id=207 bytes=43","cf 63 00 60 3f c0 00 3c 60 a3 30 ce 9b c9 91 6e 15 a0 50 80 00 00 00 03 a0 1b 80 00 01 0d cf 08 f6 9a 22 d3 ff fd fd e9 04 04 80",""
1743,8214,"PACKET","IN",207,35,"PlayerSync","id=207 bytes=35","cf 70 00 00 00 23 1c 6a 70 ef f1 c9 91 61 b3 df 90 80 00 00 00 02 93 6f 00 00 00 00 00 00 01 00 00 00 80",""
1744,8214,"PACKET","IN",207,35,"PlayerSync","id=207 bytes=35","cf 60 00 00 00 25 ca e3 30 e5 e0 49 91 6f df 1e 90 84 00 00 00 00 ae f9 c0 00 00 00 00 00 01 28 00 04 11",""
1745,8214,"PACKET","IN",207,35,"PlayerSync","id=207 bytes=35","cf 7e 00 00 00 11 42 a6 f0 c0 4b 89 d1 7b 67 1f 10 84 00 00 00 00 c6 1b 94 00 00 00 00 00 01 28 00 04 11",""
1746,8214,"PACKET","IN",207,45,"PlayerSync","id=207 bytes=45","cf 4b 00 fd ff c7 80 00 01 31 ad ab 30 f0 fa 09 91 68 04 60 10 84 00 00 00 00 1f f3 80 00 03 e7 ab e0 f3 d9 60 60 1b fd fd c8 04 08 80",""
1747,8214,"PACKET","IN",200,44,"VehicleSync","id=200 bytes=44","c8 92 00 2a 00 78 00 11 00 00 00 28 30 41 d0 82 f9 1e 48 4b 4c 38 dd 32 94 54 50 c8 04 21 39 14 43 ed 0f c2 e9 be 87 7c e0 39 00 00",""
1748,8214,"PACKET","IN",203,34,"AimSync","id=203 bytes=34","cb 92 00 12 a5 9f 5d 3f ce e2 f8 3e a6 59 f4 bd a6 6b b8 c3 73 8d 29 45 ab 3e 86 42 00 00 00 00 3f 37",""
1749,8242,"PACKET","IN",207,35,"PlayerSync","id=207 bytes=35","cf 29 00 00 00 2e 09 a5 b0 d1 c9 c9 d1 6c 24 9f 10 80 00 00 00 01 7d 63 c0 00 00 00 00 00 01 28 00 04 11",""
1750,8242,"PACKET","IN",207,35,"PlayerSync","id=207 bytes=35","cf 4d 00 00 00 02 00 23 30 e6 e4 09 91 70 1e 9e 90 84 00 00 00 03 da d0 80 00 00 00 00 00 01 28 00 04 11",""
1751,8242,"PACKET","IN",207,35,"PlayerSync","id=207 bytes=35","cf 70 00 00 00 23 1c 6a 70 ef f1 c9 91 72 f2 5f 90 80 00 00 00 02 93 6f 00 00 00 00 00 00 01 00 00 00 80",""
1752,8242,"PACKET","IN",207,45,"PlayerSync","id=207 bytes=45","cf 4b 00 ff 7f c8 00 00 01 0b 6e 6b 30 c0 ba 09 91 69 04 e0 10 84 00 00 00 00 23 eb 80 00 01 87 53 e0 f1 a1 35 ac 2b fd fd c8 04 08 80",""
1753,8264,"PACKET","IN",207,35,"PlayerSync","id=207 bytes=35","cf 1f 00 00 00 20 66 e8 30 c3 bc c9 91 7b 67 1f 10 84 00 00 00 00 97 53 00 00 00 00 00 00 01 a5 04 e8 80",""
1754,8265,"PACKET","IN",200,48,"VehicleSync","id=200 bytes=48","c8 76 00 30 00 00 00 00 00 00 00 16 90 27 40 2b 2b 51 d6 14 8c 38 17 e2 44 54 42 97 a4 2f f5 bb 93 e0 30 00 37 f8 07 e6 40 3d 00 02 88 52 f4 84",""
1755,8265,"PACKET","IN",200,44,"VehicleSync","id=200 bytes=44","c8 92 00 2a 00 78 00 11 00 00 00 21 00 5e a0 71 19 5d 85 ab 4c 39 0d 42 94 53 50 18 04 28 26 d3 e3 ef 8f d0 29 57 b7 7c e0 39 00 00",""
1756,8265,"RPC","IN",87,2,"ClearPlayerAnimation","id=87 bytes=2","7c 00",""
1757,8265,"RPC","IN",86,29,"ApplyPlayerAnimation","id=86 bytes=29","7c 00 05 43 41 52 52 59 0b 63 72 72 79 5f 70 72 74 69 61 6c 33 33 83 40 00 00 00 00 00",""
1758,8265,"PACKET","IN",207,43,"PlayerSync","id=207 bytes=43","cf 4b 00 48 80 00 01 04 ef 2b 30 d2 79 c9 91 6f 85 60 10 84 00 00 00 00 5b db 80 00 00 53 0b e0 f1 41 0d 30 3f fd fd c8 04 08 80",""
1759,8265,"PACKET","IN",207,43,"PlayerSync","id=207 bytes=43","cf 63 00 60 3f c0 00 06 60 a3 30 cf 9d 09 91 6e 15 a0 50 84 00 00 00 01 58 33 80 00 00 5a 62 c0 f5 a1 f3 cb ff fd fd e9 04 04 80",""
1760,8265,"PACKET","OUT",207,69,"PlayerSync","id=207 bytes=69","cf 00 00 00 00 00 00 22 90 8d c3 0a 85 26 45 6a 86 7a 42 f5 21 4f 3f 00 00 00 00 00 00 00 00 89 70 16 3f 64 00 00 00 00 00 00 00 00 00 00 00 00 00 00 00 00 00 00 00 00 00 00 00 00 00 00 00 00 00 28 00 04 11",""
1761,8295,"PACKET","IN",207,35,"PlayerSync","id=207 bytes=35","cf 1a 00 00 00 37 65 23 70 da 69 09 91 4b 21 de 90 80 00 00 00 00 b3 19 80 00 00 00 00 00 01 28 00 04 11",""
1762,8295,"PACKET","IN",207,45,"PlayerSync","id=207 bytes=45","cf 4b 00 82 00 48 c0 00 01 32 ef 6b 30 fc 79 89 91 75 c5 a0 10 84 00 00 00 02 e3 db 80 00 00 3a db e0 f0 c8 f1 b8 4f fd fd c8 04 08 80",""
1763,8295,"PACKET","IN",200,44,"VehicleSync","id=200 bytes=44","c8 92 00 2a 00 79 00 11 00 00 00 2b 80 57 00 7b 49 a4 52 2b 4c 37 7d 52 94 5c 9e 27 f4 2b 3c a3 63 e1 8f f2 e8 cf d7 6c e0 39 00 00",""
1764,8295,"PACKET","IN",207,35,"PlayerSync","id=207 bytes=35","cf 97 00 00 00 09 a6 25 b0 d5 fd 09 91 6c 24 9f 10 84 00 00 00 00 3b eb e8 00 00 00 00 00 01 28 00 04 11",""
1765,8325,"PACKET","IN",207,35,"PlayerSync","id=207 bytes=35","cf 70 00 00 00 23 9b aa 70 e0 31 c9 91 72 f2 5f 90 80 00 00 00 00 6f a3 00 00 00 00 00 00 01 00 00 00 80",""
1766,8325,"PACKET","IN",200,48,"VehicleSync","id=200 bytes=48","c8 76 00 30 00 00 00 00 00 00 00 16 90 27 40 2b 2b 52 59 04 9c 35 d7 e2 44 50 d1 b7 a4 24 0d 7b 63 e0 30 00 37 f7 e7 e6 40 3d 00 02 1a 36 f4 84",""
1767,8325,"PACKET","IN",207,35,"PlayerSync","id=207 bytes=35","cf 3d 00 00 00 39 94 e5 b0 e4 03 c9 d1 6c 24 9f 10 80 00 00 00 02 af cd c0 00 00 00 00 00 01 28 00 04 11",""
1768,8325,"PACKET","IN",207,45,"PlayerSync","id=207 bytes=45","cf 4b 00 84 80 49 00 00 01 1d af eb 30 e6 39 89 91 7b 85 e0 10 84 00 00 00 03 83 df 80 00 01 e2 e7 e0 f0 c0 f8 d8 4b fd fd c8 04 08 80",""
1769,8326,"PACKET","IN",207,35,"PlayerSync","id=207 bytes=35","cf 49 00 00 00 05 d5 25 b0 dd 8f 09 d1 6c 24 9f 10 80 00 00 00 01 eb 77 c0 00 00 00 00 00 01 a5 04 e8 80",""
1770,8326,"PACKET","IN",207,45,"PlayerSync","id=207 bytes=45","cf 4b 00 87 00 49 00 00 01 04 70 6b 30 ce f9 89 91 42 06 60 10 84 00 00 00 03 1f e3 80 00 02 be ff e0 f0 3d 0b ec 3f fd fd c8 04 08 80",""
1771,8353,"PACKET","IN",207,35,"PlayerSync","id=207 bytes=35","cf 51 00 00 00 30 e3 68 30 f6 0c 09 d1 7b 67 1f 10 84 00 00 00 02 e7 67 c0 00 00 00 00 00 01 28 00 04 11",""
1772,8354,"PACKET","IN",200,44,"VehicleSync","id=200 bytes=44","c8 92 00 2a 00 79 00 11 00 00 00 23 80 6f a0 65 59 fe ff 5b 3c 3d 5d 52 94 53 9c 97 f4 25 f4 72 f3 e9 8f f1 48 4b 97 6c e0 39 00 00",""
1773,8354,"PACKET","IN",207,45,"PlayerSync","id=207 bytes=45","cf 4b 00 8c 80 48 40 00 01 37 b0 ab 30 f2 f9 49 91 54 46 a0 10 84 00 00 00 00 e7 f3 80 00 01 ff 17 e0 f1 59 14 ec 3b fd fd c8 04 08 80",""
1774,8354,"PACKET","IN",207,43,"PlayerSync","id=207 bytes=43","cf 63 00 60 3f c0 00 0c 62 23 30 ff 5e 49 91 6e 15 a0 50 84 00 00 00 02 80 4b 80 00 02 62 66 94 f5 b1 b6 93 fb fd fd e9 04 04 80",""
1775,8354,"PACKET","IN",207,35,"PlayerSync","id=207 bytes=35","cf 7c 00 00 00 03 66 28 30 f1 c4 49 d1 7b 67 1f 10 84 00 00 00 01 fe 49 80 00 00 00 00 00 01 fb 04 e8 80",""
1776,8377,"PACKET","IN",207,45,"PlayerSync","id=207 bytes=45","cf 4b 00 8d 00 48 40 00 01 09 f1 2b 30 d6 39 49 91 5e 86 e0 10 84 00 00 00 02 07 ef 80 00 03 3f 8b e0 f3 75 51 f0 1f fd fd c8 04 08 80",""
1777,8378,"PACKET","IN",200,44,"VehicleSync","id=200 bytes=44","c8 92 00 2a 00 7a 00 11 00 00 00 2b 90 68 60 62 7a 46 bc ab 3c 3d 9d 52 94 5c 5a f7 f4 2a c4 32 73 e9 4f f9 f7 ba 27 6c e0 39 00 00",""
1778,8402,"PACKET","IN",207,35,"PlayerSync","id=207 bytes=35","cf 1c 00 00 00 2d 02 a6 f0 e0 10 09 d1 7b 67 1f 10 84 00 00 00 00 15 5f 00 00 00 00 00 00 01 28 00 04 11",""
1779,8402,"PACKET","IN",207,45,"PlayerSync","id=207 bytes=45","cf 4b 00 92 00 47 40 00 01 1f f1 6b 30 fa f9 09 91 67 07 20 10 84 00 00 00 03 e7 f7 80 00 02 6b 6f e0 f0 6d 47 98 23 fd fd c8 04 08 80",""
1780,8402,"PACKET","IN",207,35,"PlayerSync","id=207 bytes=35","cf 70 00 00 00 26 9a ea 70 d0 b1 c9 91 72 f2 5f 90 80 00 00 00 00 6f a3 00 00 00 00 00 00 01 00 00 00 80",""
1781,8402,"PACKET","IN",200,48,"VehicleSync","id=200 bytes=48","c8 76 00 30 00 00 00 00 00 00 00 16 80 27 40 2b 2b 59 10 54 bc 33 07 e2 44 58 30 97 a4 26 db 3b 33 e0 30 00 27 f7 e7 e6 40 3d 00 03 06 12 f4 84",""
1782,8403,"PACKET","IN",207,35,"PlayerSync","id=207 bytes=35","cf 53 00 00 00 1d d4 e5 b0 ff cc 49 d1 6c e4 9f 10 80 00 00 00 03 52 2a c0 00 00 00 00 00 01 a5 04 04 80",""
1783,8403,"PACKET","IN",207,39,"PlayerSync","id=207 bytes=39","cf 9e 00 fc ff fd 7f c0 00 00 3c aa 70 df 1c c9 d1 57 0b 9f 50 80 00 00 00 03 23 fa 40 00 00 00 00 00 01 a5 04 04 80",""
1784,8432,"PACKET","IN",207,45,"PlayerSync","id=207 bytes=45","cf 4b 00 95 00 46 80 00 01 1a f1 ab 30 de 39 09 91 6a 87 60 10 84 00 00 00 01 a3 fb 80 00 02 03 e7 e0 f0 91 80 1c 13 fd fd c8 04 08 80",""
1785,8432,"PACKET","IN",207,43,"PlayerSync","id=207 bytes=43","cf 63 00 60 3f c0 00 17 e3 63 30 d8 9f 89 91 6e 15 a0 50 84 00 00 00 03 84 43 80 00 02 9b 12 08 f4 4d b6 5b fb fd fd e9 04 04 80",""
1786,8433,"PACKET","IN",207,35,"PlayerSync","id=207 bytes=35","cf 94 00 00 00 10 3e 66 b0 ef 39 c9 91 7b 67 1f 10 84 00 00 00 02 9a 53 c0 00 00 00 00 00 01 28 00 04 11",""
1787,8433,"PACKET","IN",207,35,"PlayerSync","id=207 bytes=35","cf 46 00 02 00 04 95 e5 70 ce d4 09 91 63 2c de d0 80 00 00 00 02 f6 a7 c0 00 00 00 00 00 01 a5 04 08 80",""
1788,8433,"PACKET","IN",207,45,"PlayerSync","id=207 bytes=45","cf 54 00 fd 7f c6 40 00 00 1e d7 2a 30 e7 ac 49 91 5e a1 5f 90 84 00 00 00 01 2d 82 c0 00 00 e1 88 18 f5 f0 7c 4b 53 fd fd a5 04 04 80",""
1789,8433,"PACKET","IN",200,44,"VehicleSync","id=200 bytes=44","c8 92 00 2a 00 7b 00 11 00 00 00 25 90 70 b0 66 ba ab 19 4b 3c 36 5d 52 94 57 f9 07 f4 2f cb a1 e3 ee 1f ee 67 1b f7 6c e0 39 00 00",""
1790,8454,"PACKET","IN",207,45,"PlayerSync","id=207 bytes=45","cf 4b 00 9c 00 44 00 00 01 0d f1 eb 30 c1 f9 09 91 6a 87 a0 10 84 00 00 00 02 ab ff 80 00 03 1c 03 e4 f2 c9 8c a8 0f fd fd c8 04 08 80",""
1791,8454,"PACKET","IN",207,45,"PlayerSync","id=207 bytes=45","cf 54 00 fc 7f c8 00 00 00 19 17 aa 30 f7 6c 49 91 6a 61 5f 90 84 00 00 00 00 49 5a c0 00 00 9d 94 18 f7 18 9b 1b 6f fd fd a5 04 04 80",""
1792,8455,"PACKET","IN",207,35,"PlayerSync","id=207 bytes=35","cf 85 00 00 00 2b 0b 62 b0 d7 e8 c9 91 50 59 de 90 84 00 00 00 03 a8 31 80 00 00 00 00 00 01 28 00 04 11",""
1793,8455,"PACKET","IN",207,45,"PlayerSync","id=207 bytes=45","cf 9e 00 ea ff ef 3f c0 00 35 7c 2a 70 ef dc 89 d1 4e 4b df 50 80 00 00 00 03 47 fa 40 00 03 9d 80 18 f7 06 61 a8 0b fd fd a5 04 04 80",""
1794,8455,"PACKET","IN",203,34,"AimSync","id=203 bytes=34","cb 9e 00 04 18 c2 b6 be 97 45 6b bf 67 41 2b be 7c 51 a9 c3 91 a6 27 45 87 f6 80 42 00 00 00 00 3f 22",""
1795,8455,"PACKET","IN",207,45,"PlayerSync","id=207 bytes=45","cf 4b 00 9c 80 43 80 00 01 28 31 eb 30 e1 b8 c9 91 6a c7 e0 10 84 00 00 00 02 83 ff 80 00 00 ec 83 e4 f0 11 ce a0 03 fd fd c8 04 08 80",""
1796,8455,"PACKET","IN",207,45,"PlayerSync","id=207 bytes=45","cf 54 00 fa 7f ca 80 00 00 33 d7 ea 30 c5 2c 89 91 6c 21 5f 90 84 00 00 00 02 75 36 c0 00 01 85 98 18 f7 bc b8 3b 8f fd fd a5 04 04 80",""
1797,8480,"PACKET","IN",207,45,"PlayerSync","id=207 bytes=45","cf 9e 00 dd ff e5 7f c0 00 30 3b ea 70 c3 1c 89 d1 43 4c 1f 50 80 00 00 00 02 c3 fa 40 00 03 11 80 18 f5 96 61 60 0b fd fd a5 04 04 80",""
1798,8481,"PACKET","IN",207,45,"PlayerSync","id=207 bytes=45","cf 4b 00 a2 00 41 00 00 00 01 72 2b 30 c4 78 c9 91 65 88 20 10 84 00 00 00 03 fb ff 80 00 02 70 7b e4 f1 09 ca f4 03 fd fd c8 04 08 80",""
1799,8481,"PACKET","IN",207,45,"PlayerSync","id=207 bytes=45","cf 54 00 f9 ff cb 80 00 00 25 d8 aa 30 e7 6c 89 91 55 e1 5f 90 84 00 00 00 03 f4 e6 c0 00 01 3d 90 18 f6 3c f5 9f b7 fd fd a5 04 04 80",""
1800,8481,"PACKET","IN",207,35,"PlayerSync","id=207 bytes=35","cf 70 00 00 00 29 5a 2a 70 c0 f1 c9 91 72 f2 5f 90 80 00 00 00 00 6f a3 00 00 00 00 00 00 01 00 00 00 80",""
1801,8481,"PACKET","IN",200,44,"VehicleSync","id=200 bytes=44","c8 92 00 2a 00 7b 00 11 00 00 00 2a 10 7e 10 55 6a df 57 bb 3c 30 5d 52 94 51 38 27 f4 2a 9c b1 93 e5 8f eb 86 db b7 6c e0 39 00 00",""
1802,8482,"PACKET","IN",207,35,"PlayerSync","id=207 bytes=35","cf 9a 00 00 00 05 5a 28 30 df c8 49 d1 7b 67 1f 10 84 00 00 00 01 79 f3 c0 00 00 00 00 00 01 a5 04 e8 80",""
1803,8509,"PACKET","IN",207,45,"PlayerSync","id=207 bytes=45","cf 4b 00 a2 00 41 00 00 00 03 f2 2b 30 e5 b8 89 91 5c 08 60 10 84 00 00 00 03 47 ff 80 00 02 6b 28 00 f6 d9 f8 04 03 fd fd c8 04 08 80",""
1804,8509,"PACKET","IN",207,45,"PlayerSync","id=207 bytes=45","cf 54 00 f8 ff cc c0 00 00 31 58 ea 30 fa ac 89 91 7b a1 1f 90 84 00 00 00 02 24 be c0 00 01 91 80 18 f6 11 1f 73 cb fd fd a5 04 04 80",""
1805,8509,"PACKET","IN",200,48,"VehicleSync","id=200 bytes=48","c8 76 00 30 00 00 00 00 00 00 00 16 d0 27 50 2b 1b 56 37 34 cc 30 37 e2 44 54 bf 87 94 27 39 2b 03 e0 30 00 47 f7 b7 e6 40 3d 00 02 97 f0 f2 84",""
1806,8510,"PACKET","IN",207,45,"PlayerSync","id=207 bytes=45","cf 54 00 f7 ff cd 00 00 00 2d 59 2a 30 cd ec c9 91 59 a1 1f 90 84 00 00 00 01 b0 96 c0 00 00 15 6c 18 f5 25 44 af df fd fd a5 04 04 80",""
1807,8510,"PACKET","IN",207,43,"PlayerSync","id=207 bytes=43","cf 63 00 60 3f c0 00 2c 24 23 30 e2 a0 c9 91 6e 15 a0 50 80 00 00 00 01 6c 0b 80 00 01 83 be fc f4 39 f3 bf ff fd fd e9 04 04 80",""
1808,8510,"PACKET","IN",203,34,"AimSync","id=203 bytes=34","cb 63 00 04 4e f0 f1 bc 1e 69 75 3f a7 f2 90 be 61 82 8c c3 13 4b 26 45 39 85 84 42 00 00 00 00 3f 55",""
1809,8510,"PACKET","IN",207,45,"PlayerSync","id=207 bytes=45","cf 9e 00 de 7f e5 7f c0 00 20 7b aa 70 d2 9c 49 d1 7a 4c 1f 50 80 00 00 00 02 ef fa 40 00 00 f5 84 18 f6 da 66 70 0b fd fd a5 04 04 80",""
1810,8510,"PACKET","IN",207,45,"PlayerSync","id=207 bytes=45","cf 4b 00 a2 80 40 40 00 00 17 32 2b 30 c5 78 89 91 5a 48 a0 10 84 00 00 00 03 0f ff 80 00 01 d5 fc 2c f5 f5 d9 68 03 fd fd c8 04 08 80",""
1811,8510,"PACKET","IN",207,45,"PlayerSync","id=207 bytes=45","cf 54 00 f7 ff cd 40 00 00 1a 59 6a 30 e0 ac c9 91 70 e0 df 90 84 00 00 00 03 24 6e c0 00 01 f1 50 18 f7 e5 6a 1b eb fd fd a5 04 04 80",""
1812,8510,"PACKET","IN",200,44,"VehicleSync","id=200 bytes=44","c8 92 00 2a 00 7c 00 11 00 00 00 21 70 8a 50 55 cb 36 14 9b 3c 3e 4d 32 94 53 b6 47 f4 2f c3 b1 23 ea 6f c6 f6 4c 07 6c e0 39 00 00",""
1813,8533,"PACKET","IN",207,45,"PlayerSync","id=207 bytes=45","cf 54 00 f7 7f cd 40 00 00 12 59 aa 30 c7 2d 09 91 49 20 9f 90 84 00 00 00 01 48 22 c0 00 03 7d 10 18 f4 05 ba e7 fb fd fd a5 04 04 80",""
1814,8533,"PACKET","IN",207,45,"PlayerSync","id=207 bytes=45","cf 9e 00 de ff e5 3f c0 00 0a 3b 6a 70 dd 1c 09 d1 78 0c 5f 50 80 00 00 00 03 3b fa 40 00 00 4d 84 18 f5 12 66 10 0b fd fd a5 04 04 80",""
1815,8566,"RPC","IN",99,42,"MoveObject","id=99 bytes=42","a1 00 f8 e3 a1 c3 d7 9b 26 45 ed 5e 7b 42 f8 e3 a1 c3 d7 9b 26 45 53 c5 7d 42 00 00 80 3e 00 00 00 00 00 00 00 00 08 cc 84 43",""
1816,8566,"RPC","IN",122,2,"StopObject","id=122 bytes=2","a1 00",""
1817,8566,"RPC","IN",99,42,"MoveObject","id=99 bytes=42","a1 00 f8 e3 a1 c3 d7 9b 26 45 ed 5e 7b 42 f8 e3 a1 c3 d7 9b 26 45 ed 5e 7b 42 00 00 80 3e 00 00 00 00 00 00 00 00 08 cc 84 43",""
1818,8566,"RPC","IN",122,2,"StopObject","id=122 bytes=2","a1 00",""
1819,8566,"RPC","IN",99,42,"MoveObject","id=99 bytes=42","a1 00 f8 e3 a1 c3 d7 9b 26 45 ed 5e 7b 42 f8 e3 a1 c3 d7 9b 26 45 53 c5 7d 42 00 00 80 3e 00 00 00 00 00 00 00 00 08 cc 84 43",""
1820,8566,"RPC","IN",122,2,"StopObject","id=122 bytes=2","a1 00",""
1821,8566,"RPC","IN",99,42,"MoveObject","id=99 bytes=42","a1 00 f8 e3 a1 c3 d7 9b 26 45 ed 5e 7b 42 f8 e3 a1 c3 d7 9b 26 45 ed 5e 7b 42 00 00 80 3e 00 00 00 00 00 00 00 00 08 cc 84 43",""
1822,8566,"RPC","IN",122,2,"StopObject","id=122 bytes=2","a1 00",""
1823,8566,"RPC","IN",99,42,"MoveObject","id=99 bytes=42","a1 00 f8 e3 a1 c3 d7 9b 26 45 ed 5e 7b 42 f8 e3 a1 c3 d7 9b 26 45 53 c5 7d 42 00 00 80 3e 00 00 00 00 00 00 00 00 08 cc 84 43",""
1824,8567,"RPC","IN",122,2,"StopObject","id=122 bytes=2","a1 00",""
1825,8567,"RPC","IN",99,42,"MoveObject","id=99 bytes=42","a1 00 f8 e3 a1 c3 d7 9b 26 45 ed 5e 7b 42 f8 e3 a1 c3 d7 9b 26 45 ed 5e 7b 42 00 00 80 3e 00 00 00 00 00 00 00 00 08 cc 84 43",""
1826,8567,"RPC","IN",122,2,"StopObject","id=122 bytes=2","a1 00",""
1827,8567,"RPC","IN",99,42,"MoveObject","id=99 bytes=42","a1 00 f8 e3 a1 c3 d7 9b 26 45 ed 5e 7b 42 f8 e3 a1 c3 d7 9b 26 45 53 c5 7d 42 00 00 80 3e 00 00 00 00 00 00 00 00 08 cc 84 43",""
1828,8567,"RPC","IN",122,2,"StopObject","id=122 bytes=2","a1 00",""
1829,8567,"RPC","IN",99,42,"MoveObject","id=99 bytes=42","a1 00 f8 e3 a1 c3 d7 9b 26 45 ed 5e 7b 42 f8 e3 a1 c3 d7 9b 26 45 ed 5e 7b 42 00 00 80 3e 00 00 00 00 00 00 00 00 08 cc 84 43",""
1830,8567,"RPC","IN",122,2,"StopObject","id=122 bytes=2","a1 00",""
1831,8567,"RPC","IN",99,42,"MoveObject","id=99 bytes=42","a1 00 f8 e3 a1 c3 d7 9b 26 45 ed 5e 7b 42 f8 e3 a1 c3 d7 9b 26 45 53 c5 7d 42 00 00 80 3e 00 00 00 00 00 00 00 00 08 cc 84 43",""
1832,8567,"RPC","IN",122,2,"StopObject","id=122 bytes=2","a1 00",""
1833,8567,"RPC","IN",99,42,"MoveObject","id=99 bytes=42","a1 00 f8 e3 a1 c3 d7 9b 26 45 ed 5e 7b 42 f8 e3 a1 c3 d7 9b 26 45 ed 5e 7b 42 00 00 80 3e 00 00 00 00 00 00 00 00 08 cc 84 43",""
1834,8567,"PACKET","IN",207,45,"PlayerSync","id=207 bytes=45","cf 4b 00 a4 80 7f bf c0 00 30 72 2b 30 e0 78 49 91 62 88 e0 10 84 00 00 00 02 fb ff 80 00 03 13 a8 4c f4 6d d5 d8 03 fd fd c8 04 08 80",""
1835,8568,"PACKET","IN",207,45,"PlayerSync","id=207 bytes=45","cf 54 00 f5 ff cc 40 00 00 1c 19 aa 30 f1 ed 09 91 79 9f df 90 80 00 00 00 01 b8 2a c0 00 01 ae 44 68 f7 ea 03 fb ff fd fd a5 04 04 80",""
1836,8568,"PACKET","IN",207,35,"PlayerSync","id=207 bytes=35","cf 70 00 00 00 08 99 aa 70 f3 b1 89 91 72 f2 5f 90 80 00 00 00 00 6f a3 00 00 00 00 00 00 01 00 00 00 80",""
1837,8568,"PACKET","IN",200,48,"VehicleSync","id=200 bytes=48","c8 76 00 30 00 00 00 00 00 00 00 17 60 27 40 2b 1b 51 e9 44 dc 3d f7 d2 44 58 7e a7 94 2a 91 3a e3 e0 30 00 57 f7 67 e6 40 3d 00 03 0f d4 f2 84",""
1838,8568,"PACKET","IN",200,44,"VehicleSync","id=200 bytes=44","c8 92 00 2a 00 7c 00 11 00 00 00 24 50 89 a0 52 3b 69 83 1b 3c 33 4d 32 94 52 55 67 f4 23 27 f0 d3 e9 bf b1 16 0c f7 6c e0 39 00 00",""
1839,8568,"PACKET","IN",207,45,"PlayerSync","id=207 bytes=45","cf 4b 00 a5 00 7d bf c0 00 0f 32 6b 30 f5 78 09 91 76 c9 20 10 84 00 00 00 03 eb ff 80 00 01 c9 dc 78 f6 79 d2 04 03 fd fd c8 04 08 80",""
1840,8568,"PACKET","IN",207,45,"PlayerSync","id=207 bytes=45","cf 54 00 f5 7f cb 80 00 00 0c 19 aa 30 ca 6d 49 91 5b 9f 9f 90 80 00 00 00 00 24 56 c0 00 01 96 18 68 f5 b2 2a 4b ff fd fd a5 04 04 80",""
1841,8568,"PACKET","IN",207,45,"PlayerSync","id=207 bytes=45","cf 9e 00 df 7f e4 ff c0 00 34 3a ea 70 e6 1b c9 d1 78 8c 9f 50 80 00 00 00 03 6b fa 40 00 03 ea 54 40 f6 1e 61 7c 0b fd fd a5 04 04 80",""
1842,8569,"PACKET","IN",207,45,"PlayerSync","id=207 bytes=45","cf 4b 00 a5 80 7b ff c0 00 21 b2 6b 30 ea 37 c9 91 40 09 e0 10 84 00 00 00 03 fb ff 80 00 03 b6 8c 80 f4 a9 ec 5c 03 fd fd c8 04 08 80",""
1843,8569,"PACKET","IN",207,45,"PlayerSync","id=207 bytes=45","cf 54 00 f3 ff ca 40 00 00 2b 19 6a 30 e3 6d 49 91 72 9f 1f 90 80 00 00 00 03 bc 7e c0 00 03 fd e4 68 f7 da 51 13 fb fd fd a5 04 04 80",""
1844,8600,"PACKET","IN",207,45,"PlayerSync","id=207 bytes=45","cf 54 00 f2 ff c8 80 00 00 01 d9 6a 30 f7 ad 49 91 55 5e df 90 80 00 00 00 03 98 a2 c0 00 01 89 b4 68 f6 be 7c 0f f3 fd fd a5 04 04 80",""
1845,8601,"PACKET","IN",207,43,"PlayerSync","id=207 bytes=43","cf 63 00 60 3f c0 00 0c 63 23 30 cc 22 89 91 6e 15 a0 50 80 00 00 00 03 b8 57 80 00 01 d0 06 bc f5 ba 4e 0f fb fd fd e9 04 04 80",""
1846,8601,"PACKET","IN",200,44,"VehicleSync","id=200 bytes=44","c8 92 00 2a 00 7d 00 11 00 00 00 28 00 8a 10 5c 3b bf 80 1b 3c 37 8d 12 94 51 73 a7 f4 22 a7 30 53 e1 1f 96 e5 70 d7 7c e0 39 00 00",""
1847,8601,"PACKET","IN",207,45,"PlayerSync","id=207 bytes=45","cf 9e 00 df ff e4 ff c0 00 17 7a aa 70 e9 9b 89 d1 41 0d 1f 50 80 00 00 00 03 5b fa 40 00 00 ab 18 68 f4 3e 61 20 0b fd fd a5 04 04 80",""
1848,8601,"PACKET","IN",207,45,"PlayerSync","id=207 bytes=45","cf 4b 00 a5 80 7b ff c0 00 23 f2 6b 30 c7 b7 c9 91 7d 89 e0 10 84 00 00 00 03 db ff 80 00 02 17 58 94 f7 f5 f8 04 03 fd fd c8 04 08 80",""
1849,8601,"PACKET","IN",207,45,"PlayerSync","id=207 bytes=45","cf 54 00 f1 7f c6 80 00 00 0b d9 2a 30 cb ed 89 91 71 9e 5f 90 80 00 00 00 00 34 ca c0 00 01 b1 8c 68 f5 7e a1 db e7 fd fd a5 04 04 80",""
1850,8623,"PACKET","IN",207,35,"PlayerSync","id=207 bytes=35","cf 0b 00 00 00 1a fc 26 b0 c0 43 09 d1 7b 67 1f 10 84 00 00 00 03 32 4b c0 00 00 00 00 00 01 28 00 04 11",""
1851,8647,"PACKET","IN",207,45,"PlayerSync","id=207 bytes=45","cf 4b 00 a5 80 7b bf c0 00 2c f2 6b 30 e5 b7 89 91 7b 8a 20 10 84 00 00 00 03 c3 ff 80 00 01 15 f0 8c f7 19 ec 44 03 fd fd c8 04 08 80",""
1852,8648,"PACKET","IN",207,45,"PlayerSync","id=207 bytes=45","cf 54 00 ef 7f c4 40 00 00 06 58 ea 30 e0 ed 89 91 42 9e 1f 90 80 00 00 00 02 a0 ee c0 00 03 29 64 68 f4 56 c4 d7 db fd fd a5 04 04 80",""
1853,8648,"PACKET","IN",207,35,"PlayerSync","id=207 bytes=35","cf 70 00 00 00 1c 18 ea 70 e5 b1 89 91 72 f2 5f 90 80 00 00 00 00 6f a3 00 00 00 00 00 00 01 00 00 00 80",""
1854,8648,"PACKET","IN",200,48,"VehicleSync","id=200 bytes=48","c8 76 00 30 00 00 00 00 00 00 00 17 d0 26 a0 2b 1b 5d 9f 84 ec 3b 27 d2 44 55 6d 97 94 25 3f 7a a3 e0 30 00 57 f7 47 e6 40 3d 00 02 ad b2 f2 84",""
1855,8648,"PACKET","IN",207,45,"PlayerSync","id=207 bytes=45","cf 9e 00 df ff e4 bf c0 00 37 7a 2a 70 eb 5b 49 d1 4a cd 5f 50 80 00 00 00 03 1b fa 40 00 00 eb 18 68 f4 d6 61 3c 0b fd fd a5 04 04 80",""
1856,8649,"PACKET","IN",200,44,"VehicleSync","id=200 bytes=44","c8 92 00 2a 00 7d 00 11 00 00 00 28 f0 8a f0 5c 1b dc bf 0b 2c 3b dd 02 94 5f c2 f7 f4 24 4f 20 03 ef ef 75 75 41 d7 7c e0 39 00 00",""
1857,8649,"PACKET","IN",207,45,"PlayerSync","id=207 bytes=45","cf 4b 00 a5 00 7a ff c0 00 38 72 6b 30 c3 b7 89 91 7a 8a 60 10 84 00 00 00 03 ef ff 80 00 02 33 f0 88 f6 61 e8 74 03 fd fd c8 04 08 80",""
1858,8649,"PACKET","IN",207,45,"PlayerSync","id=207 bytes=45","cf 54 00 eb 7f fd bf c0 00 14 58 2a 30 c8 ad c9 91 56 dd 1f 90 80 00 00 00 03 15 3a c0 00 01 d9 20 68 f6 af 09 0b b7 fd fd a5 04 04 80",""
1859,8653,"PACKET","OUT",203,32,"AimSync","id=203 bytes=32","cb 00 00 00 39 05 00 00 00 00 00 00 00 00 00 00 00 40 01 00 00 00 80 3f 00 00 f3 04 b5 3f 39 05",""
1860,8674,"PACKET","IN",207,45,"PlayerSync","id=207 bytes=45","cf 9e 00 e0 7f e4 bf c2 00 07 b9 ea 70 e4 9b 09 d1 5d 8d 9f 50 80 00 00 00 02 f3 fa 40 00 02 0f 18 68 f7 62 61 bc 0b fd fd a5 04 04 80",""
1861,8675,"RPC","IN",86,27,"ApplyPlayerAnimation","id=86 bytes=27","49 00 07 42 44 5f 46 49 52 45 07 77 61 73 68 5f 75 70 33 33 83 40 80 00 00 00 00",""
1862,8675,"PACKET","IN",207,45,"PlayerSync","id=207 bytes=45","cf 4b 00 a5 00 7a bf c0 00 3e f2 6b 30 dc f7 49 91 40 8a e0 10 84 00 00 00 03 e3 ff 80 00 01 56 48 88 f5 1d f4 1c 03 fd fd c8 04 08 80",""
1863,8675,"PACKET","IN",200,44,"VehicleSync","id=200 bytes=44","c8 92 00 2a 00 7d 00 11 00 00 00 29 80 8e 10 5c dc 24 2c 6b 2c 3a 0c e2 94 5e 41 67 f4 2f 9e 3f 13 de 1f 48 e4 c4 77 7c e0 39 00 00",""
1864,8675,"RPC","IN",16,16,"PlaySound","id=16 bytes=16","43 51 00 00 00 00 00 00 00 00 00 00 00 00 00 00",""
1865,8675,"RPC","IN",134,80,"ShowTextDraw","id=134 bytes=80","2c 08 11 9a 99 19 3f 00 00 00 40 1a ff 00 aa cd cc 74 42 00 00 a0 41 00 00 00 32 00 01 00 00 00 ff 04 00 00 00 59 43 00 00 b8 43 00 00 00 00 00 00 00 00 00 00 00 00 00 00 00 00 80 3f ff ff ff ff 0d 00 6c 64 5f 64 75 61 6c 3a 77 68 69 74 65",""
1866,8675,"RPC","IN",105,7,"TextDrawSetString","id=105 bytes=7","26 08 03 00 31 30 30",""
1867,8675,"RPC","IN",105,5,"TextDrawSetString","id=105 bytes=5","27 08 01 00 30",""
1868,8675,"RPC","IN",105,6,"TextDrawSetString","id=105 bytes=6","28 08 02 00 35 30",""
1869,8675,"RPC","IN",105,5,"TextDrawSetString","id=105 bytes=5","29 08 01 00 39",""
1870,8675,"RPC","IN",105,7,"TextDrawSetString","id=105 bytes=7","2a 08 03 00 31 30 30",""
1871,8697,"PACKET","IN",207,43,"PlayerSync","id=207 bytes=43","cf 63 00 60 3f c0 00 30 20 a3 30 ef 23 c9 91 6e 15 a0 50 80 00 00 00 03 08 87 80 00 02 7a 66 64 f7 16 7f f7 ef fd fd e9 04 04 80",""
1872,8697,"PACKET","IN",207,45,"PlayerSync","id=207 bytes=45","cf 4b 00 a4 80 7a 3f c0 00 0d f2 ab 30 d8 77 09 91 7d 0b 20 10 84 00 00 00 03 f3 ff 80 00 03 90 98 94 f6 19 f0 30 03 fd fd c8 04 08 80",""
1873,8697,"PACKET","IN",207,45,"PlayerSync","id=207 bytes=45","cf 54 00 e7 ff f5 ff c0 00 39 d6 2a 30 c9 6e 09 91 72 5b 1f 90 80 00 00 00 03 e5 d6 c0 00 03 ce 9f e0 f3 fb 85 5f 4b fd fd a5 04 04 80",""
1874,8697,"PACKET","IN",207,35,"PlayerSync","id=207 bytes=35","cf 70 00 00 00 1f 18 2a 70 d5 f1 89 91 72 f2 5f 90 80 00 00 00 00 6f a3 00 00 00 00 00 00 01 00 00 00 80",""
1875,8698,"PACKET","IN",207,45,"PlayerSync","id=207 bytes=45","cf 9e 00 e0 ff e4 7f c2 00 2f 79 6a 70 ed da c9 d1 5c 8d df 50 80 00 00 00 02 e3 fa 40 00 03 6b c4 3c f5 06 66 10 0b fd fd a5 04 04 80",""
1876,8728,"PACKET","IN",200,44,"VehicleSync","id=200 bytes=44","c8 92 00 2a 00 7d 00 11 00 00 00 29 40 8f 70 59 5c 40 fb 7b 2c 3c 8c d2 94 5c 80 d7 f4 2b e1 ee 93 da 4f 3d 64 94 27 7c e0 39 00 00",""
1877,8729,"PACKET","IN",207,45,"PlayerSync","id=207 bytes=45","cf 4b 00 a4 80 7a 3f c0 00 16 f2 ab 30 da b6 c9 91 6c 0b a0 10 84 00 00 00 03 ab ff 80 00 01 b6 dc 98 f6 b9 f4 14 03 fd fd c8 04 08 80",""
1878,8731,"PACKET","IN",200,48,"VehicleSync","id=200 bytes=48","c8 76 00 30 00 00 00 00 00 00 00 18 10 26 60 2b 1b 53 a5 55 0c 38 87 d2 44 59 9c 87 94 23 cd da 73 e0 30 00 47 f7 77 e6 40 3d 00 03 33 90 f2 84",""
1879,8757,"PACKET","IN",207,35,"PlayerSync","id=207 bytes=35","cf 29 00 00 00 2e 09 a5 b0 d1 c9 c9 d1 6c 24 9f 10 80 00 00 00 01 7d 63 c0 00 00 00 00 00 01 28 00 04 11",""
1880,8758,"PACKET","IN",207,35,"PlayerSync","id=207 bytes=35","cf 60 00 00 00 25 ca e3 30 e5 e0 49 91 6f df 1e 90 84 00 00 00 00 ae f9 c0 00 00 00 00 00 01 28 00 04 11",""
1881,8758,"PACKET","IN",207,35,"PlayerSync","id=207 bytes=35","cf 4d 00 00 00 02 00 23 30 e6 e4 09 91 70 1e 9e 90 84 00 00 00 03 da d0 80 00 00 00 00 00 01 28 00 04 11",""
1882,8758,"PACKET","IN",207,43,"PlayerSync","id=207 bytes=43","cf 63 00 60 3f c0 00 0a 9e 23 30 e2 a5 09 91 6e 15 a0 50 80 00 00 00 01 cc 8b 80 00 03 2f 32 b0 f4 8e 89 73 ef fd fd e9 04 04 80",""
1883,8758,"PACKET","IN",207,45,"PlayerSync","id=207 bytes=45","cf 9e 00 e1 7f e4 7f c2 00 24 f8 aa 70 f4 1a 49 d1 65 4e 5f 50 80 00 00 00 02 37 fa 40 00 02 19 38 e0 f6 92 6b 34 0b fd fd a5 04 04 80",""
1884,8758,"PACKET","IN",207,35,"PlayerSync","id=207 bytes=35","cf 49 00 00 00 05 d5 25 b0 dd 8f 09 d1 6c 24 9f 10 80 00 00 00 01 eb 77 c0 00 00 00 00 00 01 28 00 04 11",""
1885,8758,"PACKET","IN",207,45,"PlayerSync","id=207 bytes=45","cf 4b 00 a4 00 79 7f c0 00 29 32 ab 30 ec b6 89 91 42 0c 20 10 84 00 00 00 03 d7 ff 80 00 02 b5 50 a8 f6 ad e4 a0 03 fd fd c8 04 08 80",""
1886,8758,"PACKET","IN",207,45,"PlayerSync","id=207 bytes=45","cf 54 00 e5 ff eb 3f c0 00 0d 93 6a 30 f5 6e 09 91 41 19 1f 90 80 00 00 00 01 3e 92 c0 00 01 87 ff f8 f2 5b ed 36 87 fd fd a5 04 04 80",""
1887,8758,"PACKET","IN",200,44,"VehicleSync","id=200 bytes=44","c8 92 00 2a 00 7d 00 11 00 00 00 27 10 82 50 6d dc 85 99 3b 2c 38 dc b2 94 5c ef 77 e4 2f 3a 6d 93 d4 9f 03 04 33 97 7c e0 39 00 00",""
1888,8759,"PACKET","IN",203,34,"AimSync","id=203 bytes=34","cb 92 00 12 8f 95 6e 3f 6f 3b ab 3e 2e 4d 0f be 8a c6 b6 c3 52 9b 29 45 77 0d 86 42 00 00 00 00 3f 37",""
1889,8781,"PACKET","IN",207,45,"PlayerSync","id=207 bytes=45","cf 4b 00 a2 80 78 7f c0 00 38 b2 ab 30 f5 36 49 91 68 0c 60 10 80 00 00 00 03 fb ff 80 00 00 ea 54 b8 f6 35 ec 4c 03 fd fd c8 04 08 80",""
1890,8781,"PACKET","IN",207,35,"PlayerSync","id=207 bytes=35","cf 70 00 00 00 29 17 6a 70 c6 f1 89 91 72 f2 5f 90 80 00 00 00 00 6f a3 00 00 00 00 00 00 01 00 00 00 80",""
1891,8782,"PACKET","IN",203,34,"AimSync","id=203 bytes=34","cb 70 00 04 26 e9 42 3f e9 62 1c bf af 51 5e be d5 b0 aa c3 1d e8 26 45 44 1a 82 42 00 00 00 00 3f c6",""
1892,8782,"PACKET","IN",207,35,"PlayerSync","id=207 bytes=35","cf 7e 00 00 00 11 42 a6 f0 c0 4b 89 d1 7b 67 1f 10 84 00 00 00 00 c6 1b 94 00 00 00 00 00 01 28 00 04 11",""
1893,8810,"PACKET","IN",207,35,"PlayerSync","id=207 bytes=35","cf 1f 00 00 00 20 66 e8 30 c3 bc c9 91 7b 67 1f 10 84 00 00 00 00 97 53 00 00 00 00 00 00 01 a5 04 e8 80",""
1894,8811,"PACKET","IN",207,35,"PlayerSync","id=207 bytes=35","cf 46 00 02 00 04 95 e5 70 ce d4 09 91 63 ac de d0 80 00 00 00 02 f6 a7 c0 00 00 00 00 00 01 a5 04 08 80",""
1895,8811,"PACKET","IN",200,48,"VehicleSync","id=200 bytes=48","c8 76 00 30 00 00 00 00 00 00 00 18 00 26 90 2b 1b 57 aa a5 1c 36 07 d2 44 54 ab 87 94 24 bc 5a 43 e0 30 00 27 f7 87 e6 40 3d 00 02 95 70 f2 84",""
1896,8811,"PACKET","IN",200,44,"VehicleSync","id=200 bytes=44","c8 92 00 2a 00 7d 00 11 00 00 00 25 80 83 90 6e cc a2 a8 2b 2c 35 fc a2 94 5e fe c7 e4 29 f4 4d 03 d8 fe e1 b4 02 f7 7c e0 39 00 00",""
1897,8811,"PACKET","IN",207,45,"PlayerSync","id=207 bytes=45","cf 9e 00 e1 ff e4 3f c2 00 17 f7 aa 70 db d9 c9 d1 47 cf 1f 50 80 00 00 00 01 bf fa 40 00 02 15 a9 9c f4 9a 70 88 0f fd fd a5 04 04 80",""
1898,8837,"PACKET","IN",207,45,"PlayerSync","id=207 bytes=45","cf 4b 00 a2 00 78 3f c0 00 33 32 ab 30 ee f6 09 91 61 8c e0 10 80 00 00 00 03 fb ff 80 00 00 1e 5c ac f5 1a 04 04 03 fd fd c8 04 08 80",""
1899,8838,"PACKET","IN",203,34,"AimSync","id=203 bytes=34","cb 4b 00 04 a9 55 57 3f 5e 78 d5 be fd 58 b0 be dc 1e ae c3 dc ed 26 45 82 93 83 42 00 00 00 00 3f 36",""
1900,8838,"PACKET","IN",207,35,"PlayerSync","id=207 bytes=35","cf 97 00 00 00 09 a6 25 b0 d5 fd 09 91 6c 24 9f 10 84 00 00 00 00 3b eb e8 00 00 00 00 00 01 28 00 04 11",""
1901,8838,"PACKET","IN",207,43,"PlayerSync","id=207 bytes=43","cf 63 00 60 3f c0 00 3a 9b 23 30 de 66 49 91 6e 15 a0 50 80 00 00 00 03 f8 9f 80 00 03 0a 1e b8 f5 f6 92 bb eb fd fd e9 04 04 80",""
1902,8838,"PACKET","IN",207,45,"PlayerSync","id=207 bytes=45","cf 4b 00 a0 80 77 bf c0 00 2f b2 ab 30 e7 f5 c9 91 5d 0d 60 10 80 00 00 00 03 ef ff 80 00 02 bd e0 a0 f7 26 00 00 03 fd fd c8 04 08 80",""
1903,8839,"PACKET","IN",200,44,"VehicleSync","id=200 bytes=44","c8 92 00 2a 00 7d 00 11 00 00 00 22 90 85 00 65 9c ee 26 5b 2c 33 ec 82 94 59 0d a7 e4 28 e5 1c 13 d5 1e bc c3 a2 f7 7c e0 39 00 00",""
1904,8839,"PACKET","OUT",207,69,"PlayerSync","id=207 bytes=69","cf 00 00 00 00 00 00 22 90 8d c3 0a 85 26 45 6a 86 7a 42 f5 21 4f 3f 00 00 00 00 00 00 00 00 89 70 16 3f 64 00 00 00 00 00 00 00 00 00 00 00 00 00 00 00 00 00 00 00 00 00 00 00 00 00 00 00 00 00 28 00 04 11",""
1905,8866,"PACKET","IN",207,35,"PlayerSync","id=207 bytes=35","cf 70 00 00 00 18 d6 ea 70 fb 31 49 91 72 f2 5f 90 80 00 00 00 00 6f a3 00 00 00 00 00 00 01 00 00 00 80",""
1906,8866,"RPC","IN",86,27,"ApplyPlayerAnimation","id=86 bytes=27","9a 00 07 42 44 5f 46 49 52 45 07 77 61 73 68 5f 75 70 33 33 83 40 80 00 00 00 00",""
1907,8866,"PACKET","IN",207,35,"PlayerSync","id=207 bytes=35","cf 46 00 02 00 04 95 e5 70 ce d4 09 91 63 2c de d0 80 00 00 00 02 f6 a7 c0 00 00 00 00 00 01 a5 04 08 80",""
1908,8866,"PACKET","IN",207,45,"PlayerSync","id=207 bytes=45","cf 4b 00 9f 00 77 3f c0 00 24 b2 ab 30 e8 35 89 91 4a 0d e0 10 80 00 00 00 03 cb ff 80 00 03 b6 c0 80 f7 22 08 1c 03 fd fd c8 04 08 80",""
1909,8866,"PACKET","IN",207,45,"PlayerSync","id=207 bytes=45","cf 54 00 e7 ff e2 bf c0 00 35 cd ea 30 e7 ae 09 91 46 d6 5f 90 80 00 00 00 00 cb 32 c0 00 00 7b f0 c0 f7 6b e8 59 73 fd fd a5 04 04 80",""
1910,8866,"PACKET","IN",203,34,"AimSync","id=203 bytes=34","cb 54 00 04 d0 c2 24 3f 5f 24 0d bf 53 e6 07 bf b5 4e a9 c3 b3 d5 26 45 f2 d0 83 42 00 00 00 00 3f 36",""
1911,8892,"PACKET","IN",207,35,"PlayerSync","id=207 bytes=35","cf 3d 00 00 00 39 94 e5 b0 e4 03 c9 d1 6c 24 9f 10 80 00 00 00 02 af cd c0 00 00 00 00 00 01 28 00 04 11",""
1912,8892,"PACKET","IN",200,48,"VehicleSync","id=200 bytes=48","c8 76 00 30 00 00 00 00 00 00 00 17 c0 26 b0 2b 1b 5b cf a5 2c 33 87 d2 44 53 3a 87 94 27 7a fa 13 e0 30 00 27 f7 77 e6 40 3d 00 02 67 50 f2 84",""
1913,8893,"PACKET","IN",200,44,"VehicleSync","id=200 bytes=44","c8 92 00 2a 00 7d 00 11 00 00 00 21 00 85 80 61 5d 09 65 7b 2c 31 6c 72 94 51 4d 17 e4 23 9f fb 73 da 5e 94 53 83 27 7c e0 39 00 00",""
1914,8893,"PACKET","IN",207,45,"PlayerSync","id=207 bytes=45","cf 4b 00 9e 80 77 3f c0 00 14 72 ab 30 f4 f5 49 91 5f 0e 20 10 80 00 00 00 03 eb ff 80 00 01 d8 28 6c f4 42 14 64 03 fd fd c8 04 08 80",""
1915,8893,"PACKET","IN",207,45,"PlayerSync","id=207 bytes=45","cf 9e 00 e2 7f e4 3f c2 00 23 f5 2a 70 d2 58 89 d1 4e 90 5f 50 80 00 00 00 03 fb f6 40 00 02 17 da cc f7 56 7b 14 0f fd fd a5 04 04 80",""
1916,8894,"PACKET","OUT",205,9,"UNKNOWN_PACKET","id=205 bytes=9","cd b8 4a 04 00 00 00 00 00",""
1917,8919,"PACKET","IN",207,35,"PlayerSync","id=207 bytes=35","cf 7c 00 00 00 03 66 28 30 f1 c4 49 d1 7b 67 1f 10 84 00 00 00 01 fe 49 80 00 00 00 00 00 01 fb 04 e8 80",""
1918,8951,"PACKET","IN",207,45,"PlayerSync","id=207 bytes=45","cf 4b 00 9e 00 76 ff c0 00 05 72 ab 30 e5 b5 09 91 66 0e a0 10 80 00 00 00 03 fb ff 80 00 01 58 38 58 f4 0a 0c 24 03 fd fd c8 04 08 80",""
1919,8951,"PACKET","IN",207,43,"PlayerSync","id=207 bytes=43","cf 63 00 60 3f c0 00 25 96 e3 30 f9 a7 c9 91 6e 15 a0 50 80 00 00 00 03 04 ab 80 00 00 d0 cf 1c f5 f6 a4 57 e7 fd fd e9 04 04 80",""
1920,8952,"PACKET","IN",200,44,"VehicleSync","id=200 bytes=44","c8 92 00 2a 00 7d 00 11 00 00 00 2e f0 75 d0 6d 6d 22 74 1b 2c 32 0c 52 94 5f 5c 17 e4 2d 24 ca 93 da 0e 60 13 44 77 7c e0 39 00 00",""
1921,8952,"PACKET","IN",207,35,"PlayerSync","id=207 bytes=35","cf 94 00 00 00 10 3e 66 b0 ef 39 c9 91 7b 67 1f 10 84 00 00 00 02 9a 53 c0 00 00 00 00 00 01 28 00 04 11",""
1922,8952,"PACKET","IN",207,35,"PlayerSync","id=207 bytes=35","cf 51 00 00 00 30 e3 68 30 f6 0c 09 d1 7b 67 1f 10 84 00 00 00 02 e7 67 c0 00 00 00 00 00 01 28 00 04 11",""
1923,8975,"PACKET","IN",207,35,"PlayerSync","id=207 bytes=35","cf 1c 00 00 00 2d 02 a6 f0 e0 10 09 d1 7b 67 1f 10 84 00 00 00 00 15 5f 00 00 00 00 00 00 01 28 00 04 11",""
1924,8975,"PACKET","IN",207,45,"PlayerSync","id=207 bytes=45","cf 4b 00 9d 80 76 bf c0 00 01 b2 ab 30 f9 74 c9 91 72 8e e0 10 80 00 00 00 03 f7 ff 80 00 01 a0 30 58 f5 4a 04 04 03 fd fd c8 04 08 80",""
1925,8975,"PACKET","IN",207,35,"PlayerSync","id=207 bytes=35","cf 85 00 00 00 2b 0b 62 b0 d7 e8 c9 91 50 59 de 90 84 00 00 00 03 a8 31 80 00 00 00 00 00 01 28 00 04 11",""
1926,8975,"PACKET","IN",203,34,"AimSync","id=203 bytes=34","cb 85 00 04 45 97 95 bd 2c 65 77 3f 51 69 7c be 8c 19 8a c3 14 82 26 45 29 ed 7e 42 00 00 00 00 3f c6",""
1927,8976,"PACKET","IN",207,35,"PlayerSync","id=207 bytes=35","cf 9a 00 00 00 05 5a 28 30 df c8 49 d1 7b 67 1f 10 84 00 00 00 01 79 f3 c0 00 00 00 00 00 01 28 00 04 11",""
1928,8976,"PACKET","IN",207,45,"PlayerSync","id=207 bytes=45","cf 4b 00 9c 80 76 7f c0 00 3c f2 6b 30 d1 34 c9 91 77 cf 20 10 80 00 00 00 03 e3 ff 80 00 02 20 f8 54 f7 76 04 0c 03 fd fd c8 04 08 80",""
1929,8976,"PACKET","IN",207,35,"PlayerSync","id=207 bytes=35","cf 53 00 00 00 1d d4 e5 b0 ff cc 49 d1 6c e4 9f 10 80 00 00 00 03 52 2a c0 00 00 00 00 00 01 a5 04 04 80",""
1930,8976,"PACKET","IN",200,48,"VehicleSync","id=200 bytes=48","c8 76 00 30 00 00 00 00 00 00 00 17 a0 26 d0 2b 1b 58 e4 45 4c 31 07 d2 44 56 59 87 94 2a e9 b9 e3 e0 30 00 37 f7 67 e6 40 3d 00 02 cb 30 f2 84",""
1931,8976,"PACKET","IN",203,34,"AimSync","id=203 bytes=34","cb 76 00 12 2b e4 7d bf 78 32 46 bc 95 93 02 be 0a 88 4e c3 20 7e 24 45 31 99 7e 42 00 00 00 00 01 ff",""
1932,8976,"PACKET","IN",200,44,"VehicleSync","id=200 bytes=44","c8 92 00 2a 00 7d 00 11 00 00 00 2e 20 76 00 61 fd 4a 73 6b 2c 32 8c 42 94 5c 8b a7 e4 2a 13 9a 03 d5 0e 54 33 24 b7 7c e0 39 00 00",""
1933,8998,"PACKET","IN",207,45,"PlayerSync","id=207 bytes=45","cf 4b 00 9c 00 76 3f c0 00 35 72 6b 30 ee b4 89 91 72 0f 60 10 80 00 00 00 03 d7 ff 80 00 00 21 10 48 f5 f2 0c 30 03 fd fd c8 04 08 80",""
1934,8998,"PACKET","IN",207,45,"PlayerSync","id=207 bytes=45","cf 9e 00 e2 7f e4 3f c2 00 06 71 aa 70 eb d6 c9 d1 70 11 9f 50 80 00 00 00 00 57 f6 40 00 03 27 a2 dc f7 8a 8c 88 17 fd fd a5 04 04 80",""
1935,9029,"PACKET","IN",207,45,"PlayerSync","id=207 bytes=45","cf 4b 00 9c 00 76 7f c0 00 2c f2 6b 30 cf b4 89 91 66 0f a0 10 80 00 00 00 03 fb ff 80 00 02 62 2c 44 f5 5a 10 48 03 fd fd c8 04 08 80",""
1936,9029,"PACKET","IN",207,43,"PlayerSync","id=207 bytes=43","cf 63 00 60 3f c0 00 2c d2 a3 30 fc e9 49 91 62 8d 60 50 80 00 00 00 00 64 af 80 00 00 dd ae fc f4 6e a3 f7 ca 69 61 6c 04 04 80",""
1937,9030,"PACKET","IN",200,44,"VehicleSync","id=200 bytes=44","c8 92 00 2a 00 7d 00 11 00 00 00 2c d0 75 10 66 bd 63 12 4b 2c 35 9c 22 94 51 1a e7 e4 2e 8b b9 53 d2 3e 24 32 e8 57 7c e0 39 00 00",""
1938,9030,"PACKET","IN",207,45,"PlayerSync","id=207 bytes=45","cf 4b 00 9b 00 75 ff c0 00 2a 72 6b 30 f0 f4 49 91 5b 8f e0 10 80 00 00 00 03 c3 ff 80 00 01 e8 60 40 f5 62 04 04 03 fd fd c8 04 08 80",""
1939,9030,"PACKET","IN",200,48,"VehicleSync","id=200 bytes=48","c8 76 00 30 00 00 00 00 00 00 00 17 a0 26 d0 2b 1b 59 d4 75 5c 3f 07 c2 44 5f a8 b7 94 2e a2 69 c3 e0 30 00 47 f7 67 e6 40 3d 00 03 f5 16 f2 84",""
1940,9062,"PACKET","IN",207,45,"PlayerSync","id=207 bytes=45","cf 4b 00 9b 00 75 ff c0 00 1f f2 6b 30 d1 74 49 91 4f 90 20 10 80 00 00 00 03 db ff 80 00 03 b9 5c 40 f5 52 14 70 03 fd fd c8 04 08 80",""
1941,9062,"PACKET","IN",200,44,"VehicleSync","id=200 bytes=44","c8 92 00 2a 00 7d 00 11 00 00 00 2c c0 74 30 69 ad 8e b1 2b 2c 38 9c 02 94 51 7a 27 e4 2d b7 88 63 d9 dd f5 02 ba 57 7c e0 39 00 00",""
1942,9063,"PACKET","IN",207,45,"PlayerSync","id=207 bytes=45","cf 4b 00 9b 00 76 3f c0 00 16 f2 6b 30 ee 74 09 91 4a 90 60 10 80 00 00 00 03 fb ff 80 00 03 02 d0 40 f4 72 10 40 03 fd fd c8 04 08 80",""
1943,9063,"PACKET","OUT",203,32,"AimSync","id=203 bytes=32","cb 04 a3 e1 60 3f 66 c5 2d be cd b5 e4 be 6c 99 8e c3 72 8b 26 45 06 92 80 42 00 00 00 00 3f c6",""
1944,9094,"PACKET","IN",207,45,"PlayerSync","id=207 bytes=45","cf 4b 00 9b 00 75 ff c0 00 13 f2 6b 30 cc f4 09 91 44 90 a0 10 80 00 00 00 03 f7 ff 80 00 03 d0 50 3c f5 92 04 04 03 fd fd c8 04 08 80",""
1945,9094,"PACKET","IN",207,43,"PlayerSync","id=207 bytes=43","cf 63 00 60 3f c0 00 3e 0f 63 30 e0 ea 89 91 46 b5 60 50 80 00 00 00 00 64 af 80 00 03 ef 16 d4 f4 9e ab 6b e3 fd fd 6c 04 04 80",""
1946,9094,"PACKET","IN",207,45,"PlayerSync","id=207 bytes=45","cf 9e 00 e2 ff e3 ff c2 00 0b 2d 6a 70 d9 15 49 d1 54 12 9f 50 80 00 00 00 00 0f f2 40 00 01 8e f3 08 f4 6e ad e8 1f fd fd a5 04 04 80",""
1947,9095,"RPC","IN",105,19,"TextDrawSetString","id=105 bytes=19","2f 01 0f 00 30 39 20 41 67 75 73 74 75 73 20 32 30 32 36",""
1948,9095,"RPC","IN",105,12,"TextDrawSetString","id=105 bytes=12","30 01 08 00 31 31 3a 35 36 3a 30 34",""
1949,9095,"PACKET","IN",207,45,"PlayerSync","id=207 bytes=45","cf 4b 00 9b 00 75 ff c0 00 10 b2 6b 30 eb f3 c9 91 7d 90 a0 10 80 00 00 00 03 fb ff 80 00 03 aa c4 40 f6 66 04 08 03 fd fd c8 04 08 80",""
1950,9095,"PACKET","IN",207,45,"PlayerSync","id=207 bytes=45","cf 54 00 ef 7f e1 7f c0 00 2d 02 aa 30 cc 6d c9 91 5c d1 5f 90 80 00 00 00 01 8b 22 c0 00 00 3a ea 40 f6 2f f1 e9 8b fd fd a5 04 04 80",""
1951,9095,"PACKET","IN",200,44,"VehicleSync","id=200 bytes=44","c8 92 00 2a 00 7d 00 11 00 00 00 2d 70 73 b0 64 4d ad 10 5b 2c 31 4b f2 94 5d 99 87 e4 2a 61 a6 f3 d3 dd db 52 8a 07 7c e0 39 00 00",""
1952,9118,"PACKET","IN",207,45,"PlayerSync","id=207 bytes=45","cf 4b 00 9a 80 75 ff c0 00 0f f2 6b 30 cc 33 c9 91 75 10 e0 10 80 00 00 00 03 fb ff 80 00 02 22 c0 40 f5 72 00 00 03 fd fd c8 04 08 80",""
1953,9118,"PACKET","IN",207,45,"PlayerSync","id=207 bytes=45","cf 54 00 f0 ff e1 3f c2 00 1c f6 e9 f0 f9 ed 49 91 4a 8c 1f 90 80 00 00 00 03 87 16 c0 00 03 af aa cc f5 63 f4 51 9b fd fd a5 04 04 80",""
1954,9119,"PACKET","IN",200,48,"VehicleSync","id=200 bytes=48","c8 76 00 30 00 00 00 00 00 00 00 17 b0 26 c0 2b 1b 5f 88 55 6c 3c 87 c2 44 5b 97 c7 94 2b d1 69 93 e0 30 00 47 f7 77 e6 40 3d 00 03 72 f8 f2 84",""
1955,9119,"PACKET","IN",207,45,"PlayerSync","id=207 bytes=45","cf 9e 00 e3 ff e3 bf c2 00 2a ab 6a 70 f6 54 89 d1 59 12 df 50 80 00 00 00 03 9f ee 40 00 00 ef cb 10 f5 22 b3 9c 1f fd fd a5 04 04 80",""
1956,9152,"PACKET","IN",207,35,"PlayerSync","id=207 bytes=35","cf 0b 00 00 00 1a fc 26 b0 c0 43 09 d1 7b 67 1f 10 84 00 00 00 03 32 4b c0 00 00 00 00 00 01 28 00 04 11",""
1957,9153,"PACKET","IN",207,45,"PlayerSync","id=207 bytes=45","cf 4b 00 9a 80 75 ff c0 00 0f 72 6b 30 ee 33 89 91 69 91 20 10 84 00 00 00 03 fb ff 80 00 02 6d 9c 34 f5 52 00 00 03 fd fd c8 04 08 80",""
1958,9154,"PACKET","IN",207,45,"PlayerSync","id=207 bytes=45","cf 54 00 f1 ff e1 3f c2 00 3b ae e9 f0 c9 6d 49 91 67 08 5f 90 80 00 00 00 00 03 16 c0 00 00 9a 5a e4 f7 23 f5 39 a3 fd fd a5 04 04 80",""
1959,9154,"PACKET","IN",200,44,"VehicleSync","id=200 bytes=44","c8 92 00 2a 00 7d 00 11 00 00 00 2e 50 73 f0 67 5d b7 bf cb 1c 3f eb d2 94 50 39 27 e4 26 3a d5 13 d5 fd bc 82 65 87 7c e0 39 00 00",""
1960,9154,"PACKET","IN",207,45,"PlayerSync","id=207 bytes=45","cf 9e 00 e4 ff e3 7f c2 00 00 e9 ea 70 e8 14 09 d1 52 13 1f 50 80 00 00 00 02 e7 ee 40 00 00 d1 fb 18 f7 76 b0 7c 23 fd fd a5 04 04 80",""
1961,9177,"RPC","IN",99,42,"MoveObject","id=99 bytes=42","a1 00 f8 e3 a1 c3 d7 9b 26 45 ed 5e 7b 42 f8 e3 a1 c3 d7 9b 26 45 53 c5 7d 42 00 00 80 3e 00 00 00 00 00 00 00 00 08 cc 84 43",""
1962,9177,"RPC","IN",122,2,"StopObject","id=122 bytes=2","a1 00",""
1963,9177,"RPC","IN",99,42,"MoveObject","id=99 bytes=42","a1 00 f8 e3 a1 c3 d7 9b 26 45 ed 5e 7b 42 f8 e3 a1 c3 d7 9b 26 45 ed 5e 7b 42 00 00 80 3e 00 00 00 00 00 00 00 00 08 cc 84 43",""
1964,9177,"RPC","IN",122,2,"StopObject","id=122 bytes=2","a1 00",""
1965,9177,"RPC","IN",99,42,"MoveObject","id=99 bytes=42","a1 00 f8 e3 a1 c3 d7 9b 26 45 ed 5e 7b 42 f8 e3 a1 c3 d7 9b 26 45 53 c5 7d 42 00 00 80 3e 00 00 00 00 00 00 00 00 08 cc 84 43",""
1966,9177,"RPC","IN",122,2,"StopObject","id=122 bytes=2","a1 00",""
1967,9177,"RPC","IN",99,42,"MoveObject","id=99 bytes=42","a1 00 f8 e3 a1 c3 d7 9b 26 45 ed 5e 7b 42 f8 e3 a1 c3 d7 9b 26 45 ed 5e 7b 42 00 00 80 3e 00 00 00 00 00 00 00 00 08 cc 84 43",""
1968,9177,"RPC","IN",122,2,"StopObject","id=122 bytes=2","a1 00",""
1969,9177,"RPC","IN",99,42,"MoveObject","id=99 bytes=42","a1 00 f8 e3 a1 c3 d7 9b 26 45 ed 5e 7b 42 f8 e3 a1 c3 d7 9b 26 45 53 c5 7d 42 00 00 80 3e 00 00 00 00 00 00 00 00 08 cc 84 43",""
1970,9178,"RPC","IN",122,2,"StopObject","id=122 bytes=2","a1 00",""
1971,9178,"RPC","IN",99,42,"MoveObject","id=99 bytes=42","a1 00 f8 e3 a1 c3 d7 9b 26 45 ed 5e 7b 42 f8 e3 a1 c3 d7 9b 26 45 ed 5e 7b 42 00 00 80 3e 00 00 00 00 00 00 00 00 08 cc 84 43",""
1972,9178,"RPC","IN",122,2,"StopObject","id=122 bytes=2","a1 00",""
1973,9178,"RPC","IN",99,42,"MoveObject","id=99 bytes=42","a1 00 f8 e3 a1 c3 d7 9b 26 45 ed 5e 7b 42 f8 e3 a1 c3 d7 9b 26 45 53 c5 7d 42 00 00 80 3e 00 00 00 00 00 00 00 00 08 cc 84 43",""
1974,9178,"RPC","IN",122,2,"StopObject","id=122 bytes=2","a1 00",""
1975,9178,"RPC","IN",99,42,"MoveObject","id=99 bytes=42","a1 00 f8 e3 a1 c3 d7 9b 26 45 ed 5e 7b 42 f8 e3 a1 c3 d7 9b 26 45 ed 5e 7b 42 00 00 80 3e 00 00 00 00 00 00 00 00 08 cc 84 43",""
1976,9178,"RPC","IN",122,2,"StopObject","id=122 bytes=2","a1 00",""
1977,9178,"RPC","IN",99,42,"MoveObject","id=99 bytes=42","a1 00 f8 e3 a1 c3 d7 9b 26 45 ed 5e 7b 42 f8 e3 a1 c3 d7 9b 26 45 53 c5 7d 42 00 00 80 3e 00 00 00 00 00 00 00 00 08 cc 84 43",""
1978,9178,"RPC","IN",122,2,"StopObject","id=122 bytes=2","a1 00",""
1979,9178,"RPC","IN",99,42,"MoveObject","id=99 bytes=42","a1 00 f8 e3 a1 c3 d7 9b 26 45 ed 5e 7b 42 f8 e3 a1 c3 d7 9b 26 45 ed 5e 7b 42 00 00 80 3e 00 00 00 00 00 00 00 00 08 cc 84 43",""
1980,9178,"PACKET","IN",207,45,"PlayerSync","id=207 bytes=45","cf 4b 00 9a 00 75 bf c0 00 11 32 6b 30 cc b3 89 91 64 d1 60 10 80 00 00 00 03 fb ff 80 00 03 31 60 30 f4 d9 fc 00 03 fd fd c8 04 08 80",""
1981,9179,"PACKET","OUT",203,32,"AimSync","id=203 bytes=32","cb 00 00 00 39 05 00 00 00 00 00 00 00 00 00 00 00 40 01 00 00 00 80 3f 00 00 f3 04 b5 3f 39 05",""
1982,9179,"PACKET","IN",207,45,"PlayerSync","id=207 bytes=45","cf 4b 00 9a 00 75 bf c0 00 0e f2 6b 30 e3 b3 49 91 6c 11 a0 10 84 00 00 00 03 fb ff 80 00 03 fa f8 34 f7 5e 00 00 03 fd fd c8 04 08 80",""
1983,9179,"PACKET","IN",207,43,"PlayerSync","id=207 bytes=43","cf 63 00 60 3f c0 00 0e 8c a3 30 eb eb 89 91 46 b5 60 50 80 00 00 00 00 64 af 80 00 02 f8 b7 74 f5 ee aa f7 e3 fd fd ac 04 64 80",""
1984,9179,"PACKET","IN",207,45,"PlayerSync","id=207 bytes=45","cf 9e 00 e6 ff e2 ff c2 00 30 67 ea 70 d0 93 89 d1 48 d3 5f 50 80 00 00 00 00 17 f2 40 00 01 73 c3 28 f7 32 b5 e4 23 fd fd a5 04 04 80",""
1985,9179,"PACKET","IN",207,45,"PlayerSync","id=207 bytes=45","cf 54 00 f2 ff e0 ff c2 00 24 a7 29 f0 db ad 09 91 7f c4 9f 90 80 00 00 00 02 8b 12 c0 00 01 c6 ba d4 f7 db f5 11 a7 fd fd a5 04 04 80",""
1986,9200,"PACKET","IN",207,45,"PlayerSync","id=207 bytes=45","cf 4b 00 98 80 75 3f c0 00 0f b2 6b 30 fc 33 09 91 71 91 e0 10 80 00 00 00 03 cb ff 80 00 02 fe 5c 34 f6 a1 fc 00 03 fd fd c8 04 08 80",""
1987,9201,"PACKET","IN",200,48,"VehicleSync","id=200 bytes=48","c8 76 00 30 00 00 00 00 00 00 00 18 00 27 a0 2b 1b 58 eb d5 7c 3a 07 c2 44 59 f6 d7 94 24 30 a9 63 e0 30 00 17 f6 97 e6 40 3d 00 03 3e da f2 84",""
1988,9201,"PACKET","IN",200,44,"VehicleSync","id=200 bytes=44","c8 92 00 2a 00 7c 00 11 00 00 00 2e c0 74 40 6f 7d ca ff 0b 1c 39 0b c2 94 58 b8 87 e4 21 45 73 53 d2 cd 9a 82 4a 07 6c e0 39 00 00",""
1989,9201,"RPC","IN",86,27,"ApplyPlayerAnimation","id=86 bytes=27","1f 00 07 42 44 5f 46 49 52 45 07 77 61 73 68 5f 75 70 33 33 83 40 80 00 00 00 00",""
1990,9232,"PACKET","IN",207,35,"PlayerSync","id=207 bytes=35","cf 1a 00 00 00 37 65 23 70 da 69 09 91 4b 21 de 90 80 00 00 00 00 b3 19 80 00 00 00 00 00 01 28 00 04 11",""
1991,9233,"PACKET","IN",203,34,"AimSync","id=203 bytes=34","cb 1a 00 04 c8 c7 75 3f 1e f1 65 be 5a ce 2a be 14 9e 8e c3 2b ac 26 45 35 5e 7e 42 00 00 00 00 3f 36",""
1992,9233,"PACKET","IN",207,41,"PlayerSync","id=207 bytes=41","cf 63 00 00 00 3e 49 a3 30 eb ec 89 91 46 b5 60 50 80 00 00 00 00 64 af 80 00 00 23 0b 84 f5 ee aa f7 e3 fd fd ac 04 64 80",""
1993,9233,"PACKET","IN",207,45,"PlayerSync","id=207 bytes=45","cf 9e 00 e8 ff e2 bf c2 00 33 a6 2a 70 f9 92 c9 d1 49 53 9f 50 80 00 00 00 00 eb f2 40 00 00 e3 0b 4c f4 ee b3 88 1f fd fd a5 04 04 80",""
1994,9233,"PACKET","IN",207,35,"PlayerSync","id=207 bytes=35","cf 46 00 02 00 04 95 e5 70 ce d4 09 91 63 ac de d0 80 00 00 00 02 f6 a7 c0 00 00 00 00 00 01 a5 04 08 80",""
1995,9233,"PACKET","IN",207,45,"PlayerSync","id=207 bytes=45","cf 4b 00 98 00 75 7f c0 00 06 32 6b 30 dd 33 09 91 65 52 20 10 80 00 00 00 03 e7 ff 80 00 03 58 34 2c f7 a2 10 60 03 fd fd c8 04 08 80",""
1996,9233,"PACKET","IN",207,45,"PlayerSync","id=207 bytes=45","cf 54 00 f3 ff e0 ff c2 00 24 e2 29 f0 fe 6c c9 91 6b 82 5f 90 80 00 00 00 02 d3 12 c0 00 03 be de d4 f7 a3 f7 dd a3 fd fd a5 04 04 80",""
1997,9233,"PACKET","IN",200,44,"VehicleSync","id=200 bytes=44","c8 92 00 2a 00 7c 00 11 00 00 00 2e 40 74 d0 61 5d e0 3e 8b 1c 37 6b b2 94 5d b8 07 e4 25 f1 d1 93 d4 fd 7f 32 2e 37 5c e0 39 00 00",""
1998,9234,"PACKET","IN",207,45,"PlayerSync","id=207 bytes=45","cf 9e 00 e9 ff e2 7f c2 00 0b e4 aa 70 e5 92 49 d1 4f 13 df 50 80 00 00 00 00 97 f2 40 00 01 f2 27 6c f4 72 ad e8 1f fd fd a5 04 04 80",""
1999,9261,"PACKET","IN",207,35,"PlayerSync","id=207 bytes=35","cf 29 00 00 00 2e 09 a5 b0 d1 c9 c9 d1 6c 24 9f 10 80 00 00 00 01 7d 63 c0 00 00 00 00 00 01 28 00 04 11",""
2000,9261,"PACKET","IN",207,45,"PlayerSync","id=207 bytes=45","cf 4b 00 97 80 75 7f c0 00 3c 32 2b 30 ed b2 c9 91 75 d2 60 10 80 00 00 00 03 e3 ff 80 00 02 79 64 20 f5 7a 0c 2c 03 fd fd c8 04 08 80",""
2001,9262,"PACKET","IN",207,35,"PlayerSync","id=207 bytes=35","cf 49 00 00 00 05 d5 25 b0 dd 8f 09 d1 6c 24 9f 10 80 00 00 00 01 eb 77 c0 00 00 00 00 00 01 28 00 04 11",""
2002,9262,"PACKET","IN",207,45,"PlayerSync","id=207 bytes=45","cf 54 00 f4 ff e0 ff c2 00 1e dc 69 f0 dc 2c c9 91 7c bf 9f 50 80 00 00 00 03 bb 12 c0 00 03 de 43 04 f7 67 f6 9d a3 fd fd a5 04 04 80",""
2003,9262,"PACKET","IN",200,48,"VehicleSync","id=200 bytes=48","c8 76 00 30 00 00 00 00 00 00 00 18 50 29 90 2b 0b 50 fb 35 8c 38 07 c2 44 51 f6 17 94 2a 79 c9 33 e0 30 0f d7 e5 57 e6 40 3d 00 02 3e c2 f2 84",""
2004,9262,"PACKET","IN",207,45,"PlayerSync","id=207 bytes=45","cf 9e 00 ea ff e2 3f c2 00 3c 62 aa 70 c5 91 c9 d1 57 d4 1f 50 80 00 00 00 00 67 f2 40 00 02 da 5f 74 f6 42 ae 90 1f fd fd a5 04 04 80",""
2005,9290,"PACKET","IN",207,45,"PlayerSync","id=207 bytes=45","cf 4b 00 97 00 75 7f c0 00 31 f2 2b 30 c0 b2 c9 91 41 d2 e0 10 80 00 00 00 03 e7 ff 80 00 00 87 34 18 f6 7e 0c 34 03 fd fd c8 04 08 80",""
2006,9291,"PACKET","IN",207,35,"PlayerSync","id=207 bytes=35","cf 60 00 00 00 25 ca e3 30 e5 e0 49 91 6f df 1e 90 84 00 00 00 00 ae f9 c0 00 00 00 00 00 01 28 00 04 11",""
2007,9291,"PACKET","IN",200,44,"VehicleSync","id=200 bytes=44","c8 92 00 2a 00 7c 00 11 00 00 00 2d 00 75 40 6c ad e9 1e 2b 1c 3b eb a2 94 59 97 b7 e4 26 8b 20 63 d0 bd 6d 42 16 47 5c e0 39 00 00",""
2008,9291,"PACKET","IN",207,45,"PlayerSync","id=207 bytes=45","cf 54 00 f6 7f e0 bf c2 00 04 96 a9 f0 f9 2c 89 91 45 bd 1f 50 80 00 00 00 03 9b 16 c0 00 01 6e 2b 40 f7 13 f4 d9 a3 fd fd a5 04 04 80",""
2009,9315,"RPC","IN",86,27,"ApplyPlayerAnimation","id=86 bytes=27","7c 00 07 42 44 5f 46 49 52 45 07 77 61 73 68 5f 75 70 33 33 83 40 80 00 00 00 00",""
2010,9315,"PACKET","IN",207,35,"PlayerSync","id=207 bytes=35","cf 46 00 02 00 04 95 e5 70 ce d4 09 91 63 ac de d0 80 00 00 00 02 f6 a7 c0 00 00 00 00 00 01 a5 04 08 80",""
2011,9315,"PACKET","IN",207,45,"PlayerSync","id=207 bytes=45","cf 4b 00 96 00 75 7f c0 00 2a 72 2b 30 dc b2 89 91 7e d2 e0 10 80 00 00 00 03 cb ff 80 00 01 c8 84 14 f5 3e 0c 28 03 fd fd c8 04 08 80",""
2012,9315,"PACKET","IN",207,35,"PlayerSync","id=207 bytes=35","cf 4d 00 00 00 02 00 23 30 e6 e4 09 91 70 1e 9e 90 84 00 00 00 03 da d0 80 00 00 00 00 00 01 28 00 04 11",""
2013,9315,"PACKET","IN",207,41,"PlayerSync","id=207 bytes=41","cf 63 00 00 00 11 c6 a3 30 cc 6d c9 91 46 b5 60 50 80 00 00 00 00 64 af 80 00 01 8d 0d c4 f5 ee aa f7 e3 fd fd ac 04 64 80",""
2014,9316,"PACKET","IN",207,35,"PlayerSync","id=207 bytes=35","cf 1f 00 00 00 20 66 e8 30 c3 bc c9 91 7b 67 1f 10 84 00 00 00 00 97 53 00 00 00 00 00 00 01 28 00 04 11",""
2015,9316,"PACKET","IN",207,45,"PlayerSync","id=207 bytes=45","cf 9e 00 eb ff e1 ff c2 00 01 a0 aa 70 c1 d1 09 d1 6e 94 5f 50 80 00 00 00 00 1f f2 40 00 00 61 57 6c f7 4e ae f0 1f fd fd a5 04 04 80",""
2016,9316,"PACKET","IN",207,45,"PlayerSync","id=207 bytes=45","cf 4b 00 95 80 75 3f c0 00 1f f2 2b 30 fa b2 49 91 77 93 20 10 80 00 00 00 03 a3 ff 80 00 00 94 28 04 f7 d6 10 60 03 fd fd c8 04 08 80",""
2017,9316,"PACKET","IN",207,45,"PlayerSync","id=207 bytes=45","cf 54 00 f7 7f e0 bf c0 00 2e d0 a9 f0 d3 ac 89 91 59 7a 5f 50 80 00 00 00 00 eb 1a c0 00 02 a5 0b 48 f5 f7 f7 25 9b fd fd a5 04 04 80",""
2018,9338,"PACKET","IN",200,44,"VehicleSync","id=200 bytes=44","c8 92 00 2a 00 7c 00 11 00 00 00 2b 30 76 30 67 2d f9 4d db 1c 30 fb a2 94 57 77 67 e4 27 8f dd 43 c2 5d 43 62 0b 47 4c e0 39 00 00",""
2019,9338,"PACKET","IN",203,34,"AimSync","id=203 bytes=34","cb 92 00 12 a7 ce 7a 3f 10 85 90 bd ce 0e 40 be dc 47 b6 c3 3c c4 29 45 8d a8 86 42 00 00 00 00 3f 37",""
2020,9338,"PACKET","IN",207,45,"PlayerSync","id=207 bytes=45","cf 9e 00 ed 7f e1 ff c2 00 0c 9e ea 70 ed 50 49 d1 6e 14 9f 50 80 00 00 00 03 f3 ee 40 00 01 17 9b 64 f4 ce b3 7c 1f fd fd a5 04 04 80",""
2021,9364,"PACKET","IN",207,45,"PlayerSync","id=207 bytes=45","cf 4b 00 94 80 75 3f c0 00 11 f2 2b 30 d9 32 49 91 6e 53 60 10 80 00 00 00 03 67 ff 80 00 03 27 d8 00 f6 e6 18 b4 03 fd fd c8 04 08 80",""
2022,9364,"PACKET","IN",207,45,"PlayerSync","id=207 bytes=45","cf 54 00 f8 7f e0 bf c0 00 2c 0d a9 f0 c0 2c 89 91 78 b8 df 50 80 00 00 00 00 3b 1e c0 00 03 a7 df 44 f5 bb f6 01 9b fd fd a5 04 04 80",""
2023,9364,"PACKET","IN",200,48,"VehicleSync","id=200 bytes=48","c8 76 00 30 00 00 00 00 00 00 00 16 e0 2b 40 2b 0b 53 1d f5 9c 35 87 c2 44 51 a5 17 94 2d 39 69 03 e0 40 0f a7 e4 67 e6 40 3d 00 02 34 a2 f2 84",""
2024,9365,"PACKET","IN",207,35,"PlayerSync","id=207 bytes=35","cf 7e 00 00 00 11 42 a6 f0 c0 4b 89 d1 7b 67 1f 10 84 00 00 00 00 c6 1b 94 00 00 00 00 00 01 28 00 04 11",""
2025,9365,"PACKET","IN",207,35,"PlayerSync","id=207 bytes=35","cf 97 00 00 00 09 a6 25 b0 d5 fd 09 91 6c 24 9f 10 84 00 00 00 00 3b eb e8 00 00 00 00 00 01 28 00 04 11",""
2026,9365,"PACKET","IN",207,35,"PlayerSync","id=207 bytes=35","cf 7c 00 00 00 03 66 28 30 f1 c4 49 d1 7b 67 1f 10 84 00 00 00 01 fe 49 80 00 00 00 00 00 01 28 00 04 11",""
2027,9365,"PACKET","IN",200,44,"VehicleSync","id=200 bytes=44","c8 92 00 2a 00 7c 00 11 00 00 00 28 c0 77 10 6f 2d fd 4d 9b 1c 38 8b 92 94 54 b7 27 e4 2d b3 3b 13 cd 1d 22 01 f2 b7 4c e0 39 00 00",""
2028,9365,"PACKET","IN",207,45,"PlayerSync","id=207 bytes=45","cf 4b 00 94 80 75 3f c0 00 00 f2 2b 30 f9 b2 09 91 60 93 a0 10 80 00 00 00 03 8b ff 80 00 02 84 37 e8 f2 76 21 28 03 fd fd c8 04 08 80",""
2029,9366,"PACKET","IN",207,45,"PlayerSync","id=207 bytes=45","cf 54 00 f8 ff e0 7f c0 00 13 8a e9 f0 ec ac 49 91 6f 77 9f 50 80 00 00 00 01 57 1e c0 00 02 bd cb 38 f4 a7 f4 d9 97 fd fd a5 04 04 80",""
2030,9366,"PACKET","IN",207,45,"PlayerSync","id=207 bytes=45","cf 9e 00 ee 7f e1 bf c2 00 05 dd 2a 70 d3 cf c9 d1 6e 54 df 50 80 00 00 00 03 eb ee 40 00 03 e7 93 74 f5 aa b3 d0 1f fd fd a5 04 04 80",""
2031,9388,"PACKET","IN",207,41,"PlayerSync","id=207 bytes=41","cf 63 00 00 00 17 c4 63 30 d6 ae 89 91 46 b5 60 50 80 00 00 00 00 64 af 80 00 01 95 9a f0 f5 ee aa f7 e3 fd fd a5 04 04 80",""
2032,9388,"PACKET","IN",207,35,"PlayerSync","id=207 bytes=35","cf 70 00 00 00 18 d6 ea 70 fb 31 49 91 72 f2 5f 90 80 00 00 00 00 6f a3 00 00 00 00 00 00 01 00 00 00 80",""
2033,9389,"PACKET","IN",207,45,"PlayerSync","id=207 bytes=45","cf 54 00 fa 7f e0 7f c0 00 25 85 29 f0 c4 ac 49 91 61 b5 1f 50 80 00 00 00 01 c7 22 c0 00 01 0c 4b 3c f7 f7 f1 a9 93 fd fd a5 04 04 80",""
2034,9389,"PACKET","IN",207,45,"PlayerSync","id=207 bytes=45","cf 9e 00 ee ff e1 7f c2 00 2d db 2a 70 f4 8f 09 d1 70 95 1f 50 80 00 00 00 03 3b ee 40 00 03 d5 1b 88 f5 da b3 e0 1f fd fd a5 04 04 80",""
2035,9413,"PACKET","IN",207,35,"PlayerSync","id=207 bytes=35","cf 46 00 02 00 04 95 e5 70 ce d4 09 91 63 2c de d0 80 00 00 00 02 f6 a7 c0 00 00 00 00 00 01 a5 04 08 80",""
2036,9414,"PACKET","IN",207,45,"PlayerSync","id=207 bytes=45","cf 4b 00 94 80 75 3f c0 00 2d f1 eb 30 d0 f2 09 91 62 93 e0 10 80 00 00 00 03 ab ff 80 00 00 5c 2f e8 f1 f6 1c e0 03 fd fd c8 04 08 80",""
2037,9414,"PACKET","IN",200,44,"VehicleSync","id=200 bytes=44","c8 92 00 2a 00 7c 00 11 00 00 00 25 40 78 70 67 0e 07 fd 6b 1c 30 9b 92 94 51 f6 e7 e4 21 2c 06 13 cf 7c ff e1 c5 57 2c e0 39 00 00",""
2038,9414,"PACKET","IN",207,45,"PlayerSync","id=207 bytes=45","cf 4b 00 94 80 75 3f c0 00 20 71 eb 30 ef 31 c9 91 5a 14 20 10 80 00 00 00 03 c3 ff 80 00 00 77 fb e4 f1 8e 18 a0 03 fd fd c8 04 08 80",""
2039,9438,"RPC","IN",87,2,"ClearPlayerAnimation","id=87 bytes=2","51 00",""
2040,9438,"RPC","IN",86,29,"ApplyPlayerAnimation","id=86 bytes=29","51 00 05 43 41 52 52 59 0b 63 72 72 79 5f 70 72 74 69 61 6c 33 33 83 40 00 00 00 00 00",""
2041,9439,"PACKET","IN",207,45,"PlayerSync","id=207 bytes=45","cf 54 00 fa ff e0 7f c0 00 14 02 69 f0 ef ac 09 91 61 33 df 50 80 00 00 00 02 eb 22 c0 00 02 d3 7f 34 f6 b7 f0 31 8f fd fd a5 04 04 80",""
2042,9439,"PACKET","IN",200,48,"VehicleSync","id=200 bytes=48","c8 76 00 30 00 00 00 00 00 00 00 14 c0 2a 70 2b 1b 57 20 55 bc 33 47 c2 44 5d a4 17 94 2c e8 e8 d3 e0 30 00 27 f6 c7 e6 40 3d 00 03 b4 82 f2 84",""
2043,9439,"PACKET","IN",207,45,"PlayerSync","id=207 bytes=45","cf 9e 00 ef ff e1 7f c2 00 26 99 2a 70 c9 4e 89 d1 72 15 5f 50 80 00 00 00 03 13 ee 40 00 02 a7 a7 d0 f5 7a b5 3c 23 fd fd a5 04 04 80",""
2044,9465,"PACKET","IN",207,45,"PlayerSync","id=207 bytes=45","cf 4b 00 94 80 75 3f c0 00 15 71 eb 30 ce 71 c9 91 50 54 60 10 80 00 00 00 03 d7 ff 80 00 00 8f f3 e4 f1 4e 14 70 03 fd fd c8 04 08 80",""
2045,9465,"PACKET","IN",207,45,"PlayerSync","id=207 bytes=45","cf 54 00 fb 7f e0 7f c0 00 33 ff 69 b0 d9 ec 09 91 5b 32 9f 50 80 00 00 00 00 1f 26 c0 00 01 b9 d3 30 f6 4f f2 69 8b fd fd a5 04 04 80",""
2046,9465,"PACKET","IN",207,45,"PlayerSync","id=207 bytes=45","cf 54 00 fd 7f e0 7f c2 00 27 b9 a9 b0 ec 6b c9 91 50 30 1f 50 80 00 00 00 03 a7 2a c0 00 02 a1 a7 4c f4 67 f2 a1 83 fd fd a5 04 04 80",""
2047,9465,"PACKET","IN",207,41,"PlayerSync","id=207 bytes=41","cf 63 00 00 00 29 81 23 30 f8 2f 89 91 46 b5 60 50 80 00 00 00 00 64 af 80 00 03 bf 35 54 f5 ee aa f7 e3 fd fd a5 04 04 80",""
2048,9465,"PACKET","IN",200,44,"VehicleSync","id=200 bytes=44","c8 92 00 2a 00 7c 00 11 00 00 00 21 80 7a 00 6b de 0a 7d 4b 1c 3b eb 82 94 50 c6 b7 e4 26 6c 3f 63 b1 6c cb a1 a9 e6 dc e0 39 00 00",""
2049,9466,"PACKET","IN",207,35,"PlayerSync","id=207 bytes=35","cf 94 00 00 00 10 3e 66 b0 ef 39 c9 91 7b 67 1f 10 84 00 00 00 02 9a 53 c0 00 00 00 00 00 01 28 00 04 11",""
2050,9466,"PACKET","IN",207,45,"PlayerSync","id=207 bytes=45","cf 9e 00 f0 7f e1 7f c2 00 29 96 ea 70 cd 4d c9 d1 77 95 9f 50 80 00 00 00 02 3f ee 40 00 03 8c cf ec f6 4e b5 8c 23 fd fd a5 04 04 80",""
2051,9466,"PACKET","IN",203,34,"AimSync","id=203 bytes=34","cb 9e 00 04 91 65 09 3e 23 6e 7c bf c2 9c c9 bd 86 98 a9 c3 a0 6e 27 45 0e 8f 80 42 00 00 00 00 3f 22",""
2052,9489,"PACKET","IN",207,45,"PlayerSync","id=207 bytes=45","cf 4b 00 94 80 75 3f c0 00 07 31 eb 30 d9 b1 89 91 68 d4 a0 10 80 00 00 00 03 e7 ff 80 00 03 27 e3 e4 f1 22 10 48 03 fd fd c8 04 08 80",""
2053,9490,"PACKET","IN",207,35,"PlayerSync","id=207 bytes=35","cf 9a 00 00 00 05 5a 28 30 df c8 49 d1 7b 67 1f 10 84 00 00 00 01 79 f3 c0 00 00 00 00 00 01 28 00 04 11",""
2054,9490,"PACKET","IN",207,45,"PlayerSync","id=207 bytes=45","cf 9e 00 f0 ff e1 3f c2 00 03 94 ea 70 dd 8d 09 d1 71 95 df 50 80 00 00 00 01 8b ee 40 00 01 ef e7 f0 f6 76 bb 28 23 fd fd a5 04 04 80",""
2055,9514,"PACKET","IN",207,45,"PlayerSync","id=207 bytes=45","cf 4b 00 94 80 75 3f c0 00 3d b1 ab 30 eb 31 49 91 77 94 e0 10 80 00 00 00 03 f3 ff 80 00 03 57 db e4 f1 0a 0c 28 03 fd fd c8 04 08 80",""
2056,9515,"PACKET","IN",200,44,"VehicleSync","id=200 bytes=44","c8 92 00 2a 00 7c 00 11 00 00 00 2e 00 6a f0 6e 5e 00 9d 4b 1c 39 fb 82 94 5e a6 87 e4 2c 78 ec 83 a4 ea 88 21 46 24 7c e0 39 00 00",""
2057,9515,"PACKET","IN",207,35,"PlayerSync","id=207 bytes=35","cf 1c 00 00 00 2d 02 a6 f0 e0 10 09 d1 7b 67 1f 10 84 00 00 00 00 15 5f 00 00 00 00 00 00 01 28 00 04 11",""
2058,9515,"PACKET","IN",200,48,"VehicleSync","id=200 bytes=48","c8 76 00 30 00 00 00 00 00 00 00 14 00 27 b0 2b 2b 50 c2 55 cc 31 17 c2 44 58 e3 47 94 2e 88 58 a3 e0 20 00 b7 f9 77 e6 40 3d 00 03 1c 68 f2 84",""
2059,9515,"PACKET","IN",207,35,"PlayerSync","id=207 bytes=35","cf 85 00 00 00 2b 0b 62 b0 d7 e8 c9 91 50 59 de 90 84 00 00 00 03 a8 31 80 00 00 00 00 00 01 28 00 04 11",""
2060,9516,"PACKET","IN",207,45,"PlayerSync","id=207 bytes=45","cf 9e 00 f1 ff e1 3f c2 00 13 d2 aa 70 ee 8c 49 d1 64 16 1f 50 80 00 00 00 01 83 ee 40 00 00 32 17 ec f6 02 bc 90 27 fd fd a5 04 04 80",""
2061,9540,"PACKET","IN",207,35,"PlayerSync","id=207 bytes=35","cf 46 00 02 00 04 95 e5 70 ce d4 09 91 63 ac de d0 80 00 00 00 02 f6 a7 c0 00 00 00 00 00 01 a5 04 08 80",""
2062,9540,"PACKET","IN",207,45,"PlayerSync","id=207 bytes=45","cf 4b 00 94 80 75 3f c0 01 38 31 ab 30 c5 31 49 91 78 d5 20 10 80 00 00 00 03 fb ff 80 00 00 fb e3 e4 f1 0e 08 14 03 fd fd c8 04 08 80",""
2063,9540,"PACKET","IN",207,45,"PlayerSync","id=207 bytes=45","cf 54 00 ff 7f e0 7f c2 00 36 70 29 b0 d9 eb 89 91 48 ec 1f 50 80 00 00 00 02 ab 32 c0 00 01 f0 7b 88 f4 7f ec 15 77 fd fd a5 04 04 80",""
2064,9540,"PACKET","IN",207,35,"PlayerSync","id=207 bytes=35","cf 70 00 00 00 27 57 2a 70 ef 71 49 91 5f 39 5f 90 82 68 00 98 00 6b a3 00 00 00 00 00 00 01 00 00 00 80",""
2065,9540,"PACKET","IN",207,43,"PlayerSync","id=207 bytes=43","cf 63 00 60 3f c0 00 19 3f a2 f0 c6 70 49 91 46 b5 60 50 80 00 00 00 02 81 0f 80 00 01 6f 33 74 f1 ee aa f7 e3 fd fd e9 04 04 80",""
2066,9541,"PACKET","IN",203,34,"AimSync","id=203 bytes=34","cb 63 00 04 67 0d 52 3f 9e 4a f5 be 67 a6 9f be 0d 60 8d c3 3c d9 26 45 f5 1b 85 42 00 00 00 00 3f 55",""
2067,9541,"PACKET","IN",200,44,"VehicleSync","id=200 bytes=44","c8 92 00 2a 00 7c 00 11 00 00 00 2c 10 6a b0 6e ae 02 0d 4b 1c 39 eb 82 94 5e 46 77 e4 2a 69 c3 13 ae f3 87 97 7e 11 5c e0 39 00 00",""
2068,9541,"PACKET","IN",207,45,"PlayerSync","id=207 bytes=45","cf 9e 00 f2 ff e1 3f c2 00 3f 90 2a 70 f4 0b 89 d1 5a 16 5f 50 80 00 00 00 01 8b ee 40 00 00 72 4f d4 f6 1e bc 9c 27 fd fd a5 04 04 80",""
2069,9564,"PACKET","IN",207,45,"PlayerSync","id=207 bytes=45","cf 4b 00 94 80 75 3f c0 01 33 f1 ab 30 d4 71 09 91 4d 15 a0 10 80 00 00 00 03 fb ff 80 00 01 db db e4 f1 96 04 04 03 fd fd c8 04 08 80",""
2070,9564,"PACKET","IN",207,43,"PlayerSync","id=207 bytes=43","cf 54 00 60 7f c2 00 37 ac e9 b0 fb eb 49 91 6c 2a 9f 50 80 00 00 00 02 d3 36 c0 00 01 1b 9b 94 f7 bf e9 75 73 fd fd a5 04 04 80",""
2071,9564,"PACKET","IN",207,35,"PlayerSync","id=207 bytes=35","cf 53 00 00 00 1d d4 e5 b0 ff cc 49 d1 6c e4 9f 10 80 00 00 00 03 52 2a c0 00 00 00 00 00 01 a5 04 04 80",""
2072,9564,"PACKET","IN",200,44,"VehicleSync","id=200 bytes=44","c8 92 00 2a 00 7c 00 11 00 00 00 2a 40 68 e0 6e de 03 cd 4b 1c 39 fb 82 94 5f 06 67 e4 2c ef 22 03 aa 42 a5 aa 20 42 7c e0 39 00 00",""
2073,9596,"PACKET","IN",207,45,"PlayerSync","id=207 bytes=45","cf 4b 00 94 80 75 3f c0 01 32 31 ab 30 f3 f0 c9 91 45 95 e0 10 80 00 00 00 03 fb ff 80 00 01 cf d7 e4 f3 a6 00 00 03 fd fd c8 04 08 80",""
2074,9596,"PACKET","IN",207,45,"PlayerSync","id=207 bytes=45","cf 54 00 81 00 60 7f c2 00 3f 66 69 b0 fd 2b 09 91 7f a7 df 50 80 00 00 00 02 8b 3a c0 00 00 21 d3 ac f6 0f eb c1 6b fd fd a5 04 04 80",""
2075,9597,"PACKET","IN",207,45,"PlayerSync","id=207 bytes=45","cf 9e 00 f4 7f e0 ff c2 00 14 0e 2a 70 c6 4b 09 d1 4c d6 9f 50 80 00 00 00 02 63 ee 40 00 02 59 db b4 f6 02 bc 90 27 fd fd a5 04 04 80",""
2076,9597,"PACKET","IN",200,48,"VehicleSync","id=200 bytes=48","c8 76 00 30 00 00 00 00 00 00 00 15 20 25 90 2b 2b 56 83 e5 dc 3e e7 b2 44 5d 12 87 94 2d d7 a8 73 e0 20 00 d7 fb 37 e6 40 3d 00 03 a2 50 f2 84",""
2077,9597,"PACKET","IN",207,35,"PlayerSync","id=207 bytes=35","cf 46 00 02 00 04 95 e5 70 ce d4 09 91 63 2c de d0 80 00 00 00 02 f6 a7 c0 00 00 00 00 00 01 a5 04 08 80",""
2078,9624,"PACKET","IN",200,44,"VehicleSync","id=200 bytes=44","c8 92 00 2a 00 7c 00 11 00 00 00 28 f0 65 30 6e ee 05 dd 4b 1c 3a 2b 82 94 52 66 67 e4 29 f4 00 13 a3 e2 b2 1d 4e e5 1c e0 39 00 00",""
2079,9624,"PACKET","IN",207,45,"PlayerSync","id=207 bytes=45","cf 9e 00 f4 ff e0 ff c2 00 29 cb ea 70 d4 4a 49 d1 48 96 df 50 80 00 00 00 01 c3 ee 40 00 03 95 27 8c f5 c6 ba e4 23 fd fd a5 04 04 80",""
2080,9650,"PACKET","IN",207,45,"PlayerSync","id=207 bytes=45","cf 4b 00 91 00 75 ff c0 01 24 31 ab 30 d1 f0 89 91 6d 96 60 10 80 00 00 00 03 63 ff 80 00 02 e5 13 e4 f1 b6 14 74 03 fd fd c8 04 08 80",""
2081,9650,"PACKET","IN",207,45,"PlayerSync","id=207 bytes=45","cf 54 00 81 80 60 7f c2 00 1a a0 29 b0 fc 6a c9 91 64 25 5f 50 80 00 00 00 00 43 3e c0 00 03 7f b3 ac f4 1b e9 6d 67 fd fd a5 04 04 80",""
2082,9650,"PACKET","IN",207,35,"PlayerSync","id=207 bytes=35","cf 70 00 00 00 05 d7 aa 70 e1 71 49 91 4e c1 df d0 81 58 05 48 00 67 a3 00 00 00 00 00 00 01 00 00 00 80",""
2083,9650,"PACKET","IN",207,43,"PlayerSync","id=207 bytes=43","cf 63 00 60 3f c0 00 26 7c 22 f0 fd 70 89 91 46 b5 60 50 80 00 00 00 00 0a 3b 80 00 01 9d 98 18 f5 9f 9b 27 33 fd fd c8 04 04 80",""
2084,9650,"PACKET","IN",207,45,"PlayerSync","id=207 bytes=45","cf 9e 00 f5 7f e0 ff c0 00 00 0a 2a 70 fa 09 89 d1 7b 56 df 50 80 00 00 00 01 23 ee 40 00 00 bc e7 7c f4 ee bc 20 27 fd fd a5 04 04 80",""
2085,9650,"PACKET","IN",207,45,"PlayerSync","id=207 bytes=45","cf 54 00 82 00 60 7f c2 00 00 19 e9 b0 fa 6a 89 91 52 e2 df 50 80 00 00 00 02 57 3e c0 00 00 72 5f 9c f7 1b e6 55 63 fd fd a5 04 04 80",""
2086,9651,"PACKET","IN",200,48,"VehicleSync","id=200 bytes=48","c8 76 00 30 00 00 00 00 00 08 00 77 90 08 f0 0b 5b 5e 72 45 ec 3d 27 b2 44 51 61 e7 94 2f 3c 48 e3 e0 20 00 87 fc 97 e6 40 3d 00 02 2c 3c f2 84",""
2087,9651,"PACKET","IN",200,44,"VehicleSync","id=200 bytes=44","c8 92 00 2a 00 7c 00 11 00 00 00 28 e0 62 40 6e fe 06 dd 4b 1c 3a 4b 82 94 5f 46 57 e4 20 28 4e 63 99 13 f9 8e e3 c7 fc e0 39 00 00",""
2088,9651,"RPC","IN",87,2,"ClearPlayerAnimation","id=87 bytes=2","3d 00",""
2089,9651,"RPC","IN",86,29,"ApplyPlayerAnimation","id=86 bytes=29","3d 00 05 43 41 52 52 59 0b 63 72 72 79 5f 70 72 74 69 61 6c 33 33 83 40 00 00 00 00 00",""
2090,9652,"PACKET","OUT",207,69,"PlayerSync","id=207 bytes=69","cf 00 00 00 00 00 00 22 90 8d c3 0a 85 26 45 6a 86 7a 42 f5 21 4f 3f 00 00 00 00 00 00 00 00 89 70 16 3f 64 00 00 00 00 00 00 00 00 00 00 00 00 00 00 00 00 00 00 00 00 00 00 00 00 00 00 00 00 00 28 00 04 11",""
2091,9683,"PACKET","IN",207,45,"PlayerSync","id=207 bytes=45","cf 4b 00 90 00 76 bf c0 01 10 f1 ab 30 ee f0 49 91 65 96 a0 10 80 00 00 00 03 6f ff 80 00 00 3d 2f e4 f3 3e 21 34 03 fd fd c8 04 08 80",""
2092,9684,"PACKET","IN",207,35,"PlayerSync","id=207 bytes=35","cf 70 00 00 00 28 d7 ea 70 d2 b1 49 91 41 ca df d0 80 68 0a 08 00 5f a3 00 00 00 00 00 00 01 00 00 00 80",""
2093,9684,"PACKET","IN",207,45,"PlayerSync","id=207 bytes=45","cf 9e 00 f4 ff e0 ff c0 00 3d 87 ea 70 db 09 09 d1 4c 98 1f 50 80 00 00 00 03 33 ea 40 00 03 bc 87 90 f7 f6 bd 58 27 fd fd a5 04 04 80",""
2094,9684,"PACKET","IN",207,45,"PlayerSync","id=207 bytes=45","cf 4b 00 8f 00 77 3f c0 01 3e 31 6b 30 cb 70 49 91 5e 96 e0 10 80 00 00 00 03 3f ff 80 00 01 c1 2b e4 f1 d6 21 1c 03 fd fd c8 04 08 80",""
2095,9684,"PACKET","IN",200,44,"VehicleSync","id=200 bytes=44","c8 92 00 2a 00 7c 00 11 00 00 00 29 b0 6f 60 5f 0e 07 5d 4b 1c 3a 7b 82 94 50 c6 67 e4 23 bf 8d c3 96 76 68 4f 60 1a 9c e0 39 00 00",""
2096,9703,"PACKET","OUT",203,32,"AimSync","id=203 bytes=32","cb 00 00 00 39 05 00 00 00 00 00 00 00 00 00 00 00 40 01 00 00 00 80 3f 00 00 f3 04 b5 3f 39 05",""
2097,9717,"PACKET","IN",207,41,"PlayerSync","id=207 bytes=41","cf 63 00 00 00 0b f9 a2 f0 d8 30 c9 91 46 b5 60 50 80 00 00 00 03 3e bb 80 00 00 dd 78 48 f6 63 f1 3e 77 fd fd a5 04 04 80",""
2098,9717,"PACKET","IN",207,45,"PlayerSync","id=207 bytes=45","cf 4b 00 8e 00 78 3f c0 01 1d 31 6b 30 d5 70 09 91 73 97 20 10 80 00 00 00 03 9b ff 80 00 03 3d 33 e4 f3 12 25 7c 03 fd fd c8 04 08 80",""
2099,9717,"PACKET","IN",207,35,"PlayerSync","id=207 bytes=35","cf 51 00 00 00 30 e3 68 30 f6 0c 09 d1 7b 67 1f 10 84 00 00 00 02 e7 67 c0 00 00 00 00 00 01 a5 04 e8 80",""
2100,9741,"PACKET","IN",207,45,"PlayerSync","id=207 bytes=45","cf 4b 00 8c 80 79 7f c0 01 0e b1 6b 30 f4 6f c9 91 69 97 60 10 80 00 00 00 03 d3 ff 80 00 03 0d 1f e4 f3 ee 18 c0 03 fd fd c8 04 08 80",""
2101,9742,"PACKET","IN",200,48,"VehicleSync","id=200 bytes=48","c8 76 00 30 00 00 00 00 00 08 00 7b d0 1d 30 1b 3b 59 b5 55 fc 3a d7 b2 44 5d 61 27 94 2b 0d 49 73 e0 20 00 27 fe a7 e6 40 3d 00 03 ac 24 f2 84",""
2102,9742,"PACKET","IN",200,44,"VehicleSync","id=200 bytes=44","c8 92 00 2a 00 7c 00 11 00 20 00 2d 70 62 80 6c ce 01 0d 7b 1c 30 ab 92 94 5e 46 87 e4 25 eb 29 53 c5 72 c4 ee 07 98 ac e0 39 00 00",""
2103,9742,"PACKET","IN",207,45,"PlayerSync","id=207 bytes=45","cf 9e 00 f4 7f e0 ff c0 00 3b 83 6a 70 ce 87 c9 d1 5d 9a 1f 50 80 00 00 00 00 0f ea 40 00 03 fb 6f e8 f6 52 cf 68 2b fd fd a5 04 04 80",""
2104,9742,"RPC","IN",16,16,"PlaySound","id=16 bytes=16","43 51 00 00 00 00 00 00 00 00 00 00 00 00 00 00",""
2105,9742,"RPC","IN",134,80,"ShowTextDraw","id=134 bytes=80","2c 08 11 9a 99 19 3f 00 00 00 40 1a ff 00 aa cd cc 8e 42 00 00 a0 41 00 00 00 32 00 01 00 00 00 ff 04 00 00 00 59 43 00 00 b8 43 00 00 00 00 00 00 00 00 00 00 00 00 00 00 00 00 80 3f ff ff ff ff 0d 00 6c 64 5f 64 75 61 6c 3a 77 68 69 74 65",""
2106,9742,"RPC","IN",105,7,"TextDrawSetString","id=105 bytes=7","26 08 03 00 31 30 30",""
2107,9743,"RPC","IN",105,5,"TextDrawSetString","id=105 bytes=5","27 08 01 00 30",""
2108,9743,"RPC","IN",105,6,"TextDrawSetString","id=105 bytes=6","28 08 02 00 35 30",""
2109,9743,"RPC","IN",105,5,"TextDrawSetString","id=105 bytes=5","29 08 01 00 39",""
2110,9743,"RPC","IN",105,7,"TextDrawSetString","id=105 bytes=7","2a 08 03 00 31 30 30",""
2111,9765,"PACKET","IN",207,45,"PlayerSync","id=207 bytes=45","cf 4b 00 8c 00 79 ff c0 01 06 f1 6b 30 d8 ef c9 91 57 97 a0 10 80 00 00 00 03 eb ff 80 00 00 45 0f e4 f2 06 10 50 03 fd fd c8 04 08 80",""
2112,9765,"PACKET","IN",207,35,"PlayerSync","id=207 bytes=35","cf 70 00 00 00 0a 98 6a 70 c3 f1 49 91 77 93 9f d0 83 6c 0a c4 00 53 a3 00 00 00 00 00 00 01 00 00 00 80",""
2113,9765,"RPC","IN",99,42,"MoveObject","id=99 bytes=42","a1 00 f8 e3 a1 c3 d7 9b 26 45 ed 5e 7b 42 f8 e3 a1 c3 d7 9b 26 45 53 c5 7d 42 00 00 80 3e 00 00 00 00 00 00 00 00 08 cc 84 43",""
2114,9765,"RPC","IN",122,2,"StopObject","id=122 bytes=2","a1 00",""
2115,9765,"RPC","IN",99,42,"MoveObject","id=99 bytes=42","a1 00 f8 e3 a1 c3 d7 9b 26 45 ed 5e 7b 42 f8 e3 a1 c3 d7 9b 26 45 ed 5e 7b 42 00 00 80 3e 00 00 00 00 00 00 00 00 08 cc 84 43",""
2116,9766,"RPC","IN",122,2,"StopObject","id=122 bytes=2","a1 00",""
2117,9766,"RPC","IN",99,42,"MoveObject","id=99 bytes=42","a1 00 f8 e3 a1 c3 d7 9b 26 45 ed 5e 7b 42 f8 e3 a1 c3 d7 9b 26 45 53 c5 7d 42 00 00 80 3e 00 00 00 00 00 00 00 00 08 cc 84 43",""
2118,9766,"RPC","IN",122,2,"StopObject","id=122 bytes=2","a1 00",""
2119,9766,"RPC","IN",99,42,"MoveObject","id=99 bytes=42","a1 00 f8 e3 a1 c3 d7 9b 26 45 ed 5e 7b 42 f8 e3 a1 c3 d7 9b 26 45 ed 5e 7b 42 00 00 80 3e 00 00 00 00 00 00 00 00 08 cc 84 43",""
2120,9766,"RPC","IN",122,2,"StopObject","id=122 bytes=2","a1 00",""
2121,9766,"RPC","IN",99,42,"MoveObject","id=99 bytes=42","a1 00 f8 e3 a1 c3 d7 9b 26 45 ed 5e 7b 42 f8 e3 a1 c3 d7 9b 26 45 53 c5 7d 42 00 00 80 3e 00 00 00 00 00 00 00 00 08 cc 84 43",""
2122,9766,"RPC","IN",122,2,"StopObject","id=122 bytes=2","a1 00",""
2123,9766,"RPC","IN",99,42,"MoveObject","id=99 bytes=42","a1 00 f8 e3 a1 c3 d7 9b 26 45 ed 5e 7b 42 f8 e3 a1 c3 d7 9b 26 45 ed 5e 7b 42 00 00 80 3e 00 00 00 00 00 00 00 00 08 cc 84 43",""
2124,9766,"RPC","IN",122,2,"StopObject","id=122 bytes=2","a1 00",""
2125,9766,"RPC","IN",99,42,"MoveObject","id=99 bytes=42","a1 00 f8 e3 a1 c3 d7 9b 26 45 ed 5e 7b 42 f8 e3 a1 c3 d7 9b 26 45 53 c5 7d 42 00 00 80 3e 00 00 00 00 00 00 00 00 08 cc 84 43",""
2126,9767,"RPC","IN",122,2,"StopObject","id=122 bytes=2","a1 00",""
2127,9767,"RPC","IN",99,42,"MoveObject","id=99 bytes=42","a1 00 f8 e3 a1 c3 d7 9b 26 45 ed 5e 7b 42 f8 e3 a1 c3 d7 9b 26 45 ed 5e 7b 42 00 00 80 3e 00 00 00 00 00 00 00 00 08 cc 84 43",""
2128,9767,"RPC","IN",122,2,"StopObject","id=122 bytes=2","a1 00",""
2129,9767,"RPC","IN",99,42,"MoveObject","id=99 bytes=42","a1 00 f8 e3 a1 c3 d7 9b 26 45 ed 5e 7b 42 f8 e3 a1 c3 d7 9b 26 45 53 c5 7d 42 00 00 80 3e 00 00 00 00 00 00 00 00 08 cc 84 43",""
2130,9767,"RPC","IN",122,2,"StopObject","id=122 bytes=2","a1 00",""
2131,9767,"RPC","IN",99,42,"MoveObject","id=99 bytes=42","a1 00 f8 e3 a1 c3 d7 9b 26 45 ed 5e 7b 42 f8 e3 a1 c3 d7 9b 26 45 ed 5e 7b 42 00 00 80 3e 00 00 00 00 00 00 00 00 08 cc 84 43",""
2132,9799,"PACKET","IN",207,45,"PlayerSync","id=207 bytes=45","cf 54 00 82 00 60 7f c2 00 24 8c e9 b0 f1 ea 09 91 6a dd 9f 50 80 00 00 00 02 97 3e c0 00 00 3e 87 80 f5 db e6 81 5f fd fd a5 04 04 80",""
2133,9799,"PACKET","IN",207,41,"PlayerSync","id=207 bytes=41","cf 63 00 00 00 36 36 22 f0 d0 70 c9 91 46 b5 60 50 80 00 00 00 03 1b 4f 80 00 02 01 8f 84 f3 97 f3 fd 8f fd fd a5 04 04 80",""
2134,9800,"PACKET","IN",200,44,"VehicleSync","id=200 bytes=44","c8 92 00 2a 00 7c 00 11 00 20 00 20 30 76 20 68 7e 03 5d ab 1c 37 eb 92 94 54 26 97 e4 2f eb 5c 83 cc 62 dd 9e 10 b7 9c e0 39 00 00",""
2135,9800,"PACKET","IN",207,35,"PlayerSync","id=207 bytes=35","cf 49 00 00 00 05 d5 25 b0 dd 8f 09 d1 6c 24 9f 10 80 00 00 00 01 eb 77 c0 00 00 00 00 00 01 28 00 04 11",""
2136,9800,"PACKET","IN",207,45,"PlayerSync","id=207 bytes=45","cf 4b 00 8c 00 79 ff c0 01 00 b1 6b 30 f6 af 89 91 51 d7 e0 10 80 00 00 00 03 e3 ff 80 00 02 b8 ff e4 f3 86 08 20 03 fd fd c8 04 08 80",""
2137,9800,"PACKET","IN",207,45,"PlayerSync","id=207 bytes=45","cf 4b 00 8b 00 7a 3f c0 01 37 31 2b 30 cc 2f 89 91 59 98 20 10 80 00 00 00 03 9f ff 80 00 01 e6 c3 dc f2 5e 0c 30 03 fd fd c8 04 08 80",""
2138,9800,"PACKET","IN",207,45,"PlayerSync","id=207 bytes=45","cf 54 00 81 80 60 7f c2 00 07 42 29 b0 fe 29 89 91 51 19 5f 50 80 00 00 00 00 f7 3e c0 00 01 91 4b e4 f5 87 e5 85 5f fd fd a5 04 04 80",""
2139,9800,"PACKET","IN",207,35,"PlayerSync","id=207 bytes=35","cf 60 00 00 00 25 ca e3 30 e5 e0 49 91 6f df 1e 90 84 00 00 00 00 ae f9 c0 00 00 00 00 00 01 28 00 04 11",""
2140,9800,"PACKET","IN",207,45,"PlayerSync","id=207 bytes=45","cf 9e 00 f3 7f e0 ff c0 00 3c 7e 2a 30 e7 06 49 d1 64 dc 1f 50 80 00 00 00 00 b3 e6 40 00 02 89 97 e8 f6 32 d8 d0 33 fd fd a5 04 04 80",""
2141,9832,"PACKET","IN",207,35,"PlayerSync","id=207 bytes=35","cf 1f 00 00 00 20 66 e8 30 c3 bc c9 91 7b 67 1f 10 84 00 00 00 00 97 53 00 00 00 00 00 00 01 28 00 04 11",""
2142,9832,"PACKET","IN",207,45,"PlayerSync","id=207 bytes=45","cf 54 00 81 00 60 7f c2 00 37 3e 29 70 d6 29 89 91 47 d7 df 50 80 00 00 00 02 e3 3a c0 00 03 ee bf fc f6 a7 e4 e9 63 fd fd a5 04 04 80",""
2143,9832,"PACKET","IN",207,35,"PlayerSync","id=207 bytes=35","cf 70 00 00 00 29 18 aa 70 f5 f1 09 91 7b dc 5f d0 82 58 0f 78 00 4b a3 00 00 00 00 00 00 01 00 00 00 80",""
2144,9832,"PACKET","IN",203,34,"AimSync","id=203 bytes=34","cb 70 00 04 3d ff 49 3f 31 f8 08 3f 8c 90 9a be e6 b7 aa c3 f8 a7 26 45 f3 ee 82 42 00 00 00 00 3f c6",""
2145,9833,"PACKET","IN",207,35,"PlayerSync","id=207 bytes=35","cf 29 00 00 00 2e 09 a5 b0 d1 c9 c9 d1 6c 24 9f 10 80 00 00 00 01 7d 63 c0 00 00 00 00 00 01 28 00 04 11",""
2146,9833,"PACKET","IN",207,35,"PlayerSync","id=207 bytes=35","cf 3d 00 00 00 39 94 e5 b0 e4 03 c9 d1 6c 24 9f 10 80 00 00 00 02 af cd c0 00 00 00 00 00 01 a5 04 e8 80",""
2147,9833,"PACKET","IN",203,34,"AimSync","id=203 bytes=34","cb 3d 00 04 21 47 0d bf d2 d8 46 bf a7 63 9b be dc e6 95 c3 bf 22 27 45 64 6c 80 42 00 00 00 00 3f 36",""
2148,9833,"PACKET","IN",207,35,"PlayerSync","id=207 bytes=35","cf 46 00 02 00 04 95 e5 70 ce d4 09 91 63 ac de d0 80 00 00 00 02 f6 a7 c0 00 00 00 00 00 01 a5 04 08 80",""
2149,9833,"PACKET","IN",207,45,"PlayerSync","id=207 bytes=45","cf 4b 00 8a 80 7a 7f c0 01 2a 31 2b 30 ee 2f 49 91 4a 98 60 10 80 00 00 00 03 97 ff 80 00 01 35 f3 d0 f3 86 18 bc 03 fd fd c8 04 08 80",""
2150,9833,"PACKET","IN",203,34,"AimSync","id=203 bytes=34","cb 4b 00 04 ac 88 2b 3f 42 a4 27 bf c3 fa b2 be d2 f0 ad c3 66 e2 26 45 cf 06 84 42 00 00 00 00 3f 36",""
2151,9833,"PACKET","IN",207,35,"PlayerSync","id=207 bytes=35","cf 4d 00 00 00 02 00 23 30 e6 e4 09 91 70 1e 9e 90 84 00 00 00 03 da d0 80 00 00 00 00 00 01 28 00 04 11",""
2152,9833,"PACKET","IN",200,48,"VehicleSync","id=200 bytes=48","c8 76 00 30 00 00 00 00 00 08 00 76 00 16 10 1b 4b 50 39 a6 0c 38 57 b2 44 5f 00 67 94 24 ce 3a 03 e0 20 00 07 fb 57 e6 40 3d 00 03 e0 0c f2 84",""
2153,9834,"PACKET","IN",200,44,"VehicleSync","id=200 bytes=44","c8 92 00 2a 00 7c 00 11 00 20 00 22 30 77 c0 60 ce 0c cd fb 1c 35 5b a2 94 53 f5 d7 e4 22 35 20 13 d7 f3 05 8e 1c 66 7c e0 39 00 00",""
2154,9834,"PACKET","IN",207,45,"PlayerSync","id=207 bytes=45","cf 9e 00 f2 ff e1 3f c0 00 2a fb 6a 30 f2 45 89 d1 51 1d 1f 50 80 00 00 00 01 97 e2 40 00 01 ff 77 c8 f4 8e e5 d8 37 fd fd a5 04 04 80",""
2155,9865,"PACKET","IN",207,45,"PlayerSync","id=207 bytes=45","cf 4b 00 8a 80 7a bf c0 01 18 f1 2b 30 c7 ef 49 91 48 d8 a0 10 80 00 00 00 03 d7 ff 80 00 02 f1 73 e0 f0 8a 1c c8 03 fd fd c8 04 08 80",""
2156,9865,"PACKET","IN",207,45,"PlayerSync","id=207 bytes=45","cf 54 00 80 80 60 7f c2 00 00 36 e9 70 c9 a9 49 91 40 14 df 50 80 00 00 00 01 17 3a c0 00 02 ab 64 00 fb 93 e7 c5 63 fd fd a5 04 04 80",""
2157,9866,"PACKET","IN",203,34,"AimSync","id=203 bytes=34","cb 54 00 04 2f df 6d 3f e0 b0 90 be 62 f0 73 be 95 8c a7 c3 ab b5 26 45 a6 8a 81 42 00 00 00 00 3f 36",""
2158,9866,"PACKET","IN",207,35,"PlayerSync","id=207 bytes=35","cf 63 00 00 00 21 b4 a2 f0 f7 b0 89 91 46 b5 60 50 80 00 00 00 01 7f 8f 80 00 00 00 00 00 01 a5 04 04 80",""
2159,9866,"PACKET","IN",207,35,"PlayerSync","id=207 bytes=35","cf 97 00 00 00 09 a6 25 b0 d5 fd 09 91 6c 24 9f 10 84 00 00 00 00 3b eb e8 00 00 00 00 00 01 28 00 04 11",""
2160,9866,"PACKET","IN",207,45,"PlayerSync","id=207 bytes=45","cf 4b 00 8a 80 7a bf c0 01 10 31 2b 30 e8 ef 09 91 7c 98 a0 10 80 00 00 00 03 d7 ff 80 00 03 9d 0b e4 f1 c6 10 4c 03 fd fd c8 04 08 80",""
2161,9867,"PACKET","IN",200,44,"VehicleSync","id=200 bytes=44","c8 92 00 2a 00 7c 00 11 00 00 00 22 d0 76 10 66 5d f0 7e 7b 1c 36 3b b2 94 56 a4 f7 e4 21 c1 71 03 d3 32 c1 7d f2 46 ec e0 39 00 00",""
2162,9867,"PACKET","IN",203,34,"AimSync","id=203 bytes=34","cb 92 00 12 1c e9 54 3f 1e b5 01 bf 50 96 68 be 87 a6 b5 c3 74 04 2a 45 ac 4b 87 42 00 00 00 00 3f 37",""
2163,9898,"PACKET","IN",207,35,"PlayerSync","id=207 bytes=35","cf 70 00 00 00 06 d9 2a 70 e7 f1 09 91 47 25 5f d0 81 40 10 2c 04 3b a3 00 00 00 00 00 00 01 00 00 00 80",""
2164,9899,"PACKET","IN",207,35,"PlayerSync","id=207 bytes=35","cf 7c 00 00 00 03 66 28 30 f1 c4 49 d1 7b 67 1f 10 84 00 00 00 01 fe 49 80 00 00 00 00 00 01 28 00 04 11",""
2165,9899,"PACKET","IN",207,45,"PlayerSync","id=207 bytes=45","cf 4b 00 8a 80 7a ff c0 01 07 f1 2b 30 cb 2f 09 91 6e 98 e0 10 80 00 00 00 03 f7 ff 80 00 02 e9 0b e4 f1 aa 10 4c 03 fd fd c8 04 08 80",""
2166,9899,"PACKET","IN",207,43,"PlayerSync","id=207 bytes=43","cf 54 00 60 3f c2 00 10 af 29 70 fc 68 c9 91 5b 91 9f 50 80 00 00 00 03 37 36 c0 00 03 62 cf ec f4 83 ea b9 67 fd fd a5 04 04 80",""
2167,9900,"PACKET","IN",200,48,"VehicleSync","id=200 bytes=48","c8 76 00 30 00 00 00 00 00 08 00 75 30 14 70 1b 4b 52 da a6 1c 36 47 b2 44 56 5f b7 84 23 81 9a 83 e0 20 00 17 f9 c7 e6 40 3d 00 02 cb f6 f0 84",""
2168,9900,"PACKET","IN",207,37,"PlayerSync","id=207 bytes=37","cf 63 00 60 3f c0 00 21 b4 a2 f0 f7 b0 89 91 46 b5 60 50 80 00 00 00 00 fb af 80 00 00 00 00 00 01 c8 04 04 80",""
2169,9900,"PACKET","IN",207,45,"PlayerSync","id=207 bytes=45","cf 9e 00 f2 ff e1 3f c0 00 15 b5 6a 30 d5 84 49 d1 7e 9e 5f 50 80 00 00 00 03 7b d2 40 00 03 1f 27 88 f7 33 02 74 47 fd fd a5 04 04 80",""
2170,9932,"RPC","IN",137,15,"ServerJoin","id=137 bytes=15","02 00 00 00 00 00 00 07 46 61 71 69 68 68 68",""
2171,9932,"RPC","IN",72,6,"SetPlayerColor","id=72 bytes=6","02 00 ff 83 7f 7f",""
2172,9933,"PACKET","IN",207,45,"PlayerSync","id=207 bytes=45","cf 4b 00 89 80 7b 3f c0 01 03 f1 2b 30 eb 2e c9 91 65 99 20 10 80 00 00 00 03 c3 ff 80 00 00 64 fb e4 f3 f2 04 0c 03 fd fd c8 04 08 80",""
2173,9933,"PACKET","IN",200,44,"VehicleSync","id=200 bytes=44","c8 92 00 2a 00 7c 00 11 00 00 00 21 c0 7c c0 5c 5d e9 1e cb 1c 31 eb c2 94 5f c4 77 e4 2e e3 fc e3 cc 62 9f dd d4 b7 5c e0 39 00 00",""
2174,9933,"RPC","IN",137,14,"ServerJoin","id=137 bytes=14","19 00 00 00 00 00 00 06 5a 69 78 69 6e 65",""
2175,9933,"RPC","IN",72,6,"SetPlayerColor","id=72 bytes=6","19 00 ff 83 7f 7f",""
2176,9933,"PACKET","IN",207,45,"PlayerSync","id=207 bytes=45","cf 4b 00 89 80 7b 3f c0 01 3b 30 eb 30 d1 2e c9 91 50 99 60 10 80 00 00 00 03 bb ff 80 00 03 69 13 e4 f1 c2 14 74 03 fd fd c8 04 08 80",""
2177,9933,"PACKET","IN",207,43,"PlayerSync","id=207 bytes=43","cf 54 00 60 7f c2 00 1e e8 29 70 f8 68 89 91 7f 0e 9f 50 80 00 00 00 03 a3 36 c0 00 02 55 3b cc f5 77 e9 cd 6b fd fd a5 04 04 80",""
2178,9933,"PACKET","IN",207,35,"PlayerSync","id=207 bytes=35","cf 7e 00 00 00 11 42 a6 f0 c0 4b 89 d1 7b 67 1f 10 84 00 00 00 00 c6 1b 94 00 00 00 00 00 01 28 00 04 11",""
2179,9934,"PACKET","OUT",205,9,"UNKNOWN_PACKET","id=205 bytes=9","cd b8 4a 04 00 00 00 00 00",""
2180,9965,"PACKET","IN",207,45,"PlayerSync","id=207 bytes=45","cf 4b 00 89 80 7b 3f c0 01 31 70 eb 30 f5 ee 89 91 7d 99 60 10 80 00 00 00 03 bb ff 80 00 00 21 17 e4 f2 de 14 80 03 fd fd c8 04 08 80",""
2181,9965,"PACKET","IN",207,45,"PlayerSync","id=207 bytes=45","cf 54 00 ff ff e0 7f c2 00 31 a4 a9 70 d6 a8 89 91 6b 0d 5f 50 80 00 00 00 01 5f 36 c0 00 00 75 d7 b4 f5 5f e9 81 6b fd fd a5 04 04 80",""
2182,9966,"PACKET","IN",200,44,"VehicleSync","id=200 bytes=44","c8 92 00 2a 00 7b 00 11 00 00 00 20 b0 74 60 56 ad e8 8e fb 1c 38 3b c2 94 5d c4 67 e4 29 42 e9 c3 c9 62 96 cd e3 f8 0c e0 39 00 00",""
2183,9966,"PACKET","IN",207,35,"PlayerSync","id=207 bytes=35","cf 70 00 00 00 3d 99 6a 70 d6 71 09 91 50 b0 9f d0 80 e8 15 0c 04 27 a3 00 00 00 00 00 00 01 00 00 00 80",""
2184,9966,"PACKET","IN",207,45,"PlayerSync","id=207 bytes=45","cf 4b 00 8a 00 7b 7f c0 01 25 f0 eb 30 d6 2e 89 91 72 19 a0 10 84 00 00 00 03 fb ff 80 00 01 e5 17 e4 f3 3a 14 84 03 fd fd c8 04 08 80",""
2185,9966,"PACKET","IN",207,45,"PlayerSync","id=207 bytes=45","cf 9e 00 f2 ff e1 3f c0 00 31 2d ea 30 cf c3 09 d1 64 9e df 50 80 00 00 00 01 43 ba 40 00 01 6f 87 54 f4 03 3d 28 6f fd fd a5 04 04 80",""
2186,9999,"PACKET","IN",207,45,"PlayerSync","id=207 bytes=45","cf 4b 00 89 00 7b 7f c0 01 26 30 eb 30 f3 2e 49 91 6f 99 e0 10 80 00 00 00 03 9f ff 80 00 03 cc e7 e4 f3 5d fc 00 03 fd fd c8 04 08 80",""
2187,9999,"PACKET","IN",207,43,"PlayerSync","id=207 bytes=43","cf 63 00 60 3f c0 00 2d 72 a2 f0 d6 b0 49 91 46 b5 60 50 80 00 00 00 03 47 f7 80 00 00 c4 cc 3c f7 92 c2 d0 27 fd fd c8 04 04 80",""
2188,10000,"PACKET","IN",200,48,"VehicleSync","id=200 bytes=48","c8 76 00 30 00 00 00 00 00 08 00 75 20 14 d0 1b 5b 53 a0 e6 3c 33 77 b2 44 50 9e c7 84 2a f1 2b 13 e0 20 00 47 fa 27 e6 40 3d 00 02 13 d8 f0 84",""
2189,10000,"PACKET","IN",203,34,"AimSync","id=203 bytes=34","cb 76 00 12 3e e6 7d bf 16 34 46 bc c2 52 02 be 0e 3f 5d c3 4b 7c 24 45 6b eb 7d 42 00 00 00 00 3f ff",""
2190,10000,"PACKET","IN",200,44,"VehicleSync","id=200 bytes=44","c8 92 00 2a 00 7b 00 11 00 00 00 20 70 79 e0 40 6d e8 4f 2b 1c 3e bb c2 94 59 84 a7 e4 2d 38 b2 c3 c1 42 d0 1d ee 59 9c e0 39 00 00",""
2191,10032,"PACKET","IN",207,45,"PlayerSync","id=207 bytes=45","cf 9e 00 f3 ff e0 ff c0 00 1a 69 aa 30 fa 02 49 d1 50 9e 9f 50 80 00 00 00 00 2b ae 40 00 01 79 63 54 f4 23 5c 94 8b fd fd a5 04 04 80",""
2192,10033,"PACKET","IN",207,35,"PlayerSync","id=207 bytes=35","cf 94 00 00 00 10 3e 66 b0 ef 39 c9 91 7b 67 1f 10 84 00 00 00 02 9a 53 c0 00 00 00 00 00 01 28 00 04 11",""
2193,10033,"PACKET","IN",207,45,"PlayerSync","id=207 bytes=45","cf 54 00 ff ff e0 7f c2 00 25 d6 e9 70 d2 68 09 91 78 0a df 50 80 00 00 00 01 9b 36 c0 00 01 42 33 9c f6 5f e8 c5 6f fd fd a5 04 04 80",""
2194,10033,"PACKET","IN",207,41,"PlayerSync","id=207 bytes=41","cf 63 00 00 00 31 f2 22 f0 c5 30 09 91 46 b5 60 50 84 00 00 00 03 c7 ff 80 00 00 04 00 40 f5 ca 32 6c 03 fd fd a5 04 04 80",""
2195,10033,"PACKET","IN",207,35,"PlayerSync","id=207 bytes=35","cf 70 00 00 00 25 19 ea 70 c6 f1 09 91 65 f3 df d0 80 1c 19 d4 04 13 a3 00 00 00 00 00 00 01 00 00 00 80",""
2196,10033,"PACKET","IN",200,44,"VehicleSync","id=200 bytes=44","c8 92 00 2a 00 7b 00 11 00 08 00 21 40 75 90 4e 3d d2 0f 3b 1c 30 5b d2 94 56 24 e7 e4 2a 43 42 83 be 87 79 cc 67 3e ac e0 39 00 00",""
2197,10069,"PACKET","IN",207,45,"PlayerSync","id=207 bytes=45","cf 4b 00 89 00 7b bf c0 01 12 b0 eb 30 c5 6e 49 91 7a 1a 20 10 80 00 00 00 03 cf ff 80 00 01 a9 1f e4 f3 62 18 b8 03 fd fd c8 04 08 80",""
2198,10070,"PACKET","IN",207,35,"PlayerSync","id=207 bytes=35","cf 46 00 02 00 04 95 e5 70 ce d4 09 91 63 2c de d0 80 00 00 00 02 f6 a7 c0 00 00 00 00 00 01 a5 04 08 80",""
2199,10070,"PACKET","IN",203,34,"AimSync","id=203 bytes=34","cb 46 00 04 9c fd 22 3f 82 fb 35 3f a1 00 99 be 30 0c 97 c3 39 13 26 45 a3 41 82 42 00 00 00 00 23 37",""
2200,10070,"PACKET","IN",200,48,"VehicleSync","id=200 bytes=48","c8 76 00 30 00 00 00 00 00 08 00 74 70 15 90 1b 5b 5d e8 56 4c 30 a7 b2 44 54 ad c7 84 2a b0 db a3 e0 20 00 57 fa a7 e6 40 3d 00 02 95 b8 f0 84",""
2201,10071,"PACKET","IN",207,45,"PlayerSync","id=207 bytes=45","cf 9e 00 f4 ff e0 ff c0 00 3d e4 6a 30 df c1 c9 d1 60 1d df 50 80 00 00 00 03 5f a2 40 00 00 93 3f 74 f4 8b 74 c8 a3 fd fd a5 04 04 80",""
2202,10071,"PACKET","IN",207,45,"PlayerSync","id=207 bytes=45","cf 54 00 ff 7f e0 7f c2 00 1e 50 29 70 d1 67 c9 91 44 09 df 50 80 00 00 00 03 2f 32 c0 00 02 b8 cf a8 f6 5f e8 c5 6f fd fd a5 04 04 80",""
2203,10071,"PACKET","IN",200,44,"VehicleSync","id=200 bytes=44","c8 92 00 2a 00 7b 00 11 00 08 00 22 20 72 80 4e 4d dd 9f 1b 1c 3e 5b c2 94 58 d5 07 e4 2d e3 f3 13 c7 5e 12 d2 ec 98 dc e0 39 00 00",""
2204,10071,"PACKET","IN",207,35,"PlayerSync","id=207 bytes=35","cf 9a 00 00 00 05 5a 28 30 df c8 49 d1 7b 67 1f 10 84 00 00 00 01 79 f3 c0 00 00 00 00 00 01 28 00 04 11",""
2205,10097,"PACKET","IN",207,35,"PlayerSync","id=207 bytes=35","cf 85 00 00 00 2b 0b 62 b0 d7 e8 c9 91 50 59 de 90 84 00 00 00 03 a8 31 80 00 00 00 00 00 01 28 00 04 11",""
2206,10097,"PACKET","IN",203,34,"AimSync","id=203 bytes=34","cb 85 00 04 45 97 95 bd 2c 65 77 3f 51 69 7c be 8c 19 8a c3 14 82 26 45 29 ed 7e 42 00 00 00 00 3f c6",""
2207,10098,"PACKET","IN",207,45,"PlayerSync","id=207 bytes=45","cf 9e 00 f6 7f e0 bf c0 00 07 5f ea 30 dd 41 49 d1 54 9d 1f 50 80 00 00 00 03 97 96 40 00 00 4f 4f 74 f7 0f 80 d8 b3 fd fd a5 04 04 80",""
2208,10098,"PACKET","IN",207,45,"PlayerSync","id=207 bytes=45","cf 4b 00 89 00 7b bf c0 01 36 30 ab 30 e7 ed c9 91 56 1a e0 10 80 00 00 00 03 a3 ff 80 00 02 75 0f e4 f3 7a 10 5c 03 fd fd c8 04 08 80",""
2209,10098,"PACKET","OUT",203,32,"AimSync","id=203 bytes=32","cb 04 85 a2 53 3f 9c 86 a2 3e 57 d9 ed be 9b a6 8e c3 ac 77 26 45 58 e8 80 42 00 00 00 00 3f c6",""
2210,10133,"PACKET","IN",207,45,"PlayerSync","id=207 bytes=45","cf 4b 00 89 00 7c 3f c0 01 26 b0 ab 30 c2 ed c9 91 52 9b 20 10 80 00 00 00 03 f7 ff 80 00 00 31 1f e4 f2 d6 18 b4 03 fd fd c8 04 08 80",""
2211,10134,"PACKET","IN",207,41,"PlayerSync","id=207 bytes=41","cf 63 00 00 00 31 32 e2 f0 c7 6f 89 91 46 b5 60 50 84 00 00 00 01 7f f7 80 00 03 a5 d3 c0 f3 41 6c e0 17 fd fd a5 04 04 80",""
2212,10134,"PACKET","IN",207,35,"PlayerSync","id=207 bytes=35","cf 70 00 00 00 0d 5a 6a 70 f7 70 c9 91 56 34 5f d0 83 54 1a 9c 07 ff 9f 00 00 00 00 00 00 01 00 00 00 80",""
2213,10134,"PACKET","IN",200,44,"VehicleSync","id=200 bytes=44","c8 92 00 2a 00 7b 00 11 00 08 00 23 b0 70 a0 43 4d e9 5e cb 1c 34 eb c2 94 59 f5 27 e4 22 0a 4e 23 c7 ed cf 52 7c 98 8c e0 39 00 00",""
2214,10134,"PACKET","IN",207,35,"PlayerSync","id=207 bytes=35","cf 1c 00 00 00 2d 02 a6 f0 e0 10 09 d1 7b 67 1f 10 84 00 00 00 00 15 5f 00 00 00 00 00 00 01 28 00 04 11",""
2215,10134,"PACKET","IN",207,45,"PlayerSync","id=207 bytes=45","cf 9e 00 f7 7f e0 bf c0 00 33 1a aa 30 df 40 c9 d1 46 1c 1f 50 80 00 00 00 03 df 8e 40 00 01 2c 23 68 f4 87 96 28 c7 fd fd a5 04 04 80",""
2216,10134,"PACKET","IN",207,45,"PlayerSync","id=207 bytes=45","cf 4b 00 87 80 7d 7f c0 01 22 b0 ab 30 d7 ed 89 91 5d 1b 60 10 84 00 00 00 03 bb ff 80 00 00 a8 f7 e4 f1 f2 04 08 03 fd fd c8 04 08 80",""
2217,10135,"PACKET","IN",207,35,"PlayerSync","id=207 bytes=35","cf 53 00 00 00 1d d4 e5 b0 ff cc 49 d1 6c e4 9f 10 80 00 00 00 03 52 2a c0 00 00 00 00 00 01 a5 04 04 80",""
2218,10135,"PACKET","IN",207,45,"PlayerSync","id=207 bytes=45","cf 54 00 ff 7f e0 7f c2 00 08 c1 29 70 c4 a7 49 91 48 07 1f 50 80 00 00 00 03 03 32 c0 00 01 97 bf f0 f7 8f e8 c9 73 fd fd a5 04 04 80",""
2219,10135,"PACKET","IN",200,48,"VehicleSync","id=200 bytes=48","c8 76 00 30 00 00 00 00 00 08 00 73 f0 16 30 1b 4b 56 d1 16 6c 3d 97 a2 44 5c 8c b7 84 21 30 ac 33 e0 20 00 57 fa 87 e6 40 3d 00 03 91 96 f0 84",""
2220,10165,"PACKET","IN",207,35,"PlayerSync","id=207 bytes=35","cf 0b 00 00 00 1a fc 26 b0 c0 43 09 d1 7b 67 1f 10 84 00 00 00 03 32 4b c0 00 00 00 00 00 01 28 00 04 11",""
2221,10166,"PACKET","IN",203,34,"AimSync","id=203 bytes=34","cb 0b 00 04 4f df c4 bd 8e 8d 78 bf 92 90 60 be 67 cc 9a c3 7a 39 27 45 65 ca 80 42 00 00 00 00 3f 36",""
2222,10166,"RPC","IN",105,19,"TextDrawSetString","id=105 bytes=19","2f 01 0f 00 30 39 20 41 67 75 73 74 75 73 20 32 30 32 36",""
2223,10166,"RPC","IN",105,12,"TextDrawSetString","id=105 bytes=12","30 01 08 00 31 31 3a 35 36 3a 30 35",""
2224,10166,"PACKET","IN",207,45,"PlayerSync","id=207 bytes=45","cf 4b 00 86 80 7d ff c0 01 31 b0 ab 30 ee 6d 49 91 6a 1b a0 10 84 00 00 00 03 d7 ff 80 00 02 34 bb e4 f0 d5 e8 84 03 fd fd c8 04 08 80",""
2225,10166,"PACKET","IN",207,45,"PlayerSync","id=207 bytes=45","cf 54 00 ff 7f e0 7f c0 00 22 bd 69 30 e2 a7 09 91 5e 46 5f 50 80 00 00 00 02 df 32 c0 00 00 f6 e3 f0 f7 97 e8 ed 73 fd fd a5 04 04 80",""
2226,10166,"PACKET","IN",207,43,"PlayerSync","id=207 bytes=43","cf 63 00 60 3f c0 00 1d f3 a2 f0 fe 2f 09 91 46 b5 60 50 84 00 00 00 00 5b eb 80 00 00 f3 6a 80 f3 41 6c e0 17 fd fd c8 04 04 80",""
2227,10166,"PACKET","IN",200,44,"VehicleSync","id=200 bytes=44","c8 92 00 2a 00 7b 00 11 00 08 00 25 30 70 30 4d 7d ee ce 4b 1c 36 3b b2 94 53 b5 c7 e4 2b 56 62 f3 d7 8d ab a2 61 f8 fc e0 39 00 00",""
2228,10166,"PACKET","IN",207,45,"PlayerSync","id=207 bytes=45","cf 9e 00 f9 7f e0 7f c0 00 3f 15 6a 30 e6 c0 49 d1 53 5a df 50 80 00 00 00 02 cb 8e 40 00 03 22 ef 6c f6 df 9f f4 d3 fd fd a5 04 04 80",""
2229,10199,"PACKET","IN",207,35,"PlayerSync","id=207 bytes=35","cf 70 00 00 00 02 5a ea 70 e5 f0 c9 91 53 f4 df d0 82 f0 1f 7c 07 e3 9f 00 00 00 00 00 00 01 00 00 00 80",""
2230,10199,"PACKET","IN",200,48,"VehicleSync","id=200 bytes=48","c8 76 00 30 00 00 00 00 00 08 00 73 f0 16 40 1b 4b 58 95 a6 7c 3b 17 a2 44 5f 0b d7 84 27 c3 1c a3 e0 20 00 37 fa 67 e6 40 3d 00 03 e1 7a f0 84",""
2231,10199,"PACKET","IN",207,35,"PlayerSync","id=207 bytes=35","cf 1a 00 00 00 37 65 23 70 da 69 09 91 4b 21 de 90 80 00 00 00 00 b3 19 80 00 00 00 00 00 01 28 00 04 11",""
2232,10200,"PACKET","IN",203,34,"AimSync","id=203 bytes=34","cb 1a 00 04 7f 46 7a 3f cb 6d 02 3e 31 59 2b be 7d 9e 8e c3 16 a0 26 45 4b 59 7e 42 00 00 00 00 3f 36",""
2233,10200,"PACKET","IN",207,45,"PlayerSync","id=207 bytes=45","cf 9e 00 fa 7f e0 7f c0 00 3f 90 6a 30 f4 7f c9 91 68 59 9f 50 80 00 00 00 00 33 8e 40 00 02 e1 3f 58 f4 43 a1 e0 d7 fd fd a5 04 04 80",""
2234,10228,"PACKET","OUT",203,32,"AimSync","id=203 bytes=32","cb 00 00 00 39 05 00 00 00 00 00 00 00 00 00 00 00 40 01 00 00 00 80 3f 00 00 f3 04 b5 3f 39 05",""
2235,10236,"PACKET","IN",200,44,"VehicleSync","id=200 bytes=44","c8 92 00 2a 00 7b 00 11 00 08 00 26 60 7f b0 32 9e 0b 0d 5b 1c 38 2b 92 94 5c 36 b7 e4 2a 18 f7 d3 da 8d 92 42 57 48 9c e0 39 00 00",""
2236,10237,"PACKET","IN",207,45,"PlayerSync","id=207 bytes=45","cf 4b 00 86 00 7e bf c0 01 3b f0 ab 30 c8 2d 49 91 70 1b e0 10 84 00 00 00 02 1f ff 80 00 03 20 c7 e4 f2 c9 ec 48 03 fd fd c8 04 08 80",""
2237,10237,"RPC","IN",137,14,"ServerJoin","id=137 bytes=14","26 00 00 00 00 00 00 06 73 61 74 78 63 76",""
2238,10237,"RPC","IN",72,6,"SetPlayerColor","id=72 bytes=6","26 00 ff 83 7f 7f",""
2239,10237,"PACKET","IN",207,45,"PlayerSync","id=207 bytes=45","cf 9e 00 fa ff e0 7f c0 00 3e cb aa 30 c9 ff 89 91 43 98 9f 50 80 00 00 00 01 63 8a 40 00 00 c0 cf 2c f7 83 a2 7c db fd fd a5 04 04 80",""
2240,10267,"PACKET","IN",207,35,"PlayerSync","id=207 bytes=35","cf 3d 00 00 00 39 94 e5 b0 e4 03 c9 d1 6c 24 9f 10 80 00 00 00 02 af cd c0 00 00 00 00 00 01 a5 04 e8 80",""
2241,10267,"PACKET","IN",207,45,"PlayerSync","id=207 bytes=45","cf 4b 00 85 00 7f 3f c0 01 01 31 2b 30 c0 ed 09 91 41 1c a0 10 84 00 00 00 01 07 ff 80 00 00 c4 6f e4 f2 3d c3 bc 03 fd fd c8 04 08 80",""
2242,10267,"PACKET","IN",207,43,"PlayerSync","id=207 bytes=43","cf 63 00 60 3f c0 00 26 75 a2 f0 c6 ae c9 91 46 b5 60 50 84 00 00 00 02 03 db 80 00 01 89 98 18 f6 c4 fb a4 47 fd fd e9 04 04 80",""
2243,10267,"PACKET","IN",200,44,"VehicleSync","id=200 bytes=44","c8 92 00 2a 00 7b 00 11 00 08 00 26 c0 70 70 47 1e 14 1c 7b 1c 3b 3b 72 94 57 17 27 e4 25 9d b9 83 db dd 8d 02 33 58 3c e0 39 00 00",""
2244,10267,"PACKET","IN",207,35,"PlayerSync","id=207 bytes=35","cf 70 00 00 00 36 db 2a 70 d4 b0 c9 91 51 75 5f d0 82 8c 20 58 0b c3 9f 00 00 00 00 00 00 01 00 00 00 80",""
2245,10299,"PACKET","IN",207,43,"PlayerSync","id=207 bytes=43","cf 4b 00 83 80 00 01 3b f1 6b 30 ed ac 89 91 76 9d 20 10 84 00 00 00 01 4b ef 80 00 02 60 37 d8 f1 e5 93 f8 0b fd fd c8 04 08 80",""
2246,10299,"PACKET","IN",200,48,"VehicleSync","id=200 bytes=48","c8 76 00 30 00 00 00 00 00 08 00 74 b0 15 f0 1b 3b 57 40 66 9c 37 c7 a2 44 50 4a c7 84 29 01 bd 33 e0 20 00 27 fa a7 e6 40 3d 00 02 09 58 f0 84",""
2247,10299,"PACKET","IN",207,45,"PlayerSync","id=207 bytes=45","cf 9e 00 fc 7f e0 7f c0 00 0b c5 aa 30 c2 bf 09 91 79 16 df 50 80 00 00 00 03 73 8a 40 00 00 d7 c3 10 f6 ef a7 74 df fd fd a5 04 04 80",""
2248,10299,"RPC","IN",87,2,"ClearPlayerAnimation","id=87 bytes=2","60 00",""
2249,10300,"RPC","IN",86,29,"ApplyPlayerAnimation","id=86 bytes=29","60 00 05 43 41 52 52 59 0b 63 72 72 79 5f 70 72 74 69 61 6c 33 33 83 40 00 00 00 00 00",""
2250,10300,"PACKET","IN",207,35,"PlayerSync","id=207 bytes=35","cf 46 00 02 00 04 95 e5 70 ce d4 09 91 63 ac de d0 80 00 00 00 02 f6 a7 c0 00 00 00 00 00 01 a5 04 08 80",""
2251,10300,"PACKET","IN",207,35,"PlayerSync","id=207 bytes=35","cf 49 00 00 00 05 d5 25 b0 dd 8f 09 d1 6c 24 9f 10 80 00 00 00 01 eb 77 c0 00 00 00 00 00 01 28 00 04 11",""
2252,10300,"PACKET","IN",207,35,"PlayerSync","id=207 bytes=35","cf 51 00 00 00 30 e3 68 30 f6 0c 09 d1 7b 67 1f 10 84 00 00 00 02 e7 67 c0 00 00 00 00 00 01 a5 04 e8 80",""
2253,10300,"PACKET","IN",207,41,"PlayerSync","id=207 bytes=41","cf 54 00 00 00 18 9e a9 30 c4 a6 09 91 44 c0 df 50 80 00 00 00 02 bf 32 c0 00 02 90 3c 90 fb b7 e9 55 73 fd fd a5 04 04 80",""
2254,10300,"PACKET","IN",200,44,"VehicleSync","id=200 bytes=44","c8 92 00 2a 00 7b 00 11 00 08 00 26 a0 71 e0 4f 5e 2b db 5b 1c 37 0b 52 94 54 07 17 e4 22 48 8b 33 d7 ed 79 b2 28 87 dc e0 39 00 00",""
2255,10332,"PACKET","IN",207,35,"PlayerSync","id=207 bytes=35","cf 60 00 00 00 25 ca e3 30 e5 e0 49 91 6f df 1e 90 84 00 00 00 00 ae f9 c0 00 00 00 00 00 01 28 00 04 11",""
2256,10332,"PACKET","IN",207,35,"PlayerSync","id=207 bytes=35","cf 1f 00 00 00 20 66 e8 30 c3 bc c9 91 7b 67 1f 10 84 00 00 00 00 97 53 00 00 00 00 00 00 01 28 00 04 11",""
2257,10333,"PACKET","IN",207,35,"PlayerSync","id=207 bytes=35","cf 29 00 00 00 2e 09 a5 b0 d1 c9 c9 d1 6c 24 9f 10 80 00 00 00 01 7d 63 c0 00 00 00 00 00 01 28 00 04 11",""
2258,10333,"PACKET","IN",207,43,"PlayerSync","id=207 bytes=43","cf 4b 00 83 00 00 01 03 f2 6b 30 e6 ac 49 91 6c dd e0 10 84 00 00 00 01 8f fb 80 00 03 c7 af e0 f1 c9 67 c4 17 fd fd c8 04 08 80",""
2259,10333,"PACKET","IN",207,45,"PlayerSync","id=207 bytes=45","cf 9e 00 ff 7f e0 7f c0 00 0b c0 6a 30 cd fe 89 91 72 95 9f 50 80 00 00 00 03 23 92 40 00 01 c8 a7 1c f4 6f a7 d0 db fd fd a5 04 04 80",""
2260,10366,"PACKET","IN",207,35,"PlayerSync","id=207 bytes=35","cf 4d 00 00 00 02 00 23 30 e6 e4 09 91 70 1e 9e 90 84 00 00 00 03 da d0 80 00 00 00 00 00 01 28 00 04 11",""
2261,10366,"PACKET","IN",207,43,"PlayerSync","id=207 bytes=43","cf 63 00 60 3f c0 00 0e b8 22 f0 c9 2e 49 91 46 b5 60 50 84 00 00 00 01 43 db 80 00 03 3f 30 68 f7 94 f3 fc 4b fd fd e9 04 04 80",""
2262,10366,"PACKET","IN",200,44,"VehicleSync","id=200 bytes=44","c8 92 00 2a 00 7b 00 11 00 08 00 26 10 73 80 4c 0e 4e 79 fb 1c 38 4b 22 94 5a d6 67 e4 29 b9 4d 03 da ad 51 b2 1a 87 9c e0 39 00 00",""
2263,10366,"PACKET","IN",200,48,"VehicleSync","id=200 bytes=48","c8 76 00 30 00 08 00 fe ff 08 00 75 70 15 30 1a bb 5b ec 46 ac 34 67 a2 44 59 a9 97 84 28 bf dd b3 e0 20 01 c7 fa e7 e6 40 3d 00 03 33 32 f0 84",""
2264,10367,"PACKET","IN",207,45,"PlayerSync","id=207 bytes=45","cf 4b 00 82 80 40 40 00 01 03 32 ab 30 c3 ec 49 91 7c 1e 20 10 84 00 00 00 00 3f f3 80 00 01 84 03 e4 f2 19 8c d4 0f fd fd c8 04 08 80",""
2265,10367,"PACKET","IN",207,35,"PlayerSync","id=207 bytes=35","cf 70 00 00 00 1c 1b aa 70 c5 70 c9 91 7e 75 9f d0 81 ac 25 1c 0b a7 9f 00 00 00 00 00 00 01 00 00 00 80",""
2266,10367,"PACKET","IN",207,45,"PlayerSync","id=207 bytes=45","cf 9e 00 81 80 60 7f c2 00 3f fa a9 f0 c9 be 09 91 78 94 5f 50 80 00 00 00 02 0f 9a 40 00 00 14 53 14 f6 93 9a 1c cf fd fd a5 04 04 80",""
2267,10401,"PACKET","IN",207,35,"PlayerSync","id=207 bytes=35","cf 7c 00 00 00 03 66 28 30 f1 c4 49 d1 7b 67 1f 10 84 00 00 00 01 fe 49 80 00 00 00 00 00 01 28 00 04 11",""
2268,10402,"RPC","IN",87,2,"ClearPlayerAnimation","id=87 bytes=2","27 00",""
2269,10402,"RPC","IN",86,29,"ApplyPlayerAnimation","id=86 bytes=29","27 00 05 43 41 52 52 59 0b 63 72 72 79 5f 70 72 74 69 61 6c 33 33 83 40 00 00 00 00 00",""
2270,10402,"RPC","IN",99,42,"MoveObject","id=99 bytes=42","a1 00 f8 e3 a1 c3 d7 9b 26 45 ed 5e 7b 42 f8 e3 a1 c3 d7 9b 26 45 53 c5 7d 42 00 00 80 3e 00 00 00 00 00 00 00 00 08 cc 84 43",""
2271,10402,"RPC","IN",122,2,"StopObject","id=122 bytes=2","a1 00",""
2272,10403,"RPC","IN",99,42,"MoveObject","id=99 bytes=42","a1 00 f8 e3 a1 c3 d7 9b 26 45 ed 5e 7b 42 f8 e3 a1 c3 d7 9b 26 45 ed 5e 7b 42 00 00 80 3e 00 00 00 00 00 00 00 00 08 cc 84 43",""
2273,10403,"RPC","IN",122,2,"StopObject","id=122 bytes=2","a1 00",""
2274,10403,"RPC","IN",99,42,"MoveObject","id=99 bytes=42","a1 00 f8 e3 a1 c3 d7 9b 26 45 ed 5e 7b 42 f8 e3 a1 c3 d7 9b 26 45 53 c5 7d 42 00 00 80 3e 00 00 00 00 00 00 00 00 08 cc 84 43",""
2275,10403,"RPC","IN",122,2,"StopObject","id=122 bytes=2","a1 00",""
2276,10403,"RPC","IN",99,42,"MoveObject","id=99 bytes=42","a1 00 f8 e3 a1 c3 d7 9b 26 45 ed 5e 7b 42 f8 e3 a1 c3 d7 9b 26 45 ed 5e 7b 42 00 00 80 3e 00 00 00 00 00 00 00 00 08 cc 84 43",""
2277,10403,"RPC","IN",122,2,"StopObject","id=122 bytes=2","a1 00",""
2278,10403,"RPC","IN",99,42,"MoveObject","id=99 bytes=42","a1 00 f8 e3 a1 c3 d7 9b 26 45 ed 5e 7b 42 f8 e3 a1 c3 d7 9b 26 45 53 c5 7d 42 00 00 80 3e 00 00 00 00 00 00 00 00 08 cc 84 43",""
2279,10403,"RPC","IN",122,2,"StopObject","id=122 bytes=2","a1 00",""
2280,10404,"RPC","IN",99,42,"MoveObject","id=99 bytes=42","a1 00 f8 e3 a1 c3 d7 9b 26 45 ed 5e 7b 42 f8 e3 a1 c3 d7 9b 26 45 ed 5e 7b 42 00 00 80 3e 00 00 00 00 00 00 00 00 08 cc 84 43",""
2281,10404,"RPC","IN",122,2,"StopObject","id=122 bytes=2","a1 00",""
2282,10404,"RPC","IN",99,42,"MoveObject","id=99 bytes=42","a1 00 f8 e3 a1 c3 d7 9b 26 45 ed 5e 7b 42 f8 e3 a1 c3 d7 9b 26 45 53 c5 7d 42 00 00 80 3e 00 00 00 00 00 00 00 00 08 cc 84 43",""
2283,10404,"RPC","IN",122,2,"StopObject","id=122 bytes=2","a1 00",""
2284,10404,"RPC","IN",99,42,"MoveObject","id=99 bytes=42","a1 00 f8 e3 a1 c3 d7 9b 26 45 ed 5e 7b 42 f8 e3 a1 c3 d7 9b 26 45 ed 5e 7b 42 00 00 80 3e 00 00 00 00 00 00 00 00 08 cc 84 43",""
2285,10404,"RPC","IN",122,2,"StopObject","id=122 bytes=2","a1 00",""
2286,10404,"RPC","IN",99,42,"MoveObject","id=99 bytes=42","a1 00 f8 e3 a1 c3 d7 9b 26 45 ed 5e 7b 42 f8 e3 a1 c3 d7 9b 26 45 53 c5 7d 42 00 00 80 3e 00 00 00 00 00 00 00 00 08 cc 84 43",""
2287,10404,"RPC","IN",122,2,"StopObject","id=122 bytes=2","a1 00",""
2288,10405,"RPC","IN",99,42,"MoveObject","id=99 bytes=42","a1 00 f8 e3 a1 c3 d7 9b 26 45 ed 5e 7b 42 f8 e3 a1 c3 d7 9b 26 45 ed 5e 7b 42 00 00 80 3e 00 00 00 00 00 00 00 00 08 cc 84 43",""
2289,10405,"PACKET","IN",207,45,"PlayerSync","id=207 bytes=45","cf 4b 00 82 80 40 80 00 01 30 72 eb 30 de ac 09 91 5c de a0 10 84 00 00 00 01 5b e7 80 00 00 4b 87 e0 f3 dd 4f 3c 1f fd fd c8 04 08 80",""
2290,10405,"PACKET","IN",207,41,"PlayerSync","id=207 bytes=41","cf 54 00 00 00 1b 0a 69 30 c8 a5 49 91 56 bd 1f 10 80 00 00 00 02 bf 32 c0 00 00 58 a8 58 fb b7 e9 55 73 fd fd a5 04 04 80",""
2291,10405,"PACKET","IN",200,44,"VehicleSync","id=200 bytes=44","c8 92 00 2a 00 7b 00 11 00 08 00 25 70 74 c0 46 de 66 e8 ab 1c 38 8a f2 94 5a e5 77 e4 29 a3 5e a3 db bd 38 11 f3 07 8c e0 39 00 00",""
2292,10405,"PACKET","IN",203,34,"AimSync","id=203 bytes=34","cb 92 00 12 03 e7 54 3f 5e 53 02 bf 2d 1d 63 be e2 49 b5 c3 f2 f8 29 45 24 37 87 42 00 00 00 00 3f 37",""
2293,10405,"PACKET","IN",207,35,"PlayerSync","id=207 bytes=35","cf 97 00 00 00 09 a6 25 b0 d5 fd 09 91 6c 24 9f 10 84 00 00 00 00 3b eb e8 00 00 00 00 00 01 28 00 04 11",""
2294,10406,"PACKET","IN",207,35,"PlayerSync","id=207 bytes=35","cf 70 00 00 00 3c db ea 70 f7 30 89 91 66 76 1f d0 80 a8 29 d4 0b 87 9f 00 00 00 00 00 00 01 00 00 00 80",""
2295,10406,"PACKET","IN",207,45,"PlayerSync","id=207 bytes=45","cf 9e 00 83 80 60 7f c2 00 20 76 29 f0 d4 3d 89 91 4c 93 9f 50 80 00 00 00 03 9f 9e 40 00 01 f3 cb 18 f5 0b 91 b4 c3 fd fd a5 04 04 80",""
2296,10431,"PACKET","IN",207,45,"PlayerSync","id=207 bytes=45","cf 4b 00 82 00 40 c0 00 01 1d 33 eb 30 e2 6b c9 91 4a 9f 60 10 84 00 00 00 00 63 cb 80 00 01 cf 27 e0 f2 05 1c 8c 37 fd fd c8 04 08 80",""
2297,10432,"PACKET","IN",207,35,"PlayerSync","id=207 bytes=35","cf 60 00 00 00 25 ca e3 30 e5 e0 49 91 6f df 1e 90 84 00 00 00 00 ae f9 c0 00 00 00 00 00 01 fb 04 e8 80",""
2298,10432,"PACKET","IN",207,43,"PlayerSync","id=207 bytes=43","cf 63 00 60 3f c0 00 30 3a a2 f0 c0 2d c9 91 46 b5 60 50 84 00 00 00 01 43 db 80 00 03 47 30 68 f7 94 f3 fc 4b fd fd e9 04 04 80",""
2299,10466,"PACKET","IN",207,45,"PlayerSync","id=207 bytes=45","cf 4b 00 82 00 40 c0 00 01 2b 34 6b 30 cb ab c9 91 5b 9f a0 10 84 00 00 00 00 07 d7 80 00 01 fe 9b e0 f1 34 c4 30 6f fd fd c8 04 08 80",""
2300,10466,"PACKET","IN",200,48,"VehicleSync","id=200 bytes=48","c8 76 00 30 00 2e 00 f6 ff 08 00 74 30 14 a0 11 9b 58 39 56 cc 33 57 a2 44 58 d8 67 84 25 7d 5e 43 e0 10 05 d8 0a e7 e6 40 3d 00 02 35 0c f0 84",""
2301,10466,"PACKET","IN",200,44,"VehicleSync","id=200 bytes=44","c8 92 00 2a 00 7b 00 11 00 08 00 24 a0 75 b0 44 ee 8f f7 0b 1c 3d 3a b2 94 5f e4 37 e4 20 20 90 33 e5 5d 17 d1 df f7 7c e0 39 00 00",""
2302,10466,"PACKET","IN",207,45,"PlayerSync","id=207 bytes=45","cf 9e 00 86 00 60 7f c2 00 18 71 69 f0 d4 7d 09 91 6d d2 9f 50 80 00 00 00 03 53 a6 40 00 02 97 23 30 f4 db 8b ac b7 fd fd a5 04 04 80",""
2303,10467,"RPC","IN",86,27,"ApplyPlayerAnimation","id=86 bytes=27","51 00 07 42 44 5f 46 49 52 45 07 77 61 73 68 5f 75 70 33 33 83 40 80 00 00 00 00",""
2304,10467,"PACKET","IN",207,35,"PlayerSync","id=207 bytes=35","cf 7e 00 00 00 11 42 a6 f0 c0 4b 89 d1 7b 67 1f 10 84 00 00 00 00 c6 1b 94 00 00 00 00 00 01 28 00 04 11",""
2305,10499,"PACKET","IN",207,41,"PlayerSync","id=207 bytes=41","cf 54 00 00 00 07 fc 68 f0 c5 e4 c9 91 47 3a 9f 10 80 00 00 00 02 bf 32 c0 00 00 90 a2 d4 f7 b7 e9 55 73 fd fd a5 04 04 80",""
2306,10500,"PACKET","IN",207,35,"PlayerSync","id=207 bytes=35","cf 70 00 00 00 21 9c 6a 70 e8 30 89 91 52 f6 9f d0 83 c8 2a 94 0b 5f 9f 00 00 00 00 00 00 01 00 00 00 80",""
2307,10500,"PACKET","IN",207,45,"PlayerSync","id=207 bytes=45","cf 9e 00 87 80 60 7f c2 00 0f 6c a9 f0 ca bc 89 91 71 91 df 50 80 00 00 00 00 07 ae 40 00 02 83 73 5c f4 b3 7d a4 ab fd fd a5 04 04 80",""
2308,10500,"PACKET","IN",203,34,"AimSync","id=203 bytes=34","cb 9e 00 04 d3 a0 4b 3f ef 78 17 bf a7 52 06 be 7a 16 a9 c3 76 13 27 45 27 c2 80 42 00 00 00 00 3f 22",""
2309,10500,"PACKET","IN",207,43,"PlayerSync","id=207 bytes=43","cf 63 00 60 3f c0 00 3c 3c a2 f0 d5 ed 49 91 46 b5 60 50 84 00 00 00 01 43 db 80 00 02 a2 a0 90 f7 94 f3 fc 4b fd fd e9 04 04 80",""
2310,10500,"PACKET","IN",203,34,"AimSync","id=203 bytes=34","cb 63 00 04 97 29 f8 be d9 8d 49 bf 0f 19 c3 be 55 88 8b c3 fd ca 26 45 8d 57 84 42 00 00 00 00 3f 55",""
2311,10532,"PACKET","IN",200,48,"VehicleSync","id=200 bytes=48","c8 76 00 30 00 3a 00 f3 ff 08 00 7f f0 04 a0 1e 4b 39 41 46 ec 38 07 a2 44 5d a7 67 84 28 7d 3e b3 e0 70 07 a8 2a c7 e6 40 3d 00 02 6e e8 f0 84",""
2312,10533,"PACKET","IN",207,45,"PlayerSync","id=207 bytes=45","cf 4b 00 81 80 41 00 00 01 08 76 ab 30 fa 6b 49 91 46 20 e0 10 84 00 00 00 02 f3 bb 80 00 02 0a 6f e0 f0 20 9f e4 8f fd fd c8 04 08 80",""
2313,10533,"PACKET","IN",207,45,"PlayerSync","id=207 bytes=45","cf 9e 00 88 80 60 bf c2 00 00 e8 29 f0 c1 7c 09 91 53 11 5f 50 80 00 00 00 03 bb ae 40 00 00 c1 0f 78 f4 c7 75 04 a3 fd fd a5 04 04 80",""
2314,10566,"PACKET","IN",207,45,"PlayerSync","id=207 bytes=45","cf 4b 00 81 80 41 00 00 01 1a f7 6b 30 dd 6b 49 91 75 a1 20 10 84 00 00 00 02 4f c3 80 00 00 16 7b e0 f3 48 a5 6c 87 fd fd c8 04 08 80",""
2315,10566,"PACKET","IN",207,45,"PlayerSync","id=207 bytes=45","cf 9e 00 89 00 60 bf c2 00 0b e3 a9 f0 f6 3b 49 91 49 d0 df 50 80 00 00 00 01 ff b2 40 00 00 b7 c3 6c f6 3f 6e 38 9b fd fd a5 04 04 80",""
2316,10566,"PACKET","IN",207,41,"PlayerSync","id=207 bytes=41","cf 54 00 00 00 3a b3 28 f0 f1 e4 49 91 61 78 df 10 80 00 00 00 02 bf 32 c0 00 02 34 36 2c f3 b7 e9 55 73 fd fd a5 04 04 80",""
2317,10566,"PACKET","IN",200,44,"VehicleSync","id=200 bytes=44","c8 92 00 2a 00 7b 00 11 00 08 00 24 60 75 d0 4c 1e 8b e6 ab 1c 3e 2a a2 94 52 53 f7 e4 21 34 e0 63 ea 9d 0e e1 c1 d7 8c e0 39 00 00",""
2318,10566,"RPC","IN",87,2,"ClearPlayerAnimation","id=87 bytes=2","7e 00",""
2319,10566,"RPC","IN",86,29,"ApplyPlayerAnimation","id=86 bytes=29","7e 00 05 43 41 52 52 59 0b 63 72 72 79 5f 70 72 74 69 61 6c 33 33 83 40 00 00 00 00 00",""
2320,10599,"PACKET","IN",207,45,"PlayerSync","id=207 bytes=45","cf 4b 00 81 80 41 00 00 01 02 78 eb 30 e4 eb 09 91 40 22 20 10 84 00 00 00 01 e3 d3 80 00 00 82 a7 e0 f1 40 ce 0c 67 fd fd c8 04 08 80",""
2321,10599,"PACKET","IN",207,43,"PlayerSync","id=207 bytes=43","cf 63 00 60 3f c0 00 32 7f e2 f0 ee ec 89 91 46 b5 60 50 84 00 00 00 01 43 db 80 00 01 c6 a5 60 f7 94 f3 fc 4b fd fd e9 04 04 80",""
2322,10599,"PACKET","IN",207,35,"PlayerSync","id=207 bytes=35","cf 94 00 00 00 10 3e 66 b0 ef 39 c9 91 7b 67 1f 10 84 00 00 00 02 9a 53 c0 00 00 00 00 00 01 28 00 04 11",""
2323,10599,"PACKET","IN",207,35,"PlayerSync","id=207 bytes=35","cf 9a 00 00 00 05 5a 28 30 df c8 49 d1 7b 67 1f 10 84 00 00 00 01 79 f3 c0 00 00 00 00 00 01 28 00 04 11",""
2324,10632,"PACKET","IN",207,45,"PlayerSync","id=207 bytes=45","cf 4b 00 81 80 41 00 00 01 1a b9 6b 30 c9 2b 09 91 5c a2 60 10 84 00 00 00 02 97 d7 80 00 03 d2 bb e0 f1 e0 de 1c 5b fd fd c8 04 08 80",""
2325,10632,"PACKET","IN",207,35,"PlayerSync","id=207 bytes=35","cf 51 00 00 00 30 e3 68 30 f6 0c 09 d1 7b 67 1f 10 84 00 00 00 02 e7 67 c0 00 00 00 00 00 01 28 00 04 11",""
2326,10633,"PACKET","IN",200,48,"VehicleSync","id=200 bytes=48","c8 76 00 30 00 3e 00 f1 ff 08 00 79 70 05 50 1b 9b 1a a0 47 0c 38 c7 b2 44 56 b6 27 84 29 38 af 43 e2 30 0c 58 5a a7 e6 40 3d 00 03 fa b2 f0 84",""
2327,10633,"PACKET","IN",200,44,"VehicleSync","id=200 bytes=44","c8 92 00 2a 00 7b 00 11 00 00 00 2d b0 76 00 54 4e cc 54 4b 1c 31 aa 42 94 59 a2 27 e4 24 ac bf 93 d0 7c 56 e1 41 a7 9c e0 39 00 00",""
2328,10633,"PACKET","IN",207,35,"PlayerSync","id=207 bytes=35","cf 46 00 02 00 04 95 e5 70 ce d4 09 91 63 2c de d0 80 00 00 00 02 f6 a7 c0 00 00 00 00 00 01 a5 04 08 80",""
2329,10633,"PACKET","OUT",207,69,"PlayerSync","id=207 bytes=69","cf 00 00 00 00 00 00 22 90 8d c3 0a 85 26 45 6a 86 7a 42 f5 21 4f 3f 00 00 00 00 00 00 00 00 89 70 16 3f 64 00 00 00 00 00 00 00 00 00 00 00 00 00 00 00 00 00 00 00 00 00 00 00 00 00 00 00 00 00 28 00 04 11",""
2330,10665,"PACKET","IN",207,45,"PlayerSync","id=207 bytes=45","cf 4b 00 81 80 41 00 00 01 28 7a ab 30 c6 2a c9 91 72 63 20 10 84 00 00 00 01 33 df 80 00 00 5e e7 e0 f3 f0 f5 54 4b fd fd c8 04 08 80",""
2331,10665,"PACKET","IN",207,43,"PlayerSync","id=207 bytes=43","cf 63 00 60 3f c0 00 0b c3 63 30 c0 ec 09 91 46 b5 60 50 84 00 00 00 01 43 db 80 00 02 81 92 44 f7 94 f3 fc 4b fd fd e9 04 04 80",""
2332,10665,"PACKET","IN",207,35,"PlayerSync","id=207 bytes=35","cf 85 00 00 00 2b 0b 62 b0 d7 e8 c9 91 50 59 de 90 84 00 00 00 03 a8 31 80 00 00 00 00 00 01 28 00 04 11",""
2333,10665,"PACKET","IN",200,44,"VehicleSync","id=200 bytes=44","c8 92 00 2a 00 7b 00 11 00 00 00 2f 90 79 10 5d be c0 c3 fb 1c 3f 7a 22 94 52 c1 e7 e4 2c 93 bf 43 d8 9c 2d d1 23 37 9c e0 39 00 00",""
2334,10665,"PACKET","IN",207,45,"PlayerSync","id=207 bytes=45","cf 9e 00 89 00 60 bf c2 00 04 d8 e9 f0 db 7a 09 91 60 8f 9f 50 80 00 00 00 00 7b b6 40 00 00 bf a3 80 f4 27 68 14 97 fd fd a5 04 04 80",""
2335,10665,"PACKET","IN",207,35,"PlayerSync","id=207 bytes=35","cf 1c 00 00 00 2d 02 a6 f0 e0 10 09 d1 7b 67 1f 10 84 00 00 00 00 15 5f 00 00 00 00 00 00 01 28 00 04 11",""
2336,10666,"PACKET","IN",207,41,"PlayerSync","id=207 bytes=41","cf 54 00 00 00 09 f4 28 f0 f9 64 49 91 47 39 1f 10 80 00 00 00 02 bf 32 c0 00 01 33 03 30 ec 44 16 a6 8f fd fd a5 04 04 80",""
2337,10666,"PACKET","IN",200,48,"VehicleSync","id=200 bytes=48","c8 76 00 30 00 00 00 00 00 08 00 78 f0 06 60 17 ab 01 19 f7 1c 3d 87 c2 44 54 b5 17 84 23 d8 ef b3 e3 00 0d d8 6a a7 e6 40 3d 00 02 d6 92 f0 84",""
2338,10700,"PACKET","IN",207,35,"PlayerSync","id=207 bytes=35","cf 0b 00 00 00 1a fc 26 b0 c0 43 09 d1 7b 67 1f 10 84 00 00 00 03 32 4b c0 00 00 00 00 00 01 28 00 04 11",""
2339,10701,"PACKET","IN",207,45,"PlayerSync","id=207 bytes=45","cf 4b 00 81 80 41 00 00 01 04 fb ab 30 d4 2a 89 91 49 a3 e0 10 84 00 00 00 01 0b e7 80 00 02 93 0f e0 f1 35 13 14 3b fd fd c8 04 08 80",""
2340,10701,"RPC","IN",86,27,"ApplyPlayerAnimation","id=86 bytes=27","3d 00 07 42 44 5f 46 49 52 45 07 77 61 73 68 5f 75 70 33 33 83 40 80 00 00 00 00",""
2341,10701,"PACKET","IN",200,44,"VehicleSync","id=200 bytes=44","c8 92 00 2a 00 7b 00 11 00 00 00 24 f0 85 20 6c 8e f6 12 6b 1c 36 69 d2 94 5a b0 97 e4 2a d9 8e 53 d8 3b 9d 50 d7 e7 9c e0 39 00 00",""
2342,10732,"PACKET","IN",207,45,"PlayerSync","id=207 bytes=45","cf 4b 00 81 80 41 00 00 01 2e 7b eb 30 f9 6a 49 91 56 e4 20 10 84 00 00 00 03 63 e7 80 00 03 8f 23 e0 f0 bd 1d 30 37 fd fd c8 04 08 80",""
2343,10733,"PACKET","IN",200,48,"VehicleSync","id=200 bytes=48","c8 76 00 30 00 00 00 00 00 00 00 19 40 1e c0 0c ea f3 33 a7 3c 34 d7 e2 44 5a 64 27 84 25 9c ff 83 e3 90 07 58 7d 47 e6 40 3d 00 03 3a 78 f0 84",""
2344,10733,"PACKET","IN",207,45,"PlayerSync","id=207 bytes=45","cf 9e 00 89 00 60 bf c2 00 08 cf 69 f0 e0 f8 c9 91 7b ce 9f 50 80 00 00 00 00 1b ba 40 00 00 0f 07 e8 f5 97 61 b4 8f fd fd a5 04 04 80",""
2345,10733,"PACKET","IN",207,45,"PlayerSync","id=207 bytes=45","cf 4b 00 81 80 41 00 00 01 15 7c 6b 30 de 2a 49 91 64 64 60 10 84 00 00 00 00 f7 eb 80 00 00 ab 37 e0 f2 45 24 98 33 fd fd c8 04 08 80",""
2346,10734,"PACKET","IN",207,41,"PlayerSync","id=207 bytes=41","cf 54 00 00 00 11 f4 e8 f0 c0 e4 89 91 6a b9 1f 10 80 00 00 00 02 bf 32 c0 00 02 24 97 cc ec 44 16 a6 8f fd fd a5 04 04 80",""
2347,10734,"PACKET","IN",207,43,"PlayerSync","id=207 bytes=43","cf 63 00 60 3f c0 00 30 88 e3 30 db 6a c9 91 46 b5 60 50 84 00 00 00 01 43 db 80 00 02 61 12 ec f7 94 f3 fc 4b fd fd e9 04 04 80",""
2348,10753,"PACKET","OUT",203,32,"AimSync","id=203 bytes=32","cb 00 00 00 39 05 00 00 00 00 00 00 00 00 00 00 00 40 01 00 00 00 80 3f 00 00 f3 04 b5 3f 39 05",""
2349,10768,"PACKET","IN",207,45,"PlayerSync","id=207 bytes=45","cf 4b 00 81 00 41 00 00 01 34 3c ab 30 c3 ea 49 91 6d a4 a0 10 84 00 00 00 02 13 db 80 00 01 4b 43 e0 f0 e9 2d 88 2f fd fd c8 04 08 80",""
2350,10769,"PACKET","IN",207,35,"PlayerSync","id=207 bytes=35","cf 53 00 00 00 1d d4 e5 b0 ff cc 49 d1 6c e4 9f 10 80 00 00 00 03 52 2a c0 00 00 00 00 00 01 a5 04 04 80",""
2351,10769,"PACKET","IN",200,44,"VehicleSync","id=200 bytes=44","c8 92 00 2a 00 00 00 11 00 00 00 20 d0 89 80 67 4f 19 91 5b 1c 3b 29 92 94 55 4f a7 d4 2d bb bd f3 d0 cb e4 a1 0a 07 8c e0 39 00 00",""
2352,10769,"PACKET","IN",207,35,"PlayerSync","id=207 bytes=35","cf 7e 00 00 00 11 42 a6 f0 c0 4b 89 d1 7b 67 1f 10 84 00 00 00 00 c6 1b 94 00 00 00 00 00 01 a5 04 e8 80",""
2353,10769,"PACKET","IN",207,45,"PlayerSync","id=207 bytes=45","cf 4b 00 81 00 41 00 00 01 37 bd 2b 30 e8 ea 09 91 43 25 20 10 84 00 00 00 03 bf d3 80 00 01 1a e3 e0 f2 24 f6 6c 4b fd fd c8 04 08 80",""
2354,10797,"PACKET","IN",207,45,"PlayerSync","id=207 bytes=45","cf 4b 00 81 00 41 00 00 01 02 7d eb 30 ce ea 09 91 58 a5 60 10 84 00 00 00 00 0f d7 80 00 03 a2 c3 e0 f3 20 e2 8c 57 fd fd c8 04 08 80",""
2355,10797,"PACKET","IN",200,44,"VehicleSync","id=200 bytes=44","c8 92 00 2a 00 00 00 11 00 00 00 26 40 7b 30 69 8f 26 50 4b 1c 31 e9 62 94 5d 7e 97 d4 29 1c 0d 83 d7 4c 14 a1 21 07 8c e0 39 00 00",""
2356,10797,"PACKET","IN",207,45,"PlayerSync","id=207 bytes=45","cf 9e 00 89 00 60 bf c2 00 35 05 a9 f0 d7 b7 89 91 7d 8d df 50 80 00 00 00 03 73 ba 40 00 02 97 f3 e8 f7 3f 5b c0 87 fd fd a5 04 04 80",""
2357,10797,"RPC","IN",16,16,"PlaySound","id=16 bytes=16","43 51 00 00 00 00 00 00 00 00 00 00 00 00 00 00",""
2358,10798,"RPC","IN",134,80,"ShowTextDraw","id=134 bytes=80","2c 08 11 9a 99 19 3f 00 00 00 40 1a ff 00 aa 33 33 a3 42 00 00 a0 41 00 00 00 32 00 01 00 00 00 ff 04 00 00 00 59 43 00 00 b8 43 00 00 00 00 00 00 00 00 00 00 00 00 00 00 00 00 80 3f ff ff ff ff 0d 00 6c 64 5f 64 75 61 6c 3a 77 68 69 74 65",""
2359,10798,"RPC","IN",105,7,"TextDrawSetString","id=105 bytes=7","26 08 03 00 31 30 30",""
2360,10798,"RPC","IN",105,5,"TextDrawSetString","id=105 bytes=5","27 08 01 00 30",""
2361,10798,"RPC","IN",105,6,"TextDrawSetString","id=105 bytes=6","28 08 02 00 35 30",""
2362,10798,"RPC","IN",105,5,"TextDrawSetString","id=105 bytes=5","29 08 01 00 39",""
2363,10798,"RPC","IN",105,7,"TextDrawSetString","id=105 bytes=7","2a 08 03 00 31 30 30",""
2364,10833,"PACKET","IN",207,35,"PlayerSync","id=207 bytes=35","cf 49 00 00 00 05 d5 25 b0 dd 8f 09 d1 6c 24 9f 10 80 00 00 00 01 eb 77 c0 00 00 00 00 00 01 28 00 04 11",""
2365,10833,"PACKET","IN",200,48,"VehicleSync","id=200 bytes=48","c8 76 00 30 00 00 00 00 00 00 00 12 e0 20 a0 27 1a f6 83 67 5c 33 78 02 44 5d 83 47 84 2d f5 6f 53 e3 d0 0c a8 75 07 f6 40 3d 00 02 5e 62 f0 84",""
2366,10833,"PACKET","IN",207,35,"PlayerSync","id=207 bytes=35","cf 3d 00 00 00 39 94 e5 b0 e4 03 c9 d1 6c 24 9f 10 80 00 00 00 02 af cd c0 00 00 00 00 00 01 a5 04 e8 80",""
2367,10834,"PACKET","IN",207,45,"PlayerSync","id=207 bytes=45","cf 4b 00 81 00 41 00 00 01 0c 3e 6b 30 f5 29 c9 91 6d a5 a0 10 84 00 00 00 03 ef d3 80 00 00 ce c7 e0 f0 00 e5 f8 57 fd fd c8 04 08 80",""
2368,10834,"PACKET","IN",207,43,"PlayerSync","id=207 bytes=43","cf 63 00 60 3f c0 00 3a 0f 23 30 d4 a9 89 91 5c 6d a0 50 84 00 00 00 01 43 db 80 00 03 1c e2 e0 f7 bc ff c0 5f 9d 65 6c 04 04 80",""
2369,10834,"PACKET","IN",207,35,"PlayerSync","id=207 bytes=35","cf 29 00 00 00 2e 09 a5 b0 d1 c9 c9 d1 6c 24 9f 10 80 00 00 00 01 7d 63 c0 00 00 00 00 00 01 28 00 04 11",""
2370,10834,"PACKET","IN",207,41,"PlayerSync","id=207 bytes=41","cf 54 00 00 00 08 76 e8 f0 d3 64 89 91 45 39 9f 10 80 00 00 00 02 bf 32 c0 00 03 17 06 e0 f0 44 16 a6 8f fd fd a5 04 04 80",""
2371,10834,"PACKET","IN",200,44,"VehicleSync","id=200 bytes=44","c8 92 00 2a 00 00 00 11 00 00 00 29 10 6c e0 63 df 36 ff 3b 0c 3b b9 22 94 54 8d 97 d4 2b f6 dc b3 d5 dc 41 c1 4a 97 7c e0 39 00 00",""
2372,10865,"PACKET","IN",207,45,"PlayerSync","id=207 bytes=45","cf 4b 00 80 80 41 40 00 01 37 7f 6b 30 c4 29 c9 91 59 a6 60 10 84 00 00 00 01 37 a7 80 00 02 f2 83 e0 f1 44 b0 90 7f fd fd c8 04 08 80",""
2373,10866,"PACKET","IN",203,34,"AimSync","id=203 bytes=34","cb 4b 00 04 d2 f3 50 3f 1c 31 ea 3e 13 b4 b4 be 27 30 ae c3 cb 91 26 45 ff e1 83 42 00 00 00 00 3f 36",""
2374,10866,"PACKET","IN",207,35,"PlayerSync","id=207 bytes=35","cf 1f 00 00 00 20 66 e8 30 c3 bc c9 91 7b 67 1f 10 84 00 00 00 00 97 53 00 00 00 00 00 00 01 28 00 04 11",""
2375,10866,"PACKET","IN",207,41,"PlayerSync","id=207 bytes=41","cf 54 00 00 00 0e 39 68 f0 ea e4 89 91 7a 39 df 10 80 00 00 00 02 bf 32 c0 00 02 87 06 e0 f0 44 16 a6 8f fd fd a5 04 04 80",""
2376,10866,"PACKET","IN",203,34,"AimSync","id=203 bytes=34","cb 54 00 04 db 90 73 3f 09 f0 8f be 66 82 00 be 4a 6b a5 c3 13 a1 26 45 3f 77 80 42 00 00 00 00 3f 36",""
2377,10866,"PACKET","IN",207,45,"PlayerSync","id=207 bytes=45","cf 9e 00 88 00 60 bf c2 00 17 3c e9 b0 db b6 49 91 74 0d 5f 50 80 00 00 00 00 0b be 40 00 01 93 17 a0 f4 2f 55 5c 83 fd fd a5 04 04 80",""
2378,10899,"PACKET","IN",207,45,"PlayerSync","id=207 bytes=45","cf 4b 00 80 80 41 40 00 01 39 00 2b 70 ee e9 89 91 76 a6 a0 10 84 00 00 00 00 cf a3 80 00 03 32 5b e0 f3 d8 7d 80 af fd fd c8 04 08 80",""
2379,10899,"PACKET","IN",207,35,"PlayerSync","id=207 bytes=35","cf 4d 00 00 00 02 00 23 30 e6 e4 09 91 70 1e 9e 90 84 00 00 00 03 da d0 80 00 00 00 00 00 01 28 00 04 11",""
2380,10899,"PACKET","IN",200,44,"VehicleSync","id=200 bytes=44","c8 92 00 2a 00 00 00 11 00 00 00 2d 30 50 60 78 7f 3b 0e 4b 0c 3e 18 f2 94 5b 5c a7 d4 29 60 5b c3 db bc 50 31 55 07 7c e0 39 00 00",""
2381,10900,"PACKET","IN",200,48,"VehicleSync","id=200 bytes=48","c8 76 00 30 00 00 00 00 00 00 00 1c 90 1f 90 14 ea f2 a2 b7 7c 32 78 22 44 5b e2 c7 84 2d ed ff 13 e3 f0 0f 48 78 97 f6 40 3d 00 03 54 54 f0 84",""
2382,10900,"PACKET","IN",207,45,"PlayerSync","id=207 bytes=45","cf 9e 00 87 80 60 7f c2 00 19 b8 e9 b0 cd b5 c9 91 75 4d 1f 50 80 00 00 00 00 1f be 40 00 01 a9 47 78 f6 6f 57 5c 83 fd fd a5 04 04 80",""
2383,10900,"PACKET","IN",207,45,"PlayerSync","id=207 bytes=45","cf 4b 00 80 80 41 40 00 01 34 80 eb 70 db 29 89 91 4f 67 20 10 84 00 00 00 03 27 9f 80 00 00 fa 5b e0 f0 f0 79 80 b7 fd fd c8 04 08 80",""
2384,10900,"PACKET","IN",207,43,"PlayerSync","id=207 bytes=43","cf 63 00 60 3f c0 00 32 55 23 30 de 68 49 91 62 54 60 50 84 00 00 00 01 43 db 80 00 03 84 2f 58 f7 f5 22 94 9a c0 d9 6c 04 04 80",""
2385,10900,"PACKET","IN",207,35,"PlayerSync","id=207 bytes=35","cf 7c 00 00 00 03 66 28 30 f1 c4 49 d1 7b 67 1f 10 84 00 00 00 01 fe 49 80 00 00 00 00 00 01 28 00 04 11",""
2386,10932,"PACKET","IN",207,45,"PlayerSync","id=207 bytes=45","cf 4b 00 80 80 41 40 00 01 14 41 eb 70 c3 e9 89 91 78 a7 60 10 84 00 00 00 01 67 9f 80 00 00 4e 5b e0 f2 68 74 84 bb fd fd c8 04 08 80",""
2387,10932,"PACKET","IN",207,35,"PlayerSync","id=207 bytes=35","cf 60 00 00 00 25 ca e3 30 e5 e0 49 91 6f df 1e 90 84 00 00 00 00 ae f9 c0 00 00 00 00 00 01 fb 04 e8 80",""
2388,10932,"PACKET","IN",200,44,"VehicleSync","id=200 bytes=44","c8 92 00 2a 00 00 00 11 00 00 00 23 30 55 80 7b 1f 3e 2d 6b 0c 34 48 d2 94 5d 3b c7 d4 28 b7 8a c3 da 1c 6a 21 50 07 7c e0 39 00 00",""
2389,10932,"PACKET","IN",203,34,"AimSync","id=203 bytes=34","cb 92 00 12 31 6a 49 3f e3 c3 13 bf 65 e9 5f be 93 62 b4 c3 81 e0 29 45 4a db 86 42 00 00 00 00 3f 37",""
2390,10932,"PACKET","IN",207,45,"PlayerSync","id=207 bytes=45","cf 4b 00 80 80 41 40 00 01 3c 02 ab 70 ec 29 49 91 64 e7 e0 10 84 00 00 00 03 2b 9b 80 00 00 d8 7f e0 f3 d0 73 ac bb fd fd c8 04 08 80",""
2391,10932,"PACKET","IN",207,45,"PlayerSync","id=207 bytes=45","cf 9e 00 86 80 60 7f c2 00 31 f4 a9 b0 f9 b5 09 91 74 8c df 50 80 00 00 00 02 d7 ba 40 00 00 5c 9f 88 f6 47 57 3c 83 fd fd a5 04 04 80",""
2392,10966,"PACKET","IN",207,45,"PlayerSync","id=207 bytes=45","cf 4b 00 80 80 41 40 00 01 39 c3 6b 70 d9 29 49 91 7c e8 20 10 84 00 00 00 00 b7 9b 80 00 02 b7 37 cc f0 88 73 b8 bf fd fd c8 04 08 80",""
2393,10966,"PACKET","IN",207,41,"PlayerSync","id=207 bytes=41","cf 54 00 00 00 17 77 e8 f0 dd 64 89 91 75 b9 9f 10 80 00 00 00 02 bf 32 c0 00 01 34 aa 4c f3 b7 e9 55 73 fd fd a5 04 04 80",""
2394,10966,"PACKET","IN",200,44,"VehicleSync","id=200 bytes=44","c8 92 00 2a 00 00 00 11 00 00 00 2b e0 4b 40 7c af 3d 1c 9b 0c 3d 58 a2 94 58 2a f7 d4 29 60 89 d3 d6 dc 73 01 6c 17 6c e0 39 00 00",""
2395,10967,"PACKET","IN",207,45,"PlayerSync","id=207 bytes=45","cf 9e 00 86 00 60 7f c2 00 3e 2f 69 b0 c3 34 89 91 59 cc 9f 50 80 00 00 00 02 eb ba 40 00 01 71 bb bc f4 ef 59 a0 87 fd fd a5 04 04 80",""
2396,10967,"PACKET","OUT",205,9,"UNKNOWN_PACKET","id=205 bytes=9","cd b8 4a 04 00 00 00 00 00",""
2397,10999,"PACKET","IN",207,45,"PlayerSync","id=207 bytes=45","cf 4b 00 80 80 41 40 00 01 04 c4 6b 70 c5 29 49 91 5a a8 a0 10 84 00 00 00 02 9f 97 80 00 00 fc 47 d8 f1 08 6c 20 c7 fd fd c8 04 08 80",""
2398,10999,"PACKET","IN",207,43,"PlayerSync","id=207 bytes=43","cf 63 00 60 3f c0 00 22 d8 a3 30 eb a7 89 91 6e 15 a0 50 84 00 00 00 01 43 db 80 00 02 10 6d 40 f7 94 f3 fc 4b fd fd ac 04 64 80",""
2399,11000,"PACKET","IN",200,48,"VehicleSync","id=200 bytes=48","c8 76 00 30 00 00 00 00 00 00 00 1b b0 1e 50 13 fa fa 51 87 9c 31 68 42 44 55 72 47 84 23 76 ce e3 e4 10 00 a8 86 17 f6 40 3d 00 02 68 46 f0 84",""
2400,11000,"PACKET","IN",203,34,"AimSync","id=203 bytes=34","cb 76 00 12 53 f6 7d bf 7b 7b 97 3c e0 18 ff bd a7 f9 72 c3 72 81 24 45 ec 11 7d 42 00 00 00 00 02 ff",""
2401,11000,"PACKET","IN",207,35,"PlayerSync","id=207 bytes=35","cf 97 00 00 00 09 a6 25 b0 d5 fd 09 91 6c 24 9f 10 84 00 00 00 00 3b eb e8 00 00 00 00 00 01 28 00 04 11",""
2402,11000,"PACKET","IN",207,41,"PlayerSync","id=207 bytes=41","cf 63 00 00 00 20 19 e3 30 eb 27 49 91 6e 15 a0 50 84 00 00 00 01 43 db 80 00 03 4c ee 7c f7 94 f3 fc 4b fd fd ac 04 64 80",""
2403,11001,"PACKET","IN",207,45,"PlayerSync","id=207 bytes=45","cf 9e 00 84 80 60 7f c2 00 3f aa e9 b0 e5 73 c9 91 4c 0c 5f 50 80 00 00 00 00 33 ba 40 00 02 a1 1b f4 f4 c3 59 78 87 fd fd a5 04 04 80",""
2404,11032,"PACKET","IN",207,45,"PlayerSync","id=207 bytes=45","cf 4b 00 80 80 41 40 00 01 14 45 2b 70 f1 29 09 91 79 28 e0 10 84 00 00 00 00 5b 97 80 00 03 2e 57 e0 f2 1c 6b e4 c7 fd fd c8 04 08 80",""
2405,11032,"PACKET","IN",200,44,"VehicleSync","id=200 bytes=44","c8 92 00 2a 00 00 00 11 00 20 00 28 40 41 20 8d cf 3c 6b eb 0c 3c e8 82 94 51 2a 47 d4 2c 19 f7 f3 df ec 79 c1 64 f7 6c e0 39 00 00",""
2406,11033,"RPC","IN",86,29,"ApplyPlayerAnimation","id=86 bytes=29","53 00 03 70 65 64 0d 58 50 52 45 53 53 73 63 72 61 74 63 68 7b 14 7e 40 60 00 00 00 00",""
2407,11033,"PACKET","IN",207,45,"PlayerSync","id=207 bytes=45","cf 4b 00 80 80 41 40 00 01 2d 85 eb 70 dc a9 09 91 5b e9 60 10 84 00 00 00 02 03 93 80 00 02 46 57 e0 f3 04 67 f4 cb fd fd c8 04 08 80",""
2408,11033,"PACKET","IN",207,41,"PlayerSync","id=207 bytes=41","cf 54 00 00 00 20 77 a8 f0 db a4 89 91 6a f9 9f 10 80 00 00 00 02 bf 32 c0 00 01 c0 8f cc ec 44 16 a6 8f fd fd a5 04 04 80",""
2409,11033,"RPC","IN",99,42,"MoveObject","id=99 bytes=42","a1 00 f8 e3 a1 c3 d7 9b 26 45 ed 5e 7b 42 f8 e3 a1 c3 d7 9b 26 45 53 c5 7d 42 00 00 80 3e 00 00 00 00 00 00 00 00 08 cc 84 43",""
2410,11033,"RPC","IN",122,2,"StopObject","id=122 bytes=2","a1 00",""
2411,11033,"RPC","IN",99,42,"MoveObject","id=99 bytes=42","a1 00 f8 e3 a1 c3 d7 9b 26 45 ed 5e 7b 42 f8 e3 a1 c3 d7 9b 26 45 ed 5e 7b 42 00 00 80 3e 00 00 00 00 00 00 00 00 08 cc 84 43",""
2412,11033,"RPC","IN",122,2,"StopObject","id=122 bytes=2","a1 00",""
2413,11033,"RPC","IN",99,42,"MoveObject","id=99 bytes=42","a1 00 f8 e3 a1 c3 d7 9b 26 45 ed 5e 7b 42 f8 e3 a1 c3 d7 9b 26 45 53 c5 7d 42 00 00 80 3e 00 00 00 00 00 00 00 00 08 cc 84 43",""
2414,11034,"RPC","IN",122,2,"StopObject","id=122 bytes=2","a1 00",""
2415,11034,"RPC","IN",99,42,"MoveObject","id=99 bytes=42","a1 00 f8 e3 a1 c3 d7 9b 26 45 ed 5e 7b 42 f8 e3 a1 c3 d7 9b 26 45 ed 5e 7b 42 00 00 80 3e 00 00 00 00 00 00 00 00 08 cc 84 43",""
2416,11034,"RPC","IN",122,2,"StopObject","id=122 bytes=2","a1 00",""
2417,11034,"RPC","IN",99,42,"MoveObject","id=99 bytes=42","a1 00 f8 e3 a1 c3 d7 9b 26 45 ed 5e 7b 42 f8 e3 a1 c3 d7 9b 26 45 53 c5 7d 42 00 00 80 3e 00 00 00 00 00 00 00 00 08 cc 84 43",""
2418,11034,"RPC","IN",122,2,"StopObject","id=122 bytes=2","a1 00",""
2419,11034,"RPC","IN",99,42,"MoveObject","id=99 bytes=42","a1 00 f8 e3 a1 c3 d7 9b 26 45 ed 5e 7b 42 f8 e3 a1 c3 d7 9b 26 45 ed 5e 7b 42 00 00 80 3e 00 00 00 00 00 00 00 00 08 cc 84 43",""
2420,11034,"RPC","IN",122,2,"StopObject","id=122 bytes=2","a1 00",""
2421,11034,"RPC","IN",99,42,"MoveObject","id=99 bytes=42","a1 00 f8 e3 a1 c3 d7 9b 26 45 ed 5e 7b 42 f8 e3 a1 c3 d7 9b 26 45 53 c5 7d 42 00 00 80 3e 00 00 00 00 00 00 00 00 08 cc 84 43",""
2422,11034,"RPC","IN",122,2,"StopObject","id=122 bytes=2","a1 00",""
2423,11034,"RPC","IN",99,42,"MoveObject","id=99 bytes=42","a1 00 f8 e3 a1 c3 d7 9b 26 45 ed 5e 7b 42 f8 e3 a1 c3 d7 9b 26 45 ed 5e 7b 42 00 00 80 3e 00 00 00 00 00 00 00 00 08 cc 84 43",""
2424,11034,"RPC","IN",122,2,"StopObject","id=122 bytes=2","a1 00",""
2425,11034,"RPC","IN",99,42,"MoveObject","id=99 bytes=42","a1 00 f8 e3 a1 c3 d7 9b 26 45 ed 5e 7b 42 f8 e3 a1 c3 d7 9b 26 45 53 c5 7d 42 00 00 80 3e 00 00 00 00 00 00 00 00 08 cc 84 43",""
2426,11035,"RPC","IN",122,2,"StopObject","id=122 bytes=2","a1 00",""
2427,11035,"RPC","IN",99,42,"MoveObject","id=99 bytes=42","a1 00 f8 e3 a1 c3 d7 9b 26 45 ed 5e 7b 42 f8 e3 a1 c3 d7 9b 26 45 ed 5e 7b 42 00 00 80 3e 00 00 00 00 00 00 00 00 08 cc 84 43",""
2428,11035,"RPC","IN",122,2,"StopObject","id=122 bytes=2","a1 00",""
2429,11035,"RPC","IN",99,42,"MoveObject","id=99 bytes=42","a1 00 f8 e3 a1 c3 d7 9b 26 45 ed 5e 7b 42 f8 e3 a1 c3 d7 9b 26 45 53 c5 7d 42 00 00 80 3e 00 00 00 00 00 00 00 00 08 cc 84 43",""
2430,11064,"PACKET","IN",207,45,"PlayerSync","id=207 bytes=45","cf 4b 00 80 80 41 40 00 01 27 86 eb 70 c5 a9 09 91 4c 29 e0 10 84 00 00 00 03 83 8f 80 00 02 1e 57 e0 f3 e8 60 24 d3 fd fd c8 04 08 80",""
2431,11064,"PACKET","IN",207,45,"PlayerSync","id=207 bytes=45","cf 9e 00 84 00 60 7f c0 00 20 e6 69 b0 c7 b3 49 91 6c 0b df 50 80 00 00 00 03 ff b6 40 00 00 c3 fc 00 fa 3b 5e 88 8b fd fd a5 04 04 80",""
2432,11064,"PACKET","IN",207,45,"PlayerSync","id=207 bytes=45","cf 4b 00 80 80 41 40 00 01 24 07 ab 70 f4 a8 c9 91 60 2a 20 10 84 00 00 00 00 97 8f 80 00 03 4e 57 e0 f0 a8 60 98 d7 fd fd c8 04 08 80",""
2433,11064,"PACKET","IN",207,35,"PlayerSync","id=207 bytes=35","cf 46 00 02 00 04 95 e5 70 ce d4 09 91 63 ac de d0 80 00 00 00 02 f6 a7 c0 00 00 00 00 00 01 a5 04 08 80",""
2434,11064,"PACKET","IN",200,48,"VehicleSync","id=200 bytes=48","c8 76 00 30 00 00 00 00 00 00 00 1d 40 1d 20 13 9a fc 1f e7 ac 30 18 62 44 5c c1 97 84 20 3f ce a3 e4 10 01 28 84 77 f6 40 3d 00 02 66 32 f0 84",""
2435,11065,"PACKET","IN",200,44,"VehicleSync","id=200 bytes=44","c8 92 00 2a 00 00 00 11 00 20 00 28 40 47 70 8f 4f 36 8b 5b 0c 31 f8 72 94 56 c9 97 d4 2f ee 93 43 de 4c 86 51 7a 87 4c e0 39 00 00",""
2436,11098,"PACKET","IN",207,45,"PlayerSync","id=207 bytes=45","cf 4b 00 80 80 41 40 00 01 04 48 ab 70 e0 e8 c9 91 43 aa a0 10 84 00 00 00 02 63 8b 80 00 03 ae 57 e0 f0 f4 5d c8 db fd fd c8 04 08 80",""
2437,11098,"PACKET","IN",207,41,"PlayerSync","id=207 bytes=41","cf 63 00 00 00 06 a1 a3 30 dd 65 c9 91 6e 15 a0 50 84 00 00 00 01 43 db 80 00 00 15 3e d0 f7 94 f3 fc 4b fd fd ac 04 64 80",""
2438,11098,"PACKET","IN",207,45,"PlayerSync","id=207 bytes=45","cf 9e 00 83 80 60 7f c0 00 27 e1 69 b0 de 72 89 91 43 8b 9f 50 80 00 00 00 03 ab b6 40 00 00 d4 17 fc f6 a3 5e e8 8b fd fd a5 04 04 80",""
2439,11133,"PACKET","IN",207,43,"PlayerSync","id=207 bytes=43","cf 4b 00 41 00 00 01 2d c9 6b 70 cc e8 c9 91 69 ea e0 10 84 00 00 00 00 57 67 80 00 00 ba 5b e0 f2 40 59 b0 df fd fd c8 04 08 80",""
2440,11133,"PACKET","IN",207,41,"PlayerSync","id=207 bytes=41","cf 54 00 00 00 2e f8 28 f0 e0 a4 89 91 45 79 df 10 80 00 00 00 02 bf 32 c0 00 00 fd ed 60 e4 44 16 a6 8f fd fd a5 04 04 80",""
2441,11134,"PACKET","IN",200,44,"VehicleSync","id=200 bytes=44","c8 92 00 2a 00 00 00 11 00 20 00 2a d0 4a f0 80 df 4c 2a fb 0c 32 38 62 94 58 49 17 d4 27 05 be a3 c7 0c ae f1 82 c7 1c e0 39 00 00",""
2442,11134,"PACKET","IN",207,35,"PlayerSync","id=207 bytes=35","cf 9a 00 00 00 05 5a 28 30 df c8 49 d1 7b 67 1f 10 84 00 00 00 01 79 f3 c0 00 00 00 00 00 01 28 00 04 11",""
2443,11134,"PACKET","IN",207,45,"PlayerSync","id=207 bytes=45","cf 9e 00 82 80 60 7f c0 00 01 1c e9 b0 c0 b2 09 91 5f 4b 1f 50 80 00 00 00 01 cb b6 40 00 03 50 ff dc f7 4b 5f 88 8b fd fd a5 04 04 80",""
2444,11134,"PACKET","IN",207,35,"PlayerSync","id=207 bytes=35","cf 46 00 02 00 04 95 e5 70 ce d4 09 91 63 2c de d0 80 00 00 00 02 f6 a7 c0 00 00 00 00 00 01 a5 04 08 80",""
2445,11134,"PACKET","IN",207,43,"PlayerSync","id=207 bytes=43","cf 4b 00 40 c0 00 01 2d 4a 6b 70 fd 68 89 91 4e ab 60 10 84 00 00 00 01 3b 53 80 00 02 ce 7f e0 f3 c4 33 a5 1f fd fd c8 04 08 80",""
2446,11135,"PACKET","IN",207,41,"PlayerSync","id=207 bytes=41","cf 53 00 00 00 1d d4 e5 b0 ff cc 49 d1 6c e4 9f 10 80 00 00 00 03 52 2a c0 00 03 62 3d 1c eb b0 02 91 c3 fd fd a5 04 04 80",""
2447,11165,"RPC","IN",59,57,"ChatBubble","id=59 bytes=57","70 00 aa ff bb ff 00 00 f0 41 88 13 00 00 2a 2a 20 4d 65 6e 63 6f 62 61 20 6d 65 6e 67 68 69 64 75 70 6b 61 6e 20 6d 65 73 69 6e 20 6b 65 6e 64 61 72 61 61 6e 6e 79 61 2e",""
2448,11165,"PACKET","IN",207,41,"PlayerSync","id=207 bytes=41","cf 63 00 00 00 1e 65 63 30 d5 a5 09 91 6e 15 a0 50 84 00 00 00 01 43 db 80 00 01 89 0d c4 f7 94 f3 fc 4b fd fd ac 04 64 80",""
2449,11166,"PACKET","IN",200,38,"VehicleSync","id=200 bytes=38","c8 70 00 27 00 00 00 00 00 00 00 01 20 bb d0 2d 6e 76 7a fa 9c 33 1a e2 64 58 3a a7 f4 20 00 00 00 08 40 1c 00 00",""
2450,11166,"PACKET","IN",203,34,"AimSync","id=203 bytes=34","cb 70 00 04 49 d5 4c be 56 db 6d 3f ab 38 9f be a8 1f a9 c3 14 93 26 45 98 1d 83 42 00 00 00 00 3f c6",""
2451,11166,"PACKET","IN",200,48,"VehicleSync","id=200 bytes=48","c8 76 00 30 00 00 00 00 00 08 00 7f d0 0e d0 03 9a fd 2e 67 cc 3e f8 72 44 5c d0 d7 84 25 e4 3f 13 e4 10 01 18 86 07 f6 40 3d 00 03 00 1a f0 84",""
2452,11166,"PACKET","IN",207,35,"PlayerSync","id=207 bytes=35","cf 94 00 00 00 10 3e 66 b0 ef 39 c9 91 7b 67 1f 10 84 00 00 00 02 9a 53 c0 00 00 00 00 00 01 28 00 04 11",""
2453,11166,"PACKET","IN",207,45,"PlayerSync","id=207 bytes=45","cf 9e 00 81 80 60 7f c0 00 34 d7 e9 b0 e1 31 49 91 6d 0a 9f 50 80 00 00 00 03 b3 b2 40 00 01 0d 6f b4 f6 f3 63 04 8f fd fd a5 04 04 80",""
2454,11166,"PACKET","IN",207,43,"PlayerSync","id=207 bytes=43","cf 4b 00 40 40 00 01 37 0b ab 70 ec a8 89 91 4a eb e0 10 84 00 00 00 03 17 4f 80 00 02 fe 9f e0 f1 7c 27 ad 3f fd fd c8 04 08 80",""
2455,11167,"PACKET","IN",200,44,"VehicleSync","id=200 bytes=44","c8 92 00 2a 00 00 00 11 00 00 00 2f 60 4a f0 82 1f 4e 2a bb 0c 37 c8 52 94 5d e8 97 d4 2e aa 99 43 c2 1c aa b1 99 56 bc e0 39 00 00",""
2456,11167,"PACKET","IN",207,35,"PlayerSync","id=207 bytes=35","cf 3d 00 00 00 39 94 e5 b0 e4 03 c9 d1 6c 24 9f 10 80 00 00 00 02 af cd c0 00 00 00 00 00 01 28 00 04 11",""
2457,11198,"PACKET","IN",207,35,"PlayerSync","id=207 bytes=35","cf 1c 00 00 00 2d 02 a6 f0 e0 10 09 d1 7b 67 1f 10 84 00 00 00 00 15 5f 00 00 00 00 00 00 01 28 00 04 11",""
2458,11198,"PACKET","IN",207,41,"PlayerSync","id=207 bytes=41","cf 4b 00 00 00 1f 8c eb 70 dd e8 89 91 7a 2c 20 10 84 00 00 00 03 17 4f 80 00 02 16 a3 e0 f0 0c 27 3d 43 fd fd a5 04 04 80",""
2459,11198,"PACKET","IN",207,45,"PlayerSync","id=207 bytes=45","cf 9e 00 81 00 60 7f c0 00 21 d3 e9 b0 dc b0 c9 91 41 8a 5f 50 80 00 00 00 02 ff b2 40 00 01 e1 e7 90 f6 ef 66 e4 93 fd fd a5 04 04 80",""
2460,11199,"PACKET","IN",207,35,"PlayerSync","id=207 bytes=35","cf 0b 00 00 00 1a fc 26 b0 c0 43 09 d1 7b 67 1f 10 84 00 00 00 03 32 4b c0 00 00 00 00 00 01 28 00 04 11",""
2461,11199,"PACKET","IN",207,35,"PlayerSync","id=207 bytes=35","cf 1a 00 00 00 37 65 23 70 da 69 09 91 4b 21 de 90 80 00 00 00 00 b3 19 80 00 00 00 00 00 01 28 00 04 11",""
2462,11199,"PACKET","IN",203,34,"AimSync","id=203 bytes=34","cb 1a 00 04 81 fb 6a 3f df 07 b9 be 29 d1 27 be 31 99 8e c3 39 b1 26 45 62 61 7e 42 00 00 00 00 3f 36",""
2463,11199,"PACKET","IN",207,35,"PlayerSync","id=207 bytes=35","cf 54 00 00 00 2e f8 28 f0 e0 a4 89 91 45 79 df 10 80 00 00 00 02 bf 32 c0 00 00 00 00 00 01 a5 04 04 80",""
2464,11199,"PACKET","IN",200,44,"VehicleSync","id=200 bytes=44","c8 92 00 2a 00 00 00 11 00 00 00 22 a0 58 40 82 5f 40 aa ab 0c 32 e8 52 94 55 18 57 d4 25 65 f6 03 c5 9c b4 01 b6 b6 8c e0 39 00 00",""
2465,11200,"PACKET","OUT",207,69,"PlayerSync","id=207 bytes=69","cf 00 00 00 00 00 00 22 90 8d c3 0a 85 26 45 6a 86 7a 42 f5 21 4f 3f 00 00 00 00 00 00 00 00 89 70 16 3f 64 00 00 00 00 00 00 00 00 00 00 00 00 00 00 00 00 00 00 00 00 00 00 00 00 00 00 00 00 00 28 00 04 11",""
2466,11231,"PACKET","IN",207,45,"PlayerSync","id=207 bytes=45","cf 4b 00 ff ff ff bf c0 00 0b 8d eb 70 d2 28 89 91 52 ac a0 10 84 00 00 00 02 9b 23 80 00 03 fd 63 88 f0 0c 27 3d 43 fd fd c8 04 04 80",""
2467,11232,"PACKET","IN",207,35,"PlayerSync","id=207 bytes=35","cf 51 00 00 00 30 e3 68 30 f6 0c 09 d1 7b 67 1f 10 84 00 00 00 02 e7 67 c0 00 00 00 00 00 01 28 00 04 11",""
2468,11232,"PACKET","IN",200,38,"VehicleSync","id=200 bytes=38","c8 70 00 27 00 00 00 00 00 00 00 02 60 bc 20 2d 5e 76 3a fa 9c 33 1a e2 64 57 fa a7 f4 20 00 00 00 08 40 1c 00 00",""
2469,11232,"PACKET","IN",200,48,"VehicleSync","id=200 bytes=48","c8 76 00 30 00 00 00 00 00 08 00 74 e0 22 60 23 5a fc 8e 17 ec 3e f8 92 44 5a 40 47 84 27 ff 2f 93 e4 10 01 08 87 e7 f6 40 3d 00 02 fa 08 f0 84",""
2470,11232,"PACKET","IN",207,35,"PlayerSync","id=207 bytes=35","cf 85 00 00 00 2b 0b 62 b0 d7 e8 c9 91 50 59 de 90 84 00 00 00 03 a8 31 80 00 00 00 00 00 01 28 00 04 11",""
2471,11232,"PACKET","IN",203,34,"AimSync","id=203 bytes=34","cb 85 00 04 45 97 95 bd 2c 65 77 3f 51 69 7c be 8c 19 8a c3 14 82 26 45 29 ed 7e 42 00 00 00 00 3f c6",""
2472,11232,"PACKET","IN",207,45,"PlayerSync","id=207 bytes=45","cf 9e 00 80 80 60 7f c0 00 0c 4f e9 b0 d8 b0 49 91 53 09 df 50 80 00 00 00 02 07 b2 40 00 03 77 07 7c f4 43 68 34 97 fd fd a5 04 04 80",""
2473,11232,"RPC","IN",105,19,"TextDrawSetString","id=105 bytes=19","2f 01 0f 00 30 39 20 41 67 75 73 74 75 73 20 32 30 32 36",""
2474,11233,"RPC","IN",105,12,"TextDrawSetString","id=105 bytes=12","30 01 08 00 31 31 3a 35 36 3a 30 36",""
2475,11233,"PACKET","IN",207,41,"PlayerSync","id=207 bytes=41","cf 53 00 00 00 1d d4 e5 b0 ff cc 49 d1 6c e4 9f 10 80 00 00 00 03 52 2a c0 00 00 dd c1 d4 ef 67 3f d8 6f fd fd a5 04 04 80",""
2476,11233,"PACKET","IN",207,43,"PlayerSync","id=207 bytes=43","cf 63 00 60 3f c0 00 3c 68 e3 30 d9 a4 49 91 6e 15 a0 50 84 00 00 00 03 3f e7 80 00 03 85 3a b4 f7 94 f3 fc 4b fd fd e9 04 04 80",""
2477,11233,"PACKET","IN",200,44,"VehicleSync","id=200 bytes=44","c8 92 00 2a 00 00 00 11 00 00 00 25 a0 54 90 82 7f 4c 9a 8b 0c 3f b8 42 94 5c b8 17 d4 22 5f 91 63 c3 4c dc 81 d2 16 4c e0 39 00 00",""
2478,11233,"PACKET","IN",207,45,"PlayerSync","id=207 bytes=45","cf 4b 00 ff ff ff 7f c0 00 03 cf 6b 70 c7 28 89 91 52 6d 20 10 84 00 00 00 03 0e e3 80 00 03 03 c4 14 f5 90 0e e5 8b fd fd e9 04 04 80",""
2479,11265,"PACKET","IN",207,43,"PlayerSync","id=207 bytes=43","cf 9e 00 60 7f c0 00 2d cb a9 b0 d4 ef c9 91 5e c9 5f 50 80 00 00 00 00 c3 b2 40 00 03 78 bb 74 f6 0b 69 f8 97 fd fd a5 04 04 80",""
2480,11265,"PACKET","IN",200,38,"VehicleSync","id=200 bytes=38","c8 70 00 27 00 00 00 00 00 00 00 02 c0 bb f0 2d 5e 76 1a fa 9c 33 1a e2 64 57 ea a7 f4 20 00 00 00 08 40 1c 00 00",""
2481,11266,"PACKET","IN",200,44,"VehicleSync","id=200 bytes=44","c8 92 00 2a 00 00 00 11 00 00 00 29 80 5e c0 72 9f 4c 1a 7b 0c 3d 68 42 94 55 67 e7 d4 2c 41 3a 43 b4 cd 11 82 33 15 ec e0 39 00 00",""
2482,11279,"PACKET","OUT",203,32,"AimSync","id=203 bytes=32","cb 00 00 00 39 05 00 00 00 00 00 00 00 00 00 00 00 40 01 00 00 00 80 3f 00 00 f3 04 b5 3f 39 05",""
2483,11300,"PACKET","IN",207,45,"PlayerSync","id=207 bytes=45","cf 4b 00 ff ff ff 7f c0 00 33 90 6b 70 c5 a8 89 91 6c 6d 60 10 84 00 00 00 00 72 af 80 00 01 40 20 18 f4 70 02 95 eb fd fd e9 04 04 80",""
2484,11300,"PACKET","IN",207,45,"PlayerSync","id=207 bytes=45","cf 4b 00 ff 7f fe bf c0 00 30 d2 ab 70 cd 68 89 91 43 ee 20 10 84 00 00 00 02 de 3b 80 00 02 70 70 18 f6 e8 02 7e 37 fd fd e9 04 04 80",""
2485,11300,"PACKET","IN",200,48,"VehicleSync","id=200 bytes=48","c8 76 00 30 00 00 00 00 00 08 00 7f e0 1c d0 13 5a f1 d4 28 0c 39 68 b2 44 57 ef d7 74 29 f6 e0 03 f4 10 00 f8 86 47 f6 40 3d 00 02 d1 fa ee 84",""
2486,11300,"PACKET","IN",207,43,"PlayerSync","id=207 bytes=43","cf 63 00 60 3f c0 00 07 2a 63 30 e1 23 c9 91 6e 15 a0 50 84 00 00 00 03 67 f7 80 00 01 91 98 18 f4 a1 77 54 13 fd fd c8 04 04 80",""
2487,11332,"PACKET","IN",207,35,"PlayerSync","id=207 bytes=35","cf 49 00 00 00 05 d5 25 b0 dd 8f 09 d1 6c 24 9f 10 80 00 00 00 01 eb 77 c0 00 00 00 00 00 01 28 00 04 11",""
2488,11332,"PACKET","IN",207,45,"PlayerSync","id=207 bytes=45","cf 4b 00 ff 7f fe 7f c0 00 1d d3 ab 70 d9 68 89 91 73 2e 20 10 84 00 00 00 00 be 07 80 00 01 ed 08 18 f6 10 25 ba c3 fd fd e9 04 04 80",""
2489,11332,"PACKET","IN",200,44,"VehicleSync","id=200 bytes=44","c8 92 00 2a 00 00 00 11 00 00 00 2d a0 58 80 72 af 46 da 7b 0c 3d 18 42 94 53 57 c7 d4 24 d8 e6 83 a4 f8 bb 8e 84 63 7c e0 39 00 00",""
2490,11332,"PACKET","IN",207,43,"PlayerSync","id=207 bytes=43","cf 9e 00 60 7f c0 00 1c 02 69 b0 ee 2e 89 91 4c 08 5f 50 80 00 00 00 01 13 b2 40 00 01 88 e7 a0 f4 07 6f f8 97 fd fd a5 04 04 80",""
2491,11332,"RPC","IN",86,27,"ApplyPlayerAnimation","id=86 bytes=27","60 00 07 42 44 5f 46 49 52 45 07 77 61 73 68 5f 75 70 33 33 83 40 80 00 00 00 00",""
2492,11333,"PACKET","IN",207,41,"PlayerSync","id=207 bytes=41","cf 53 00 00 00 1d d4 e5 b0 ff cc 49 d1 6c e4 9f 10 80 00 00 00 03 52 2a c0 00 02 df e3 2c ef 67 3f d8 6f fd fd a5 04 04 80",""
2493,11333,"PACKET","IN",207,35,"PlayerSync","id=207 bytes=35","cf 7c 00 00 40 03 66 28 30 f1 c4 49 d1 7b 67 1f 10 84 00 00 00 01 fe 49 80 00 00 00 00 00 01 28 00 04 11",""
2494,11333,"PACKET","IN",207,35,"PlayerSync","id=207 bytes=35","cf 7e 00 00 00 11 42 a6 f0 c0 4b 89 d1 7b 67 1f 10 84 00 00 00 00 c6 1b 94 00 00 00 00 00 01 a5 04 e8 80",""
2495,11365,"PACKET","IN",207,45,"PlayerSync","id=207 bytes=45","cf 4b 00 fe ff fd bf c0 00 11 54 eb 70 ef 28 89 91 65 6e 60 10 84 00 00 00 01 89 bb 80 00 03 73 80 28 f5 e0 43 3a fb fd fd e9 04 04 80",""
2496,11365,"PACKET","IN",200,38,"VehicleSync","id=200 bytes=38","c8 70 00 27 00 00 00 00 00 00 00 02 70 bb a0 2d 5e 76 1a fa 9c 33 1a e2 64 57 ea a7 f4 20 00 00 00 08 40 1c 00 00",""
2497,11365,"PACKET","IN",207,35,"PlayerSync","id=207 bytes=35","cf 7c 00 00 00 03 66 28 30 f1 c4 49 d1 7b 67 1f 10 84 00 00 00 01 fe 49 80 00 00 00 00 00 01 28 00 04 11",""
2498,11365,"PACKET","IN",200,44,"VehicleSync","id=200 bytes=44","c8 92 00 2a 00 00 00 11 00 00 00 20 10 62 b0 72 bf 46 da 7b 0c 3d 98 42 94 57 47 b7 d4 20 c0 e2 c3 a6 e7 b9 bf ec 36 dc e0 39 00 00",""
2499,11365,"PACKET","IN",207,35,"PlayerSync","id=207 bytes=35","cf 1f 00 00 00 20 66 e8 30 c3 bc c9 91 7b 67 1f 10 84 00 00 00 00 97 53 00 00 00 00 00 00 01 28 00 04 11",""
2500,11366,"PACKET","IN",207,35,"PlayerSync","id=207 bytes=35","cf 29 00 00 00 2e 09 a5 b0 d1 c9 c9 d1 6c 24 9f 10 80 00 00 00 01 7d 63 c0 00 00 00 00 00 01 28 00 04 11",""
2501,11366,"PACKET","IN",207,45,"PlayerSync","id=207 bytes=45","cf 4b 00 fe ff fd bf c0 00 05 55 eb 70 c7 a8 c9 91 40 ae a0 10 84 00 00 00 03 59 7b 80 00 02 9f 0c 68 f5 98 71 97 43 fd fd e9 04 04 80",""
2502,11366,"PACKET","IN",200,48,"VehicleSync","id=200 bytes=48","c8 76 00 30 00 00 00 00 00 08 00 72 00 1e e0 03 7a f4 24 f8 1c 3b 68 d2 44 57 df 27 74 22 c7 c0 33 f4 10 00 f8 84 77 f6 40 3d 00 02 e5 e4 ee 84",""
2503,11399,"PACKET","IN",207,43,"PlayerSync","id=207 bytes=43","cf 63 00 60 3f c0 00 01 2b 63 30 da e3 49 91 6e 15 a0 50 84 00 00 00 00 37 ff 80 00 03 2f 30 68 f6 b9 9a 1c 0b fd fd c8 04 04 80",""
2504,11399,"PACKET","IN",207,45,"PlayerSync","id=207 bytes=45","cf 4b 00 fe 7f fd bf c0 00 2d 16 ab 70 e6 28 c9 91 4d ee a0 10 84 00 00 00 02 b5 37 80 00 03 c3 28 68 f7 a0 9f 73 73 fd fd e9 04 04 80",""
2505,11400,"PACKET","IN",207,43,"PlayerSync","id=207 bytes=43","cf 9e 00 60 7f c0 00 10 38 e9 70 ff 6d 49 91 75 87 1f 50 80 00 00 00 01 33 b2 40 00 03 40 2f 90 f7 ab 6b 98 97 fd fd a5 04 04 80",""
2506,11400,"PACKET","IN",200,44,"VehicleSync","id=200 bytes=44","c8 92 00 2a 00 00 00 11 00 00 00 21 20 6d 80 62 df 47 3a 7b 0c 3d e8 42 94 58 f7 b7 d4 2b 8c 20 b3 a8 96 96 9f 1e ab 6c e0 39 00 00",""
2507,11431,"PACKET","IN",207,45,"PlayerSync","id=207 bytes=45","cf 4b 00 fe 7f fd 7f c0 00 3b d7 ab 70 d5 e9 09 91 41 ae a0 10 84 00 00 00 00 c4 d7 80 00 03 e7 2c 68 f7 ec d5 b7 a3 fd fd e9 04 04 80",""
2508,11431,"PACKET","IN",207,35,"PlayerSync","id=207 bytes=35","cf 4d 00 00 00 02 00 23 30 e6 e4 09 91 70 1e 9e 90 84 00 00 00 03 da d0 80 00 00 00 00 00 01 28 00 04 11",""
2509,11432,"PACKET","IN",200,38,"VehicleSync","id=200 bytes=38","c8 70 00 27 00 00 00 00 00 00 00 01 d0 bb 70 2d 6e 76 4a fa 9c 33 1a e2 64 58 1a a7 f4 20 00 00 00 08 40 1c 00 00",""
2510,11432,"RPC","IN",86,27,"ApplyPlayerAnimation","id=86 bytes=27","27 00 07 42 44 5f 46 49 52 45 07 77 61 73 68 5f 75 70 33 33 83 40 80 00 00 00 00",""
2511,11466,"PACKET","IN",207,41,"PlayerSync","id=207 bytes=41","cf 53 00 00 00 1d d4 e5 b0 ff cc 49 d1 6c e4 9f 10 80 00 00 00 03 52 2a c0 00 02 6e 8b 88 ea 08 02 55 d3 fd fd a5 04 04 80",""
2512,11467,"PACKET","IN",207,35,"PlayerSync","id=207 bytes=35","cf 60 00 00 00 25 ca e3 30 e5 e0 49 91 6f df 1e 90 84 00 00 00 00 ae f9 c0 00 00 00 00 00 01 28 00 04 11",""
2513,11467,"PACKET","IN",207,43,"PlayerSync","id=207 bytes=43","cf 63 00 60 3f c0 00 1a eb e3 30 d0 e2 c9 91 6e 15 a0 50 84 00 00 00 03 13 ff 80 00 03 23 30 68 f4 89 ce 94 03 fd fd c8 04 04 80",""
2514,11467,"PACKET","IN",200,48,"VehicleSync","id=200 bytes=48","c8 76 00 30 00 00 00 00 00 08 00 7e 20 0b 20 03 7a fe 06 08 2c 3d e8 f2 44 58 2e 67 74 23 93 10 63 f4 10 01 08 85 b7 f6 40 3d 00 02 f9 cc ee 84",""
2515,11467,"PACKET","IN",200,44,"VehicleSync","id=200 bytes=44","c8 92 00 2a 00 00 00 11 00 20 00 22 70 6e a0 62 cf 4c 0a 8b 0c 31 c8 52 94 55 47 d7 d4 2f 50 56 e3 c2 13 84 ee 95 28 bc e0 39 00 00",""
2516,11468,"PACKET","IN",203,34,"AimSync","id=203 bytes=34","cb 92 00 12 fb b0 44 3f 5c f2 19 bf 22 76 60 be 28 1f b4 c3 d5 db 29 45 01 be 86 42 00 00 00 00 3f 37",""
2517,11468,"PACKET","IN",207,45,"PlayerSync","id=207 bytes=45","cf 4b 00 fe 7f fd 3f c0 00 03 98 ab 70 cd e9 49 91 54 2e 60 10 84 00 00 00 03 b8 6b 80 00 00 9b 08 68 f7 dd 2f c7 d3 fd fd e9 04 04 80",""
2518,11468,"PACKET","IN",207,35,"PlayerSync","id=207 bytes=35","cf 97 00 00 00 09 a6 25 b0 d5 fd 09 91 6c 24 9f 10 84 00 00 00 00 3b eb e8 00 00 00 00 00 01 28 00 04 11",""
2519,11468,"PACKET","IN",207,45,"PlayerSync","id=207 bytes=45","cf 9e 00 80 80 60 7f c0 00 0e 70 29 70 f2 ec 49 91 56 06 1f 50 80 00 00 00 03 77 9e 40 00 01 e6 e7 5c f4 5b 78 dc a7 fd fd a5 04 04 80",""
2520,11500,"PACKET","IN",207,45,"PlayerSync","id=207 bytes=45","cf 4b 00 fd ff fc ff c0 01 37 18 ab 70 eb e9 49 91 6d 2e 20 10 84 00 00 00 01 dc 2b 80 00 00 21 9f e4 f0 d9 94 a7 f7 fd fd e9 04 04 80",""
2521,11500,"PACKET","IN",200,44,"VehicleSync","id=200 bytes=44","c8 92 00 2a 00 00 00 11 00 20 00 25 10 67 50 72 8f 4c 7a db 0c 30 48 62 94 54 18 47 d4 28 31 10 83 d6 83 7c 1e 8c f8 bc e0 39 00 00",""
2522,11500,"PACKET","IN",207,35,"PlayerSync","id=207 bytes=35","cf 46 00 02 00 04 95 e5 70 ce d4 09 91 63 ac de d0 80 00 00 00 02 f6 a7 c0 00 00 00 00 00 01 a5 04 08 80",""
2523,11500,"PACKET","IN",200,38,"VehicleSync","id=200 bytes=38","c8 70 00 27 00 00 00 00 00 00 00 01 60 bb 50 2d 6e 76 4a fa 9c 33 1a e2 64 58 1a a7 f4 20 00 00 00 08 40 1c 00 00",""
2524,11500,"PACKET","IN",207,45,"PlayerSync","id=207 bytes=45","cf 4b 00 fd 7f fc bf c0 01 11 d8 eb 70 d4 a9 89 91 6c 6d e0 10 80 00 00 00 02 40 2f 80 00 00 0d 33 e4 f2 29 d6 47 ff fd fd e9 04 04 80",""
2525,11532,"PACKET","IN",207,43,"PlayerSync","id=207 bytes=43","cf 63 00 60 3f c0 00 16 6c 23 30 dd 62 49 91 6e 15 a0 50 84 00 00 00 03 db ff 80 00 00 70 ac 0c f5 dd e8 78 03 fd fd c8 04 04 80",""
2526,11533,"PACKET","IN",203,34,"AimSync","id=203 bytes=34","cb 63 00 04 34 7f f8 bc 7f 5c 70 bf 0e 86 af be 99 a2 8c c3 70 be 26 45 63 ee 84 42 00 00 00 00 3f 55",""
2527,11533,"PACKET","IN",200,48,"VehicleSync","id=200 bytes=48","c8 76 00 30 00 00 00 00 00 08 00 7f a0 1c 90 13 6a f3 c4 08 3c 3a 29 12 44 5f 1e 47 74 2c d4 d0 83 f4 10 01 08 85 d8 06 40 3d 00 03 dd c8 ee 84",""
2528,11565,"PACKET","IN",200,44,"VehicleSync","id=200 bytes=44","c8 92 00 2a 00 00 00 11 00 20 00 26 e0 60 a0 82 4f 4f db 4b 0c 34 f8 72 94 53 38 e7 d4 28 97 e4 83 d4 b3 7a ae 8e e8 bc e0 39 00 00",""
2529,11565,"PACKET","IN",207,45,"PlayerSync","id=207 bytes=45","cf 9e 00 81 80 60 7f c0 00 05 e6 69 70 c0 6b 89 91 4c c4 1f 50 80 00 00 00 03 db 7e 40 00 01 0f 1b 28 f7 53 9c 98 d7 fd fd a5 04 04 80",""
2530,11566,"PACKET","IN",203,34,"AimSync","id=203 bytes=34","cb 9e 00 04 2d f8 5a 3f fc 08 02 bf 63 80 d0 bd bc 2c a7 c3 22 cc 26 45 1f 74 80 42 00 00 00 00 3f 22",""
2531,11566,"PACKET","IN",207,45,"PlayerSync","id=207 bytes=45","cf 4b 00 fd 7f fc bf c0 01 30 98 ab 70 c2 a9 c9 91 52 ad a0 10 80 00 00 00 01 08 93 80 00 00 60 93 e4 f2 32 2d e7 ff fd fd e9 04 04 80",""
2532,11566,"PACKET","IN",207,41,"PlayerSync","id=207 bytes=41","cf 53 00 00 00 1d d4 e5 b0 ff cc 49 d1 6c e4 9f 10 80 00 00 00 03 52 2a c0 00 03 50 3c 90 ee 00 02 b1 d3 fd fd a5 04 04 80",""
2533,11566,"PACKET","IN",200,38,"VehicleSync","id=200 bytes=38","c8 70 00 27 00 00 00 00 00 00 00 01 30 bb 40 2d 6e 76 4a fa 9c 33 1a e2 64 58 1a a7 f4 20 00 00 00 08 40 1c 00 00",""
2534,11598,"PACKET","IN",207,45,"PlayerSync","id=207 bytes=45","cf 4b 00 fd 7f fc 7f c0 01 05 18 6b 70 f0 a9 c9 91 64 ed 20 10 80 00 00 00 02 c4 f7 80 00 01 8b cb dc f3 92 8f 73 eb fd fd e9 04 04 80",""
2535,11598,"PACKET","IN",200,44,"VehicleSync","id=200 bytes=44","c8 92 00 2a 00 00 00 11 00 20 00 24 e0 62 20 81 ff 41 0b fb 0c 31 c8 92 94 5b 88 c7 d4 25 94 06 83 da 13 6b be 86 37 ac e0 39 00 00",""
2536,11598,"PACKET","IN",207,45,"PlayerSync","id=207 bytes=45","cf 9e 00 82 80 60 7f c0 00 1d 21 29 70 d8 eb 09 91 79 02 df 50 80 00 00 00 01 db 76 40 00 02 68 bf 38 f5 eb b0 3c f3 fd fd a5 04 04 80",""
2537,11598,"PACKET","IN",207,45,"PlayerSync","id=207 bytes=45","cf 4b 00 fd 7f fc 3f c0 01 1d 57 ab 70 d8 2a 09 91 72 ac a0 10 80 00 00 00 00 e5 57 80 00 02 11 cb d0 f3 7e ec 83 c7 fd fd e9 04 04 80",""
2538,11599,"PACKET","IN",207,45,"PlayerSync","id=207 bytes=45","cf 4b 00 fd 7f fc 3f c0 01 36 d6 eb 70 f1 ea 09 91 58 ec 60 10 80 00 00 00 02 21 4f 80 00 00 46 db e0 f1 73 42 7f 8f fd fd e9 04 04 80",""
2539,11599,"PACKET","IN",207,43,"PlayerSync","id=207 bytes=43","cf 63 00 60 3f c0 00 36 6c 23 30 f8 21 89 91 6e 15 a0 50 84 00 00 00 03 ef ff 80 00 03 34 31 04 f5 0d f4 1c 03 fd fd c8 04 04 80",""
2540,11633,"RPC","IN",86,27,"ApplyPlayerAnimation","id=86 bytes=27","7e 00 07 42 44 5f 46 49 52 45 07 77 61 73 68 5f 75 70 33 33 83 40 80 00 00 00 00",""
2541,11634,"PACKET","IN",200,48,"VehicleSync","id=200 bytes=48","c8 76 00 30 00 53 00 fb ff 00 00 7a c0 1b e0 1b ba e0 65 b8 4c 3f 99 32 44 5f af 97 74 2e ff c0 93 f5 50 02 18 98 18 16 40 3d 00 02 cd f2 ee 84",""
2542,11634,"PACKET","IN",207,35,"PlayerSync","id=207 bytes=35","cf 46 00 02 00 04 95 e5 70 ce d4 09 91 63 ac de d0 80 00 00 00 02 f6 a7 c0 00 00 00 00 00 01 a5 04 08 80",""
2543,11634,"PACKET","IN",207,45,"PlayerSync","id=207 bytes=45","cf 9e 00 83 00 60 7f c0 00 3a 59 e9 70 d6 2a 89 91 5c 42 9f 50 80 00 00 00 02 6b 6e 40 00 03 80 73 34 f4 53 bd 9d 03 fd fd a5 04 04 80",""
2544,11665,"PACKET","IN",207,45,"PlayerSync","id=207 bytes=45","cf 4b 00 fc ff fb ff c0 01 26 56 6b 70 c8 ea 49 91 49 ec 20 10 80 00 00 00 00 39 33 80 00 01 82 df e0 f3 d7 3a f3 93 fd fd e9 04 04 80",""
2545,11665,"PACKET","IN",200,44,"VehicleSync","id=200 bytes=44","c8 92 00 2a 00 00 00 11 00 20 00 20 d0 6c a0 72 1f 4b fc 9b 0c 30 18 b2 94 59 38 47 d4 20 dd f8 83 d8 33 69 ee 8d d7 9c e0 39 00 00",""
2546,11665,"PACKET","IN",207,35,"PlayerSync","id=207 bytes=35","cf 46 00 02 00 04 95 e5 70 ce d4 09 91 63 ac de d0 80 00 00 00 02 f6 a7 c0 00 00 00 00 00 01 a5 04 08 80",""
2547,11665,"PACKET","IN",207,45,"PlayerSync","id=207 bytes=45","cf 4b 00 fc ff fb ff c0 01 00 95 eb 70 e6 ea 49 91 66 ab a0 10 80 00 00 00 00 21 27 80 00 00 e2 fb e0 f2 7f 21 9b a7 fd fd e9 04 04 80",""
2548,11666,"PACKET","IN",207,35,"PlayerSync","id=207 bytes=35","cf 94 00 00 00 10 3e 66 b0 ef 39 c9 91 7b 67 1f 10 84 00 00 00 02 9a 53 c0 00 00 00 00 00 01 28 00 04 11",""
2549,11666,"PACKET","IN",200,48,"VehicleSync","id=200 bytes=48","c8 76 00 30 00 7c 00 f9 ff 00 00 39 f0 01 f0 0d 2a c7 83 c8 5c 36 49 62 44 54 a0 f7 84 21 c6 d0 83 f9 b0 06 18 c4 18 16 40 3d 00 02 5e 10 f0 84",""
2550,11700,"PACKET","IN",207,43,"PlayerSync","id=207 bytes=43","cf 63 00 60 3f c0 00 1b 2c 63 30 e1 60 c9 91 6e 15 a0 50 84 00 00 00 03 ef ff 80 00 02 43 4e 24 f5 0d f4 1c 03 fd fd c8 04 04 80",""
2551,11700,"PACKET","IN",207,35,"PlayerSync","id=207 bytes=35","cf 9a 00 00 00 05 5a 28 30 df c8 49 d1 7b 67 1f 10 84 00 00 00 01 79 f3 c0 00 00 00 00 00 01 28 00 04 11",""
2552,11701,"PACKET","IN",207,45,"PlayerSync","id=207 bytes=45","cf 9e 00 83 80 60 7f c0 00 0d 94 e9 70 fd aa 09 91 41 42 5f 50 80 00 00 00 02 e7 6a 40 00 03 e9 33 14 f7 6f c2 71 0f fd fd a5 04 04 80",""
2553,11701,"PACKET","IN",207,45,"PlayerSync","id=207 bytes=45","cf 4b 00 fc ff fb ff c0 01 05 55 6b 70 fe 6a 49 91 59 ab 60 10 80 00 00 00 02 09 1b 80 00 02 e6 cb e0 f3 fb 14 a7 af fd fd e9 04 04 80",""
2554,11701,"PACKET","IN",200,44,"VehicleSync","id=200 bytes=44","c8 92 00 2a 00 00 00 11 00 00 00 2b a0 52 70 72 7f 4d 7d 6b 0c 35 88 d2 94 5d c8 07 d4 2f e2 98 73 da 43 6e 3e 8a 57 fc e0 39 00 00",""
2555,11701,"PACKET","IN",207,35,"PlayerSync","id=207 bytes=35","cf 1c 00 00 00 2d 02 a6 f0 e0 10 09 d1 7b 67 1f 10 84 00 00 00 00 15 5f 00 00 00 00 00 00 01 28 00 04 11",""
2556,11701,"PACKET","IN",207,45,"PlayerSync","id=207 bytes=45","cf 4b 00 fc ff fb bf c0 01 30 54 6b 70 e9 2a 89 91 51 6a e0 10 80 00 00 00 02 09 1b 80 00 00 d2 db e0 f3 1f 0e 4f b3 fd fd e9 04 04 80",""
2557,11701,"PACKET","IN",207,41,"PlayerSync","id=207 bytes=41","cf 53 00 00 00 1d d4 e5 b0 ff cc 49 d1 6c e4 9f 10 80 00 00 00 03 52 2a c0 00 00 00 b0 5c ec 24 06 f5 bf fd fd a5 04 04 80",""
2558,11701,"PACKET","IN",207,35,"PlayerSync","id=207 bytes=35","cf 54 00 00 00 2e f8 28 f0 e0 a4 89 91 45 79 df 10 80 00 00 00 02 bf 32 c0 00 00 00 00 00 01 a5 04 04 80",""
2559,11701,"PACKET","IN",200,38,"VehicleSync","id=200 bytes=38","c8 70 00 27 00 00 00 00 00 00 00 01 50 bb 40 2d 6e 76 4a fa 9c 33 1a e2 64 58 1a a7 f4 20 00 00 00 08 40 1c 00 00",""
2560,11702,"PACKET","IN",207,45,"PlayerSync","id=207 bytes=45","cf 9e 00 84 80 60 7f c0 00 05 8f a9 70 e6 29 c9 91 5a 01 df 50 80 00 00 00 03 93 6a 40 00 00 01 e3 0c f6 97 c4 75 17 fd fd a5 04 04 80",""
2561,11732,"PACKET","IN",207,35,"PlayerSync","id=207 bytes=35","cf 46 00 02 00 04 95 e5 70 ce d4 09 91 63 2c de d0 80 00 00 00 02 f6 a7 c0 00 00 00 00 00 01 a5 04 08 80",""
2562,11732,"PACKET","IN",207,35,"PlayerSync","id=207 bytes=35","cf 85 00 00 00 2b 0b 62 b0 d7 e8 c9 91 50 59 de 90 84 00 00 00 03 a8 31 80 00 00 00 00 00 01 28 00 04 11",""
2563,11732,"PACKET","IN",203,34,"AimSync","id=203 bytes=34","cb 85 00 04 45 97 95 bd 2c 65 77 3f 51 69 7c be 8c 19 8a c3 14 82 26 45 29 ed 7e 42 00 00 00 00 3f c6",""
2564,11732,"PACKET","IN",207,35,"PlayerSync","id=207 bytes=35","cf 0b 00 00 00 1a fc 26 b0 c0 43 09 d1 7b 67 1f 10 84 00 00 00 03 32 4b c0 00 00 00 00 00 01 28 00 04 11",""
2565,11732,"PACKET","IN",207,35,"PlayerSync","id=207 bytes=35","cf 1a 00 00 00 37 65 23 70 da 69 09 91 4b 21 de 90 80 00 00 00 00 b3 19 80 00 00 00 00 00 01 28 00 04 11",""
2566,11733,"PACKET","IN",207,45,"PlayerSync","id=207 bytes=45","cf 4b 00 fc ff fb bf c0 01 0d 53 eb 70 c9 ea c9 91 69 2a 60 10 80 00 00 00 02 61 0f 80 00 00 9e db e0 f3 1f 0e 4f b3 fd fd e9 04 04 80",""
2567,11733,"PACKET","IN",207,35,"PlayerSync","id=207 bytes=35","cf 7e 00 00 00 11 42 a6 f0 c0 4b 89 d1 7b 67 1f 10 84 00 00 00 00 c6 1b 94 00 00 00 00 00 01 28 00 04 11",""
2568,11733,"PACKET","IN",200,44,"VehicleSync","id=200 bytes=44","c8 92 00 2a 00 00 00 11 00 00 00 25 e0 52 30 62 ff 45 ce 2b 0c 36 98 f2 94 5b 48 57 d4 27 5a 06 53 d1 b3 7f 9e 81 98 7c e0 39 00 00",""
2569,11733,"RPC","IN",87,2,"ClearPlayerAnimation","id=87 bytes=2","94 00",""
2570,11733,"RPC","IN",86,29,"ApplyPlayerAnimation","id=86 bytes=29","94 00 05 43 41 52 52 59 0b 63 72 72 79 5f 70 72 74 69 61 6c 33 33 83 40 00 00 00 00 00",""
2571,11733,"PACKET","OUT",207,69,"PlayerSync","id=207 bytes=69","cf 00 00 00 00 00 00 22 90 8d c3 0a 85 26 45 6a 86 7a 42 f5 21 4f 3f 00 00 00 00 00 00 00 00 89 70 16 3f 64 00 00 00 00 00 00 00 00 00 00 00 00 00 00 00 00 00 00 00 00 00 00 00 00 00 00 00 00 00 28 00 04 11",""
2572,11764,"PACKET","IN",207,35,"PlayerSync","id=207 bytes=35","cf 3d 00 00 00 39 94 e5 b0 e4 03 c9 d1 6c 24 9f 10 80 00 00 00 02 af cd c0 00 00 00 00 00 01 28 00 04 11",""
2573,11764,"PACKET","IN",207,45,"PlayerSync","id=207 bytes=45","cf 9e 00 85 80 60 7f c0 00 0c 8a a9 70 d3 29 89 91 7b 01 5f 50 80 00 00 00 00 6b 6e 40 00 00 7a 5b 28 f5 ff c7 4d 13 fd fd a5 04 04 80",""
2574,11764,"PACKET","IN",207,45,"PlayerSync","id=207 bytes=45","cf 4b 00 fc ff fb bf c0 01 14 13 6b 70 e3 6a c9 91 59 6a 20 10 80 00 00 00 02 ed 03 80 00 01 92 eb e0 f0 c7 04 97 bb fd fd e9 04 04 80",""
2575,11765,"PACKET","IN",207,43,"PlayerSync","id=207 bytes=43","cf 63 00 60 3f c0 00 29 ac 63 30 f1 5f 89 91 6e 15 a0 50 80 00 00 00 03 fb ff 80 00 01 86 8e a4 f4 76 04 04 03 fd fd c8 04 04 80",""
2576,11765,"PACKET","IN",200,48,"VehicleSync","id=200 bytes=48","c8 76 00 30 00 7d 00 fb ff 00 00 34 a0 15 20 06 4a 8e 55 08 6c 3b b9 a2 44 5a e1 e7 84 2d f7 40 63 f6 30 1c c9 2a e8 06 40 3d 00 03 3b fc ee 84",""
2577,11765,"PACKET","IN",200,44,"VehicleSync","id=200 bytes=44","c8 92 00 2a 00 00 00 11 00 00 00 23 90 59 a0 53 3f 49 5e 8b 0c 38 99 02 94 53 d8 c7 d4 2f 58 34 b3 d8 b3 7e ee 81 a8 bc e0 39 00 00",""
2578,11800,"PACKET","IN",207,45,"PlayerSync","id=207 bytes=45","cf 4b 00 fc ff fb bf c0 01 08 92 ab 70 d0 ab 09 91 4f 69 a0 10 80 00 00 00 03 7c fb 80 00 02 b2 fb e0 f2 82 fa 83 bf fd fd e9 04 04 80",""
2579,11801,"PACKET","IN",200,38,"VehicleSync","id=200 bytes=38","c8 70 00 27 00 00 00 00 00 00 00 01 70 bb 50 2d 6e 76 4a fa 9c 33 1a e2 64 58 1a a7 f4 20 00 00 00 08 40 1c 00 00",""
2580,11801,"PACKET","IN",207,45,"PlayerSync","id=207 bytes=45","cf 9e 00 86 00 60 7f c0 00 12 c5 69 70 fb 69 09 91 59 81 1f 50 80 00 00 00 01 e3 6a 40 00 01 e0 4f 2c f5 3f c5 e1 13 fd fd a5 04 04 80",""
2581,11801,"PACKET","IN",207,41,"PlayerSync","id=207 bytes=41","cf 4b 00 00 00 18 52 2b 70 ea ab 09 91 41 69 60 10 80 00 00 00 03 7c fb 80 00 01 f7 07 e0 f3 c6 f2 3b c3 fd fd a5 04 04 80",""
2582,11801,"PACKET","IN",207,41,"PlayerSync","id=207 bytes=41","cf 53 00 00 00 1d d4 e5 b0 ff cc 49 d1 6c e4 9f 10 80 00 00 00 03 52 2a c0 00 00 ee 25 24 ef 30 02 f1 c7 fd fd a5 04 04 80",""
2583,11801,"PACKET","IN",207,35,"PlayerSync","id=207 bytes=35","cf 94 00 00 00 10 3e 66 b0 ef 39 c9 91 7b 67 1f 10 84 00 00 00 02 9a 53 c0 00 00 00 00 00 01 a5 04 e8 80",""
2584,11801,"PACKET","IN",207,35,"PlayerSync","id=207 bytes=35","cf 51 00 00 00 30 e3 68 30 f6 0c 09 d1 7b 67 1f 10 84 00 00 00 02 e7 67 c0 00 00 00 00 00 01 28 00 04 11",""
2585,11804,"PACKET","OUT",203,32,"AimSync","id=203 bytes=32","cb 00 00 00 39 05 00 00 00 00 00 00 00 00 00 00 00 40 01 00 00 00 80 3f 00 00 f3 04 b5 3f 39 05",""
2586,11832,"PACKET","IN",207,35,"PlayerSync","id=207 bytes=35","cf 46 00 02 00 04 95 e5 70 ce d4 09 91 63 ac de d0 80 00 00 00 02 f6 a7 c0 00 00 00 00 00 01 a5 04 08 80",""
2587,11832,"PACKET","IN",200,48,"VehicleSync","id=200 bytes=48","c8 76 00 30 00 7e 00 fb ff 00 00 34 a0 1d 90 0e 6a 3a 72 98 7c 38 79 f2 44 5c 02 77 84 29 ce 20 43 f6 e0 2d 39 8b 58 06 40 3d 00 03 43 e0 ee 84",""
2588,11832,"PACKET","IN",200,44,"VehicleSync","id=200 bytes=44","c8 92 00 2a 00 00 00 11 00 00 00 22 f0 52 d0 53 5f 4a 0e fb 0c 3d 19 12 94 52 99 67 d4 21 48 c2 53 d1 73 8f de 8c 18 dc e0 39 00 00",""
2589,11833,"PACKET","IN",207,45,"PlayerSync","id=207 bytes=45","cf 9e 00 87 00 60 7f c0 00 0f 00 a9 70 ed 28 c9 91 79 c0 9f 50 80 00 00 00 02 f3 6a 40 00 00 e3 af 04 f7 7f c6 35 17 fd fd a5 04 04 80",""
2590,11864,"PACKET","IN",207,43,"PlayerSync","id=207 bytes=43","cf 63 00 60 3f c0 00 0a ec 63 30 f9 1d c9 91 6e 15 a0 50 80 00 00 00 03 fb ff 80 00 02 dc 26 c0 f4 76 04 04 03 fd fd c8 04 04 80",""
2591,11864,"PACKET","IN",200,38,"VehicleSync","id=200 bytes=38","c8 70 00 27 00 00 00 00 00 00 00 01 80 bb 60 2d 6e 76 4a fa 9c 33 1a e2 64 58 1a a7 f4 20 00 00 00 08 40 1c 00 00",""
2592,11864,"PACKET","IN",203,34,"AimSync","id=203 bytes=34","cb 70 00 12 fb 7c c5 be 39 2d 6c 3f 08 2b 1f bc ef e9 a7 c3 a0 26 26 45 27 22 84 42 00 00 00 00 3f c6",""
2593,11864,"PACKET","IN",200,44,"VehicleSync","id=200 bytes=44","c8 92 00 2a 00 00 00 11 00 00 00 25 60 52 10 53 5f 4d 4f 5b 0c 3f 59 22 94 50 29 f7 d4 20 0e cf d3 c5 c3 87 0e 99 08 bc e0 39 00 00",""
2594,11865,"PACKET","IN",207,35,"PlayerSync","id=207 bytes=35","cf 97 00 00 00 09 a6 25 b0 d5 fd 09 91 6c 24 9f 10 84 00 00 00 00 3b eb e8 00 00 00 00 00 01 28 00 04 11",""
2595,11865,"PACKET","IN",207,45,"PlayerSync","id=207 bytes=45","cf 9e 00 88 80 60 bf c0 00 33 3b a9 30 dc a8 89 91 5a c0 5f 50 80 00 00 00 02 73 6e 40 00 01 fa fe dc f6 8f c4 65 17 fd fd a5 04 04 80",""
2596,11865,"RPC","IN",16,16,"PlaySound","id=16 bytes=16","43 51 00 00 00 00 00 00 00 00 00 00 00 00 00 00",""
2597,11865,"RPC","IN",134,80,"ShowTextDraw","id=134 bytes=80","2c 08 11 9a 99 19 3f 00 00 00 40 1a ff 00 aa 9a 99 b7 42 00 00 a0 41 00 00 00 32 00 01 00 00 00 ff 04 00 00 00 59 43 00 00 b8 43 00 00 00 00 00 00 00 00 00 00 00 00 00 00 00 00 80 3f ff ff ff ff 0d 00 6c 64 5f 64 75 61 6c 3a 77 68 69 74 65",""
2598,11865,"RPC","IN",105,7,"TextDrawSetString","id=105 bytes=7","26 08 03 00 31 30 30",""
2599,11865,"RPC","IN",105,5,"TextDrawSetString","id=105 bytes=5","27 08 01 00 30",""
2600,11865,"RPC","IN",105,6,"TextDrawSetString","id=105 bytes=6","28 08 02 00 35 30",""
2601,11865,"RPC","IN",105,5,"TextDrawSetString","id=105 bytes=5","29 08 01 00 39",""
2602,11865,"RPC","IN",105,7,"TextDrawSetString","id=105 bytes=7","2a 08 03 00 31 30 30",""
2603,11865,"PACKET","IN",207,41,"PlayerSync","id=207 bytes=41","cf 53 00 00 00 32 d4 e5 b0 ff 4c 49 d1 6c e4 9f 10 80 00 00 00 03 52 2a c0 00 02 da fa c8 e8 f4 04 e1 bb fd fd a5 04 04 80",""
2604,11900,"PACKET","IN",207,35,"PlayerSync","id=207 bytes=35","cf 49 00 00 00 05 d5 25 b0 dd 8f 09 d1 6c 24 9f 10 80 00 00 00 01 eb 77 c0 00 00 00 00 00 01 28 00 04 11",""
2605,11900,"PACKET","IN",207,41,"PlayerSync","id=207 bytes=41","cf 4b 00 00 00 22 90 ab 70 c0 eb 89 91 7e 68 20 10 80 00 00 00 03 7c fb 80 00 01 b6 76 a8 f3 c6 f2 3b c3 fd fd a5 04 04 80",""
2606,11900,"PACKET","IN",203,34,"AimSync","id=203 bytes=34","cb 4b 00 04 3d 82 30 3f 86 3e 24 3f 4d 19 ac be e0 2d ae c3 52 92 26 45 85 9c 83 42 00 00 00 00 3f 36",""
2607,11900,"RPC","IN",87,2,"ClearPlayerAnimation","id=87 bytes=2","85 00",""
2608,11901,"RPC","IN",86,29,"ApplyPlayerAnimation","id=86 bytes=29","85 00 05 43 41 52 52 59 0b 63 72 72 79 5f 70 72 74 69 61 6c 33 33 83 40 00 00 00 00 00",""
2609,11901,"PACKET","IN",207,35,"PlayerSync","id=207 bytes=35","cf 46 00 02 00 04 95 e5 70 ce d4 09 91 63 2c de d0 80 00 00 00 02 f6 a7 c0 00 00 00 00 00 01 a5 04 08 80",""
2610,11901,"PACKET","IN",207,35,"PlayerSync","id=207 bytes=35","cf 7c 00 00 00 03 66 28 30 f1 c4 49 d1 7b 67 1f 10 84 00 00 00 01 fe 49 80 00 00 00 00 00 01 28 00 04 11",""
2611,11901,"PACKET","IN",207,45,"PlayerSync","id=207 bytes=45","cf 9e 00 8a 00 60 bf c0 00 07 f7 29 30 cc a8 49 91 49 40 1f 50 80 00 00 00 00 4f 72 40 00 02 8f 02 cc f7 67 c2 61 0f fd fd a5 04 04 80",""
2612,11901,"PACKET","IN",200,48,"VehicleSync","id=200 bytes=48","c8 76 00 30 00 00 00 00 00 00 00 36 a0 10 70 1c 59 d7 a3 18 8c 34 8a 72 44 56 63 67 84 27 6f 30 23 f2 90 45 aa 0f 48 06 40 3d 00 03 59 ca ee 84",""
2613,11901,"PACKET","IN",200,44,"VehicleSync","id=200 bytes=44","c8 92 00 2a 00 00 00 11 00 00 00 28 20 54 30 53 4f 4f 9f 8b 0c 38 b9 32 94 51 7a 27 d4 2e 11 0c b3 c6 63 8d de 90 78 7c e0 39 00 00",""
2614,11930,"PACKET","IN",207,41,"PlayerSync","id=207 bytes=41","cf 63 00 00 00 39 6c 23 30 dc 9d 09 91 6e 15 a0 50 80 00 00 00 03 f7 ff 80 00 00 c8 ce bc f5 da 04 08 03 fd fd a5 04 04 80",""
2615,11965,"PACKET","IN",207,35,"PlayerSync","id=207 bytes=35","cf 29 00 00 00 2e 09 a5 b0 d1 c9 c9 d1 6c 24 9f 10 80 00 00 00 01 7d 63 c0 00 00 00 00 00 01 28 00 04 11",""
2616,11965,"PACKET","IN",200,44,"VehicleSync","id=200 bytes=44","c8 92 00 2a 00 00 00 11 00 00 00 2b 00 56 e0 53 2f 44 4f bb 0c 3f 99 32 94 5d 3a 27 d4 24 e6 29 93 c8 23 82 be a4 e8 0c e0 39 00 00",""
2617,11965,"PACKET","IN",207,35,"PlayerSync","id=207 bytes=35","cf 97 00 00 00 09 a6 25 b0 d5 fd 09 91 6c 24 9f 10 84 00 00 00 00 3b eb e8 00 00 00 00 00 01 28 00 04 11",""
2618,11965,"PACKET","IN",207,45,"PlayerSync","id=207 bytes=45","cf 9e 00 8a 80 60 bf c0 00 12 32 29 30 f6 27 c9 91 78 bf 9f 10 80 00 00 00 03 9f 6e 40 00 03 a5 b6 c8 f5 af c3 31 0b fd fd a5 04 04 80",""
2619,11966,"PACKET","IN",207,35,"PlayerSync","id=207 bytes=35","cf 1f 00 00 00 20 66 e8 30 c3 bc c9 91 7b 67 1f 10 84 00 00 00 00 97 53 00 00 00 00 00 00 01 28 00 04 11",""
2620,11966,"PACKET","IN",207,41,"PlayerSync","id=207 bytes=41","cf 4b 00 00 00 38 cf ab 70 f6 eb 89 91 5c 67 a0 10 80 00 00 00 03 7c fb 80 00 02 ab fc c0 f3 c6 f2 3b c3 fd fd a5 04 04 80",""
2621,11966,"PACKET","IN",207,41,"PlayerSync","id=207 bytes=41","cf 53 00 00 00 29 95 25 b0 c9 8c 89 d1 6c e4 9f 10 80 00 00 00 03 52 2a c0 00 02 b3 a2 84 e8 70 a7 f3 77 fd fd a5 04 04 80",""
2622,11966,"PACKET","IN",207,35,"PlayerSync","id=207 bytes=35","cf 60 00 00 00 25 ca e3 30 e5 e0 49 91 6f df 1e 90 84 00 00 00 00 ae f9 c0 00 00 00 00 00 01 28 00 04 11",""
2623,11966,"PACKET","IN",200,48,"VehicleSync","id=200 bytes=48","c8 76 00 30 00 00 00 00 00 00 00 34 70 1c c0 09 e9 af 0f f8 8c 37 2a e2 44 5e f4 37 84 2c 87 b0 13 ff a0 45 4a 3f f8 06 40 3d 00 03 cf f2 ee 84",""
2624,11966,"PACKET","IN",203,34,"AimSync","id=203 bytes=34","cb 76 00 12 c3 2f 7d bf f6 13 c2 3d 36 6b e8 bd 45 1f 86 c3 36 a3 24 45 a5 ec 7c 42 00 00 00 00 06 ff",""
2625,11966,"PACKET","IN",207,35,"PlayerSync","id=207 bytes=35","cf 85 00 00 00 2b 0b 62 b0 d7 e8 c9 91 50 59 de 90 84 00 00 00 03 a8 31 80 00 00 00 00 00 01 a5 04 e8 80",""
2626,11966,"PACKET","IN",200,44,"VehicleSync","id=200 bytes=44","c8 92 00 2a 00 00 00 11 00 00 00 2d e0 59 a0 53 0f 4f ef cb 0c 34 d9 42 94 59 ea 17 d4 25 e2 85 03 c0 23 90 2e ab 77 5c e0 39 00 00",""
2627,11966,"PACKET","IN",203,34,"AimSync","id=203 bytes=34","cb 92 00 12 80 25 4f 3f 70 2c 0b bf 3c 48 64 be 82 a2 b4 c3 b3 e2 29 45 62 e1 86 42 00 00 00 00 3f 37",""
2628,11966,"PACKET","IN",207,45,"PlayerSync","id=207 bytes=45","cf 9e 00 8b 00 60 bf c0 00 39 2c e9 30 dd e7 89 91 62 ff 5f 10 80 00 00 00 03 1f 6e 40 00 02 5d fa e0 f6 4f c0 5d 0f fd fd a5 04 04 80",""
2629,11991,"PACKET","IN",207,41,"PlayerSync","id=207 bytes=41","cf 63 00 00 00 23 6c 23 30 ee 1c 09 91 6e 15 a0 50 80 00 00 00 03 f7 ff 80 00 02 68 aa 08 f5 da 04 08 03 fd fd a5 04 04 80",""
2630,11991,"PACKET","OUT",205,9,"UNKNOWN_PACKET","id=205 bytes=9","cd b8 4a 04 00 00 00 00 00",""
2631,12014,"PACKET","IN",200,38,"VehicleSync","id=200 bytes=38","c8 92 00 2a 00 00 00 11 00 00 00 20 e0 6b e0 52 ff 4f 3f db 0c 37 c9 42 94 52 39 f7 d4 20 00 00 00 0c e0 39 00 00",""
2632,12049,"PACKET","IN",207,45,"PlayerSync","id=207 bytes=45","cf 9e 00 8b 00 60 ff c0 00 08 66 69 30 ea a7 09 91 70 be df 10 80 00 00 00 03 83 6a 40 00 02 69 9a d4 f6 c7 c1 3d 0f fd fd a5 04 04 80",""
2633,12049,"PACKET","IN",207,35,"PlayerSync","id=207 bytes=35","cf 46 00 02 00 04 95 e5 70 ce d4 09 91 63 ac de d0 80 00 00 00 02 f6 a7 c0 00 00 00 00 00 01 a5 04 08 80",""
2634,12050,"PACKET","IN",207,41,"PlayerSync","id=207 bytes=41","cf 4b 00 00 00 2d cf 6b 70 c8 2b c9 91 68 a7 60 10 80 00 00 00 03 7c fb 80 00 01 3f 70 0c ef c6 f2 3b c3 fd fd a5 04 04 80",""
2635,12050,"PACKET","IN",200,48,"VehicleSync","id=200 bytes=48","c8 76 00 30 00 00 00 00 00 00 00 33 b0 0c 80 0d 09 83 6f e8 9c 3d fb 72 44 54 d5 77 84 29 02 bf f3 e7 b0 50 7a 57 a8 16 40 3d 00 03 82 4a f0 84",""
2636,12082,"PACKET","IN",207,41,"PlayerSync","id=207 bytes=41","cf 53 00 00 00 04 95 65 b0 cd 8c 89 d1 6c e4 9f 10 80 00 00 00 03 52 2a c0 00 03 6e b2 80 e9 a1 0e ff c3 fd fd a5 04 04 80",""
2637,12083,"PACKET","IN",200,38,"VehicleSync","id=200 bytes=38","c8 92 00 2a 00 00 00 11 00 00 00 22 c0 6e 60 52 df 4e ff db 0c 37 c9 42 94 54 79 f7 d4 20 00 00 00 0c e0 39 00 00",""
2638,12083,"PACKET","IN",207,41,"PlayerSync","id=207 bytes=41","cf 63 00 00 00 12 6c 23 30 f3 db 49 91 6e 15 a0 50 80 00 00 00 03 f7 ff 80 00 01 74 0b b0 f1 da 04 08 03 fd fd a5 04 04 80",""
2639,12115,"PACKET","IN",207,35,"PlayerSync","id=207 bytes=35","cf 4b 00 00 00 2d cf 6b 70 c8 2b c9 91 68 a7 60 10 80 00 00 00 03 7c fb 80 00 00 00 00 00 01 a5 04 04 80",""
2640,12115,"PACKET","IN",200,38,"VehicleSync","id=200 bytes=38","c8 92 00 2a 00 00 00 11 00 00 00 23 a0 61 60 62 bf 4e cf db 0c 37 c9 42 94 56 d9 f7 d4 20 00 00 00 0c e0 39 00 00",""
2641,12115,"PACKET","IN",207,45,"PlayerSync","id=207 bytes=45","cf 9e 00 8b 00 60 ff c0 00 1b dc 69 30 c6 a6 89 91 6d 3e 1f 10 80 00 00 00 03 8f 66 40 00 03 fa 86 f8 f7 c7 c6 bd 17 fd fd a5 04 04 80",""
2642,12148,"PACKET","IN",200,48,"VehicleSync","id=200 bytes=48","c8 76 00 30 00 06 00 00 00 00 00 77 10 00 10 12 29 81 9f 78 ac 36 5c 12 44 55 e7 c7 84 29 e4 4f b3 eb a0 5c 1a 5c 68 26 40 3d 00 02 ee be f0 84",""
2643,12148,"RPC","IN",24,18,"SetVehicleParamsEx","id=24 bytes=18","27 00 00 00 ff 00 ff 00 ff ff ff ff ff ff ff ff ff ff",""
2644,12182,"PACKET","IN",207,41,"PlayerSync","id=207 bytes=41","cf 53 00 00 00 13 15 65 b0 d3 cc 89 d1 6c e4 9f 10 80 00 00 00 03 52 2a c0 00 02 55 6e a0 ea 8d 75 33 ef fd fd a5 04 04 80",""
2645,12182,"PACKET","IN",207,41,"PlayerSync","id=207 bytes=41","cf 63 00 00 00 0e ac 23 30 c9 5b 49 91 6e 15 a0 50 80 00 00 00 03 f7 ff 80 00 00 57 cd 2c ed da 04 08 03 fd fd a5 04 04 80",""
2646,12182,"PACKET","IN",200,38,"VehicleSync","id=200 bytes=38","c8 92 00 2a 00 00 00 11 00 00 00 23 a0 62 e0 62 bf 4e cf db 0c 37 c9 42 94 57 e9 f7 d4 20 00 00 00 0c e0 39 00 00",""
2647,12183,"PACKET","IN",207,35,"PlayerSync","id=207 bytes=35","cf 46 00 02 00 04 95 e5 70 ce d4 09 91 63 2c de d0 80 00 00 00 02 f6 a7 c0 00 00 00 00 00 01 a5 04 08 80",""
2648,12183,"PACKET","IN",200,38,"VehicleSync","id=200 bytes=38","c8 70 00 27 00 00 00 00 00 00 00 01 80 bb 50 2d 6e 76 4a fa 9c 33 1a e2 64 58 1a a7 f4 20 00 00 00 08 40 1c 00 00",""
2649,12214,"PACKET","IN",200,38,"VehicleSync","id=200 bytes=38","c8 92 00 2a 00 00 00 11 00 00 00 22 d0 64 10 62 af 4e cf db 0c 37 c9 42 94 58 99 f7 d4 20 00 00 00 0c e0 39 00 00",""
2650,12214,"PACKET","IN",207,35,"PlayerSync","id=207 bytes=35","cf 9a 00 00 00 05 5a 28 30 df c8 49 d1 7b 67 1f 10 84 00 00 00 01 79 f3 c0 00 00 00 00 00 01 28 00 04 11",""
2651,12215,"PACKET","IN",207,45,"PlayerSync","id=207 bytes=45","cf 9e 00 8b 00 60 ff c0 00 1b 51 69 30 d7 a5 c9 91 7b 3d 1f 10 80 00 00 00 00 b3 66 40 00 00 a1 4a d8 f7 37 c9 99 1f fd fd a5 04 04 80",""
2652,12215,"PACKET","IN",200,48,"VehicleSync","id=200 bytes=48","c8 76 00 30 00 34 00 fd ff 00 00 71 c0 02 70 11 a9 73 de b8 bc 30 dc b2 44 5d ba a7 84 2e 65 cf 73 e3 f0 66 5a 7c d8 26 40 3d 00 03 37 28 f0 84",""
2653,12248,"PACKET","IN",207,45,"PlayerSync","id=207 bytes=45","cf 9e 00 8b 00 60 bf c0 00 0a 91 e9 30 c9 a5 c9 91 52 3d 9f 10 80 00 00 00 00 6f 66 40 00 03 e2 24 a0 f3 84 94 68 97 fd fd a5 04 04 80",""
2654,12248,"PACKET","IN",207,35,"PlayerSync","id=207 bytes=35","cf 1c 00 00 00 2d 02 a6 f0 e0 10 09 d1 7b 67 1f 10 84 00 00 00 00 15 5f 00 00 00 00 00 00 01 28 00 04 11",""
2655,12248,"PACKET","IN",207,35,"PlayerSync","id=207 bytes=35","cf 46 00 02 00 04 95 e5 70 ce d4 09 91 63 ac de d0 80 00 00 00 02 f6 a7 c0 00 00 00 00 00 01 a5 04 08 80",""
2656,12248,"PACKET","IN",207,35,"PlayerSync","id=207 bytes=35","cf 63 00 00 00 0e ac 23 30 c9 5b 49 91 6e 15 a0 50 80 00 00 00 03 f7 ff 80 00 00 00 00 00 01 a5 04 04 80",""
2657,12281,"PACKET","IN",207,35,"PlayerSync","id=207 bytes=35","cf 0b 00 00 00 1a fc 26 b0 c0 43 09 d1 7b 67 1f 10 84 00 00 00 03 32 4b c0 00 00 00 00 00 01 28 00 04 11",""
2658,12282,"PACKET","IN",207,41,"PlayerSync","id=207 bytes=41","cf 53 00 00 00 1b 95 65 b0 d5 8c 89 d1 6c e4 9f 10 80 00 00 00 03 52 2a c0 00 00 c5 02 08 e9 fe 79 3f f3 fd fd a5 04 04 80",""
2659,12282,"RPC","IN",105,19,"TextDrawSetString","id=105 bytes=19","2f 01 0f 00 30 39 20 41 67 75 73 74 75 73 20 32 30 32 36",""
2660,12282,"RPC","IN",105,12,"TextDrawSetString","id=105 bytes=12","30 01 08 00 31 31 3a 35 36 3a 30 37",""
2661,12283,"PACKET","OUT",207,69,"PlayerSync","id=207 bytes=69","cf 00 00 00 00 00 00 22 90 8d c3 0a 85 26 45 6a 86 7a 42 f5 21 4f 3f 00 00 00 00 00 00 00 00 89 70 16 3f 64 00 00 00 00 00 00 00 00 00 00 00 00 00 00 00 00 00 00 00 00 00 00 00 00 00 00 00 00 00 28 00 04 11",""
2662,12315,"PACKET","IN",207,35,"PlayerSync","id=207 bytes=35","cf 1a 00 00 00 37 65 23 70 da 69 09 91 4b 21 de 90 80 00 00 00 00 b3 19 80 00 00 00 00 00 01 28 00 04 11",""
2663,12315,"PACKET","IN",200,48,"VehicleSync","id=200 bytes=48","c8 76 00 30 00 41 00 fb ff 00 00 30 00 0b e0 1c 89 42 fd a8 cc 32 ed 52 44 5c 0d 17 84 23 37 1f 33 e4 b0 78 6a a4 68 26 40 3d 00 02 0f 70 f0 84",""
2664,12315,"PACKET","IN",200,38,"VehicleSync","id=200 bytes=38","c8 92 00 2a 00 00 00 11 00 00 00 22 10 64 30 62 bf 4e ef db 0c 37 c9 42 94 58 89 f7 d4 20 00 00 00 0c e0 39 00 00",""
2665,12316,"PACKET","IN",207,35,"PlayerSync","id=207 bytes=35","cf 94 00 00 00 10 3e 66 b0 ef 39 c9 91 7b 67 1f 10 84 00 00 00 02 9a 53 c0 00 00 00 00 00 01 a5 04 e8 80",""
2666,12316,"PACKET","IN",207,35,"PlayerSync","id=207 bytes=35","cf 7e 00 00 00 11 42 a6 f0 c0 4b 89 d1 7b 67 1f 10 84 00 00 00 00 c6 1b 94 00 00 00 00 00 01 28 00 04 11",""
2667,12316,"PACKET","IN",207,45,"PlayerSync","id=207 bytes=45","cf 9e 00 8a 80 60 bf c0 00 34 8d a9 30 f2 65 49 91 4b 3d 9f 10 80 00 00 00 03 df 5e 40 00 01 44 a6 cc f4 1b cf 69 1f fd fd a5 04 04 80",""
2668,12316,"PACKET","IN",200,38,"VehicleSync","id=200 bytes=38","c8 92 00 2a 00 00 00 11 00 00 00 20 70 63 f0 62 bf 4f 1f db 0c 37 c9 42 94 58 09 f7 d4 20 00 00 00 0c e0 39 00 00",""
2669,12332,"PACKET","OUT",203,32,"AimSync","id=203 bytes=32","cb 00 00 00 39 05 00 00 00 00 00 00 00 00 00 00 00 40 01 00 00 00 80 3f 00 00 f3 04 b5 3f 39 05",""
2670,12351,"PACKET","IN",207,41,"PlayerSync","id=207 bytes=41","cf 53 00 00 00 0a d5 65 b0 d7 cc 89 d1 6c e4 9f 10 80 00 00 00 03 52 2a c0 00 03 1f fd fc ea c2 f4 9b c3 fd fd a5 04 04 80",""
2671,12383,"PACKET","IN",200,38,"VehicleSync","id=200 bytes=38","c8 92 00 2a 00 00 00 11 00 00 00 2f 60 53 b0 62 bf 4f 3f db 0c 37 c9 42 94 57 99 f7 d4 20 00 00 00 0c e0 39 00 00",""
2672,12384,"PACKET","IN",200,48,"VehicleSync","id=200 bytes=48","c8 76 00 30 00 00 00 00 00 00 00 32 d0 0e 60 1e 29 20 1c 48 dc 3c 2d f2 44 55 af 47 84 2e d9 7e f3 ee 00 72 5a c4 58 26 40 3d 00 03 a5 c0 f0 84",""
2673,12384,"PACKET","IN",207,45,"PlayerSync","id=207 bytes=45","cf 9e 00 8a 80 60 bf c0 00 03 8e a9 30 ce e5 49 91 50 3e 5f 10 80 00 00 00 02 07 5e 40 00 00 4b bd 0c f0 3c da 10 5f fd fd a5 04 04 80",""
2674,12416,"PACKET","IN",207,35,"PlayerSync","id=207 bytes=35","cf 54 00 00 00 2e f8 28 f0 e0 a4 89 91 45 79 df 10 80 00 00 00 02 bf 32 c0 00 00 00 00 00 01 a5 04 04 80",""
2675,12417,"PACKET","IN",203,34,"AimSync","id=203 bytes=34","cb 54 00 04 0c 87 73 3f 3d ea 8f be 47 c4 01 be 36 6b a5 c3 14 a1 26 45 ef 78 80 42 00 00 00 00 3f 36",""
2676,12417,"PACKET","IN",207,37,"PlayerSync","id=207 bytes=37","cf 63 00 60 3f c0 00 0e ac 23 30 c9 5b 49 91 6e 15 a0 50 80 00 00 00 02 0f ff 80 00 00 00 00 00 01 c8 04 04 80",""
2677,12417,"PACKET","IN",200,38,"VehicleSync","id=200 bytes=38","c8 92 00 2a 00 00 00 11 00 00 00 2e f0 53 70 62 cf 4f 4f db 0c 37 c9 42 94 57 59 f7 d4 20 00 00 00 0c e0 39 00 00",""
2678,12418,"PACKET","IN",207,35,"PlayerSync","id=207 bytes=35","cf 51 00 00 00 30 e3 68 30 f6 0c 09 d1 7b 67 1f 10 84 00 00 00 02 e7 67 c0 00 00 00 00 00 01 28 00 04 11",""
2679,12418,"RPC","IN",87,2,"ClearPlayerAnimation","id=87 bytes=2","29 00",""
2680,12418,"RPC","IN",86,29,"ApplyPlayerAnimation","id=86 bytes=29","29 00 05 43 41 52 52 59 0b 63 72 72 79 5f 70 72 74 69 61 6c 33 33 83 40 00 00 00 00 00",""
2681,12418,"PACKET","IN",207,35,"PlayerSync","id=207 bytes=35","cf 46 00 02 00 04 95 e5 70 ce d4 09 91 63 2c de d0 80 00 00 00 02 f6 a7 c0 00 00 00 00 00 01 a5 04 08 80",""
2682,12447,"PACKET","IN",207,35,"PlayerSync","id=207 bytes=35","cf 49 00 00 00 05 d5 25 b0 dd 8f 09 d1 6c 24 9f 10 80 00 00 00 01 eb 77 c0 00 00 00 00 00 01 28 00 04 11",""
2683,12447,"PACKET","IN",207,41,"PlayerSync","id=207 bytes=41","cf 53 00 00 00 2f 95 25 b0 da 4c 89 d1 6c e4 9f 10 80 00 00 00 03 52 2a c0 00 00 12 26 08 e8 27 a2 3f 2b fd fd a5 04 04 80",""
2684,12447,"PACKET","IN",200,38,"VehicleSync","id=200 bytes=38","c8 92 00 2a 00 00 00 11 00 00 00 2e c0 53 50 62 cf 4f 4f db 0c 37 c9 42 94 57 29 f7 d4 20 00 00 00 0c e0 39 00 00",""
2685,12447,"PACKET","IN",207,35,"PlayerSync","id=207 bytes=35","cf 7c 00 00 00 03 66 28 30 f1 c4 49 d1 7b 67 1f 10 84 00 00 00 01 fe 49 80 00 00 00 00 00 01 28 00 04 11",""
2686,12480,"PACKET","IN",207,35,"PlayerSync","id=207 bytes=35","cf 29 00 00 00 2e 09 a5 b0 d1 c9 c9 d1 6c 24 9f 10 80 00 00 00 01 7d 63 c0 00 00 00 00 00 01 28 00 04 11",""
2687,12480,"PACKET","IN",200,48,"VehicleSync","id=200 bytes=48","c8 76 00 30 00 00 00 00 00 00 00 31 60 08 b0 13 d9 21 a8 e8 ec 31 ce 92 44 56 51 57 94 27 57 1e c3 e0 b0 89 7a c8 b8 26 40 3d 00 02 88 12 f2 84",""
2688,12480,"PACKET","IN",207,45,"PlayerSync","id=207 bytes=45","cf 9e 00 8a 80 60 bf c0 00 10 0f a9 30 d1 e5 09 91 47 bf 9f 10 80 00 00 00 02 43 5e 40 00 00 f7 e2 4c f3 85 19 cc 37 fd fd a5 04 04 80",""
2689,12480,"PACKET","IN",200,38,"VehicleSync","id=200 bytes=38","c8 92 00 2a 00 00 00 11 00 00 00 2e e0 53 30 62 cf 4f 4f db 0c 37 c9 42 94 57 29 f7 d4 20 00 00 00 0c e0 39 00 00",""
2690,12481,"PACKET","IN",207,35,"PlayerSync","id=207 bytes=35","cf 1f 00 00 00 20 66 e8 30 c3 bc c9 91 7b 67 1f 10 84 00 00 00 00 97 53 00 00 00 00 00 00 01 28 00 04 11",""
2691,12481,"PACKET","IN",207,35,"PlayerSync","id=207 bytes=35","cf 97 00 00 00 09 a6 25 b0 d5 fd 09 91 6c 24 9f 10 84 00 00 00 00 3b eb e8 00 00 00 00 00 01 28 00 04 11",""
2692,12515,"PACKET","IN",207,43,"PlayerSync","id=207 bytes=43","cf 63 00 60 3f c0 00 1f 2a e3 30 c7 9a c9 91 6e 15 a0 50 80 00 00 00 01 eb cb 80 00 01 9d 98 18 f5 d2 ba e8 23 fd fd c8 04 04 80",""
2693,12515,"PACKET","IN",207,35,"PlayerSync","id=207 bytes=35","cf 4d 00 00 00 02 00 23 30 e6 e4 09 91 70 1e 9e 90 84 00 00 00 03 da d0 80 00 00 00 00 00 01 28 00 04 11",""
2694,12515,"PACKET","IN",203,34,"AimSync","id=203 bytes=34","cb 4d 00 04 76 05 73 bf 33 ef a2 bc f4 a1 a0 be b6 44 8a c3 c4 91 26 45 a0 ba 80 42 00 00 00 00 3f 48",""
2695,12516,"PACKET","IN",200,38,"VehicleSync","id=200 bytes=38","c8 92 00 2a 00 00 00 11 00 00 00 2f 10 53 30 62 cf 4f 4f db 0c 37 c9 42 94 57 29 f7 d4 20 00 00 00 0c e0 39 00 00",""
2696,12516,"PACKET","IN",203,34,"AimSync","id=203 bytes=34","cb 92 00 12 00 b4 50 3f c8 c8 08 bf ed b3 64 be 7c aa b4 c3 8c e1 29 45 34 e2 86 42 00 00 00 00 3f 37",""
2697,12548,"PACKET","IN",207,35,"PlayerSync","id=207 bytes=35","cf 29 00 00 00 2e 09 a5 b0 d1 c9 c9 d1 6c 24 9f 10 80 00 00 00 01 7d 63 c0 00 00 00 00 00 01 a5 04 e8 80",""
2698,12548,"PACKET","IN",207,41,"PlayerSync","id=207 bytes=41","cf 53 00 00 00 16 d5 25 b0 da 8c 89 d1 6c e4 9f 10 80 00 00 00 03 52 2a c0 00 00 77 68 38 eb cb fe 3e 0f fd fd a5 04 04 80",""
2699,12548,"PACKET","IN",207,39,"PlayerSync","id=207 bytes=39","cf 54 00 82 80 7b ff c0 00 2e f8 28 f0 e0 a4 89 91 45 79 df 10 80 00 00 00 03 8b 56 c0 00 00 00 00 00 01 a5 04 04 80",""
2700,12549,"PACKET","IN",207,45,"PlayerSync","id=207 bytes=45","cf 9e 00 8a 80 60 bf c0 00 06 50 a9 30 ff e4 89 91 46 01 1f 50 80 00 00 00 02 87 5e 40 00 03 d6 3f 28 f3 89 5b 20 1b fd fd a5 04 04 80",""
2701,12549,"PACKET","IN",203,34,"AimSync","id=203 bytes=34","cb 9e 00 04 4d 3f 75 3f d2 62 86 be a1 a0 ec bd ab e6 a5 c3 8f a1 26 45 aa 80 80 42 00 00 00 00 3f 22",""
2702,12549,"PACKET","IN",207,45,"PlayerSync","id=207 bytes=45","cf 54 00 84 80 74 3f c0 00 23 76 68 f0 c3 64 89 91 60 b9 9f 10 80 00 00 00 01 87 6a c0 00 00 0d 98 18 f5 37 b8 3c ff fd fd a5 04 04 80",""
2703,12549,"PACKET","IN",207,35,"PlayerSync","id=207 bytes=35","cf 60 00 00 00 25 ca e3 30 e5 e0 49 91 6f df 1e 90 84 00 00 00 00 ae f9 c0 00 00 00 00 00 01 28 00 04 11",""
2704,12549,"PACKET","IN",200,48,"VehicleSync","id=200 bytes=48","c8 76 00 30 00 00 00 00 00 00 00 70 70 0f 40 0e d9 16 77 08 fc 3a bf 32 44 5f 53 c7 94 26 09 8e 83 e2 10 8d 1a c9 c8 26 40 3d 00 02 ca 6c f2 84",""
2705,12550,"PACKET","IN",200,38,"VehicleSync","id=200 bytes=38","c8 92 00 2a 00 00 00 11 00 00 00 2f 60 53 30 62 cf 4f 4f db 0c 37 c9 42 94 57 29 f7 d4 20 00 00 00 0c e0 39 00 00",""
2706,12550,"PACKET","IN",207,45,"PlayerSync","id=207 bytes=45","cf 54 00 84 00 70 7f c0 00 28 b5 68 f0 f3 64 49 91 4c b9 9f 10 80 00 00 00 01 83 5a c0 00 00 59 94 18 f7 cf c6 cd 17 fd fd a5 04 04 80",""
2707,12582,"PACKET","IN",207,45,"PlayerSync","id=207 bytes=45","cf 54 00 84 00 6d 7f c0 00 30 74 68 f0 e5 a4 49 91 70 f9 5f 10 80 00 00 00 00 13 56 c0 00 02 2d 8c 18 f4 ab d5 e5 33 fd fd a5 04 04 80",""
2708,12583,"PACKET","IN",207,41,"PlayerSync","id=207 bytes=41","cf 63 00 00 00 08 e7 a3 30 df 5a 49 91 6e 15 a0 50 80 00 00 00 02 77 4b 80 00 02 81 c0 64 f5 3b aa d8 e3 fd fd a5 04 04 80",""
2709,12583,"PACKET","IN",203,34,"AimSync","id=203 bytes=34","cb 63 00 04 03 e2 25 3f e7 91 37 3f d7 77 83 be 50 bd 8d c3 51 43 26 45 0b 46 84 42 00 00 00 00 3f 55",""
2710,12583,"PACKET","IN",207,35,"PlayerSync","id=207 bytes=35","cf 85 00 00 00 2b 0b 62 b0 d7 e8 c9 91 50 59 de 90 84 00 00 00 03 a8 31 80 00 00 00 00 00 01 a5 04 e8 80",""
2711,12583,"PACKET","IN",200,38,"VehicleSync","id=200 bytes=38","c8 92 00 2a 00 00 00 11 00 00 00 2f b0 53 20 62 cf 4f 4f db 0c 37 c9 42 94 57 29 f7 d4 20 00 00 00 0c e0 39 00 00",""
2712,12615,"PACKET","IN",200,38,"VehicleSync","id=200 bytes=38","c8 92 00 2a 00 00 00 11 00 00 00 20 00 63 20 62 cf 4f 4f db 0c 37 c9 42 94 57 29 f7 d4 20 00 00 00 0c e0 39 00 00",""
2713,12615,"PACKET","IN",207,45,"PlayerSync","id=207 bytes=45","cf 9e 00 8a 80 60 bf c0 00 03 51 69 30 da e4 49 91 78 82 9f 50 80 00 00 00 03 8f 5e 40 00 03 f5 eb bc f2 8d 9a 24 0b fd fd a5 04 04 80",""
2714,12648,"PACKET","IN",200,48,"VehicleSync","id=200 bytes=48","c8 76 00 30 00 00 00 00 00 00 00 71 90 0c 60 0c f9 19 53 79 0c 3f ff c2 44 55 e5 e7 94 28 d7 6e 53 e2 e0 8f 6a c7 18 26 40 3d 00 03 4c b4 f2 84",""
2715,12648,"PACKET","IN",207,35,"PlayerSync","id=207 bytes=35","cf 46 00 02 00 04 95 e5 70 ce d4 09 91 63 ac de d0 80 00 00 00 02 f6 a7 c0 00 00 00 00 00 01 a5 04 08 80",""
2716,12648,"PACKET","IN",207,41,"PlayerSync","id=207 bytes=41","cf 53 00 00 00 35 54 e5 b0 da 8c 89 d1 6c e4 9f 10 80 00 00 00 03 52 2a c0 00 00 af e5 90 eb 97 ff e9 eb fd fd a5 04 04 80",""
2717,12648,"RPC","IN",87,2,"ClearPlayerAnimation","id=87 bytes=2","1a 00",""
2718,12648,"RPC","IN",86,29,"ApplyPlayerAnimation","id=86 bytes=29","1a 00 05 43 41 52 52 59 0b 63 72 72 79 5f 70 72 74 69 61 6c 33 33 83 40 00 00 00 00 00",""
2719,12648,"PACKET","IN",207,41,"PlayerSync","id=207 bytes=41","cf 63 00 00 00 39 63 a3 30 c8 da 49 91 6e 15 a0 50 80 00 00 00 01 fe 93 80 00 00 70 37 40 f3 27 fd 4e 1f fd fd a5 04 04 80",""
2720,12648,"PACKET","IN",207,35,"PlayerSync","id=207 bytes=35","cf 4b 00 00 00 2d cf 6b 70 c8 2b c9 91 68 a7 60 10 80 00 00 00 03 7c fb 80 00 00 00 00 00 01 a5 04 04 80",""
2721,12649,"PACKET","IN",200,38,"VehicleSync","id=200 bytes=38","c8 92 00 2a 00 00 00 11 00 00 00 20 60 63 10 62 bf 4f 4f db 0c 37 c9 42 94 57 29 f7 d4 20 00 00 00 0c e0 39 00 00",""
2722,12681,"RPC","IN",86,28,"ApplyPlayerAnimation","id=86 bytes=28","94 00 09 50 4c 41 59 49 44 4c 45 53 06 73 74 72 6c 65 67 48 e1 6a 40 60 00 00 00 00",""
2723,12681,"PACKET","IN",200,48,"VehicleSync","id=200 bytes=48","c8 76 00 30 00 32 00 fc ff 00 00 72 40 00 10 19 79 1f bf 69 0c 30 60 62 54 5d 87 c7 94 25 f5 ae 23 e5 e0 87 6a d6 28 26 40 3d 00 02 08 f4 f2 84",""
2724,12681,"PACKET","IN",207,45,"PlayerSync","id=207 bytes=45","cf 9e 00 8a 80 60 bf c0 00 0c 0a e9 30 d1 a3 c9 91 6a 02 9f 50 80 00 00 00 02 67 62 40 00 02 1b 59 4c f7 2b 63 38 8f fd fd a5 04 04 80",""
2725,12714,"PACKET","IN",200,38,"VehicleSync","id=200 bytes=38","c8 70 00 27 00 00 00 00 00 00 00 01 80 bb 50 2d 6e 76 4a fa 9c 33 1a e2 64 58 1a a7 f4 20 00 00 00 08 40 1c 00 00",""
2726,12715,"PACKET","IN",200,38,"VehicleSync","id=200 bytes=38","c8 92 00 2a 00 00 00 11 00 00 00 20 90 63 00 62 bf 4f 4f db 0c 37 c9 42 94 57 29 f7 d4 20 00 00 00 0c e0 39 00 00",""
2727,12715,"PACKET","IN",207,35,"PlayerSync","id=207 bytes=35","cf 1a 00 00 00 37 65 23 70 da 69 09 91 4b 21 de 90 80 00 00 00 00 b3 19 80 00 00 00 00 00 01 a5 04 e8 80",""
2728,12715,"PACKET","IN",207,45,"PlayerSync","id=207 bytes=45","cf 54 00 83 80 6c 3f c0 00 3d 73 68 f0 d8 e4 49 91 53 79 5f 10 80 00 00 00 02 eb 4e c0 00 03 d5 88 18 f4 8f da f5 3b fd fd a5 04 04 80",""
2729,12715,"PACKET","IN",207,37,"PlayerSync","id=207 bytes=37","cf 63 00 60 3f c0 00 1b 23 23 30 cc 5a 49 91 6e 15 a0 50 80 00 00 00 00 7d e3 80 00 00 00 00 00 01 c8 04 04 80",""
2730,12750,"PACKET","IN",207,43,"PlayerSync","id=207 bytes=43","cf 54 00 60 7f c0 00 20 ed 28 f0 d0 e4 09 91 5b 38 5f 10 80 00 00 00 02 d7 36 c0 00 02 3b 10 68 f4 a3 eb 1d 67 fd fd a5 04 04 80",""
2731,12750,"PACKET","IN",200,38,"VehicleSync","id=200 bytes=38","c8 92 00 2a 00 00 00 11 00 00 00 20 b0 62 f0 62 bf 4f 4f db 0c 37 c9 42 94 57 29 f7 d4 20 00 00 00 0c e0 39 00 00",""
2732,12750,"PACKET","IN",207,35,"PlayerSync","id=207 bytes=35","cf 9a 00 00 00 05 5a 28 30 df c8 49 d1 7b 67 1f 10 84 00 00 00 01 79 f3 c0 00 00 00 00 00 01 28 00 04 11",""
2733,12750,"PACKET","IN",207,45,"PlayerSync","id=207 bytes=45","cf 54 00 ff ff e0 7f c0 00 04 6b 28 f0 fc 63 c9 91 7c 37 df 10 80 00 00 00 00 d3 36 c0 00 00 c3 10 68 f5 a7 ea 6d 6b fd fd a5 04 04 80",""
2734,12751,"PACKET","IN",207,35,"PlayerSync","id=207 bytes=35","cf 1c 00 00 00 2d 02 a6 f0 e0 10 09 d1 7b 67 1f 10 84 00 00 00 00 15 5f 00 00 00 00 00 00 01 28 00 04 11",""
2735,12751,"PACKET","IN",207,45,"PlayerSync","id=207 bytes=45","cf 9e 00 8a 80 60 bf c0 00 2e 46 29 30 eb e3 09 91 5b 03 9f 50 80 00 00 00 01 b7 66 40 00 00 cd 65 c8 f6 df 50 30 83 fd fd a5 04 04 80",""
2736,12780,"PACKET","IN",207,41,"PlayerSync","id=207 bytes=41","cf 53 00 00 00 1a 54 e5 b0 d8 0c 89 d1 6c e4 9f 10 80 00 00 00 03 52 2a c0 00 01 67 fe 90 eb fd fc 00 03 fd fd a5 04 04 80",""
2737,12780,"PACKET","IN",203,34,"AimSync","id=203 bytes=34","cb 53 00 04 e2 2c 68 3f 82 0e ba be 38 39 5a be a0 51 97 c3 23 3f 27 45 51 6b 80 42 00 00 00 00 3f 37",""
2738,12780,"PACKET","IN",207,45,"PlayerSync","id=207 bytes=45","cf 54 00 ff 7f e0 7f c0 00 18 ea 28 f0 f3 a3 c9 91 52 37 df 10 80 00 00 00 02 8f 32 c0 00 00 36 2f e4 f2 bb ea 01 6f fd fd a5 04 04 80",""
2739,12781,"PACKET","IN",200,48,"VehicleSync","id=200 bytes=48","c8 76 00 30 00 72 00 f9 ff 00 00 76 e0 09 e0 15 18 f6 bc d9 1c 3b 21 02 54 50 aa 17 94 20 76 1d e3 ed a0 92 ab 1d b8 26 40 3d 00 03 6d 2c f2 84",""
2740,12781,"PACKET","IN",207,35,"PlayerSync","id=207 bytes=35","cf 94 00 00 00 10 3e 66 b0 ef 39 c9 91 7b 67 1f 10 84 00 00 00 02 9a 53 c0 00 00 00 00 00 01 10 05 03 16",""
2741,12781,"PACKET","IN",207,45,"PlayerSync","id=207 bytes=45","cf 54 00 fe ff e0 7f c0 00 34 a9 28 f0 eb 63 c9 91 68 37 9f 10 80 00 00 00 00 3f 32 c0 00 02 fa 63 f8 f3 cf e9 a5 73 fd fd a5 04 04 80",""
2742,12781,"RPC","IN",86,27,"ApplyPlayerAnimation","id=86 bytes=27","94 00 07 42 44 5f 46 49 52 45 07 77 61 73 68 5f 75 70 33 33 83 40 80 00 00 00 00",""
2743,12781,"PACKET","IN",207,35,"PlayerSync","id=207 bytes=35","cf 0b 00 00 00 1a fc 26 b0 c0 43 09 d1 7b 67 1f 10 84 00 00 00 03 32 4b c0 00 00 00 00 00 01 28 00 04 11",""
2744,12815,"RPC","IN",87,2,"ClearPlayerAnimation","id=87 bytes=2","0b 00",""
2745,12815,"RPC","IN",86,29,"ApplyPlayerAnimation","id=86 bytes=29","0b 00 05 43 41 52 52 59 0b 63 72 72 79 5f 70 72 74 69 61 6c 33 33 83 40 00 00 00 00 00",""
2746,12815,"PACKET","IN",207,43,"PlayerSync","id=207 bytes=43","cf 63 00 60 3f c0 00 23 a0 a3 30 e3 1a 89 91 6e 15 a0 50 80 00 00 00 01 b4 d7 80 00 01 91 98 40 f4 3b 0c 1b b7 fd fd c8 04 04 80",""
2747,12851,"PACKET","IN",207,45,"PlayerSync","id=207 bytes=45","cf 54 00 fe 7f e0 7f c2 00 27 27 28 f0 d8 e3 c9 91 46 b7 5f 10 80 00 00 00 01 ef 2e c0 00 00 4f 74 4c f4 d3 ed 35 77 fd fd a5 04 04 80",""
2748,12851,"RPC","IN",86,28,"ApplyPlayerAnimation","id=86 bytes=28","97 00 03 70 65 64 0c 4a 65 74 70 61 63 6b 5f 49 64 6c 65 33 33 83 40 10 00 00 00 00",""
2749,12851,"RPC","IN",113,59,"SetPlayerAttachedObject","id=113 bytes=59","97 00 09 00 00 00 db a4 80 00 02 80 00 00 62 90 18 1e b3 34 5e 1e 53 4d e2 5d 81 80 70 61 4f cc 85 e1 01 00 04 60 80 00 40 1f 80 00 40 1f 80 00 40 1f 80 00 00 00 00 00 00 00 00",""
2750,12852,"RPC","IN",59,45,"ChatBubble","id=59 bytes=45","97 00 aa ff bb ff 00 00 f0 41 88 13 00 00 1e 2a 20 4d 65 6d 62 75 6b 61 20 73 6d 61 72 74 70 68 6f 6e 65 20 6d 69 6c 69 6b 6e 79 61 2e",""
2751,12852,"PACKET","IN",207,41,"PlayerSync","id=207 bytes=41","cf 63 00 00 00 22 5f e3 30 e3 9a c9 91 6e 15 a0 50 80 00 00 00 02 80 5b 80 00 00 08 00 40 f6 fe 8f 9b eb fd fd a5 04 04 80",""
2752,12852,"PACKET","IN",200,38,"VehicleSync","id=200 bytes=38","c8 92 00 2a 00 00 00 11 00 00 00 20 90 62 f0 62 bf 4f 4f db 0c 37 c9 42 94 57 29 f7 d4 20 00 00 00 0c e0 39 00 00",""
2753,12852,"PACKET","IN",207,41,"PlayerSync","id=207 bytes=41","cf 94 00 00 00 0f 7e 66 b0 ef 39 c9 91 7b 67 1f 10 84 00 00 00 02 9a 53 c0 00 03 00 e3 e8 e0 2f cc 66 e3 fd fd 10 05 03 16",""
2754,12852,"PACKET","IN",207,45,"PlayerSync","id=207 bytes=45","cf 9e 00 8a 80 60 bf c0 00 1e 80 29 30 c2 a2 49 91 51 85 1f 50 80 00 00 00 02 67 66 40 00 02 15 02 8c f6 ff 7c 38 af fd fd a5 04 04 80",""
2755,12852,"PACKET","IN",200,48,"VehicleSync","id=200 bytes=48","c8 76 00 30 00 7d 00 f9 ff 00 00 7d 30 66 d0 23 88 a0 09 b9 2c 32 c1 c2 54 5f 8e c7 94 25 e9 2d 93 eb 20 c0 8b 7c 98 76 40 3d 00 02 01 96 f2 84",""
2756,12853,"PACKET","OUT",207,69,"PlayerSync","id=207 bytes=69","cf 00 00 00 00 00 00 22 90 8d c3 0a 85 26 45 6a 86 7a 42 f5 21 4f 3f 00 00 00 00 00 00 00 00 89 70 16 3f 64 00 00 00 00 00 00 00 00 00 00 00 00 00 00 00 00 00 00 00 00 00 00 00 00 00 00 00 00 00 28 00 04 11",""
2757,12859,"PACKET","OUT",203,32,"AimSync","id=203 bytes=32","cb 00 00 00 39 05 00 00 00 00 00 00 00 00 00 00 00 40 01 00 00 00 80 3f 00 00 f3 04 b5 3f 39 05",""
2758,12881,"PACKET","IN",207,35,"PlayerSync","id=207 bytes=35","cf 3d 00 00 00 39 94 e5 b0 e4 03 c9 d1 6c 24 9f 10 80 00 00 00 02 af cd c0 00 00 00 00 00 01 28 00 04 11",""
2759,12882,"PACKET","IN",203,34,"AimSync","id=203 bytes=34","cb 3d 00 04 21 47 0d bf d2 d8 46 bf a7 63 9b be dc e6 95 c3 bf 22 27 45 64 6c 80 42 00 00 00 00 3f 36",""
2760,12882,"PACKET","IN",207,41,"PlayerSync","id=207 bytes=41","cf 53 00 00 00 13 94 e5 b0 d1 8c 89 d1 6c e4 9f 10 80 00 00 00 03 52 2a c0 00 01 54 d3 50 eb fd fc 00 03 fd fd a5 04 04 80",""
2761,12882,"PACKET","IN",207,45,"PlayerSync","id=207 bytes=45","cf 54 00 fd ff e0 7f c2 00 1e 64 e8 f0 c4 e3 c9 91 57 f6 df 10 80 00 00 00 03 7b 2a c0 00 02 13 48 9c f5 e3 ed 05 7b fd fd a5 04 04 80",""
2762,12882,"PACKET","IN",200,38,"VehicleSync","id=200 bytes=38","c8 92 00 2a 00 00 00 11 00 00 00 20 80 62 f0 62 bf 4f 4f db 0c 37 c9 42 94 57 29 f7 d4 20 00 00 00 0c e0 39 00 00",""
2763,12882,"PACKET","IN",207,35,"PlayerSync","id=207 bytes=35","cf 0b 00 00 00 1a fc 26 b0 c0 43 09 d1 7b 67 1f 10 84 00 00 00 03 32 4b c0 00 00 00 00 00 01 a5 04 e8 80",""
2764,12882,"PACKET","IN",207,45,"PlayerSync","id=207 bytes=45","cf 54 00 fd 7f e0 7f c2 00 11 63 a8 f0 f9 e3 89 91 57 36 9f 10 80 00 00 00 01 03 2a c0 00 01 4a 2c d0 f6 eb ec e9 7f fd fd a5 04 04 80",""
2765,12883,"PACKET","IN",203,34,"AimSync","id=203 bytes=34","cb 54 00 04 6f f4 72 3f 96 50 95 be 2c a7 f4 bd be 38 a5 c3 3f 9f 26 45 6d 76 80 42 00 00 00 00 3f 36",""
2766,12883,"PACKET","IN",207,35,"PlayerSync","id=207 bytes=35","cf 7e 00 00 00 11 42 a6 f0 c0 4b 89 d1 7b 67 1f 10 84 00 00 00 00 c6 1b 94 00 00 00 00 00 01 28 00 04 11",""
2767,12883,"PACKET","IN",207,45,"PlayerSync","id=207 bytes=45","cf 54 00 fc ff e0 7f c2 00 39 e1 e8 f0 ec e3 89 91 46 76 5f 10 80 00 00 00 02 83 26 c0 00 02 f8 7d 0c f7 ef ec cd 83 fd fd a5 04 04 80",""
2768,12883,"PACKET","IN",207,45,"PlayerSync","id=207 bytes=45","cf 9e 00 8a 00 60 bf c0 00 2e 3a a8 f0 c2 21 c9 91 75 85 1f 50 80 00 00 00 00 c3 66 40 00 03 7e f6 b8 f7 fb 98 04 d3 fd fd a5 04 04 80",""
2769,12914,"PACKET","IN",207,45,"PlayerSync","id=207 bytes=45","cf 54 00 fc 7f e0 7f c2 00 3f e0 68 f0 e1 23 89 91 7a 75 df 10 80 00 00 00 03 ef 22 c0 00 01 27 25 38 f4 ef f0 c1 87 fd fd a5 04 04 80",""
2770,12914,"PACKET","IN",207,41,"PlayerSync","id=207 bytes=41","cf 63 00 00 00 03 df 63 30 d2 5b 49 91 6e 15 a0 50 80 00 00 00 02 80 5b 80 00 01 6d 2f 80 f2 26 5b fb f7 fd fd a5 04 04 80",""
2771,12914,"PACKET","IN",200,48,"VehicleSync","id=200 bytes=48","c8 76 00 30 00 7d 00 fa ff 00 00 53 90 a0 f0 10 f8 4a d3 99 3c 34 f2 62 54 5d c5 e7 a4 20 d9 3d 53 e1 21 00 db d5 48 b6 40 3d 00 03 a6 4a f4 84",""
2772,12914,"PACKET","IN",200,38,"VehicleSync","id=200 bytes=38","c8 92 00 2a 00 00 00 11 00 00 00 20 70 62 f0 62 bf 4f 4f db 0c 37 c9 42 94 57 29 f7 d4 20 00 00 00 0c e0 39 00 00",""
2773,12914,"PACKET","IN",207,41,"PlayerSync","id=207 bytes=41","cf 94 00 00 00 0b fe 66 b0 ef 39 c9 91 7b 67 1f 10 84 00 00 00 02 9a 53 c0 00 02 7d e3 2c e0 7b be 16 ff fd fd 28 00 04 11",""
2774,12915,"PACKET","IN",203,34,"AimSync","id=203 bytes=34","cb 94 00 04 b9 61 d4 3e 34 8f 5d bf 87 d1 8f be 17 67 9b c3 63 04 27 45 44 ab 80 42 00 00 00 00 3f 21",""
2775,12947,"PACKET","IN",207,35,"PlayerSync","id=207 bytes=35","cf 97 00 00 00 09 a6 25 b0 d5 fd 09 91 6c 24 9f 10 84 00 00 00 00 3b eb e8 00 00 00 00 00 01 a8 04 04 18",""
2776,12948,"RPC","IN",16,16,"PlaySound","id=16 bytes=16","43 51 00 00 00 00 00 00 00 00 00 00 00 00 00 00",""
2777,12948,"RPC","IN",134,80,"ShowTextDraw","id=134 bytes=80","2c 08 11 9a 99 19 3f 00 00 00 40 1a ff 00 aa 00 00 cc 42 00 00 a0 41 00 00 00 32 00 01 00 00 00 ff 04 00 00 00 59 43 00 00 b8 43 00 00 00 00 00 00 00 00 00 00 00 00 00 00 00 00 80 3f ff ff ff ff 0d 00 6c 64 5f 64 75 61 6c 3a 77 68 69 74 65",""
2778,12948,"RPC","IN",105,7,"TextDrawSetString","id=105 bytes=7","26 08 03 00 31 30 30",""
2779,12948,"RPC","IN",105,5,"TextDrawSetString","id=105 bytes=5","27 08 01 00 30",""
2780,12948,"RPC","IN",105,6,"TextDrawSetString","id=105 bytes=6","28 08 02 00 35 30",""
2781,12948,"RPC","IN",105,5,"TextDrawSetString","id=105 bytes=5","29 08 01 00 39",""
2782,12948,"RPC","IN",105,7,"TextDrawSetString","id=105 bytes=7","2a 08 03 00 31 30 30",""
2783,12948,"RPC","IN",86,27,"ApplyPlayerAnimation","id=86 bytes=27","85 00 07 42 44 5f 46 49 52 45 07 77 61 73 68 5f 75 70 33 33 83 40 80 00 00 00 00",""
2784,12948,"PACKET","IN",207,35,"PlayerSync","id=207 bytes=35","cf 46 00 02 00 04 95 e5 70 ce d4 09 91 63 2c de d0 80 00 00 00 02 f6 a7 c0 00 00 00 00 00 01 a5 04 08 80",""
2785,12949,"PACKET","IN",207,45,"PlayerSync","id=207 bytes=45","cf 54 00 fb ff e0 7f c2 00 2b 1e a8 f0 d3 23 89 91 5a 35 9f 10 80 00 00 00 01 53 22 c0 00 02 ea 25 88 f5 eb f0 cd 8b fd fd a5 04 04 80",""
2786,12949,"PACKET","IN",200,38,"VehicleSync","id=200 bytes=38","c8 92 00 2a 00 00 00 11 00 00 00 20 50 63 00 62 bf 4f 4f db 0c 37 c9 42 94 57 29 f7 d4 20 00 00 00 0c e0 39 00 00",""
2787,12949,"PACKET","IN",207,45,"PlayerSync","id=207 bytes=45","cf 9e 00 86 80 60 7f c0 00 30 34 28 f0 c7 e1 49 91 6d 84 df 50 80 00 00 00 01 7f 4a 40 00 03 2e 3a b8 f5 3b b8 48 ff fd fd a5 04 04 80",""
2788,12981,"PACKET","IN",207,41,"PlayerSync","id=207 bytes=41","cf 53 00 00 00 13 94 e5 b0 c8 0c 89 d1 6c e4 9f 10 80 00 00 00 03 52 2a c0 00 01 b7 a0 70 ef fd fc 00 03 fd fd a5 04 04 80",""
2789,12981,"PACKET","IN",207,45,"PlayerSync","id=207 bytes=45","cf 54 00 fb 7f e0 7f c2 00 1c dc e8 f0 c5 e3 89 91 78 b5 1f 10 80 00 00 00 02 a3 1e c0 00 02 09 89 ec f6 e3 f0 e5 8f fd fd a5 04 04 80",""
2790,12982,"PACKET","IN",207,35,"PlayerSync","id=207 bytes=35","cf 7c 00 00 00 03 66 28 30 f1 c4 49 d1 7b 67 1f 10 84 00 00 00 01 fe 49 80 00 00 00 00 00 01 28 00 04 11",""
2791,12982,"PACKET","IN",207,41,"PlayerSync","id=207 bytes=41","cf 63 00 00 00 3b de a3 30 f1 9b 89 91 6e 15 a0 50 80 00 00 00 02 80 5b 80 00 03 00 06 48 f2 26 5b fb f7 fd fd a5 04 04 80",""
2792,12982,"PACKET","IN",200,48,"VehicleSync","id=200 bytes=48","c8 76 00 30 00 00 00 00 00 00 00 55 d0 c1 40 56 d7 d6 3f 49 3c 3e f3 32 54 59 ef 97 a4 21 6d 4d 03 e2 31 36 ec 2f 08 a6 40 3d 00 02 d9 68 f4 84",""
2793,12982,"PACKET","IN",203,34,"AimSync","id=203 bytes=34","cb 76 00 12 7c 78 70 bf c2 c8 a9 3e 14 75 b3 bd 99 2b 91 c3 1f 11 25 45 86 c9 7e 42 00 00 00 00 04 ff",""
2794,12982,"PACKET","IN",207,45,"PlayerSync","id=207 bytes=45","cf 9e 00 83 80 60 7f c0 00 39 ae a8 f0 c6 61 09 91 65 c4 1f 50 80 00 00 00 02 77 26 40 00 00 b2 8e d0 f7 7b dc 75 4f fd fd a5 04 04 80",""
2795,12982,"RPC","IN",87,2,"ClearPlayerAnimation","id=87 bytes=2","97 00",""
2796,12982,"RPC","IN",86,29,"ApplyPlayerAnimation","id=86 bytes=29","97 00 05 43 41 52 52 59 0b 63 72 72 79 5f 70 72 74 69 61 6c 33 33 83 40 00 00 00 00 00",""
2797,13015,"PACKET","IN",207,35,"PlayerSync","id=207 bytes=35","cf 51 00 00 00 30 e3 68 30 f6 0c 09 d1 7b 67 1f 10 84 00 00 00 02 e7 67 c0 00 00 00 00 00 01 28 00 04 11",""
2798,13015,"PACKET","IN",207,41,"PlayerSync","id=207 bytes=41","cf 94 00 00 00 0b 3e 66 b0 ef 39 c9 91 7b 67 1f 10 84 00 00 00 02 9a 53 c0 00 01 11 ad c8 e3 de 62 27 f7 fd fd 28 00 04 11",""
2799,13015,"PACKET","IN",207,35,"PlayerSync","id=207 bytes=35","cf 1f 00 00 00 20 66 e8 30 c3 bc c9 91 7b 67 1f 10 84 00 00 00 00 97 53 00 00 00 00 00 00 01 28 00 04 11",""
2800,13015,"PACKET","IN",207,35,"PlayerSync","id=207 bytes=35","cf 46 00 02 00 04 95 e5 70 ce d4 09 91 63 ac de d0 80 00 00 00 02 f6 a7 c0 00 00 00 00 00 01 a5 04 08 80",""
2801,13015,"PACKET","IN",200,38,"VehicleSync","id=200 bytes=38","c8 92 00 2a 00 00 00 11 00 00 00 20 40 63 10 62 bf 4f 4f db 0c 37 c9 42 94 57 29 f7 d4 20 00 00 00 0c e0 39 00 00",""
2802,13015,"PACKET","IN",207,35,"PlayerSync","id=207 bytes=35","cf 49 00 00 00 05 d5 25 b0 dd 8f 09 d1 6c 24 9f 10 80 00 00 00 01 eb 77 c0 00 00 00 00 00 01 28 00 04 11",""
2803,13015,"PACKET","IN",207,45,"PlayerSync","id=207 bytes=45","cf 54 00 fa ff e0 7f c2 00 36 d6 68 f0 d8 63 49 91 5b 33 df 10 80 00 00 00 03 53 1a c0 00 00 b8 66 78 f7 ff f1 d9 93 fd fd a5 04 04 80",""
2804,13016,"PACKET","OUT",205,9,"UNKNOWN_PACKET","id=205 bytes=9","cd b8 4a 04 00 00 00 00 00",""
2805,13049,"PACKET","IN",207,45,"PlayerSync","id=207 bytes=45","cf 9e 00 82 80 60 7f c0 00 19 e9 e8 f0 dc a0 c9 91 65 c4 1f 50 80 00 00 00 03 57 06 40 00 02 e9 72 cc f6 83 ef 59 7b fd fd a5 04 04 80",""
2806,13049,"PACKET","IN",207,35,"PlayerSync","id=207 bytes=35","cf 4d 00 00 00 02 00 23 30 e6 e4 09 91 70 1e 9e 90 84 00 00 00 03 da d0 80 00 00 00 00 00 01 28 00 04 11",""
2807,13082,"PACKET","IN",207,41,"PlayerSync","id=207 bytes=41","cf 53 00 00 00 13 94 e5 b0 fd 8c 49 d1 6c e4 9f 10 80 00 00 00 03 52 2a c0 00 00 9e 10 a0 ef fd fc 00 03 fd fd a5 04 04 80",""
2808,13082,"PACKET","IN",207,41,"PlayerSync","id=207 bytes=41","cf 63 00 00 00 0b 9e a3 30 d3 5b c9 91 6e 15 a0 50 80 00 00 00 02 80 5b 80 00 01 14 f5 94 ee 26 5b fb f7 fd fd a5 04 04 80",""
2809,13082,"PACKET","IN",207,35,"PlayerSync","id=207 bytes=35","cf 85 00 00 00 2b 0b 62 b0 d7 e8 c9 91 50 59 de 90 84 00 00 00 03 a8 31 80 00 00 00 00 00 01 28 00 04 11",""
2810,13082,"PACKET","IN",203,34,"AimSync","id=203 bytes=34","cb 85 00 04 45 97 95 bd 2c 65 77 3f 51 69 7c be 8c 19 8a c3 14 82 26 45 29 ed 7e 42 00 00 00 00 3f c6",""
2811,13082,"PACKET","IN",200,38,"VehicleSync","id=200 bytes=38","c8 92 00 2a 00 00 00 11 00 00 00 20 40 63 20 62 bf 4f 4f db 0c 37 c9 42 94 57 29 f7 d4 20 00 00 00 0c e0 39 00 00",""
2812,13082,"PACKET","IN",203,34,"AimSync","id=203 bytes=34","cb 92 00 12 00 b4 50 3f c8 c8 08 bf ed b3 64 be 7c aa b4 c3 8c e1 29 45 34 e2 86 42 00 00 00 00 3f 37",""
2813,13082,"PACKET","IN",207,41,"PlayerSync","id=207 bytes=41","cf 94 00 00 00 0c 3e 66 b0 ef 39 c9 91 7b 67 1f 10 84 00 00 00 02 9a 53 c0 00 01 e3 cc a8 e2 60 26 7e c3 fd fd 28 00 04 11",""
2814,13082,"PACKET","IN",207,45,"PlayerSync","id=207 bytes=45","cf 9e 00 82 00 60 7f c0 00 0d e4 e8 f0 f5 e0 89 91 6c 82 1f 50 80 00 00 00 02 de e6 40 00 01 23 3e 90 f5 ef f0 d5 8b fd fd a5 04 04 80",""
2815,13083,"PACKET","IN",207,35,"PlayerSync","id=207 bytes=35","cf 29 00 00 00 2e 09 a5 b0 d1 c9 c9 d1 6c 24 9f 10 80 00 00 00 01 7d 63 c0 00 00 00 00 00 01 a5 04 e8 80",""
2816,13083,"PACKET","IN",207,35,"PlayerSync","id=207 bytes=35","cf 46 00 02 00 04 95 e5 70 ce d4 09 91 63 2c de d0 80 00 00 00 02 f6 a7 c0 00 00 00 00 00 01 a5 04 08 80",""
2817,13083,"PACKET","IN",200,48,"VehicleSync","id=200 bytes=48","c8 76 00 30 00 00 00 00 00 00 00 5e 40 ba a0 68 97 a9 2a 79 4c 30 74 22 54 52 17 97 b4 27 92 6c c3 e8 e1 41 dc 5e f8 76 40 3d 00 02 32 82 f6 84",""
2818,13083,"PACKET","IN",207,35,"PlayerSync","id=207 bytes=35","cf 97 00 00 00 09 a6 25 b0 d5 fd 09 91 6c 24 9f 10 84 00 00 00 00 3b eb e8 00 00 00 00 00 01 a5 04 e8 80",""
2819,13083,"PACKET","IN",207,35,"PlayerSync","id=207 bytes=35","cf 60 00 00 00 25 ca e3 30 e5 e0 49 91 6f df 1e 90 84 00 00 00 00 ae f9 c0 00 00 00 00 00 01 28 00 04 11",""
2820,13083,"PACKET","IN",200,38,"VehicleSync","id=200 bytes=38","c8 92 00 2a 00 00 00 11 00 00 00 20 30 63 30 62 bf 4f 4f db 0c 37 c9 42 94 57 29 f7 d4 20 00 00 00 0c e0 39 00 00",""
2821,13114,"RPC","IN",113,7,"SetPlayerAttachedObject","id=113 bytes=7","46 00 09 00 00 00 00",""
2822,13115,"RPC","IN",86,29,"ApplyPlayerAnimation","id=86 bytes=29","46 00 05 43 41 52 52 59 0b 63 72 72 79 5f 70 72 74 69 61 6c 33 33 83 40 00 00 00 00 00",""
2823,13148,"PACKET","IN",207,41,"PlayerSync","id=207 bytes=41","cf 53 00 00 00 13 94 e5 b0 f1 0c 49 d1 6c e4 9f 10 80 00 00 00 03 52 2a c0 00 03 b1 a9 1c ef fd fc 00 03 fd fd a5 04 04 80",""
2824,13148,"PACKET","IN",207,45,"PlayerSync","id=207 bytes=45","cf 54 00 fa ff e0 7f c2 00 22 4c a8 f0 d6 a3 09 91 72 b1 9f 10 80 00 00 00 01 97 1a c0 00 02 b5 2e cc f5 5b f4 35 9b fd fd a5 04 04 80",""
2825,13148,"PACKET","IN",207,37,"PlayerSync","id=207 bytes=37","cf 63 00 60 3f c0 00 0b 9e a3 30 d3 5b c9 91 6e 15 a0 50 80 00 00 00 02 50 57 80 00 00 00 00 00 01 c8 04 04 80",""
2826,13148,"RPC","IN",87,2,"ClearPlayerAnimation","id=87 bytes=2","9a 00",""
2827,13148,"RPC","IN",86,29,"ApplyPlayerAnimation","id=86 bytes=29","9a 00 05 43 41 52 52 59 0b 63 72 72 79 5f 70 72 74 69 61 6c 33 33 83 40 00 00 00 00 00",""
2828,13148,"RPC","IN",87,2,"ClearPlayerAnimation","id=87 bytes=2","53 00",""
2829,13148,"RPC","IN",86,29,"ApplyPlayerAnimation","id=86 bytes=29","53 00 05 43 41 52 52 59 0b 63 72 72 79 5f 70 72 74 69 61 6c 33 33 83 40 00 00 00 00 00",""
2830,13148,"PACKET","IN",207,35,"PlayerSync","id=207 bytes=35","cf 94 00 00 00 0c fe 66 b0 ef 39 c9 91 7b 67 1f 10 84 00 00 00 02 9a 53 c0 00 00 00 00 00 01 28 00 04 11",""
2831,13148,"PACKET","IN",207,45,"PlayerSync","id=207 bytes=45","cf 9e 00 83 00 60 7f c0 00 02 db 68 f0 e5 20 89 91 65 bf 5f 10 80 00 00 00 00 9a b6 40 00 03 41 4e 54 f7 b7 ff 31 ef fd fd a5 04 04 80",""
2832,13182,"PACKET","IN",207,35,"PlayerSync","id=207 bytes=35","cf 46 00 03 00 04 95 e5 70 ce d4 09 91 63 ac de d0 80 00 00 00 02 f6 a7 c0 00 00 00 00 00 01 70 04 08 80",""
2833,13182,"PACKET","IN",207,45,"PlayerSync","id=207 bytes=45","cf 54 00 fa ff e0 7f c2 00 01 41 e8 f0 d0 62 c9 91 45 ef 5f 10 80 00 00 00 03 1f 16 c0 00 00 a7 ee ec f6 13 f7 b9 9b fd fd a5 04 04 80",""
2834,13183,"PACKET","IN",200,48,"VehicleSync","id=200 bytes=48","c8 76 00 30 00 00 00 00 00 00 00 11 30 12 e0 6d 97 9a d5 59 5c 38 a5 02 54 59 9a c7 b4 22 a1 cc 83 ee 91 59 ec 75 48 06 40 3d 00 02 3f 02 f6 84",""
2835,13183,"RPC","IN",113,59,"SetPlayerAttachedObject","id=113 bytes=59","46 00 09 00 00 00 99 84 80 00 03 00 00 00 00 00 00 00 00 00 00 00 00 00 00 00 00 00 00 00 00 00 00 00 00 00 00 00 00 00 40 1f 80 00 40 1f 80 00 40 1f 80 00 00 00 00 00 00 00 00",""
2836,13183,"RPC","IN",86,27,"ApplyPlayerAnimation","id=86 bytes=27","46 00 04 46 4f 4f 44 0a 45 41 54 5f 42 75 72 67 65 72 00 00 40 40 70 10 00 00 00",""
2837,13183,"RPC","IN",59,56,"ChatBubble","id=59 bytes=56","46 00 aa ff bb ff 00 00 f0 41 88 13 00 00 29 2a 20 4d 65 6e 67 61 6d 62 69 6c 20 52 6f 74 69 20 4a 61 6c 61 20 64 61 6e 20 6d 65 6e 67 6f 6e 73 75 6d 73 69 6e 79 61 2e",""
2838,13218,"PACKET","IN",207,43,"PlayerSync","id=207 bytes=43","cf 63 00 60 3f c0 00 15 dd e3 30 db 5c 49 91 6e 15 a0 50 80 00 00 00 01 c4 4b 80 00 01 b1 98 18 f5 ba 4e 0f fb fd fd c8 04 04 80",""
2839,13218,"RPC","IN",24,18,"SetVehicleParamsEx","id=24 bytes=18","27 00 00 00 ff 00 ff 00 ff ff ff ff ff ff ff ff ff ff",""
2840,13218,"PACKET","IN",207,35,"PlayerSync","id=207 bytes=35","cf 1a 00 00 00 37 65 23 70 da 69 09 91 4b 21 de 90 80 00 00 00 00 b3 19 80 00 00 00 00 00 01 a5 04 e8 80",""
2841,13219,"PACKET","IN",200,38,"VehicleSync","id=200 bytes=38","c8 70 00 27 00 00 00 00 00 00 00 01 80 bb 50 2d 6e 76 4a fa 9c 33 1a e2 64 58 1a a7 f4 20 00 00 00 08 40 1c 00 00",""
2842,13219,"PACKET","IN",207,41,"PlayerSync","id=207 bytes=41","cf 46 00 02 00 1e d4 65 70 d4 14 09 91 72 6c de d0 80 00 00 00 02 f6 a7 c0 00 03 0f ca d8 f0 3f fd ce 3f fd fd 70 04 08 80",""
2843,13251,"RPC","IN",24,18,"SetVehicleParamsEx","id=24 bytes=18","27 00 01 00 ff 00 ff 00 ff ff ff ff ff ff ff ff ff ff",""
2844,13252,"PACKET","IN",207,35,"PlayerSync","id=207 bytes=35","cf 53 00 00 00 13 94 e5 b0 ea cc 49 d1 6c e4 9f 10 80 00 00 00 03 52 2a c0 00 00 00 00 00 01 a5 04 04 80",""
2845,13252,"PACKET","IN",207,41,"PlayerSync","id=207 bytes=41","cf 63 00 00 00 16 5d a3 30 d5 9c 89 91 6e 15 a0 50 80 00 00 00 03 fc 3f 80 00 01 8d 98 18 f7 da 3f ff fb fd fd a5 04 04 80",""
2846,13252,"PACKET","IN",200,48,"VehicleSync","id=200 bytes=48","c8 76 00 30 00 00 00 00 00 00 00 38 c0 58 30 06 67 99 ef e9 5c 3e c5 e2 54 50 98 07 b4 2b 04 ac 53 ef 71 57 9c 75 67 a6 40 3d 00 03 18 d6 f6 84",""
2847,13252,"PACKET","IN",200,38,"VehicleSync","id=200 bytes=38","c8 92 00 2a 00 00 00 11 00 00 00 20 40 63 20 62 bf 4f 4f db 0c 37 c9 42 94 57 29 f7 d4 20 00 00 00 0c e0 39 00 00",""
2848,13252,"PACKET","IN",207,45,"PlayerSync","id=207 bytes=45","cf 9e 00 83 00 60 7f c0 00 08 90 28 f0 c1 20 89 91 5d 7c 5f 10 80 00 00 00 00 a2 86 40 00 01 56 ba 38 f7 3f fa 6d bb fd fd a5 04 04 80",""
2849,13280,"PACKET","IN",207,45,"PlayerSync","id=207 bytes=45","cf 54 00 fa ff e0 7f c2 00 37 76 28 b0 c8 e2 89 91 68 2c 9f 10 80 00 00 00 00 1b 16 c0 00 00 71 8e f0 f6 f7 f4 4d a3 fd fd a5 04 04 80",""
2850,13281,"PACKET","IN",207,35,"PlayerSync","id=207 bytes=35","cf 9a 00 00 00 05 5a 28 30 df c8 49 d1 7b 67 1f 10 84 00 00 00 01 79 f3 c0 00 00 00 00 00 01 a5 04 e8 80",""
2851,13309,"PACKET","IN",207,35,"PlayerSync","id=207 bytes=35","cf 3d 00 00 00 39 94 e5 b0 e4 03 c9 d1 6c 24 9f 10 80 00 00 00 02 af cd c0 00 00 00 00 00 01 28 00 04 11",""
2852,13310,"PACKET","IN",207,41,"PlayerSync","id=207 bytes=41","cf 46 00 02 00 37 0f 25 70 e8 14 09 91 6a 2d 1e d0 80 00 00 00 02 f6 a7 c0 00 00 88 65 8c f4 3f fd ce 3f fd fd a5 04 10 80",""
2853,13310,"PACKET","IN",207,41,"PlayerSync","id=207 bytes=41","cf 63 00 00 00 2f 1d 23 30 fc 5c c9 91 6e 15 a0 50 80 00 00 00 03 fc 3f 80 00 01 f1 8f 84 f3 da 3f ff fb fd fd a5 04 04 80",""
2854,13310,"PACKET","IN",200,48,"VehicleSync","id=200 bytes=48","c8 76 00 30 00 00 00 00 00 00 00 3d 10 46 90 51 57 92 e8 59 6c 34 46 a2 54 57 75 07 b4 2e a9 3c 23 eb 91 54 3c 7c 17 c6 40 3d 00 02 72 8e f6 84",""
2855,13310,"PACKET","IN",200,38,"VehicleSync","id=200 bytes=38","c8 92 00 2a 00 00 00 11 00 00 00 20 40 63 10 62 bf 4f 4f db 0c 37 c9 42 94 57 29 f7 d4 20 00 00 00 0c e0 39 00 00",""
2856,13340,"PACKET","IN",207,45,"PlayerSync","id=207 bytes=45","cf 9e 00 83 00 60 7f c0 00 30 07 68 f0 d9 60 89 91 4a f9 5f 10 80 00 00 00 02 3e 76 40 00 01 2c 62 34 f7 87 fb 6e 43 fd fd a5 04 04 80",""
2857,13341,"PACKET","IN",207,45,"PlayerSync","id=207 bytes=45","cf 54 00 fa ff e0 7f c2 00 18 a9 e8 b0 ff e2 09 91 7c aa 5f 10 80 00 00 00 00 87 12 c0 00 02 e1 83 44 f7 f3 f5 9d a7 fd fd a5 04 04 80",""
2858,13341,"RPC","IN",105,19,"TextDrawSetString","id=105 bytes=19","2f 01 0f 00 30 39 20 41 67 75 73 74 75 73 20 32 30 32 36",""
2859,13341,"RPC","IN",105,12,"TextDrawSetString","id=105 bytes=12","30 01 08 00 31 31 3a 35 36 3a 30 38",""
2860,13367,"PACKET","IN",207,41,"PlayerSync","id=207 bytes=41","cf 46 00 00 00 21 0d 25 70 f0 14 09 91 40 6d 5e d0 80 00 00 00 02 f6 a7 c0 00 01 6e 84 70 f4 3f fd ce 3f fd fd 18 02 03 2e",""
2861,13367,"PACKET","IN",207,45,"PlayerSync","id=207 bytes=45","cf 54 00 fa 7f e0 7f c2 00 16 26 a8 b0 ed 62 09 91 46 aa 1f 10 80 00 00 00 01 23 0e c0 00 02 69 af 54 f4 2f fa e9 a7 fd fd a5 04 04 80",""
2862,13368,"PACKET","IN",207,35,"PlayerSync","id=207 bytes=35","cf 4b 00 00 00 2d cf 6b 70 c8 2b c9 91 68 a7 60 10 80 00 00 00 03 7c fb 80 00 00 00 00 00 01 a5 04 04 80",""
2863,13368,"PACKET","IN",203,34,"AimSync","id=203 bytes=34","cb 4b 00 04 e7 69 69 3f 48 4b 9d 3e 5f 8d 8b be f3 7e ae c3 98 a1 26 45 f2 50 83 42 00 00 00 00 3f 36",""
2864,13368,"PACKET","IN",207,45,"PlayerSync","id=207 bytes=45","cf 9e 00 84 00 60 7f c0 00 2d c2 68 f0 f9 20 89 91 7f 37 1f 10 80 00 00 00 03 46 7a 40 00 02 c2 da 4c f6 47 f7 3a 63 fd fd a5 04 04 80",""
2865,13385,"PACKET","OUT",203,32,"AimSync","id=203 bytes=32","cb 00 00 00 39 05 00 00 00 00 00 00 00 00 00 00 00 40 01 00 00 00 80 3f 00 00 f3 04 b5 3f 39 05",""
2866,13401,"PACKET","IN",207,35,"PlayerSync","id=207 bytes=35","cf 1c 00 00 00 2d 02 a6 f0 e0 10 09 d1 7b 67 1f 10 84 00 00 00 00 15 5f 00 00 00 00 00 00 01 28 00 04 11",""
2867,13402,"PACKET","IN",207,41,"PlayerSync","id=207 bytes=41","cf 46 00 02 00 1c 8c e5 70 f1 14 09 91 43 2d 5e d0 80 00 00 00 02 f6 a7 c0 00 00 e4 6d 1c ec 3f fd ce 3f fd fd a5 04 10 80",""
2868,13402,"PACKET","IN",207,43,"PlayerSync","id=207 bytes=43","cf 63 00 60 3f c0 00 1d 5c e3 30 cd dd 49 91 6e 15 a0 50 80 00 00 00 01 9c 2b 80 00 01 37 09 0c f3 da 3f ff fb fd fd c8 04 04 80",""
2869,13402,"PACKET","IN",200,48,"VehicleSync","id=200 bytes=48","c8 76 00 30 00 00 00 00 00 00 00 3f 90 51 60 7e b7 8e b2 99 7c 31 37 82 54 50 b4 b7 b4 2e 13 eb f3 e9 41 51 dc 7f e8 06 40 3d 00 02 20 90 f6 84",""
2870,13403,"PACKET","OUT",207,69,"PlayerSync","id=207 bytes=69","cf 00 00 00 00 00 00 22 90 8d c3 0a 85 26 45 6a 86 7a 42 f5 21 4f 3f 00 00 00 00 00 00 00 00 89 70 16 3f 64 00 00 00 00 00 00 00 00 00 00 00 00 00 00 00 00 00 00 00 00 00 00 00 00 00 00 00 00 00 28 00 04 11",""
2871,13433,"PACKET","IN",207,35,"PlayerSync","id=207 bytes=35","cf 0b 00 00 00 1a fc 26 b0 c0 43 09 d1 7b 67 1f 10 84 00 00 00 03 32 4b c0 00 00 00 00 00 01 a5 04 e8 80",""
2872,13433,"PACKET","IN",207,35,"PlayerSync","id=207 bytes=35","cf 7e 00 00 00 11 42 a6 f0 c0 4b 89 d1 7b 67 1f 10 84 00 00 00 00 c6 1b 94 00 00 00 00 00 01 28 00 04 11",""
2873,13434,"PACKET","IN",207,45,"PlayerSync","id=207 bytes=45","cf 9e 00 84 80 60 7f c0 00 06 fd a8 b0 d8 60 c9 91 56 37 5f 10 80 00 00 00 02 46 7e 40 00 03 4b ce 68 f5 37 f4 7e 6b fd fd a5 04 04 80",""
2874,13434,"PACKET","IN",207,45,"PlayerSync","id=207 bytes=45","cf 54 00 fa 7f e0 7f c2 00 2e 19 e8 b0 eb e1 c9 91 67 28 1f 10 80 00 00 00 01 7f 0a c0 00 02 e4 77 48 f5 c3 f8 5d b3 fd fd a5 04 04 80",""
2875,13434,"RPC","IN",86,27,"ApplyPlayerAnimation","id=86 bytes=27","29 00 07 42 44 5f 46 49 52 45 07 77 61 73 68 5f 75 70 33 33 83 40 80 00 00 00 00",""
2876,13466,"PACKET","IN",207,45,"PlayerSync","id=207 bytes=45","cf 9e 00 85 80 60 7f c0 00 24 b7 e8 b0 c1 a1 09 91 5c 32 df 10 80 00 00 00 01 0a 86 40 00 03 10 aa c0 f7 1b f2 22 73 fd fd a5 04 04 80",""
2877,13466,"PACKET","IN",200,48,"VehicleSync","id=200 bytes=48","c8 76 00 30 00 eb ff 04 00 00 00 31 e0 6a b0 60 17 96 3a c9 7c 3e 98 22 54 59 d5 77 b4 2a f9 9b c3 e2 b1 57 ec 61 38 16 40 3d 00 02 0a ae f6 84",""
2878,13467,"PACKET","IN",207,35,"PlayerSync","id=207 bytes=35","cf 7c 00 00 00 03 66 28 30 f1 c4 49 d1 7b 67 1f 10 84 00 00 00 01 fe 49 80 00 00 00 00 00 01 28 00 04 11",""
2879,13467,"RPC","IN",87,2,"ClearPlayerAnimation","id=87 bytes=2","1f 00",""
2880,13467,"RPC","IN",86,29,"ApplyPlayerAnimation","id=86 bytes=29","1f 00 05 43 41 52 52 59 0b 63 72 72 79 5f 70 72 74 69 61 6c 33 33 83 40 00 00 00 00 00",""
2881,13501,"PACKET","IN",207,43,"PlayerSync","id=207 bytes=43","cf 63 00 60 3f c0 00 12 9c a3 30 c4 1d c9 91 6e 15 a0 50 80 00 00 00 00 38 2b 80 00 00 44 44 24 f4 2e 2a 67 ff fd fd c8 04 04 80",""
2882,13502,"RPC","IN",99,42,"MoveObject","id=99 bytes=42","a1 00 f8 e3 a1 c3 d7 9b 26 45 53 c5 7d 42 f8 e3 a1 c3 d7 9b 26 45 ed 5e 7b 42 00 00 80 3e 00 00 00 00 00 00 00 00 08 cc 84 43",""
2883,13502,"PACKET","IN",207,45,"PlayerSync","id=207 bytes=45","cf 9e 00 88 80 60 bf c0 00 33 32 28 b0 e8 21 09 91 7f f0 5f 10 80 00 00 00 00 b2 9a 40 00 03 dc 2e c0 f4 f7 f5 a6 6b fd fd a5 04 04 80",""
2884,13502,"PACKET","IN",207,45,"PlayerSync","id=207 bytes=45","cf 54 00 fa 7f e0 7f c2 00 21 4d a8 b0 f0 61 89 91 46 e6 5f 10 80 00 00 00 01 d3 06 c0 00 01 ff 4f 64 f6 97 f9 d1 b7 fd fd a5 04 04 80",""
2885,13533,"PACKET","IN",207,35,"PlayerSync","id=207 bytes=35","cf 46 00 02 00 3b 0c a5 70 f1 54 09 91 43 ed 5e d0 80 00 00 00 02 f6 a7 c0 00 00 00 00 00 01 a5 04 10 80",""
2886,13534,"PACKET","IN",200,48,"VehicleSync","id=200 bytes=48","c8 76 00 30 00 c1 ff 14 00 00 00 39 70 5a 20 5d f7 a7 f4 e9 8c 3d 78 f2 54 53 f5 67 b4 21 74 6b 93 e6 71 3b fc 31 77 f6 40 3d 00 02 72 aa f6 84",""
2887,13535,"PACKET","IN",207,45,"PlayerSync","id=207 bytes=45","cf 9e 00 89 80 60 bf c0 00 01 6c 68 b0 c6 61 49 91 7f ee 1f 10 80 00 00 00 00 02 a2 40 00 03 05 fa c0 f5 9f f8 82 53 fd fd a5 04 04 80",""
2888,13535,"PACKET","IN",203,34,"AimSync","id=203 bytes=34","cb 9e 00 04 86 92 73 3f d3 1b 8e 3e 1b 39 08 be 67 5c a4 c3 8a 75 26 45 1b 7e 80 42 00 00 00 00 3f 22",""
2889,13565,"PACKET","IN",207,35,"PlayerSync","id=207 bytes=35","cf 4d 00 00 00 02 00 23 30 e6 e4 09 91 70 1e 9e 90 84 00 00 00 03 da d0 80 00 00 00 00 00 01 28 00 04 11",""
2890,13566,"PACKET","IN",200,38,"VehicleSync","id=200 bytes=38","c8 70 00 27 00 f7 ff 00 00 00 00 01 80 bb 60 2d 6e 76 4a fa 9c 33 1a e2 64 58 1a a7 f4 20 00 00 00 08 40 1c 00 00",""
2891,13566,"PACKET","IN",207,35,"PlayerSync","id=207 bytes=35","cf 1f 00 00 00 20 66 e8 30 c3 bc c9 91 7b 67 1f 10 84 00 00 00 00 97 53 00 00 00 00 00 00 01 a5 04 e8 80",""
2892,13566,"PACKET","IN",207,35,"PlayerSync","id=207 bytes=35","cf 49 00 00 00 05 d5 25 b0 dd 8f 09 d1 6c 24 9f 10 80 00 00 00 01 eb 77 c0 00 00 00 00 00 01 28 00 04 11",""
2893,13566,"PACKET","IN",207,45,"PlayerSync","id=207 bytes=45","cf 54 00 fa 7f e0 7f c2 00 1b 7f 68 70 f0 e1 49 91 47 a4 1f 10 80 00 00 00 01 df 02 c0 00 03 4a 13 e4 f7 63 fb 81 bb fd fd a5 04 04 80",""
2894,13599,"RPC","IN",87,2,"ClearPlayerAnimation","id=87 bytes=2","7c 00",""
2895,13600,"RPC","IN",86,29,"ApplyPlayerAnimation","id=86 bytes=29","7c 00 05 43 41 52 52 59 0b 63 72 72 79 5f 70 72 74 69 61 6c 33 33 83 40 00 00 00 00 00",""
2896,13600,"PACKET","IN",207,43,"PlayerSync","id=207 bytes=43","cf 63 00 60 3f c0 00 1e 5c 23 30 cb 5e 89 91 6e 15 a0 50 80 00 00 00 02 9c 23 80 00 00 05 00 74 f6 9a 22 d3 ff fd fd c8 04 04 80",""
2897,13600,"PACKET","IN",203,34,"AimSync","id=203 bytes=34","cb 63 00 04 49 6b 8a 3d 31 69 7f 3f ae 79 b0 bb 48 8f 8c c3 53 41 26 45 8f 93 82 42 00 00 00 00 3f 55",""
2898,13600,"PACKET","IN",200,38,"VehicleSync","id=200 bytes=38","c8 70 00 27 00 d6 ff 00 00 00 00 01 80 bb 60 2d 6e 76 4a fa 9c 33 1a e2 64 58 1a a7 f4 20 00 00 00 08 40 1c 00 00",""
2899,13600,"PACKET","IN",207,35,"PlayerSync","id=207 bytes=35","cf 85 00 00 00 2b 0b 62 b0 d7 e8 c9 91 50 59 de 90 84 00 00 00 03 a8 31 80 00 00 00 00 00 01 28 00 04 11",""
2900,13600,"PACKET","IN",207,35,"PlayerSync","id=207 bytes=35","cf 97 00 00 00 09 a6 25 b0 d5 fd 09 91 6c 24 9f 10 84 00 00 00 00 3b eb e8 00 00 00 00 00 01 a5 04 e8 80",""
2901,13601,"PACKET","IN",207,45,"PlayerSync","id=207 bytes=45","cf 9e 00 8a 00 60 bf c0 00 1a 63 e8 b0 ec 21 49 91 73 2b df 10 80 00 00 00 00 e2 a6 40 00 02 70 2b 00 f7 0b fa f6 47 fd fd a5 04 04 80",""
2902,13601,"PACKET","IN",207,35,"PlayerSync","id=207 bytes=35","cf 29 00 00 00 2e 09 a5 b0 d1 c9 c9 d1 6c 24 9f 10 80 00 00 00 01 7d 63 c0 00 00 00 00 00 01 28 00 04 11",""
2903,13601,"PACKET","IN",200,48,"VehicleSync","id=200 bytes=48","c8 76 00 30 00 b3 ff 1c 00 00 00 3e 60 49 70 5e 47 d1 ad 39 8c 3b f9 92 54 5b 84 87 b4 24 d9 4b 63 e4 31 12 dc 08 57 e6 40 3d 00 02 18 82 f6 84",""
2904,13633,"PACKET","IN",207,35,"PlayerSync","id=207 bytes=35","cf 51 00 00 00 30 e3 68 30 f6 0c 09 d1 7b 67 1f 10 84 00 00 00 02 e7 67 c0 00 00 00 00 00 01 28 00 04 11",""
2905,13633,"PACKET","IN",207,45,"PlayerSync","id=207 bytes=45","cf 9e 00 8c 80 60 ff c0 00 15 1e 68 b0 c2 a1 89 91 77 aa 5f 10 80 00 00 00 03 8a b6 40 00 02 6f 5a e4 f7 e7 f8 8e 43 fd fd a5 04 04 80",""
2906,13668,"PACKET","IN",207,45,"PlayerSync","id=207 bytes=45","cf 54 00 fa 7f e0 7f c2 00 2e 30 a8 70 f5 21 09 91 65 21 9f 10 80 00 00 00 01 a2 fe c0 00 03 74 57 dc f4 33 fd d1 c3 fd fd a5 04 04 80",""
2907,13668,"PACKET","IN",207,35,"PlayerSync","id=207 bytes=35","cf 60 00 00 00 25 ca e3 30 e5 e0 49 91 6f df 1e 90 84 00 00 00 00 ae f9 c0 00 00 00 00 00 01 28 00 04 11",""
2908,13668,"PACKET","IN",200,38,"VehicleSync","id=200 bytes=38","c8 70 00 27 00 c8 ff 00 00 00 00 01 80 bb 60 2d 6e 76 4a fa 9c 33 1a e2 64 58 1a a7 f4 20 00 00 00 08 40 1c 00 00",""
2909,13668,"PACKET","IN",207,43,"PlayerSync","id=207 bytes=43","cf 63 00 60 3f c0 00 06 5b e3 30 f4 df 09 91 6e 15 a0 50 80 00 00 00 03 d0 1f 80 00 01 a5 98 d8 f7 ce 1e ff ff fd fd c8 04 04 80",""
2910,13669,"RPC","IN",86,27,"ApplyPlayerAnimation","id=86 bytes=27","1a 00 07 42 44 5f 46 49 52 45 07 77 61 73 68 5f 75 70 33 33 83 40 80 00 00 00 00",""
2911,13669,"PACKET","IN",207,45,"PlayerSync","id=207 bytes=45","cf 54 00 fa ff e0 7f c2 00 37 2c e8 70 e6 e1 09 91 47 e1 1f 10 80 00 00 00 03 22 fe c0 00 01 35 67 c8 f4 67 ff 85 c3 fd fd a5 04 04 80",""
2912,13669,"PACKET","IN",207,45,"PlayerSync","id=207 bytes=45","cf 9e 00 8d 80 60 ff c0 00 01 99 28 b0 cf e1 89 91 66 29 1f 10 80 00 00 00 00 02 c2 40 00 03 32 36 cc f6 77 ff 8a 27 fd fd a5 04 04 80",""
2913,13695,"PACKET","IN",200,48,"VehicleSync","id=200 bytes=48","c8 76 00 30 00 00 00 00 00 00 00 38 b0 42 c0 6c d8 25 e7 69 9c 3d aa 42 54 56 43 d7 b4 2a 43 db 33 eb 50 e9 2b b7 27 f6 40 3d 00 02 6e 54 f6 84",""
2914,13696,"PACKET","IN",207,35,"PlayerSync","id=207 bytes=35","cf 7c 00 00 00 03 66 28 30 f1 c4 49 d1 7b 67 1f 10 84 00 00 00 01 fe 49 80 00 00 00 00 00 01 fb 04 e8 80",""
2915,13705,"PACKET","IN",200,38,"VehicleSync","id=200 bytes=38","c8 92 00 2a 00 00 00 11 00 00 00 20 40 63 10 62 bf 4f 4f db 0c 37 c9 42 94 57 29 f7 d4 20 00 00 00 0c e0 39 00 00",""
2916,13705,"PACKET","IN",203,34,"AimSync","id=203 bytes=34","cb 92 00 12 00 b4 50 3f c8 c8 08 bf ed b3 64 be 7c aa b4 c3 8c e1 29 45 34 e2 86 42 00 00 00 00 3f 37",""
2917,13705,"PACKET","IN",207,35,"PlayerSync","id=207 bytes=35","cf 94 00 00 00 0c fe 66 b0 ef 39 c9 91 7b 67 1f 10 84 00 00 00 02 9a 53 c0 00 00 00 00 00 01 28 00 04 11",""
2918,13705,"PACKET","IN",207,45,"PlayerSync","id=207 bytes=45","cf 9e 00 8e 00 61 3f c0 00 36 53 a8 b0 d9 21 89 91 63 a7 df 10 80 00 00 00 02 8e c6 40 00 03 de ea cc f7 3b ff fa 1b fd fd a5 04 04 80",""
2919,13726,"PACKET","IN",207,45,"PlayerSync","id=207 bytes=45","cf 54 00 fb ff e0 7f c2 00 1f 66 68 70 cc 61 09 91 74 9f df 10 80 00 00 00 02 33 02 c0 00 03 df cf a4 f7 db fb 11 bf fd fd a5 04 04 80",""
2920,13726,"PACKET","IN",207,43,"PlayerSync","id=207 bytes=43","cf 63 00 60 3f c0 00 33 9b 63 30 db 1f c9 91 6e 15 a0 50 80 00 00 00 03 d0 1f 80 00 00 3b 50 d0 f7 ce 1e ff ff fd fd 6d 04 64 80",""
2921,13727,"PACKET","IN",200,38,"VehicleSync","id=200 bytes=38","c8 70 00 27 00 c2 ff 00 00 00 00 01 80 bb 60 2d 6e 76 4a fa 9c 33 1a e2 64 58 1a a7 f4 20 00 00 00 08 40 1c 00 00",""
2922,13727,"PACKET","IN",200,38,"VehicleSync","id=200 bytes=38","c8 92 00 2a 00 00 00 11 00 00 00 20 40 63 10 62 bf 4f 4f db 0c 37 c9 42 94 57 29 f7 d4 20 00 00 00 0c e0 39 00 00",""
2923,13756,"PACKET","IN",207,45,"PlayerSync","id=207 bytes=45","cf 54 00 fc 7f e0 7f c0 00 39 df a8 70 f0 60 c9 91 63 9e df 10 80 00 00 00 02 db 02 c0 00 00 31 3f 78 f7 bf fa 31 bf fd fd a5 04 04 80",""
2924,13783,"PACKET","IN",207,35,"PlayerSync","id=207 bytes=35","cf 1a 00 00 00 37 65 23 70 da 69 09 91 4b 21 de 90 80 00 00 00 00 b3 19 80 00 00 00 00 00 01 28 00 04 11",""
2925,13783,"PACKET","IN",207,45,"PlayerSync","id=207 bytes=45","cf 54 00 fc ff e0 7f c0 00 1a dc 28 70 e0 e0 c9 91 4f 9e 5f 10 80 00 00 00 00 73 06 c0 00 00 f5 6f 80 f7 6b fb b1 bb fd fd a5 04 04 80",""
2926,13783,"PACKET","IN",200,48,"VehicleSync","id=200 bytes=48","c8 76 00 30 00 00 00 00 00 00 00 38 90 57 b0 65 48 5a 11 89 ac 34 aa f2 54 56 43 c7 b4 20 3f ca f3 ed e0 df 2b 91 68 06 40 3d 00 03 06 56 f6 84",""
2927,13817,"PACKET","IN",207,35,"PlayerSync","id=207 bytes=35","cf 9a 00 00 00 05 5a 28 30 df c8 49 d1 7b 67 1f 10 84 00 00 00 01 79 f3 c0 00 00 00 00 00 01 a5 04 e8 80",""
2928,13818,"PACKET","IN",207,45,"PlayerSync","id=207 bytes=45","cf 9e 00 8e 00 61 3f c0 00 09 c8 68 b0 e4 e1 89 91 46 a5 5f 10 80 00 00 00 02 46 ce 40 00 02 15 f6 bc f7 cb fe 1e 0f fd fd a5 04 04 80",""
2929,13818,"PACKET","IN",200,38,"VehicleSync","id=200 bytes=38","c8 70 00 27 00 bc ff 00 00 00 00 01 80 bb 50 2d 6e 76 4a fa 9c 33 1a e2 64 58 1a a7 f4 20 00 00 00 08 40 1c 00 00",""
2930,13818,"PACKET","IN",207,43,"PlayerSync","id=207 bytes=43","cf 63 00 60 3f c0 00 2a 5b 63 30 ee 1f c9 91 6e 15 a0 50 80 00 00 00 03 d0 1f 80 00 02 c0 0b 04 e8 2d e0 fc 03 fd fd 6d 04 64 80",""
2931,13842,"RPC","IN",86,27,"ApplyPlayerAnimation","id=86 bytes=27","0b 00 07 42 44 5f 46 49 52 45 07 77 61 73 68 5f 75 70 33 33 83 40 80 00 00 00 00",""
2932,13866,"PACKET","IN",207,35,"PlayerSync","id=207 bytes=35","cf 3d 00 00 00 39 94 e5 b0 e4 03 c9 d1 6c 24 9f 10 80 00 00 00 02 af cd c0 00 00 00 00 00 01 28 00 04 11",""
2933,13867,"PACKET","IN",200,48,"VehicleSync","id=200 bytes=48","c8 76 00 30 00 00 00 00 00 00 00 31 70 6c e0 65 68 6a cb 89 ac 35 cb 92 54 51 43 d7 b4 2f 2b 0a c3 e7 f0 d3 6b 9f 87 f6 40 3d 00 03 52 60 f6 84",""
2934,13867,"PACKET","IN",207,45,"PlayerSync","id=207 bytes=45","cf 9e 00 8e 00 61 3f c0 00 35 fd e8 70 e8 61 89 91 41 e3 1f 10 80 00 00 00 02 e2 d6 40 00 00 22 2a 74 f7 fb fe 3e 03 fd fd a5 04 04 80",""
2935,13896,"PACKET","IN",200,44,"VehicleSync","id=200 bytes=44","c8 70 00 27 00 a5 ff 00 00 20 00 05 e0 b5 50 2e ae 79 ab 2a 9c 36 ea e2 64 5e 2a c7 f4 25 aa 09 23 cd 91 18 0c 08 18 98 40 1c 00 00",""
2936,13897,"PACKET","IN",207,43,"PlayerSync","id=207 bytes=43","cf 63 00 60 3f c0 00 3d 5b 23 30 c8 60 49 91 6e 15 a0 50 80 00 00 00 03 d0 1f 80 00 02 47 27 88 f3 ce 1e ff ff fd fd 6d 04 64 80",""
2937,13912,"PACKET","OUT",203,32,"AimSync","id=203 bytes=32","cb 00 00 00 39 05 00 00 00 00 00 00 00 00 00 00 00 40 01 00 00 00 80 3f 00 00 f3 04 b5 3f 39 05",""
2938,13937,"PACKET","IN",207,45,"PlayerSync","id=207 bytes=45","cf 54 00 fd ff e0 7f c0 00 05 c3 68 70 f0 20 49 91 6d da 5f 10 80 00 00 00 00 4f 06 c0 00 03 27 e4 00 fa fb f8 81 bb fd fd a5 04 04 80",""
2939,13938,"PACKET","IN",203,34,"AimSync","id=203 bytes=34","cb 54 00 04 91 1d 7b 3f 0a 5f 32 be 9c d0 b0 bd 73 c7 a2 c3 93 8b 26 45 c4 02 80 42 00 00 00 00 3f 36",""
2940,13938,"RPC","IN",87,2,"ClearPlayerAnimation","id=87 bytes=2","4d 00",""
2941,13938,"RPC","IN",86,29,"ApplyPlayerAnimation","id=86 bytes=29","4d 00 05 43 41 52 52 59 0b 63 72 72 79 5f 70 72 74 69 61 6c 33 33 83 40 00 00 00 00 00",""
2942,13938,"PACKET","IN",200,48,"VehicleSync","id=200 bytes=48","c8 76 00 30 00 00 00 00 00 00 00 32 80 6d 30 6b 78 60 f5 69 bc 32 4c 32 54 57 23 b7 b4 2d a6 5a 93 e5 40 de 0b 8c c7 f6 40 3d 00 03 8c 64 f6 84",""
2943,13938,"PACKET","IN",207,35,"PlayerSync","id=207 bytes=35","cf 7e 00 00 00 11 42 a6 f0 c0 4b 89 d1 7b 67 1f 10 84 00 00 00 00 c6 1b 94 00 00 00 00 00 01 28 00 04 11",""
2944,13939,"PACKET","OUT",207,69,"PlayerSync","id=207 bytes=69","cf 00 00 00 00 00 00 22 90 8d c3 0a 85 26 45 6a 86 7a 42 f5 21 4f 3f 00 00 00 00 00 00 00 00 89 70 16 3f 64 00 00 00 00 00 00 00 00 00 00 00 00 00 00 00 00 00 00 00 00 00 00 00 00 00 00 00 00 00 28 00 04 11",""
2945,13965,"PACKET","IN",207,35,"PlayerSync","id=207 bytes=35","cf 0b 00 00 00 1a fc 26 b0 c0 43 09 d1 7b 67 1f 10 84 00 00 00 03 32 4b c0 00 00 00 00 00 01 28 00 04 11",""
2946,13965,"PACKET","IN",207,45,"PlayerSync","id=207 bytes=45","cf 54 00 fd ff e0 7f c0 00 0e b4 e8 30 f1 20 09 91 62 18 1f 10 80 00 00 00 02 1b 02 c0 00 02 1e 37 cc f7 77 f8 09 bf fd fd a5 04 04 80",""
2947,13965,"PACKET","IN",200,44,"VehicleSync","id=200 bytes=44","c8 70 00 27 00 8b ff 00 00 20 00 0f 30 bc 60 19 3e 8a cc 0a 9c 36 6a f2 64 5b 5b 37 f4 2e 65 41 e3 df 00 ec 4b b5 38 58 40 1c 00 00",""
2948,13965,"PACKET","IN",207,45,"PlayerSync","id=207 bytes=45","cf 9e 00 8e 00 61 3f c0 00 26 b0 a8 70 e2 21 89 91 79 20 1f 10 80 00 00 00 03 46 de 40 00 02 0b aa e4 f7 e3 fd f5 f7 fd fd a5 04 04 80",""
2949,14001,"PACKET","IN",207,45,"PlayerSync","id=207 bytes=45","cf 54 00 fd ff e0 7f ca 00 06 f1 68 30 e2 20 09 91 51 97 9f 10 80 00 00 00 01 97 02 c0 00 02 14 2b bc f7 8f f8 d1 bf fd fd a5 04 04 80",""
2950,14001,"PACKET","IN",207,43,"PlayerSync","id=207 bytes=43","cf 63 00 60 3f c0 00 01 db 23 30 ff e0 89 91 6e 15 a0 50 80 00 00 00 03 d0 1f 80 00 00 5e 66 f8 f3 ce 1e ff ff fd fd 6d 04 64 80",""
2951,14002,"RPC","IN",135,2,"HideTextDraw","id=135 bytes=2","f0 00",""
2952,14002,"RPC","IN",135,2,"HideTextDraw","id=135 bytes=2","2c 08",""
2953,14002,"RPC","IN",135,2,"HideTextDraw","id=135 bytes=2","2d 08",""
2954,14002,"RPC","IN",87,2,"ClearPlayerAnimation","id=87 bytes=2","1e 00",""
2955,14002,"RPC","IN",86,29,"ApplyPlayerAnimation","id=86 bytes=29","1e 00 05 43 41 52 52 59 0b 63 72 72 79 5f 70 72 74 69 61 6c 33 33 83 40 00 00 00 00 00",""
2956,14002,"RPC","IN",88,1,"SetPlayerSpecialAction","id=88 bytes=1","00",""
2957,14002,"RPC","IN",15,1,"TogglePlayerControllable","id=15 bytes=1","01",""
2958,14002,"RPC","IN",16,16,"PlaySound","id=16 bytes=16","56 14 00 00 00 00 00 00 00 00 00 00 00 00 00 00",""
2959,14002,"RPC","IN",134,80,"ShowTextDraw","id=134 bytes=80","2b 08 10 8f c2 f5 3e 29 5c 8f 3f a9 a9 a9 ff 00 00 cc 42 00 00 16 42 80 80 80 80 00 00 00 00 00 ff 04 00 00 80 fd 43 00 00 d2 42 00 00 00 00 00 00 00 00 00 00 00 00 00 00 00 00 80 3f ff ff ff ff 0d 00 4c 44 5f 42 55 4d 3a 62 6c 6b 64 6f 74",""
2960,14003,"RPC","IN",134,79,"ShowTextDraw","id=134 bytes=79","2c 08 10 8f c2 f5 3e 29 5c 8f 3f c9 c9 c9 ff 00 00 90 41 00 00 b0 41 80 80 80 80 00 00 00 00 00 ff 04 00 00 80 f9 43 00 00 ca 42 00 00 00 00 00 00 00 00 00 00 00 00 00 00 00 00 80 3f ff ff ff ff 0c 00 6c 64 5f 62 65 61 74 3a 63 68 69 74",""
2961,14003,"RPC","IN",134,79,"ShowTextDraw","id=134 bytes=79","2d 08 10 8f c2 f5 3e 29 5c 8f 3f c9 c9 c9 ff 00 00 90 41 00 00 b0 41 80 80 80 80 00 00 00 00 00 ff 04 00 cd cc 15 44 00 00 ca 42 00 00 00 00 00 00 00 00 00 00 00 00 00 00 00 00 80 3f ff ff ff ff 0c 00 6c 64 5f 62 65 61 74 3a 63 68 69 74",""
2962,14003,"RPC","IN",134,79,"ShowTextDraw","id=134 bytes=79","2e 08 10 8f c2 f5 3e 29 5c 8f 3f a9 a9 a9 ff 00 00 90 41 00 00 b0 41 80 80 80 80 00 00 00 00 00 ff 04 00 00 80 f9 43 00 00 f9 42 00 00 00 00 00 00 00 00 00 00 00 00 00 00 00 00 80 3f ff ff ff ff 0c 00 6c 64 5f 62 65 61 74 3a 63 68 69 74",""
2963,14003,"RPC","IN",134,79,"ShowTextDraw","id=134 bytes=79","2f 08 10 8f c2 f5 3e 29 5c 8f 3f a9 a9 a9 ff 00 00 90 41 00 00 b0 41 80 80 80 80 00 00 00 00 00 ff 04 00 cd cc 15 44 00 00 f9 42 00 00 00 00 00 00 00 00 00 00 00 00 00 00 00 00 80 3f ff ff ff ff 0c 00 6c 64 5f 62 65 61 74 3a 63 68 69 74",""
2964,14003,"RPC","IN",134,80,"ShowTextDraw","id=134 bytes=80","30 08 10 8f c2 f5 3e 29 5c 8f 3f a9 a9 a9 ff 00 00 e0 42 00 00 bc 41 80 80 80 80 00 00 00 00 00 ff 04 00 00 00 fb 43 00 00 e0 42 00 00 00 00 00 00 00 00 00 00 00 00 00 00 00 00 80 3f ff ff ff ff 0d 00 4c 44 5f 42 55 4d 3a 62 6c 6b 64 6f 74",""
2965,14003,"RPC","IN",134,80,"ShowTextDraw","id=134 bytes=80","31 08 10 8f c2 f5 3e 29 5c 8f 3f c9 c9 c9 ff 00 00 cc 42 00 00 58 41 80 80 80 80 00 00 00 00 00 ff 04 00 00 80 fd 43 00 00 d2 42 00 00 00 00 00 00 00 00 00 00 00 00 00 00 00 00 80 3f ff ff ff ff 0d 00 4c 44 5f 42 55 4d 3a 62 6c 6b 64 6f 74",""
2966,14003,"RPC","IN",134,80,"ShowTextDraw","id=134 bytes=80","32 08 10 8f c2 f5 3e 29 5c 8f 3f c9 c9 c9 ff 00 00 e0 42 00 00 d0 40 80 80 80 80 00 00 00 00 00 ff 04 00 00 00 fb 43 00 00 e0 42 00 00 00 00 00 00 00 00 00 00 00 00 00 00 00 00 80 3f ff ff ff ff 0d 00 4c 44 5f 42 55 4d 3a 62 6c 6b 64 6f 74",""
2967,14003,"RPC","IN",134,79,"ShowTextDraw","id=134 bytes=79","33 08 10 8f c2 f5 3e 29 5c 8f 3f ff 00 00 ff 00 00 e0 40 00 00 00 41 80 80 80 80 00 00 00 00 00 ff 04 00 00 00 fd 43 00 00 d2 42 00 00 00 00 00 00 00 00 00 00 00 00 00 00 00 00 80 3f ff ff ff ff 0c 00 4c 44 5f 42 45 41 54 3a 63 68 69 74",""
2968,14004,"RPC","IN",134,79,"ShowTextDraw","id=134 bytes=79","34 08 10 8f c2 f5 3e 29 5c 8f 3f ff 00 00 ff 00 00 e0 40 00 00 00 41 80 80 80 80 00 00 00 00 00 ff 04 00 00 00 ff 43 00 00 d2 42 00 00 00 00 00 00 00 00 00 00 00 00 00 00 00 00 80 3f ff ff ff ff 0c 00 4c 44 5f 42 45 41 54 3a 63 68 69 74",""
2969,14004,"RPC","IN",134,79,"ShowTextDraw","id=134 bytes=79","35 08 10 8f c2 f5 3e 29 5c 8f 3f ff 00 00 ff 00 00 e0 40 00 00 00 41 80 80 80 80 00 00 00 00 00 ff 04 00 00 00 fd 43 17 99 dc 42 00 00 00 00 00 00 00 00 00 00 00 00 00 00 00 00 80 3f ff ff ff ff 0c 00 4c 44 5f 42 45 41 54 3a 63 68 69 74",""
2970,14004,"RPC","IN",134,79,"ShowTextDraw","id=134 bytes=79","36 08 10 8f c2 f5 3e 29 5c 8f 3f ff 00 00 ff 00 00 e0 40 00 00 00 41 80 80 80 80 00 00 00 00 00 ff 04 00 00 00 ff 43 17 99 dc 42 00 00 00 00 00 00 00 00 00 00 00 00 00 00 00 00 80 3f ff ff ff ff 0c 00 4c 44 5f 42 45 41 54 3a 63 68 69 74",""
2971,14004,"RPC","IN",134,80,"ShowTextDraw","id=134 bytes=80","37 08 10 8f c2 f5 3e 29 5c 8f 3f ff 00 00 ff 00 00 08 41 00 00 c0 40 80 80 80 80 00 00 00 00 00 ff 04 00 46 a6 fd 43 00 00 d8 42 00 00 00 00 00 00 00 00 00 00 00 00 00 00 00 00 80 3f ff ff ff ff 0d 00 6c 64 5f 62 75 6d 3a 62 6c 6b 64 6f 74",""
2972,14004,"RPC","IN",134,80,"ShowTextDraw","id=134 bytes=80","38 08 10 8f c2 f5 3e 29 5c 8f 3f ff 00 00 ff 00 00 a0 40 00 00 28 41 80 80 80 80 00 00 00 00 00 ff 04 00 00 80 fe 43 00 00 d5 42 00 00 00 00 00 00 00 00 00 00 00 00 00 00 00 00 80 3f ff ff ff ff 0d 00 6c 64 5f 62 75 6d 3a 62 6c 6b 64 6f 74",""
2973,14004,"RPC","IN",134,79,"ShowTextDraw","id=134 bytes=79","39 08 10 8f c2 f5 3e 29 5c 8f 3f ff ff ff ff 00 00 e0 40 00 00 10 41 80 80 80 80 00 00 00 00 00 ff 04 00 00 00 fe 43 00 00 d6 42 00 00 00 00 00 00 00 00 00 00 00 00 00 00 00 00 80 3f ff ff ff ff 0c 00 4c 44 5f 42 45 41 54 3a 63 68 69 74",""
2974,14004,"RPC","IN",134,68,"ShowTextDraw","id=134 bytes=68","3a 08 18 ec 51 38 3e fe d4 18 3f ff 00 00 ff 00 00 a0 44 00 00 a0 44 80 80 80 80 01 01 00 00 00 00 01 00 00 c0 ff 43 00 00 d9 42 00 00 00 00 00 00 00 00 00 00 00 00 00 00 00 00 80 3f ff ff ff ff 01 00 58",""
2975,14004,"RPC","IN",134,72,"ShowTextDraw","id=134 bytes=72","3b 08 10 ec 51 38 3e 77 be 7f 3f 00 00 00 64 00 00 a0 44 00 00 a0 44 80 80 80 80 01 01 00 00 00 00 01 00 00 80 01 44 00 00 d5 42 00 00 00 00 00 00 00 00 00 00 00 00 00 00 00 00 80 3f ff ff ff ff 05 00 45 52 52 4f 52",""
2976,14004,"RPC","IN",134,94,"ShowTextDraw","id=134 bytes=94","3c 08 10 b8 1e 05 3e c3 f5 48 3f 00 00 00 ff 00 40 18 44 00 00 b0 41 80 80 80 80 01 01 00 00 00 00 01 00 00 80 fd 43 00 00 f1 42 00 00 00 00 00 00 00 00 00 00 00 00 00 00 00 00 80 3f ff ff ff ff 1b 00 49 6e 76 65 6e 74 6f 72 79 20 61 6e 64 61 20 73 75 64 61 68 20 70 65 6e 75 68 21",""
2977,14005,"RPC","IN",105,7,"TextDrawSetString","id=105 bytes=7","26 08 03 00 31 30 30",""
2978,14005,"RPC","IN",105,5,"TextDrawSetString","id=105 bytes=5","27 08 01 00 30",""
2979,14005,"RPC","IN",105,6,"TextDrawSetString","id=105 bytes=6","28 08 02 00 35 30",""
2980,14005,"RPC","IN",105,5,"TextDrawSetString","id=105 bytes=5","29 08 01 00 39",""
2981,14005,"RPC","IN",105,7,"TextDrawSetString","id=105 bytes=7","2a 08 03 00 31 30 30",""
2982,14005,"PACKET","IN",207,45,"PlayerSync","id=207 bytes=45","cf 54 00 fd ff e0 7f c0 00 3b 6d e8 30 d4 60 09 91 49 97 1f 10 80 00 00 00 01 97 02 c0 00 01 fe 37 b4 f7 ab f9 95 bf fd fd a5 04 04 80",""
2983,14005,"PACKET","IN",200,48,"VehicleSync","id=200 bytes=48","c8 76 00 30 00 00 00 00 00 00 00 31 d0 68 e0 6d 98 6f ff 09 bc 3b bc c2 54 59 b3 97 b4 26 11 ca 63 e4 80 dc 7b 8d b7 f6 40 3d 00 03 46 66 f6 84",""
2984,14005,"PACKET","IN",203,34,"AimSync","id=203 bytes=34","cb 76 00 12 f6 3d 5e bf d5 ff f7 3e 79 c8 dd bd f6 48 99 c3 46 9e 25 45 c5 cf 7f 42 00 00 00 00 01 ff",""
2985,14026,"RPC","IN",86,27,"ApplyPlayerAnimation","id=86 bytes=27","97 00 07 42 44 5f 46 49 52 45 07 77 61 73 68 5f 75 70 33 33 83 40 80 00 00 00 00",""
2986,14026,"PACKET","OUT",205,9,"UNKNOWN_PACKET","id=205 bytes=9","cd b8 4a 04 00 00 00 00 00",""
2987,14026,"PACKET","OUT",207,69,"PlayerSync","id=207 bytes=69","cf 00 00 00 00 00 00 22 90 8d c3 0a 85 26 45 6a 86 7a 42 f5 21 4f 3f 00 00 00 00 00 00 00 00 89 70 16 3f 64 00 00 00 00 00 00 00 00 00 00 00 00 00 00 00 00 00 00 00 00 00 00 00 00 00 00 00 00 00 a5 04 e8 80",""
2988,14052,"PACKET","IN",207,45,"PlayerSync","id=207 bytes=45","cf 9e 00 8e 00 61 3f c0 00 20 a6 68 70 d5 21 89 91 6d de 1f 10 80 00 00 00 01 2e ea 40 00 02 f3 ce ac f7 67 ff 7d e7 fd fd a5 04 04 80",""
2989,14052,"PACKET","IN",207,35,"PlayerSync","id=207 bytes=35","cf 1f 00 00 00 20 66 e8 30 c3 bc c9 91 7b 67 1f 10 84 00 00 00 00 97 53 00 00 00 00 00 00 01 a5 04 e8 80",""
2990,14052,"PACKET","IN",207,43,"PlayerSync","id=207 bytes=43","cf 63 00 60 3f c0 00 27 9a e3 30 f5 60 c9 91 6e 15 a0 50 80 00 00 00 03 d0 1f 80 00 01 67 d9 74 f3 ce 1e ff ff fd fd 6d 04 64 80",""
2991,14053,"PACKET","IN",200,44,"VehicleSync","id=200 bytes=44","c8 70 00 27 00 82 ff 00 00 20 00 00 90 c2 10 2a ee 97 9d 2a 9c 38 7b 02 64 5d fb 87 f4 2a 2e 45 43 d4 80 da 7b 8d 18 38 40 1c 00 00",""
2992,14081,"PACKET","IN",207,35,"PlayerSync","id=207 bytes=35","cf 4d 00 00 00 02 00 23 30 e6 e4 09 91 70 1e 9e 90 84 00 00 00 03 da d0 80 00 00 00 00 00 01 a5 04 04 80",""
2993,14082,"PACKET","IN",207,45,"PlayerSync","id=207 bytes=45","cf 54 00 fd ff e0 7f c0 00 3f 21 e8 30 e2 1f c9 91 5c 15 1f 10 80 00 00 00 01 97 02 c0 00 01 4c cb 34 f7 ab f9 95 bf fd fd a5 04 04 80",""
2994,14082,"PACKET","IN",200,48,"VehicleSync","id=200 bytes=48","c8 76 00 30 00 00 00 00 00 00 00 31 30 65 b0 6e 18 64 d6 a9 cc 33 dd 42 54 5d 93 87 b4 2e d7 ca 33 e4 a0 dc bb 8e c7 f6 40 3d 00 02 c6 68 f6 84",""
2995,14082,"PACKET","IN",207,35,"PlayerSync","id=207 bytes=35","cf 97 00 00 00 09 a6 25 b0 d5 fd 09 91 6c 24 9f 10 84 00 00 00 00 3b eb e8 00 00 00 00 00 01 a5 04 e8 80",""
2996,14106,"PACKET","IN",207,35,"PlayerSync","id=207 bytes=35","cf 46 00 02 00 3b 0c a5 70 f1 54 09 91 43 ed 5e d0 80 00 00 00 02 f6 a7 c0 00 00 00 00 00 01 a5 04 10 80",""
2997,14107,"PACKET","IN",207,35,"PlayerSync","id=207 bytes=35","cf 85 00 00 00 2b 0b 62 b0 d7 e8 c9 91 50 59 de 90 84 00 00 00 03 a8 31 80 00 00 00 00 00 01 28 00 04 11",""
2998,14107,"PACKET","IN",203,34,"AimSync","id=203 bytes=34","cb 85 00 04 45 97 95 bd 2c 65 77 3f 51 69 7c be 8c 19 8a c3 14 82 26 45 29 ed 7e 42 00 00 00 00 3f c6",""
2999,14135,"PACKET","IN",207,35,"PlayerSync","id=207 bytes=35","cf 29 00 00 00 2e 09 a5 b0 d1 c9 c9 d1 6c 24 9f 10 80 00 00 00 01 7d 63 c0 00 00 00 00 00 01 28 00 04 11",""
3000,14136,"PACKET","IN",207,45,"PlayerSync","id=207 bytes=45","cf 9e 00 8e 00 61 3f c0 00 0f 9b a8 70 fe 61 49 91 65 5c 1f 10 80 00 00 00 01 4a f2 40 00 01 3c 3a 9c f6 b7 ff dd db fd fd a5 04 04 80",""
3001,14136,"RPC","IN",87,2,"ClearPlayerAnimation","id=87 bytes=2","1c 00",""
3002,14136,"RPC","IN",86,29,"ApplyPlayerAnimation","id=86 bytes=29","1c 00 05 43 41 52 52 59 0b 63 72 72 79 5f 70 72 74 69 61 6c 33 33 83 40 00 00 00 00 00",""
3003,14164,"PACKET","IN",207,35,"PlayerSync","id=207 bytes=35","cf 49 00 00 00 05 d5 25 b0 dd 8f 09 d1 6c 24 9f 10 80 00 00 00 01 eb 77 c0 00 00 00 00 00 01 28 00 04 11",""
3004,14165,"PACKET","IN",207,43,"PlayerSync","id=207 bytes=43","cf 63 00 60 3f c0 00 0e 5a e3 30 e8 21 09 91 6e 15 a0 50 80 00 00 00 03 d0 1f 80 00 02 7c 09 04 f3 ce 1e ff ff fd fd 6d 04 64 80",""
3005,14165,"PACKET","IN",207,45,"PlayerSync","id=207 bytes=45","cf 54 00 fd ff e0 7f c0 00 12 d5 68 30 ec df 89 91 52 93 1f 10 80 00 00 00 01 97 02 c0 00 00 d3 43 c0 f7 ab f9 95 bf fd fd a5 04 04 80",""
3006,14165,"PACKET","IN",207,35,"PlayerSync","id=207 bytes=35","cf 60 00 00 00 25 ca e3 30 e5 e0 49 91 6f df 1e 90 84 00 00 00 00 ae f9 c0 00 00 00 00 00 01 28 00 04 11",""
3007,14165,"PACKET","IN",200,44,"VehicleSync","id=200 bytes=44","c8 70 00 27 00 82 ff 00 00 20 00 0b b0 bf 90 2c 6e bb 0e fa 9c 35 cb 22 64 51 7c 17 f4 2f 8a 68 a3 d0 30 e1 1b a4 d8 48 40 1c 00 00",""
3008,14166,"PACKET","IN",207,45,"PlayerSync","id=207 bytes=45","cf 9e 00 8d 00 60 ff c0 00 14 d6 68 70 f0 a1 49 91 72 9b 1f 10 80 00 00 00 03 ee ee 40 00 01 80 da c0 f6 3f fd d1 d7 fd fd a5 04 04 80",""
3009,14166,"RPC","IN",86,27,"ApplyPlayerAnimation","id=86 bytes=27","9a 00 07 42 44 5f 46 49 52 45 07 77 61 73 68 5f 75 70 33 33 83 40 80 00 00 00 00",""
3010,14166,"RPC","IN",86,27,"ApplyPlayerAnimation","id=86 bytes=27","53 00 07 42 44 5f 46 49 52 45 07 77 61 73 68 5f 75 70 33 33 83 40 80 00 00 00 00",""
3011,14166,"PACKET","IN",200,48,"VehicleSync","id=200 bytes=48","c8 76 00 30 00 00 00 00 00 00 00 31 00 64 a0 6d f8 6d 1f f9 cc 38 1d d2 54 52 93 87 b4 26 a3 7a 03 e5 30 dd db 8e c7 f6 40 3d 00 03 ec 68 f6 84",""
3012,14191,"PACKET","IN",200,44,"VehicleSync","id=200 bytes=44","c8 70 00 27 00 82 ff 00 00 20 00 06 20 b4 30 3f 3e d7 c0 ca ac 34 8b 42 64 55 fc a7 f4 22 18 ca 43 de 60 f9 eb d9 28 48 40 1c 00 00",""
3013,14192,"PACKET","IN",207,35,"PlayerSync","id=207 bytes=35","cf 7c 00 00 00 03 66 28 30 f1 c4 49 d1 7b 67 1f 10 84 00 00 00 01 fe 49 80 00 00 00 00 00 01 fb 04 e8 80",""
3014,14192,"PACKET","IN",207,35,"PlayerSync","id=207 bytes=35","cf 97 00 00 00 09 a6 25 b0 d5 fd 09 91 6c 24 9f 10 84 00 00 00 00 3b eb e8 00 00 00 00 00 01 28 00 04 11",""
3015,14193,"PACKET","OUT",203,32,"AimSync","id=203 bytes=32","cb 04 da 9d 4e 3f 27 9a 03 3f 23 ae 94 be 03 a8 8e c3 c2 6e 26 45 37 09 80 42 00 00 00 00 3f c6",""
3016,14220,"PACKET","IN",207,35,"PlayerSync","id=207 bytes=35","cf 51 00 00 00 30 e3 68 30 f6 0c 09 d1 7b 67 1f 10 84 00 00 00 02 e7 67 c0 00 00 00 00 00 01 28 00 04 11",""
3017,14220,"PACKET","IN",200,38,"VehicleSync","id=200 bytes=38","c8 92 00 2a 00 00 00 11 00 00 00 20 50 63 10 62 bf 4f 4f db 0c 37 c9 42 94 57 29 f7 d4 20 00 00 00 0c e0 39 00 00",""
3018,14220,"PACKET","IN",203,34,"AimSync","id=203 bytes=34","cb 92 00 12 00 b4 50 3f c8 c8 08 bf ed b3 64 be 7c aa b4 c3 8c e1 29 45 34 e2 86 42 00 00 00 00 3f 37",""
3019,14221,"PACKET","IN",207,45,"PlayerSync","id=207 bytes=45","cf 9e 00 8c 00 60 ff c0 00 02 d0 e8 70 e2 a1 49 91 6e 5a 1f 10 80 00 00 00 02 86 ee 40 00 02 f5 6a c0 f6 6b ff d5 d7 fd fd a5 04 04 80",""
3020,14221,"PACKET","IN",207,45,"PlayerSync","id=207 bytes=45","cf 54 00 fd ff e0 7f c0 00 3d c0 e8 30 d7 df 49 91 7e 46 df 50 80 00 00 00 01 97 02 c0 00 01 19 45 ec f8 e7 c8 39 c7 22 dd a5 04 04 80",""
3021,14251,"PACKET","IN",207,43,"PlayerSync","id=207 bytes=43","cf 63 00 60 3f c0 00 3e 9a a3 30 c8 21 49 91 6e 15 a0 50 80 00 00 00 00 68 2f 80 00 02 19 ff 60 eb ce 1e ff ff fd fd 6d 04 64 80",""
3022,14252,"PACKET","IN",200,48,"VehicleSync","id=200 bytes=48","c8 76 00 30 00 00 00 00 00 00 00 31 60 66 10 6d 78 61 69 29 dc 39 3e 62 54 53 d3 77 b4 2e 3f 29 c3 e5 b0 de db 8e b7 f6 40 3d 00 03 9a 68 f6 84",""
3023,14252,"PACKET","IN",207,45,"PlayerSync","id=207 bytes=45","cf 9e 00 8a 80 60 bf c0 00 28 4b 28 70 d5 21 49 91 66 59 1f 10 80 00 00 00 02 12 ea 40 00 00 ce ae b8 f6 93 fd e5 db fd fd a5 04 04 80",""
3024,14281,"PACKET","IN",200,44,"VehicleSync","id=200 bytes=44","c8 70 00 27 00 82 ff 00 00 20 00 0f c0 a2 30 3c 6f 0e d3 1a ac 30 1b 72 64 5f ad 57 f4 24 6d 3c 03 d3 b1 35 dc 3e 58 38 40 1c 00 00",""
3025,14306,"PACKET","IN",207,45,"PlayerSync","id=207 bytes=45","cf 9e 00 89 00 60 bf c0 00 1e c3 a8 70 c6 21 49 91 79 17 9f 10 80 00 00 00 03 d6 e2 40 00 00 7c 72 e0 f7 03 fc 65 e3 fd fd a5 04 04 80",""
3026,14306,"PACKET","IN",207,43,"PlayerSync","id=207 bytes=43","cf 63 00 60 3f c0 00 19 da a3 30 fc e1 49 91 6e 15 a0 50 80 00 00 00 00 68 2f 80 00 00 7b 0e 90 f0 5e 2e 0f ff fd fd 6d 04 64 80",""
3027,14332,"PACKET","IN",207,35,"PlayerSync","id=207 bytes=35","cf 1a 00 00 00 37 65 23 70 da 69 09 91 4b 21 de 90 80 00 00 00 00 b3 19 80 00 00 00 00 00 01 28 00 04 11",""
3028,14332,"PACKET","IN",207,35,"PlayerSync","id=207 bytes=35","cf 53 00 00 00 13 94 e5 b0 ea cc 49 d1 6c e4 9f 10 80 00 00 00 03 52 2a c0 00 00 00 00 00 01 a5 04 04 80",""
3029,14333,"PACKET","IN",203,34,"AimSync","id=203 bytes=34","cb 53 00 04 e8 30 68 3f bb 11 ba be bf e9 59 be c7 52 97 c3 78 3e 27 45 57 6c 80 42 00 00 00 00 3f 37",""
3030,14333,"PACKET","IN",200,48,"VehicleSync","id=200 bytes=48","c8 76 00 30 00 00 00 00 00 00 00 3b 10 5b 20 6c b8 6e 62 09 ec 37 2e f2 54 59 23 87 b4 26 aa 59 93 e6 10 df 9b 84 b8 06 40 3d 00 03 26 6c f6 84",""
3031,14333,"PACKET","IN",207,45,"PlayerSync","id=207 bytes=45","cf 54 00 fd ff e0 7f c0 00 03 65 a7 f0 e5 1e c9 91 56 9e 9f 90 80 00 00 00 01 97 02 c0 00 03 96 f9 b4 f8 6b e1 25 c1 76 a5 a5 04 04 80",""
3032,14333,"PACKET","IN",207,45,"PlayerSync","id=207 bytes=45","cf 9e 00 87 80 60 7f c0 00 06 fe 28 30 fe 21 09 91 5f 16 9f 10 80 00 00 00 01 02 de 40 00 01 66 2f 04 f7 7f fd 75 eb fd fd a5 04 04 80",""
3033,14364,"PACKET","IN",200,44,"VehicleSync","id=200 bytes=44","c8 70 00 27 00 82 ff 00 00 20 00 06 10 a2 60 33 4f 46 f6 0a ac 3f 5b a2 64 56 6e 17 f4 24 f1 de 03 d7 f1 84 0c bd 28 28 40 1c 00 00",""
3034,14364,"PACKET","IN",200,38,"VehicleSync","id=200 bytes=38","c8 92 00 2a 00 00 00 11 00 00 00 20 50 63 10 62 bf 4f 4f db 0c 37 c9 42 94 57 29 f7 d4 20 00 00 00 0c e0 39 00 00",""
3035,14365,"PACKET","IN",207,45,"PlayerSync","id=207 bytes=45","cf 9e 00 86 80 60 7f c0 00 29 b8 a8 30 f9 e1 09 91 45 95 9f 10 80 00 00 00 01 2e da 40 00 01 36 c2 e0 f7 d3 ff 41 f3 fd fd a5 04 04 80",""
3036,14400,"PACKET","IN",207,35,"PlayerSync","id=207 bytes=35","cf 3d 00 00 00 39 94 e5 b0 e4 03 c9 d1 6c 24 9f 10 80 00 00 00 02 af cd c0 00 00 00 00 00 01 28 00 04 11",""
3037,14400,"PACKET","IN",207,45,"PlayerSync","id=207 bytes=45","cf 54 00 fd ff e0 7f c0 00 0b 8c 27 f0 fa 5e 49 91 5b d3 9f d0 80 00 00 00 01 97 02 c0 00 00 fa d5 90 f9 0b f2 f9 bc 2e 69 a5 04 04 80",""
3038,14400,"PACKET","IN",207,43,"PlayerSync","id=207 bytes=43","cf 63 00 60 3f c0 00 28 1a 23 30 e0 e2 09 91 6e 15 a0 50 80 00 00 00 00 68 2f 80 00 02 4b 0d 44 f4 5e 2e 0f ff fd fd 6d 04 64 80",""
3039,14401,"PACKET","IN",207,35,"PlayerSync","id=207 bytes=35","cf 9a 00 00 00 05 5a 28 30 df c8 49 d1 7b 67 1f 10 84 00 00 00 01 79 f3 c0 00 00 00 00 00 01 28 00 04 11",""
3040,14401,"RPC","IN",105,19,"TextDrawSetString","id=105 bytes=19","2f 01 0f 00 30 39 20 41 67 75 73 74 75 73 20 32 30 32 36",""
3041,14401,"RPC","IN",105,12,"TextDrawSetString","id=105 bytes=12","30 01 08 00 31 31 3a 35 36 3a 30 39",""
3042,14424,"PACKET","IN",207,35,"PlayerSync","id=207 bytes=35","cf 4b 00 00 00 2d cf 6b 70 c8 2b c9 91 68 a7 60 10 80 00 00 00 03 7c fb 80 00 00 00 00 00 01 a5 04 04 80",""
3043,14424,"PACKET","IN",203,34,"AimSync","id=203 bytes=34","cb 4b 00 04 43 6d 6a 3f 01 c8 97 3e bc dc 8a be 55 80 ae c3 12 a2 26 45 0e 4f 83 42 00 00 00 00 3f 36",""
3044,14424,"PACKET","IN",200,48,"VehicleSync","id=200 bytes=48","c8 76 00 30 00 00 00 00 00 00 00 3a 20 3f 30 7a e8 66 2a c9 ec 32 2f 82 54 5f 24 67 b4 25 8f c9 53 e8 30 d2 9b 9f d8 26 40 3d 00 02 7c 8a f6 84",""
3045,14424,"PACKET","IN",207,45,"PlayerSync","id=207 bytes=45","cf 9e 00 85 80 60 7f c0 00 07 73 68 30 f7 61 09 91 70 14 5f 10 80 00 00 00 01 26 d6 40 00 01 a5 8a cc f7 ef fc b9 fb fd fd a5 04 04 80",""
3046,14425,"PACKET","IN",200,44,"VehicleSync","id=200 bytes=44","c8 70 00 27 00 82 ff 00 00 20 00 0d 40 99 f0 33 8f 7e e8 ba ac 35 1b f2 64 59 1e 97 f4 20 2b 1f a3 da a1 e1 9d 30 c8 28 40 1c 00 00",""
3047,14425,"PACKET","IN",207,35,"PlayerSync","id=207 bytes=35","cf 94 00 00 00 0c fe 66 b0 ef 39 c9 91 7b 67 1f 10 84 00 00 00 02 9a 53 c0 00 00 00 00 00 01 28 00 04 11",""
3048,14425,"PACKET","IN",203,34,"AimSync","id=203 bytes=34","cb 94 00 04 b9 61 d4 3e 34 8f 5d bf 87 d1 8f be 11 67 9b c3 63 04 27 45 44 ab 80 42 00 00 00 00 3f 21",""
3049,14440,"PACKET","OUT",203,32,"AimSync","id=203 bytes=32","cb 00 00 00 39 05 00 00 00 00 00 00 00 00 00 00 00 40 01 00 00 00 80 3f 00 00 f3 04 b5 3f 39 05",""
3050,14452,"PACKET","IN",207,35,"PlayerSync","id=207 bytes=35","cf 1c 00 00 00 2d 02 a6 f0 e0 10 09 d1 7b 67 1f 10 84 00 00 00 00 15 5f 00 00 00 00 00 00 01 a5 04 e8 80",""
3051,14452,"PACKET","IN",203,34,"AimSync","id=203 bytes=34","cb 1c 00 04 d0 1d c9 3e 30 42 5f bf f0 64 95 be a6 62 9b c3 e8 58 27 45 f7 86 80 42 00 00 00 00 3f 55",""
3052,14452,"PACKET","IN",207,45,"PlayerSync","id=207 bytes=45","cf 9e 00 85 00 60 7f c0 00 04 6d a8 30 f6 e1 09 91 6e 94 5f 10 80 00 00 00 03 ba d2 40 00 00 55 26 d0 f7 fb fe 75 ff fd fd a5 04 04 80",""
3053,14486,"PACKET","IN",207,35,"PlayerSync","id=207 bytes=35","cf 7e 00 00 00 11 42 a6 f0 c0 4b 89 d1 7b 67 1f 10 84 00 00 00 00 c6 1b 94 00 00 00 00 00 01 28 00 04 11",""
3054,14486,"PACKET","IN",207,45,"PlayerSync","id=207 bytes=45","cf 54 00 fd ff e0 7f c0 00 21 f1 e7 b0 cc de 09 91 76 2d 1f d0 80 00 00 00 01 97 02 c0 00 02 91 91 7c fa 73 f9 bd bf 5a 21 a5 04 04 80",""
3055,14486,"PACKET","IN",207,43,"PlayerSync","id=207 bytes=43","cf 63 00 60 3f c0 00 2f 59 23 30 c6 63 89 91 6e 15 a0 50 80 00 00 00 00 68 2f 80 00 01 75 4a e0 f4 5e 2e 0f ff fd fd 6d 04 64 80",""
3056,14509,"PACKET","IN",200,44,"VehicleSync","id=200 bytes=44","c8 70 00 27 00 82 ff 00 00 20 00 05 70 95 20 43 1f ac 5b aa ac 3e bc 42 64 5a 8e f7 f4 22 fb f0 a3 e4 82 74 2d c1 38 18 40 1c 00 00",""
3057,14510,"PACKET","IN",200,48,"VehicleSync","id=200 bytes=48","c8 76 00 30 00 00 00 00 00 00 00 3f b0 20 d0 8a 18 6a 23 49 fc 3a 30 02 64 57 f6 77 b4 23 06 a9 23 e8 20 d2 3b 94 b8 36 40 3d 00 03 ec ca f6 84",""
3058,14510,"PACKET","IN",207,35,"PlayerSync","id=207 bytes=35","cf 0b 00 00 00 1a fc 26 b0 c0 43 09 d1 7b 67 1f 10 84 00 00 00 03 32 4b c0 00 00 00 00 00 01 28 00 04 11",""
3059,14510,"RPC","IN",86,27,"ApplyPlayerAnimation","id=86 bytes=27","1f 00 07 42 44 5f 46 49 52 45 07 77 61 73 68 5f 75 70 33 33 83 40 80 00 00 00 00",""
3060,14544,"PACKET","IN",207,45,"PlayerSync","id=207 bytes=45","cf 54 00 fd ff e0 7f c0 00 1c 5a 67 b0 ea 9d 89 91 73 ea 5f d0 80 00 00 00 01 97 02 c0 00 03 61 11 78 fa db f9 b1 bf 1d e1 a5 04 04 80",""
3061,14544,"PACKET","IN",207,45,"PlayerSync","id=207 bytes=45","cf 9e 00 85 00 60 7f c0 00 06 61 a8 30 ef e1 09 91 5b 94 5f 10 80 00 00 00 03 92 f6 40 00 01 cd 02 ac f7 9f fc 71 ef fd fd a5 04 04 80",""
3062,14545,"PACKET","IN",203,34,"AimSync","id=203 bytes=34","cb 9e 00 04 d4 f3 7c 3f 24 b9 bb bd 74 09 fd bd 3b 40 a2 c3 e3 89 26 45 58 39 80 42 00 00 00 00 3f 22",""
3063,14574,"PACKET","IN",200,48,"VehicleSync","id=200 bytes=48","c8 76 00 30 00 00 00 00 00 08 00 3b 30 2b c0 79 28 65 4a 39 fc 38 a0 72 64 5e b7 97 b4 29 92 09 93 e7 30 d1 9b 97 b8 16 40 3d 00 03 22 f0 f6 84",""
3064,14575,"PACKET","IN",207,35,"PlayerSync","id=207 bytes=35","cf 1f 00 00 00 20 66 e8 30 c3 bc c9 91 7b 67 1f 10 84 00 00 00 00 97 53 00 00 00 00 00 00 01 28 00 04 11",""
3065,14575,"PACKET","IN",200,44,"VehicleSync","id=200 bytes=44","c8 70 00 27 00 82 ff 00 00 20 00 0e b0 8d b0 48 6f c2 0e 4a ac 30 1c b2 64 52 ef 17 f4 23 ba c1 63 ea f3 07 6e 4f 17 f8 40 1c 00 00",""
3066,14600,"PACKET","IN",207,45,"PlayerSync","id=207 bytes=45","cf 54 00 fd ff e0 7f c0 00 17 43 e7 b0 cc 1d 49 91 7d 11 5f d0 80 00 00 00 01 97 02 c0 00 03 31 e5 80 fb d3 f2 9d be 51 a5 a5 04 04 80",""
3067,14600,"PACKET","IN",207,43,"PlayerSync","id=207 bytes=43","cf 63 00 60 3f c0 00 2f 17 e3 30 ef 25 09 91 6e 15 a0 50 80 00 00 00 03 68 33 80 00 00 5c ba c0 f7 56 31 67 ff fd fd 6d 04 64 80",""
3068,14601,"PACKET","IN",203,34,"AimSync","id=203 bytes=34","cb 63 00 04 65 a8 c4 3d 2d e4 73 3f 95 a1 93 be c1 8a 8c c3 62 5f 26 45 a5 8e 84 42 00 00 00 00 3f 55",""
3069,14632,"RPC","IN",86,27,"ApplyPlayerAnimation","id=86 bytes=27","7c 00 07 42 44 5f 46 49 52 45 07 77 61 73 68 5f 75 70 33 33 83 40 80 00 00 00 00",""
3070,14632,"PACKET","IN",207,35,"PlayerSync","id=207 bytes=35","cf 4d 00 00 00 02 00 23 30 e6 e4 09 91 70 1e 9e 90 84 00 00 00 03 da d0 80 00 00 00 00 00 01 a5 04 04 80",""
3071,14633,"PACKET","IN",207,45,"PlayerSync","id=207 bytes=45","cf 9e 00 85 00 60 7f c0 00 24 17 e8 30 c5 a1 09 91 65 93 df 10 80 00 00 00 03 b3 1e 40 00 01 af 8e 78 f4 83 f8 d1 ab fd fd a5 04 04 80",""
3072,14668,"PACKET","IN",207,35,"PlayerSync","id=207 bytes=35","cf 29 00 00 00 2e 09 a5 b0 d1 c9 c9 d1 6c 24 9f 10 80 00 00 00 01 7d 63 c0 00 00 00 00 00 01 28 00 04 11",""
3073,14669,"PACKET","IN",207,35,"PlayerSync","id=207 bytes=35","cf 46 00 02 00 3b 0c a5 70 f1 54 09 91 43 ed 5e d0 80 00 00 00 02 f6 a7 c0 00 00 00 00 00 01 a5 04 10 80",""
3074,14669,"PACKET","IN",203,34,"AimSync","id=203 bytes=34","cb 46 00 04 d3 c3 2c 3f 0e a1 2d 3f ef e0 94 be 67 14 97 c3 49 14 26 45 92 4b 82 42 00 00 00 00 23 37",""
3075,14669,"PACKET","IN",200,44,"VehicleSync","id=200 bytes=44","c8 70 00 27 00 82 ff 00 00 20 00 08 80 84 d0 55 ff e1 b0 ca bc 32 7d 22 64 5d de d7 f4 24 69 72 23 e2 c3 a4 4e bd 87 e8 40 1c 00 00",""
3076,14669,"PACKET","IN",200,48,"VehicleSync","id=200 bytes=48","c8 76 00 30 00 09 00 00 00 08 00 3e 40 00 e0 86 38 64 23 5a 0c 39 e1 02 64 50 37 77 b4 2f 5c 1a 13 e8 60 d4 1b 91 67 f6 40 3d 00 02 20 ec f6 84",""
3077,14670,"PACKET","IN",207,35,"PlayerSync","id=207 bytes=35","cf 49 00 00 00 05 d5 25 b0 dd 8f 09 d1 6c 24 9f 10 80 00 00 00 01 eb 77 c0 00 00 00 00 00 01 28 00 04 11",""
3078,14670,"PACKET","IN",207,43,"PlayerSync","id=207 bytes=43","cf 63 00 60 3f c0 00 17 16 e3 30 ca 66 89 91 6e 15 a0 50 80 00 00 00 03 68 33 80 00 02 3e 66 94 f7 56 31 67 ff fd fd 6d 04 64 80",""
3079,14670,"PACKET","IN",207,35,"PlayerSync","id=207 bytes=35","cf 7c 00 00 00 03 66 28 30 f1 c4 49 d1 7b 67 1f 10 84 00 00 00 01 fe 49 80 00 00 00 00 00 01 28 00 04 11",""
3080,14670,"PACKET","IN",207,35,"PlayerSync","id=207 bytes=35","cf 85 00 00 00 2b 0b 62 b0 d7 e8 c9 91 50 59 de 90 84 00 00 00 03 a8 31 80 00 00 00 00 00 01 28 00 04 11",""
3081,14694,"PACKET","IN",200,38,"VehicleSync","id=200 bytes=38","c8 92 00 2a 00 00 00 11 00 00 00 20 50 63 10 62 bf 4f 4f db 0c 37 c9 42 94 57 29 f7 d4 20 00 00 00 0c e0 39 00 00",""
3082,14694,"PACKET","IN",203,34,"AimSync","id=203 bytes=34","cb 92 00 12 00 b4 50 3f c8 c8 08 bf ed b3 64 be 7c aa b4 c3 8c e1 29 45 34 e2 86 42 00 00 00 00 3f 37",""
3083,14695,"PACKET","IN",207,35,"PlayerSync","id=207 bytes=35","cf 60 00 00 00 25 ca e3 30 e5 e0 49 91 6f df 1e 90 84 00 00 00 00 ae f9 c0 00 00 00 00 00 01 28 00 04 11",""
3084,14725,"PACKET","IN",207,45,"PlayerSync","id=207 bytes=45","cf 54 00 fd ff e0 7f c0 00 19 e5 e7 70 ce 9c c9 91 48 0d df 90 80 00 00 00 01 97 02 c0 00 02 34 cd a0 f8 7b e1 25 c2 b1 59 a5 04 04 80",""
3085,14726,"PACKET","IN",200,44,"VehicleSync","id=200 bytes=44","c8 70 00 27 00 82 ff 00 00 20 00 03 10 8c 80 57 ff fe 53 0a bc 31 8d a2 64 5f 7e 57 f4 2d 46 62 e3 e3 44 39 ef 0f 67 d8 40 1c 00 00",""
3086,14726,"PACKET","IN",207,45,"PlayerSync","id=207 bytes=45","cf 9e 00 85 00 60 7f c0 00 3b 0a 28 30 da a0 89 91 7a 52 9f 10 80 00 00 00 00 df 3a 40 00 03 03 7e e8 f6 1f ed ed 7b fd fd a5 04 04 80",""
3087,14726,"RPC","IN",87,2,"ClearPlayerAnimation","id=87 bytes=2","51 00",""
3088,14726,"RPC","IN",86,29,"ApplyPlayerAnimation","id=86 bytes=29","51 00 05 43 41 52 52 59 0b 63 72 72 79 5f 70 72 74 69 61 6c 33 33 83 40 00 00 00 00 00",""
3089,14727,"PACKET","IN",207,43,"PlayerSync","id=207 bytes=43","cf 63 00 60 3f c0 00 2d 15 e3 30 e8 a7 89 91 53 94 60 50 80 00 00 00 00 cc 37 80 00 02 80 b6 54 f4 4e 35 2f fb 59 bd 6c 04 04 80",""
3090,14727,"PACKET","IN",200,48,"VehicleSync","id=200 bytes=48","c8 76 00 30 00 43 00 fc ff 08 00 31 a0 1c c0 74 18 47 4c da 0c 39 51 a2 64 5a 76 d7 b4 2c b3 ba a3 e6 40 fd 9b c5 b7 f6 40 3d 00 02 d0 da f6 84",""
3091,14727,"PACKET","OUT",207,69,"PlayerSync","id=207 bytes=69","cf 00 00 00 00 00 00 22 90 8d c3 0a 85 26 45 6a 86 7a 42 f5 21 4f 3f 00 00 00 00 00 00 00 00 89 70 16 3f 64 00 00 00 00 00 00 00 00 00 00 00 00 00 00 00 00 00 00 00 00 00 00 00 00 00 00 00 00 00 a5 04 e8 80",""
3092,14756,"PACKET","IN",207,35,"PlayerSync","id=207 bytes=35","cf 97 00 00 00 09 a6 25 b0 d5 fd 09 91 6c 24 9f 10 84 00 00 00 00 3b eb e8 00 00 00 00 00 01 28 00 04 11",""
3093,14756,"PACKET","IN",207,45,"PlayerSync","id=207 bytes=45","cf 54 00 fd ff e0 7f c0 00 01 cd a7 70 e8 dc 49 91 41 f9 5f 10 80 00 00 00 01 97 02 c0 00 02 20 8d c8 fa 8f c8 01 c4 4d 25 a5 04 04 80",""
3094,14756,"PACKET","IN",207,45,"PlayerSync","id=207 bytes=45","cf 9e 00 86 00 60 7f c0 00 39 85 68 30 eb 20 49 91 75 92 1f 10 80 00 00 00 01 9b 4e 40 00 03 7f da c4 f4 c3 eb 85 67 fd fd a5 04 04 80",""
3095,14786,"PACKET","IN",207,45,"PlayerSync","id=207 bytes=45","cf 9e 00 88 80 60 bf c0 00 15 80 e8 30 f1 20 09 91 53 91 9f 10 80 00 00 00 03 e3 6a 40 00 01 9d f2 a4 f4 e3 dd b1 47 fd fd a5 04 04 80",""
3096,14808,"PACKET","IN",207,45,"PlayerSync","id=207 bytes=45","cf 54 00 fc 7f e0 7f c0 00 09 c6 67 70 ca 9c 49 91 43 db 5f 10 80 00 00 00 01 97 02 c0 00 02 46 9d d4 fb 57 c0 f5 c5 95 15 a5 04 04 80",""
3097,14808,"PACKET","IN",200,44,"VehicleSync","id=200 bytes=44","c8 70 00 27 00 82 ff 00 00 00 00 7a f0 7b 30 6b 5f f0 05 9a bc 3f 4e 42 64 5f cd 57 f4 2c 74 a3 23 e9 34 f7 1f 6e 07 c8 40 1c 00 00",""
3098,14809,"PACKET","IN",200,48,"VehicleSync","id=200 bytes=48","c8 76 00 30 00 54 00 fb ff 08 00 37 c0 16 60 83 98 00 46 aa 1c 3d 72 52 64 57 96 c7 b4 26 19 bb 23 e6 71 22 0c 23 88 06 40 3d 00 03 28 cc f6 84",""
3099,14809,"PACKET","IN",207,35,"PlayerSync","id=207 bytes=35","cf 51 00 00 00 30 e3 68 30 f6 0c 09 d1 7b 67 1f 10 84 00 00 00 02 e7 67 c0 00 00 00 00 00 01 a5 04 e8 80",""
3100,14809,"PACKET","IN",207,43,"PlayerSync","id=207 bytes=43","cf 63 00 60 3f c0 00 0b d5 23 30 f8 a8 89 91 78 c6 60 50 80 00 00 00 00 cc 37 80 00 02 fe ce 9c f6 72 2c a7 c1 b9 0d 6c 04 04 80",""
3101,14832,"PACKET","IN",207,45,"PlayerSync","id=207 bytes=45","cf 9e 00 8a 80 60 bf c0 00 0b 3c 67 f0 e5 1f c9 91 7f 90 9f 10 80 00 00 00 03 f3 86 40 00 01 2b 9a 9c f5 b7 c6 c5 13 fd fd a5 04 04 80",""
3102,14864,"PACKET","IN",207,45,"PlayerSync","id=207 bytes=45","cf 54 00 fc 7f e0 7f c0 00 26 f7 e7 30 ce 5c 09 91 44 c6 1f 10 80 00 00 00 01 97 02 c0 00 02 be ac 08 fb ab f9 95 bf fd fd a5 04 04 80",""
3103,14864,"PACKET","IN",207,35,"PlayerSync","id=207 bytes=35","cf 9a 00 00 00 05 5a 28 30 df c8 49 d1 7b 67 1f 10 84 00 00 00 01 79 f3 c0 00 00 00 00 00 01 28 00 04 11",""
3104,14864,"PACKET","IN",207,35,"PlayerSync","id=207 bytes=35","cf 1a 00 00 00 37 65 23 70 da 69 09 91 4b 21 de 90 80 00 00 00 00 b3 19 80 00 00 00 00 00 01 28 00 04 11",""
3105,14865,"PACKET","IN",200,44,"VehicleSync","id=200 bytes=44","c8 70 00 27 00 82 ff 00 00 00 00 7c 90 60 70 8c cf eb 67 0a bc 3e 7e d2 64 5e dc 37 f4 20 fe 92 83 e4 75 d1 ff bb 67 b8 40 1c 00 00",""
3106,14865,"PACKET","IN",203,34,"AimSync","id=203 bytes=34","cb 70 00 12 d2 fd fe be 05 bc 5d 3f da 54 2b bd 25 1d a9 c3 68 6a 26 45 72 ca 84 42 00 00 00 00 3f c6",""
3107,14865,"PACKET","IN",207,45,"PlayerSync","id=207 bytes=45","cf 9e 00 8e 80 61 3f c0 00 07 77 e7 f0 c3 df 89 91 6f 8f 9f 10 80 00 00 00 01 c7 aa 40 00 03 74 56 a4 f4 ab aa 00 e3 fd fd a5 04 04 80",""
3108,14899,"PACKET","IN",207,35,"PlayerSync","id=207 bytes=35","cf 3d 00 00 00 39 94 e5 b0 e4 03 c9 d1 6c 24 9f 10 80 00 00 00 02 af cd c0 00 00 00 00 00 01 28 00 04 11",""
3109,14899,"PACKET","IN",207,43,"PlayerSync","id=207 bytes=43","cf 63 00 60 3f c0 00 0f 94 23 30 f3 e9 49 91 51 77 60 10 80 00 00 00 00 cc 37 80 00 01 3a 98 c8 f0 1f 5d ef 1f 46 f1 6c 04 04 80",""
3110,14899,"PACKET","IN",200,48,"VehicleSync","id=200 bytes=48","c8 76 00 30 00 00 00 00 00 00 00 37 10 26 40 9c 97 af 10 8a 2c 3a 33 22 64 52 a7 17 b4 2f a8 5b 83 eb e1 55 dc 76 d8 06 40 3d 00 03 f8 c2 f6 84",""
3111,14899,"PACKET","IN",207,45,"PlayerSync","id=207 bytes=45","cf 9e 00 92 00 61 bf c0 00 36 74 27 f0 da df 09 91 4a 4e 9f 10 80 00 00 00 01 cb c6 40 00 02 b9 4a c0 f4 9b 79 24 a7 fd fd a5 04 04 80",""
3112,14929,"PACKET","IN",207,35,"PlayerSync","id=207 bytes=35","cf 53 00 00 00 13 94 e5 b0 ea cc 49 d1 6c e4 9f 10 80 00 00 00 03 52 2a c0 00 00 00 00 00 01 a5 04 04 80",""
3113,14930,"PACKET","IN",207,35,"PlayerSync","id=207 bytes=35","cf 94 00 00 00 0c fe 66 b0 ef 39 c9 91 7b 67 1f 10 84 00 00 00 02 9a 53 c0 00 00 00 00 00 01 28 00 04 11",""
3114,14964,"PACKET","IN",207,45,"PlayerSync","id=207 bytes=45","cf 54 00 fc 7f e0 7f c0 00 02 ac a7 30 de 9b c9 91 40 45 9f 10 80 00 00 00 01 97 02 c0 00 03 66 8e 74 f7 ab f9 95 bf fd fd a5 04 04 80",""
3115,14964,"PACKET","IN",203,34,"AimSync","id=203 bytes=34","cb 54 00 04 45 4e 7b 3f 59 ff 03 be de cd 0f be eb 6a 9e c3 b7 76 26 45 1d 3a 80 42 00 00 00 00 3f 36",""
3116,14964,"PACKET","IN",207,45,"PlayerSync","id=207 bytes=45","cf 9e 00 93 80 61 ff c0 00 21 b1 27 f0 e0 5e 89 91 45 0e df 10 80 00 00 00 00 5b da 40 00 01 3d 32 c0 f4 f3 41 14 73 fd fd a5 04 04 80",""
3117,14964,"PACKET","IN",200,44,"VehicleSync","id=200 bytes=44","c8 70 00 27 00 82 ff 00 00 00 00 72 c0 53 20 95 1f c7 68 0a bc 37 2f 82 64 5e 6a 77 f4 2e 0c 01 b3 e1 17 1f cf e1 e7 a8 40 1c 00 00",""
3118,14964,"RPC","IN",86,27,"ApplyPlayerAnimation","id=86 bytes=27","4d 00 07 42 44 5f 46 49 52 45 07 77 61 73 68 5f 75 70 33 33 83 40 80 00 00 00 00",""
3119,14964,"PACKET","IN",207,43,"PlayerSync","id=207 bytes=43","cf 63 00 60 3f c0 00 0f 94 23 30 f3 e9 49 91 40 31 60 10 80 00 00 00 00 cc 37 80 00 01 53 92 e8 f3 fd ff fd fc 00 01 6c 04 04 80",""
3120,14965,"PACKET","IN",200,48,"VehicleSync","id=200 bytes=48","c8 76 00 30 00 00 00 00 00 00 00 32 10 61 50 8a 07 79 3a 4a 2c 3f c3 f2 64 56 87 57 b4 2a 03 eb 53 ed d1 60 2c 9f 87 f6 40 3d 00 02 82 d6 f6 84",""
3121,14965,"PACKET","IN",203,34,"AimSync","id=203 bytes=34","cb 76 00 12 15 5e 60 bf cf d9 ef 3e 45 1f e4 bd 08 54 a0 c3 c9 17 26 45 f4 0c 80 42 00 00 00 00 3f ff",""
3122,14965,"PACKET","IN",207,45,"PlayerSync","id=207 bytes=45","cf 9e 00 95 00 62 3f c0 00 0e 6e a7 f0 dc 5e 09 91 6e 8f df 10 80 00 00 00 03 a3 e6 40 00 03 2a 9a b8 f7 2f 0d b8 4f fd fd a5 04 04 80",""
3123,14965,"PACKET","OUT",203,32,"AimSync","id=203 bytes=32","cb 00 00 00 39 05 00 00 00 00 00 00 00 00 00 00 00 40 01 00 00 00 80 3f 00 00 f3 04 b5 3f 39 05",""
3124,15028,"PACKET","IN",207,35,"PlayerSync","id=207 bytes=35","cf 0b 00 00 00 1a fc 26 b0 c0 43 09 d1 7b 67 1f 10 84 00 00 00 03 32 4b c0 00 00 00 00 00 01 28 00 04 11",""
3125,15028,"PACKET","IN",207,35,"PlayerSync","id=207 bytes=35","cf 1c 00 00 00 2d 02 a6 f0 e0 10 09 d1 7b 67 1f 10 84 00 00 00 00 15 5f 00 00 00 00 00 00 01 a5 04 e8 80",""
3126,15028,"PACKET","IN",207,45,"PlayerSync","id=207 bytes=45","cf 9e 00 96 80 62 7f c0 00 12 ec 67 f0 c3 5d 89 91 70 91 5f 10 80 00 00 00 03 57 f2 40 00 02 56 76 d0 f4 b6 d8 20 33 fd fd a5 04 04 80",""
3127,15053,"PACKET","IN",207,43,"PlayerSync","id=207 bytes=43","cf 63 00 60 3f c0 00 0f 94 23 30 c2 a9 49 91 50 64 a0 10 80 00 00 00 00 cc 37 80 00 01 42 20 20 f7 fd ff ec ee 40 4d 6c 04 04 80",""
3128,15053,"PACKET","IN",200,44,"VehicleSync","id=200 bytes=44","c8 70 00 27 00 82 ff 00 00 00 00 7f 10 3a 30 92 2f 9f 48 2a bc 36 30 02 74 59 88 d7 f4 2f 17 31 13 e7 98 1c bf ff 27 88 40 1c 00 00",""
3129,15054,"PACKET","IN",207,45,"PlayerSync","id=207 bytes=45","cf 9e 00 97 00 62 7f c0 00 27 ea 67 f0 c6 dc c9 91 7a 13 5f 10 80 00 00 00 02 67 fa 40 00 01 b7 57 00 f6 7a 9d 24 1b fd fd a5 04 04 80",""
3130,15054,"RPC","IN",105,7,"TextDrawSetString","id=105 bytes=7","26 08 03 00 31 30 30",""
3131,15054,"RPC","IN",105,5,"TextDrawSetString","id=105 bytes=5","27 08 01 00 30",""
3132,15054,"RPC","IN",105,6,"TextDrawSetString","id=105 bytes=6","28 08 02 00 35 30",""
3133,15054,"RPC","IN",105,5,"TextDrawSetString","id=105 bytes=5","29 08 01 00 39",""
3134,15054,"RPC","IN",105,7,"TextDrawSetString","id=105 bytes=7","2a 08 03 00 31 30 30",""
3135,15054,"PACKET","IN",200,48,"VehicleSync","id=200 bytes=48","c8 76 00 30 00 00 00 00 00 00 00 35 60 66 b0 75 d7 6f 63 ba 3c 33 04 d2 64 56 07 27 b4 29 ce eb 13 e3 21 77 cc 9a 17 f6 40 3d 00 03 68 da f6 84",""
3136,15055,"PACKET","IN",207,35,"PlayerSync","id=207 bytes=35","cf 7e 00 00 00 11 42 a6 f0 c0 4b 89 d1 7b 67 1f 10 84 00 00 00 00 c6 1b 94 00 00 00 00 00 01 28 00 04 11",""
3137,15055,"PACKET","OUT",205,9,"UNKNOWN_PACKET","id=205 bytes=9","cd b8 4a 04 00 00 00 00 00",""
3138,15080,"RPC","IN",87,2,"ClearPlayerAnimation","id=87 bytes=2","49 00",""
3139,15080,"RPC","IN",86,29,"ApplyPlayerAnimation","id=86 bytes=29","49 00 05 43 41 52 52 59 0b 63 72 72 79 5f 70 72 74 69 61 6c 33 33 83 40 00 00 00 00 00",""
3140,15080,"PACKET","IN",207,41,"PlayerSync","id=207 bytes=41","cf 63 00 00 00 0f 94 23 30 f3 e9 09 91 54 60 e0 10 80 00 00 00 00 cc 37 80 00 02 68 ac 14 f7 fd fe 11 1c 88 35 6c 04 04 80",""
3141,15101,"PACKET","IN",207,35,"PlayerSync","id=207 bytes=35","cf 4d 00 00 00 02 00 23 30 e6 e4 09 91 70 1e 9e 90 84 00 00 00 03 da d0 80 00 00 00 00 00 01 28 00 04 11",""
3142,15101,"PACKET","IN",207,45,"PlayerSync","id=207 bytes=45","cf 54 00 fc 7f e0 7f c2 00 00 52 67 30 cc 5b 89 91 59 c4 9f 10 80 00 00 00 03 9a ea c0 00 03 b8 cb f4 f6 d7 fd b9 df fd fd a5 04 04 80",""
3143,15102,"PACKET","IN",200,44,"VehicleSync","id=200 bytes=44","c8 70 00 27 00 00 00 00 00 00 00 70 80 3e 40 94 6f 49 77 aa bc 3f 80 82 74 53 26 b7 f4 2e f3 b0 a3 ed 49 91 1f d7 27 78 40 1c 00 00",""
3144,15129,"PACKET","IN",207,35,"PlayerSync","id=207 bytes=35","cf 49 00 00 00 05 d5 25 b0 dd 8f 09 d1 6c 24 9f 10 80 00 00 00 01 eb 77 c0 00 00 00 00 00 01 a5 04 e8 80",""
3145,15129,"PACKET","IN",200,48,"VehicleSync","id=200 bytes=48","c8 76 00 30 00 44 00 00 00 00 00 3c 80 51 10 73 17 58 ab 4a 3c 3e 95 72 64 50 c6 f7 b4 2a 14 1a f3 e6 51 82 ac ba 57 f6 40 3d 00 02 7e d4 f6 84",""
3146,15150,"PACKET","IN",207,41,"PlayerSync","id=207 bytes=41","cf 63 00 00 00 3e d2 e3 30 de 29 09 91 58 1c 60 10 80 00 00 00 00 cc 37 80 00 02 e4 ae 94 f0 a6 d3 01 74 f4 41 6c 04 04 80",""
3147,15150,"PACKET","IN",207,45,"PlayerSync","id=207 bytes=45","cf 9e 00 97 80 62 bf c2 00 2f e8 e7 f0 cd db 09 91 64 98 df 10 84 00 00 00 02 bb fe 40 00 01 8f 92 c8 f5 86 04 04 03 fd fd a5 04 04 80",""
3148,15150,"RPC","IN",86,27,"ApplyPlayerAnimation","id=86 bytes=27","1c 00 07 42 44 5f 46 49 52 45 07 77 61 73 68 5f 75 70 33 33 83 40 80 00 00 00 00",""
3149,15178,"RPC","IN",72,6,"SetPlayerColor","id=72 bytes=6","22 00 aa 00 a5 ff",""
3150,15178,"PACKET","IN",207,45,"PlayerSync","id=207 bytes=45","cf 54 00 fc 7f e0 7f c2 00 27 42 a7 30 ec 5b 49 91 40 84 5f 10 80 00 00 00 01 76 ea c0 00 02 5c cb bc f7 03 fc 55 e3 fd fd a5 04 04 80",""
3151,15179,"PACKET","IN",200,44,"VehicleSync","id=200 bytes=44","c8 70 00 27 00 00 00 00 00 00 00 7a c0 25 e0 a5 ee f4 46 8a bc 30 e1 02 74 58 c4 87 f4 2b d4 70 33 e9 aa ed 1f 65 a7 68 40 1c 00 00",""
3152,15202,"PACKET","IN",207,35,"PlayerSync","id=207 bytes=35","cf 29 00 00 00 2e 09 a5 b0 d1 c9 c9 d1 6c 24 9f 10 80 00 00 00 01 7d 63 c0 00 00 00 00 00 01 28 00 04 11",""
3153,15202,"PACKET","IN",200,48,"VehicleSync","id=200 bytes=48","c8 76 00 30 00 7f 00 00 00 00 00 39 f0 51 e0 79 77 09 64 1a 4c 38 d6 52 64 57 16 97 b4 29 50 4a c3 ed 91 cf 1d 05 47 f6 40 3d 00 02 34 b2 f6 84",""
3154,15202,"PACKET","IN",207,35,"PlayerSync","id=207 bytes=35","cf 85 00 00 00 2b 0b 62 b0 d7 e8 c9 91 50 59 de 90 84 00 00 00 03 a8 31 80 00 00 00 00 00 01 28 00 04 11",""
3155,15202,"PACKET","IN",203,34,"AimSync","id=203 bytes=34","cb 85 00 04 45 97 95 bd 2c 65 77 3f 51 69 7c be 8c 19 8a c3 14 82 26 45 29 ed 7e 42 00 00 00 00 3f c6",""
3156,15233,"PACKET","IN",207,41,"PlayerSync","id=207 bytes=41","cf 63 00 00 00 28 92 63 30 dd 69 09 91 5a 1a 20 10 80 00 00 00 00 cc 37 80 00 03 67 5c b8 f3 fd ff 49 b8 a0 05 6c 04 04 80",""
3157,15233,"PACKET","IN",200,38,"VehicleSync","id=200 bytes=38","c8 92 00 2a 00 00 00 11 00 00 00 20 50 63 10 62 bf 4f 4f db 0c 37 c9 42 94 57 29 f7 d4 20 00 00 00 0c e0 39 00 00",""
3158,15233,"PACKET","IN",203,34,"AimSync","id=203 bytes=34","cb 92 00 12 00 b4 50 3f c8 c8 08 bf ed b3 64 be 7c aa b4 c3 8c e1 29 45 34 e2 86 42 00 00 00 00 3f 37",""
3159,15233,"PACKET","IN",207,35,"PlayerSync","id=207 bytes=35","cf 60 00 00 00 25 ca e3 30 e5 e0 49 91 6f df 1e 90 84 00 00 00 00 ae f9 c0 00 00 00 00 00 01 28 00 04 11",""
3160,15233,"PACKET","IN",207,35,"PlayerSync","id=207 bytes=35","cf 7c 00 00 00 03 66 28 30 f1 c4 49 d1 7b 67 1f 10 84 00 00 00 01 fe 49 80 00 00 00 00 00 01 28 00 04 11",""
3161,15234,"PACKET","OUT",203,32,"AimSync","id=203 bytes=32","cb 04 ed 07 05 3e c3 12 63 3f 0b df e2 be 2f bd 8d c3 97 5e 26 45 15 dd 80 42 00 00 00 00 3f c6",""
3162,15252,"PACKET","IN",200,44,"VehicleSync","id=200 bytes=44","c8 70 00 27 00 00 00 00 00 00 00 70 20 3f a0 ab 3e 92 24 aa bc 34 21 72 74 5e 32 07 f4 2c d8 2f 53 d2 6c 22 5e d5 47 68 40 1c 00 00",""
3163,15253,"PACKET","IN",207,45,"PlayerSync","id=207 bytes=45","cf 9e 00 97 80 62 bf c2 00 34 2b a7 f0 d6 d9 49 91 72 1f 1f 10 84 00 00 00 03 c7 ea 40 00 00 37 ce e8 f5 89 6a 98 17 fd fd a5 04 04 80",""
3164,15279,"PACKET","IN",207,45,"PlayerSync","id=207 bytes=45","cf 54 00 fb ff e0 7f c2 00 26 b7 a6 f0 d8 1b 49 91 48 04 1f 10 80 00 00 00 00 7a e6 c0 00 01 81 43 78 f7 2f ff 69 e3 fd fd a5 04 04 80",""
3165,15279,"PACKET","IN",207,45,"PlayerSync","id=207 bytes=45","cf 9e 00 97 80 62 bf c0 00 2d 6d 67 f0 d3 98 c9 91 46 21 5f 10 84 00 00 00 00 6b e2 40 00 02 0e 6e e4 f5 85 38 08 2b fd fd a5 04 04 80",""
3166,15301,"PACKET","IN",200,48,"VehicleSync","id=200 bytes=48","c8 76 00 30 00 7f 00 00 00 00 00 3e f0 5a 40 72 76 9b ac 4a 4c 31 87 42 64 5e a5 d7 b4 29 43 3a 93 e1 42 30 4d 8a 27 e6 40 3d 00 02 9c 6e f6 84",""
3167,15301,"PACKET","IN",207,35,"PlayerSync","id=207 bytes=35","cf 97 00 00 00 09 a6 25 b0 d5 fd 09 91 6c 24 9f 10 84 00 00 00 00 3b eb e8 00 00 00 00 00 01 28 00 04 11",""
3168,15329,"PACKET","IN",207,41,"PlayerSync","id=207 bytes=41","cf 63 00 00 00 3d 91 a3 30 de a9 09 91 44 99 20 10 80 00 00 00 00 cc 37 80 00 01 36 f6 1c ef 87 ce 1a 40 d9 31 6c 04 04 80",""
3169,15329,"PACKET","IN",207,45,"PlayerSync","id=207 bytes=45","cf 54 00 fb ff e0 7f c2 00 3b e8 66 f0 c3 5b 49 91 4e 03 df 10 80 00 00 00 01 2a e2 c0 00 01 fa 67 e4 f7 9b fc 11 ef fd fd a5 04 04 80",""
3170,15330,"PACKET","IN",200,44,"VehicleSync","id=200 bytes=44","c8 70 00 27 00 12 00 00 00 00 00 7b 00 3d 50 a7 be 4f 92 5a bc 35 61 d2 74 58 9f b7 e4 2c e9 be 63 d4 5d 15 fe 2f 77 58 40 1c 00 00",""
3171,15350,"PACKET","IN",207,45,"PlayerSync","id=207 bytes=45","cf 9e 00 97 80 62 bf c0 00 29 f2 e7 f0 f9 17 89 91 60 66 1f 10 84 00 00 00 01 63 c2 40 00 01 5d 67 04 f6 50 d8 94 5f fd fd a5 04 04 80",""
3172,15376,"PACKET","IN",200,48,"VehicleSync","id=200 bytes=48","c8 76 00 30 00 7f 00 00 00 00 00 37 70 60 90 80 46 05 a3 ca 5c 3a 58 32 64 52 24 a7 b4 25 68 aa 63 ea f2 a6 4d fd 07 d6 40 3d 00 03 ae 0e f6 84",""
3173,15376,"PACKET","IN",207,35,"PlayerSync","id=207 bytes=35","cf 9a 00 00 00 05 5a 28 30 df c8 49 d1 7b 67 1f 10 84 00 00 00 01 79 f3 c0 00 00 00 00 00 01 28 00 04 11",""
3174,15377,"PACKET","IN",207,41,"PlayerSync","id=207 bytes=41","cf 63 00 00 00 1e d1 23 30 dc e9 09 91 64 17 e0 10 80 00 00 00 00 cc 37 80 00 02 37 93 50 ef 4f cc cd d9 a9 29 6c 04 04 80",""
3175,15402,"PACKET","IN",207,45,"PlayerSync","id=207 bytes=45","cf 54 00 fb ff e0 7f c2 00 28 db 26 f0 f4 db 09 91 65 03 9f 10 80 00 00 00 02 7e de c0 00 03 a3 fc 00 fb bb ff d1 ef fd fd a5 04 04 80",""
3176,15426,"PACKET","IN",207,35,"PlayerSync","id=207 bytes=35","cf 1a 00 00 00 37 65 23 70 da 69 09 91 4b 21 de 90 80 00 00 00 00 b3 19 80 00 00 00 00 00 01 28 00 04 11",""
3177,15426,"PACKET","IN",207,35,"PlayerSync","id=207 bytes=35","cf 1c 00 00 00 2d 02 a6 f0 e0 10 09 d1 7b 67 1f 10 84 00 00 00 00 15 5f 00 00 00 00 00 00 01 28 00 04 11",""
3178,15426,"PACKET","IN",207,35,"PlayerSync","id=207 bytes=35","cf 51 00 00 00 30 e3 68 30 f6 0c 09 d1 7b 67 1f 10 84 00 00 00 02 e7 67 c0 00 00 00 00 00 01 a5 04 e8 80",""
3179,15426,"PACKET","IN",200,44,"VehicleSync","id=200 bytes=44","c8 70 00 27 00 3d 00 00 00 00 00 73 80 41 70 af 9d f5 0f ea ac 36 82 22 74 52 9d 67 e4 2b 65 4d 73 d4 1d d0 1d 73 57 58 40 1c 00 00",""
3180,15427,"PACKET","IN",207,45,"PlayerSync","id=207 bytes=45","cf 9e 00 97 80 62 bf c0 00 01 b9 e7 f0 c8 96 c9 91 7a 2a 9f 10 84 00 00 00 03 3f aa 40 00 02 12 3b 30 f6 f0 99 08 93 fd fd a5 04 04 80",""
3181,15427,"PACKET","IN",207,35,"PlayerSync","id=207 bytes=35","cf 4b 00 00 00 2d cf 6b 70 c8 2b c9 91 68 a7 60 10 80 00 00 00 03 7c fb 80 00 00 00 00 00 01 a5 04 04 80",""
3182,15427,"PACKET","IN",203,34,"AimSync","id=203 bytes=34","cb 4b 00 04 58 3e 6a 3f a8 c7 98 3e 1e 01 8b be 14 80 ae c3 fc a1 26 45 69 4f 83 42 00 00 00 00 3f 36",""
3183,15427,"PACKET","IN",207,45,"PlayerSync","id=207 bytes=45","cf 54 00 fc 7f e0 7f c2 00 2f 12 a6 f0 ed 5b 09 91 50 03 9f 10 80 00 00 00 03 5e de c0 00 03 c7 ff ec f7 cf fe 81 f3 fd fd a5 04 04 80",""
3184,15427,"PACKET","IN",207,35,"PlayerSync","id=207 bytes=35","cf 94 00 00 00 0c fe 66 b0 ef 39 c9 91 7b 67 1f 10 84 00 00 00 02 9a 53 c0 00 00 00 00 00 01 28 00 04 11",""
3185,15451,"PACKET","IN",200,48,"VehicleSync","id=200 bytes=48","c8 76 00 30 00 7f 00 00 00 00 00 37 c0 64 80 8a 95 7a 09 4a 5c 31 29 12 64 50 13 57 b4 2b c6 8a 43 ed d3 15 be 5a 37 d6 40 3d 00 03 07 bc f4 84",""
3186,15451,"PACKET","IN",207,41,"PlayerSync","id=207 bytes=41","cf 63 00 00 00 14 90 a3 30 db 69 09 91 75 56 a0 10 80 00 00 00 00 cc 37 80 00 03 82 6a e8 ec 2f b2 cd 83 b1 09 6c 04 04 80",""
3187,15451,"RPC","IN",105,19,"TextDrawSetString","id=105 bytes=19","2f 01 0f 00 30 39 20 41 67 75 73 74 75 73 20 32 30 32 36",""
3188,15451,"RPC","IN",105,12,"TextDrawSetString","id=105 bytes=12","30 01 08 00 31 31 3a 35 36 3a 31 30",""
3189,15491,"PACKET","OUT",203,32,"AimSync","id=203 bytes=32","cb 00 00 00 39 05 00 00 00 00 00 00 00 00 00 00 00 40 01 00 00 00 80 3f 00 00 f3 04 b5 3f 39 05",""
3190,15501,"PACKET","IN",207,35,"PlayerSync","id=207 bytes=35","cf 53 00 00 00 13 94 e5 b0 ea cc 49 d1 6c e4 9f 10 80 00 00 00 03 52 2a c0 00 00 00 00 00 01 a5 04 04 80",""
3191,15502,"PACKET","IN",200,44,"VehicleSync","id=200 bytes=44","c8 70 00 27 00 79 00 00 00 00 00 77 80 49 a0 98 2d c2 5d 5a ac 38 a2 62 74 5e fb 17 e4 2a d6 ac 33 da 5e 6a dc b1 67 58 40 1c 00 00",""
3192,15527,"PACKET","IN",207,45,"PlayerSync","id=207 bytes=45","cf 9e 00 97 80 62 bf c0 00 09 44 e8 30 d2 95 89 91 61 b1 1f 10 84 00 00 00 02 67 9a 40 00 00 a9 4e d0 f5 28 76 08 bb fd fd a5 04 04 80",""
3193,15527,"PACKET","IN",207,35,"PlayerSync","id=207 bytes=35","cf 3d 00 00 00 39 94 e5 b0 e4 03 c9 d1 6c 24 9f 10 80 00 00 00 02 af cd c0 00 00 00 00 00 01 28 00 04 11",""
3194,15527,"PACKET","IN",207,45,"PlayerSync","id=207 bytes=45","cf 54 00 fc ff e0 7f c2 00 27 83 66 f0 e0 1b 09 91 6b 03 5f 10 80 00 00 00 02 4e de c0 00 00 a5 b7 a8 f7 db fc 15 f7 fd fd a5 04 04 80",""
3195,15527,"PACKET","IN",200,48,"VehicleSync","id=200 bytes=48","c8 76 00 30 00 00 00 00 00 00 00 30 00 58 90 98 f4 c9 8f 3a 5c 35 6a 22 64 5e 72 07 b4 25 8a 4a 13 ee c3 b6 1e c6 b7 e6 40 3d 00 02 7b 6c f4 84",""
3196,15528,"PACKET","IN",207,35,"PlayerSync","id=207 bytes=35","cf 0b 00 00 00 1a fc 26 b0 c0 43 09 d1 7b 67 1f 10 84 00 00 00 03 32 4b c0 00 00 00 00 00 01 28 00 04 11",""
3197,15528,"PACKET","IN",207,45,"PlayerSync","id=207 bytes=45","cf 54 00 fd 7f e0 7f c2 00 23 bf a6 b0 dc 9b 09 91 61 43 5f 10 80 00 00 00 00 36 e2 c0 00 02 1e 67 9c f7 c7 fd 65 f3 fd fd a5 04 04 80",""
3198,15552,"PACKET","IN",207,41,"PlayerSync","id=207 bytes=41","cf 63 00 00 00 04 0f 63 30 d6 a9 09 91 58 d0 60 10 80 00 00 00 00 cc 37 80 00 03 4c e2 14 f3 0b 3b 9d ec bc 6d a5 04 08 80",""
3199,15578,"PACKET","IN",207,35,"PlayerSync","id=207 bytes=35","cf 7e 00 00 00 11 42 a6 f0 c0 4b 89 d1 7b 67 1f 10 84 00 00 00 00 c6 1b 94 00 00 00 00 00 01 28 00 04 11",""
3200,15600,"PACKET","IN",200,44,"VehicleSync","id=200 bytes=44","c8 70 00 27 00 78 00 00 00 00 00 78 30 4b 30 9a fd ab eb 4a ac 33 52 92 74 50 89 87 e4 20 2c 1a f3 d9 fe ce 6c 29 d7 58 40 1c 00 00",""
3201,15626,"PACKET","IN",200,48,"VehicleSync","id=200 bytes=48","c8 76 00 30 00 00 00 00 00 00 00 36 90 56 b0 a5 74 55 a4 8a 6c 30 8b 42 64 59 61 67 b4 23 3d b9 e3 e9 83 f9 ce e2 37 f6 40 3d 00 02 49 a2 f4 84",""
3202,15626,"RPC","IN",113,7,"SetPlayerAttachedObject","id=113 bytes=7","92 00 09 00 00 00 00",""
3203,15626,"RPC","IN",86,25,"ApplyPlayerAnimation","id=86 bytes=25","92 00 03 50 45 44 09 50 48 4f 4e 45 5f 4f 55 54 33 33 83 40 00 00 00 00 00",""
3204,15627,"PACKET","IN",207,35,"PlayerSync","id=207 bytes=35","cf 4d 00 00 00 02 00 23 30 e6 e4 09 91 70 1e 9e 90 84 00 00 00 03 da d0 80 00 00 00 00 00 01 28 00 04 11",""
3205,15627,"PACKET","IN",207,45,"PlayerSync","id=207 bytes=45","cf 9e 00 97 80 62 bf c0 00 2a 4f 68 30 ce 14 89 91 4e b6 df 10 84 00 00 00 02 9b 86 40 00 02 9c 72 e0 f6 fc 61 64 d3 fd fd a5 04 04 80",""
3206,15627,"PACKET","IN",203,34,"AimSync","id=203 bytes=34","cb 9e 00 04 63 b2 06 bf 04 1e 57 bf e0 b4 05 be 81 35 9f c3 9a 83 26 45 88 83 80 42 00 00 00 00 3f 22",""
3207,15627,"PACKET","IN",207,35,"PlayerSync","id=207 bytes=35","cf 1f 00 00 00 20 66 e8 30 c3 bc c9 91 7b 67 1f 10 84 00 00 00 00 97 53 00 00 00 00 00 00 01 28 00 04 11",""
3208,15628,"PACKET","IN",203,34,"AimSync","id=203 bytes=34","cb 1f 00 04 c8 dd 2b be 82 ff 7b bf d2 b3 5a bd 5a 7c a0 c3 e4 09 27 45 a3 52 7f 42 00 00 00 00 3f 44",""
3209,15628,"PACKET","IN",207,35,"PlayerSync","id=207 bytes=35","cf 49 00 00 00 05 d5 25 b0 dd 8f 09 d1 6c 24 9f 10 80 00 00 00 01 eb 77 c0 00 00 00 00 00 01 a5 04 e8 80",""
3210,15628,"PACKET","IN",207,45,"PlayerSync","id=207 bytes=45","cf 54 00 fd ff e0 7f c2 00 13 f7 26 b0 d3 9b 09 91 48 03 5f 10 80 00 00 00 01 52 e2 c0 00 02 6e 67 9c f7 bb ff ed ef fd fd a5 04 04 80",""
3211,15628,"PACKET","IN",207,43,"PlayerSync","id=207 bytes=43","cf 63 00 60 3f c0 00 21 0d a3 30 d6 e9 09 91 7b c6 60 10 80 00 00 00 01 8c 83 80 00 03 a8 db 78 f1 c3 05 ce 03 f8 45 a5 04 08 80",""
3212,15628,"PACKET","IN",203,34,"AimSync","id=203 bytes=34","cb 63 00 04 43 23 69 3f f8 99 ef 3d 70 d6 ca be 89 01 8d c3 21 a1 26 45 93 b8 82 42 00 00 00 00 3f 55",""
3213,15652,"PACKET","IN",207,45,"PlayerSync","id=207 bytes=45","cf 54 00 fe 7f e0 7f c2 00 04 ac 66 b0 c7 9b 09 91 66 83 1f 10 80 00 00 00 01 ee e2 c0 00 01 63 63 d8 f7 b7 ff 39 ef fd fd a5 04 04 80",""
3214,15652,"PACKET","IN",207,45,"PlayerSync","id=207 bytes=45","cf 9e 00 96 80 62 7f c0 00 1d 13 28 30 ff 54 09 91 60 78 9f 10 84 00 00 00 03 bb 7a 40 00 02 5a fa d8 f5 b8 54 60 e7 fd fd a5 04 04 80",""
3215,15679,"PACKET","IN",200,44,"VehicleSync","id=200 bytes=44","c8 70 00 27 00 78 00 00 00 00 00 77 d0 40 e0 ab ad 92 19 0a ac 3b 12 b2 74 52 c7 e7 e4 28 61 99 73 d7 5f 27 9b 86 57 68 40 1c 00 00",""
3216,15679,"PACKET","IN",200,48,"VehicleSync","id=200 bytes=48","c8 76 00 30 00 00 00 00 00 00 00 3e c0 58 d0 ae 24 22 18 9a 6c 31 ec 22 64 58 80 d7 b4 27 e7 59 c3 e8 e4 02 8e f9 e7 e6 40 3d 00 02 ef c8 f4 84",""
3217,15679,"PACKET","IN",207,45,"PlayerSync","id=207 bytes=45","cf 9e 00 96 00 62 3f c0 00 02 17 28 30 f4 13 c9 91 71 ba 5f 10 84 00 00 00 03 7f 6a 40 00 03 3a 76 d0 f5 a4 4b 6c f7 fd fd a5 04 04 80",""
3218,15699,"PACKET","IN",207,35,"PlayerSync","id=207 bytes=35","cf 46 00 02 00 3b 0c a5 70 f1 54 09 91 43 ed 5e d0 80 00 00 00 02 f6 a7 c0 00 00 00 00 00 01 a5 04 10 80",""
3219,15699,"PACKET","IN",203,34,"AimSync","id=203 bytes=34","cb 46 00 04 d3 c3 2c 3f 0e a1 2d 3f ef e0 94 be 67 14 97 c3 48 14 26 45 92 4b 82 42 00 00 00 00 23 37",""
3220,15727,"PACKET","IN",207,43,"PlayerSync","id=207 bytes=43","cf 63 00 60 3f c0 00 04 8c 23 30 d6 e9 09 91 60 e3 df d0 80 00 00 00 01 51 8f 80 00 01 83 51 20 f4 6a 50 32 02 58 05 a5 04 08 80",""
3221,15727,"PACKET","IN",207,45,"PlayerSync","id=207 bytes=45","cf 9e 00 95 00 62 3f c0 00 22 db 28 30 ef 53 89 91 79 fc 1f 10 84 00 00 00 01 6b 5a 40 00 03 10 be c0 f5 e8 3b 71 13 fd fd a5 04 04 80",""
3222,15727,"PACKET","IN",207,35,"PlayerSync","id=207 bytes=35","cf 29 00 00 00 2e 09 a5 b0 d1 c9 c9 d1 6c 24 9f 10 80 00 00 00 01 7d 63 c0 00 00 00 00 00 01 28 00 04 11",""
3223,15727,"PACKET","IN",200,44,"VehicleSync","id=200 bytes=44","c8 70 00 27 00 78 00 00 00 00 00 76 e0 41 b0 ae dd 91 e7 4a ac 33 32 d2 74 50 86 c7 e4 2b ab b8 33 dc 0f 6c da e7 d7 68 40 1c 00 00",""
3224,15728,"PACKET","IN",207,45,"PlayerSync","id=207 bytes=45","cf 54 00 fe 7f e0 7f c2 00 03 da a6 b0 f3 1a c9 91 6d 42 df 10 80 00 00 00 03 96 de c0 00 03 03 33 e8 f7 b3 fe cd ef fd fd a5 04 04 80",""
3225,15728,"PACKET","IN",200,38,"VehicleSync","id=200 bytes=38","c8 92 00 2a 00 00 00 11 00 00 00 20 50 63 10 62 bf 4f 4f db 0c 37 c9 42 94 57 29 f7 d4 20 00 00 00 0c e0 39 00 00",""
3226,15728,"PACKET","IN",203,34,"AimSync","id=203 bytes=34","cb 92 00 12 00 b4 50 3f c8 c8 08 bf ed b3 64 be 7c aa b4 c3 8c e1 29 45 34 e2 86 42 00 00 00 00 3f 37",""
3227,15749,"PACKET","IN",207,45,"PlayerSync","id=207 bytes=45","cf 9e 00 94 80 61 ff c0 00 2b 5f e8 30 ec 13 49 91 61 3e 1f 10 84 00 00 00 03 3b 42 40 00 02 f1 32 f0 f7 3c 2a 09 33 fd fd a5 04 04 80",""
3228,15749,"RPC","IN",86,27,"ApplyPlayerAnimation","id=86 bytes=27","51 00 07 42 44 5f 46 49 52 45 07 77 61 73 68 5f 75 70 33 33 83 40 80 00 00 00 00",""
3229,15750,"PACKET","IN",200,48,"VehicleSync","id=200 bytes=48","c8 76 00 30 00 00 00 00 00 00 00 33 f0 61 50 a8 74 1f 5d 7a 6c 37 2d 32 64 5a 0f b7 a4 24 d6 e9 93 ee e4 05 ce ff 87 d6 40 3d 00 03 fb d0 f4 84",""
3230,15750,"PACKET","IN",207,35,"PlayerSync","id=207 bytes=35","cf 85 00 00 00 2b 0b 62 b0 d7 e8 c9 91 50 59 de 90 84 00 00 00 03 a8 31 80 00 00 00 00 00 01 28 00 04 11",""
3231,15777,"PACKET","IN",207,35,"PlayerSync","id=207 bytes=35","cf 46 00 02 00 3b 0c a5 70 f1 54 09 91 43 ed 5e d0 80 00 00 00 02 f6 a7 c0 00 00 00 00 00 01 a5 04 10 80",""
3232,15778,"PACKET","IN",207,35,"PlayerSync","id=207 bytes=35","cf 60 00 00 00 25 ca e3 30 e5 e0 49 91 6f df 1e 90 84 00 00 00 00 ae f9 c0 00 00 00 00 00 01 28 00 04 11",""
3233,15778,"PACKET","OUT",207,69,"PlayerSync","id=207 bytes=69","cf 00 00 00 00 00 00 22 90 8d c3 0a 85 26 45 6a 86 7a 42 f5 21 4f 3f 00 00 00 00 00 00 00 00 89 70 16 3f 64 00 00 00 00 00 00 00 00 00 00 00 00 00 00 00 00 00 00 00 00 00 00 00 00 00 00 00 00 00 a5 04 e8 80",""
3234,15802,"PACKET","IN",207,43,"PlayerSync","id=207 bytes=43","cf 63 00 60 3f c0 00 0f 8b a3 30 d6 e9 09 91 4d 7c 5f 90 80 00 00 00 01 02 83 80 00 01 a2 ae 2c f3 fd fd e2 9c f4 19 a5 04 08 80",""
3235,15802,"PACKET","IN",207,45,"PlayerSync","id=207 bytes=45","cf 9e 00 94 00 61 ff c0 00 3d 25 68 30 ed 93 09 91 64 40 1f 50 84 00 00 00 01 ab 2a 40 00 01 34 b7 04 f4 c8 1e b9 57 fd fd a5 04 04 80",""
3236,15802,"PACKET","IN",200,44,"VehicleSync","id=200 bytes=44","c8 70 00 27 00 78 00 00 00 00 00 78 10 4d 00 94 2d b0 c5 7a ac 35 82 e2 74 59 75 97 e4 2b 00 65 83 d9 7f bd 69 f4 87 68 40 1c 00 00",""
3237,15802,"PACKET","IN",207,35,"PlayerSync","id=207 bytes=35","cf 97 00 00 00 09 a6 25 b0 d5 fd 09 91 6c 24 9f 10 84 00 00 00 00 3b eb e8 00 00 00 00 00 01 28 00 04 11",""
3238,15802,"PACKET","IN",207,35,"PlayerSync","id=207 bytes=35","cf 7c 00 00 00 03 66 28 30 f1 c4 49 d1 7b 67 1f 10 84 00 00 00 01 fe 49 80 00 00 00 00 00 01 28 00 04 11",""
3239,15829,"PACKET","IN",207,45,"PlayerSync","id=207 bytes=45","cf 54 00 fe ff e0 7f c2 00 1f ce 26 b0 e6 9a c9 91 4b 02 df 10 80 00 00 00 00 e6 e2 c0 00 03 93 ff a4 f7 c3 fd 05 f3 fd fd a5 04 04 80",""
3240,15829,"PACKET","IN",207,45,"PlayerSync","id=207 bytes=45","cf 9e 00 93 80 61 ff c0 00 3c ea 28 30 c6 53 09 91 6c 81 9f 50 84 00 00 00 01 af 0e 40 00 03 52 ce e0 f4 50 13 c5 7f fd fd a5 04 04 80",""
3241,15829,"PACKET","IN",200,48,"VehicleSync","id=200 bytes=48","c8 76 00 30 00 00 00 00 00 00 00 32 10 67 f0 9e c4 0d b2 4a 7c 37 6e 42 64 5d ce 77 a4 2c f6 89 63 e2 f4 18 1e f0 a7 e6 40 3d 00 02 6b c0 f4 84",""
3242,15855,"PACKET","IN",207,35,"PlayerSync","id=207 bytes=35","cf 51 00 00 00 30 e3 68 30 f6 0c 09 d1 7b 67 1f 10 84 00 00 00 02 e7 67 c0 00 00 00 00 00 01 28 00 04 11",""
3243,15856,"PACKET","IN",207,45,"PlayerSync","id=207 bytes=45","cf 9e 00 93 00 61 ff c2 00 06 30 28 30 e7 52 c9 91 52 83 5f 50 84 00 00 00 03 9e ee 40 00 01 a9 4e cc f7 0c 07 45 ab fd fd a5 04 04 80",""
3244,15884,"PACKET","IN",207,45,"PlayerSync","id=207 bytes=45","cf 54 00 fe ff e0 7f c2 00 22 fe a6 70 d6 1a c9 91 5d 02 9f 10 80 00 00 00 03 42 de c0 00 02 fa 3f 94 f7 bb ff 81 ef fd fd a5 04 04 80",""
3245,15884,"PACKET","IN",200,44,"VehicleSync","id=200 bytes=44","c8 70 00 27 00 78 00 00 00 00 00 7d 20 48 70 90 6d d5 84 3a ac 3d 42 e2 74 59 34 d7 e4 23 cf c3 03 d7 ef d5 89 79 27 68 40 1c 00 00",""
3246,15885,"PACKET","IN",203,34,"AimSync","id=203 bytes=34","cb 70 00 12 e1 e3 ce bd 33 c6 7d 3f b1 aa ac bd f7 d5 a9 c3 f2 9c 26 45 4d d5 84 42 00 00 00 00 3f c6",""
3247,15885,"PACKET","IN",207,35,"PlayerSync","id=207 bytes=35","cf 9a 00 00 00 05 5a 28 30 df c8 49 d1 7b 67 1f 10 84 00 00 00 01 79 f3 c0 00 00 00 00 00 01 28 00 04 11",""
3248,15885,"PACKET","IN",207,45,"PlayerSync","id=207 bytes=45","cf 9e 00 93 00 61 bf c2 00 2b 34 e8 30 db 12 c9 91 49 44 9f 50 84 00 00 00 01 aa ce 40 00 00 e6 c2 d8 f5 88 00 49 db fd fd a5 04 04 80",""
3249,15909,"PACKET","IN",207,43,"PlayerSync","id=207 bytes=43","cf 63 00 60 3f c0 00 10 8b 23 30 d6 e9 09 91 42 31 1f 90 80 00 00 00 02 b6 73 80 00 02 66 77 1c f1 e2 2b fd fd b4 01 a5 04 08 80",""
3250,15910,"PACKET","IN",200,48,"VehicleSync","id=200 bytes=48","c8 76 00 30 00 00 00 00 00 20 00 36 f0 7e 60 8a 64 01 56 fa 7c 30 df 52 64 50 4d 77 a4 29 5c 58 a3 ef 94 1f 3e f3 37 e6 40 3d 00 03 59 a6 f4 84",""
3251,15931,"PACKET","IN",207,35,"PlayerSync","id=207 bytes=35","cf 1a 00 00 00 37 65 23 70 da 69 09 91 4b 21 de 90 80 00 00 00 00 b3 19 80 00 00 00 00 00 01 28 00 04 11",""
3252,15932,"PACKET","IN",207,35,"PlayerSync","id=207 bytes=35","cf 1c 00 00 00 2d 02 a6 f0 e0 10 09 d1 7b 67 1f 10 84 00 00 00 00 15 5f 00 00 00 00 00 00 01 28 00 04 11",""
3253,15932,"PACKET","IN",207,45,"PlayerSync","id=207 bytes=45","cf 9e 00 92 00 61 bf c2 00 06 f9 e8 30 dd d2 c9 91 4c 05 9f 50 84 00 00 00 02 9e ae 40 00 02 47 ea e8 f4 14 01 02 0b fd fd a5 04 04 80",""
3254,15959,"PACKET","IN",207,45,"PlayerSync","id=207 bytes=45","cf 54 00 fe ff e0 7f c2 00 09 f0 a6 70 c8 5a c9 91 76 c2 5f 10 80 00 00 00 02 36 de c0 00 02 45 20 00 fb c7 fd 11 f3 fd fd a5 04 04 80",""
3255,15959,"PACKET","IN",203,34,"AimSync","id=203 bytes=34","cb 54 00 04 9f ce 7e 3f bd 60 57 bd 77 88 a5 bd 4d a4 9b c3 34 6e 26 45 54 92 7f 42 00 00 00 00 3f 36",""
3256,15959,"PACKET","IN",200,44,"VehicleSync","id=200 bytes=44","c8 70 00 27 00 77 00 00 00 00 00 76 b0 51 40 9f 5d e2 53 1a ac 33 e2 f2 74 5d c4 27 e4 28 0f 41 33 d3 3f df 59 8c 67 68 40 1c 00 00",""
3257,15959,"PACKET","IN",207,35,"PlayerSync","id=207 bytes=35","cf 94 00 00 00 0c fe 66 b0 ef 39 c9 91 7b 67 1f 10 84 00 00 00 02 9a 53 c0 00 00 00 00 00 01 28 00 04 11",""
3258,15959,"PACKET","IN",207,45,"PlayerSync","id=207 bytes=45","cf 9e 00 92 00 61 bf c0 00 2b 3e e8 30 ee 92 c9 91 6f 86 5f 50 84 00 00 00 01 3a 8e 40 00 00 38 b2 f0 f6 98 03 96 33 fd fd a5 04 04 80",""
3259,15979,"RPC","IN",99,42,"MoveObject","id=99 bytes=42","a1 00 f8 e3 a1 c3 d7 9b 26 45 ed 5e 7b 42 f8 e3 a1 c3 d7 9b 26 45 53 c5 7d 42 00 00 80 3e 00 00 00 00 00 00 00 00 08 cc 84 43",""
3260,15980,"RPC","IN",122,2,"StopObject","id=122 bytes=2","a1 00",""
3261,15980,"RPC","IN",99,42,"MoveObject","id=99 bytes=42","a1 00 f8 e3 a1 c3 d7 9b 26 45 ed 5e 7b 42 f8 e3 a1 c3 d7 9b 26 45 ed 5e 7b 42 00 00 80 3e 00 00 00 00 00 00 00 00 08 cc 84 43",""
3262,15980,"RPC","IN",122,2,"StopObject","id=122 bytes=2","a1 00",""
3263,15980,"RPC","IN",99,42,"MoveObject","id=99 bytes=42","a1 00 f8 e3 a1 c3 d7 9b 26 45 ed 5e 7b 42 f8 e3 a1 c3 d7 9b 26 45 53 c5 7d 42 00 00 80 3e 00 00 00 00 00 00 00 00 08 cc 84 43",""
3264,15980,"RPC","IN",122,2,"StopObject","id=122 bytes=2","a1 00",""
3265,15980,"RPC","IN",99,42,"MoveObject","id=99 bytes=42","a1 00 f8 e3 a1 c3 d7 9b 26 45 ed 5e 7b 42 f8 e3 a1 c3 d7 9b 26 45 ed 5e 7b 42 00 00 80 3e 00 00 00 00 00 00 00 00 08 cc 84 43",""
3266,15980,"RPC","IN",122,2,"StopObject","id=122 bytes=2","a1 00",""
3267,15980,"RPC","IN",99,42,"MoveObject","id=99 bytes=42","a1 00 f8 e3 a1 c3 d7 9b 26 45 ed 5e 7b 42 f8 e3 a1 c3 d7 9b 26 45 53 c5 7d 42 00 00 80 3e 00 00 00 00 00 00 00 00 08 cc 84 43",""
3268,15980,"RPC","IN",122,2,"StopObject","id=122 bytes=2","a1 00",""
3269,15980,"RPC","IN",99,42,"MoveObject","id=99 bytes=42","a1 00 f8 e3 a1 c3 d7 9b 26 45 ed 5e 7b 42 f8 e3 a1 c3 d7 9b 26 45 ed 5e 7b 42 00 00 80 3e 00 00 00 00 00 00 00 00 08 cc 84 43",""
3270,15980,"RPC","IN",122,2,"StopObject","id=122 bytes=2","a1 00",""
3271,15980,"RPC","IN",99,42,"MoveObject","id=99 bytes=42","a1 00 f8 e3 a1 c3 d7 9b 26 45 ed 5e 7b 42 f8 e3 a1 c3 d7 9b 26 45 53 c5 7d 42 00 00 80 3e 00 00 00 00 00 00 00 00 08 cc 84 43",""
3272,15980,"RPC","IN",122,2,"StopObject","id=122 bytes=2","a1 00",""
3273,15980,"RPC","IN",99,42,"MoveObject","id=99 bytes=42","a1 00 f8 e3 a1 c3 d7 9b 26 45 ed 5e 7b 42 f8 e3 a1 c3 d7 9b 26 45 ed 5e 7b 42 00 00 80 3e 00 00 00 00 00 00 00 00 08 cc 84 43",""
3274,15981,"RPC","IN",122,2,"StopObject","id=122 bytes=2","a1 00",""
3275,15981,"RPC","IN",99,42,"MoveObject","id=99 bytes=42","a1 00 f8 e3 a1 c3 d7 9b 26 45 ed 5e 7b 42 f8 e3 a1 c3 d7 9b 26 45 53 c5 7d 42 00 00 80 3e 00 00 00 00 00 00 00 00 08 cc 84 43",""
3276,15981,"RPC","IN",122,2,"StopObject","id=122 bytes=2","a1 00",""
3277,15981,"RPC","IN",99,42,"MoveObject","id=99 bytes=42","a1 00 f8 e3 a1 c3 d7 9b 26 45 ed 5e 7b 42 f8 e3 a1 c3 d7 9b 26 45 ed 5e 7b 42 00 00 80 3e 00 00 00 00 00 00 00 00 08 cc 84 43",""
3278,16010,"PACKET","IN",207,43,"PlayerSync","id=207 bytes=43","cf 63 00 60 3f c0 00 1c 8b 23 30 d7 29 09 91 65 eb df 90 80 00 00 00 02 b6 73 80 00 03 4c 2f ec eb 99 90 f6 96 48 21 a5 04 08 80",""
3279,16010,"PACKET","IN",200,48,"VehicleSync","id=200 bytes=48","c8 76 00 30 00 00 00 00 00 20 00 3b 40 8c 80 86 24 09 2a ea 7c 39 70 32 74 58 2c 77 a4 2e 4c 37 33 e3 24 39 df 0f 37 d6 40 3d 00 03 e3 8a f4 84",""
3280,16010,"PACKET","IN",203,34,"AimSync","id=203 bytes=34","cb 76 00 12 e4 3b 2b bf c8 a6 3b 3f 67 37 fd bd 9d e9 a5 c3 43 c3 26 45 5b b1 7f 42 00 00 00 00 3f ff",""
3281,16010,"PACKET","IN",207,35,"PlayerSync","id=207 bytes=35","cf 3d 00 00 00 39 94 e5 b0 e4 03 c9 d1 6c 24 9f 10 80 00 00 00 02 af cd c0 00 00 00 00 00 01 28 00 04 11",""
3282,16011,"PACKET","IN",200,44,"VehicleSync","id=200 bytes=44","c8 70 00 27 00 77 00 00 00 00 00 7e c0 5a 90 87 5e 05 f2 3a ac 39 82 f2 74 5b c3 a7 e4 2b ad af 23 c7 df c4 19 ca f7 68 40 1c 00 00",""
3283,16011,"PACKET","IN",200,38,"VehicleSync","id=200 bytes=38","c8 92 00 2a 00 00 00 11 00 00 00 20 40 63 10 62 bf 4f 4f db 0c 37 c9 42 94 57 29 f7 d4 20 00 00 00 0c e0 39 00 00",""
3284,16019,"PACKET","OUT",203,32,"AimSync","id=203 bytes=32","cb 00 00 00 39 05 00 00 00 00 00 00 00 00 00 00 00 40 01 00 00 00 80 3f 00 00 f3 04 b5 3f 39 05",""
3285,16063,"PACKET","IN",207,45,"PlayerSync","id=207 bytes=45","cf 54 00 fe ff e0 7f c2 00 0a 1f a6 70 f9 da 89 91 4e 42 5f 10 80 00 00 00 00 da de c0 00 03 98 1b e8 f7 d3 ff 05 f3 fd fd a5 04 04 80",""
3286,16064,"PACKET","IN",207,43,"PlayerSync","id=207 bytes=43","cf 63 00 60 3f c0 00 1c 8b 23 30 d7 29 09 91 65 eb df 90 80 00 00 00 02 b6 73 80 00 02 9a f3 9c eb 65 92 1e 96 b0 21 a5 04 08 80",""
3287,16064,"PACKET","IN",207,45,"PlayerSync","id=207 bytes=45","cf 9e 00 92 00 61 bf c0 00 0e cc a8 70 ed 53 49 91 79 c7 9f 50 84 00 00 00 02 42 2e 40 00 00 b7 fb 04 f5 7c 22 22 b7 fd fd a5 04 04 80",""
3288,16064,"PACKET","OUT",205,9,"UNKNOWN_PACKET","id=205 bytes=9","cd b8 4a 04 00 00 00 00 00",""
3289,16083,"PACKET","IN",207,35,"PlayerSync","id=207 bytes=35","cf 0b 00 00 00 1a fc 26 b0 c0 43 09 d1 7b 67 1f 10 84 00 00 00 03 32 4b c0 00 00 00 00 00 01 28 00 04 11",""
3290,16083,"PACKET","IN",207,35,"PlayerSync","id=207 bytes=35","cf 53 00 00 00 13 94 e5 b0 ea cc 49 d1 6c e4 9f 10 80 00 00 00 03 52 2a c0 00 00 00 00 00 01 a5 04 04 80",""
3291,16083,"PACKET","IN",200,44,"VehicleSync","id=200 bytes=44","c8 70 00 27 00 77 00 00 00 00 00 73 80 66 a0 8b 8e 1e 81 7a ac 3f 22 f2 74 5b 33 37 e4 23 36 bc 03 c4 2f b1 ea 15 97 68 40 1c 00 00",""
3292,16084,"PACKET","IN",200,48,"VehicleSync","id=200 bytes=48","c8 76 00 30 00 00 00 00 00 20 00 38 80 81 f0 91 04 07 4e 4a 7c 34 91 02 74 5d fb 77 a4 29 81 a5 23 e9 e4 45 ef 1c b7 d6 40 3d 00 02 77 6e f4 84",""
3293,16110,"RPC","IN",86,27,"ApplyPlayerAnimation","id=86 bytes=27","49 00 07 42 44 5f 46 49 52 45 07 77 61 73 68 5f 75 70 33 33 83 40 80 00 00 00 00",""
3294,16110,"RPC","IN",105,7,"TextDrawSetString","id=105 bytes=7","26 08 03 00 31 30 30",""
3295,16111,"RPC","IN",105,5,"TextDrawSetString","id=105 bytes=5","27 08 01 00 30",""
3296,16111,"RPC","IN",105,6,"TextDrawSetString","id=105 bytes=6","28 08 02 00 35 30",""
3297,16111,"RPC","IN",105,5,"TextDrawSetString","id=105 bytes=5","29 08 01 00 39",""
3298,16111,"RPC","IN",105,7,"TextDrawSetString","id=105 bytes=7","2a 08 03 00 31 30 30",""
3299,16134,"PACKET","IN",207,45,"PlayerSync","id=207 bytes=45","cf 54 00 fe ff e0 7f c2 00 38 12 66 70 ef da 89 91 71 82 1f 10 80 00 00 00 03 da da c0 00 00 12 bb ac f7 db fc 71 f7 fd fd a5 04 04 80",""
3300,16134,"PACKET","IN",207,35,"PlayerSync","id=207 bytes=35","cf 7e 00 00 00 11 42 a6 f0 c0 4b 89 d1 7b 67 1f 10 84 00 00 00 00 c6 1b 94 00 00 00 00 00 01 28 00 04 11",""
3301,16135,"PACKET","IN",207,45,"PlayerSync","id=207 bytes=45","cf 9e 00 92 00 61 bf c0 00 3c 17 a8 70 d3 94 09 91 78 87 df 50 84 00 00 00 02 36 0a 40 00 00 34 ab 2c f4 c4 36 66 e3 fd fd a5 04 04 80",""
3302,16135,"PACKET","IN",207,35,"PlayerSync","id=207 bytes=35","cf 1f 00 00 00 20 66 e8 30 c3 bc c9 91 7b 67 1f 10 84 00 00 00 00 97 53 00 00 00 00 00 00 01 28 00 04 11",""
3303,16135,"PACKET","IN",207,45,"PlayerSync","id=207 bytes=45","cf 54 00 ff 7f e0 7f c2 00 37 ce 66 70 ed 1a 89 91 6a 02 1f 10 80 00 00 00 02 56 de c0 00 01 fe 67 9c f7 df fc ed f7 fd fd a5 04 04 80",""
3304,16135,"PACKET","IN",207,43,"PlayerSync","id=207 bytes=43","cf 63 00 60 3f c0 00 1c 8b 23 30 d7 29 09 91 65 eb df 90 80 00 00 00 02 b6 73 80 00 01 5d 7f ec eb 6d 92 12 96 ac 21 a5 04 08 80",""
3305,16160,"PACKET","IN",207,35,"PlayerSync","id=207 bytes=35","cf 4d 00 00 00 02 00 23 30 e6 e4 09 91 70 1e 9e 90 84 00 00 00 03 da d0 80 00 00 00 00 00 01 28 00 04 11",""
3306,16161,"PACKET","IN",200,48,"VehicleSync","id=200 bytes=48","c8 76 00 30 00 00 00 00 00 20 00 37 e0 83 90 9c 13 f2 f1 1a 8c 32 f1 b2 74 54 5a a7 a4 2b 46 e3 03 e4 d4 63 bf 2c 37 d6 40 3d 00 02 2f 54 f4 84",""
3307,16184,"PACKET","IN",200,44,"VehicleSync","id=200 bytes=44","c8 70 00 27 00 77 00 00 00 00 00 73 10 66 60 8c 5e 29 b0 ea ac 34 b3 02 74 5b e2 d7 e4 28 e1 c9 03 c6 df 94 8a 73 a7 68 40 1c 00 00",""
3308,16209,"PACKET","IN",207,35,"PlayerSync","id=207 bytes=35","cf 49 00 00 00 05 d5 25 b0 dd 8f 09 d1 6c 24 9f 10 80 00 00 00 01 eb 77 c0 00 00 00 00 00 01 28 00 04 11",""
3309,16210,"PACKET","IN",207,45,"PlayerSync","id=207 bytes=45","cf 9e 00 91 80 61 bf c0 00 27 60 28 70 eb 54 89 91 4f 87 df 50 84 00 00 00 03 e1 f6 40 00 02 a5 8a e4 f5 6c 45 6b 03 fd fd a5 04 04 80",""
3310,16210,"PACKET","IN",207,43,"PlayerSync","id=207 bytes=43","cf 63 00 60 3f c0 00 1c 8b 23 30 d7 29 09 91 65 eb df 90 80 00 00 00 02 b6 73 80 00 01 e3 a6 ac eb 2d 92 ae 96 ec 21 a5 04 08 80",""
3311,16234,"PACKET","IN",200,48,"VehicleSync","id=200 bytes=48","c8 76 00 30 00 00 00 00 00 00 00 38 30 66 30 99 43 fd b3 1a 8c 3c c2 22 74 59 4a 27 a4 25 2f 92 53 e2 c4 21 1f 0f 17 e6 40 3d 00 03 c7 42 f4 84",""
3312,16259,"PACKET","IN",207,35,"PlayerSync","id=207 bytes=35","cf 29 00 00 00 2e 09 a5 b0 d1 c9 c9 d1 6c 24 9f 10 80 00 00 00 01 7d 63 c0 00 00 00 00 00 01 28 00 04 11",""
3313,16259,"PACKET","IN",200,44,"VehicleSync","id=200 bytes=44","c8 70 00 27 00 2a 00 00 00 00 00 7e f0 59 60 88 ee 32 f0 8a ac 39 c3 02 74 59 02 97 e4 2e c7 f2 73 c2 ff 58 fb 24 b7 68 40 1c 00 00",""
3314,16260,"PACKET","IN",207,45,"PlayerSync","id=207 bytes=45","cf 9e 00 91 00 61 7f c0 00 2c e8 68 70 ce 55 49 91 79 07 5f 50 84 00 00 00 02 85 ee 40 00 02 19 e6 c4 f6 98 4c 97 13 fd fd a5 04 04 80",""
3315,16260,"PACKET","OUT",203,32,"AimSync","id=203 bytes=32","cb 04 94 a4 8a bd 4c 31 66 3f 2d 55 dd be be 78 8d c3 34 5e 26 45 d4 cb 80 42 00 00 00 00 3f c6",""
3316,16284,"PACKET","IN",207,35,"PlayerSync","id=207 bytes=35","cf 46 00 02 00 3b 0c a5 70 f1 54 09 91 43 ed 5e d0 80 00 00 00 02 f6 a7 c0 00 00 00 00 00 01 a5 04 10 80",""
3317,16284,"PACKET","IN",207,35,"PlayerSync","id=207 bytes=35","cf 85 00 00 00 2b 0b 62 b0 d7 e8 c9 91 50 59 de 90 84 00 00 00 03 a8 31 80 00 00 00 00 00 01 28 00 04 11",""
3318,16284,"PACKET","IN",203,34,"AimSync","id=203 bytes=34","cb 85 00 04 45 97 95 bd 2c 65 77 3f 51 69 7c be 8c 19 8a c3 14 82 26 45 29 ed 7e 42 00 00 00 00 3f c6",""
3319,16284,"PACKET","IN",207,35,"PlayerSync","id=207 bytes=35","cf 60 00 00 00 25 ca e3 30 e5 e0 49 91 6f df 1e 90 84 00 00 00 00 ae f9 c0 00 00 00 00 00 01 28 00 04 11",""
3320,16285,"PACKET","IN",207,43,"PlayerSync","id=207 bytes=43","cf 63 00 60 3f c0 00 1c 8b 23 30 d7 29 09 91 65 eb df 90 80 00 00 00 03 62 6f 80 00 02 57 87 b0 e9 21 90 da 98 14 25 a5 04 08 80",""
3321,16312,"PACKET","IN",207,45,"PlayerSync","id=207 bytes=45","cf 9e 00 90 80 61 7f c0 00 3d ac 28 70 db 55 89 91 4b 47 5f 50 84 00 00 00 01 5d ee 40 00 00 32 f2 d0 f6 f4 4d 2b 13 fd fd a5 04 04 80",""
3322,16312,"PACKET","IN",207,45,"PlayerSync","id=207 bytes=45","cf 54 00 ff 7f e0 7f c2 00 36 35 a6 30 d7 da 89 91 6e 81 df 10 80 00 00 00 00 aa de c0 00 03 d7 ff ec f7 d7 ff 69 f3 fd fd a5 04 04 80",""
3323,16312,"PACKET","IN",200,48,"VehicleSync","id=200 bytes=48","c8 76 00 30 00 00 00 00 00 00 00 3f 80 35 40 97 63 f3 65 aa 8c 3e c2 b2 74 55 ca 17 a4 28 ed a1 f3 e3 64 21 8f 05 a8 06 40 3d 00 02 e1 40 f4 84",""
3324,16335,"PACKET","IN",207,35,"PlayerSync","id=207 bytes=35","cf 7c 00 00 00 03 66 28 30 f1 c4 49 d1 7b 67 1f 10 84 00 00 00 01 fe 49 80 00 00 00 00 00 01 28 00 04 11",""
3325,16336,"PACKET","IN",207,45,"PlayerSync","id=207 bytes=45","cf 9e 00 8f 80 61 3f c0 00 03 70 68 70 ed 15 c9 91 59 07 1f 50 84 00 00 00 00 c9 f2 40 00 00 a6 5a dc f7 a8 4e 47 13 fd fd a5 04 04 80",""
3326,16363,"PACKET","IN",207,45,"PlayerSync","id=207 bytes=45","cf 54 00 ff 7f e0 7f c2 00 38 e6 66 30 cc 5a 89 91 4e 81 df 10 80 00 00 00 03 f6 da c0 00 01 ab 6b e0 f7 db fc 71 f7 fd fd a5 04 04 80",""
3327,16363,"PACKET","IN",200,38,"VehicleSync","id=200 bytes=38","c8 70 00 27 00 f6 ff 00 00 00 00 7b 00 5b 30 8d 1e 32 80 6a ac 3c 33 02 74 51 92 87 e4 20 00 00 00 08 40 1c 00 00",""
3328,16364,"PACKET","IN",207,35,"PlayerSync","id=207 bytes=35","cf 97 00 00 00 09 a6 25 b0 d5 fd 09 91 6c 24 9f 10 84 00 00 00 00 3b eb e8 00 00 00 00 00 01 28 00 04 11",""
3329,16384,"PACKET","IN",207,45,"PlayerSync","id=207 bytes=45","cf 9e 00 8f 00 61 3f c0 00 3a f4 28 70 fc 56 09 91 6b c6 df 50 84 00 00 00 00 2d f2 40 00 01 0f 8e d4 f5 94 4e f7 0f fd fd a5 04 04 80",""
3330,16384,"PACKET","IN",207,43,"PlayerSync","id=207 bytes=43","cf 63 00 60 3f c0 00 1c 8b 23 30 d7 29 09 91 65 eb df 90 80 00 00 00 03 a9 8f 80 00 00 00 27 d8 eb 85 91 9e 96 80 21 a5 04 08 80",""
3331,16411,"PACKET","IN",200,38,"VehicleSync","id=200 bytes=38","c8 70 00 27 00 c5 ff 00 00 00 00 76 e0 59 b0 8d 3e 33 c0 6a ac 3c 33 02 74 52 32 87 e4 20 00 00 00 08 40 1c 00 00",""
3332,16411,"PACKET","IN",200,48,"VehicleSync","id=200 bytes=48","c8 76 00 30 00 00 00 00 00 00 00 34 10 31 10 96 63 f2 48 1a 8c 3c 43 42 74 5b fa 27 a4 2c ea 41 93 e5 e4 22 ef 04 58 06 40 3d 00 03 7b 42 f4 84",""
3333,16411,"PACKET","IN",207,35,"PlayerSync","id=207 bytes=35","cf 9a 00 00 00 05 5a 28 30 df c8 49 d1 7b 67 1f 10 84 00 00 00 01 79 f3 c0 00 00 00 00 00 01 28 00 04 11",""
3334,16411,"PACKET","IN",207,45,"PlayerSync","id=207 bytes=45","cf 9e 00 8e 80 61 3f c0 00 2c 78 28 70 cb 56 89 91 7e 46 9f 50 84 00 00 00 03 c9 ee 40 00 00 f3 72 c4 f5 f4 4f 93 0f fd fd a5 04 04 80",""
3335,16412,"PACKET","IN",207,45,"PlayerSync","id=207 bytes=45","cf 54 00 ff 7f e0 7f c2 00 1a 98 e6 30 c3 1a 89 91 74 c1 9f 10 80 00 00 00 03 4e da c0 00 00 2a f7 8c f7 df fd 65 f7 fd fd a5 04 04 80",""
3336,16437,"PACKET","IN",207,45,"PlayerSync","id=207 bytes=45","cf 63 00 c0 7f e0 3f c2 00 1c 8b 23 30 d7 29 09 91 65 eb df 90 80 00 00 00 03 79 07 80 00 01 40 2e d0 eb 2d 92 ae 96 ec 21 a5 04 08 80",""
3337,16438,"PACKET","IN",207,45,"PlayerSync","id=207 bytes=45","cf 9e 00 8d 80 60 ff c0 00 23 7c 28 70 da d6 c9 91 50 46 9f 50 84 00 00 00 03 59 f2 40 00 03 f0 c6 d8 f6 30 4f f3 0f fd fd a5 04 04 80",""
3338,16460,"PACKET","IN",207,35,"PlayerSync","id=207 bytes=35","cf 4b 00 00 00 2d cf 6b 70 c8 2b c9 91 68 a7 60 10 80 00 00 00 03 7c fb 80 00 00 00 00 00 01 a5 04 04 80",""
3339,16461,"PACKET","IN",203,34,"AimSync","id=203 bytes=34","cb 4b 00 04 80 5b 69 3f 28 30 9d 3e 03 0c 8c be d3 7e ae c3 9b a1 26 45 3a 52 83 42 00 00 00 00 3f 36",""
3340,16461,"PACKET","IN",207,45,"PlayerSync","id=207 bytes=45","cf 54 00 ff 7f e0 7f c0 00 0f d5 66 30 c0 da 89 91 6e 41 9f 10 80 00 00 00 03 16 da c0 00 03 e4 bf 78 f7 e3 fd b5 f7 fd fd a5 04 04 80",""
3341,16461,"PACKET","IN",207,35,"PlayerSync","id=207 bytes=35","cf 51 00 00 00 30 e3 68 30 f6 0c 09 d1 7b 67 1f 10 84 00 00 00 02 e7 67 c0 00 00 00 00 00 01 28 00 04 11",""
3342,16461,"PACKET","IN",207,35,"PlayerSync","id=207 bytes=35","cf 94 00 00 00 0c fe 66 b0 ef 39 c9 91 7b 67 1f 10 84 00 00 00 02 9a 53 c0 00 00 00 00 00 01 28 00 04 11",""
3343,16462,"PACKET","IN",207,45,"PlayerSync","id=207 bytes=45","cf 9e 00 8c 80 60 ff c0 00 3e 40 68 b0 f0 97 09 91 63 06 5f 50 84 00 00 00 01 a5 ea 40 00 03 d8 0f 00 f4 08 4c 7b 0f fd fd a5 04 04 80",""
3344,16487,"PACKET","IN",207,35,"PlayerSync","id=207 bytes=35","cf 1a 00 00 00 37 65 23 70 da 69 09 91 4b 21 de 90 80 00 00 00 00 b3 19 80 00 00 00 00 00 01 28 00 04 11",""
3345,16488,"PACKET","IN",207,35,"PlayerSync","id=207 bytes=35","cf 1c 00 00 00 2d 02 a6 f0 e0 10 09 d1 7b 67 1f 10 84 00 00 00 00 15 5f 00 00 00 00 00 00 01 28 00 04 11",""
3346,16488,"PACKET","IN",207,37,"PlayerSync","id=207 bytes=37","cf 4b 00 7f ff c0 00 2d cf 6b 70 c8 2b c9 91 68 a7 60 10 80 00 00 00 01 45 33 80 00 00 00 00 00 01 c8 04 04 80",""
3347,16488,"PACKET","IN",200,44,"VehicleSync","id=200 bytes=44","c8 70 00 27 00 af ff 00 00 20 00 72 30 5f c0 7c ae 35 c0 3a ac 31 63 12 74 5c 42 57 e4 27 da 39 63 c3 ad e1 2d 63 f7 68 40 1c 00 00",""
3348,16488,"PACKET","IN",200,48,"VehicleSync","id=200 bytes=48","c8 76 00 30 00 00 00 00 00 00 00 34 e0 3b a0 85 a3 f4 ba 6a 8c 33 83 d2 74 54 8a 57 a4 22 73 f1 33 e7 84 23 cf 0a a8 06 40 3d 00 02 69 48 f4 84",""
3349,16488,"PACKET","IN",207,45,"PlayerSync","id=207 bytes=45","cf 54 00 ff 7f e0 7f c2 00 27 cc a6 30 fb 5a 49 91 5f 01 9f 10 80 00 00 00 02 a6 da c0 00 02 10 23 98 f7 e7 fe 55 f7 fd fd a5 04 04 80",""
3350,16511,"PACKET","IN",207,45,"PlayerSync","id=207 bytes=45","cf 4b 00 fd ff fc 7f c0 00 2e 8e eb 70 df 2b c9 91 5b a7 20 10 80 00 00 00 02 2d 67 80 00 03 27 9c 14 f7 63 20 fb a7 fd fd c8 04 04 80",""
3351,16511,"PACKET","IN",207,45,"PlayerSync","id=207 bytes=45","cf 9e 00 8a 00 60 bf c0 00 29 44 e8 b0 cb d7 89 91 67 06 1f 50 84 00 00 00 02 05 e2 40 00 02 b5 e2 f8 f5 f0 51 d7 17 fd fd a5 04 04 80",""
3352,16512,"PACKET","IN",207,45,"PlayerSync","id=207 bytes=45","cf 4b 00 fb 7f f8 bf c0 00 10 ce 6b 70 f5 eb c9 91 46 26 e0 10 80 00 00 00 01 f1 9f 80 00 00 c7 80 14 f7 8b 4e b3 83 fd fd c8 04 04 80",""
3353,16535,"PACKET","IN",207,45,"PlayerSync","id=207 bytes=45","cf 63 00 c0 7f e0 3f c2 00 1c 8b 23 30 d7 29 09 91 65 eb df 90 84 00 00 00 01 98 03 80 00 00 17 5b 3c e9 0d 91 4a 98 40 25 a5 04 08 80",""
3354,16536,"RPC","IN",105,19,"TextDrawSetString","id=105 bytes=19","2f 01 0f 00 30 39 20 41 67 75 73 74 75 73 20 32 30 32 36",""
3355,16536,"RPC","IN",105,12,"TextDrawSetString","id=105 bytes=12","30 01 08 00 31 31 3a 35 36 3a 31 31",""
3356,16536,"PACKET","IN",200,48,"VehicleSync","id=200 bytes=48","c8 76 00 30 00 00 00 00 00 00 00 35 c0 39 70 85 13 fd ac 2a 8c 3b d4 32 74 51 6a 87 a4 2a f2 20 e3 e9 64 24 cf 0c 08 06 40 3d 00 03 f9 4c f4 84",""
3357,16536,"PACKET","IN",200,38,"VehicleSync","id=200 bytes=38","c8 92 00 2a 00 00 00 11 00 00 00 20 40 63 10 62 bf 4f 4f db 0c 37 c9 42 94 57 29 f7 d4 20 00 00 00 0c e0 39 00 00",""
3358,16537,"PACKET","IN",203,34,"AimSync","id=203 bytes=34","cb 92 00 12 00 b4 50 3f c8 c8 08 bf ed b3 64 be 7c aa b4 c3 8c e1 29 45 34 e2 86 42 00 00 00 00 3f 37",""
3359,16537,"PACKET","IN",207,45,"PlayerSync","id=207 bytes=45","cf 9e 00 87 00 60 7f c0 00 2f c8 e8 b0 e2 17 c9 91 65 c5 df 50 84 00 00 00 03 71 d6 40 00 03 81 f2 d8 f6 b4 55 17 1f fd fd a5 04 04 80",""
3360,16544,"PACKET","OUT",203,32,"AimSync","id=203 bytes=32","cb 00 00 00 39 05 00 00 00 00 00 00 00 00 00 00 00 40 01 00 00 00 80 3f 00 00 f3 04 b5 3f 39 05",""
3361,16563,"PACKET","IN",207,45,"PlayerSync","id=207 bytes=45","cf 4b 00 fa 7f f3 7f c0 00 37 0c eb 70 d9 2c 09 91 64 a6 20 10 80 00 00 00 02 25 e7 80 00 01 cf 68 14 f5 ef 9d 53 2f fd fd c8 04 04 80",""
3362,16564,"PACKET","IN",207,45,"PlayerSync","id=207 bytes=45","cf 54 00 ff ff e0 7f c2 00 0f 7e e5 f0 f3 9a 49 91 49 41 9f 10 80 00 00 00 00 aa de c0 00 02 b3 48 00 fb eb ff 69 f7 fd fd a5 04 04 80",""
3363,16584,"PACKET","IN",207,45,"PlayerSync","id=207 bytes=45","cf 4b 00 f9 7f f2 3f c0 00 3c 4c 2b 70 e8 6c 09 91 54 25 e0 10 80 00 00 00 01 f5 df 80 00 00 5b 6c 14 f7 df a9 2f 1b fd fd c8 04 04 80",""
3364,16584,"PACKET","IN",200,44,"VehicleSync","id=200 bytes=44","c8 70 00 27 00 a5 ff 00 00 20 00 78 50 4e c0 63 ce 4d 0f fa 9c 34 e3 22 74 55 e2 27 e4 21 fe 69 f3 cf 09 a2 0f d1 28 08 40 1c 00 00",""
3365,16584,"PACKET","IN",207,45,"PlayerSync","id=207 bytes=45","cf 9e 00 84 00 60 7f c0 00 39 0d 28 b0 c2 d8 49 91 4f 85 df 50 84 00 00 00 02 b9 ce 40 00 01 b0 9a cc f5 78 5e ef 27 fd fd a5 04 04 80",""
3366,16584,"PACKET","IN",203,34,"AimSync","id=203 bytes=34","cb 9e 00 04 9b 9b 4f bf 58 c1 13 3f e8 82 c4 bd 0c ca a0 c3 b1 40 26 45 c1 6a 80 42 00 00 00 00 3f 22",""
3367,16584,"RPC","IN",99,42,"MoveObject","id=99 bytes=42","a1 00 f8 e3 a1 c3 d7 9b 26 45 ed 5e 7b 42 f8 e3 a1 c3 d7 9b 26 45 53 c5 7d 42 00 00 80 3e 00 00 00 00 00 00 00 00 08 cc 84 43",""
3368,16585,"RPC","IN",122,2,"StopObject","id=122 bytes=2","a1 00",""
3369,16585,"RPC","IN",99,42,"MoveObject","id=99 bytes=42","a1 00 f8 e3 a1 c3 d7 9b 26 45 ed 5e 7b 42 f8 e3 a1 c3 d7 9b 26 45 ed 5e 7b 42 00 00 80 3e 00 00 00 00 00 00 00 00 08 cc 84 43",""
3370,16585,"RPC","IN",122,2,"StopObject","id=122 bytes=2","a1 00",""
3371,16585,"RPC","IN",99,42,"MoveObject","id=99 bytes=42","a1 00 f8 e3 a1 c3 d7 9b 26 45 ed 5e 7b 42 f8 e3 a1 c3 d7 9b 26 45 53 c5 7d 42 00 00 80 3e 00 00 00 00 00 00 00 00 08 cc 84 43",""
3372,16585,"RPC","IN",122,2,"StopObject","id=122 bytes=2","a1 00",""
3373,16585,"RPC","IN",99,42,"MoveObject","id=99 bytes=42","a1 00 f8 e3 a1 c3 d7 9b 26 45 ed 5e 7b 42 f8 e3 a1 c3 d7 9b 26 45 ed 5e 7b 42 00 00 80 3e 00 00 00 00 00 00 00 00 08 cc 84 43",""
3374,16585,"RPC","IN",122,2,"StopObject","id=122 bytes=2","a1 00",""
3375,16585,"RPC","IN",99,42,"MoveObject","id=99 bytes=42","a1 00 f8 e3 a1 c3 d7 9b 26 45 ed 5e 7b 42 f8 e3 a1 c3 d7 9b 26 45 53 c5 7d 42 00 00 80 3e 00 00 00 00 00 00 00 00 08 cc 84 43",""
3376,16585,"RPC","IN",122,2,"StopObject","id=122 bytes=2","a1 00",""
3377,16585,"RPC","IN",99,42,"MoveObject","id=99 bytes=42","a1 00 f8 e3 a1 c3 d7 9b 26 45 ed 5e 7b 42 f8 e3 a1 c3 d7 9b 26 45 ed 5e 7b 42 00 00 80 3e 00 00 00 00 00 00 00 00 08 cc 84 43",""
3378,16585,"RPC","IN",122,2,"StopObject","id=122 bytes=2","a1 00",""
3379,16586,"RPC","IN",99,42,"MoveObject","id=99 bytes=42","a1 00 f8 e3 a1 c3 d7 9b 26 45 ed 5e 7b 42 f8 e3 a1 c3 d7 9b 26 45 53 c5 7d 42 00 00 80 3e 00 00 00 00 00 00 00 00 08 cc 84 43",""
3380,16586,"RPC","IN",122,2,"StopObject","id=122 bytes=2","a1 00",""
3381,16586,"RPC","IN",99,42,"MoveObject","id=99 bytes=42","a1 00 f8 e3 a1 c3 d7 9b 26 45 ed 5e 7b 42 f8 e3 a1 c3 d7 9b 26 45 ed 5e 7b 42 00 00 80 3e 00 00 00 00 00 00 00 00 08 cc 84 43",""
3382,16586,"RPC","IN",122,2,"StopObject","id=122 bytes=2","a1 00",""
3383,16586,"RPC","IN",99,42,"MoveObject","id=99 bytes=42","a1 00 f8 e3 a1 c3 d7 9b 26 45 ed 5e 7b 42 f8 e3 a1 c3 d7 9b 26 45 53 c5 7d 42 00 00 80 3e 00 00 00 00 00 00 00 00 08 cc 84 43",""
3384,16586,"RPC","IN",122,2,"StopObject","id=122 bytes=2","a1 00",""
3385,16586,"RPC","IN",99,42,"MoveObject","id=99 bytes=42","a1 00 f8 e3 a1 c3 d7 9b 26 45 ed 5e 7b 42 f8 e3 a1 c3 d7 9b 26 45 ed 5e 7b 42 00 00 80 3e 00 00 00 00 00 00 00 00 08 cc 84 43",""
3386,16610,"PACKET","IN",207,45,"PlayerSync","id=207 bytes=45","cf 4b 00 f9 ff f1 3f c0 00 03 cb ab 70 f8 2c 09 91 43 65 a0 10 80 00 00 00 02 71 eb 80 00 03 0f 68 14 f6 b3 a4 e3 23 fd fd c8 04 04 80",""
3387,16611,"PACKET","IN",207,45,"PlayerSync","id=207 bytes=45","cf 54 00 ff ff e0 7f c0 00 31 7a 65 f0 f0 5a 49 91 40 41 9f 10 80 00 00 00 00 6e de c0 00 00 10 00 04 fb d7 ff c1 f3 fd fd a5 04 04 80",""
3388,16611,"PACKET","IN",207,45,"PlayerSync","id=207 bytes=45","cf 63 00 c0 7f e0 3f c2 00 1c 8b 23 30 d7 29 09 91 65 eb df 90 84 00 00 00 01 98 ff 80 00 00 41 53 18 eb 45 92 76 96 d4 21 a5 04 08 80",""
3389,16611,"PACKET","IN",207,45,"PlayerSync","id=207 bytes=45","cf 4b 00 f8 ff ed 7f c0 00 34 ca ab 70 c8 ec 49 91 6a 65 20 10 80 00 00 00 03 f5 ef 80 00 01 0b 6c 14 f6 87 ad 17 17 fd fd c8 04 04 80",""
3390,16611,"PACKET","IN",207,45,"PlayerSync","id=207 bytes=45","cf 9e 00 82 00 60 7f c0 00 1f d1 28 b0 de 58 89 91 78 05 9f 50 84 00 00 00 02 f1 c6 40 00 00 0e da d0 f7 34 62 e3 2f fd fd a5 04 04 80",""
3391,16612,"PACKET","IN",207,35,"PlayerSync","id=207 bytes=35","cf 0b 00 00 00 1a fc 26 b0 c0 43 09 d1 7b 67 1f 10 84 00 00 00 03 32 4b c0 00 00 00 00 00 01 28 00 04 11",""
3392,16612,"PACKET","IN",207,45,"PlayerSync","id=207 bytes=45","cf 4b 00 f8 7f ea 7f c0 00 32 09 eb 70 d8 2c 49 91 57 a4 e0 10 80 00 00 00 01 39 f7 80 00 01 32 d0 24 f5 e7 b3 c3 0f fd fd c8 04 04 80",""
3393,16637,"PACKET","IN",200,48,"VehicleSync","id=200 bytes=48","c8 76 00 30 00 00 00 00 00 00 00 35 b0 3a 40 84 43 f1 0e 5a 8c 39 24 b2 74 51 ba b7 a4 2f 1c 00 73 eb 94 26 0f 09 d8 06 40 3d 00 03 f7 52 f4 84",""
3394,16637,"PACKET","IN",207,43,"PlayerSync","id=207 bytes=43","cf 9e 00 60 3f c0 00 27 95 28 b0 c0 59 09 91 53 05 9f 50 84 00 00 00 01 b1 c6 40 00 03 a4 ca d4 f4 68 69 db 37 fd fd a5 04 04 80",""
3395,16660,"PACKET","IN",207,45,"PlayerSync","id=207 bytes=45","cf 4b 00 f7 7f e4 ff c2 00 3a 08 2b 70 f9 6c 49 91 5e a4 20 10 80 00 00 00 02 a1 fb 80 00 01 ec b4 68 f6 eb b7 97 07 fd fd c8 04 04 80",""
3396,16660,"PACKET","IN",200,44,"VehicleSync","id=200 bytes=44","c8 70 00 27 00 a2 ff 00 00 20 00 7f 60 33 a0 72 2e 59 3f da 9c 3b b3 32 74 5e 11 a7 e4 22 ce fc c3 c5 ba c5 9f 7e f7 28 40 1c 00 00",""
3397,16661,"PACKET","IN",207,35,"PlayerSync","id=207 bytes=35","cf 7e 00 00 00 11 42 a6 f0 c0 4b 89 d1 7b 67 1f 10 84 00 00 00 00 c6 1b 94 00 00 00 00 00 01 28 00 04 11",""
3398,16661,"PACKET","IN",207,35,"PlayerSync","id=207 bytes=35","cf 1f 00 00 00 20 66 e8 30 c3 bc c9 91 7b 67 1f 10 84 00 00 00 00 97 53 00 00 00 00 00 00 01 28 00 04 11",""
3399,16661,"PACKET","IN",207,35,"PlayerSync","id=207 bytes=35","cf 3d 00 00 00 39 94 e5 b0 e4 03 c9 d1 6c 24 9f 10 80 00 00 00 02 af cd c0 00 00 00 00 00 01 28 00 04 11",""
3400,16661,"PACKET","IN",207,45,"PlayerSync","id=207 bytes=45","cf 4b 00 f6 ff e3 3f c2 00 1c c7 6b 70 c9 ec 89 91 41 e3 e0 10 80 00 00 00 02 01 fb 80 00 02 c8 b4 68 f4 47 b9 53 07 fd fd c8 04 04 80",""
3401,16661,"PACKET","IN",207,35,"PlayerSync","id=207 bytes=35","cf 4d 00 00 00 02 00 23 30 e6 e4 09 91 70 1e 9e 90 84 00 00 00 03 da d0 80 00 00 00 00 00 01 28 00 04 11",""
3402,16661,"PACKET","IN",207,45,"PlayerSync","id=207 bytes=45","cf 54 00 ff ff e0 7f c2 00 27 eb a5 f0 e5 9a 49 91 62 41 5f 10 80 00 00 00 03 c2 da c0 00 02 32 5b d4 f7 df fc c5 f7 fd fd a5 04 04 80",""
3403,16662,"PACKET","IN",207,45,"PlayerSync","id=207 bytes=45","cf 63 00 c0 7f e0 3f ca 00 1c 8b 23 30 d7 29 09 91 65 eb df 90 84 00 00 00 00 c1 9b 80 00 01 06 cb 8c eb 59 92 2e 96 b8 21 ad 04 08 80",""
3404,16662,"PACKET","IN",203,34,"AimSync","id=203 bytes=34","cb 63 00 04 bd be 60 bf 6b b8 5f 3e ae 26 da be 88 5b 8b c3 dc 9d 26 45 90 20 82 42 00 00 00 00 3f 55",""
3405,16662,"PACKET","IN",200,38,"VehicleSync","id=200 bytes=38","c8 92 00 2a 00 00 00 11 00 00 00 20 50 63 10 62 bf 4f 4f db 0c 37 c9 42 94 57 29 f7 d4 20 00 00 00 0c e0 39 00 00",""
3406,16690,"PACKET","IN",207,35,"PlayerSync","id=207 bytes=35","cf 53 00 00 00 13 94 e5 b0 ea cc 49 d1 6c e4 9f 10 80 00 00 00 03 52 2a c0 00 00 00 00 00 01 a5 04 04 80",""
3407,16690,"PACKET","IN",207,45,"PlayerSync","id=207 bytes=45","cf 54 00 ff ff e0 7f ca 00 12 27 e5 f0 e3 1a 49 91 5b 41 5f 10 80 00 00 00 03 96 da c0 00 01 ac 0b c8 f7 df fd 09 f7 fd fd a5 04 04 80",""
3408,16690,"PACKET","IN",207,45,"PlayerSync","id=207 bytes=45","cf 9e 00 fe ff e0 7f c0 00 14 58 a8 b0 d4 19 49 91 71 85 5f 50 84 00 00 00 02 05 c6 40 00 03 23 46 b8 f5 40 6a f7 37 fd fd a5 04 04 80",""
3409,16690,"PACKET","IN",207,45,"PlayerSync","id=207 bytes=45","cf 4b 00 f6 ff e2 7f c2 00 3f c6 6b 70 da 6c 89 91 65 63 60 10 80 00 00 00 02 ad fb 80 00 02 88 b4 68 f7 e7 b5 ef 07 fd fd c8 04 04 80",""
3410,16713,"PACKET","IN",207,45,"PlayerSync","id=207 bytes=45","cf 4b 00 f6 7f e0 bf c2 00 22 85 ab 70 ea ec 89 91 48 a3 20 10 80 00 00 00 02 09 fb 80 00 02 e4 b4 68 f4 4b b9 47 07 fd fd c8 04 04 80",""
3411,16714,"PACKET","IN",207,45,"PlayerSync","id=207 bytes=45","cf 4b 00 f6 7f e0 bf c2 00 05 84 eb 70 fb 6c 89 91 6c 22 a0 10 80 00 00 00 01 0d fb 80 00 02 54 b4 68 f7 eb b5 eb 07 fd fd c8 04 04 80",""
3412,16714,"PACKET","IN",200,48,"VehicleSync","id=200 bytes=48","c8 76 00 30 00 00 00 00 00 00 00 39 00 0d 40 cd 54 cf 9f ca 8c 3f b5 22 74 53 ca 57 a4 24 56 1f 13 dd 24 f9 5f 6a 07 f6 40 3d 00 02 13 46 f4 84",""
3413,16714,"PACKET","IN",207,45,"PlayerSync","id=207 bytes=45","cf 9e 00 fd 7f e0 7f c0 00 0b dc 68 b0 ee d9 89 91 4e 05 5f 50 84 00 00 00 01 81 c6 40 00 01 7b 4e 94 f5 08 6a ab 37 fd fd a5 04 04 80",""
3414,16745,"PACKET","IN",207,45,"PlayerSync","id=207 bytes=45","cf 63 00 c0 7f e0 3f ca 00 1c 8b 23 30 d7 29 09 91 65 eb df 90 84 00 00 00 00 c1 9b 80 00 03 94 df 6c e9 4d 91 16 98 20 25 ad 04 08 80",""
3415,16746,"PACKET","IN",200,44,"VehicleSync","id=200 bytes=44","c8 70 00 27 00 a0 ff 00 00 00 00 7f f0 34 e0 88 be 51 af 8a 9c 34 43 52 74 5b e1 07 e4 23 dd 1b 93 ce ec 29 3e c5 07 58 40 1c 00 00",""
3416,16746,"PACKET","IN",207,35,"PlayerSync","id=207 bytes=35","cf 49 00 00 00 05 d5 25 b0 dd 8f 09 d1 6c 24 9f 10 80 00 00 00 01 eb 77 c0 00 00 00 00 00 01 28 00 04 11",""
3417,16746,"PACKET","IN",207,45,"PlayerSync","id=207 bytes=45","cf 4b 00 f6 7f e0 bf c2 00 28 c3 eb 70 cb ec c9 91 4f a2 60 10 80 00 00 00 00 1d fb 80 00 02 60 b4 68 f7 57 b6 e3 07 fd fd c8 04 04 80",""
3418,16746,"PACKET","IN",207,45,"PlayerSync","id=207 bytes=45","cf 54 00 ff ff e0 7f c0 00 32 63 a5 f0 e0 5a 49 91 53 c1 5f 10 80 00 00 00 03 96 da c0 00 02 ca 67 b4 f7 df fd 4d f7 fd fd a5 04 04 80",""
3419,16746,"PACKET","IN",207,45,"PlayerSync","id=207 bytes=45","cf 4b 00 f6 ff e0 bf c2 00 28 c3 2b 70 da 6c c9 91 7e e1 e0 10 80 00 00 00 02 b1 fb 80 00 03 09 58 18 f6 cb b7 cf 07 fd fd c8 04 04 80",""
3420,16746,"PACKET","IN",207,45,"PlayerSync","id=207 bytes=45","cf 9e 00 fc ff e0 7f c0 00 03 1f a8 b0 fd 99 c9 91 6e 05 1f 50 84 00 00 00 01 31 c2 40 00 03 ba a2 70 f5 60 6b 23 37 fd fd a5 04 04 80",""
3421,16794,"PACKET","IN",207,45,"PlayerSync","id=207 bytes=45","cf 4b 00 f6 ff e0 bf c2 00 39 81 6b 70 fa ac c9 91 4a 21 60 10 80 00 00 00 01 19 fb 80 00 02 0f c8 6c f7 d3 b6 13 07 fd fd c8 04 04 80",""
3422,16795,"PACKET","IN",207,45,"PlayerSync","id=207 bytes=45","cf 54 00 ff ff e0 7f c0 00 39 d7 65 f0 d8 5a 49 91 7d 41 1f 10 80 00 00 00 03 96 da c0 00 02 13 3f 30 f7 df fd 4d f7 fd fd a5 04 04 80",""
3423,16795,"PACKET","IN",207,45,"PlayerSync","id=207 bytes=45","cf 9e 00 fc 7f e0 7f c0 00 19 e2 e8 b0 d0 da 49 91 48 05 1f 50 84 00 00 00 03 89 be 40 00 02 e5 92 80 f4 50 6e ef 3b fd fd a5 04 04 80",""
3424,16795,"PACKET","IN",207,35,"PlayerSync","id=207 bytes=35","cf 29 00 00 00 2e 09 a5 b0 d1 c9 c9 d1 6c 24 9f 10 80 00 00 00 01 7d 63 c0 00 00 00 00 00 01 28 00 04 11",""
3425,16795,"PACKET","IN",207,45,"PlayerSync","id=207 bytes=45","cf 4b 00 f6 ff e0 bf c2 00 09 80 ab 70 cc ad 09 91 65 60 e0 10 80 00 00 00 00 59 fb 80 00 00 b6 68 9c f7 5f b6 d7 07 fd fd c8 04 04 80",""
3426,16795,"PACKET","IN",200,48,"VehicleSync","id=200 bytes=48","c8 76 00 30 00 00 00 00 00 00 00 34 b0 22 90 bd 55 7c b1 8a 9c 39 b5 92 74 5e 9a a7 a4 25 79 de 13 dc 13 b4 4e c0 a8 26 40 3d 00 02 2d 2a f4 84",""
3427,16795,"PACKET","IN",207,35,"PlayerSync","id=207 bytes=35","cf 46 00 02 00 3b 0c a5 70 f1 54 09 91 43 ed 5e d0 80 00 00 00 02 f6 a7 c0 00 00 00 00 00 01 a5 04 10 80",""
3428,16796,"PACKET","IN",207,45,"PlayerSync","id=207 bytes=45","cf 63 00 c0 7f e0 3f c2 00 1c 8b 23 30 d7 29 09 91 65 eb df 90 84 00 00 00 00 c1 9b 80 00 01 1a 43 40 eb 55 92 32 96 bc 21 ad 04 08 80",""
3429,16796,"PACKET","IN",200,44,"VehicleSync","id=200 bytes=44","c8 70 00 27 00 a0 ff 00 00 00 00 79 30 4b 40 94 1e 55 af 2a 9c 31 93 62 74 50 11 07 e4 25 72 b4 33 ca 3d 82 3d c0 a8 68 40 1c 00 00",""
3430,16796,"PACKET","IN",207,35,"PlayerSync","id=207 bytes=35","cf 85 00 00 00 2b 0b 62 b0 d7 e8 c9 91 50 59 de 90 84 00 00 00 03 a8 31 80 00 00 00 00 00 01 28 00 04 11",""
3431,16796,"PACKET","IN",203,34,"AimSync","id=203 bytes=34","cb 85 00 04 45 97 95 bd 2c 65 77 3f 51 69 7c be 8c 19 8a c3 14 82 26 45 29 ed 7e 42 00 00 00 00 3f c6",""
3432,16821,"PACKET","IN",207,45,"PlayerSync","id=207 bytes=45","cf 4b 00 f6 ff e0 bf c2 00 08 7f ab 30 df ed 09 91 79 a0 60 10 80 00 00 00 03 a1 f7 80 00 01 17 80 cc f6 ef b7 93 07 fd fd c8 04 04 80",""
3433,16821,"PACKET","IN",207,45,"PlayerSync","id=207 bytes=45","cf 9e 00 fb 7f e0 7f c0 00 1b e6 a8 b0 ef 5a 89 91 59 84 df 50 84 00 00 00 03 5d c2 40 00 00 c9 c6 c0 f5 74 6c 63 3f fd fd a5 04 04 80",""
3434,16821,"PACKET","IN",207,45,"PlayerSync","id=207 bytes=45","cf 4b 00 f7 7f e0 bf c2 00 35 fe 6b 30 f4 ad 09 91 46 20 20 10 80 00 00 00 02 61 fb 80 00 00 a4 15 00 f6 7f b4 47 0b fd fd c8 04 04 80",""
3435,16822,"PACKET","OUT",207,69,"PlayerSync","id=207 bytes=69","cf 00 00 00 00 00 00 22 90 8d c3 0a 85 26 45 6a 86 7a 42 f5 21 4f 3f 00 00 00 00 00 00 00 00 89 70 16 3f 64 00 00 00 00 00 00 00 00 00 00 00 00 00 00 00 00 00 00 00 00 00 00 00 00 00 00 00 00 00 a5 04 e8 80",""
3436,16845,"PACKET","IN",207,45,"PlayerSync","id=207 bytes=45","cf 4b 00 f7 7f e0 bf c2 00 0f fd 6b 30 ca 6d 49 91 4b 1f a0 10 80 00 00 00 01 ad fb 80 00 00 fb e5 30 f4 1f b9 93 07 fd fd c8 04 04 80",""
3437,16846,"PACKET","IN",207,45,"PlayerSync","id=207 bytes=45","cf 54 00 ff ff e0 7f c0 00 3b 0b 25 f0 d0 5a 49 91 67 01 1f 10 80 00 00 00 03 96 da c0 00 01 9f 73 c0 f7 df fd 4d f7 fd fd a5 04 04 80",""
3438,16846,"PACKET","IN",207,45,"PlayerSync","id=207 bytes=45","cf 9e 00 fa ff e0 7f c0 00 35 aa 68 b0 ce 9b 09 91 70 04 9f 50 84 00 00 00 00 f5 c6 40 00 00 1c e2 f4 f6 d4 69 07 3b fd fd a5 04 04 80",""
3439,16846,"PACKET","IN",200,48,"VehicleSync","id=200 bytes=48","c8 76 00 30 00 eb ff 06 00 00 00 3d 80 10 b0 9f 65 c1 13 4a 9c 32 65 e2 74 5a 3b 17 a4 2e 97 0d 73 db 92 d0 5e 27 38 26 40 3d 00 03 c3 16 f4 84",""
3440,16846,"PACKET","IN",207,35,"PlayerSync","id=207 bytes=35","cf 7c 00 00 00 03 66 28 30 f1 c4 49 d1 7b 67 1f 10 84 00 00 00 01 fe 49 80 00 00 00 00 00 01 28 00 04 11",""
3441,16870,"PACKET","IN",207,45,"PlayerSync","id=207 bytes=45","cf 4b 00 f7 7f e0 bf c2 00 13 bc 2b 30 e1 ed 49 91 47 1f 20 10 80 00 00 00 00 f5 fb 80 00 01 22 c5 70 f7 b7 b6 43 07 fd fd c8 04 04 80",""
3442,16871,"PACKET","IN",207,35,"PlayerSync","id=207 bytes=35","cf 97 00 00 00 09 a6 25 b0 d5 fd 09 91 6c 24 9f 10 84 00 00 00 00 3b eb e8 00 00 00 00 00 01 28 00 04 11",""
3443,16871,"PACKET","IN",207,45,"PlayerSync","id=207 bytes=45","cf 9e 00 fa 7f e0 7f c0 00 35 ee 68 b0 f0 db 49 91 47 84 9f 50 84 00 00 00 03 4d c2 40 00 01 63 e2 e0 f5 c0 6b 9f 37 fd fd a5 04 04 80",""
3444,16895,"PACKET","IN",207,45,"PlayerSync","id=207 bytes=45","cf 63 00 c0 7f e0 3f c2 00 1c cb 23 30 d7 29 09 91 41 4f 1f d0 84 00 00 00 00 c1 9b 80 00 02 14 33 a8 f7 e5 ff fd ff ff fd ab 04 08 80",""
3445,16895,"PACKET","IN",200,38,"VehicleSync","id=200 bytes=38","c8 70 00 27 00 a0 ff 00 00 00 00 76 00 59 00 90 de 52 7f 0a 9c 34 e3 62 74 5f 51 07 e4 20 00 00 00 08 40 1c 00 00",""
3446,16895,"PACKET","IN",203,34,"AimSync","id=203 bytes=34","cb 70 00 12 f6 d7 07 3d 95 d0 7e 3f 1a c1 b8 bd c8 17 aa c3 ff a3 26 45 d2 cf 84 42 00 00 00 00 3f c6",""
3447,16896,"PACKET","IN",207,45,"PlayerSync","id=207 bytes=45","cf 4b 00 f7 7f e0 bf c2 00 21 b9 6b 30 d5 ad 89 91 65 9d e0 10 80 00 00 00 03 81 f7 80 00 02 ce 1d e0 f6 df b7 af 07 fd fd c8 04 04 80",""
3448,16896,"PACKET","IN",203,34,"AimSync","id=203 bytes=34","cb 4b 00 04 c2 3e 63 3f c9 7d c1 3e c9 b2 86 be bf 76 ae c3 e9 a0 26 45 41 82 83 42 00 00 00 00 3f 36",""
3449,16925,"PACKET","IN",207,45,"PlayerSync","id=207 bytes=45","cf 4b 00 f7 7f e0 bf c2 00 19 b7 eb 30 f3 2d 89 91 40 dd 60 10 80 00 00 00 02 bd f7 80 00 03 ae 12 20 f6 6f b4 67 0b fd fd c8 04 04 80",""
3450,16926,"PACKET","IN",207,45,"PlayerSync","id=207 bytes=45","cf 9e 00 f9 ff e0 7f c0 00 1f 32 28 b0 cb 5b c9 91 60 84 5f 50 84 00 00 00 03 c1 c2 40 00 03 60 46 bc f6 e0 69 13 3b fd fd a5 04 04 80",""
3451,16926,"PACKET","IN",207,45,"PlayerSync","id=207 bytes=45","cf 4b 00 f7 7f e0 bf c2 00 27 b6 2b 30 d3 ed c9 91 4a 9c a0 10 80 00 00 00 01 f1 f7 80 00 00 ab fa 5c f5 fb b5 27 0b fd fd c8 04 04 80",""
3452,16956,"PACKET","IN",207,45,"PlayerSync","id=207 bytes=45","cf 54 00 ff ff e0 7f c0 00 1b b3 65 b0 c0 1a 49 91 7a 3e 1f 10 80 00 00 00 03 96 da c0 00 03 b8 31 e8 fa cf ce 55 f6 ba d9 a5 04 04 80",""
3453,16956,"PACKET","IN",203,34,"AimSync","id=203 bytes=34","cb 54 00 04 6c b5 7f 3f 89 e0 cc bc 47 56 26 bd 3d 9a 98 c3 71 6a 26 45 d8 f0 7f 42 00 00 00 00 3f 36",""
3454,16957,"PACKET","IN",207,35,"PlayerSync","id=207 bytes=35","cf 9a 00 00 00 05 5a 28 30 df c8 49 d1 7b 67 1f 10 84 00 00 00 01 79 f3 c0 00 00 00 00 00 01 28 00 04 11",""
3455,16957,"PACKET","IN",207,45,"PlayerSync","id=207 bytes=45","cf 4b 00 f7 7f e0 bf c2 00 13 74 6b 30 f7 6d c9 91 45 5b e0 10 80 00 00 00 01 19 f7 80 00 01 95 02 90 f5 7f b5 ef 0b fd fd c8 04 04 80",""
3456,16957,"PACKET","IN",207,35,"PlayerSync","id=207 bytes=35","cf 60 00 00 00 25 ca e3 30 e5 e0 49 91 6f df 1e 90 84 00 00 00 00 ae f9 c0 00 00 00 00 00 01 28 00 04 11",""
3457,16958,"PACKET","IN",200,48,"VehicleSync","id=200 bytes=48","c8 76 00 30 00 bc ff 1e 00 00 00 39 e0 07 20 7d e6 0c 35 aa 9c 3b 86 22 74 50 ab c7 a4 2b a2 0c 93 da 61 e0 7d 38 78 36 40 3d 00 03 cd 14 f4 84",""
3458,16958,"PACKET","IN",207,45,"PlayerSync","id=207 bytes=45","cf 9e 00 f9 7f e0 7f c0 00 12 f5 e8 b0 e6 9c 09 91 7a 04 1f 50 84 00 00 00 01 9d c6 40 00 02 bb fe 9c f6 90 68 af 3b fd fd a5 04 04 80",""
3459,16958,"PACKET","IN",207,35,"PlayerSync","id=207 bytes=35","cf 94 00 00 00 0c fe 66 b0 ef 39 c9 91 7b 67 1f 10 84 00 00 00 02 9a 53 c0 00 00 00 00 00 01 28 00 04 11",""
3460,16982,"PACKET","IN",207,45,"PlayerSync","id=207 bytes=45","cf 4b 00 f7 7f e0 bf c2 00 0d 32 6b 30 de ee 09 91 6a da e0 10 80 00 00 00 00 35 f7 80 00 00 5b 8a d4 f4 ff b6 c3 0b fd fd c8 04 04 80",""
3461,16982,"PACKET","IN",207,45,"PlayerSync","id=207 bytes=45","cf 63 00 c0 7f e0 3f c2 00 1c cb 23 30 d7 29 09 91 7e 60 60 10 84 00 00 00 00 f1 ef 80 00 01 9a 72 5c f7 fd ff fd ff ff fd 6c 04 04 80",""
3462,16983,"PACKET","IN",200,38,"VehicleSync","id=200 bytes=38","c8 70 00 27 00 a0 ff 00 00 00 00 7a a0 55 e0 81 ae 53 bf 0a 9c 34 33 62 74 51 f1 17 e4 20 00 00 00 08 40 1c 00 00",""
3463,16983,"PACKET","IN",207,45,"PlayerSync","id=207 bytes=45","cf 9e 00 f8 ff e0 7f c0 00 3f 39 68 b0 c0 9c 89 91 55 84 1f 50 84 00 00 00 00 7d ca 40 00 02 87 56 9c f5 4c 6b 0b 37 fd fd a5 04 04 80",""
3464,17035,"PACKET","IN",207,35,"PlayerSync","id=207 bytes=35","cf 1a 00 00 00 37 65 23 70 da 69 09 91 4b 21 de 90 80 00 00 00 00 b3 19 80 00 00 00 00 00 01 28 00 04 11",""
3465,17035,"PACKET","IN",207,45,"PlayerSync","id=207 bytes=45","cf 4b 00 f7 7f e0 bf c2 00 3c 2b eb 30 db 6e 89 91 7e 98 20 10 80 00 00 00 01 2d f3 80 00 02 1e ee ec f7 4b b1 8b 0f fd fd e9 04 02 80",""
3466,17035,"PACKET","IN",207,45,"PlayerSync","id=207 bytes=45","cf 54 00 ff ff e0 7f c0 00 27 59 25 b0 ee 9a 09 91 4d 8e 5f 90 80 00 00 00 03 96 da c0 00 02 75 a1 b4 f9 03 e5 dd f7 ae a1 a5 04 04 80",""
3467,17035,"PACKET","IN",200,48,"VehicleSync","id=200 bytes=48","c8 76 00 30 00 b8 ff 20 00 00 00 31 90 09 20 7e 76 6c 48 1a 9c 37 66 62 74 5f ac 87 a4 24 88 6b 83 df 21 76 5c aa e8 46 40 3d 00 02 e7 42 f4 84",""
3468,17036,"PACKET","IN",203,34,"AimSync","id=203 bytes=34","cb 76 00 12 94 cd 10 bf 0e dd 50 3f 04 d0 f5 bd 19 1a a9 c3 d1 55 27 45 e5 b2 7d 42 00 00 00 00 3f ff",""
3469,17036,"PACKET","IN",200,38,"VehicleSync","id=200 bytes=38","c8 92 00 2a 00 00 00 11 00 00 00 20 50 63 10 62 bf 4f 4f db 0c 37 c9 42 94 57 29 f7 d4 20 00 00 00 0c e0 39 00 00",""
3470,17036,"PACKET","IN",203,34,"AimSync","id=203 bytes=34","cb 92 00 12 00 b4 50 3f c8 c8 08 bf ed b3 64 be 7c aa b4 c3 8c e1 29 45 34 e2 86 42 00 00 00 00 3f 37",""
3471,17036,"PACKET","IN",207,45,"PlayerSync","id=207 bytes=45","cf 9e 00 f8 7f e0 bf c0 00 02 fd 28 b0 d5 9c c9 91 76 83 df 50 84 00 00 00 03 fd ca 40 00 03 a4 ea a0 f7 5c 64 7f 37 fd fd a5 04 04 80",""
3472,17036,"PACKET","IN",207,35,"PlayerSync","id=207 bytes=35","cf 1c 00 00 00 2d 02 a6 f0 e0 10 09 d1 7b 67 1f 10 84 00 00 00 00 15 5f 00 00 00 00 00 00 01 28 00 04 11",""
3473,17059,"PACKET","IN",207,45,"PlayerSync","id=207 bytes=45","cf 4b 00 f7 7f e0 bf c2 00 15 67 ab 30 f3 6e c9 91 5f d6 60 10 80 00 00 00 02 dd ef 80 00 03 5f 2e dc f5 f3 b3 b3 0f fd fd e9 04 02 80",""
3474,17060,"PACKET","IN",207,35,"PlayerSync","id=207 bytes=35","cf 51 00 00 00 30 e3 68 30 f6 0c 09 d1 7b 67 1f 10 84 00 00 00 02 e7 67 c0 00 00 00 00 00 01 28 00 04 11",""
3475,17060,"PACKET","IN",207,45,"PlayerSync","id=207 bytes=45","cf 9e 00 f7 ff e0 bf c0 00 3d c0 a8 f0 ee 5d 09 91 5b 83 df 50 84 00 00 00 03 b1 ce 40 00 00 dd 9a c0 f5 04 65 57 33 fd fd a5 04 04 80",""
3476,17060,"PACKET","IN",207,45,"PlayerSync","id=207 bytes=45","cf 4b 00 f7 7f e0 bf c2 00 28 25 6b 30 df 2f 09 91 72 95 60 10 80 00 00 00 01 61 ef 80 00 02 4e 42 e0 f5 3b b0 d7 13 fd fd e9 04 02 80",""
3477,17070,"PACKET","OUT",203,32,"AimSync","id=203 bytes=32","cb 00 00 00 39 05 00 00 00 00 00 00 00 00 00 00 00 40 01 00 00 00 80 3f 00 00 f3 04 b5 3f 39 05",""
3478,17091,"PACKET","IN",207,45,"PlayerSync","id=207 bytes=45","cf 63 00 c0 7f e0 3f c2 00 1c cb 23 30 d7 29 09 91 72 7f 20 10 84 00 00 00 00 f1 ef 80 00 01 5e 90 44 f7 fd ff fd ff ff fd 6c 04 04 80",""
3479,17091,"PACKET","IN",200,38,"VehicleSync","id=200 bytes=38","c8 70 00 27 00 a0 ff 00 00 00 00 7d 50 59 f0 72 1e 54 9f 0a 9c 33 c3 62 74 53 61 17 e4 20 00 00 00 08 40 1c 00 00",""
3480,17092,"RPC","IN",87,2,"ClearPlayerAnimation","id=87 bytes=2","3d 00",""
3481,17092,"RPC","IN",86,29,"ApplyPlayerAnimation","id=86 bytes=29","3d 00 05 43 41 52 52 59 0b 63 72 72 79 5f 70 72 74 69 61 6c 33 33 83 40 00 00 00 00 00",""
3482,17092,"PACKET","IN",207,45,"PlayerSync","id=207 bytes=45","cf 4b 00 f7 7f e0 bf c2 00 03 a3 6b 30 ca af 49 91 48 94 a0 10 80 00 00 00 03 f9 eb 80 00 03 c1 0a ec f4 57 b2 43 13 fd fd e9 04 02 80",""
3483,17092,"PACKET","IN",207,35,"PlayerSync","id=207 bytes=35","cf 3d 00 00 00 39 94 e5 b0 e4 03 c9 d1 6c 24 9f 10 80 00 00 00 02 af cd c0 00 00 00 00 00 01 28 00 04 11",""
3484,17093,"PACKET","IN",207,45,"PlayerSync","id=207 bytes=45","cf 54 00 ff ff e0 7f c0 00 11 fe 65 70 dc da 09 91 7f 82 9f d0 80 00 00 00 03 96 da c0 00 01 34 ad 90 fa 27 f5 81 f7 4a 61 a5 04 04 80",""
3485,17093,"PACKET","IN",200,48,"VehicleSync","id=200 bytes=48","c8 76 00 30 00 b8 ff 1f 00 00 00 71 30 0b 80 80 06 e8 4a 7a 9c 38 66 92 74 5c 3d 77 a4 21 48 ca 83 da f1 25 bc 28 48 56 40 3d 00 02 99 72 f4 84",""
3486,17093,"PACKET","OUT",205,9,"UNKNOWN_PACKET","id=205 bytes=9","cd b8 4a 04 00 00 00 00 00",""
3487,17120,"PACKET","IN",207,45,"PlayerSync","id=207 bytes=45","cf 4b 00 f7 7f e0 bf c2 00 2e 61 2b 30 f5 2f 49 91 64 53 a0 10 80 00 00 00 02 95 eb 80 00 02 36 5a f4 f7 7b af 9b 13 fd fd e9 04 02 80",""
3488,17120,"PACKET","IN",200,38,"VehicleSync","id=200 bytes=38","c8 70 00 27 00 a0 ff 00 00 00 00 7f 20 5a b0 72 0e 54 0f 0a 9c 33 c3 62 74 53 11 17 e4 20 00 00 00 08 40 1c 00 00",""
3489,17121,"PACKET","IN",207,45,"PlayerSync","id=207 bytes=45","cf 9e 00 f7 ff e0 bf c0 00 38 88 68 f0 e2 dd c9 91 70 03 9f 50 84 00 00 00 01 45 d2 40 00 03 32 02 bc f6 28 61 77 2f fd fd a5 04 04 80",""
3490,17147,"PACKET","IN",207,45,"PlayerSync","id=207 bytes=45","cf 4b 00 f7 7f e0 bf c2 00 19 5a ab 30 fd 6f c9 91 50 10 e0 10 80 00 00 00 02 59 e7 80 00 02 98 57 10 f4 e7 af 97 17 fd fd e9 04 02 80",""
3491,17174,"PACKET","IN",207,35,"PlayerSync","id=207 bytes=35","cf 0b 00 00 00 1a fc 26 b0 c0 43 09 d1 7b 67 1f 10 84 00 00 00 03 32 4b c0 00 00 00 00 00 01 28 00 04 11",""
3492,17174,"PACKET","IN",207,35,"PlayerSync","id=207 bytes=35","cf 3d 00 00 00 39 94 e5 b0 e4 03 c9 d1 6c 24 9f 10 80 00 00 00 02 af cd c0 00 00 00 00 00 01 a5 04 e8 80",""
3493,17175,"PACKET","IN",207,45,"PlayerSync","id=207 bytes=45","cf 4b 00 f7 7f e0 bf c2 00 2f 98 6b 30 ea f0 09 91 60 cf e0 10 80 00 00 00 00 f1 e7 80 00 03 75 7f 18 f7 fb a8 ff 1b fd fd e9 04 02 80",""
3494,17175,"PACKET","IN",207,45,"PlayerSync","id=207 bytes=45","cf 54 00 ff ff e0 7f c0 00 0f df 65 70 c8 5a 09 91 7f 9a 5f d0 80 00 00 00 03 96 da c0 00 01 62 e5 78 fb 93 fd 51 f5 a6 11 a5 04 04 80",""
3495,17175,"PACKET","IN",207,45,"PlayerSync","id=207 bytes=45","cf 63 00 c0 7f e0 3f c2 00 1c cb 23 30 d7 29 09 91 53 46 e0 50 84 00 00 00 00 f1 ef 80 00 00 16 1a dc e7 fd ff fd ff ff fd 6c 04 04 80",""
3496,17175,"PACKET","IN",207,35,"PlayerSync","id=207 bytes=35","cf 7e 00 00 00 11 42 a6 f0 c0 4b 89 d1 7b 67 1f 10 84 00 00 00 00 c6 1b 94 00 00 00 00 00 01 28 00 04 11",""
3497,17175,"RPC","IN",105,7,"TextDrawSetString","id=105 bytes=7","26 08 03 00 31 30 30",""
3498,17175,"RPC","IN",105,5,"TextDrawSetString","id=105 bytes=5","27 08 01 00 30",""
3499,17175,"RPC","IN",105,6,"TextDrawSetString","id=105 bytes=6","28 08 02 00 35 30",""
3500,17175,"RPC","IN",105,5,"TextDrawSetString","id=105 bytes=5","29 08 01 00 39",""
3501,17175,"RPC","IN",105,7,"TextDrawSetString","id=105 bytes=7","2a 08 03 00 31 30 30",""
3502,17175,"PACKET","IN",207,35,"PlayerSync","id=207 bytes=35","cf 1f 00 00 00 20 66 e8 30 c3 bc c9 91 7b 67 1f 10 84 00 00 00 00 97 53 00 00 00 00 00 00 01 28 00 04 11",""
3503,17176,"PACKET","IN",200,38,"VehicleSync","id=200 bytes=38","c8 70 00 27 00 a1 ff 00 00 00 00 7f 80 5e b0 71 ee 53 6f 0a 9c 33 f3 62 74 52 71 17 e4 20 00 00 00 08 40 1c 00 00",""
3504,17203,"PACKET","IN",200,48,"VehicleSync","id=200 bytes=48","c8 76 00 30 00 00 00 00 00 00 00 31 50 0a b0 92 a7 3b 2c aa 9c 33 c6 c2 74 5a 7e 57 a4 26 26 79 b3 d4 91 4f 5c 42 38 56 40 3d 00 03 c9 ac f4 84",""
3505,17203,"PACKET","IN",207,45,"PlayerSync","id=207 bytes=45","cf 9e 00 f7 ff e0 bf c0 00 02 50 a8 f0 dc de 89 91 49 03 9f 50 84 00 00 00 03 e1 d2 40 00 02 5f 72 f4 f4 b8 63 77 2b fd fd a5 04 04 80",""
3506,17203,"PACKET","IN",207,45,"PlayerSync","id=207 bytes=45","cf 4b 00 f7 7f e0 bf c2 00 0c 96 6b 30 d8 30 49 91 74 0e e0 10 80 00 00 00 03 85 e3 80 00 00 86 23 10 f7 1b aa 53 1b fd fd e9 04 02 80",""
3507,17231,"PACKET","IN",207,45,"PlayerSync","id=207 bytes=45","cf 4b 00 f7 7f e0 bf c2 00 0f 94 2b 30 c7 f0 89 91 7b 0d e0 10 80 00 00 00 02 19 e3 80 00 03 fb ab 1c f6 37 ab ab 1b fd fd e9 04 02 80",""
3508,17232,"PACKET","IN",207,35,"PlayerSync","id=207 bytes=35","cf 4d 00 00 00 02 00 23 30 e6 e4 09 91 70 1e 9e 90 84 00 00 00 03 da d0 80 00 00 00 00 00 01 28 00 04 11",""
3509,17232,"PACKET","IN",207,45,"PlayerSync","id=207 bytes=45","cf 4b 00 f7 7f e0 bf c2 00 27 11 eb 30 f6 30 89 91 4a cd 20 10 80 00 00 00 00 9d e3 80 00 03 08 8f 1c f5 53 a9 03 1f fd fd e9 04 02 80",""
3510,17232,"PACKET","IN",207,45,"PlayerSync","id=207 bytes=45","cf 9e 00 f8 7f e0 bf c0 00 36 14 a8 f0 fd 1e c9 91 78 43 5f 50 84 00 00 00 01 dd d2 40 00 02 aa bf 00 f7 cc 5e 33 2b fd fd a5 04 04 80",""
3511,17232,"RPC","IN",99,42,"MoveObject","id=99 bytes=42","a1 00 f8 e3 a1 c3 d7 9b 26 45 ed 5e 7b 42 f8 e3 a1 c3 d7 9b 26 45 53 c5 7d 42 00 00 80 3e 00 00 00 00 00 00 00 00 08 cc 84 43",""
3512,17232,"RPC","IN",122,2,"StopObject","id=122 bytes=2","a1 00",""
3513,17233,"RPC","IN",99,42,"MoveObject","id=99 bytes=42","a1 00 f8 e3 a1 c3 d7 9b 26 45 ed 5e 7b 42 f8 e3 a1 c3 d7 9b 26 45 ed 5e 7b 42 00 00 80 3e 00 00 00 00 00 00 00 00 08 cc 84 43",""
3514,17233,"RPC","IN",122,2,"StopObject","id=122 bytes=2","a1 00",""
3515,17233,"RPC","IN",99,42,"MoveObject","id=99 bytes=42","a1 00 f8 e3 a1 c3 d7 9b 26 45 ed 5e 7b 42 f8 e3 a1 c3 d7 9b 26 45 53 c5 7d 42 00 00 80 3e 00 00 00 00 00 00 00 00 08 cc 84 43",""
3516,17233,"RPC","IN",122,2,"StopObject","id=122 bytes=2","a1 00",""
3517,17233,"RPC","IN",99,42,"MoveObject","id=99 bytes=42","a1 00 f8 e3 a1 c3 d7 9b 26 45 ed 5e 7b 42 f8 e3 a1 c3 d7 9b 26 45 ed 5e 7b 42 00 00 80 3e 00 00 00 00 00 00 00 00 08 cc 84 43",""
3518,17233,"RPC","IN",122,2,"StopObject","id=122 bytes=2","a1 00",""
3519,17234,"RPC","IN",99,42,"MoveObject","id=99 bytes=42","a1 00 f8 e3 a1 c3 d7 9b 26 45 ed 5e 7b 42 f8 e3 a1 c3 d7 9b 26 45 53 c5 7d 42 00 00 80 3e 00 00 00 00 00 00 00 00 08 cc 84 43",""
3520,17234,"RPC","IN",122,2,"StopObject","id=122 bytes=2","a1 00",""
3521,17234,"RPC","IN",99,42,"MoveObject","id=99 bytes=42","a1 00 f8 e3 a1 c3 d7 9b 26 45 ed 5e 7b 42 f8 e3 a1 c3 d7 9b 26 45 ed 5e 7b 42 00 00 80 3e 00 00 00 00 00 00 00 00 08 cc 84 43",""
3522,17234,"RPC","IN",122,2,"StopObject","id=122 bytes=2","a1 00",""
3523,17234,"RPC","IN",99,42,"MoveObject","id=99 bytes=42","a1 00 f8 e3 a1 c3 d7 9b 26 45 ed 5e 7b 42 f8 e3 a1 c3 d7 9b 26 45 53 c5 7d 42 00 00 80 3e 00 00 00 00 00 00 00 00 08 cc 84 43",""
3524,17234,"RPC","IN",122,2,"StopObject","id=122 bytes=2","a1 00",""
3525,17235,"RPC","IN",99,42,"MoveObject","id=99 bytes=42","a1 00 f8 e3 a1 c3 d7 9b 26 45 ed 5e 7b 42 f8 e3 a1 c3 d7 9b 26 45 ed 5e 7b 42 00 00 80 3e 00 00 00 00 00 00 00 00 08 cc 84 43",""
3526,17235,"RPC","IN",122,2,"StopObject","id=122 bytes=2","a1 00",""
3527,17235,"RPC","IN",99,42,"MoveObject","id=99 bytes=42","a1 00 f8 e3 a1 c3 d7 9b 26 45 ed 5e 7b 42 f8 e3 a1 c3 d7 9b 26 45 53 c5 7d 42 00 00 80 3e 00 00 00 00 00 00 00 00 08 cc 84 43",""
3528,17235,"RPC","IN",122,2,"StopObject","id=122 bytes=2","a1 00",""
3529,17235,"RPC","IN",99,42,"MoveObject","id=99 bytes=42","a1 00 f8 e3 a1 c3 d7 9b 26 45 ed 5e 7b 42 f8 e3 a1 c3 d7 9b 26 45 ed 5e 7b 42 00 00 80 3e 00 00 00 00 00 00 00 00 08 cc 84 43",""
3530,17235,"PACKET","IN",207,45,"PlayerSync","id=207 bytes=45","cf 4b 00 f7 7f e0 bf c2 00 33 8f ab 30 e5 b0 c9 91 55 4c 20 10 80 00 00 00 03 2d df 80 00 03 c9 d3 2c f4 63 aa 67 1f fd fd e9 04 02 80",""
3531,17235,"PACKET","IN",207,35,"PlayerSync","id=207 bytes=35","cf 53 00 00 00 13 94 e5 b0 ea cc 49 d1 6c e4 9f 10 80 00 00 00 03 52 2a c0 00 00 00 00 00 01 a5 04 04 80",""
3532,17235,"PACKET","IN",207,45,"PlayerSync","id=207 bytes=45","cf 54 00 ff ff e0 7f c0 00 26 c7 a5 70 f8 99 c9 91 5c 51 1f d0 80 00 00 00 03 96 da c0 00 03 72 45 78 f9 c3 fd 59 f5 79 d1 a5 04 04 80",""
3533,17259,"PACKET","IN",207,45,"PlayerSync","id=207 bytes=45","cf 4b 00 f7 7f e0 bf c2 00 36 0d 6b 30 d6 71 09 91 5a 8b 20 10 80 00 00 00 01 b9 df 80 00 03 17 1f 3c f7 77 a7 c3 1f fd fd e9 04 02 80",""
3534,17259,"PACKET","IN",200,38,"VehicleSync","id=200 bytes=38","c8 70 00 27 00 a4 ff 00 00 00 00 7e 50 51 80 81 ce 53 6f 0a 9c 34 03 62 74 52 21 17 e4 20 00 00 00 08 40 1c 00 00",""
3535,17260,"PACKET","IN",207,45,"PlayerSync","id=207 bytes=45","cf 63 00 c0 7f e0 3f c2 00 1c cb 23 30 d7 29 09 91 66 b5 60 10 84 00 00 00 00 f1 ef 80 00 03 06 a0 80 f7 fd ff fd fc 00 01 6c 04 04 80",""
3536,17260,"PACKET","IN",200,48,"VehicleSync","id=200 bytes=48","c8 76 00 30 00 00 00 00 00 00 00 3f 60 09 40 9f a7 44 2e aa 9c 3e 06 e2 74 57 5f 17 a4 2b fd 78 c3 df 91 58 cc 7c 68 46 40 3d 00 03 db d2 f4 84",""
3537,17260,"PACKET","IN",207,45,"PlayerSync","id=207 bytes=45","cf 9e 00 f8 ff e0 7f c0 00 3e 98 68 f0 d4 9f 49 91 66 03 5f 50 84 00 00 00 03 81 ce 40 00 03 7b 12 e0 f5 20 60 0b 2f fd fd a5 04 04 80",""
3538,17287,"PACKET","IN",207,45,"PlayerSync","id=207 bytes=45","cf 4b 00 f7 7f e0 bf c2 00 2b 8b 2b 30 c8 b1 49 91 62 ca 20 10 80 00 00 00 00 41 df 80 00 03 af b3 50 f6 8b a5 1f 23 fd fd e9 04 02 80",""
3539,17288,"PACKET","IN",207,35,"PlayerSync","id=207 bytes=35","cf 29 00 00 00 2e 09 a5 b0 d1 c9 c9 d1 6c 24 9f 10 80 00 00 00 01 7d 63 c0 00 00 00 00 00 01 28 00 04 11",""
3540,17288,"PACKET","OUT",203,32,"AimSync","id=203 bytes=32","cb 04 42 4d 0b bf 45 40 41 3f 07 75 bb be 92 4b 8d c3 27 79 26 45 e7 5d 7e 42 00 00 00 00 3f c6",""
3541,17313,"PACKET","IN",207,45,"PlayerSync","id=207 bytes=45","cf 4b 00 f7 7f e0 bf c2 00 14 08 ab 30 c1 f1 89 91 55 49 20 10 80 00 00 00 02 c5 db 80 00 01 8f 07 68 f5 9b a6 7b 23 fd fd e9 04 02 80",""
3542,17313,"PACKET","IN",207,45,"PlayerSync","id=207 bytes=45","cf 4b 00 f7 7f e0 bf c2 00 2e 45 eb 30 fc b1 89 91 41 88 20 10 80 00 00 00 01 15 db 80 00 00 b1 13 74 f4 a7 a7 db 23 fd fd e9 04 02 80",""
3543,17340,"PACKET","IN",207,35,"PlayerSync","id=207 bytes=35","cf 49 00 00 00 05 d5 25 b0 dd 8f 09 d1 6c 24 9f 10 80 00 00 00 01 eb 77 c0 00 00 00 00 00 01 28 00 04 11",""
3544,17341,"PACKET","IN",203,34,"AimSync","id=203 bytes=34","cb 49 00 04 27 73 c1 3e 5e 97 64 bf 34 a4 7a be 4f bf 96 c3 23 5c 27 45 61 92 80 42 00 00 00 00 3f 28",""
3545,17341,"PACKET","IN",207,45,"PlayerSync","id=207 bytes=45","cf 4b 00 f7 7f e0 bf c2 00 0c 83 ab 30 f1 f1 c9 91 48 87 20 10 80 00 00 00 03 51 d7 80 00 03 73 63 78 f7 93 a1 6b 27 fd fd e9 04 02 80",""
3546,17341,"PACKET","IN",207,45,"PlayerSync","id=207 bytes=45","cf 54 00 ff ff e0 7f c0 00 0a aa e5 30 e5 59 c9 91 6d e4 1f 90 80 00 00 00 03 96 da c0 00 03 68 3d 8c f9 0b f1 9d f5 a5 85 a5 04 04 80",""
3547,17341,"PACKET","IN",200,38,"VehicleSync","id=200 bytes=38","c8 70 00 27 00 a5 ff 00 00 00 00 7c 30 52 70 81 ce 53 ef 0a 9c 34 03 62 74 52 41 17 e4 20 00 00 00 08 40 1c 00 00",""
3548,17342,"PACKET","IN",207,45,"PlayerSync","id=207 bytes=45","cf 9e 00 f9 7f e0 7f c0 00 00 60 e8 f0 d5 20 09 91 78 c3 1f 50 84 00 00 00 03 49 ce 40 00 00 6b d6 cc f5 94 60 a7 2f fd fd a5 04 04 80",""
3549,17342,"PACKET","IN",207,35,"PlayerSync","id=207 bytes=35","cf 46 00 02 00 3b 0c a5 70 f1 54 09 91 43 ed 5e d0 80 00 00 00 02 f6 a7 c0 00 00 00 00 00 01 a5 04 10 80",""
3550,17342,"PACKET","IN",207,45,"PlayerSync","id=207 bytes=45","cf 4b 00 f7 7f e0 bf c2 00 34 81 2b 30 e6 f2 09 91 52 c6 20 10 80 00 00 00 01 b9 d7 80 00 02 4f ab 6c f6 6b a3 0b 27 fd fd e9 04 02 80",""
3551,17342,"PACKET","IN",207,35,"PlayerSync","id=207 bytes=35","cf 60 00 00 00 25 ca e3 30 e5 e0 49 91 6f df 1e 90 84 00 00 00 00 ae f9 c0 00 00 00 00 00 01 28 00 04 11",""
3552,17366,"PACKET","IN",207,45,"PlayerSync","id=207 bytes=45","cf 63 00 c0 7f e0 3f c2 00 1c cb 23 30 d7 29 09 91 6d cf a0 10 84 00 00 00 00 f1 ef 80 00 02 f0 72 74 f7 fd ff fd fc 00 01 6c 04 04 80",""
3553,17367,"PACKET","IN",200,48,"VehicleSync","id=200 bytes=48","c8 76 00 30 00 00 00 00 00 00 00 35 20 1f 90 89 a7 56 50 6a ac 34 47 12 74 5a 5f b7 a4 22 ef 87 b3 d5 f1 62 5c 8a 98 46 40 3d 00 03 dd ec f4 84",""
3554,17367,"PACKET","IN",207,35,"PlayerSync","id=207 bytes=35","cf 85 00 00 00 2b 0b 62 b0 d7 e8 c9 91 50 59 de 90 84 00 00 00 03 a8 31 80 00 00 00 00 00 01 28 00 04 11",""
3555,17367,"PACKET","IN",207,45,"PlayerSync","id=207 bytes=45","cf 9e 00 fa 7f e0 7f c0 00 19 64 a8 f0 ef 20 49 91 62 83 1f 50 84 00 00 00 01 c5 ca 40 00 00 50 ce d4 f6 d4 62 5f 2f fd fd a5 04 04 80",""
3556,17367,"PACKET","IN",207,45,"PlayerSync","id=207 bytes=45","cf 4b 00 f8 ff e0 7f c2 00 07 7c aa f0 d0 b2 89 91 68 44 20 10 80 00 00 00 01 89 df 80 00 02 2c 4f 64 f6 a3 a2 bf 27 fd fd e9 04 02 80",""
3557,17395,"PACKET","IN",207,35,"PlayerSync","id=207 bytes=35","cf 97 00 00 00 09 a6 25 b0 d5 fd 09 91 6c 24 9f 10 84 00 00 00 00 3b eb e8 00 00 00 00 00 01 28 00 04 11",""
3558,17396,"PACKET","IN",207,45,"PlayerSync","id=207 bytes=45","cf 4b 00 f9 7f e0 7f c2 00 10 b7 ea f0 f7 72 c9 91 40 82 60 10 80 00 00 00 01 e9 df 80 00 03 a3 c7 6c f7 ab a7 7b 1f fd fd e9 04 02 80",""
3559,17396,"PACKET","IN",207,45,"PlayerSync","id=207 bytes=45","cf 9e 00 fb 7f e0 7f c0 00 03 28 a8 f0 cd 20 c9 91 42 c3 1f 50 84 00 00 00 03 b1 c2 40 00 03 ed 06 c4 f6 80 67 57 33 fd fd a5 04 04 80",""
3560,17420,"PACKET","IN",200,44,"VehicleSync","id=200 bytes=44","c8 70 00 27 00 a5 ff 00 00 20 00 76 d0 53 50 7c 8e 48 ee aa 9c 31 a3 72 74 5c 20 97 e4 23 e1 ad f3 c2 1d 26 de 1f 57 38 40 1c 00 00",""
3561,17420,"PACKET","IN",207,45,"PlayerSync","id=207 bytes=45","cf 4b 00 fb 7f e0 7f c2 00 2b f5 6a f0 eb b3 09 91 48 81 60 10 80 00 00 00 02 7d eb 80 00 02 45 8f 78 f6 ab a4 ef 23 fd fd e9 04 02 80",""
3562,17420,"PACKET","IN",207,35,"PlayerSync","id=207 bytes=35","cf 7c 00 00 00 03 66 28 30 f1 c4 49 d1 7b 67 1f 10 84 00 00 00 01 fe 49 80 00 00 00 00 00 01 28 00 04 11",""
3563,17444,"PACKET","IN",200,48,"VehicleSync","id=200 bytes=48","c8 76 00 30 00 37 00 00 00 20 00 34 b0 17 c0 82 07 54 f1 ea ac 36 f7 32 74 51 30 47 b4 2f ef 04 73 da 91 a1 2c e5 f8 46 40 3d 00 02 24 04 f6 84",""
3564,17445,"PACKET","IN",207,45,"PlayerSync","id=207 bytes=45","cf 9e 00 fc 7f e0 7f c0 00 26 6c 28 f0 e6 e1 09 91 5c 82 df 50 84 00 00 00 01 21 be 40 00 03 14 f6 a0 f6 9c 68 bb 3b fd fd a5 04 04 80",""
3565,17445,"PACKET","IN",207,45,"PlayerSync","id=207 bytes=45","cf 4b 00 fd 7f e0 7f c2 00 34 b2 ea f0 de 73 49 91 4e 40 60 10 80 00 00 00 03 11 f7 80 00 02 87 4b 80 f6 8f ad 0b 17 fd fd e9 04 02 80",""
3566,17445,"PACKET","IN",207,45,"PlayerSync","id=207 bytes=45","cf 63 00 c0 7f e0 3f c2 00 1c cb 23 30 d7 29 09 91 51 70 5f 90 84 00 00 00 00 f1 ef 80 00 00 c2 cb 90 f7 fd ff fd fc 00 01 6c 04 04 80",""
3567,17445,"PACKET","IN",207,35,"PlayerSync","id=207 bytes=35","cf 9a 00 00 00 05 5a 28 30 df c8 49 d1 7b 67 1f 10 84 00 00 00 01 79 f3 c0 00 00 00 00 00 01 28 00 04 11",""
3568,17473,"PACKET","IN",207,45,"PlayerSync","id=207 bytes=45","cf 4b 00 fd ff e0 7f c2 00 2a f0 6a f0 cf 73 89 91 64 be 9f d0 80 00 00 00 01 39 fb 80 00 01 e9 57 8c f6 2b b4 d3 0b fd fd e9 04 02 80",""
3569,17474,"PACKET","IN",207,45,"PlayerSync","id=207 bytes=45","cf 9e 00 fd 7f e0 7f c0 00 15 2f a8 f0 fe 21 49 91 6e c2 9f 50 84 00 00 00 02 a5 b6 40 00 03 47 c2 78 f7 1c 6e 7b 3f fd fd a5 04 04 80",""
3570,17474,"PACKET","IN",207,45,"PlayerSync","id=207 bytes=45","cf 4b 00 fe 7f e0 7f c2 00 37 6d aa f0 c3 33 c9 91 4d 7c 9f d0 80 00 00 00 03 75 fb 80 00 02 da 17 c4 f7 6f b6 b7 07 fd fd e9 04 02 80",""
3571,17499,"PACKET","IN",200,44,"VehicleSync","id=200 bytes=44","c8 70 00 27 00 a5 ff 00 00 20 00 74 d0 59 d0 6f 2e 31 fe 0a 9c 39 c3 82 74 57 3f f7 d4 25 48 13 73 d0 4d 41 6e 07 77 68 40 1c 00 00",""
3572,17499,"PACKET","IN",207,35,"PlayerSync","id=207 bytes=35","cf 94 00 00 00 0c fe 66 b0 ef 39 c9 91 7b 67 1f 10 84 00 00 00 02 9a 53 c0 00 00 00 00 00 01 28 00 04 11",""
3573,17500,"PACKET","IN",207,43,"PlayerSync","id=207 bytes=43","cf 4b 00 60 7f c2 00 36 ea ea f0 f7 33 c9 91 6e ba 5f d0 80 00 00 00 00 42 0b 80 00 02 44 a3 d4 f4 c3 b8 83 07 fd fd c8 04 02 80",""
3574,17500,"PACKET","IN",207,45,"PlayerSync","id=207 bytes=45","cf 54 00 ff ff e0 7f c0 00 0f 94 65 30 d6 59 c9 91 72 a9 1f 50 80 00 00 00 03 96 da c0 00 01 2f bd a4 f8 67 e1 f5 f7 3d 4d a5 04 04 80",""
3575,17500,"PACKET","IN",207,45,"PlayerSync","id=207 bytes=45","cf 9e 00 fe 7f e0 7f c0 00 00 b3 68 f0 de 21 c9 91 74 02 5f 50 84 00 00 00 00 1d b2 40 00 01 3d f2 7c f7 a0 70 17 47 fd fd a5 04 04 80",""
3576,17529,"PACKET","IN",200,48,"VehicleSync","id=200 bytes=48","c8 76 00 30 00 00 00 00 00 20 00 30 f0 35 50 7b 07 40 e2 aa ac 39 c7 42 74 59 50 87 b4 2b 72 16 d3 cf f1 e7 7d 3a c8 26 40 3d 00 03 78 0c f6 84",""
3577,17529,"PACKET","IN",207,45,"PlayerSync","id=207 bytes=45","cf 4b 00 80 80 60 7f c2 00 0b 64 aa f0 e8 f4 49 91 7a f5 5f d0 80 00 00 00 01 d2 0b 80 00 00 44 93 ec f7 8b bc aa fb fd fd c8 04 02 80",""
3578,17529,"PACKET","IN",207,45,"PlayerSync","id=207 bytes=45","cf 54 00 ff ff e0 7f c0 00 25 e4 64 f0 f6 59 89 91 56 f6 1e 90 80 00 00 00 03 96 da c0 00 01 b5 bd 64 fb df fd 4d f7 fd fd a5 04 04 80",""
3579,17530,"PACKET","IN",207,45,"PlayerSync","id=207 bytes=45","cf 63 00 c0 7f e0 3f c2 00 0f 4b 23 30 d3 a9 09 91 6a 31 1f 90 84 00 00 00 00 f1 ef 80 00 03 30 8f 3c ef 8d f9 f2 a2 4c 19 6c 04 04 80",""
3580,17530,"PACKET","IN",200,38,"VehicleSync","id=200 bytes=38","c8 92 00 2a 00 00 00 11 00 00 00 20 50 63 10 62 bf 4f 4f db 0c 37 c9 42 94 57 29 f7 d4 20 00 00 00 0c e0 39 00 00",""
3581,17530,"PACKET","IN",203,34,"AimSync","id=203 bytes=34","cb 92 00 12 00 b4 50 3f c8 c8 08 bf ed b3 64 be 7c aa b4 c3 8c e1 29 45 34 e2 86 42 00 00 00 00 3f 37",""
3582,17554,"PACKET","IN",207,45,"PlayerSync","id=207 bytes=45","cf 4b 00 82 80 60 7f c2 00 28 e1 aa f0 db 74 89 91 7a 73 1f d0 80 00 00 00 02 d2 17 80 00 00 35 1f f0 f4 fb c2 0e f7 fd fd c8 04 02 80",""
3583,17555,"PACKET","IN",207,45,"PlayerSync","id=207 bytes=45","cf 9e 00 ff 7f e0 7f c0 00 3c f7 28 f0 c9 62 49 91 68 c2 1f 50 84 00 00 00 01 7d aa 40 00 00 cc 5a bc f4 38 79 a3 4b fd fd a5 04 04 80",""
3584,17555,"PACKET","IN",200,44,"VehicleSync","id=200 bytes=44","c8 70 00 27 00 a5 ff 00 00 20 00 77 60 5b e0 65 5e 20 dc da 9c 33 d3 b2 74 59 5e f7 d4 2a 35 78 33 d6 5d 60 5d e2 37 78 40 1c 00 00",""
3585,17581,"PACKET","IN",207,45,"PlayerSync","id=207 bytes=45","cf 4b 00 83 80 60 7f c2 00 3b 5e aa f0 cb 34 c9 91 7d b0 df d0 80 00 00 00 01 26 1f 80 00 01 00 8f f0 f4 13 c8 a6 eb fd fd c8 04 02 80",""
3586,17582,"PACKET","IN",207,35,"PlayerSync","id=207 bytes=35","cf 1a 00 00 00 37 65 23 70 da 69 09 91 4b 21 de 90 80 00 00 00 00 b3 19 80 00 00 00 00 00 01 28 00 04 11",""
3587,17582,"PACKET","IN",207,45,"PlayerSync","id=207 bytes=45","cf 9e 00 80 80 60 7f c0 00 10 fb 28 f0 f3 62 89 91 55 81 df 50 84 00 00 00 02 39 9a 40 00 01 35 0e f4 f4 f8 7f 2f 4f fd fd a5 04 04 80",""
3588,17582,"PACKET","IN",203,34,"AimSync","id=203 bytes=34","cb 9e 00 04 89 99 3b bf 64 e0 2c 3f cf d7 aa bd 99 a3 a2 c3 dc 64 26 45 57 4c 80 42 00 00 00 00 3f 22",""
3589,17583,"RPC","IN",105,19,"TextDrawSetString","id=105 bytes=19","2f 01 0f 00 30 39 20 41 67 75 73 74 75 73 20 32 30 32 36",""
3590,17583,"RPC","IN",105,12,"TextDrawSetString","id=105 bytes=12","30 01 08 00 31 31 3a 35 36 3a 31 32",""
3591,17597,"PACKET","OUT",203,32,"AimSync","id=203 bytes=32","cb 00 00 00 39 05 00 00 00 00 00 00 00 00 00 00 00 40 01 00 00 00 80 3f 00 00 f3 04 b5 3f 39 05",""
3592,17615,"PACKET","IN",207,45,"PlayerSync","id=207 bytes=45","cf 4b 00 86 00 60 7f c2 00 1a d8 aa f0 eb b5 09 91 5a ac 5f d0 80 00 00 00 01 7e 2f 80 00 03 ea 87 e0 f7 37 ca 62 e3 fd fd c8 04 02 80",""
3593,17615,"PACKET","IN",207,45,"PlayerSync","id=207 bytes=45","cf 54 00 ff ff e0 7f c0 00 0e 98 a4 f0 ee 59 89 91 49 b5 5e 90 80 00 00 00 03 96 da c0 00 01 68 d8 70 fb df fd 4d f7 fd fd a5 04 04 80",""
3594,17616,"PACKET","IN",207,45,"PlayerSync","id=207 bytes=45","cf 63 00 c0 7f e0 3f c2 00 1b 4b 23 30 d7 29 09 91 41 ae 5f 90 84 00 00 00 00 f1 ef 80 00 03 7c df 2c ea fd dd e6 cc 64 2d 6c 04 04 80",""
3595,17616,"PACKET","IN",200,48,"VehicleSync","id=200 bytes=48","c8 76 00 30 00 00 00 00 00 20 00 3d 50 07 80 86 87 4e 92 9a ac 39 f7 42 74 5d 70 67 b4 24 98 5e 53 bd 0e 8c 03 64 d7 a6 40 3d 00 03 40 08 f6 84",""
3596,17617,"PACKET","IN",207,35,"PlayerSync","id=207 bytes=35","cf 1c 00 00 00 2d 02 a6 f0 e0 10 09 d1 7b 67 1f 10 84 00 00 00 00 15 5f 00 00 00 00 00 00 01 28 00 04 11",""
3597,17617,"PACKET","IN",207,45,"PlayerSync","id=207 bytes=45","cf 4b 00 87 00 60 7f c2 00 3a 55 aa f0 d4 b5 49 91 7c 6a 1f d0 80 00 00 00 00 2a 37 80 00 00 f6 33 c4 f7 9f d0 76 d3 fd fd c8 04 02 80",""
3598,17617,"PACKET","IN",207,45,"PlayerSync","id=207 bytes=45","cf 9e 00 81 00 60 7f c0 00 0c 7e e8 f0 e1 e3 09 91 6a 01 5f 50 84 00 00 00 03 b1 92 40 00 03 95 0a e0 f4 20 8b a7 5b fd fd a5 04 04 80",""
3599,17618,"PACKET","IN",207,45,"PlayerSync","id=207 bytes=45","cf 4b 00 87 80 60 7f c2 00 19 52 ea f0 fb f5 49 91 63 e8 1f d0 80 00 00 00 03 aa 37 80 00 01 88 8b c0 f6 cf d5 26 cb fd fd c8 04 02 80",""
3600,17646,"PACKET","IN",200,44,"VehicleSync","id=200 bytes=44","c8 70 00 27 00 a5 ff 00 00 20 00 79 40 53 10 74 be 07 8b 6a 9c 33 53 e2 74 5c 2d c7 d4 29 c5 5a 53 db ed 8c 2d ba 07 68 40 1c 00 00",""
3601,17647,"PACKET","IN",207,45,"PlayerSync","id=207 bytes=45","cf 9e 00 81 80 60 7f c0 00 0d 82 29 30 c4 e3 89 91 42 41 1f 50 84 00 00 00 02 11 8e 40 00 00 1f 72 b8 f4 fc 8c d7 63 fd fd a5 04 04 80",""
3602,17669,"PACKET","IN",207,45,"PlayerSync","id=207 bytes=45","cf 4b 00 8a 00 60 bf c2 00 0a d0 2a f0 e1 75 89 91 5a a6 1f d0 80 00 00 00 00 de 4b 80 00 00 40 c3 a4 f4 73 d9 4a c7 fd fd c8 04 02 80",""
3603,17670,"PACKET","IN",207,45,"PlayerSync","id=207 bytes=45","cf 4b 00 8b 00 60 bf c2 00 37 4d 2a f0 c2 f5 c9 91 5b 24 1f d0 80 00 00 00 03 de 4f 80 00 02 10 8b 9c f4 13 e1 ee b3 fd fd c8 04 02 80",""
3604,17670,"PACKET","IN",207,45,"PlayerSync","id=207 bytes=45","cf 54 00 ff ff e0 7f c0 00 21 cf 64 f0 e8 19 89 91 6a b4 9e 90 80 00 00 00 03 96 da c0 00 02 9e c2 10 f7 df fd 4d f7 fd fd a5 04 04 80",""
3605,17670,"PACKET","IN",207,45,"PlayerSync","id=207 bytes=45","cf 63 00 c0 7f e0 3f c2 00 1b 8b 23 30 d7 29 09 91 5e ed 5f 90 84 00 00 00 00 f1 ef 80 00 01 c6 a7 0c ea 45 46 ba 61 30 2d 6c 04 04 80",""
3606,17670,"PACKET","IN",203,34,"AimSync","id=203 bytes=34","cb 63 00 04 b6 43 24 bf c4 26 1b bf 01 ad f0 be 27 91 8b c3 b1 b6 26 45 fe 54 82 42 00 00 00 00 3f 55",""
3607,17670,"PACKET","IN",200,48,"VehicleSync","id=200 bytes=48","c8 76 00 30 00 00 00 00 00 20 00 74 20 03 b0 96 47 44 52 4a ac 31 e7 42 74 51 a0 57 b4 2f 2d 0b 13 cd 6e 73 23 59 77 d6 40 3d 00 03 64 04 f6 84",""
3608,17671,"PACKET","IN",207,35,"PlayerSync","id=207 bytes=35","cf 7e 00 00 00 11 42 a6 f0 c0 4b 89 d1 7b 67 1f 10 84 00 00 00 00 c6 1b 94 00 00 00 00 00 01 28 00 04 11",""
3609,17694,"PACKET","IN",207,35,"PlayerSync","id=207 bytes=35","cf 3d 00 00 00 39 94 e5 b0 e4 03 c9 d1 6c 24 9f 10 80 00 00 00 02 af cd c0 00 00 00 00 00 01 a5 04 e8 80",""
3610,17694,"PACKET","IN",207,45,"PlayerSync","id=207 bytes=45","cf 4b 00 8b 80 60 ff c2 00 3e 8a 6a f0 e1 b5 c9 91 74 22 1f d0 80 00 00 00 00 62 57 80 00 01 2d 03 74 f6 fb e1 e2 ab fd fd c8 04 02 80",""
3611,17695,"PACKET","IN",207,45,"PlayerSync","id=207 bytes=45","cf 4b 00 8b 80 60 ff c2 00 02 07 ea f0 ff 75 c9 91 4e 20 5f d0 80 00 00 00 01 46 57 80 00 01 2e b7 74 f4 cb e4 a6 a7 fd fd c8 04 02 80",""
3612,17721,"PACKET","IN",207,35,"PlayerSync","id=207 bytes=35","cf 1f 00 00 00 20 66 e8 30 c3 bc c9 91 7b 67 1f 10 84 00 00 00 00 97 53 00 00 00 00 00 00 01 28 00 04 11",""
3613,17721,"PACKET","IN",207,35,"PlayerSync","id=207 bytes=35","cf 0b 00 00 00 1a fc 26 b0 c0 43 09 d1 7b 67 1f 10 84 00 00 00 03 32 4b c0 00 00 00 00 00 01 28 00 04 11",""
3614,17722,"PACKET","IN",207,45,"PlayerSync","id=207 bytes=45","cf 4b 00 8e 00 61 3f c2 00 3e 84 ea f0 dd 36 09 91 64 9e 5f d0 80 00 00 00 02 e2 67 80 00 01 86 9b 7c f5 23 e7 9a a3 fd fd c8 04 02 80",""
3615,17722,"PACKET","IN",207,45,"PlayerSync","id=207 bytes=45","cf 9e 00 82 80 60 7f c0 00 32 48 e9 30 dc a4 49 91 50 00 1f 50 84 00 00 00 03 6d 82 40 00 03 f2 e6 9c f6 a0 92 af 67 fd fd a5 04 04 80",""
3616,17744,"PACKET","IN",207,45,"PlayerSync","id=207 bytes=45","cf 4b 00 8e 00 61 3f c2 00 2c 02 2a f0 f7 76 09 91 7f 1c 5f d0 80 00 00 00 00 1e 6b 80 00 03 e5 87 84 f7 af ea c2 8f fd fd c8 04 02 80",""
3617,17744,"PACKET","IN",200,48,"VehicleSync","id=200 bytes=48","c8 76 00 30 00 00 00 00 00 00 00 30 00 05 50 97 67 4a 01 6a ac 3e 37 22 74 5b 10 17 b4 28 d8 d1 13 d6 8e 7a a3 41 87 c6 40 3d 00 02 37 fe f4 84",""
3618,17771,"PACKET","IN",207,45,"PlayerSync","id=207 bytes=45","cf 4b 00 8e 00 61 3f c2 00 33 fe aa b0 d7 76 49 91 6b 1a 1f d0 80 00 00 00 01 82 6b 80 00 03 38 fb a4 f4 1b ed 4a 8f fd fd c8 04 02 80",""
3619,17771,"PACKET","IN",207,35,"PlayerSync","id=207 bytes=35","cf 4d 00 00 00 02 00 23 30 e6 e4 09 91 70 1e 9e 90 84 00 00 00 03 da d0 80 00 00 00 00 00 01 28 00 04 11",""
3620,17771,"PACKET","IN",200,44,"VehicleSync","id=200 bytes=44","c8 70 00 27 00 a5 ff 00 00 20 00 74 c0 56 a0 70 4d dd 09 2a 9c 39 44 22 74 5d 8b e7 d4 25 b5 5c d3 db 5d cb ed 79 67 68 40 1c 00 00",""
3621,17772,"PACKET","IN",207,45,"PlayerSync","id=207 bytes=45","cf 4b 00 8e 00 61 3f c2 00 2d 7b aa b0 f2 f6 49 91 64 d8 1f d0 80 00 00 00 03 7e 6b 80 00 00 60 3f bc f4 97 ef 9a 8b fd fd c8 04 02 80",""
3622,17772,"PACKET","IN",207,45,"PlayerSync","id=207 bytes=45","cf 54 00 ff ff e0 7f c0 00 18 08 e4 f0 e3 99 89 91 79 b4 1e 90 80 00 00 00 03 96 da c0 00 01 24 d1 30 f3 df fd 4d f7 fd fd a5 04 04 80",""
3623,17772,"PACKET","IN",207,45,"PlayerSync","id=207 bytes=45","cf 63 00 c0 7f e0 3f c2 00 1b 8b 23 30 d7 29 09 91 5e ed 5f 90 84 00 00 00 03 4e 6b 80 00 02 0e 67 60 ea 39 46 b2 61 34 2d a5 04 08 80",""
3624,17772,"PACKET","IN",200,44,"VehicleSync","id=200 bytes=44","c8 70 00 27 00 a5 ff 00 00 20 00 7c b0 47 b0 7c fd 9f 97 0a 9c 36 14 62 74 5e ba 47 d4 2d dd ee b3 d4 be 0d 7d 30 07 78 40 1c 00 00",""
3625,17792,"PACKET","IN",207,45,"PlayerSync","id=207 bytes=45","cf 54 00 ff ff e0 7f c2 00 02 83 24 f0 df 99 89 91 67 f3 de 90 80 00 00 00 01 0a da c0 00 02 f7 f7 d4 f7 df fd 4d f7 fd fd a5 04 04 80",""
3626,17793,"PACKET","IN",207,45,"PlayerSync","id=207 bytes=45","cf 9e 00 82 80 60 7f c0 00 37 0f 69 30 f1 a5 09 91 49 ff 1f 10 84 00 00 00 01 89 82 40 00 00 6d 8a c0 f6 28 9a 2f 6f fd fd a5 04 04 80",""
3627,17793,"PACKET","IN",207,45,"PlayerSync","id=207 bytes=45","cf 4b 00 8e 80 61 3f c2 00 0d 78 aa b0 ce b6 89 91 4f d6 1f d0 80 00 00 00 00 6e 73 80 00 03 d3 33 e0 f5 43 ed 36 8b fd fd c8 04 02 80",""
3628,17822,"PACKET","IN",207,45,"PlayerSync","id=207 bytes=45","cf 4b 00 8e 80 61 3f c2 00 1f b5 6a b0 e9 b6 89 91 75 d3 df d0 80 00 00 00 02 62 73 80 00 01 77 fb ec f6 e3 ef 32 83 fd fd c8 04 02 80",""
3629,17822,"PACKET","IN",207,35,"PlayerSync","id=207 bytes=35","cf 29 00 00 00 2e 09 a5 b0 d1 c9 c9 d1 6c 24 9f 10 80 00 00 00 01 7d 63 c0 00 00 00 00 00 01 28 00 04 11",""
3630,17823,"PACKET","IN",207,45,"PlayerSync","id=207 bytes=45","cf 4b 00 8e 80 61 3f c2 00 20 f2 2a b0 c4 b6 c9 91 52 91 df d0 80 00 00 00 00 72 77 80 00 02 fe 5c 00 fb 83 ec d2 83 fd fd c8 04 02 80",""
3631,17823,"PACKET","IN",200,48,"VehicleSync","id=200 bytes=48","c8 76 00 30 00 00 00 00 00 00 00 7b d0 0b a0 97 07 4a b0 8a ac 39 e7 12 74 55 6f c7 a4 24 4a cf b3 c4 6e 78 c3 40 b7 b6 40 3d 00 03 df f2 f4 84",""
3632,17823,"PACKET","OUT",207,69,"PlayerSync","id=207 bytes=69","cf 00 00 00 00 00 00 22 90 8d c3 0a 85 26 45 6a 86 7a 42 f5 21 4f 3f 00 00 00 00 00 00 00 00 89 70 16 3f 64 00 00 00 00 00 00 00 00 00 00 00 00 00 00 00 00 00 00 00 00 00 00 00 00 00 00 00 00 00 a5 04 e8 80",""
3633,17844,"RPC","IN",99,42,"MoveObject","id=99 bytes=42","a1 00 f8 e3 a1 c3 d7 9b 26 45 ed 5e 7b 42 f8 e3 a1 c3 d7 9b 26 45 53 c5 7d 42 00 00 80 3e 00 00 00 00 00 00 00 00 08 cc 84 43",""
3634,17844,"RPC","IN",122,2,"StopObject","id=122 bytes=2","a1 00",""
3635,17844,"RPC","IN",99,42,"MoveObject","id=99 bytes=42","a1 00 f8 e3 a1 c3 d7 9b 26 45 ed 5e 7b 42 f8 e3 a1 c3 d7 9b 26 45 ed 5e 7b 42 00 00 80 3e 00 00 00 00 00 00 00 00 08 cc 84 43",""
3636,17844,"RPC","IN",122,2,"StopObject","id=122 bytes=2","a1 00",""
3637,17844,"RPC","IN",99,42,"MoveObject","id=99 bytes=42","a1 00 f8 e3 a1 c3 d7 9b 26 45 ed 5e 7b 42 f8 e3 a1 c3 d7 9b 26 45 53 c5 7d 42 00 00 80 3e 00 00 00 00 00 00 00 00 08 cc 84 43",""
3638,17844,"RPC","IN",122,2,"StopObject","id=122 bytes=2","a1 00",""
3639,17844,"RPC","IN",99,42,"MoveObject","id=99 bytes=42","a1 00 f8 e3 a1 c3 d7 9b 26 45 ed 5e 7b 42 f8 e3 a1 c3 d7 9b 26 45 ed 5e 7b 42 00 00 80 3e 00 00 00 00 00 00 00 00 08 cc 84 43",""
3640,17845,"RPC","IN",122,2,"StopObject","id=122 bytes=2","a1 00",""
3641,17845,"RPC","IN",99,42,"MoveObject","id=99 bytes=42","a1 00 f8 e3 a1 c3 d7 9b 26 45 ed 5e 7b 42 f8 e3 a1 c3 d7 9b 26 45 53 c5 7d 42 00 00 80 3e 00 00 00 00 00 00 00 00 08 cc 84 43",""
3642,17845,"RPC","IN",122,2,"StopObject","id=122 bytes=2","a1 00",""
3643,17845,"RPC","IN",99,42,"MoveObject","id=99 bytes=42","a1 00 f8 e3 a1 c3 d7 9b 26 45 ed 5e 7b 42 f8 e3 a1 c3 d7 9b 26 45 ed 5e 7b 42 00 00 80 3e 00 00 00 00 00 00 00 00 08 cc 84 43",""
3644,17845,"RPC","IN",122,2,"StopObject","id=122 bytes=2","a1 00",""
3645,17845,"RPC","IN",99,42,"MoveObject","id=99 bytes=42","a1 00 f8 e3 a1 c3 d7 9b 26 45 ed 5e 7b 42 f8 e3 a1 c3 d7 9b 26 45 53 c5 7d 42 00 00 80 3e 00 00 00 00 00 00 00 00 08 cc 84 43",""
3646,17845,"RPC","IN",122,2,"StopObject","id=122 bytes=2","a1 00",""
3647,17845,"RPC","IN",99,42,"MoveObject","id=99 bytes=42","a1 00 f8 e3 a1 c3 d7 9b 26 45 ed 5e 7b 42 f8 e3 a1 c3 d7 9b 26 45 ed 5e 7b 42 00 00 80 3e 00 00 00 00 00 00 00 00 08 cc 84 43",""
3648,17846,"RPC","IN",122,2,"StopObject","id=122 bytes=2","a1 00",""
3649,17846,"RPC","IN",99,42,"MoveObject","id=99 bytes=42","a1 00 f8 e3 a1 c3 d7 9b 26 45 ed 5e 7b 42 f8 e3 a1 c3 d7 9b 26 45 53 c5 7d 42 00 00 80 3e 00 00 00 00 00 00 00 00 08 cc 84 43",""
3650,17846,"RPC","IN",122,2,"StopObject","id=122 bytes=2","a1 00",""
3651,17846,"RPC","IN",99,42,"MoveObject","id=99 bytes=42","a1 00 f8 e3 a1 c3 d7 9b 26 45 ed 5e 7b 42 f8 e3 a1 c3 d7 9b 26 45 ed 5e 7b 42 00 00 80 3e 00 00 00 00 00 00 00 00 08 cc 84 43",""
3652,17846,"RPC","IN",122,2,"StopObject","id=122 bytes=2","a1 00",""
3653,17846,"RPC","IN",99,42,"MoveObject","id=99 bytes=42","a1 00 f8 e3 a1 c3 d7 9b 26 45 ed 5e 7b 42 f8 e3 a1 c3 d7 9b 26 45 53 c5 7d 42 00 00 80 3e 00 00 00 00 00 00 00 00 08 cc 84 43",""
3654,17846,"PACKET","IN",207,45,"PlayerSync","id=207 bytes=45","cf 4b 00 8f 00 61 3f c2 00 1f 6e ea b0 df 36 c9 91 6f 8f 9f d0 80 00 00 00 01 b2 7b 80 00 01 26 60 00 f8 2b f2 4a 7f fd fd c8 04 02 80",""
3655,17846,"PACKET","IN",207,35,"PlayerSync","id=207 bytes=35","cf 53 00 00 00 13 94 e5 b0 ea cc 49 d1 6c e4 9f 10 80 00 00 00 03 52 2a c0 00 00 00 00 00 01 a5 04 04 80",""
3656,17847,"PACKET","IN",207,45,"PlayerSync","id=207 bytes=45","cf 54 00 ff ff e0 7f c2 00 0e b5 a4 b0 d9 d9 89 91 64 33 5e 90 80 00 00 00 01 0a da c0 00 01 d0 cb f4 f7 ef fc ed fb fd fd a5 04 04 80",""
3657,17872,"PACKET","IN",207,45,"PlayerSync","id=207 bytes=45","cf 4b 00 8f 00 61 3f c2 00 35 aa ea b0 fd 76 c9 91 63 cd 1f d0 80 00 00 00 03 f6 7b 80 00 01 ba 64 00 f9 c3 f3 d2 77 fd fd c8 04 02 80",""
3658,17873,"PACKET","IN",207,45,"PlayerSync","id=207 bytes=45","cf 63 00 c0 7f e0 3f c2 00 1b 8b 23 30 d7 29 09 91 5e ed 5f 90 84 00 00 00 03 53 2b 80 00 01 41 82 c4 ea c9 df 26 cb 34 29 a5 04 08 80",""
3659,17873,"PACKET","IN",200,44,"VehicleSync","id=200 bytes=44","c8 70 00 27 00 a5 ff 00 00 20 00 70 e0 4d 10 7b 4d 4e 43 ca 9c 38 f4 b2 74 50 a7 f7 d4 2f a8 80 83 e5 ae 64 dc cc 77 68 40 1c 00 00",""
3660,17873,"PACKET","IN",203,34,"AimSync","id=203 bytes=34","cb 70 00 12 01 62 fb 3d 8c b7 7c 3f 98 08 d1 bd 73 d8 a9 c3 71 b9 26 45 c4 c2 84 42 00 00 00 00 3f c6",""
3661,17873,"PACKET","IN",207,45,"PlayerSync","id=207 bytes=45","cf 4b 00 8f 00 61 3f c2 00 3d 67 aa b0 d5 b7 09 91 4d cb 1f d0 80 00 00 00 02 f2 7f 80 00 03 0a bf f4 f6 6f f1 02 77 fd fd c8 04 02 80",""
3662,17874,"PACKET","IN",207,35,"PlayerSync","id=207 bytes=35","cf 60 00 00 00 25 ca e3 30 e5 e0 49 91 6f df 1e 90 84 00 00 00 00 ae f9 c0 00 00 00 00 00 01 28 00 04 11",""
3663,17874,"PACKET","IN",207,35,"PlayerSync","id=207 bytes=35","cf 85 00 00 00 2b 0b 62 b0 d7 e8 c9 91 50 59 de 90 84 00 00 00 03 a8 31 80 00 00 00 00 00 01 28 00 04 11",""
3664,17874,"PACKET","IN",203,34,"AimSync","id=203 bytes=34","cb 85 00 04 45 97 95 bd 2c 65 77 3f 51 69 7c be 8c 19 8a c3 14 82 26 45 29 ed 7e 42 00 00 00 00 3f c6",""
3665,17874,"PACKET","IN",207,35,"PlayerSync","id=207 bytes=35","cf 97 00 00 00 09 a6 25 b0 d5 fd 09 91 6c 24 9f 10 84 00 00 00 00 3b eb e8 00 00 00 00 00 01 28 00 04 11",""
3666,17896,"PACKET","IN",207,45,"PlayerSync","id=207 bytes=45","cf 9e 00 83 80 60 7f c0 00 23 d8 a9 30 e2 66 49 91 46 3d 9f 10 84 00 00 00 03 a1 72 40 00 02 46 fe bc f6 8c 9e 6b 73 fd fd a5 04 04 80",""
3667,17928,"PACKET","IN",207,45,"PlayerSync","id=207 bytes=45","cf 4b 00 8f 80 61 3f c2 00 03 9f 6a b0 d0 b7 49 91 60 85 9f d0 80 00 00 00 03 5e 87 80 00 00 2a 1b d0 f4 d3 f6 52 6b fd fd c8 04 02 80",""
3668,17928,"PACKET","IN",203,34,"AimSync","id=203 bytes=34","cb 4b 00 04 4f 5c 63 3f a7 f8 d9 3e 97 53 31 be 40 23 ac c3 e9 c4 26 45 23 fb 81 42 00 00 00 00 3f 36",""
3669,17928,"PACKET","IN",200,48,"VehicleSync","id=200 bytes=48","c8 76 00 30 00 00 00 00 00 00 00 7e 10 0b 30 96 a7 4e cf ea 9c 3b a7 02 74 59 cf 87 a4 28 64 1d c3 c2 ee 76 83 43 b7 b6 40 3d 00 02 f9 ec f4 84",""
3670,17928,"PACKET","IN",207,35,"PlayerSync","id=207 bytes=35","cf 46 00 02 00 3b 0c a5 70 f1 54 09 91 43 ed 5e d0 80 00 00 00 02 f6 a7 c0 00 00 00 00 00 01 a5 04 10 80",""
3671,17929,"PACKET","IN",207,45,"PlayerSync","id=207 bytes=45","cf 63 00 c0 7f e0 3f c2 00 1b 8b 23 30 d7 29 09 91 5e ed 5f 90 84 00 00 00 00 13 b3 80 00 02 eb 40 3c ee 95 95 aa 90 9c 21 a5 04 08 80",""
3672,17929,"PACKET","IN",207,45,"PlayerSync","id=207 bytes=45","cf 9e 00 84 00 60 7f c0 00 0c 9b e9 30 d0 66 c9 91 6e 3c df 10 84 00 00 00 02 11 6e 40 00 01 82 4a f0 f5 b4 a5 1f 7b fd fd a5 04 04 80",""
3673,17949,"PACKET","IN",207,45,"PlayerSync","id=207 bytes=45","cf 4b 00 8f 80 61 3f c2 00 2f 1c 2a b0 e4 f7 49 91 6c 03 9f d0 80 00 00 00 03 d2 8b 80 00 01 10 af c4 f5 93 f6 ba 67 fd fd c8 04 02 80",""
3674,17950,"PACKET","IN",207,45,"PlayerSync","id=207 bytes=45","cf 54 00 ff ff e0 7f c2 00 33 e5 24 b0 d2 99 89 91 44 32 de 90 80 00 00 00 01 0a da c0 00 00 0b af ac f7 ef fc ed fb fd fd a5 04 04 80",""
3675,17950,"PACKET","IN",203,34,"AimSync","id=203 bytes=34","cb 54 00 04 40 b4 7c 3f e4 37 af bc f5 50 22 be 81 e6 93 c3 32 67 26 45 21 df 7e 42 00 00 00 00 3f 36",""
3676,17950,"PACKET","IN",200,44,"VehicleSync","id=200 bytes=44","c8 70 00 27 00 a5 ff 00 00 20 00 76 f0 35 20 8c 2c ed 00 0a 9c 3a 65 02 74 56 a5 47 d4 2c 0d 91 a3 ee 0e b4 0c 4a 87 68 40 1c 00 00",""
3677,17950,"PACKET","IN",207,35,"PlayerSync","id=207 bytes=35","cf 46 00 03 00 3b 0c a5 70 f1 54 09 91 43 ed 5e d0 80 00 00 00 02 f6 a7 c0 00 00 00 00 00 01 70 04 08 80",""
3678,17950,"PACKET","IN",207,45,"PlayerSync","id=207 bytes=45","cf 4b 00 90 00 61 7f c2 00 26 19 2a b0 f7 b7 49 91 43 01 df d0 80 00 00 00 02 56 93 80 00 01 23 97 b0 f6 b3 f5 12 63 fd fd c8 04 02 80",""
3679,17978,"PACKET","IN",207,45,"PlayerSync","id=207 bytes=45","cf 4b 00 90 00 61 7f c2 00 2d 95 ea b0 c9 f7 89 91 41 bf df 90 80 00 00 00 01 12 97 80 00 03 6b ab a8 f4 3f f8 be 5b fd fd c8 04 02 80",""
3680,17978,"PACKET","IN",200,48,"VehicleSync","id=200 bytes=48","c8 76 00 30 00 00 00 00 00 00 00 7d 60 08 f0 96 37 4b 7f 4a 9c 3c a6 f2 74 50 bf 57 a4 2d 1e 6b 43 c2 ee 76 33 48 57 b6 40 3d 00 02 8d e6 f4 84",""
3681,17978,"PACKET","IN",203,34,"AimSync","id=203 bytes=34","cb 76 00 12 4a 04 19 bf 3a 1f 4b 3f 89 0f eb bd c3 03 a9 c3 d0 47 27 45 cb d0 7e 42 00 00 00 00 3f ff",""
3682,17979,"PACKET","IN",207,35,"PlayerSync","id=207 bytes=35","cf 7c 00 00 00 03 66 28 30 f1 c4 49 d1 7b 67 1f 10 84 00 00 00 01 fe 49 80 00 00 00 00 00 01 28 00 04 11",""
3683,17979,"PACKET","IN",207,35,"PlayerSync","id=207 bytes=35","cf 9a 00 00 00 05 5a 28 30 df c8 49 d1 7b 67 1f 10 84 00 00 00 01 79 f3 c0 00 00 00 00 00 01 28 00 04 11",""
3684,17998,"PACKET","IN",207,45,"PlayerSync","id=207 bytes=45","cf 4b 00 90 00 61 7f c0 00 12 11 ea b0 e0 37 89 91 76 bd 1f 90 80 00 00 00 03 fe 97 80 00 03 fb b7 98 f4 d7 f9 36 57 fd fd c8 04 02 80",""
3685,17999,"RPC","IN",87,2,"ClearPlayerAnimation","id=87 bytes=2","7e 00",""
3686,17999,"RPC","IN",86,29,"ApplyPlayerAnimation","id=86 bytes=29","7e 00 05 43 41 52 52 59 0b 63 72 72 79 5f 70 72 74 69 61 6c 33 33 83 40 00 00 00 00 00",""
3687,17999,"RPC","IN",113,59,"SetPlayerAttachedObject","id=113 bytes=59","46 00 09 00 00 00 99 84 80 00 03 00 00 00 00 00 00 00 00 00 00 00 00 00 00 00 00 00 00 00 00 00 00 00 00 00 00 00 00 00 40 1f 80 00 40 1f 80 00 40 1f 80 00 00 00 00 00 00 00 00",""
3688,18000,"RPC","IN",86,27,"ApplyPlayerAnimation","id=86 bytes=27","46 00 04 46 4f 4f 44 0a 45 41 54 5f 42 75 72 67 65 72 00 00 40 40 70 10 00 00 00",""
3689,18000,"RPC","IN",59,56,"ChatBubble","id=59 bytes=56","46 00 aa ff bb ff 00 00 f0 41 88 13 00 00 29 2a 20 4d 65 6e 67 61 6d 62 69 6c 20 52 6f 74 69 20 4a 61 6c 61 20 64 61 6e 20 6d 65 6e 67 6f 6e 73 75 6d 73 69 6e 79 61 2e",""
3690,18000,"PACKET","IN",200,44,"VehicleSync","id=200 bytes=44","c8 70 00 27 00 a4 ff 00 00 00 00 71 40 3d 70 8a 0c 8d bc 4a 8c 3e 85 42 74 5e 82 c7 d4 2b d8 a1 d3 ef 4f 08 5b bf 67 68 40 1c 00 00",""
3691,18027,"PACKET","IN",207,41,"PlayerSync","id=207 bytes=41","cf 46 00 03 00 30 ca a5 70 f9 54 09 91 5a 6d 5e d0 80 00 00 00 02 f6 a7 c0 00 02 8f 63 38 f0 3f fd ce 3f fd fd 70 04 08 80",""
3692,18027,"PACKET","IN",207,45,"PlayerSync","id=207 bytes=45","cf 4b 00 90 00 61 7f c0 00 16 ce aa b0 f0 f7 89 91 78 fb 1f 90 80 00 00 00 03 e2 9b 80 00 02 4b bf 98 f5 77 f9 6e 53 fd fd c8 04 02 80",""
3693,18028,"PACKET","IN",207,45,"PlayerSync","id=207 bytes=45","cf 63 00 c0 7f e0 3f c2 00 1b 8b 23 30 d7 29 09 91 5e ed 5f 90 84 00 00 00 03 87 fb 80 00 01 b1 ef 0c ea d1 df 26 cb 34 29 a5 04 08 80",""
3694,18028,"PACKET","IN",207,45,"PlayerSync","id=207 bytes=45","cf 9e 00 84 00 60 7f c0 00 26 64 e9 30 d7 68 09 91 51 fb 1f 10 84 00 00 00 01 0d 6a 40 00 00 a3 e6 cc f4 fc af af 7f fd fd a5 04 04 80",""
3695,18028,"PACKET","IN",207,45,"PlayerSync","id=207 bytes=45","cf 54 00 ff ff e0 7f c2 00 11 d6 64 b0 cb d9 89 91 72 b2 1e 90 80 00 00 00 01 0a da c0 00 01 ad ef 84 f7 ef fc ed fb fd fd a5 04 04 80",""
3696,18054,"PACKET","IN",207,45,"PlayerSync","id=207 bytes=45","cf 4b 00 90 00 61 7f c0 00 1f 0a ea b0 c2 f7 c9 91 73 38 df 90 80 00 00 00 02 ee 9f 80 00 01 77 c7 98 f6 43 f8 5e 4f fd fd c8 04 02 80",""
3697,18054,"PACKET","IN",207,41,"PlayerSync","id=207 bytes=41","cf 46 00 02 00 17 89 e5 70 fc 94 09 91 63 6d 5e d0 80 00 00 00 02 f6 a7 c0 00 02 71 73 b0 f0 3f fd ce 3f fd fd 70 04 08 80",""
3698,18055,"PACKET","IN",207,45,"PlayerSync","id=207 bytes=45","cf 4b 00 90 00 61 7f c0 00 21 c4 ea b0 dd 77 c9 91 52 b5 5f 90 80 00 00 00 01 4e a7 80 00 03 cc b3 a0 f7 7f fb b2 43 fd fd c8 04 02 80",""
3699,18078,"PACKET","IN",200,48,"VehicleSync","id=200 bytes=48","c8 76 00 30 00 00 00 00 00 00 00 7d a0 08 80 95 97 48 be ca 9c 30 b6 f2 74 53 0f 27 a4 28 98 b8 d3 c4 8e 78 83 46 c7 b6 40 3d 00 03 3f e0 f4 84",""
3700,18078,"PACKET","IN",200,44,"VehicleSync","id=200 bytes=44","c8 70 00 27 00 a4 ff 00 00 00 00 73 30 38 40 9d 2c 1f a8 3a 8c 37 d5 82 74 54 30 47 d4 20 8c 31 13 eb bf 86 6a 96 37 68 40 1c 00 00",""
3701,18079,"PACKET","IN",200,38,"VehicleSync","id=200 bytes=38","c8 92 00 2a 00 00 00 11 00 00 00 20 50 63 10 62 bf 4f 4f db 0c 37 c9 42 94 57 29 f7 d4 20 00 00 00 0c e0 39 00 00",""
3702,18079,"PACKET","IN",203,34,"AimSync","id=203 bytes=34","cb 92 00 12 00 b4 50 3f c8 c8 08 bf ed b3 64 be 7c aa b4 c3 8c e1 29 45 34 e2 86 42 00 00 00 00 3f 37",""
3703,18100,"PACKET","IN",207,45,"PlayerSync","id=207 bytes=45","cf 4b 00 90 00 61 7f c0 00 35 41 aa b0 ea 37 c9 91 6a f3 5f 90 80 00 00 00 00 0e ab 80 00 02 19 4b d4 f7 fb fb fe 3f fd fd c8 04 02 80",""
3704,18101,"PACKET","IN",207,45,"PlayerSync","id=207 bytes=45","cf 54 00 ff ff e0 7f c2 00 18 ca 24 b0 c6 99 89 91 7b 31 9e 90 80 00 00 00 01 0a da c0 00 03 06 ab e4 f7 ef fc ed fb fd fd a5 04 04 80",""
3705,18101,"PACKET","IN",207,45,"PlayerSync","id=207 bytes=45","cf 9e 00 84 80 60 7f c0 00 3d ad 29 30 c9 29 49 91 46 f9 5f 10 84 00 00 00 01 4d 62 40 00 03 98 ae d4 f4 18 b2 67 83 fd fd a5 04 04 80",""
3706,18101,"PACKET","OUT",205,9,"UNKNOWN_PACKET","id=205 bytes=9","cd b8 4a 04 00 00 00 00 00",""
3707,18123,"PACKET","OUT",203,32,"AimSync","id=203 bytes=32","cb 00 00 00 39 05 00 00 00 00 00 00 00 00 00 00 00 40 01 00 00 00 80 3f 00 00 f3 04 b5 3f 39 05",""
3708,18129,"PACKET","IN",207,35,"PlayerSync","id=207 bytes=35","cf 1a 00 00 00 37 65 23 70 da 69 09 91 4b 21 de 90 80 00 00 00 00 b3 19 80 00 00 00 00 00 01 28 00 04 11",""
3709,18129,"PACKET","IN",207,45,"PlayerSync","id=207 bytes=45","cf 4b 00 90 00 61 7f c0 00 3c 7a aa 70 c3 b8 09 91 44 6f 5f 90 80 00 00 00 02 06 af 80 00 01 ad 47 ec f4 d7 fc ba 3b fd fd c8 04 02 80",""
3710,18129,"RPC","IN",86,27,"ApplyPlayerAnimation","id=86 bytes=27","3d 00 07 42 44 5f 46 49 52 45 07 77 61 73 68 5f 75 70 33 33 83 40 80 00 00 00 00",""
3711,18129,"PACKET","IN",207,41,"PlayerSync","id=207 bytes=41","cf 46 00 02 00 10 03 e5 70 d4 14 49 91 62 6b de d0 80 00 00 00 02 f6 a7 c0 00 03 73 c1 b4 f4 6f f9 56 3d 79 c1 70 04 08 80",""
3712,18130,"PACKET","IN",207,45,"PlayerSync","id=207 bytes=45","cf 63 00 c0 7f e0 3f c2 00 1b 8b 23 30 d7 29 09 91 5e ed 5f 90 80 00 00 00 03 db e7 80 00 00 cc 03 10 ea 45 46 ba 61 30 2d a5 04 08 80",""
3713,18150,"PACKET","IN",207,35,"PlayerSync","id=207 bytes=35","cf 1c 00 00 00 2d 02 a6 f0 e0 10 09 d1 7b 67 1f 10 84 00 00 00 00 15 5f 00 00 00 00 00 00 01 28 00 04 11",""
3714,18150,"PACKET","IN",207,45,"PlayerSync","id=207 bytes=45","cf 4b 00 90 00 61 7f c0 00 19 b7 2a 70 cf b8 09 91 5e ed 1f 90 80 00 00 00 01 56 b3 80 00 01 c2 e3 ec f5 4b fc 62 37 fd fd c8 04 02 80",""
3715,18151,"PACKET","IN",207,45,"PlayerSync","id=207 bytes=45","cf 9e 00 85 00 60 7f c0 00 3c 70 29 30 f9 e9 89 91 57 38 9f 10 84 00 00 00 03 b1 5a 40 00 03 a1 6a c0 f4 60 b6 17 87 fd fd a5 04 04 80",""
3716,18151,"PACKET","IN",200,48,"VehicleSync","id=200 bytes=48","c8 76 00 30 00 00 00 00 00 00 00 7d 70 09 10 94 f7 46 9e 6a 9c 37 b6 e2 74 5f 9e f7 a4 2e f6 34 c3 c5 ce 7a 63 44 e7 b6 40 3d 00 02 7b dc f4 84",""
3717,18177,"PACKET","IN",207,41,"PlayerSync","id=207 bytes=41","cf 46 00 00 00 06 81 25 70 de d4 49 91 60 64 5e d0 80 00 00 00 02 f6 a7 c0 00 02 0b 7d e0 f6 07 e2 9e 39 ad 5d 18 02 03 2e",""
3718,18177,"PACKET","IN",207,35,"PlayerSync","id=207 bytes=35","cf 51 00 00 00 30 e3 68 30 f6 0c 09 d1 7b 67 1f 10 84 00 00 00 02 e7 67 c0 00 00 00 00 00 01 28 00 04 11",""
3719,18177,"PACKET","IN",203,34,"AimSync","id=203 bytes=34","cb 51 00 04 1e 5a 5e bf 88 04 de be b9 af 75 be e9 18 9f c3 1d 48 27 45 a5 1d 81 42 00 00 00 00 3f 55",""
3720,18178,"PACKET","IN",207,45,"PlayerSync","id=207 bytes=45","cf 54 00 ff ff e0 7f c2 00 30 7b a4 70 c0 19 89 91 6e 31 1e 90 80 00 00 00 01 0a da c0 00 01 49 90 00 fb ef fc ed fb fd fd a5 04 04 80",""
3721,18178,"PACKET","IN",200,44,"VehicleSync","id=200 bytes=44","c8 70 00 27 00 00 00 00 00 00 00 7a 80 31 30 99 cb b0 b3 fa 8c 3e 65 a2 74 5e 0d a7 c4 2b b0 50 d3 e6 6f ce 69 c8 47 78 40 1c 00 00",""
3722,18178,"PACKET","IN",207,45,"PlayerSync","id=207 bytes=45","cf 4b 00 90 00 61 7f c0 00 33 33 6a 70 da b8 09 91 7a aa df 90 80 00 00 00 00 ae b7 80 00 02 8a 1f f0 f5 bb ff f2 2f fd fd c8 04 02 80",""
3723,18178,"PACKET","IN",207,45,"PlayerSync","id=207 bytes=45","cf 9e 00 85 80 60 7f c0 00 21 32 e9 30 df ea 09 91 72 f7 df 10 84 00 00 00 01 e1 52 40 00 01 1e b6 9c f4 f0 b9 eb 8b fd fd a5 04 04 80",""
3724,18198,"PACKET","IN",207,45,"PlayerSync","id=207 bytes=45","cf 4b 00 90 00 61 7f c0 00 15 6e ea 70 e7 38 09 91 4a a8 5f 90 80 00 00 00 00 12 bb 80 00 01 78 13 ec f6 23 ff 6a 2b fd fd c8 04 02 80",""
3725,18199,"PACKET","IN",207,35,"PlayerSync","id=207 bytes=35","cf 7e 00 00 00 11 42 a6 f0 c0 4b 89 d1 7b 67 1f 10 84 00 00 00 00 c6 1b 94 00 00 00 00 00 01 a5 04 e8 80",""
3726,18199,"PACKET","IN",207,45,"PlayerSync","id=207 bytes=45","cf 63 00 c0 7f e0 3f c2 00 1b 8b 23 30 d7 29 09 91 5e ed 5f 90 80 00 00 00 02 bf a3 80 00 01 32 db 38 ea 31 46 ba 61 38 2d a5 04 08 80",""
3727,18227,"PACKET","IN",207,41,"PlayerSync","id=207 bytes=41","cf 46 00 02 00 02 fc a5 30 f0 54 49 91 5c 4e de d0 80 00 00 00 02 f6 a7 c0 00 03 75 86 38 f4 df a7 2e 30 f8 e1 a5 04 10 80",""
3728,18228,"PACKET","IN",207,45,"PlayerSync","id=207 bytes=45","cf 4b 00 90 80 61 7f c0 00 04 27 ea 70 f7 78 09 91 77 24 1f 90 80 00 00 00 02 22 bb 80 00 00 6f 23 c4 f6 db fe 12 23 fd fd c8 04 02 80",""
3729,18228,"PACKET","IN",207,45,"PlayerSync","id=207 bytes=45","cf 9e 00 86 00 60 7f c0 00 14 36 69 30 ea 6a 89 91 48 37 1f 10 84 00 00 00 01 45 46 40 00 03 fd 56 78 f5 08 c0 7f 93 fd fd a5 04 04 80",""
3730,18228,"PACKET","IN",207,35,"PlayerSync","id=207 bytes=35","cf 3d 00 00 00 39 94 e5 b0 e4 03 c9 d1 6c 24 9f 10 80 00 00 00 02 af cd c0 00 00 00 00 00 01 a5 04 e8 80",""
3731,18228,"PACKET","IN",207,45,"PlayerSync","id=207 bytes=45","cf 54 00 ff ff e0 7f c2 00 00 ee 24 70 fa 19 49 91 68 70 9e 90 80 00 00 00 01 0a da c0 00 00 ab 9b c0 f7 ef fc ed fb fd fd a5 04 04 80",""
3732,18228,"PACKET","IN",200,48,"VehicleSync","id=200 bytes=48","c8 76 00 30 00 00 00 00 00 00 00 7d 00 09 b0 94 47 45 4e 2a 9c 31 c6 e2 74 57 fe e7 a4 23 75 2f b3 b3 ae 77 73 45 f7 b6 40 3d 00 02 81 d8 f4 84",""
3733,18228,"RPC","IN",105,7,"TextDrawSetString","id=105 bytes=7","26 08 03 00 31 30 30",""
3734,18228,"RPC","IN",105,5,"TextDrawSetString","id=105 bytes=5","27 08 01 00 30",""
3735,18228,"RPC","IN",105,6,"TextDrawSetString","id=105 bytes=6","28 08 02 00 35 30",""
3736,18228,"RPC","IN",105,5,"TextDrawSetString","id=105 bytes=5","29 08 01 00 39",""
3737,18228,"RPC","IN",105,7,"TextDrawSetString","id=105 bytes=7","2a 08 03 00 31 30 30",""
3738,18248,"PACKET","IN",207,35,"PlayerSync","id=207 bytes=35","cf 0b 00 00 00 1a fc 26 b0 c0 43 09 d1 7b 67 1f 10 84 00 00 00 03 32 4b c0 00 00 00 00 00 01 28 00 04 11",""
3739,18249,"PACKET","IN",207,35,"PlayerSync","id=207 bytes=35","cf 1f 00 00 00 20 66 e8 30 c3 bc c9 91 7b 67 1f 10 84 00 00 00 00 97 53 00 00 00 00 00 00 01 28 00 04 11",""
3740,18249,"PACKET","IN",207,45,"PlayerSync","id=207 bytes=45","cf 4b 00 91 80 61 bf c0 00 3f 24 6a 70 fe f8 09 91 54 a2 5f 90 80 00 00 00 01 8e bf 80 00 03 ad ff c0 f6 b7 fc 02 27 fd fd c8 04 02 80",""
3741,18249,"PACKET","IN",200,44,"VehicleSync","id=200 bytes=44","c8 70 00 27 00 00 00 00 00 00 00 76 90 36 80 81 8b 77 f0 0a 8c 33 65 c2 74 57 6b a7 c4 23 16 c0 93 ea 4f ec 49 00 47 88 40 1c 00 00",""
3742,18250,"PACKET","IN",207,45,"PlayerSync","id=207 bytes=45","cf 4b 00 92 00 61 bf c0 00 35 61 6a 70 c4 f8 49 91 57 20 9f 90 80 00 00 00 03 3e b7 80 00 01 3d a3 a4 f7 07 ff 5a 1f fd fd c8 04 02 80",""
3743,18250,"PACKET","IN",207,45,"PlayerSync","id=207 bytes=45","cf 9e 00 87 80 60 7f c0 00 3b f8 e9 30 da eb 09 91 7e 36 1f 10 84 00 00 00 02 05 2a 40 00 02 9f 6a 80 f7 8c c8 ab 9b fd fd a5 04 04 80",""
3744,18277,"PACKET","IN",207,41,"PlayerSync","id=207 bytes=41","cf 46 00 02 00 1a ba 25 30 f9 94 49 91 77 80 9e d0 80 00 00 00 02 f6 a7 c0 00 01 4e a4 28 ec 3f fd ce 3f fd fd a5 04 10 80",""
3745,18277,"PACKET","IN",207,45,"PlayerSync","id=207 bytes=45","cf 4b 00 94 00 61 ff c0 00 11 9e 6a 70 cc b8 49 91 46 1e df 90 80 00 00 00 00 36 bf 80 00 00 8c 0f 9c f6 6f ff ee 27 fd fd c8 04 02 80",""
3746,18278,"PACKET","IN",207,45,"PlayerSync","id=207 bytes=45","cf 63 00 c0 7f e0 3f c2 00 1b 8b 23 30 d7 29 09 91 5e ed 5f 90 80 00 00 00 02 03 9f 80 00 03 0f 24 28 ee cd 95 82 90 84 21 a5 04 08 80",""
3747,18278,"PACKET","IN",207,45,"PlayerSync","id=207 bytes=45","cf 9e 00 88 00 60 bf c0 00 0d 3b a9 30 d5 6b 89 91 47 75 5f 10 84 00 00 00 02 19 1a 40 00 00 22 c6 c4 f6 dc e1 3f ab fd fd a5 04 04 80",""
3748,18303,"PACKET","IN",207,45,"PlayerSync","id=207 bytes=45","cf 4b 00 94 00 61 ff c0 00 09 db 6a 70 d2 f8 49 91 49 1d 1f 90 80 00 00 00 03 9e af 80 00 01 95 bf 74 f6 eb fd 2e 23 fd fd c8 04 02 80",""
3749,18303,"PACKET","IN",207,35,"PlayerSync","id=207 bytes=35","cf 4d 00 00 00 02 00 23 30 e6 e4 09 91 70 1e 9e 90 84 00 00 00 03 da d0 80 00 00 00 00 00 01 28 00 04 11",""
3750,18303,"PACKET","IN",207,45,"PlayerSync","id=207 bytes=45","cf 54 00 ff ff e0 7f c2 00 14 e0 e4 70 f4 59 49 91 67 b0 1e 90 80 00 00 00 01 0a da c0 00 03 b6 63 9c f7 ef fc ed fb fd fd a5 04 04 80",""
3751,18303,"PACKET","IN",200,42,"VehicleSync","id=200 bytes=42","c8 76 00 30 00 00 00 00 00 00 00 77 20 07 10 94 07 4c 9e 1a 9c 30 f6 e2 74 57 7e e7 a4 20 00 00 00 06 40 3d 00 02 ad d6 f4 84",""
3752,18328,"PACKET","IN",207,45,"PlayerSync","id=207 bytes=45","cf 4b 00 94 80 62 ff c0 00 17 18 6a 70 dc 38 49 91 4d 1b 5f 90 80 00 00 00 03 d2 ab 80 00 03 2c 4f 78 f5 83 fe 3a 33 fd fd c8 04 02 80",""
3753,18328,"PACKET","IN",200,44,"VehicleSync","id=200 bytes=44","c8 70 00 27 00 00 00 00 00 00 00 71 40 31 70 8f 5b 39 9b fa 7c 3c 95 c2 74 55 79 a7 c4 20 7e b0 43 ea bf f9 08 41 b7 88 40 1c 00 00",""
3754,18328,"PACKET","IN",207,35,"PlayerSync","id=207 bytes=35","cf 3d 00 00 00 39 94 e5 b0 e4 03 c9 d1 6c 24 9f 10 80 00 00 00 02 af cd c0 00 00 00 00 00 01 28 00 04 11",""
3755,18328,"PACKET","IN",207,45,"PlayerSync","id=207 bytes=45","cf 4b 00 94 80 63 bf c0 00 23 54 ea 70 e8 38 49 91 41 19 5f 90 80 00 00 00 03 7e 9f 80 00 01 df 2f 7c f4 ff ff 56 37 fd fd c8 04 02 80",""
3756,18356,"PACKET","IN",207,41,"PlayerSync","id=207 bytes=41","cf 46 00 02 00 0c 39 e5 30 fa 94 49 91 71 00 9e d0 80 00 00 00 02 f6 a7 c0 00 01 f7 e7 80 e8 3f fd ce 3f fd fd a5 04 10 80",""
3757,18356,"PACKET","IN",207,45,"PlayerSync","id=207 bytes=45","cf 4b 00 95 00 64 bf c0 00 31 91 aa 70 f6 b8 49 91 50 97 5f 90 80 00 00 00 03 56 9b 80 00 00 ce eb 90 f6 f3 fb a6 47 fd fd c8 04 02 80",""
3758,18357,"PACKET","IN",207,45,"PlayerSync","id=207 bytes=45","cf 4b 00 95 80 64 ff c0 00 1d ce 2a 70 c8 38 89 91 60 15 1f 90 80 00 00 00 01 16 93 80 00 03 99 57 a4 f6 27 f9 12 4f fd fd c8 04 02 80",""
3759,18357,"PACKET","IN",207,45,"PlayerSync","id=207 bytes=45","cf 9e 00 88 00 60 bf c0 00 08 00 e9 70 e6 2c 89 91 7a b2 df 10 84 00 00 00 02 b1 0a 40 00 02 63 fe dc f4 bc fb 1f b7 fd fd a5 04 04 80",""
3760,18378,"PACKET","IN",207,45,"PlayerSync","id=207 bytes=45","cf 54 00 ff ff e0 7f c2 00 18 93 e4 70 ee 59 49 91 68 6f 9e 90 80 00 00 00 01 0a da c0 00 01 d2 d7 cc f7 ef fc ed fb fd fd a5 04 04 80",""
3761,18378,"PACKET","IN",207,45,"PlayerSync","id=207 bytes=45","cf 63 00 c0 7f e0 3f c2 00 1b 8b 23 30 d7 29 09 91 5e ed 5f 90 80 00 00 00 03 2b 8f 80 00 03 78 67 24 ea c5 df b6 cd 34 2d a5 04 08 80",""
3762,18378,"PACKET","IN",207,35,"PlayerSync","id=207 bytes=35","cf 29 00 00 00 2e 09 a5 b0 d1 c9 c9 d1 6c 24 9f 10 80 00 00 00 01 7d 63 c0 00 00 00 00 00 01 28 00 04 11",""
3763,18379,"PACKET","IN",207,45,"PlayerSync","id=207 bytes=45","cf 4b 00 95 80 65 ff c0 00 03 8a ea 70 db 78 89 91 49 13 1f 90 80 00 00 00 03 5a 8b 80 00 02 49 03 d4 f7 f3 f6 56 5b fd fd c8 04 02 80",""
3764,18379,"PACKET","IN",200,44,"VehicleSync","id=200 bytes=44","c8 70 00 27 00 00 00 00 00 00 00 72 90 33 70 8c 0b 21 c8 9a 7c 3c 75 c2 74 52 a7 f7 c4 24 bf ff c3 db bf f3 37 ef b7 78 40 1c 00 00",""
3765,18379,"PACKET","IN",207,35,"PlayerSync","id=207 bytes=35","cf 97 00 00 00 09 a6 25 b0 d5 fd 09 91 6c 24 9f 10 84 00 00 00 00 3b eb e8 00 00 00 00 00 01 28 00 04 11",""
3766,18379,"PACKET","OUT",207,69,"PlayerSync","id=207 bytes=69","cf 00 00 00 00 00 00 22 90 8d c3 0a 85 26 45 6a 86 7a 42 f5 21 4f 3f 00 00 00 00 00 00 00 00 89 70 16 3f 64 00 00 00 00 00 00 00 00 00 00 00 00 00 00 00 00 00 00 00 00 00 00 00 00 00 00 00 00 00 a5 04 e8 80",""
3767,18406,"PACKET","IN",207,35,"PlayerSync","id=207 bytes=35","cf 49 00 00 00 05 d5 25 b0 dd 8f 09 d1 6c 24 9f 10 80 00 00 00 01 eb 77 c0 00 00 00 00 00 01 28 00 04 11",""
3768,18406,"PACKET","IN",203,34,"AimSync","id=203 bytes=34","cb 49 00 04 82 88 94 3e 5f fb 6c bf 4c 84 78 be 6d a6 96 c3 4c 5d 27 45 07 90 80 42 00 00 00 00 3f 28",""
3769,18406,"PACKET","IN",207,45,"PlayerSync","id=207 bytes=45","cf 4b 00 95 00 67 7f c0 00 28 07 6a 70 f0 78 89 91 6a d0 df 90 80 00 00 00 02 8a 83 80 00 03 17 6f e0 f6 97 f5 aa 63 fd fd c8 04 02 80",""
3770,18407,"PACKET","IN",207,35,"PlayerSync","id=207 bytes=35","cf 53 00 00 00 13 94 e5 b0 ea cc 49 d1 6c e4 9f 10 80 00 00 00 03 52 2a c0 00 00 00 00 00 01 a5 04 04 80",""
3771,18407,"PACKET","IN",207,35,"PlayerSync","id=207 bytes=35","cf 60 00 00 00 25 ca e3 30 e5 e0 49 91 6f df 1e 90 84 00 00 00 00 ae f9 c0 00 00 00 00 00 01 28 00 04 11",""
3772,18407,"PACKET","IN",200,42,"VehicleSync","id=200 bytes=42","c8 76 00 30 00 00 00 00 00 00 00 70 70 03 f0 93 e7 4d 1e 1a 9c 30 f6 e2 74 5a 9e e7 a4 20 00 00 00 06 40 3d 00 02 a1 d4 f4 84",""
3773,18407,"PACKET","IN",207,35,"PlayerSync","id=207 bytes=35","cf 85 00 00 00 2b 0b 62 b0 d7 e8 c9 91 50 59 de 90 84 00 00 00 03 a8 31 80 00 00 00 00 00 01 28 00 04 11",""
3774,18428,"PACKET","IN",207,35,"PlayerSync","id=207 bytes=35","cf 46 00 02 00 3b 39 a5 30 fa d4 49 91 6f 80 9e d0 80 00 00 00 02 f6 a7 c0 00 00 00 00 00 01 a5 04 10 80",""
3775,18429,"PACKET","IN",207,45,"PlayerSync","id=207 bytes=45","cf 4b 00 95 00 67 7f c0 00 1a c4 2a 70 c7 78 c9 91 4d 8e df 90 80 00 00 00 03 ee 77 80 00 01 44 58 00 f8 4b f4 ce 6f fd fd c8 04 02 80",""
3776,18429,"PACKET","IN",207,45,"PlayerSync","id=207 bytes=45","cf 9e 00 87 80 60 7f c0 00 23 45 29 70 db 2d 89 91 4e b0 df 10 84 00 00 00 02 10 fe 40 00 03 9b aa 9c f6 f5 07 57 bf fd fd a5 04 04 80",""
3777,18429,"PACKET","IN",207,45,"PlayerSync","id=207 bytes=45","cf 63 00 c0 7f e0 3f c2 00 1b 8b 23 30 d7 29 09 91 5e ed 5f 90 80 00 00 00 01 67 87 80 00 01 6d 7f 7c ea 41 46 ae 61 30 2d a5 04 08 80",""
3778,18430,"RPC","IN",87,2,"ClearPlayerAnimation","id=87 bytes=2","9a 00",""
3779,18430,"RPC","IN",86,29,"ApplyPlayerAnimation","id=86 bytes=29","9a 00 05 43 41 52 52 59 0b 63 72 72 79 5f 70 72 74 69 61 6c 33 33 83 40 00 00 00 00 00",""
3780,18455,"PACKET","IN",207,45,"PlayerSync","id=207 bytes=45","cf 4b 00 94 80 68 ff c0 00 0b 00 aa 70 e3 78 c9 91 7a cc 5f 90 80 00 00 00 00 de 77 80 00 00 5e 64 00 f9 3f f1 fe 7b fd fd c8 04 02 80",""
3781,18456,"PACKET","IN",207,43,"PlayerSync","id=207 bytes=43","cf 63 00 60 3f c2 00 1b 8b 23 30 d7 29 09 91 5e ed 5f 90 80 00 00 00 01 97 9f 80 00 03 fb 6c 44 ef ed 4c 92 5c 38 29 a5 04 08 80",""
3782,18456,"PACKET","IN",207,45,"PlayerSync","id=207 bytes=45","cf 4b 00 94 80 69 3f c0 00 2b 3c 6a 30 c4 f9 09 91 46 09 df 90 80 00 00 00 00 92 73 80 00 01 52 60 00 f8 4b f1 c6 7f fd fd c8 04 02 80",""
3783,18456,"PACKET","IN",207,45,"PlayerSync","id=207 bytes=45","cf 54 00 ff ff e0 7f c2 00 3c 06 64 70 e8 59 49 91 65 ef 1e 90 80 00 00 00 01 0a da c0 00 01 d0 cb f4 f7 ef fc ed fb fd fd a5 04 04 80",""
3784,18456,"PACKET","IN",200,44,"VehicleSync","id=200 bytes=44","c8 70 00 27 00 00 00 00 00 00 00 79 90 34 c0 84 fb 21 a5 6a 7c 39 b5 c2 74 59 06 57 c4 2f 4f 9e e3 db 0f f3 17 c0 47 88 40 1c 00 00",""
3785,18478,"PACKET","IN",207,45,"PlayerSync","id=207 bytes=45","cf 4b 00 94 00 6a 3f c0 00 05 38 ea 30 e3 f9 09 91 5c 87 5f 90 80 00 00 00 01 e2 6f 80 00 02 4c 8b fc f6 ef ef 0a 83 fd fd c8 04 02 80",""
3786,18478,"PACKET","IN",200,42,"VehicleSync","id=200 bytes=42","c8 76 00 30 00 00 00 00 00 00 00 31 50 03 60 93 d7 4d 2e 1a 9c 30 f6 e2 74 5b 6e e7 a4 20 00 00 00 06 40 3d 00 03 b5 d0 f4 84",""
3787,18478,"PACKET","IN",207,45,"PlayerSync","id=207 bytes=45","cf 4b 00 94 00 6a 7f c0 00 30 75 6a 30 c0 f9 49 91 66 85 1f 90 80 00 00 00 02 12 6b 80 00 02 14 cb ec f6 0f ee 4e 87 fd fd c8 04 02 80",""
3788,18478,"PACKET","IN",207,43,"PlayerSync","id=207 bytes=43","cf 63 00 60 3f ca 00 1b 8b 23 30 d7 29 09 91 5e ed 5f 90 80 00 00 00 01 c7 b7 80 00 00 c3 73 34 ea 29 40 66 67 34 2d ad 04 08 80",""
3789,18478,"PACKET","IN",207,35,"PlayerSync","id=207 bytes=35","cf 94 00 00 00 0c fe 66 b0 ef 39 c9 91 7b 67 1f 10 84 00 00 00 02 9a 53 c0 00 00 00 00 00 01 28 00 04 11",""
3790,18478,"PACKET","IN",203,34,"AimSync","id=203 bytes=34","cb 94 00 04 52 63 d4 3e df 90 5d bf e8 c4 8f be 11 67 9b c3 63 04 27 45 29 ab 80 42 00 00 00 00 3f 21",""
3791,18478,"PACKET","IN",207,45,"PlayerSync","id=207 bytes=45","cf 9e 00 87 00 60 7f c0 00 2a 89 69 70 d7 ee 89 91 7f 2e 5f 10 84 00 00 00 01 a0 f6 40 00 00 a6 f2 9c f7 11 0f c3 c3 fd fd a5 04 04 80",""
3792,18506,"PACKET","IN",207,45,"PlayerSync","id=207 bytes=45","cf 4b 00 93 80 6b ff c0 00 3b 31 ea 30 e0 39 49 91 56 c2 df 90 80 00 00 00 01 ea 6f 80 00 01 a7 ef d8 f4 c7 ee ea 8b fd fd c8 04 02 80",""
3793,18506,"PACKET","IN",207,35,"PlayerSync","id=207 bytes=35","cf 7c 00 00 00 03 66 28 30 f1 c4 49 d1 7b 67 1f 10 84 00 00 00 01 fe 49 80 00 00 00 00 00 01 28 00 04 11",""
3794,18506,"PACKET","IN",207,35,"PlayerSync","id=207 bytes=35","cf 9a 00 00 00 05 5a 28 30 df c8 49 d1 7b 67 1f 10 84 00 00 00 01 79 f3 c0 00 00 00 00 00 01 a5 04 e8 80",""
3795,18529,"PACKET","IN",207,45,"PlayerSync","id=207 bytes=45","cf 4b 00 93 80 6c 3f c0 00 3a ed ea 30 c2 f9 89 91 6f 00 1f 90 80 00 00 00 00 2a 6f 80 00 03 e9 83 c4 f6 13 ee 42 87 fd fd c8 04 02 80",""
3796,18529,"PACKET","IN",200,44,"VehicleSync","id=200 bytes=44","c8 70 00 27 00 00 00 00 00 00 00 70 80 4f d0 71 ab 23 42 1a 7c 35 a5 c2 74 59 14 b7 c4 2e 93 5e 13 da af f1 f7 b3 97 88 40 1c 00 00",""
3797,18529,"PACKET","IN",207,45,"PlayerSync","id=207 bytes=45","cf 54 00 ff 7f e0 7f c2 00 15 fd 24 30 e4 19 49 91 49 ee de 90 80 00 00 00 02 36 d6 c0 00 02 b4 cb e8 f7 ef fc ed fb fd fd a5 04 04 80",""
3798,18529,"PACKET","IN",207,43,"PlayerSync","id=207 bytes=43","cf 63 00 60 3f c2 00 1b 8b 23 30 d7 29 09 91 5e ed 5f 90 80 00 00 00 01 c7 b7 80 00 01 5b 93 10 eb 15 47 8a 61 0c 2d ad 04 08 80",""
3799,18557,"PACKET","IN",207,45,"PlayerSync","id=207 bytes=45","cf 4b 00 92 80 6d bf c0 00 2a 27 2a 30 ff b9 89 91 63 bb 9f 50 80 00 00 00 00 22 6b 80 00 01 0e ab 9c f4 e7 ee 76 8b fd fd c8 04 02 80",""
3800,18558,"PACKET","IN",207,45,"PlayerSync","id=207 bytes=45","cf 54 00 ff 7f e0 7f c2 00 17 6f a4 30 e1 59 49 91 44 6e 5e 90 80 00 00 00 02 16 d6 c0 00 03 c1 53 98 f7 fb fd 05 ff fd fd a5 04 04 80",""
3801,18558,"PACKET","IN",200,42,"VehicleSync","id=200 bytes=42","c8 76 00 30 00 00 00 00 00 00 00 31 a0 03 a0 93 d7 4d 2e 1a 9c 30 f6 e2 74 5b 7e e7 a4 20 00 00 00 06 40 3d 00 02 17 ce f4 84",""
3802,18580,"PACKET","IN",207,45,"PlayerSync","id=207 bytes=45","cf 9e 00 87 00 60 7f c0 00 0a 8f 69 70 c9 30 09 91 40 ab 1f 10 84 00 00 00 00 1c e6 40 00 02 a1 2e c0 f5 61 1f 1b cb fd fd a5 04 04 80",""
3803,18581,"PACKET","IN",207,45,"PlayerSync","id=207 bytes=45","cf 4b 00 92 80 6d bf c0 00 15 64 2a 30 db f9 c9 91 53 39 9f 50 80 00 00 00 03 f6 63 80 00 02 21 ab 84 f4 1f ed 42 8f fd fd c8 04 02 80",""
3804,18611,"PACKET","IN",200,44,"VehicleSync","id=200 bytes=44","c8 70 00 27 00 00 00 00 00 00 00 73 60 45 00 70 2b 2c 4e ba 6c 31 05 c2 74 5e 63 17 c4 21 e9 9d 33 da bf fd 07 a7 a7 88 40 1c 00 00",""
3805,18611,"PACKET","IN",207,45,"PlayerSync","id=207 bytes=45","cf 4b 00 92 80 6d ff c0 00 13 61 2a 30 f8 b9 c9 91 4a f7 9f 50 80 00 00 00 01 c6 63 80 00 02 59 f7 7c f6 a7 ea 42 93 fd fd c8 04 02 80",""
3806,18611,"PACKET","IN",207,43,"PlayerSync","id=207 bytes=43","cf 63 00 60 3f ca 00 1b 8b 23 30 d7 29 09 91 5e ed 5f 90 80 00 00 00 01 c7 b7 80 00 02 ac 27 1c ea d1 df 32 cb 38 29 ad 04 08 80",""
3807,18611,"PACKET","IN",200,38,"VehicleSync","id=200 bytes=38","c8 92 00 2a 00 00 00 11 00 00 00 20 50 63 10 62 bf 4f 4f db 0c 37 c9 42 94 57 29 f7 d4 20 00 00 00 0c e0 39 00 00",""
3808,18611,"PACKET","IN",203,34,"AimSync","id=203 bytes=34","cb 92 00 12 00 b4 50 3f c8 c8 08 bf ed b3 64 be 7c aa b4 c3 8c e1 29 45 34 e2 86 42 00 00 00 00 3f 37",""
3809,18632,"PACKET","IN",207,45,"PlayerSync","id=207 bytes=45","cf 4b 00 92 80 6d ff c0 00 03 1e 2a 30 d6 7a 09 91 77 b5 5f 50 80 00 00 00 01 16 5f 80 00 01 dc 7f 78 f5 db e8 e2 97 fd fd c8 04 02 80",""
3810,18650,"PACKET","OUT",203,32,"AimSync","id=203 bytes=32","cb 00 00 00 39 05 00 00 00 00 00 00 00 00 00 00 00 40 01 00 00 00 80 3f 00 00 f3 04 b5 3f 39 05",""
3811,18662,"PACKET","IN",207,45,"PlayerSync","id=207 bytes=45","cf 4b 00 92 00 6e 3f c0 00 20 9a 6a 30 fb 3a 09 91 7b f2 df 50 80 00 00 00 00 3a 5b 80 00 01 99 cb 70 f4 23 ea 6e 9b fd fd c8 04 02 80",""
3812,18662,"PACKET","IN",200,42,"VehicleSync","id=200 bytes=42","c8 76 00 30 00 00 00 00 00 00 00 31 b0 03 c0 93 d7 4d 2e 1a 9c 30 f6 e2 74 5b 7e e7 a4 20 00 00 00 06 40 3d 00 02 ed ca f4 84",""
3813,18662,"RPC","IN",105,19,"TextDrawSetString","id=105 bytes=19","2f 01 0f 00 30 39 20 41 67 75 73 74 75 73 20 32 30 32 36",""
3814,18662,"RPC","IN",105,12,"TextDrawSetString","id=105 bytes=12","30 01 08 00 31 31 3a 35 36 3a 31 33",""
3815,18662,"PACKET","IN",207,45,"PlayerSync","id=207 bytes=45","cf 4b 00 92 00 6e 7f c0 00 3d 97 2a 30 dc 3a 49 91 52 f0 df 50 80 00 00 00 03 62 57 80 00 00 73 77 68 f6 4b e4 26 a3 fd fd c8 04 02 80",""
3816,18681,"PACKET","IN",207,35,"PlayerSync","id=207 bytes=35","cf 1c 00 00 00 2d 02 a6 f0 e0 10 09 d1 7b 67 1f 10 84 00 00 00 00 15 5f 00 00 00 00 00 00 01 28 00 04 11",""
3817,18682,"PACKET","IN",207,43,"PlayerSync","id=207 bytes=43","cf 63 00 60 3f c2 00 1b 8b 23 30 d7 29 09 91 5e ed 5f 90 80 00 00 00 01 c7 b7 80 00 03 b6 16 7c eb 49 df be cb 6c 29 ad 04 08 80",""
3818,18682,"PACKET","IN",203,34,"AimSync","id=203 bytes=34","cb 63 00 04 ce 6c 5a 3e e3 b3 4c bf 57 b4 0f bf 0d 60 8c c3 8c bc 26 45 50 ad 82 42 00 00 00 00 3f 55",""
3819,18682,"PACKET","IN",200,44,"VehicleSync","id=200 bytes=44","c8 70 00 27 00 00 00 00 00 00 00 74 00 4b 70 6f 9b 18 1c 0a 6c 3d 45 b2 74 5e 41 e7 c4 2a a3 6c 53 db 6f fc e7 a3 f7 98 40 1c 00 00",""
3820,18682,"PACKET","IN",207,45,"PlayerSync","id=207 bytes=45","cf 9e 00 87 00 60 7f c0 00 2c 14 e9 70 c6 f1 89 91 40 27 5f 10 84 00 00 00 03 c4 d6 40 00 01 ec fb 04 f5 69 28 db d3 fd fd a5 04 04 80",""
3821,18682,"PACKET","IN",203,34,"AimSync","id=203 bytes=34","cb 9e 00 04 74 17 03 bf b8 94 59 3f 1c 2f fe bd 7d 5f a4 c3 68 92 26 45 46 65 80 42 00 00 00 00 3f 22",""
3822,18710,"PACKET","IN",207,35,"PlayerSync","id=207 bytes=35","cf 1a 00 00 00 37 65 23 70 da 69 09 91 4b 21 de 90 80 00 00 00 00 b3 19 80 00 00 00 00 00 01 28 00 04 11",""
3823,18711,"PACKET","IN",207,45,"PlayerSync","id=207 bytes=45","cf 4b 00 92 00 6e 7f c0 00 25 d3 6a 30 c4 fa 89 91 6c 2e 1f 50 80 00 00 00 02 22 57 80 00 01 f9 c7 90 f5 f7 e5 26 a3 fd fd c8 04 02 80",""
3824,18711,"PACKET","IN",207,45,"PlayerSync","id=207 bytes=45","cf 4b 00 92 00 6e ff c0 00 2b 50 6a 30 e4 fa 89 91 5d 2c 1f 50 80 00 00 00 03 42 5b 80 00 03 5a af 94 f5 7b e6 9a a3 fd fd c8 04 02 80",""
3825,18711,"PACKET","IN",207,45,"PlayerSync","id=207 bytes=45","cf 54 00 ff 7f e0 7f c2 00 35 a2 24 30 df 19 49 91 7f ad 9e 90 80 00 00 00 01 8a d6 c0 00 01 27 ff a4 f7 fb fd b1 ff fd fd a5 04 04 80",""
3826,18711,"PACKET","IN",200,42,"VehicleSync","id=200 bytes=42","c8 76 00 30 00 00 00 00 00 00 00 31 c0 03 b0 93 e7 4d 2e 1a 9c 30 f6 e2 74 5b 7e e7 a4 20 00 00 00 06 40 3d 00 02 dd c8 f4 84",""
3827,18711,"PACKET","IN",207,45,"PlayerSync","id=207 bytes=45","cf 54 00 ff 7f e0 7f c0 00 11 9d 24 30 de 59 49 91 4c ad 9e 90 80 00 00 00 01 62 d6 c0 00 02 3e 17 c0 f7 fb fd e9 ff fd fd a5 04 04 80",""
3828,18734,"PACKET","IN",207,45,"PlayerSync","id=207 bytes=45","cf 4b 00 92 00 6f 3f c0 00 0d 8c ea 30 ca 3a c9 91 62 29 9f 50 80 00 00 00 02 2a 5f 80 00 03 84 0f a0 f7 73 e4 96 9f fd fd c8 04 02 80",""
3829,18734,"PACKET","IN",207,45,"PlayerSync","id=207 bytes=45","cf 54 00 ff 7f e0 7f c0 00 0c 4e 24 30 dc d9 49 91 77 2c de 90 80 00 00 00 00 be d6 c0 00 02 4b fc 00 fb fb fe c5 ff fd fd a5 04 04 80",""
3830,18734,"PACKET","IN",207,45,"PlayerSync","id=207 bytes=45","cf 9e 00 87 00 60 7f c0 00 3b d8 e9 70 e9 32 89 91 53 e4 5f 10 84 00 00 00 00 84 d2 40 00 00 d3 b6 d4 f4 71 30 07 d7 fd fd a5 04 04 80",""
3831,18759,"PACKET","IN",207,45,"PlayerSync","id=207 bytes=45","cf 4b 00 91 80 6f 3f c0 00 24 c6 aa 30 c7 7b 09 91 70 e5 5f 50 80 00 00 00 02 8a 5f 80 00 01 85 a3 94 f5 53 ea a6 97 fd fd c8 04 02 80",""
3832,18759,"PACKET","IN",207,35,"PlayerSync","id=207 bytes=35","cf 51 00 00 00 30 e3 68 30 f6 0c 09 d1 7b 67 1f 10 84 00 00 00 02 e7 67 c0 00 00 00 00 00 01 28 00 04 11",""
3833,18760,"PACKET","IN",207,43,"PlayerSync","id=207 bytes=43","cf 63 00 60 3f c2 00 25 47 a3 30 e4 28 89 91 42 4a e0 10 80 00 00 00 01 c7 b7 80 00 00 fd af 14 f5 c2 8c a5 6d 63 d5 6c 04 04 80",""
3834,18761,"PACKET","IN",200,44,"VehicleSync","id=200 bytes=44","c8 70 00 27 00 00 00 00 00 08 00 7d 60 4a e0 6d 9b 10 89 7a 6c 39 d5 b2 74 53 c0 e7 c4 20 22 27 f3 dc 0f f4 67 ba b7 98 40 1c 00 00",""
3835,18761,"PACKET","IN",207,35,"PlayerSync","id=207 bytes=35","cf 0b 00 00 00 1a fc 26 b0 c0 43 09 d1 7b 67 1f 10 84 00 00 00 03 32 4b c0 00 00 00 00 00 01 28 00 04 11",""
3836,18786,"RPC","IN",87,2,"ClearPlayerAnimation","id=87 bytes=2","1f 00",""
3837,18786,"RPC","IN",86,29,"ApplyPlayerAnimation","id=86 bytes=29","1f 00 05 43 41 52 52 59 0b 63 72 72 79 5f 70 72 74 69 61 6c 33 33 83 40 00 00 00 00 00",""
3838,18786,"PACKET","IN",207,35,"PlayerSync","id=207 bytes=35","cf 1f 00 00 00 20 66 e8 30 c3 bc c9 91 7b 67 1f 10 84 00 00 00 00 97 53 00 00 00 00 00 00 01 28 00 04 11",""
3839,18787,"PACKET","IN",207,45,"PlayerSync","id=207 bytes=45","cf 4b 00 91 80 6f 7f c0 00 0c 03 ea 30 e3 fb 09 91 40 23 9f 50 80 00 00 00 02 76 63 80 00 01 67 57 88 f4 af e8 b6 9b fd fd c8 04 02 80",""
3840,18787,"PACKET","IN",200,42,"VehicleSync","id=200 bytes=42","c8 76 00 30 00 00 00 00 00 00 00 31 90 03 80 93 e7 4d 2e 1a 9c 30 f6 e2 74 5b 7e e7 a4 20 00 00 00 06 40 3d 00 02 dd c6 f4 84",""
3841,18787,"PACKET","IN",207,35,"PlayerSync","id=207 bytes=35","cf 7e 00 00 00 11 42 a6 f0 c0 4b 89 d1 7b 67 1f 10 84 00 00 00 00 c6 1b 94 00 00 00 00 00 01 a5 04 e8 80",""
3842,18787,"PACKET","IN",207,45,"PlayerSync","id=207 bytes=45","cf 9e 00 88 80 60 bf c0 00 1d 5a e9 70 f3 b3 09 91 41 23 1f 10 84 00 00 00 00 f0 c2 40 00 01 2f f6 c8 f7 d5 31 87 d7 fd fd a5 04 04 80",""
3843,18788,"PACKET","IN",207,45,"PlayerSync","id=207 bytes=45","cf 4b 00 91 80 6f 7f c0 00 06 00 ea 30 c1 3b 49 91 73 e1 5f 50 80 00 00 00 00 ae 67 80 00 01 9b 4b 8c f6 1f e8 0a 97 fd fd c8 04 02 80",""
3844,18808,"PACKET","IN",207,45,"PlayerSync","id=207 bytes=45","cf 54 00 ff 7f e0 7f c0 00 27 c1 24 30 dc 59 49 91 76 6c 5e 90 80 00 00 00 00 02 d6 c0 00 00 8b df c0 f7 fb ff bd ff fd fd a5 04 04 80",""
3845,18809,"PACKET","IN",207,45,"PlayerSync","id=207 bytes=45","cf 9e 00 89 80 60 bf c0 00 17 9c a9 70 fe 73 89 91 4f 22 1f 10 84 00 00 00 01 ec b6 40 00 03 86 1e d0 f6 81 43 a3 db fd fd a5 04 04 80",""
3846,18835,"PACKET","IN",207,35,"PlayerSync","id=207 bytes=35","cf 4d 00 00 00 02 00 23 30 e6 e4 09 91 70 1e 9e 90 84 00 00 00 03 da d0 80 00 00 00 00 00 01 28 00 04 11",""
3847,18835,"PACKET","IN",200,44,"VehicleSync","id=200 bytes=44","c8 70 00 27 00 00 00 00 00 08 00 73 50 5c 90 6a cb 12 18 2a 6c 38 75 b2 74 58 50 57 c4 28 d7 81 f3 dc 2f f9 e7 c0 37 98 40 1c 00 00",""
3848,18835,"PACKET","IN",207,35,"PlayerSync","id=207 bytes=35","cf 1f 00 00 00 20 66 e8 30 c3 bc c9 91 7b 67 1f 10 84 00 00 00 00 97 53 00 00 00 00 00 00 01 a5 04 e8 80",""
3849,18836,"PACKET","IN",207,35,"PlayerSync","id=207 bytes=35","cf 3d 00 00 00 39 94 e5 b0 e4 03 c9 d1 6c 24 9f 10 80 00 00 00 02 af cd c0 00 00 00 00 00 01 28 00 04 11",""
3850,18836,"PACKET","IN",207,45,"PlayerSync","id=207 bytes=45","cf 4b 00 91 00 6f bf c0 00 30 7d e9 f0 db fb 49 91 4a df 9f 50 80 00 00 00 01 0e 67 80 00 01 2e 83 88 f6 e7 e9 66 93 fd fd c8 04 02 80",""
3851,18836,"PACKET","IN",207,43,"PlayerSync","id=207 bytes=43","cf 63 00 60 3f c2 00 26 04 23 30 ef a8 09 91 46 ee 60 10 80 00 00 00 01 c7 b7 80 00 03 b8 a6 28 f6 32 c9 d9 2c d3 a5 6c 04 04 80",""
3852,18860,"PACKET","IN",207,45,"PlayerSync","id=207 bytes=45","cf 4b 00 90 80 6f bf c0 00 27 b7 e9 f0 d4 7b 89 91 7b 5b 5f 50 80 00 00 00 01 66 67 80 00 02 06 2b 70 f7 db ea 26 8f fd fd c8 04 02 80",""
3853,18860,"PACKET","IN",200,42,"VehicleSync","id=200 bytes=42","c8 76 00 30 00 00 00 00 00 00 00 31 b0 03 70 93 e7 4d 2e 1a 9c 30 f6 e2 74 5b 7e e7 a4 20 00 00 00 06 40 3d 00 03 a7 c4 f4 84",""
3854,18860,"PACKET","IN",207,45,"PlayerSync","id=207 bytes=45","cf 9e 00 8a 80 60 bf c0 00 1f 5e a9 70 ec 74 49 91 4c 60 df 10 84 00 00 00 02 f8 aa 40 00 00 e4 8a d4 f4 f5 4f ab df fd fd a5 04 04 80",""
3855,18860,"PACKET","IN",207,45,"PlayerSync","id=207 bytes=45","cf 4b 00 90 80 6f bf c0 00 39 b5 29 f0 ed bb 89 91 6d 19 9f 50 80 00 00 00 00 96 6b 80 00 01 6d 57 58 f7 27 e8 8a 93 fd fd c8 04 02 80",""
3856,18886,"PACKET","IN",207,45,"PlayerSync","id=207 bytes=45","cf 54 00 ff 7f e0 7f c0 00 01 34 a3 f0 dc 99 49 91 77 ab de 90 80 00 00 00 03 3a d2 c0 00 03 cb 67 78 f7 fb fc e2 03 fd fd a5 04 04 80",""
3857,18886,"PACKET","IN",207,45,"PlayerSync","id=207 bytes=45","cf 9e 00 8c 80 60 ff c0 00 0b a0 29 70 ee f4 c9 91 4c 9f df 10 84 00 00 00 02 8c 96 40 00 02 4c 9a b8 f7 69 57 6f e3 fd fd a5 04 04 80",""
3858,18886,"RPC","IN",87,2,"ClearPlayerAnimation","id=87 bytes=2","7c 00",""
3859,18886,"RPC","IN",86,29,"ApplyPlayerAnimation","id=86 bytes=29","7c 00 05 43 41 52 52 59 0b 63 72 72 79 5f 70 72 74 69 61 6c 33 33 83 40 00 00 00 00 00",""
3860,18886,"PACKET","IN",207,45,"PlayerSync","id=207 bytes=45","cf 4b 00 90 80 6f bf c0 00 28 6f e9 f0 dd fb c9 91 5e 96 1f 50 80 00 00 00 02 26 6f 80 00 02 b3 4f 28 f5 2f ed 7e 8b fd fd c8 04 02 80",""
3861,18909,"PACKET","IN",200,44,"VehicleSync","id=200 bytes=44","c8 70 00 27 00 00 00 00 00 08 00 71 90 5a 50 67 7b 17 77 7a 6c 38 15 b2 74 57 c0 07 c4 2d ca d8 d3 cb ff f5 78 00 37 88 40 1c 00 00",""
3862,18910,"PACKET","IN",203,34,"AimSync","id=203 bytes=34","cb 70 00 12 9f 28 24 3e fc ea 5d 3f 13 b2 f1 be 1a 38 a7 c3 1f dc 26 45 57 cc 8a 42 00 00 00 00 3f c6",""
3863,18910,"PACKET","IN",207,35,"PlayerSync","id=207 bytes=35","cf 29 00 00 00 2e 09 a5 b0 d1 c9 c9 d1 6c 24 9f 10 80 00 00 00 01 7d 63 c0 00 00 00 00 00 01 28 00 04 11",""
3864,18911,"PACKET","IN",200,42,"VehicleSync","id=200 bytes=42","c8 76 00 30 00 00 00 00 00 00 00 31 a0 03 70 93 e7 4d 2e 1a 9c 30 f6 e2 74 5b 7e e7 a4 20 00 00 00 06 40 3d 00 02 bf c4 f4 84",""
3865,18911,"PACKET","IN",207,45,"PlayerSync","id=207 bytes=45","cf 9e 00 8e 80 61 3f c0 00 0d a1 69 70 f3 75 49 91 6e 9e 9f 10 84 00 00 00 02 c0 82 40 00 01 e8 32 94 f7 11 69 db eb fd fd a5 04 04 80",""
3866,18937,"PACKET","IN",207,45,"PlayerSync","id=207 bytes=45","cf 4b 00 90 80 6f bf c0 00 07 2d 69 f0 f4 bb c9 91 60 14 5f 50 80 00 00 00 00 8e 73 80 00 03 ae 57 24 f6 27 ed fa 87 fd fd c8 04 02 80",""
3867,18937,"PACKET","IN",203,34,"AimSync","id=203 bytes=34","cb 4b 00 04 f9 44 3d 3f 41 9f 24 3f db 74 4c be 6c 01 a9 c3 d3 cb 26 45 be 41 81 42 00 00 00 00 3f 36",""
3868,18937,"RPC","IN",113,7,"SetPlayerAttachedObject","id=113 bytes=7","46 00 09 00 00 00 00",""
3869,18938,"RPC","IN",86,29,"ApplyPlayerAnimation","id=86 bytes=29","46 00 05 43 41 52 52 59 0b 63 72 72 79 5f 70 72 74 69 61 6c 33 33 83 40 00 00 00 00 00",""
3870,18938,"PACKET","IN",207,35,"PlayerSync","id=207 bytes=35","cf 46 00 02 00 3b 39 a5 30 fa d4 49 91 6f 80 9e d0 80 00 00 00 02 f6 a7 c0 00 00 00 00 00 01 a5 04 10 80",""
3871,18938,"PACKET","IN",207,45,"PlayerSync","id=207 bytes=45","cf 4b 00 90 80 6f bf c0 00 3a 2a a9 f0 ca 3c 09 91 71 12 9f 50 80 00 00 00 03 3e 73 80 00 03 81 53 28 f6 ef ef 0a 83 fd fd c8 04 02 80",""
3872,18938,"PACKET","IN",207,35,"PlayerSync","id=207 bytes=35","cf 53 00 00 00 13 94 e5 b0 ea cc 49 d1 6c e4 9f 10 80 00 00 00 03 52 2a c0 00 00 00 00 00 01 a5 04 04 80",""
3873,18938,"PACKET","IN",207,43,"PlayerSync","id=207 bytes=43","cf 63 00 60 3f c2 00 10 c0 63 30 f0 27 89 91 4b 81 20 50 80 00 00 00 01 c7 b7 80 00 01 2c 90 c0 f4 cb 3e c0 b7 0a e5 6c 04 04 80",""
3874,18938,"PACKET","IN",207,35,"PlayerSync","id=207 bytes=35","cf 7c 00 00 00 03 66 28 30 f1 c4 49 d1 7b 67 1f 10 84 00 00 00 01 fe 49 80 00 00 00 00 00 01 fb 04 e8 80",""
3875,18938,"PACKET","IN",207,35,"PlayerSync","id=207 bytes=35","cf 85 00 00 00 2b 0b 62 b0 d7 e8 c9 91 50 59 de 90 84 00 00 00 03 a8 31 80 00 00 00 00 00 01 28 00 04 11",""
3876,18939,"PACKET","IN",203,34,"AimSync","id=203 bytes=34","cb 85 00 04 45 97 95 bd 2c 65 77 3f 51 69 7c be 8c 19 8a c3 14 82 26 45 29 ed 7e 42 00 00 00 00 3f c6",""
3877,18939,"PACKET","IN",207,35,"PlayerSync","id=207 bytes=35","cf 97 00 00 00 09 a6 25 b0 d5 fd 09 91 6c 24 9f 10 84 00 00 00 00 3b eb e8 00 00 00 00 00 01 28 00 04 11",""
3878,18939,"PACKET","IN",207,45,"PlayerSync","id=207 bytes=45","cf 9e 00 90 80 61 7f c0 00 06 e2 69 70 ea 75 c9 91 58 1d 9f 10 84 00 00 00 02 64 6e 40 00 03 46 22 70 f6 4d 7f 4b ef fd fd a5 04 04 80",""
3879,18939,"PACKET","OUT",207,69,"PlayerSync","id=207 bytes=69","cf 00 00 00 00 00 00 22 90 8d c3 0a 85 26 45 6a 86 7a 42 f5 21 4f 3f 00 00 00 00 00 00 00 00 89 70 16 3f 64 00 00 00 00 00 00 00 00 00 00 00 00 00 00 00 00 00 00 00 00 00 00 00 00 00 00 00 00 00 a5 04 e8 80",""
3880,18960,"PACKET","IN",207,45,"PlayerSync","id=207 bytes=45","cf 54 00 ff 7f e0 7f c0 00 2e a8 63 f0 dd 59 49 91 7e ab 5e 90 80 00 00 00 02 76 d2 c0 00 03 43 6b 5c f7 fb fd 8e 03 fd fd a5 04 04 80",""
3881,18960,"PACKET","IN",203,34,"AimSync","id=203 bytes=34","cb 54 00 04 5e 2e 7f 3f 21 95 2f bc bd 32 a2 bd 0a 5f 91 c3 0d 66 26 45 3b 30 7e 42 00 00 00 00 3f 36",""
3882,18961,"PACKET","IN",207,35,"PlayerSync","id=207 bytes=35","cf 60 00 00 00 25 ca e3 30 e5 e0 49 91 6f df 1e 90 84 00 00 00 00 ae f9 c0 00 00 00 00 00 01 28 00 04 11",""
3883,18961,"PACKET","IN",207,45,"PlayerSync","id=207 bytes=45","cf 4b 00 90 80 6f ff c0 00 12 e5 69 f0 f6 7c 09 91 64 4f 1f 50 80 00 00 00 03 a6 77 80 00 01 5f 87 34 f4 1f f2 76 7f fd fd c8 04 02 80",""
3884,18986,"PACKET","IN",207,45,"PlayerSync","id=207 bytes=45","cf 4b 00 90 80 6f ff c0 00 38 a2 a9 f0 ca fc 49 91 71 8d 5f 50 80 00 00 00 01 16 7b 80 00 00 0d eb 34 f5 27 f2 5a 7b fd fd c8 04 02 80",""
3885,18987,"PACKET","IN",207,45,"PlayerSync","id=207 bytes=45","cf 54 00 fe ff e0 7f c0 00 02 e5 63 f0 dd d9 49 91 5e ab 5e 90 80 00 00 00 03 66 ce c0 00 02 08 77 70 f7 fb fe 42 03 fd fd a5 04 04 80",""
3886,18987,"PACKET","IN",200,44,"VehicleSync","id=200 bytes=44","c8 70 00 27 00 00 00 00 00 08 00 7b 90 48 00 63 ab 13 57 7a 6c 38 95 b2 74 52 00 07 c4 25 d3 62 43 c9 80 02 c8 af c8 68 40 1c 00 00",""
3887,18987,"PACKET","IN",207,45,"PlayerSync","id=207 bytes=45","cf 4b 00 90 80 6f ff c0 00 19 60 29 f0 df 3c 49 91 7d 0b 9f 50 80 00 00 00 02 46 7b 80 00 02 9b bb 38 f5 97 f0 92 7b fd fd c8 04 02 80",""
3888,18987,"PACKET","IN",207,43,"PlayerSync","id=207 bytes=43","cf 63 00 60 3f c2 00 0c fd a2 f0 d4 27 49 91 4d 81 e0 50 80 00 00 00 01 c7 b7 80 00 01 31 84 7c f5 db 5c 64 95 35 a9 6c 04 04 80",""
3889,18987,"PACKET","IN",207,35,"PlayerSync","id=207 bytes=35","cf 94 00 00 00 0c fe 66 b0 ef 39 c9 91 7b 67 1f 10 84 00 00 00 02 9a 53 c0 00 00 00 00 00 01 28 00 04 11",""
3890,19008,"PACKET","IN",207,45,"PlayerSync","id=207 bytes=45","cf 54 00 fe 7f e0 7f c0 00 13 dc a3 f0 e1 59 49 91 46 2b 1e 90 80 00 00 00 00 12 ce c0 00 01 8a 57 8c f7 f3 fe d6 07 fd fd a5 04 04 80",""
3891,19010,"PACKET","IN",200,42,"VehicleSync","id=200 bytes=42","c8 76 00 30 00 00 00 00 00 00 00 31 a0 03 70 93 e7 4d 2e 1a 9c 30 f6 e2 74 5b 7e e7 a4 20 00 00 00 06 40 3d 00 03 eb c2 f4 84",""
3892,19011,"PACKET","IN",203,34,"AimSync","id=203 bytes=34","cb 76 00 12 6a e2 15 bf b2 6b 4d 3f 3b 5f ec bd bd aa a8 c3 c4 38 27 45 de 42 7f 42 00 00 00 00 3f ff",""
3893,19011,"PACKET","IN",207,35,"PlayerSync","id=207 bytes=35","cf 9a 00 00 00 05 5a 28 30 df c8 49 d1 7b 67 1f 10 84 00 00 00 01 79 f3 c0 00 00 00 00 00 01 a5 04 e8 80",""
3894,19011,"PACKET","IN",207,45,"PlayerSync","id=207 bytes=45","cf 9e 00 91 80 61 7f c0 00 3f 63 e9 70 ea 36 c9 91 4d 9b 1f 10 84 00 00 00 02 5c 5e 40 00 01 58 c6 b8 f6 25 94 ef f7 fd fd a5 04 04 80",""
3895,19036,"PACKET","IN",207,45,"PlayerSync","id=207 bytes=45","cf 4b 00 90 80 6f ff c0 00 3a dd 69 f0 f3 3c 49 91 49 8a 1f 50 80 00 00 00 03 3a 7b 80 00 03 4a 23 38 f5 ef f3 1e 77 fd fd c8 04 02 80",""
3896,19037,"PACKET","IN",207,45,"PlayerSync","id=207 bytes=45","cf 4b 00 8f 80 70 3f c0 00 2a 5a e9 f0 c6 bc 89 91 5f 88 5f 50 80 00 00 00 01 2a 77 80 00 02 30 2b 28 f6 37 f1 ea 77 fd fd c8 04 02 80",""
3897,19037,"RPC","IN",86,27,"ApplyPlayerAnimation","id=86 bytes=27","7e 00 07 42 44 5f 46 49 52 45 07 77 61 73 68 5f 75 70 33 33 83 40 80 00 00 00 00",""
3898,19058,"PACKET","IN",200,44,"VehicleSync","id=200 bytes=44","c8 70 00 27 00 00 00 00 00 08 00 78 c0 4a 20 61 9b 15 68 2a 6c 3a 15 b2 74 52 20 57 c4 2a d7 4f b3 c6 10 0d a8 61 f8 78 40 1c 00 00",""
3899,19058,"PACKET","IN",207,45,"PlayerSync","id=207 bytes=45","cf 4b 00 8f 80 70 3f c0 00 0a 18 29 f0 dd fc 89 91 7c 86 5f 50 80 00 00 00 03 46 77 80 00 02 12 6b 20 f4 63 f1 66 7f fd fd c8 04 02 80",""
3900,19086,"PACKET","IN",207,45,"PlayerSync","id=207 bytes=45","cf 4b 00 8f 80 70 3f c0 00 12 55 a9 f0 f1 7c 89 91 60 04 df 50 80 00 00 00 03 ca 77 80 00 01 63 cb 08 f5 0b f2 d2 7b fd fd c8 04 02 80",""
3901,19087,"PACKET","IN",207,43,"PlayerSync","id=207 bytes=43","cf 63 00 60 3f c2 00 10 7a 22 f0 e0 26 c9 91 6f f3 60 10 80 00 00 00 01 c7 b7 80 00 01 63 e5 80 f7 92 f6 b0 fd 0c 91 6c 04 04 80",""
3902,19087,"PACKET","IN",207,35,"PlayerSync","id=207 bytes=35","cf 46 00 02 00 3b 39 a5 30 fa d4 49 91 6f 80 9e d0 80 00 00 00 02 f6 a7 c0 00 00 00 00 00 01 03 01 04 10",""
3903,19087,"PACKET","IN",203,34,"AimSync","id=203 bytes=34","cb 46 00 04 05 d6 3c 3f 58 98 1a 3f 56 a0 9a be 30 f4 96 c3 2b 1c 26 45 cb 10 82 42 00 00 00 00 23 37",""
3904,19087,"PACKET","IN",207,45,"PlayerSync","id=207 bytes=45","cf 4b 00 90 00 70 7f c0 00 0f 93 29 f0 c5 3c c9 91 7c c3 1f 50 80 00 00 00 00 a6 83 80 00 01 ed df 08 f5 33 f2 2e 7b fd fd c8 04 02 80",""
3905,19087,"PACKET","IN",200,42,"VehicleSync","id=200 bytes=42","c8 76 00 30 00 00 00 00 00 02 00 31 b0 03 90 93 e7 4d 2e 1a 9c 30 f6 e2 74 5b 7e e7 a4 20 00 00 00 06 40 3d 00 03 59 c2 f4 84",""
3906,19108,"RPC","IN",138,3,"ServerQuit","id=138 bytes=3","45 00 02",""
3907,19109,"PACKET","IN",207,35,"PlayerSync","id=207 bytes=35","cf 46 00 00 00 3b 39 a5 30 fa d4 49 91 6f 80 9e d0 80 00 00 00 02 f6 a7 c0 00 00 00 00 00 01 a5 04 10 80",""
3908,19109,"PACKET","IN",207,45,"PlayerSync","id=207 bytes=45","cf 4b 00 90 00 70 7f c0 00 0a 90 a9 f0 d7 3c c9 91 5e 01 9f 50 80 00 00 00 01 aa 83 80 00 00 a5 5f 08 f7 c7 f3 2a 6f fd fd c8 04 02 80",""
3909,19109,"PACKET","IN",207,45,"PlayerSync","id=207 bytes=45","cf 9e 00 91 80 61 7f c0 00 1f 66 69 70 d8 f8 89 91 7c 96 5f 10 84 00 00 00 02 f4 4e 40 00 03 57 e6 c8 f7 bd a9 03 fb fd fd a5 04 04 80",""
3910,19110,"PACKET","OUT",205,9,"UNKNOWN_PACKET","id=205 bytes=9","cd b8 4a 04 00 00 00 00 00",""
3911,19136,"PACKET","IN",207,45,"PlayerSync","id=207 bytes=45","cf 4b 00 90 80 70 bf c0 00 07 0e 29 f0 e8 fc c9 91 41 80 1f 50 80 00 00 00 02 f6 8b 80 00 00 61 d3 14 f4 0f f5 e6 6f fd fd c8 04 02 80",""
3912,19137,"PACKET","IN",207,35,"PlayerSync","id=207 bytes=35","cf 46 00 02 00 3b 39 a5 30 fa d4 49 91 6f 80 9e d0 80 00 00 00 02 f6 a7 c0 00 00 00 00 00 01 a5 04 10 80",""
3913,19137,"PACKET","IN",207,45,"PlayerSync","id=207 bytes=45","cf 4b 00 90 80 70 ff c0 00 34 4b 69 f0 f8 fc c9 91 62 7e 5f 10 80 00 00 00 01 e6 8f 80 00 03 58 4f 24 f6 7f f6 26 63 fd fd c8 04 02 80",""
3914,19137,"PACKET","IN",207,45,"PlayerSync","id=207 bytes=45","cf 54 00 fe 7f e0 7f c0 00 32 10 23 f0 ea 59 49 91 46 2a 9e 90 80 00 00 00 03 16 ca c0 00 02 cc 2b 7c f7 d7 fc 1a 0f fd fd a5 04 04 80",""
3915,19160,"PACKET","IN",207,45,"PlayerSync","id=207 bytes=45","cf 54 00 fe 7f e0 7f c0 00 29 84 23 f0 f4 59 49 91 64 29 9e 90 80 00 00 00 01 e2 ca c0 00 03 6e df 54 f7 cf fd ca 0f fd fd a5 04 04 80",""
3916,19160,"PACKET","IN",207,43,"PlayerSync","id=207 bytes=43","cf 63 00 60 3f c2 00 34 b6 62 f0 e7 e6 49 91 64 12 60 10 80 00 00 00 01 c7 b7 80 00 01 58 f2 a4 f4 42 a5 45 56 1c 39 6c 04 04 80",""
3917,19160,"PACKET","IN",200,44,"VehicleSync","id=200 bytes=44","c8 70 00 27 00 00 00 00 00 08 00 77 b0 4e 00 60 6b 16 a9 9a 6c 3c 85 b2 74 51 20 f7 c4 2c d2 e5 03 d5 40 02 c8 6c 68 68 40 1c 00 00",""
3918,19160,"PACKET","IN",200,42,"VehicleSync","id=200 bytes=42","c8 76 00 30 00 00 00 00 00 00 00 31 b0 03 90 93 e7 4d 2e 1a 9c 30 f6 e2 74 5b 7e e7 a4 20 00 00 00 06 40 3d 00 02 ff c2 f4 84",""
3919,19161,"PACKET","IN",200,38,"VehicleSync","id=200 bytes=38","c8 92 00 2a 00 00 00 11 00 00 00 20 50 63 10 62 bf 4f 4f db 0c 37 c9 42 94 57 29 f7 d4 20 00 00 00 0c e0 39 00 00",""
3920,19161,"PACKET","IN",203,34,"AimSync","id=203 bytes=34","cb 92 00 12 00 b4 50 3f c8 c8 08 bf ed b3 64 be 7c aa b4 c3 8c e1 29 45 34 e2 86 42 00 00 00 00 3f 37",""
3921,19161,"PACKET","IN",207,45,"PlayerSync","id=207 bytes=45","cf 9e 00 90 80 61 7f c0 00 1b 67 a9 70 e2 39 89 91 4c d3 9f 10 84 00 00 00 02 30 4a 40 00 00 8b 5a 9c f7 c1 b6 df fb fd fd a5 04 04 80",""
3922,19177,"PACKET","OUT",203,32,"AimSync","id=203 bytes=32","cb 00 00 00 39 05 00 00 00 00 00 00 00 00 00 00 00 40 01 00 00 00 80 3f 00 00 f3 04 b5 3f 39 05",""
3923,19187,"PACKET","IN",207,45,"PlayerSync","id=207 bytes=45","cf 4b 00 91 00 70 ff c0 00 35 46 29 f0 d7 3d 09 91 5c bb 1f 10 80 00 00 00 03 56 93 80 00 00 1b 2f 30 f4 8b fa f6 57 fd fd c8 04 02 80",""
3924,19188,"RPC","IN",87,2,"ClearPlayerAnimation","id=87 bytes=2","94 00",""
3925,19189,"RPC","IN",86,29,"ApplyPlayerAnimation","id=86 bytes=29","94 00 05 43 41 52 52 59 0b 63 72 72 79 5f 70 72 74 69 61 6c 33 33 83 40 00 00 00 00 00",""
3926,19189,"PACKET","IN",207,45,"PlayerSync","id=207 bytes=45","cf 4b 00 91 80 71 3f c0 00 11 03 a9 f0 e5 fd 09 91 78 39 5f 10 80 00 00 00 02 b6 9b 80 00 01 6b eb 1c f4 77 fb 72 57 fd fd c8 04 02 80",""
3927,19189,"RPC","IN",135,2,"HideTextDraw","id=135 bytes=2","3c 08",""
3928,19189,"RPC","IN",135,2,"HideTextDraw","id=135 bytes=2","2b 08",""
3929,19189,"RPC","IN",135,2,"HideTextDraw","id=135 bytes=2","2c 08",""
3930,19189,"RPC","IN",135,2,"HideTextDraw","id=135 bytes=2","2d 08",""
3931,19189,"RPC","IN",135,2,"HideTextDraw","id=135 bytes=2","2e 08",""
3932,19189,"RPC","IN",135,2,"HideTextDraw","id=135 bytes=2","2f 08",""
3933,19189,"RPC","IN",135,2,"HideTextDraw","id=135 bytes=2","30 08",""
3934,19190,"RPC","IN",135,2,"HideTextDraw","id=135 bytes=2","31 08",""
3935,19190,"RPC","IN",135,2,"HideTextDraw","id=135 bytes=2","32 08",""
3936,19190,"RPC","IN",135,2,"HideTextDraw","id=135 bytes=2","33 08",""
3937,19190,"RPC","IN",135,2,"HideTextDraw","id=135 bytes=2","34 08",""
3938,19190,"RPC","IN",135,2,"HideTextDraw","id=135 bytes=2","35 08",""
3939,19190,"RPC","IN",135,2,"HideTextDraw","id=135 bytes=2","36 08",""
3940,19190,"RPC","IN",135,2,"HideTextDraw","id=135 bytes=2","37 08",""
3941,19190,"RPC","IN",135,2,"HideTextDraw","id=135 bytes=2","38 08",""
3942,19190,"RPC","IN",135,2,"HideTextDraw","id=135 bytes=2","39 08",""
3943,19190,"RPC","IN",135,2,"HideTextDraw","id=135 bytes=2","3a 08",""
3944,19190,"RPC","IN",135,2,"HideTextDraw","id=135 bytes=2","3b 08",""
3945,19210,"RPC","IN",72,6,"SetPlayerColor","id=72 bytes=6","26 00 ff ff ff ff",""
3946,19211,"RPC","IN",72,6,"SetPlayerColor","id=72 bytes=6","26 00 ff ff ff ff",""
3947,19211,"RPC","IN",11,18,"SetPlayerName","id=11 bytes=18","26 00 0e 4d 61 72 63 75 73 5f 4d 75 72 64 6f 63 6b 01",""
3948,19211,"PACKET","IN",207,35,"PlayerSync","id=207 bytes=35","cf 1a 00 00 00 37 65 23 70 da 69 09 91 4b 21 de 90 80 00 00 00 00 b3 19 80 00 00 00 00 00 01 28 00 04 11",""
3949,19211,"PACKET","IN",207,45,"PlayerSync","id=207 bytes=45","cf 4b 00 91 80 71 3f c0 00 03 81 29 f0 f2 7d 09 91 68 37 df 10 80 00 00 00 03 3e 9b 80 00 02 80 1b 18 f6 07 f9 e2 4f fd fd c8 04 02 80",""
3950,19211,"PACKET","IN",207,45,"PlayerSync","id=207 bytes=45","cf 9e 00 8f 80 61 3f c0 00 3d e8 29 70 ed 7a 09 91 40 92 1f 10 84 00 00 00 00 9c 4e 40 00 00 8c e6 9c f5 fd b6 9b fb fd fd a5 04 04 80",""
3951,19238,"PACKET","IN",207,45,"PlayerSync","id=207 bytes=45","cf 4b 00 91 80 71 3f c0 00 11 be a9 b0 fe 7d 09 91 69 36 5f 10 80 00 00 00 02 aa 9b 80 00 02 be 96 f4 f6 23 f9 32 4f fd fd c8 04 02 80",""
3952,19239,"PACKET","IN",207,45,"PlayerSync","id=207 bytes=45","cf 54 00 fe 7f e0 7f c0 00 01 b9 23 b0 fe d9 49 91 71 a8 9e 90 80 00 00 00 00 72 ca c0 00 00 f7 13 1c f7 bf ff 8e 0f fd fd a5 04 04 80",""
3953,19239,"PACKET","IN",207,43,"PlayerSync","id=207 bytes=43","cf 63 00 60 3f c2 00 0a 72 a2 f0 fe 25 c9 91 6d fa 9f d0 80 00 00 00 01 c7 b7 80 00 02 39 3d 18 f4 c7 23 05 18 94 9d 6c 04 04 80",""
3954,19239,"PACKET","IN",207,45,"PlayerSync","id=207 bytes=45","cf 9e 00 8e 80 61 3f c0 00 2b e8 e9 70 fd 7a 89 91 6a 10 5f 10 84 00 00 00 02 04 4e 40 00 03 46 c6 ac f7 99 b2 43 fb fd fd a5 04 04 80",""
3955,19239,"PACKET","IN",207,45,"PlayerSync","id=207 bytes=45","cf 4b 00 91 80 71 3f c0 00 27 fc 29 b0 ca 7d 49 91 6e 74 df 10 80 00 00 00 02 3e 9b 80 00 03 e8 e6 ec f6 03 f9 f2 4f fd fd c8 04 02 80",""
3956,19239,"PACKET","IN",200,44,"VehicleSync","id=200 bytes=44","c8 70 00 27 00 00 00 00 00 08 00 77 00 40 f0 70 1b 15 2b 6a 6c 3f 45 b2 74 54 11 b7 c4 23 0b e8 a3 d5 10 0f 78 5b a8 68 40 1c 00 00",""
3957,19258,"PACKET","IN",207,35,"PlayerSync","id=207 bytes=35","cf 1c 00 00 00 2d 02 a6 f0 e0 10 09 d1 7b 67 1f 10 84 00 00 00 00 15 5f 00 00 00 00 00 00 01 28 00 04 11",""
3958,19259,"PACKET","IN",207,45,"PlayerSync","id=207 bytes=45","cf 4b 00 91 80 71 3f c0 00 12 39 e9 b0 d5 fd 49 91 40 33 9f 10 80 00 00 00 02 92 9b 80 00 01 44 d2 d4 f5 ef fa 82 4f fd fd c8 04 02 80",""
3959,19289,"PACKET","IN",207,45,"PlayerSync","id=207 bytes=45","cf 4b 00 91 80 71 3f c0 00 3f 77 69 b0 e1 7d 49 91 53 b2 1f 10 80 00 00 00 01 ca 9b 80 00 03 51 06 d0 f5 ff fa 12 4f fd fd c8 04 02 80",""
3960,19289,"PACKET","IN",207,45,"PlayerSync","id=207 bytes=45","cf 9e 00 8e 00 61 3f c0 00 3c 69 a9 70 e6 fb 49 91 4d 0e 9f 10 84 00 00 00 03 b4 4a 40 00 00 68 f2 c0 f6 31 b2 0b fb fd fd a5 04 04 80",""
3961,19290,"PACKET","IN",207,45,"PlayerSync","id=207 bytes=45","cf 4b 00 91 80 71 3f c0 00 2f f5 29 b0 ec fd 49 91 69 30 9f 10 80 00 00 00 02 06 9b 80 00 01 a5 42 cc f5 d7 fb 16 4f fd fd c8 04 02 80",""
3962,19290,"PACKET","IN",200,44,"VehicleSync","id=200 bytes=44","c8 70 00 27 00 0f 00 00 00 08 00 77 00 44 10 7e ab 0f 6d fa 6c 33 d5 c2 74 5f 62 c7 c4 27 2d ab 13 d6 c0 0d 78 7d a8 68 40 1c 00 00",""
3963,19290,"PACKET","IN",207,35,"PlayerSync","id=207 bytes=35","cf 94 00 00 00 0c fe 66 b0 ef 39 c9 91 7b 67 1f 10 84 00 00 00 02 9a 53 c0 00 00 00 00 00 01 a5 04 e8 80",""
3964,19290,"RPC","IN",105,7,"TextDrawSetString","id=105 bytes=7","26 08 03 00 31 30 30",""
3965,19290,"RPC","IN",105,5,"TextDrawSetString","id=105 bytes=5","27 08 01 00 30",""
3966,19290,"RPC","IN",105,6,"TextDrawSetString","id=105 bytes=6","28 08 02 00 35 30",""
3967,19290,"RPC","IN",105,5,"TextDrawSetString","id=105 bytes=5","29 08 01 00 39",""
3968,19290,"RPC","IN",105,7,"TextDrawSetString","id=105 bytes=7","2a 08 03 00 31 30 30",""
3969,19291,"PACKET","IN",207,45,"PlayerSync","id=207 bytes=45","cf 54 00 fe 7f e0 7f c0 00 1f 2e 23 b0 ca 99 89 91 44 67 de 90 80 00 00 00 03 2a c6 c0 00 03 cf 47 28 f7 af fd 86 13 fd fd a5 04 04 80",""
3970,19310,"PACKET","IN",207,35,"PlayerSync","id=207 bytes=35","cf 0b 00 00 00 1a fc 26 b0 c0 43 09 d1 7b 67 1f 10 84 00 00 00 03 32 4b c0 00 00 00 00 00 01 28 00 04 11",""
3971,19310,"PACKET","IN",207,45,"PlayerSync","id=207 bytes=45","cf 4b 00 91 80 71 3f c0 00 22 72 e9 b0 f8 7d 49 91 7f 6f 1f 10 80 00 00 00 01 a2 97 80 00 03 50 7a c8 f5 e3 fa c6 4f fd fd c8 04 02 80",""
3972,19311,"PACKET","IN",207,45,"PlayerSync","id=207 bytes=45","cf 9e 00 8d 00 60 ff c0 00 2b 2a 69 70 f9 7b c9 91 6e 0c df 10 84 00 00 00 01 88 4e 40 00 01 c0 ee c0 f4 7d b6 63 fb fd fd a5 04 04 80",""
3973,19340,"PACKET","IN",207,45,"PlayerSync","id=207 bytes=45","cf 4b 00 91 80 71 3f c0 00 12 2e 69 b0 d1 7d 89 91 6a ec 5f 10 80 00 00 00 00 d2 93 80 00 00 af 4e c8 f4 4f f8 52 5b fd fd c8 04 02 80",""
3974,19340,"PACKET","IN",207,35,"PlayerSync","id=207 bytes=35","cf 49 00 00 00 05 d5 25 b0 dd 8f 09 d1 6c 24 9f 10 80 00 00 00 01 eb 77 c0 00 00 00 00 00 01 28 00 04 11",""
3975,19341,"PACKET","IN",203,34,"AimSync","id=203 bytes=34","cb 49 00 04 ca c9 94 3e 86 63 6d bf f8 98 71 be 8e a6 96 c3 5a 5d 27 45 58 88 80 42 00 00 00 00 3f 28",""
3976,19341,"PACKET","IN",207,43,"PlayerSync","id=207 bytes=43","cf 63 00 60 3f c2 00 14 ae e2 f0 df e5 89 91 57 3e df 90 80 00 00 00 01 c7 b7 80 00 03 12 3e 6c f7 c6 b6 45 6c e0 39 6c 04 04 80",""
3977,19341,"PACKET","IN",207,45,"PlayerSync","id=207 bytes=45","cf 9e 00 8c 80 60 ff c0 00 1c ab 29 70 ca bc 89 91 55 0b 5f 10 84 00 00 00 03 c0 4a 40 00 02 d6 9e b4 f6 ad b2 1f fb fd fd a5 04 04 80",""
3978,19362,"PACKET","IN",207,45,"PlayerSync","id=207 bytes=45","cf 4b 00 91 80 71 3f c0 00 33 2b e9 b0 df 3d 89 91 6f ea df 10 80 00 00 00 03 4a 8f 80 00 03 ea e6 e0 f7 e3 f6 ae 5b fd fd c8 04 02 80",""
3979,19362,"PACKET","IN",207,35,"PlayerSync","id=207 bytes=35","cf 51 00 00 00 30 e3 68 30 f6 0c 09 d1 7b 67 1f 10 84 00 00 00 02 e7 67 c0 00 00 00 00 00 01 28 00 04 11",""
3980,19362,"PACKET","IN",200,44,"VehicleSync","id=200 bytes=44","c8 70 00 27 00 13 00 00 00 00 00 7e 80 3e f0 6a 5b 00 90 2a 7c 38 b5 c2 74 5e 03 b7 c4 21 45 c9 d3 d9 70 01 58 a0 88 78 40 1c 00 00",""
3981,19362,"PACKET","IN",207,35,"PlayerSync","id=207 bytes=35","cf 7e 00 00 00 11 42 a6 f0 c0 4b 89 d1 7b 67 1f 10 84 00 00 00 00 c6 1b 94 00 00 00 00 00 01 28 00 04 11",""
3982,19362,"PACKET","IN",207,35,"PlayerSync","id=207 bytes=35","cf 4d 00 00 00 02 00 23 30 e6 e4 09 91 70 1e 9e 90 84 00 00 00 03 da d0 80 00 00 00 00 00 01 28 00 04 11",""
3983,19396,"PACKET","IN",207,35,"PlayerSync","id=207 bytes=35","cf 1f 00 00 00 20 66 e8 30 c3 bc c9 91 7b 67 1f 10 84 00 00 00 00 97 53 00 00 00 00 00 00 01 a5 04 e8 80",""
3984,19396,"PACKET","IN",207,35,"PlayerSync","id=207 bytes=35","cf 3d 00 00 00 39 94 e5 b0 e4 03 c9 d1 6c 24 9f 10 80 00 00 00 02 af cd c0 00 00 00 00 00 01 28 00 04 11",""
3985,19397,"PACKET","IN",207,45,"PlayerSync","id=207 bytes=45","cf 4b 00 91 80 71 3f c0 00 1b 69 69 b0 ee 7d 89 91 50 a9 5f 10 80 00 00 00 02 b2 8f 80 00 03 4a 9e dc f7 8b f4 a2 5f fd fd c8 04 02 80",""
3986,19397,"PACKET","IN",207,45,"PlayerSync","id=207 bytes=45","cf 54 00 fe 7f e0 7f c0 00 09 a1 23 b0 da 19 89 91 66 a6 9e 90 80 00 00 00 01 6a c6 c0 00 00 76 8a f0 f7 9b ff f6 13 fd fd a5 04 04 80",""
3987,19397,"RPC","IN",11,14,"SetPlayerName","id=11 bytes=14","77 00 0a 59 61 6e 61 5f 48 65 62 61 74 01",""
3988,19397,"PACKET","IN",207,43,"PlayerSync","id=207 bytes=43","cf 63 00 60 3f c2 00 25 2c a2 f0 ff a5 49 91 52 95 5f 90 80 00 00 00 01 c7 b7 80 00 00 6c 50 10 f6 d2 b7 81 d3 d4 21 6c 04 04 80",""
3989,19419,"PACKET","IN",207,45,"PlayerSync","id=207 bytes=45","cf 4b 00 91 80 71 3f c0 00 07 24 a9 b0 cb 7d c9 91 49 a6 5f 10 80 00 00 00 03 d2 8b 80 00 03 0c 4a d8 f7 03 f7 6a 5f fd fd c8 04 02 80",""
3990,19419,"PACKET","IN",207,43,"PlayerSync","id=207 bytes=43","cf 63 00 60 3f c0 00 0b ac 62 f0 fc e5 49 91 6e cc 1f 90 80 00 00 00 01 c7 b7 80 00 02 a5 98 84 f5 92 97 99 db b0 15 6c 04 04 80",""
3991,19419,"PACKET","IN",207,45,"PlayerSync","id=207 bytes=45","cf 9e 00 8d 00 60 ff c0 00 0e ac a9 70 cc fd c9 91 7c 47 9f 10 84 00 00 00 01 14 3e 40 00 03 f9 8f 04 f5 dd bb 2b fb fd fd a5 04 04 80",""
3992,19420,"PACKET","IN",207,45,"PlayerSync","id=207 bytes=45","cf 4b 00 91 80 71 3f c0 00 28 22 29 b0 da 3d c9 91 4b 24 df 10 80 00 00 00 03 82 8b 80 00 02 ac 2a d4 f6 b3 f5 12 63 fd fd c8 04 02 80",""
3993,19420,"PACKET","IN",200,44,"VehicleSync","id=200 bytes=44","c8 70 00 27 00 00 00 00 00 00 00 71 b0 38 50 63 bb 00 22 1a 7c 3e 25 c2 74 51 c4 a7 c4 27 c9 28 83 da 50 05 78 aa 08 78 40 1c 00 00",""
3994,19462,"PACKET","IN",207,45,"PlayerSync","id=207 bytes=45","cf 4b 00 91 80 71 3f c0 00 21 9f e9 b0 e8 3d c9 91 5c 63 5f 10 80 00 00 00 00 8e 8b 80 00 00 63 2a c4 f6 9f f5 76 63 fd fd c8 04 02 80",""
3995,19463,"PACKET","IN",207,45,"PlayerSync","id=207 bytes=45","cf 9e 00 90 00 61 7f c0 00 27 ad 29 70 ec 7e 49 91 64 05 df 10 84 00 00 00 02 58 1e 40 00 02 1a 86 f0 f7 05 c0 57 ff fd fd a5 04 04 80",""
3996,19463,"PACKET","IN",207,35,"PlayerSync","id=207 bytes=35","cf 29 00 00 00 2e 09 a5 b0 d1 c9 c9 d1 6c 24 9f 10 80 00 00 00 01 7d 63 c0 00 00 00 00 00 01 28 00 04 11",""
3997,19463,"PACKET","IN",207,45,"PlayerSync","id=207 bytes=45","cf 4b 00 91 80 71 3f c0 00 0d 5d a9 b0 f7 3d c9 91 62 e1 df 10 80 00 00 00 02 c6 87 80 00 00 99 96 bc f5 e3 f5 36 67 fd fd c8 04 02 80",""
3998,19463,"PACKET","IN",207,35,"PlayerSync","id=207 bytes=35","cf 53 00 00 00 13 94 e5 b0 ea cc 49 d1 6c e4 9f 10 80 00 00 00 03 52 2a c0 00 00 00 00 00 01 a5 04 04 80",""
3999,19463,"PACKET","IN",207,45,"PlayerSync","id=207 bytes=45","cf 54 00 fe 7f e0 7f c0 00 35 16 23 b0 e8 59 89 91 79 65 9e 90 80 00 00 00 00 1a c6 c0 00 00 6c 27 20 f7 87 fd ba 17 fd fd a5 04 04 80",""
4000,19463,"PACKET","IN",207,35,"PlayerSync","id=207 bytes=35","cf 85 00 00 00 2b 0b 62 b0 d7 e8 c9 91 50 59 de 90 84 00 00 00 03 a8 31 80 00 00 00 00 00 01 28 00 04 11",""
4001,19463,"PACKET","IN",207,35,"PlayerSync","id=207 bytes=35","cf 97 00 00 00 09 a6 25 b0 d5 fd 09 91 6c 24 9f 10 84 00 00 00 00 3b eb e8 00 00 00 00 00 01 28 00 04 11",""
4002,19463,"RPC","IN",86,27,"ApplyPlayerAnimation","id=86 bytes=27","9a 00 07 42 44 5f 46 49 52 45 07 77 61 73 68 5f 75 70 33 33 83 40 80 00 00 00 00",""
4003,19482,"PACKET","IN",207,35,"PlayerSync","id=207 bytes=35","cf 60 00 00 00 25 ca e3 30 e5 e0 49 91 6f df 1e 90 84 00 00 00 00 ae f9 c0 00 00 00 00 00 01 28 00 04 11",""
4004,19483,"PACKET","IN",207,35,"PlayerSync","id=207 bytes=35","cf 7c 00 00 00 03 66 28 30 f1 c4 49 d1 7b 67 1f 10 84 00 00 00 01 fe 49 80 00 00 00 00 00 01 fb 04 e8 80",""
4005,19483,"PACKET","IN",207,45,"PlayerSync","id=207 bytes=45","cf 9e 00 95 80 62 3f c0 00 2f ad 69 70 c3 ff 09 91 7b 83 df 10 80 00 00 00 00 dc 16 40 00 01 90 22 d4 f5 a5 e3 17 ff fd fd a5 04 04 80",""
4006,19483,"PACKET","IN",207,45,"PlayerSync","id=207 bytes=45","cf 4b 00 91 00 71 3f c0 00 19 db 29 b0 c7 7e 09 91 54 20 5f 10 80 00 00 00 01 02 83 80 00 00 69 22 e0 f5 6b f7 7a 67 fd fd c8 04 02 80",""
4007,19483,"PACKET","IN",207,43,"PlayerSync","id=207 bytes=43","cf 63 00 60 3f c0 00 31 ea a2 f0 f0 65 49 91 7c 49 df 50 80 00 00 00 01 c7 b7 80 00 01 c8 12 58 f4 56 50 71 ee b8 05 6c 04 04 80",""
4008,19510,"PACKET","IN",207,45,"PlayerSync","id=207 bytes=45","cf 4b 00 91 00 71 3f c0 00 16 18 a9 b0 d9 3e 09 91 77 1e 9f 10 80 00 00 00 00 6a 83 80 00 02 15 1e ec f7 df f2 b6 6f fd fd c8 04 02 80",""
4009,19510,"PACKET","IN",200,44,"VehicleSync","id=200 bytes=44","c8 70 00 27 00 00 00 00 00 00 00 7c 10 2b e0 6e 2a f1 84 0a 7c 33 35 d2 74 5c c5 97 c4 2a aa 35 d3 d9 e0 09 28 92 e8 88 40 1c 00 00",""
4010,19510,"PACKET","IN",207,45,"PlayerSync","id=207 bytes=45","cf 9e 00 9c 00 63 bf c0 00 3e ad 29 70 da 3f 89 91 55 81 df 10 80 00 00 00 00 14 56 40 00 00 ea da c8 f4 da 17 8f ff fd fd a5 04 04 80",""
4011,19535,"PACKET","IN",207,45,"PlayerSync","id=207 bytes=45","cf 4b 00 8f 00 71 3f c0 00 0b 54 e9 b0 f5 3e 09 91 44 1c 5f 10 80 00 00 00 00 62 67 80 00 00 2c e4 40 f4 13 f2 aa 7f fd fd c8 04 02 80",""
4012,19535,"PACKET","IN",207,45,"PlayerSync","id=207 bytes=45","cf 54 00 fe 7f e0 7f c0 00 05 ca 23 b0 f9 d9 89 91 41 a5 1e 90 80 00 00 00 02 b6 c2 c0 00 00 39 2e e4 f7 73 ff 9e 17 fd fd a5 04 04 80",""
4013,19535,"PACKET","OUT",207,69,"PlayerSync","id=207 bytes=69","cf 00 00 00 00 00 00 22 90 8d c3 0a 85 26 45 6a 86 7a 42 f5 21 4f 3f 00 00 00 00 00 00 00 00 89 70 16 3f 64 00 00 00 00 00 00 00 00 00 00 00 00 00 00 00 00 00 00 00 00 00 00 00 00 00 00 00 00 00 a5 04 e8 80",""
