sequence,elapsed_ms,type,direction,id,bytes,name,details,hex,marker
1,12,"PACKET","IN",207,45,"PlayerSync","id=207 bytes=45","cf 1a 00 a4 00 77 bf c0 00 08 ab 6a b0 f4 8d c9 d1 73 83 1f 90 80 00 00 00 02 f7 fd 80 00 03 60 8c c8 f5 8a 29 b0 03 fd fd c8 04 04 80",""
2,13,"PACKET","IN",207,45,"PlayerSync","id=207 bytes=45","cf 2d 00 d2 7f ea 3f c0 00 15 9d 67 b0 d8 49 c9 d1 7b 67 1f 10 84 00 00 00 03 8d c3 c0 00 03 73 32 80 f4 68 79 d7 4b fd fd c8 04 02 80",""
3,13,"RPC","IN",86,27,"ApplyPlayerAnimation","id=86 bytes=27","7e 00 07 42 44 5f 46 49 52 45 07 77 61 73 68 5f 75 70 33 33 83 40 80 00 00 00 00",""
4,13,"PACKET","IN",207,45,"PlayerSync","id=207 bytes=45","cf 1a 00 a4 80 77 7f c0 00 2d eb 2a b0 cf 4d c9 d1 70 43 5f 90 80 00 00 00 02 b3 fd 80 00 03 08 90 c8 f5 be 2e 0c 03 fd fd c8 04 04 80",""
5,13,"PACKET","IN",203,34,"AimSync","id=203 bytes=34","cb 1a 00 04 19 94 6e 3f 61 17 ab be eb 1f 10 be 80 4f ac c3 2a 4a 27 45 53 36 81 42 00 00 00 00 3f 36",""
6,14,"PACKET","IN",207,45,"PlayerSync","id=207 bytes=45","cf 2d 00 d2 ff e9 ff c0 00 25 5f a7 b0 d1 4a 09 d1 7b 67 1f 10 84 00 00 00 03 85 cf c0 00 01 63 52 bc f6 b4 68 db 3b fd fd c8 04 02 80",""
7,14,"PACKET","IN",207,45,"PlayerSync","id=207 bytes=45","cf 70 00 f3 ff ea ff c2 00 30 42 69 b0 cb 2a 89 91 40 16 df 50 80 00 00 00 01 4f 6b 00 00 03 32 ab c0 f4 47 cb bd 17 fd fd 00 00 00 80",""
8,32,"PACKET","IN",207,45,"PlayerSync","id=207 bytes=45","cf 1a 00 a4 80 77 7f c0 00 0f eb 2a b0 ea 0d 89 d1 6b 83 9f 90 80 00 00 00 02 a3 fd 80 00 02 0d 04 c8 f7 4e 32 90 03 fd fd c8 04 04 80",""
9,33,"PACKET","IN",207,45,"PlayerSync","id=207 bytes=45","cf 2d 00 d2 ff e9 ff c0 00 18 a2 27 b0 ca 8a 49 d1 7b 67 1f 10 84 00 00 00 03 b5 df c0 00 01 b2 4a d4 f6 ac 62 2b 2f fd fd c8 04 02 80",""
10,33,"PACKET","IN",207,35,"PlayerSync","id=207 bytes=35","cf 4d 00 00 00 02 00 23 30 e6 e4 09 91 70 1e 9e 90 84 00 00 00 03 da d0 80 00 00 00 00 00 01 28 00 04 11",""
11,57,"PACKET","IN",207,35,"PlayerSync","id=207 bytes=35","cf 02 00 00 00 2d a2 e3 70 ee 9a 89 91 77 a3 1e 90 80 00 00 00 00 8a aa c0 00 00 00 00 00 01 28 00 04 11",""
12,58,"PACKET","IN",207,45,"PlayerSync","id=207 bytes=45","cf 1a 00 a4 80 77 7f c0 00 31 6a ea b0 c5 0d 89 d1 66 03 df 90 80 00 00 00 02 a3 fd 80 00 02 e5 54 c4 f4 86 36 b0 03 fd fd c8 04 04 80",""
13,58,"PACKET","IN",200,38,"VehicleSync","id=200 bytes=38","c8 38 00 1c 00 00 00 00 00 00 00 39 10 29 70 89 63 07 9a 6a 9c 33 e6 e2 74 57 a9 57 b4 20 00 00 00 02 60 3d f0 00",""
14,58,"PACKET","IN",207,45,"PlayerSync","id=207 bytes=45","cf 70 00 f7 7f ea 3f c2 00 20 79 a9 70 f6 69 c9 91 77 d3 df 50 80 00 00 00 01 8f 73 00 00 00 4d df 9c f6 d7 c1 59 0f fd fd 00 00 00 80",""
15,80,"PACKET","IN",207,45,"PlayerSync","id=207 bytes=45","cf 1a 00 a4 80 77 3f c0 00 13 2a ea b0 e0 4d 49 d1 60 04 1f 90 80 00 00 00 02 5f fd 80 00 03 2f 40 c0 f4 a2 36 b4 03 fd fd c8 04 04 80",""
16,80,"PACKET","IN",207,45,"PlayerSync","id=207 bytes=45","cf 2d 00 d3 7f e9 bf c0 00 03 e4 e7 b0 c4 8a 89 d1 7b 67 1f 10 84 00 00 00 01 bd eb c0 00 02 36 66 f4 f4 2c 5b 3f 1f fd fd c8 04 02 80",""
17,80,"PACKET","IN",207,45,"PlayerSync","id=207 bytes=45","cf 1a 00 a4 80 76 ff c0 00 32 6a aa b0 fc 0d 09 d1 57 84 5f 90 80 00 00 00 02 23 fd 80 00 02 d0 a0 b8 f5 76 3b 3c 03 fd fd c8 04 04 80",""
18,80,"PACKET","IN",207,45,"PlayerSync","id=207 bytes=45","cf 2d 00 d3 ff e9 7f c0 00 31 a7 e7 b0 c6 4a c9 d1 7b 67 1f 10 84 00 00 00 03 1d f3 c0 00 03 be 7e e4 f5 e4 51 c3 17 fd fd c8 04 02 80",""
19,80,"PACKET","IN",207,45,"PlayerSync","id=207 bytes=45","cf 70 00 fa 7f e9 3f c0 00 36 f6 69 70 fe a9 89 91 40 93 1f 50 80 00 00 00 00 2b 83 00 00 02 59 e3 9c f4 7f c1 0d 0b fd fd 00 00 00 80",""
20,80,"PACKET","IN",200,46,"VehicleSync","id=200 bytes=46","c8 9e 00 2d 00 00 00 00 00 08 00 6e 10 17 a0 2e ab 0f d2 89 0c 22 ae 72 44 51 ea 97 f4 28 14 95 53 fd ff f9 58 59 a7 f7 f0 39 00 01 ff ff",""
21,80,"PACKET","IN",203,34,"AimSync","id=203 bytes=34","cb 9e 00 12 4c 47 7d 3f f0 da 1c 3d 0a a9 0f be 74 55 a2 c2 89 e1 24 45 7a 87 86 42 00 00 00 00 3f 22",""
22,101,"PACKET","IN",207,45,"PlayerSync","id=207 bytes=45","cf 1a 00 a4 80 76 ff c0 00 0e ea aa b0 d7 8d 09 d1 4e 04 9f 90 80 00 00 00 02 43 fd 80 00 03 15 60 bc f5 7e 3f b4 03 fd fd c8 04 04 80",""
23,102,"PACKET","IN",207,45,"PlayerSync","id=207 bytes=45","cf 70 00 fb ff e8 ff c0 00 33 b3 a9 70 c7 29 89 91 40 12 5f 50 80 00 00 00 00 d7 87 00 00 00 76 07 9c f5 93 b3 b0 ef fd fd 00 00 00 80",""
24,127,"RPC","IN",86,27,"ApplyPlayerAnimation","id=86 bytes=27","76 00 07 42 44 5f 46 49 52 45 07 77 61 73 68 5f 75 70 33 33 83 40 80 00 00 00 00",""
25,127,"PACKET","IN",207,45,"PlayerSync","id=207 bytes=45","cf 2d 00 d4 ff e8 ff c0 00 17 2a a7 b0 fa 8a c9 d1 7b 67 1f 10 84 00 00 00 01 65 fb c0 00 01 d5 32 d0 f4 2c 4c b3 0f fd fd c8 04 02 80",""
26,128,"PACKET","IN",207,45,"PlayerSync","id=207 bytes=45","cf 70 00 fd ff e8 3f c0 00 37 b1 29 70 d3 29 49 91 5a 11 9f 50 80 00 00 00 00 c7 8f 00 00 03 36 0f 9c f4 4f af 7c e7 fd fd 00 00 00 80",""
27,128,"PACKET","IN",207,35,"PlayerSync","id=207 bytes=35","cf 76 00 00 01 0e 87 a2 f0 c1 28 c9 91 5a 1c 1e 90 84 00 00 00 03 6c 9f 40 00 00 00 00 00 01 00 00 00 80",""
28,128,"RPC","IN",86,27,"ApplyPlayerAnimation","id=86 bytes=27","00 00 07 42 44 5f 46 49 52 45 07 77 61 73 68 5f 75 70 33 33 83 40 80 00 00 00 00",""
29,128,"PACKET","IN",207,45,"PlayerSync","id=207 bytes=45","cf 1a 00 a4 80 76 7f c0 00 0b aa 6a b0 ce 0c c9 d1 7e 84 df 90 80 00 00 00 01 ef fd 80 00 00 3b c0 c4 f4 ae 3b 24 03 fd fd c8 04 04 80",""
30,128,"PACKET","IN",207,41,"PlayerSync","id=207 bytes=41","cf 3d 00 00 00 17 e7 a8 30 da 39 09 91 7b 67 1f 10 84 00 00 00 00 e6 f1 c0 00 01 6c d2 3c ec 15 9a a4 0b fd fd 0f 05 04 16",""
31,128,"PACKET","IN",207,45,"PlayerSync","id=207 bytes=45","cf 70 00 ff 7f e7 bf c0 00 04 2e e9 70 db e9 09 91 44 11 1f 50 80 00 00 00 02 07 93 00 00 01 d7 3f 9c f6 cb a1 78 db fd fd 00 00 00 80",""
32,128,"PACKET","IN",207,35,"PlayerSync","id=207 bytes=35","cf 76 00 00 00 0e 87 a2 f0 c1 28 c9 91 5a 1c 1e 90 84 00 00 00 03 6c 9f 40 00 00 00 00 00 01 00 00 00 80",""
33,152,"PACKET","IN",207,45,"PlayerSync","id=207 bytes=45","cf 2d 00 d5 7f e8 bf c0 00 0e ad 67 b0 ee 8b 09 d1 7b 67 1f 10 84 00 00 00 01 7e 03 c0 00 01 e8 9e bc f4 70 4a 8b 07 fd fd c8 04 02 80",""
34,152,"PACKET","IN",200,38,"VehicleSync","id=200 bytes=38","c8 38 00 1c 00 00 00 00 00 00 00 39 30 29 d0 89 63 07 9a 6a 9c 33 e6 e2 74 57 a9 57 b4 20 00 00 00 02 60 3d f0 00",""
35,153,"PACKET","IN",203,34,"AimSync","id=203 bytes=34","cb 38 00 12 81 92 cf be 89 42 68 3f a4 0d e5 bd dc 07 a8 c3 43 fa 26 45 76 0f 81 42 00 00 00 00 3f c6",""
36,153,"PACKET","IN",207,41,"PlayerSync","id=207 bytes=41","cf 3d 00 00 00 34 a7 a8 30 c9 f9 09 91 7b 67 1f 10 84 00 00 00 00 e6 f1 c0 00 00 df 59 a4 ed 61 e0 e8 03 fd fd 0f 05 04 16",""
37,153,"PACKET","IN",207,35,"PlayerSync","id=207 bytes=35","cf 55 00 00 00 3e e0 24 70 de 62 c9 91 5c e2 9f 90 84 00 00 00 02 61 2b c0 00 00 00 00 00 01 a8 04 04 18",""
38,153,"PACKET","IN",207,35,"PlayerSync","id=207 bytes=35","cf 97 00 00 00 3d e7 a8 30 e4 09 c9 d1 7b 67 1f 10 84 00 00 00 00 0f 03 e8 00 00 00 00 00 01 a5 04 e8 80",""
39,153,"PACKET","IN",207,45,"PlayerSync","id=207 bytes=45","cf 1a 00 a4 80 75 7f c0 00 25 aa 2a b0 e8 cc 89 d1 75 85 1f 90 80 00 00 00 00 a7 fd 80 00 00 21 a4 d0 f4 96 40 14 07 fd fd c8 04 04 80",""
40,153,"PACKET","IN",207,45,"PlayerSync","id=207 bytes=45","cf 70 00 80 80 66 bf c0 00 36 2c 29 70 df a8 c9 91 71 90 5f 50 80 00 00 00 03 1f 97 00 00 00 57 c3 d4 f4 0b 9c 18 d3 fd fd 00 00 00 80",""
41,178,"PACKET","IN",207,45,"PlayerSync","id=207 bytes=45","cf 1a 00 a4 80 74 bf c0 00 31 e9 ea b0 c1 0c 89 d1 6a 05 5f 90 80 00 00 00 03 a7 f9 80 00 00 ce 0d 00 f6 4e 52 a8 07 fd fd c8 04 04 80",""
42,178,"PACKET","IN",207,45,"PlayerSync","id=207 bytes=45","cf 2d 00 d6 7f e8 7f c0 00 03 b0 27 b0 e0 4b 49 d1 7b 67 1f 10 84 00 00 00 02 fe 07 c0 00 00 28 02 a0 f7 b8 42 7a ff fd fd c8 04 02 80",""
43,179,"PACKET","IN",207,45,"PlayerSync","id=207 bytes=45","cf 70 00 81 80 66 3f c0 00 33 69 a9 70 e1 a8 89 91 6a cf df 50 80 00 00 00 01 df 9b 00 00 03 77 d3 d4 f5 2b 96 fc c7 fd fd 00 00 00 80",""
44,179,"PACKET","IN",200,46,"VehicleSync","id=200 bytes=46","c8 9e 00 2d 00 00 00 00 00 08 00 64 80 36 10 2e db 07 25 88 9c 27 9e 92 44 50 7a a7 f4 2c bf 05 53 fe 1f f7 08 51 b8 07 f0 39 00 01 ff ff",""
45,179,"RPC","IN",99,42,"MoveObject","id=99 bytes=42","a0 00 f8 e3 a1 c3 d7 9b 26 45 53 c5 7d 42 f8 e3 a1 c3 d7 9b 26 45 ed 5e 7b 42 00 00 80 3e 00 00 00 00 00 00 00 00 08 cc 84 43",""
46,179,"RPC","IN",122,2,"StopObject","id=122 bytes=2","a0 00",""
47,179,"RPC","IN",99,42,"MoveObject","id=99 bytes=42","a0 00 f8 e3 a1 c3 d7 9b 26 45 53 c5 7d 42 f8 e3 a1 c3 d7 9b 26 45 53 c5 7d 42 00 00 80 3e 00 00 00 00 00 00 00 00 08 cc 84 43",""
48,179,"RPC","IN",122,2,"StopObject","id=122 bytes=2","a0 00",""
49,180,"RPC","IN",99,42,"MoveObject","id=99 bytes=42","a0 00 f8 e3 a1 c3 d7 9b 26 45 53 c5 7d 42 f8 e3 a1 c3 d7 9b 26 45 ed 5e 7b 42 00 00 80 3e 00 00 00 00 00 00 00 00 08 cc 84 43",""
50,180,"RPC","IN",122,2,"StopObject","id=122 bytes=2","a0 00",""
51,180,"RPC","IN",99,42,"MoveObject","id=99 bytes=42","a0 00 f8 e3 a1 c3 d7 9b 26 45 53 c5 7d 42 f8 e3 a1 c3 d7 9b 26 45 53 c5 7d 42 00 00 80 3e 00 00 00 00 00 00 00 00 08 cc 84 43",""
52,180,"RPC","IN",122,2,"StopObject","id=122 bytes=2","a0 00",""
53,180,"RPC","IN",99,42,"MoveObject","id=99 bytes=42","a0 00 f8 e3 a1 c3 d7 9b 26 45 53 c5 7d 42 f8 e3 a1 c3 d7 9b 26 45 ed 5e 7b 42 00 00 80 3e 00 00 00 00 00 00 00 00 08 cc 84 43",""
54,180,"RPC","IN",122,2,"StopObject","id=122 bytes=2","a0 00",""
55,180,"RPC","IN",99,42,"MoveObject","id=99 bytes=42","a0 00 f8 e3 a1 c3 d7 9b 26 45 53 c5 7d 42 f8 e3 a1 c3 d7 9b 26 45 53 c5 7d 42 00 00 80 3e 00 00 00 00 00 00 00 00 08 cc 84 43",""
56,180,"RPC","IN",122,2,"StopObject","id=122 bytes=2","a0 00",""
57,180,"RPC","IN",99,42,"MoveObject","id=99 bytes=42","a0 00 f8 e3 a1 c3 d7 9b 26 45 53 c5 7d 42 f8 e3 a1 c3 d7 9b 26 45 ed 5e 7b 42 00 00 80 3e 00 00 00 00 00 00 00 00 08 cc 84 43",""
58,180,"RPC","IN",122,2,"StopObject","id=122 bytes=2","a0 00",""
59,180,"RPC","IN",99,42,"MoveObject","id=99 bytes=42","a0 00 f8 e3 a1 c3 d7 9b 26 45 53 c5 7d 42 f8 e3 a1 c3 d7 9b 26 45 53 c5 7d 42 00 00 80 3e 00 00 00 00 00 00 00 00 08 cc 84 43",""
60,180,"RPC","IN",122,2,"StopObject","id=122 bytes=2","a0 00",""
61,180,"RPC","IN",99,42,"MoveObject","id=99 bytes=42","a0 00 f8 e3 a1 c3 d7 9b 26 45 53 c5 7d 42 f8 e3 a1 c3 d7 9b 26 45 ed 5e 7b 42 00 00 80 3e 00 00 00 00 00 00 00 00 08 cc 84 43",""
62,181,"RPC","IN",122,2,"StopObject","id=122 bytes=2","a0 00",""
63,181,"RPC","IN",99,42,"MoveObject","id=99 bytes=42","a0 00 f8 e3 a1 c3 d7 9b 26 45 53 c5 7d 42 f8 e3 a1 c3 d7 9b 26 45 53 c5 7d 42 00 00 80 3e 00 00 00 00 00 00 00 00 08 cc 84 43",""
64,181,"PACKET","IN",207,45,"PlayerSync","id=207 bytes=45","cf 1a 00 a3 80 72 ff c0 00 34 29 aa b0 d7 8c 49 d1 5c 85 9f 90 80 00 00 00 03 a3 f5 80 00 02 40 19 24 f5 ca 5c a8 0b fd fd c8 04 04 80",""
65,181,"PACKET","IN",207,45,"PlayerSync","id=207 bytes=45","cf 2d 00 d6 ff e7 ff c0 00 31 b2 e7 b0 d4 8b 89 d1 7b 67 1f 10 84 00 00 00 02 7a 0b c0 00 00 30 02 a0 f4 98 40 f2 fb fd fd c8 04 02 80",""
66,203,"PACKET","IN",207,45,"PlayerSync","id=207 bytes=45","cf 1a 00 a3 80 72 bf c0 00 1a 29 6a b0 ec 8c 09 d1 42 c5 df 90 80 00 00 00 03 97 f5 80 00 01 ea f5 4c f5 66 80 9c 13 fd fd c8 04 04 80",""
67,203,"PACKET","IN",200,38,"VehicleSync","id=200 bytes=38","c8 38 00 1c 00 00 00 00 00 02 00 39 40 29 d0 89 63 07 9a 6a 9c 33 e6 e2 74 57 a9 57 b4 20 00 00 00 02 60 3d f0 00",""
68,203,"PACKET","IN",207,45,"PlayerSync","id=207 bytes=45","cf 70 00 83 00 65 7f c0 00 26 a7 29 70 e0 e8 49 91 68 4f 5f 50 80 00 00 00 02 a3 9f 00 00 02 8f cf ec f5 4b 92 08 c3 fd fd 00 00 00 80",""
69,203,"RPC","IN",105,7,"TextDrawSetString","id=105 bytes=7","26 08 03 00 31 30 30",""
70,203,"RPC","IN",105,5,"TextDrawSetString","id=105 bytes=5","27 08 01 00 30",""
71,203,"RPC","IN",105,6,"TextDrawSetString","id=105 bytes=6","28 08 02 00 34 38",""
72,203,"RPC","IN",105,5,"TextDrawSetString","id=105 bytes=5","29 08 01 00 37",""
73,204,"RPC","IN",105,7,"TextDrawSetString","id=105 bytes=7","2a 08 03 00 31 30 30",""
74,227,"PACKET","IN",207,45,"PlayerSync","id=207 bytes=45","cf 1a 00 a3 00 71 bf c0 00 3c 68 ea b0 ff cb c9 d1 6a 85 df 90 80 00 00 00 01 67 f5 80 00 01 ae 0d 74 f5 d2 80 b8 13 fd fd c8 04 04 80",""
75,228,"PACKET","IN",207,45,"PlayerSync","id=207 bytes=45","cf 2d 00 d8 7f e7 7f c0 00 14 75 e7 b0 c7 0b c9 d1 7b 67 1f 10 84 00 00 00 00 3a 0b c0 00 01 3a 7e 9c f6 a4 3d 62 f7 fd fd c8 04 02 80",""
76,228,"PACKET","IN",207,41,"PlayerSync","id=207 bytes=41","cf 3d 00 00 00 39 e7 a8 30 c1 b9 09 91 7b 67 1f 10 84 00 00 00 00 e6 f1 c0 00 01 7c d0 14 ee fd d5 a4 03 fd fd 0f 05 04 16",""
77,228,"PACKET","IN",207,45,"PlayerSync","id=207 bytes=45","cf 70 00 84 80 64 3f c2 00 29 e2 29 70 dc 67 c9 91 51 4f 5f 50 80 00 00 00 02 1f a3 00 00 01 c4 af f4 f5 2b 88 08 bb fd fd 00 00 00 80",""
78,229,"PACKET","IN",207,35,"PlayerSync","id=207 bytes=35","cf 85 00 00 00 0b e5 a5 b0 ce 81 09 d1 6c 24 9f 10 80 00 00 00 02 bb 51 80 00 00 00 00 00 01 28 00 04 11",""
79,229,"PACKET","IN",207,45,"PlayerSync","id=207 bytes=45","cf 1a 00 a3 00 71 bf c0 00 0f e8 aa b0 d2 0b c9 d1 4c 46 1f 90 80 00 00 00 02 27 f5 80 00 02 59 ad 90 f5 62 91 10 17 fd fd c8 04 04 80",""
80,229,"PACKET","IN",207,35,"PlayerSync","id=207 bytes=35","cf 7e 00 00 00 13 27 28 30 cd 86 09 d1 7b 67 1f 10 84 00 00 00 01 42 b3 94 00 00 00 00 00 01 28 00 04 11",""
81,249,"PACKET","IN",207,45,"PlayerSync","id=207 bytes=45","cf 2d 00 d9 7f e6 ff c0 00 0f f8 a7 b0 f7 4b c9 d1 7b 67 1f 10 84 00 00 00 00 32 0b c0 00 03 33 32 98 f7 e4 3f ae f7 fd fd c8 04 02 80",""
82,250,"PACKET","IN",200,46,"VehicleSync","id=200 bytes=46","c8 9e 00 2d 00 00 00 00 00 08 00 61 30 4b a0 3e 9b 02 42 08 2c 2d 7e b2 44 53 9a 87 f4 26 19 f5 63 fe 2f f5 38 5c 07 f7 f0 39 00 01 ff ff",""
83,250,"PACKET","IN",207,45,"PlayerSync","id=207 bytes=45","cf 1a 00 a3 00 71 7f c0 00 28 28 2a b0 e4 8b 89 d1 70 46 1f 90 80 00 00 00 02 53 f5 80 00 00 ef b9 84 f4 36 8f 90 13 fd fd c8 04 04 80",""
84,250,"PACKET","IN",207,45,"PlayerSync","id=207 bytes=45","cf 70 00 85 00 62 ff c2 00 01 9d 69 70 d5 67 49 91 78 cf 9f 50 80 00 00 00 02 47 a3 00 00 03 77 a7 e8 f7 6f 81 48 b3 fd fd 00 00 00 80",""
85,271,"PACKET","IN",207,45,"PlayerSync","id=207 bytes=45","cf 1a 00 a3 00 71 3f c0 00 01 27 ea b0 f7 0b 49 d1 54 86 5f 90 80 00 00 00 02 87 f5 80 00 01 20 31 8c f6 fa 8b 38 13 fd fd c8 04 04 80",""
86,272,"PACKET","IN",207,45,"PlayerSync","id=207 bytes=45","cf 2d 00 db ff e6 3f c0 00 1f 7c 27 b0 f6 4c 09 d1 7b 67 1f 10 84 00 00 00 01 d6 07 c0 00 00 43 b2 bc f7 ec 3f ba f7 fd fd c8 04 02 80",""
87,299,"PACKET","IN",207,45,"PlayerSync","id=207 bytes=45","cf 1a 00 a3 00 70 bf c0 00 19 e7 6a b0 c8 cb 49 d1 7a 06 5f 90 80 00 00 00 02 33 f5 80 00 00 16 2d 90 f5 8e 8a d0 13 fd fd c8 04 04 80",""
88,299,"PACKET","IN",207,45,"PlayerSync","id=207 bytes=45","cf 1a 00 a3 00 70 7f c0 00 31 e6 ea b0 db 0b 09 d1 5e 86 9f 90 80 00 00 00 02 73 f5 80 00 01 cd 4d 88 f7 ea 8b 7c 13 fd fd c8 04 04 80",""
89,300,"PACKET","IN",207,45,"PlayerSync","id=207 bytes=45","cf 2d 00 dd 7f e5 bf c0 00 06 ff a7 b0 f3 4c 49 d1 7b 67 1f 10 84 00 00 00 02 76 13 c0 00 01 95 9a c0 f5 3c 42 1a fb fd fd c8 04 02 80",""
90,300,"PACKET","IN",207,41,"PlayerSync","id=207 bytes=41","cf 3d 00 00 00 3c a7 a8 30 fc f8 c9 91 7b 67 1f 10 84 00 00 00 00 e6 f1 c0 00 01 4f 8d 70 ea a9 ec 48 03 fd fd 0f 05 04 16",""
91,300,"PACKET","IN",207,45,"PlayerSync","id=207 bytes=45","cf 70 00 84 00 61 7f c0 00 2b 58 69 70 d1 26 c9 91 5b 90 1f 50 80 00 00 00 01 93 9f 00 00 03 88 23 cc f5 93 87 c8 b3 fd fd 00 00 00 80",""
92,300,"PACKET","IN",207,35,"PlayerSync","id=207 bytes=35","cf 76 00 00 00 0e 87 a2 f0 c1 28 c9 91 5a 1c 1e 90 84 00 00 00 03 6c 9f 40 00 00 00 00 00 01 28 00 04 11",""
93,324,"PACKET","IN",207,45,"PlayerSync","id=207 bytes=45","cf 1a 00 a2 00 6f 7f c0 00 0a 26 aa b0 ec ca c9 d1 43 86 df 90 80 00 00 00 03 fb f1 80 00 02 1b 65 90 f6 1a 8a f8 13 fd fd c8 04 04 80",""
94,325,"PACKET","IN",207,35,"PlayerSync","id=207 bytes=35","cf 51 00 00 00 1b 0a e3 30 cf a8 49 91 58 dd 9e 90 84 00 00 00 01 37 17 c0 00 00 00 00 00 01 28 00 04 11",""
95,325,"PACKET","IN",207,35,"PlayerSync","id=207 bytes=35","cf 60 00 00 00 01 5b 23 b0 d7 8c c9 91 41 6c 5e 90 84 00 00 00 03 e6 19 c0 00 00 00 00 00 01 fb 04 04 80",""
96,325,"PACKET","IN",203,34,"AimSync","id=203 bytes=34","cb 60 00 04 86 48 6b bf a6 f8 c6 3e b6 f4 85 bd 5f d7 8c c3 fb 1d 26 45 d9 fd 7d 42 00 00 00 00 3f 36",""
97,345,"PACKET","IN",207,45,"PlayerSync","id=207 bytes=45","cf 1a 00 a2 00 6f 3f c0 00 16 a6 2a b0 ff 4a 89 d1 61 06 df 90 80 00 00 00 00 7f f5 80 00 02 d8 59 94 f6 7a 9b dc 17 fd fd c8 04 04 80",""
98,345,"PACKET","IN",207,45,"PlayerSync","id=207 bytes=45","cf 2d 00 e0 7f e4 bf c0 00 22 c3 27 f0 ef cc 89 d1 7b 67 1f 10 84 00 00 00 03 b6 17 c0 00 01 9d 9a c0 f6 40 39 32 ef fd fd c8 04 02 80",""
99,345,"PACKET","IN",207,45,"PlayerSync","id=207 bytes=45","cf 70 00 80 80 60 7f c0 00 3a 50 69 70 c5 e6 09 91 4a 50 9f 50 80 00 00 00 01 2b 93 00 00 00 3d 87 a4 f4 ab 9b 90 cb fd fd 00 00 00 80",""
100,345,"PACKET","IN",200,46,"VehicleSync","id=200 bytes=46","c8 9e 00 2d 00 00 00 00 00 08 00 66 50 4f a0 5d eb 0b 4c e7 5c 22 de e2 44 51 28 f7 f4 22 05 65 73 fe 1f f5 98 5d c7 e7 f0 39 00 01 ff ff",""
101,346,"PACKET","IN",207,45,"PlayerSync","id=207 bytes=45","cf 1a 00 a0 80 6d ff c0 00 25 a5 aa b0 d1 8a 89 d1 40 87 1f 90 80 00 00 00 02 27 f1 80 00 01 f9 b1 94 f7 3e 96 d8 17 fd fd c8 04 04 80",""
102,368,"PACKET","IN",207,45,"PlayerSync","id=207 bytes=45","cf 2d 00 e4 7f e3 7f c0 00 37 46 a7 f0 ea 0c c9 d1 7b 67 1f 10 84 00 00 00 01 52 1b c0 00 01 1a 0e b8 f7 70 37 ba e7 fd fd c8 04 02 80",""
103,369,"PACKET","IN",203,34,"AimSync","id=203 bytes=34","cb 2d 00 04 98 02 28 bf a5 74 3f 3f ac 7b cc bd 88 f4 9d c3 d0 09 27 45 95 34 80 42 00 00 00 00 3f 28",""
104,397,"PACKET","IN",207,45,"PlayerSync","id=207 bytes=45","cf 1a 00 9f 80 6c ff c0 00 26 a5 2a b0 e3 0a 49 d1 5a 07 1f 90 80 00 00 00 02 0f f1 80 00 00 01 31 ac f5 82 a7 7c 1b fd fd c8 04 04 80",""
105,398,"PACKET","IN",207,45,"PlayerSync","id=207 bytes=45","cf 2d 00 e6 ff e2 ff c0 00 37 ca 27 f0 e2 4d 09 d1 7b 67 1f 10 84 00 00 00 00 d6 27 c0 00 00 28 3a c8 f6 94 36 0a e7 fd fd c8 04 02 80",""
106,399,"PACKET","IN",207,45,"PlayerSync","id=207 bytes=45","cf 1a 00 9b 80 69 ff c0 00 23 a4 aa b0 f3 4a 09 d1 73 47 1f 90 80 00 00 00 02 63 e9 80 00 00 ef c9 c4 f5 fe a7 a8 1b fd fd c8 04 04 80",""
107,399,"PACKET","IN",207,35,"PlayerSync","id=207 bytes=35","cf 1f 00 00 00 26 a3 e3 70 c2 1d 89 91 42 a3 5e 90 80 00 00 00 02 c2 27 00 00 00 00 00 00 01 28 00 04 11",""
108,399,"PACKET","IN",207,41,"PlayerSync","id=207 bytes=41","cf 3d 00 00 00 3d 67 a8 30 fb 78 c9 91 7b 67 1f 10 84 00 00 00 00 e6 f1 c0 00 00 60 b0 50 e3 15 1c 08 37 fd fd 0f 05 04 16",""
109,399,"PACKET","IN",207,45,"PlayerSync","id=207 bytes=45","cf 70 00 fc 7f e0 7f c0 00 12 49 69 70 eb 65 49 91 43 d0 9f 50 80 00 00 00 00 af 83 00 00 01 25 9b 80 f4 ff b2 c4 ef fd fd 00 00 00 80",""
110,400,"PACKET","IN",203,34,"AimSync","id=203 bytes=34","cb 70 00 04 18 92 4e 3f da 87 15 bf 3e cd b3 bd ad 9a a6 c3 3c b7 26 45 aa 71 80 42 00 00 00 00 3f c6",""
111,400,"PACKET","IN",207,45,"PlayerSync","id=207 bytes=45","cf 1a 00 98 80 68 3f c0 00 37 63 ea b0 c2 0a 09 d1 79 87 1f 90 80 00 00 00 03 fb e5 80 00 03 d3 91 fc f4 d2 ce c0 2b fd fd c8 04 04 80",""
112,400,"PACKET","IN",207,45,"PlayerSync","id=207 bytes=45","cf 2d 00 eb 7f e2 3f c0 00 3c 4c e7 f0 cc 0d 49 d1 7b 67 1f 10 84 00 00 00 01 b2 23 c0 00 00 c8 ce ec f4 a4 31 d2 db fd fd c8 04 02 80",""
113,400,"PACKET","IN",207,35,"PlayerSync","id=207 bytes=35","cf 5b 00 00 00 0e fc 66 b0 e8 7d 89 91 7b 67 1f 10 84 00 00 00 01 0a e2 00 00 00 00 00 00 01 28 00 04 11",""
114,400,"PACKET","IN",207,35,"PlayerSync","id=207 bytes=35","cf 92 00 00 00 22 0a a3 30 e7 59 49 91 6d 9f 1e 90 84 00 00 00 02 9b 21 c0 00 00 00 00 00 01 a5 04 04 80",""
115,422,"PACKET","IN",207,45,"PlayerSync","id=207 bytes=45","cf 1a 00 94 80 65 bf c0 00 3a 63 2a b0 cf 09 c9 d1 5e 07 5f 90 80 00 00 00 03 c3 e1 80 00 00 1a 62 18 f7 46 d7 74 2f fd fd c8 04 04 80",""
116,422,"PACKET","IN",207,45,"PlayerSync","id=207 bytes=45","cf 1a 00 93 80 65 3f c0 00 22 a2 6a b0 da 09 89 d1 61 07 9f 90 80 00 00 00 03 df e5 80 00 01 14 da 38 f4 2e eb ac 37 fd fd c8 04 04 80",""
117,422,"PACKET","IN",207,45,"PlayerSync","id=207 bytes=45","cf 2d 00 ed 7f e1 bf c0 00 26 d0 67 f0 c0 4d 89 d1 7b 67 1f 10 84 00 00 00 03 a6 2b c0 00 01 cb 83 08 f6 3c 31 2e df fd fd c8 04 02 80",""
118,445,"PACKET","IN",207,35,"PlayerSync","id=207 bytes=35","cf 1c 00 00 00 2d 1d 28 30 f6 cc c9 d1 7b 67 1f 10 84 00 00 00 00 65 93 00 00 00 00 00 00 01 28 00 04 11",""
119,445,"PACKET","IN",203,34,"AimSync","id=203 bytes=34","cb 1c 00 04 77 4b e2 be ce f3 5c bf 33 3d 7a be b2 ae 9f c3 30 64 27 45 8d 37 81 42 00 00 00 00 3f 55",""
120,446,"PACKET","IN",207,35,"PlayerSync","id=207 bytes=35","cf 7c 00 00 00 35 a2 e2 70 da 28 89 91 5f 9d de 90 80 00 00 00 01 98 6a 40 00 00 00 00 00 01 28 00 04 11",""
121,446,"PACKET","OUT",203,32,"AimSync","id=203 bytes=32","cb 00 00 00 39 05 00 00 00 00 00 00 00 00 00 00 00 40 01 00 00 00 80 3f 00 00 f3 04 b5 3f 39 05",""
122,446,"PACKET","IN",207,45,"PlayerSync","id=207 bytes=45","cf 1a 00 92 80 64 bf c0 00 06 e1 aa b0 df 09 49 d1 76 c7 df 90 80 00 00 00 03 af e9 80 00 00 21 2e 70 f7 b2 d7 a8 2f fd fd c8 04 04 80",""
123,446,"PACKET","IN",207,45,"PlayerSync","id=207 bytes=45","cf 2d 00 ee ff e1 7f c0 00 06 93 e7 f0 f1 0d 89 d1 7b 67 1f 10 84 00 00 00 00 86 3b c0 00 02 e7 22 f8 f5 40 2e 7a d3 fd fd c8 04 02 80",""
124,469,"PACKET","IN",207,45,"PlayerSync","id=207 bytes=45","cf 1a 00 92 00 64 7f c0 00 30 e0 aa b0 df 89 09 d1 5f 08 5f 90 80 00 00 00 03 97 ed 80 00 02 28 b2 94 f6 de c4 34 2b fd fd c8 04 04 80",""
125,469,"PACKET","IN",207,45,"PlayerSync","id=207 bytes=45","cf 2d 00 ef 7f e1 7f c0 00 10 57 27 f0 dc cd c9 d1 7b 67 1f 10 84 00 00 00 03 e2 47 c0 00 01 f2 66 e4 f7 24 24 56 c7 fd fd c8 04 02 80",""
126,470,"PACKET","IN",207,45,"PlayerSync","id=207 bytes=45","cf 70 00 fc 7f e0 7f c0 00 0b bd a9 30 fd e4 49 91 7b 10 1f 50 80 00 00 00 00 af 83 00 00 00 3c 1b 20 f4 ff b2 c4 ef fd fd 00 00 00 80",""
127,494,"PACKET","OUT",207,69,"PlayerSync","id=207 bytes=69","cf 00 00 00 00 00 00 67 0a 9b c3 6b 06 27 45 ed 9c 7c 42 11 b2 39 3f 00 00 00 80 00 00 00 00 14 38 30 bf 64 00 04 00 00 00 00 00 00 00 00 00 00 00 00 00 00 00 00 00 00 00 00 00 00 00 00 00 00 00 a5 04 04 80",""
128,518,"PACKET","IN",207,45,"PlayerSync","id=207 bytes=45","cf 2d 00 f1 ff e1 3f c0 00 17 da 27 f0 c1 0e 09 d1 7b 67 1f 10 84 00 00 00 01 da 47 c0 00 00 18 02 d0 f4 54 23 0a b3 fd fd c8 04 02 80",""
129,519,"PACKET","IN",207,41,"PlayerSync","id=207 bytes=41","cf 3d 00 00 00 3d e7 a8 30 fc 38 c9 91 7b 67 1f 10 84 00 00 00 00 e6 f1 c0 00 02 97 ab 00 e6 19 f3 cb ff fd fd 0f 05 04 16",""
130,519,"PACKET","IN",203,34,"AimSync","id=203 bytes=34","cb 3d 00 04 03 0a 2f bf c4 9d 8a bc 0c c2 3a bf ff 21 9f c3 19 e5 26 45 99 db 85 42 00 00 00 00 3f 36",""
131,519,"PACKET","IN",207,35,"PlayerSync","id=207 bytes=35","cf 53 00 00 00 2a a7 a8 30 f7 98 09 d1 7a e7 1f 10 84 00 00 00 02 ba 42 c0 00 00 00 00 00 01 a5 04 04 80",""
132,520,"PACKET","IN",207,35,"PlayerSync","id=207 bytes=35","cf 63 00 00 00 35 23 63 70 dd 23 09 91 54 21 9e 90 80 00 00 00 02 22 63 80 00 00 00 00 00 01 28 00 04 11",""
133,520,"PACKET","IN",200,46,"VehicleSync","id=200 bytes=46","c8 9e 00 2d 00 00 00 00 00 08 00 6e a0 42 40 7d 8b 07 67 25 9c 21 ff 32 44 59 d4 37 f4 2a 1c 25 83 fd af fd c8 57 87 e7 f0 39 00 01 ff ff",""
134,542,"PACKET","IN",207,41,"PlayerSync","id=207 bytes=41","cf 1a 00 00 00 07 1f aa b0 fc 48 89 d1 56 89 1f 90 80 00 00 00 03 97 ed 80 00 03 07 a2 98 f7 9e b0 88 23 fd fd a5 04 04 80",""
135,543,"PACKET","IN",207,45,"PlayerSync","id=207 bytes=45","cf 2d 00 f3 7f e0 ff c0 00 3f 9c e7 f0 e4 4e 09 d1 7b 67 1f 10 84 00 00 00 02 e6 47 c0 00 01 18 42 cc f5 30 21 5e b7 fd fd c8 04 02 80",""
136,543,"RPC","IN",86,27,"ApplyPlayerAnimation","id=86 bytes=27","97 00 07 42 44 5f 46 49 52 45 07 77 61 73 68 5f 75 70 33 33 83 40 80 00 00 00 00",""
137,543,"RPC","IN",86,27,"ApplyPlayerAnimation","id=86 bytes=27","53 00 07 42 44 5f 46 49 52 45 07 77 61 73 68 5f 75 70 33 33 83 40 80 00 00 00 00",""
138,543,"RPC","IN",95,24,"CreatePickup","id=95 bytes=24","3d 00 00 00 b5 09 00 00 17 00 00 00 f0 45 4a c2 00 20 26 45 69 de 7f 42",""
139,543,"RPC","IN",95,24,"CreatePickup","id=95 bytes=24","4e 00 00 00 b5 09 00 00 17 00 00 00 e5 a1 59 c2 a4 24 26 45 69 de 7f 42",""
140,543,"PACKET","IN",207,45,"PlayerSync","id=207 bytes=45","cf 2d 00 f5 ff e0 bf c0 00 02 9f e7 f0 c5 8e 49 d1 7b 67 1f 10 84 00 00 00 03 4e 3f c0 00 00 a9 82 cc f4 c0 20 2a b7 fd fd c8 04 02 80",""
141,543,"PACKET","IN",207,45,"PlayerSync","id=207 bytes=45","cf 70 00 fc 7f e0 7f c0 00 3a 35 69 30 db 23 c9 91 49 50 1f 50 80 00 00 00 00 af 83 00 00 01 2d ee a0 f4 ff b2 c4 ef fd fd 00 00 00 80",""
142,543,"PACKET","IN",207,35,"PlayerSync","id=207 bytes=35","cf 29 00 00 00 28 26 a8 30 d1 15 49 d1 7b 67 1f 10 84 00 00 00 03 a9 ff c0 00 00 00 00 00 01 28 00 04 11",""
143,543,"PACKET","IN",207,41,"PlayerSync","id=207 bytes=41","cf 3d 00 00 00 39 67 a8 30 fe b8 c9 91 7b 67 1f 10 84 00 00 00 00 e6 f1 c0 00 02 f7 6c 8c e9 de 76 3b f3 fd fd 0f 05 04 16",""
144,563,"PACKET","IN",207,45,"PlayerSync","id=207 bytes=45","cf 2d 00 f5 ff e0 bf c0 00 1f e2 a7 f0 e9 ce 49 d1 7b 67 1f 10 84 00 00 00 02 c6 47 c0 00 00 d8 ce d4 f4 10 24 c2 bf fd fd c8 04 02 80",""
145,585,"PACKET","IN",207,41,"PlayerSync","id=207 bytes=41","cf 1a 00 00 00 25 5c ea b0 db 87 c9 d1 75 ca 9f 90 80 00 00 00 03 97 ed 80 00 01 06 8d a4 f7 9e b0 88 23 fd fd a5 04 04 80",""
146,585,"PACKET","IN",207,45,"PlayerSync","id=207 bytes=45","cf 2d 00 f6 7f e0 bf c0 00 3b 65 67 f0 cc 4e 89 d1 7b 67 1f 10 84 00 00 00 02 0a 4b c0 00 00 c4 ce d4 f4 cc 20 52 b7 fd fd c8 04 02 80",""
147,615,"PACKET","IN",207,35,"PlayerSync","id=207 bytes=35","cf 02 00 00 00 2d a2 e3 70 ee 9a 89 91 77 a3 1e 90 80 00 00 00 00 8a aa c0 00 00 00 00 00 01 28 00 04 11",""
148,615,"PACKET","IN",200,46,"VehicleSync","id=200 bytes=46","c8 9e 00 2d 00 00 00 00 00 08 00 68 70 3f 70 6d 8b 0c 3a a4 ac 2f 4f 52 44 56 4f d7 e4 2c 09 25 93 fd 2f f1 a8 64 17 d7 f0 39 00 01 ff ff",""
149,616,"PACKET","IN",207,45,"PlayerSync","id=207 bytes=45","cf 2d 00 f6 7f e0 bf c0 00 3c 68 27 f0 ec ce 89 d1 7b 67 1f 10 84 00 00 00 03 92 4f c0 00 01 0d 4a d0 f7 68 1c 96 b3 fd fd c8 04 02 80",""
150,616,"PACKET","IN",207,35,"PlayerSync","id=207 bytes=35","cf 97 00 00 00 3d e7 a8 30 e4 09 c9 d1 7b 67 1f 10 84 00 00 00 00 0f 03 e8 00 00 00 00 00 01 28 00 04 11",""
151,637,"PACKET","IN",207,45,"PlayerSync","id=207 bytes=45","cf 2d 00 f6 7f e0 bf c0 00 21 aa e7 f0 ca 8e c9 d1 7b 67 1f 10 84 00 00 00 00 32 57 c0 00 00 00 02 b8 f5 20 1e 3a ab fd fd c8 04 02 80",""
152,637,"PACKET","IN",207,41,"PlayerSync","id=207 bytes=41","cf 3d 00 00 00 3b e7 a8 30 c6 b9 09 91 7b 67 1f 10 84 00 00 00 00 e6 f1 c0 00 00 f8 fb f4 e9 4d ef a7 ff fd fd 0f 05 04 16",""
153,638,"PACKET","IN",207,45,"PlayerSync","id=207 bytes=45","cf 70 00 fc 7f e0 7f c0 00 04 23 29 30 e6 62 49 91 75 54 9f 90 80 00 00 00 00 af 83 00 00 03 13 c9 e0 f8 fb 88 05 0a f6 d5 00 00 00 80",""
154,665,"PACKET","IN",207,45,"PlayerSync","id=207 bytes=45","cf 2d 00 f6 7f e0 bf c0 00 37 ad a7 f0 e9 4e c9 d1 7b 67 1f 10 84 00 00 00 00 32 5b c0 00 02 72 c2 a0 f7 44 18 de a7 fd fd c8 04 02 80",""
155,665,"PACKET","IN",207,41,"PlayerSync","id=207 bytes=41","cf 1a 00 00 00 02 1a ea b0 e5 07 09 d1 47 0c 1f 90 80 00 00 00 03 97 ed 80 00 00 4c 48 00 f7 9e b0 88 23 fd fd a5 04 04 80",""
156,665,"PACKET","IN",207,45,"PlayerSync","id=207 bytes=45","cf 2d 00 f6 7f e0 bf c0 00 12 70 a7 f0 c7 4f 09 d1 7b 67 1f 10 84 00 00 00 00 12 5f c0 00 00 bd a2 8c f5 b4 18 2e a3 fd fd c8 04 02 80",""
157,666,"PACKET","IN",207,35,"PlayerSync","id=207 bytes=35","cf 55 00 00 00 3e e0 24 70 de 62 c9 91 5c e2 9f 90 84 00 00 00 02 61 2b c0 00 00 00 00 00 01 a8 04 04 18",""
158,666,"PACKET","IN",200,46,"VehicleSync","id=200 bytes=46","c8 9e 00 2d 00 00 00 00 00 08 00 63 c0 28 70 6d 8b 0c e1 13 ec 26 af 82 44 5e ab 17 e4 21 b4 55 a3 fc ff f2 58 6e a7 c7 f0 39 00 01 ff ff",""
159,690,"RPC","IN",87,2,"ClearPlayerAnimation","id=87 bytes=2","29 00",""
160,690,"RPC","IN",86,29,"ApplyPlayerAnimation","id=86 bytes=29","29 00 05 43 41 52 52 59 0b 63 72 72 79 5f 70 72 74 69 61 6c 33 33 83 40 00 00 00 00 00",""
161,710,"PACKET","IN",207,45,"PlayerSync","id=207 bytes=45","cf 2d 00 f6 ff e0 bf c0 00 1f f3 a7 f0 e6 8f 09 d1 7b 67 1f 10 84 00 00 00 00 6e 5f c0 00 00 3c 02 70 f4 38 1b 9e 9b fd fd c8 04 02 80",""
162,710,"PACKET","IN",207,45,"PlayerSync","id=207 bytes=45","cf 70 00 fc 7f e0 7f c0 00 08 0a 69 30 f2 e0 49 91 44 eb df d0 80 00 00 00 00 af 83 00 00 02 d9 59 ac f9 67 9f 24 f8 4e 99 00 00 00 80",""
163,710,"PACKET","IN",207,35,"PlayerSync","id=207 bytes=35","cf 7e 00 00 00 13 27 28 30 cd 86 09 d1 7b 67 1f 10 84 00 00 00 01 42 b3 94 00 00 00 00 00 01 28 00 04 11",""
164,731,"PACKET","IN",207,41,"PlayerSync","id=207 bytes=41","cf 1a 00 00 00 33 5a 2a b0 f5 86 c9 d1 5e 8c 5f 90 80 00 00 00 03 97 ed 80 00 01 53 eb 6c ef 9e b0 88 23 fd fd a5 04 04 80",""
165,731,"PACKET","IN",207,45,"PlayerSync","id=207 bytes=45","cf 2d 00 f6 ff e0 bf c0 00 2c 36 67 f0 c3 0f 49 d1 7b 67 1f 10 84 00 00 00 03 ee 5f c0 00 01 1f ba 7c f4 18 1b 36 9b fd fd c8 04 02 80",""
166,731,"PACKET","IN",207,41,"PlayerSync","id=207 bytes=41","cf 3d 00 00 00 3d a7 a8 30 d1 b9 09 91 7b 67 1f 10 84 00 00 00 00 e6 f1 c0 00 00 af 7c 94 ef a9 f7 eb ff fd fd 0f 05 04 16",""
167,752,"PACKET","IN",207,45,"PlayerSync","id=207 bytes=45","cf 2d 00 f6 ff e0 bf c0 00 3b f9 a7 f0 e3 cf 49 d1 7b 67 1f 10 84 00 00 00 02 c2 63 c0 00 02 06 6a a0 f6 cc 17 12 97 fd fd c8 04 02 80",""
168,783,"PACKET","IN",207,35,"PlayerSync","id=207 bytes=35","cf 85 00 00 00 0b e5 a5 b0 ce 81 09 d1 6c 24 9f 10 80 00 00 00 02 bb 51 80 00 00 00 00 00 01 28 00 04 11",""
169,784,"PACKET","IN",203,34,"AimSync","id=203 bytes=34","cb 85 00 04 66 0c b5 3e 82 05 69 3f 30 a1 5c be 4f 1f 97 c3 1b d8 26 45 c1 ca 80 42 00 00 00 00 3f c6",""
170,784,"PACKET","IN",207,45,"PlayerSync","id=207 bytes=45","cf 2d 00 f6 ff e0 bf c0 00 1f bd 27 f0 c4 8f 89 d1 7b 67 1f 10 84 00 00 00 01 ae 67 c0 00 02 6a 3e cc f5 c4 17 b2 93 fd fd c8 04 02 80",""
171,784,"PACKET","IN",207,45,"PlayerSync","id=207 bytes=45","cf 70 00 fc 7f e0 7f c0 00 05 b6 68 f0 de 9e c9 91 54 4c 20 10 80 00 00 00 00 af 83 00 00 03 6e 89 8c f9 87 ab 7c f2 ae 5d 00 00 00 80",""
172,809,"PACKET","IN",207,45,"PlayerSync","id=207 bytes=45","cf 2d 00 f6 ff e0 bf c0 00 25 c0 a8 30 e5 8f 89 d1 7b 67 1f 10 84 00 00 00 00 4e 6b c0 00 02 4a 66 f4 f4 b8 14 36 93 fd fd c8 04 02 80",""
173,809,"RPC","IN",105,19,"TextDrawSetString","id=105 bytes=19","2f 01 0f 00 30 39 20 41 67 75 73 74 75 73 20 32 30 32 36",""
174,809,"RPC","IN",105,12,"TextDrawSetString","id=105 bytes=12","30 01 08 00 31 32 3a 30 31 3a 34 37",""
175,829,"RPC","IN",99,42,"MoveObject","id=99 bytes=42","a0 00 f8 e3 a1 c3 d7 9b 26 45 53 c5 7d 42 f8 e3 a1 c3 d7 9b 26 45 ed 5e 7b 42 00 00 80 3e 00 00 00 00 00 00 00 00 08 cc 84 43",""
176,829,"RPC","IN",122,2,"StopObject","id=122 bytes=2","a0 00",""
177,830,"RPC","IN",99,42,"MoveObject","id=99 bytes=42","a0 00 f8 e3 a1 c3 d7 9b 26 45 53 c5 7d 42 f8 e3 a1 c3 d7 9b 26 45 53 c5 7d 42 00 00 80 3e 00 00 00 00 00 00 00 00 08 cc 84 43",""
178,830,"RPC","IN",122,2,"StopObject","id=122 bytes=2","a0 00",""
179,830,"RPC","IN",99,42,"MoveObject","id=99 bytes=42","a0 00 f8 e3 a1 c3 d7 9b 26 45 53 c5 7d 42 f8 e3 a1 c3 d7 9b 26 45 ed 5e 7b 42 00 00 80 3e 00 00 00 00 00 00 00 00 08 cc 84 43",""
180,830,"RPC","IN",122,2,"StopObject","id=122 bytes=2","a0 00",""
181,830,"RPC","IN",99,42,"MoveObject","id=99 bytes=42","a0 00 f8 e3 a1 c3 d7 9b 26 45 53 c5 7d 42 f8 e3 a1 c3 d7 9b 26 45 53 c5 7d 42 00 00 80 3e 00 00 00 00 00 00 00 00 08 cc 84 43",""
182,830,"RPC","IN",122,2,"StopObject","id=122 bytes=2","a0 00",""
183,830,"RPC","IN",99,42,"MoveObject","id=99 bytes=42","a0 00 f8 e3 a1 c3 d7 9b 26 45 53 c5 7d 42 f8 e3 a1 c3 d7 9b 26 45 ed 5e 7b 42 00 00 80 3e 00 00 00 00 00 00 00 00 08 cc 84 43",""
184,830,"RPC","IN",122,2,"StopObject","id=122 bytes=2","a0 00",""
185,830,"RPC","IN",99,42,"MoveObject","id=99 bytes=42","a0 00 f8 e3 a1 c3 d7 9b 26 45 53 c5 7d 42 f8 e3 a1 c3 d7 9b 26 45 53 c5 7d 42 00 00 80 3e 00 00 00 00 00 00 00 00 08 cc 84 43",""
186,830,"RPC","IN",122,2,"StopObject","id=122 bytes=2","a0 00",""
187,830,"RPC","IN",99,42,"MoveObject","id=99 bytes=42","a0 00 f8 e3 a1 c3 d7 9b 26 45 53 c5 7d 42 f8 e3 a1 c3 d7 9b 26 45 ed 5e 7b 42 00 00 80 3e 00 00 00 00 00 00 00 00 08 cc 84 43",""
188,830,"RPC","IN",122,2,"StopObject","id=122 bytes=2","a0 00",""
189,831,"RPC","IN",99,42,"MoveObject","id=99 bytes=42","a0 00 f8 e3 a1 c3 d7 9b 26 45 53 c5 7d 42 f8 e3 a1 c3 d7 9b 26 45 53 c5 7d 42 00 00 80 3e 00 00 00 00 00 00 00 00 08 cc 84 43",""
190,831,"RPC","IN",122,2,"StopObject","id=122 bytes=2","a0 00",""
191,831,"RPC","IN",99,42,"MoveObject","id=99 bytes=42","a0 00 f8 e3 a1 c3 d7 9b 26 45 53 c5 7d 42 f8 e3 a1 c3 d7 9b 26 45 ed 5e 7b 42 00 00 80 3e 00 00 00 00 00 00 00 00 08 cc 84 43",""
192,831,"RPC","IN",122,2,"StopObject","id=122 bytes=2","a0 00",""
193,831,"RPC","IN",99,42,"MoveObject","id=99 bytes=42","a0 00 f8 e3 a1 c3 d7 9b 26 45 53 c5 7d 42 f8 e3 a1 c3 d7 9b 26 45 53 c5 7d 42 00 00 80 3e 00 00 00 00 00 00 00 00 08 cc 84 43",""
194,831,"PACKET","IN",207,35,"PlayerSync","id=207 bytes=35","cf 1a 00 00 00 33 5a 2a b0 f5 86 c9 d1 5e 8c 5f 90 80 00 00 00 03 97 ed 80 00 00 00 00 00 01 a5 04 04 80",""
195,831,"PACKET","IN",207,35,"PlayerSync","id=207 bytes=35","cf 29 00 00 00 28 26 a8 30 d1 15 49 d1 7b 67 1f 10 84 00 00 00 03 a9 ff c0 00 00 00 00 00 01 a5 04 e8 80",""
196,831,"PACKET","IN",207,45,"PlayerSync","id=207 bytes=45","cf 2d 00 f6 ff e0 bf c0 00 00 c4 a8 30 c8 cf c9 d1 7b 67 1f 10 84 00 00 00 02 d2 6b c0 00 03 8a 42 e4 f7 cc 11 0a 8f fd fd c8 04 02 80",""
197,831,"PACKET","IN",207,35,"PlayerSync","id=207 bytes=35","cf 46 00 00 00 15 57 20 b0 da 5b c8 51 40 12 1f 90 84 00 00 00 02 f3 eb c0 01 10 00 00 00 01 d8 03 04 11",""
198,832,"PACKET","IN",203,34,"AimSync","id=203 bytes=34","cb 46 00 04 bb ec dd 3e 80 97 54 3f f8 32 b3 be ca 84 83 c3 6a 28 21 45 bc 14 84 42 00 00 00 00 23 37",""
199,850,"PACKET","IN",207,45,"PlayerSync","id=207 bytes=45","cf 70 00 ef ff e0 7f c0 00 16 a2 e8 f0 d6 1d 49 91 70 d6 60 10 80 00 00 00 00 af 83 00 00 00 d9 29 7c f8 07 b3 64 ee 62 21 00 00 00 80",""
200,851,"PACKET","IN",200,46,"VehicleSync","id=200 bytes=46","c8 9e 00 2d 00 00 00 00 00 08 00 22 40 1c 30 4c db 0c e9 c2 1c 21 ef e2 44 54 ee 27 d4 22 1e c5 b3 fc 6f f4 c8 6e 17 b7 f0 39 00 01 ff ff",""
201,851,"PACKET","IN",207,45,"PlayerSync","id=207 bytes=45","cf 2d 00 f6 ff e0 bf c0 00 2d 07 e8 30 e7 8f c9 d1 7b 67 1f 10 84 00 00 00 01 8a 6f c0 00 00 c0 0a cc f6 f4 12 06 8b fd fd c8 04 02 80",""
202,851,"PACKET","IN",207,45,"PlayerSync","id=207 bytes=45","cf 70 00 ef 7f e0 7f c0 00 00 1e 28 f0 f4 5c c9 91 4a 17 60 10 80 00 00 00 00 af 83 00 00 03 9e d5 78 f8 b3 b2 f4 ee f6 11 00 00 00 80",""
203,877,"PACKET","IN",207,45,"PlayerSync","id=207 bytes=45","cf 2d 00 f6 ff e0 bf c0 00 1b 0b 68 30 c5 90 09 d1 7b 67 1f 10 84 00 00 00 03 fa 6f c0 00 02 73 b2 b0 f6 08 12 ba 87 fd fd c8 04 02 80",""
204,878,"PACKET","IN",207,41,"PlayerSync","id=207 bytes=41","cf 3d 00 00 00 3d e7 a8 30 e1 b9 09 91 7b 67 1f 10 84 00 00 00 00 e6 f1 c0 00 02 dc a5 34 ef 99 ff fb ff fd fd 0f 05 04 16",""
205,878,"PACKET","IN",207,35,"PlayerSync","id=207 bytes=35","cf 51 00 00 00 1b 0a e3 30 cf a8 49 91 58 dd 9e 90 84 00 00 00 01 37 17 c0 00 00 00 00 00 01 28 00 04 11",""
206,878,"PACKET","IN",207,45,"PlayerSync","id=207 bytes=45","cf 70 00 ed 7f e0 7f c0 00 24 d9 28 f0 d2 5c 89 91 71 17 60 10 80 00 00 00 00 af 83 00 00 02 25 55 78 f8 ff b2 c8 ef 66 01 00 00 00 80",""
207,878,"PACKET","IN",207,35,"PlayerSync","id=207 bytes=35","cf 76 00 00 00 0e 87 a2 f0 c1 28 c9 91 5a 1c 1e 90 84 00 00 00 03 6c 9f 40 00 00 00 00 00 01 28 00 04 11",""
208,899,"PACKET","IN",207,35,"PlayerSync","id=207 bytes=35","cf 60 00 00 00 01 5b 23 b0 d7 8c c9 91 41 6c 5e 90 84 00 00 00 03 e6 19 c0 00 00 00 00 00 01 fb 04 04 80",""
209,899,"PACKET","IN",207,45,"PlayerSync","id=207 bytes=45","cf 70 00 ec 7f e0 7f c0 00 07 d4 68 f0 f0 1c 09 91 64 56 e0 10 80 00 00 00 00 af 83 00 00 03 d8 a5 78 f8 df b2 d8 ef c5 f1 00 00 00 80",""
210,899,"PACKET","IN",207,45,"PlayerSync","id=207 bytes=45","cf 2d 00 f3 ff e0 ff c0 00 06 0f 28 30 e4 d0 09 d1 7b 67 1f 10 84 00 00 00 01 9a 87 c0 00 00 38 02 a0 f5 3c 13 c2 83 fd fd c8 04 02 80",""
211,920,"PACKET","IN",207,35,"PlayerSync","id=207 bytes=35","cf 54 00 00 00 05 77 63 70 c5 21 c9 91 65 24 1e 90 80 00 00 00 00 12 8e c0 00 00 00 00 00 01 28 00 04 11",""
212,921,"PACKET","IN",203,34,"AimSync","id=203 bytes=34","cb 54 00 04 0f 67 70 3f 1b 9c 2f 3d 18 9c ae be d9 a7 8e c3 ec 85 26 45 19 44 7f 42 00 00 00 00 3f 36",""
213,921,"PACKET","IN",200,46,"VehicleSync","id=200 bytes=46","c8 9e 00 2d 00 f0 ff 00 00 08 00 2a c0 1a 70 2c 3b 0f e1 11 3c 21 50 12 54 52 e7 77 d4 20 6b 95 c3 fc af f7 98 6c 67 c7 f0 39 00 01 ff ff",""
214,945,"PACKET","IN",207,45,"PlayerSync","id=207 bytes=45","cf 2d 00 f1 7f e1 3f c0 00 14 11 e8 30 f7 90 09 d1 7b 67 1f 10 84 00 00 00 03 f2 97 c0 00 03 87 fe 9c f6 dc 08 f6 6b fd fd c8 04 02 80",""
215,946,"PACKET","IN",207,41,"PlayerSync","id=207 bytes=41","cf 3d 00 00 00 3d e7 a8 30 f3 39 09 91 7b 67 1f 10 84 00 00 00 00 e6 f1 c0 00 02 25 74 fc ef a9 ff fb ff fd fd 0f 05 04 16",""
216,946,"PACKET","IN",207,35,"PlayerSync","id=207 bytes=35","cf 5b 00 00 00 0e fc 66 b0 e8 7d 89 91 7b 67 1f 10 84 00 00 00 01 0a e2 00 00 00 00 00 00 01 28 00 04 11",""
217,946,"PACKET","IN",207,45,"PlayerSync","id=207 bytes=45","cf 70 00 ea ff e0 7f c0 00 0c 4a e8 f0 f0 9b 49 91 64 93 20 10 80 00 00 00 00 af 83 00 00 00 cd b5 78 fb 7f af b8 ed 59 d5 00 00 00 80",""
218,946,"PACKET","IN",207,35,"PlayerSync","id=207 bytes=35","cf 1f 00 00 00 26 a3 e3 70 c2 1d 89 91 42 a3 5e 90 80 00 00 00 02 c2 27 00 00 00 00 00 00 01 28 00 04 11",""
219,946,"PACKET","IN",207,45,"PlayerSync","id=207 bytes=45","cf 70 00 e7 ff e0 7f c0 00 33 85 e8 f0 ce db 09 91 46 50 a0 10 80 00 00 00 00 af 83 00 00 00 e3 75 78 fa 33 ac 88 f1 e5 c5 00 00 00 80",""
220,967,"PACKET","IN",207,45,"PlayerSync","id=207 bytes=45","cf 70 00 e6 ff e0 7f c0 00 22 81 28 f0 ed 9a 89 91 7a cd 20 10 80 00 00 00 00 af 83 00 00 00 32 01 7c f8 8b ad 98 f2 ad b5 00 00 00 80",""
221,968,"PACKET","IN",207,45,"PlayerSync","id=207 bytes=45","cf 2d 00 ee ff e1 bf c0 00 3d 15 e8 30 cd 10 49 d1 7b 67 1f 10 84 00 00 00 02 26 ab c0 00 00 a0 56 9c f6 84 05 7a 53 fd fd c8 04 02 80",""
222,968,"PACKET","IN",207,45,"PlayerSync","id=207 bytes=45","cf 70 00 e5 7f e0 7f c0 00 17 bc 68 b0 cc da 49 91 42 c9 60 10 80 00 00 00 00 af 83 00 00 02 55 51 80 fa 83 aa dc f3 b1 a5 00 00 00 80",""
223,972,"PACKET","OUT",203,32,"AimSync","id=203 bytes=32","cb 00 00 00 39 05 00 00 00 00 00 00 00 00 00 00 00 40 01 00 00 00 80 3f 00 00 f3 04 b5 3f 39 05",""
224,993,"PACKET","IN",207,35,"PlayerSync","id=207 bytes=35","cf 92 00 00 00 22 0a a3 30 e7 59 49 91 6d 9f 1e 90 84 00 00 00 02 9b 21 c0 00 00 00 00 00 01 a5 04 04 80",""
225,994,"PACKET","IN",207,45,"PlayerSync","id=207 bytes=45","cf 2d 00 ee 7f e1 bf c0 00 18 96 28 30 c7 90 49 d1 7b 67 1f 10 84 00 00 00 00 3a b3 c0 00 01 6e 52 54 ef bc f3 e4 4b fd fd c8 04 02 80",""
226,994,"PACKET","IN",207,45,"PlayerSync","id=207 bytes=45","cf 70 00 e4 7f e0 7f c0 00 0c b7 a8 b0 ec 19 c9 91 5a 04 a0 10 80 00 00 00 00 af 83 00 00 03 bd 69 84 f8 23 a8 5c f4 e9 99 00 00 00 80",""
227,994,"PACKET","OUT",205,9,"UNKNOWN_PACKET","id=205 bytes=9","cd b8 4a 04 00 00 00 00 00",""
228,1014,"PACKET","IN",207,41,"PlayerSync","id=207 bytes=41","cf 3d 00 00 00 3d a7 a8 30 fc 39 09 91 7b 67 1f 10 84 00 00 00 00 e6 f1 c0 00 01 cd 84 34 ec c6 07 f7 ff fd fd 0f 05 04 16",""
229,1014,"PACKET","IN",207,35,"PlayerSync","id=207 bytes=35","cf 63 00 00 00 35 23 63 70 dd 23 09 91 54 21 9e 90 80 00 00 00 02 22 63 80 00 00 00 00 00 01 28 00 04 11",""
230,1014,"PACKET","IN",207,45,"PlayerSync","id=207 bytes=45","cf 2d 00 ee 7f e1 bf c0 00 27 16 a8 30 c9 50 49 d1 7b 67 1f 10 84 00 00 00 02 aa b3 c0 00 03 a6 1d 60 f2 64 01 6e 33 fd fd c8 04 02 80",""
231,1014,"PACKET","IN",207,35,"PlayerSync","id=207 bytes=35","cf 7c 00 00 00 35 a2 e2 70 da 28 89 91 5f 9d de 90 80 00 00 00 01 98 6a 40 00 00 00 00 00 01 28 00 04 11",""
232,1035,"PACKET","IN",207,35,"PlayerSync","id=207 bytes=35","cf 53 00 00 00 2a a7 a8 30 f7 98 09 d1 7a e7 1f 10 84 00 00 00 02 ba 42 c0 00 00 00 00 00 01 a5 04 04 80",""
233,1063,"PACKET","IN",207,41,"PlayerSync","id=207 bytes=41","cf 2d 00 00 00 22 97 68 30 cb 90 49 d1 7b 67 1f 10 84 00 00 00 02 aa b3 c0 00 03 0e 5a f4 f2 38 03 c2 2f fd fd a5 04 04 80",""
234,1063,"PACKET","IN",207,59,"PlayerSync","id=207 bytes=59","cf 70 00 e4 7f e0 7f c0 00 21 23 e8 b0 de d8 49 91 5b 94 5f d0 80 00 00 00 00 af 83 00 00 01 86 1d 9c fb 0b 98 a0 ff 05 5f ff fe 00 00 00 00 00 00 00 00 00 00 00 01 00 00 00 80",""
235,1063,"PACKET","IN",207,35,"PlayerSync","id=207 bytes=35","cf 4d 00 00 00 02 00 23 30 e6 e4 09 91 70 1e 9e 90 84 00 00 00 03 da d0 80 00 00 00 00 00 01 28 00 04 11",""
236,1064,"PACKET","IN",203,34,"AimSync","id=203 bytes=34","cb 4d 00 04 42 4c 4a 3f 42 98 ff be 7b fb b5 be 7d 47 8c c3 40 96 26 45 4e e2 7d 42 00 00 00 00 3f 48",""
237,1064,"PACKET","OUT",207,69,"PlayerSync","id=207 bytes=69","cf 00 00 00 00 00 00 67 0a 9b c3 6b 06 27 45 ed 9c 7c 42 11 b2 39 3f 00 00 00 80 00 00 00 00 14 38 30 bf 64 00 04 00 00 00 00 00 00 00 00 00 00 00 00 00 00 00 00 00 00 00 00 00 00 00 00 00 00 00 a5 04 04 80",""
238,1090,"PACKET","IN",200,46,"VehicleSync","id=200 bytes=46","c8 9e 00 2d 00 00 00 00 00 00 00 23 50 2b 00 19 6a d1 ad 0e ac 13 60 92 54 5b 3e 97 c4 2f dd c5 93 f8 df f3 58 a1 47 d7 f0 39 00 01 ff ff",""
239,1090,"PACKET","IN",203,34,"AimSync","id=203 bytes=34","cb 9e 00 12 bf 8b 7c 3f 10 4a 4b 3d c0 c1 1f be fe a5 19 c2 eb 01 25 45 b7 71 85 42 00 00 00 00 3f 22",""
240,1116,"PACKET","IN",207,41,"PlayerSync","id=207 bytes=41","cf 3d 00 00 00 3b a7 a8 30 c4 b9 49 91 7b 67 1f 10 84 00 00 00 00 e6 f1 c0 00 03 39 93 38 ea 02 17 83 ff fd fd 0f 05 04 16",""
241,1116,"PACKET","IN",207,41,"PlayerSync","id=207 bytes=41","cf 2d 00 00 00 03 d8 68 30 c8 d0 49 d1 7b 67 1f 10 84 00 00 00 02 aa b3 c0 00 01 d1 14 a4 f2 14 02 26 2f fd fd a5 04 04 80",""
242,1140,"PACKET","IN",207,59,"PlayerSync","id=207 bytes=59","cf 70 00 da 7f e0 7f c2 00 20 cb e8 b0 fa 16 49 91 5a 34 1f 50 80 00 00 00 00 af 83 00 00 02 2c 1d cc f9 6f 86 45 08 2d 23 ff fe 00 00 00 00 00 00 00 00 00 00 00 01 00 00 00 80",""
243,1162,"PACKET","IN",207,59,"PlayerSync","id=207 bytes=59","cf 70 00 da 7f e0 7f c0 00 20 c7 28 b0 da 16 09 91 60 5c df 50 80 00 00 00 00 af 83 00 00 00 9f 19 d4 f8 a7 81 49 0c e5 17 ff fe 00 00 00 00 00 00 00 00 00 00 00 01 00 00 00 80",""
244,1181,"PACKET","IN",207,35,"PlayerSync","id=207 bytes=35","cf 02 00 00 00 2d a2 e3 70 ee 9a 89 91 77 a3 1e 90 80 00 00 00 00 8a aa c0 00 00 00 00 00 01 28 00 04 11",""
245,1203,"PACKET","IN",207,41,"PlayerSync","id=207 bytes=41","cf 2d 00 00 00 15 98 68 30 c3 90 49 d1 7b 67 1f 10 84 00 00 00 02 aa b3 c0 00 00 2a 3e 34 ea e5 3d cc 27 fd fd a5 04 04 80",""
246,1203,"PACKET","IN",207,35,"PlayerSync","id=207 bytes=35","cf 97 00 00 00 3d e7 a8 30 e4 09 c9 d1 7b 67 1f 10 84 00 00 00 00 0f 03 e8 00 00 00 00 00 01 28 00 04 11",""
247,1251,"RPC","IN",87,2,"ClearPlayerAnimation","id=87 bytes=2","3d 00",""
248,1251,"RPC","IN",86,29,"ApplyPlayerAnimation","id=86 bytes=29","3d 00 05 43 41 52 52 59 0b 63 72 72 79 5f 70 72 74 69 61 6c 33 33 83 40 00 00 00 00 00",""
249,1252,"PACKET","IN",207,41,"PlayerSync","id=207 bytes=41","cf 3d 00 00 00 38 a7 a8 30 ca 39 49 91 7b 67 1f 10 84 00 00 00 00 e6 f1 c0 00 03 c5 56 80 e8 6a 2a 63 ff fd fd 0f 05 04 16",""
250,1272,"RPC","IN",105,7,"TextDrawSetString","id=105 bytes=7","26 08 03 00 31 30 30",""
251,1272,"RPC","IN",105,5,"TextDrawSetString","id=105 bytes=5","27 08 01 00 30",""
252,1273,"RPC","IN",105,6,"TextDrawSetString","id=105 bytes=6","28 08 02 00 34 38",""
253,1273,"RPC","IN",105,5,"TextDrawSetString","id=105 bytes=5","29 08 01 00 37",""
254,1273,"RPC","IN",105,7,"TextDrawSetString","id=105 bytes=7","2a 08 03 00 31 30 30",""
255,1273,"PACKET","IN",207,59,"PlayerSync","id=207 bytes=59","cf 70 00 da 7f e0 7f c0 00 2c f1 a8 70 e9 14 49 91 72 0c 5f 50 80 00 00 00 00 af 83 00 00 00 87 d7 c4 f4 ff b2 c4 ef fd ff ff fe 00 00 00 00 00 00 00 00 00 00 00 01 00 00 00 80",""
256,1273,"RPC","IN",87,2,"ClearPlayerAnimation","id=87 bytes=2","4d 00",""
257,1273,"RPC","IN",86,29,"ApplyPlayerAnimation","id=86 bytes=29","4d 00 05 43 41 52 52 59 0b 63 72 72 79 5f 70 72 74 69 61 6c 33 33 83 40 00 00 00 00 00",""
258,1292,"PACKET","IN",207,59,"PlayerSync","id=207 bytes=59","cf 70 00 d5 7f e8 bf c2 00 3d ec 28 70 fb 53 c9 91 73 8c 9f 50 80 00 00 00 00 97 67 00 00 00 eb ff d4 f4 ff b2 c4 ef fd ff ff fe 00 00 00 00 00 00 00 00 00 00 00 01 00 00 00 80",""
259,1293,"PACKET","IN",207,35,"PlayerSync","id=207 bytes=35","cf 2d 00 00 00 3c 58 68 30 c1 50 49 d1 7b 67 1f 10 84 00 00 00 02 aa b3 c0 00 00 00 00 00 01 a5 04 04 80",""
260,1293,"PACKET","IN",207,59,"PlayerSync","id=207 bytes=59","cf 70 00 d5 7f e8 ff c2 00 28 a9 68 70 cf 13 c9 91 6a 8c 9f 50 80 00 00 00 02 3b 47 00 00 03 b3 ff d4 f4 03 cf 39 1f fd ff ff fe 00 00 00 00 00 00 00 00 00 00 00 01 00 00 00 80",""
261,1315,"PACKET","IN",207,35,"PlayerSync","id=207 bytes=35","cf 3d 00 00 00 32 67 a8 30 d0 79 49 91 7b 67 1f 10 84 00 00 00 00 e6 f1 c0 00 00 00 00 00 01 a5 04 e8 80",""
262,1315,"PACKET","IN",207,35,"PlayerSync","id=207 bytes=35","cf 7e 00 00 00 13 27 28 30 cd 86 09 d1 7b 67 1f 10 84 00 00 00 01 42 b3 94 00 00 00 00 00 01 28 00 04 11",""
263,1356,"PACKET","IN",207,35,"PlayerSync","id=207 bytes=35","cf 85 00 00 00 0b e5 a5 b0 ce 81 09 d1 6c 24 9f 10 80 00 00 00 02 bb 51 80 00 00 00 00 00 01 28 00 04 11",""
264,1379,"PACKET","IN",207,35,"PlayerSync","id=207 bytes=35","cf 29 00 00 00 28 26 a8 30 d1 15 49 d1 7b 67 1f 10 84 00 00 00 03 a9 ff c0 00 00 00 00 00 01 a5 04 e8 80",""
265,1379,"PACKET","IN",207,35,"PlayerSync","id=207 bytes=35","cf 51 00 00 00 1b 0a e3 30 cf a8 49 91 58 dd 9e 90 84 00 00 00 01 37 17 c0 00 00 00 00 00 01 28 00 04 11",""
266,1379,"PACKET","IN",207,59,"PlayerSync","id=207 bytes=59","cf 70 00 d4 ff e8 ff c2 00 36 e3 28 70 d3 13 89 91 5c cc 1f 50 80 00 00 00 02 23 03 00 00 03 73 e7 ec f5 5b f2 79 87 fd ff ff fe 00 00 00 00 00 00 00 00 00 00 00 01 00 00 00 80",""
267,1379,"PACKET","IN",207,35,"PlayerSync","id=207 bytes=35","cf 4d 00 00 00 02 00 23 30 e6 e4 09 91 70 1e 9e 90 84 00 00 00 03 da d0 80 00 00 00 00 00 01 a5 04 04 80",""
268,1399,"PACKET","IN",207,35,"PlayerSync","id=207 bytes=35","cf 55 00 00 00 3e e0 24 70 de 62 c9 91 5c e2 9f 90 84 00 00 00 02 61 2b c0 00 00 00 00 00 01 a8 04 04 18",""
269,1399,"PACKET","IN",203,34,"AimSync","id=203 bytes=34","cb 55 00 04 2a c9 4e bf a5 58 bd bb a3 e8 16 bf 3f 4f 90 c3 be 8b 26 45 e4 f4 83 42 00 00 00 00 3f 44",""
270,1421,"PACKET","IN",207,35,"PlayerSync","id=207 bytes=35","cf 54 00 00 00 05 77 63 70 c5 21 c9 91 65 24 1e 90 80 00 00 00 00 12 8e c0 00 00 00 00 00 01 28 00 04 11",""
271,1446,"PACKET","IN",207,35,"PlayerSync","id=207 bytes=35","cf 60 00 00 00 01 5b 23 b0 d7 8c c9 91 41 6c 5e 90 84 00 00 00 03 e6 19 c0 00 00 00 00 00 01 fb 04 04 80",""
272,1446,"PACKET","IN",207,35,"PlayerSync","id=207 bytes=35","cf 1c 00 00 00 2d 1d 28 30 f6 cc c9 d1 7b 67 1f 10 84 00 00 00 00 65 93 00 00 00 00 00 00 01 28 00 04 11",""
273,1446,"PACKET","IN",203,34,"AimSync","id=203 bytes=34","cb 1c 00 04 55 03 52 bf 5a 5c 07 bf 71 ff 5e be 36 05 9f c3 77 51 27 45 e3 07 81 42 00 00 00 00 3f 55",""
274,1467,"RPC","IN",99,42,"MoveObject","id=99 bytes=42","a0 00 f8 e3 a1 c3 d7 9b 26 45 53 c5 7d 42 f8 e3 a1 c3 d7 9b 26 45 ed 5e 7b 42 00 00 80 3e 00 00 00 00 00 00 00 00 08 cc 84 43",""
275,1468,"RPC","IN",122,2,"StopObject","id=122 bytes=2","a0 00",""
276,1468,"RPC","IN",99,42,"MoveObject","id=99 bytes=42","a0 00 f8 e3 a1 c3 d7 9b 26 45 53 c5 7d 42 f8 e3 a1 c3 d7 9b 26 45 53 c5 7d 42 00 00 80 3e 00 00 00 00 00 00 00 00 08 cc 84 43",""
277,1468,"RPC","IN",122,2,"StopObject","id=122 bytes=2","a0 00",""
278,1468,"RPC","IN",99,42,"MoveObject","id=99 bytes=42","a0 00 f8 e3 a1 c3 d7 9b 26 45 53 c5 7d 42 f8 e3 a1 c3 d7 9b 26 45 ed 5e 7b 42 00 00 80 3e 00 00 00 00 00 00 00 00 08 cc 84 43",""
279,1468,"RPC","IN",122,2,"StopObject","id=122 bytes=2","a0 00",""
280,1469,"RPC","IN",99,42,"MoveObject","id=99 bytes=42","a0 00 f8 e3 a1 c3 d7 9b 26 45 53 c5 7d 42 f8 e3 a1 c3 d7 9b 26 45 53 c5 7d 42 00 00 80 3e 00 00 00 00 00 00 00 00 08 cc 84 43",""
281,1469,"RPC","IN",122,2,"StopObject","id=122 bytes=2","a0 00",""
282,1469,"RPC","IN",99,42,"MoveObject","id=99 bytes=42","a0 00 f8 e3 a1 c3 d7 9b 26 45 53 c5 7d 42 f8 e3 a1 c3 d7 9b 26 45 ed 5e 7b 42 00 00 80 3e 00 00 00 00 00 00 00 00 08 cc 84 43",""
283,1469,"RPC","IN",122,2,"StopObject","id=122 bytes=2","a0 00",""
284,1469,"RPC","IN",99,42,"MoveObject","id=99 bytes=42","a0 00 f8 e3 a1 c3 d7 9b 26 45 53 c5 7d 42 f8 e3 a1 c3 d7 9b 26 45 53 c5 7d 42 00 00 80 3e 00 00 00 00 00 00 00 00 08 cc 84 43",""
285,1469,"RPC","IN",122,2,"StopObject","id=122 bytes=2","a0 00",""
286,1469,"RPC","IN",99,42,"MoveObject","id=99 bytes=42","a0 00 f8 e3 a1 c3 d7 9b 26 45 53 c5 7d 42 f8 e3 a1 c3 d7 9b 26 45 ed 5e 7b 42 00 00 80 3e 00 00 00 00 00 00 00 00 08 cc 84 43",""
287,1469,"RPC","IN",122,2,"StopObject","id=122 bytes=2","a0 00",""
288,1469,"RPC","IN",99,42,"MoveObject","id=99 bytes=42","a0 00 f8 e3 a1 c3 d7 9b 26 45 53 c5 7d 42 f8 e3 a1 c3 d7 9b 26 45 53 c5 7d 42 00 00 80 3e 00 00 00 00 00 00 00 00 08 cc 84 43",""
289,1469,"RPC","IN",122,2,"StopObject","id=122 bytes=2","a0 00",""
290,1469,"RPC","IN",99,42,"MoveObject","id=99 bytes=42","a0 00 f8 e3 a1 c3 d7 9b 26 45 53 c5 7d 42 f8 e3 a1 c3 d7 9b 26 45 ed 5e 7b 42 00 00 80 3e 00 00 00 00 00 00 00 00 08 cc 84 43",""
291,1469,"RPC","IN",122,2,"StopObject","id=122 bytes=2","a0 00",""
292,1470,"RPC","IN",99,42,"MoveObject","id=99 bytes=42","a0 00 f8 e3 a1 c3 d7 9b 26 45 53 c5 7d 42 f8 e3 a1 c3 d7 9b 26 45 53 c5 7d 42 00 00 80 3e 00 00 00 00 00 00 00 00 08 cc 84 43",""
293,1470,"PACKET","IN",207,59,"PlayerSync","id=207 bytes=59","cf 70 00 d5 ff e8 7f c2 00 2b 4d 28 70 d3 d4 09 91 71 05 9f 50 80 00 00 00 00 76 27 00 00 00 1b 03 a4 f4 87 d3 4a d7 fd ff ff fe 00 00 00 00 00 00 00 00 00 00 00 01 00 00 00 80",""
294,1470,"PACKET","IN",203,34,"AimSync","id=203 bytes=34","cb 70 00 04 ad ae 6e 3f 8c 0a ab be df 96 0d be 20 0b a3 c3 d0 5f 26 45 2e bf 80 42 00 00 00 00 3f c6",""
295,1470,"PACKET","IN",207,35,"PlayerSync","id=207 bytes=35","cf 76 00 00 00 0e 87 a2 f0 c1 28 c9 91 5a 1c 1e 90 84 00 00 00 03 6c 9f 40 00 00 00 00 00 01 28 00 04 11",""
296,1494,"PACKET","IN",207,59,"PlayerSync","id=207 bytes=59","cf 70 00 d6 ff e8 3f c2 00 0b 8a 68 70 ff 14 09 91 43 04 9f 50 80 00 00 00 00 3a 27 00 00 03 49 17 a0 f7 27 ce 36 db fd ff ff fe 00 00 00 00 00 00 00 00 00 00 00 01 00 00 00 80",""
297,1494,"PACKET","IN",207,35,"PlayerSync","id=207 bytes=35","cf 5b 00 00 00 0e fc 66 b0 e8 7d 89 91 7b 67 1f 10 84 00 00 00 01 0a e2 00 00 00 00 00 00 01 28 00 04 11",""
298,1494,"PACKET","IN",207,59,"PlayerSync","id=207 bytes=59","cf 70 00 d7 7f e7 bf c2 00 34 c7 a8 70 e6 14 49 91 72 83 5f 50 80 00 00 00 02 f6 23 00 00 02 c7 0b 74 f7 07 ce 7a db fd ff ff fe 00 00 00 00 00 00 00 00 00 00 00 01 00 00 00 80",""
299,1494,"RPC","IN",87,2,"ClearPlayerAnimation","id=87 bytes=2","85 00",""
300,1495,"RPC","IN",86,29,"ApplyPlayerAnimation","id=86 bytes=29","85 00 05 43 41 52 52 59 0b 63 72 72 79 5f 70 72 74 69 61 6c 33 33 83 40 00 00 00 00 00",""
301,1498,"PACKET","OUT",203,32,"AimSync","id=203 bytes=32","cb 00 00 00 39 05 00 00 00 00 00 00 00 00 00 00 00 40 01 00 00 00 80 3f 00 00 f3 04 b5 3f 39 05",""
302,1518,"PACKET","IN",207,59,"PlayerSync","id=207 bytes=59","cf 70 00 d9 7f e7 3f c2 00 1d c5 28 70 cd 94 89 91 60 42 5f 50 80 00 00 00 01 f2 2b 00 00 03 d4 1f 78 f6 63 cf d6 db fd ff ff fe 00 00 00 00 00 00 00 00 00 00 00 01 00 00 00 80",""
303,1519,"PACKET","IN",207,35,"PlayerSync","id=207 bytes=35","cf 1a 00 00 00 33 5a 2a b0 f5 86 c9 d1 5e 8c 5f 90 80 00 00 00 03 97 ed 80 00 00 00 00 00 01 a5 04 04 80",""
304,1519,"PACKET","IN",203,34,"AimSync","id=203 bytes=34","cb 1a 00 04 39 05 d0 3e 0b f8 66 bf 14 1f 14 be 4d 1c ab c3 aa 4d 27 45 85 4b 81 42 00 00 00 00 3f 36",""
305,1519,"PACKET","IN",207,35,"PlayerSync","id=207 bytes=35","cf 1f 00 00 00 26 a3 e3 70 c2 1d 89 91 42 a3 5e 90 80 00 00 00 02 c2 27 00 00 00 00 00 00 01 28 00 04 11",""
306,1519,"PACKET","IN",207,59,"PlayerSync","id=207 bytes=59","cf 70 00 d9 ff e6 ff c2 00 3d 82 68 70 f3 d4 89 91 50 01 5f 50 80 00 00 00 02 e6 27 00 00 02 7c a7 80 f5 e3 d0 4e d7 fd ff ff fe 00 00 00 00 00 00 00 00 00 00 00 01 00 00 00 80",""
307,1519,"PACKET","IN",207,35,"PlayerSync","id=207 bytes=35","cf 7c 00 00 00 35 a2 e2 70 da 28 89 91 5f 9d de 90 80 00 00 00 01 98 6a 40 00 00 00 00 00 01 28 00 04 11",""
308,1541,"PACKET","IN",207,59,"PlayerSync","id=207 bytes=59","cf 70 00 dc 7f e5 ff c2 00 1d bf e8 30 da d4 c9 91 7d 80 1f 50 80 00 00 00 00 ca 37 00 00 01 50 17 84 f4 5f d3 9a d7 fd ff ff fe 00 00 00 00 00 00 00 00 00 00 00 01 00 00 00 80",""
309,1559,"PACKET","IN",207,35,"PlayerSync","id=207 bytes=35","cf 63 00 00 00 35 23 63 70 dd 23 09 91 54 21 9e 90 80 00 00 00 02 22 63 80 00 00 00 00 00 01 28 00 04 11",""
310,1560,"PACKET","IN",207,59,"PlayerSync","id=207 bytes=59","cf 70 00 dd 7f e5 bf c2 00 19 fd 28 30 c0 95 09 91 67 bf 1f 10 80 00 00 00 00 a6 37 00 00 00 97 0f a4 f7 1b d4 7a cb fd ff ff fe 00 00 00 00 00 00 00 00 00 00 00 01 00 00 00 80",""
311,1560,"PACKET","IN",207,35,"PlayerSync","id=207 bytes=35","cf 92 00 00 00 22 0a a3 30 e7 59 49 91 6d 9f 1e 90 84 00 00 00 02 9b 21 c0 00 00 00 00 00 01 a5 04 04 80",""
312,1580,"PACKET","IN",207,35,"PlayerSync","id=207 bytes=35","cf 53 00 00 00 2a a7 a8 30 f7 98 09 d1 7a e7 1f 10 84 00 00 00 02 ba 42 c0 00 00 00 00 00 01 a5 04 04 80",""
313,1581,"PACKET","IN",207,59,"PlayerSync","id=207 bytes=59","cf 70 00 df 7f e4 ff c2 00 14 ba 68 30 e6 55 09 91 51 7e 1f 10 80 00 00 00 01 de 3f 00 00 03 da eb a8 f7 0b d4 a2 cb fd ff ff fe 00 00 00 00 00 00 00 00 00 00 00 01 00 00 00 80",""
314,1581,"PACKET","IN",207,35,"PlayerSync","id=207 bytes=35","cf 1a 00 00 00 33 5a 2a b0 f5 86 c9 d1 5e 8c 5f 90 80 00 00 00 03 97 ed 80 00 00 00 00 00 01 a5 04 04 80",""
315,1581,"PACKET","IN",207,59,"PlayerSync","id=207 bytes=59","cf 70 00 df ff e4 bf c2 00 1a 37 68 30 cc 95 49 91 6e 3c df 10 80 00 00 00 03 26 3b 00 00 03 dd 6b e4 f7 47 da 62 bf fd ff ff fe 00 00 00 00 00 00 00 00 00 00 00 01 00 00 00 80",""
316,1602,"PACKET","IN",207,59,"PlayerSync","id=207 bytes=59","cf 70 00 e1 ff e4 3f c2 00 20 74 68 30 f3 55 49 91 49 3b df 10 80 00 00 00 02 ce 43 00 00 03 e2 b3 e4 f6 0b d9 6a c3 fd ff ff fe 00 00 00 00 00 00 00 00 00 00 00 01 00 00 00 80",""
317,1632,"PACKET","IN",207,59,"PlayerSync","id=207 bytes=59","cf 70 00 e2 ff e3 ff c2 00 05 f1 68 30 d9 d5 89 91 5d ba 9f 10 80 00 00 00 03 3a 43 00 00 01 27 80 00 f9 77 dc ce bb fd ff ff fe 00 00 00 00 00 00 00 00 00 00 00 01 00 00 00 80",""
318,1632,"PACKET","IN",207,59,"PlayerSync","id=207 bytes=59","cf 70 00 e3 ff e3 bf c2 00 2d ee 28 30 c0 15 c9 91 74 39 5f 10 80 00 00 00 03 c6 43 00 00 01 83 80 00 f9 a7 dc 56 bb fd ff ff fe 00 00 00 00 00 00 00 00 00 00 00 01 00 00 00 80",""
319,1656,"PACKET","OUT",207,69,"PlayerSync","id=207 bytes=69","cf 00 00 00 00 00 00 67 0a 9b c3 6b 06 27 45 ed 9c 7c 42 11 b2 39 3f 00 00 00 80 00 00 00 00 14 38 30 bf 64 00 04 00 00 00 00 00 00 00 00 00 00 00 00 00 00 00 00 00 00 00 00 00 00 00 00 00 00 00 a5 04 04 80",""
320,1676,"PACKET","IN",207,59,"PlayerSync","id=207 bytes=59","cf 70 00 e4 7f e3 bf c2 00 37 6a e8 30 e7 95 c9 91 7f 38 1f 10 80 00 00 00 00 16 43 00 00 01 f7 80 00 f9 e3 df b6 b7 fd ff ff fe 00 00 00 00 00 00 00 00 00 00 00 01 00 00 00 80",""
321,1697,"PACKET","IN",207,35,"PlayerSync","id=207 bytes=35","cf 85 00 00 00 0b e5 a5 b0 ce 81 09 d1 6c 24 9f 10 80 00 00 00 02 bb 51 80 00 00 00 00 00 01 a5 04 e8 80",""
322,1697,"PACKET","IN",203,34,"AimSync","id=203 bytes=34","cb 85 00 04 66 0c b5 3e 82 05 69 3f 30 a1 5c be 4f 1f 97 c3 1b d8 26 45 c1 ca 80 42 00 00 00 00 3f c6",""
323,1698,"RPC","IN",165,2,"WorldVehicleRemove","id=165 bytes=2","2d 00",""
324,1699,"RPC","IN",163,2,"WorldPlayerRemove","id=163 bytes=2","9e 00",""
325,1699,"RPC","IN",95,24,"CreatePickup","id=95 bytes=24","5a 00 00 00 fb 04 00 00 17 00 00 00 06 d2 5e c2 8f 8a 26 45 db 59 8f 42",""
326,1699,"PACKET","IN",207,59,"PlayerSync","id=207 bytes=59","cf 70 00 e5 7f e3 7f c2 00 3b e1 28 30 e5 d6 49 91 42 b4 9f 10 80 00 00 00 03 ba 33 00 00 03 bc 3f e8 f4 23 da 0a c7 fd ff ff fe 00 00 00 00 00 00 00 00 00 00 00 01 00 00 00 80",""
327,1723,"RPC","IN",86,27,"ApplyPlayerAnimation","id=86 bytes=27","29 00 07 42 44 5f 46 49 52 45 07 77 61 73 68 5f 75 70 33 33 83 40 80 00 00 00 00",""
328,1763,"PACKET","IN",207,35,"PlayerSync","id=207 bytes=35","cf 02 00 00 00 2d a2 e3 70 ee 9a 89 91 77 a3 1e 90 80 00 00 00 00 8a aa c0 00 00 00 00 00 01 28 00 04 11",""
329,1763,"PACKET","IN",207,35,"PlayerSync","id=207 bytes=35","cf 97 00 00 00 3d e7 a8 30 e4 09 c9 d1 7b 67 1f 10 84 00 00 00 00 0f 03 e8 00 00 00 00 00 01 28 00 04 11",""
330,1786,"PACKET","IN",207,35,"PlayerSync","id=207 bytes=35","cf 7e 00 00 00 13 27 28 30 cd 86 09 d1 7b 67 1f 10 84 00 00 00 01 42 b3 94 00 00 00 00 00 01 28 00 04 11",""
331,1815,"PACKET","IN",207,35,"PlayerSync","id=207 bytes=35","cf 46 00 00 00 15 57 20 b0 da 5b c8 51 40 12 1f 90 84 00 00 00 02 f3 eb c0 01 10 00 00 00 01 d8 03 04 11",""
332,1815,"PACKET","IN",203,34,"AimSync","id=203 bytes=34","cb 46 00 04 6e 91 2c 3f 97 bb 3a 3f 02 47 ee bd 48 ff 83 c3 bf 36 21 45 6c 78 81 42 00 00 00 00 23 37",""
333,1815,"PACKET","IN",207,59,"PlayerSync","id=207 bytes=59","cf 70 00 e5 7f e3 7f c2 00 27 92 a8 30 fe d7 09 91 4d 2e 9f 10 80 00 00 00 03 9e 13 00 00 01 9d 5f 9c f6 1f c8 9a e7 fd ff ff fe 00 00 00 00 00 00 00 00 00 00 00 01 00 00 00 80",""
334,1855,"PACKET","IN",207,35,"PlayerSync","id=207 bytes=35","cf 29 00 00 00 28 26 a8 30 d1 15 49 d1 7b 67 1f 10 84 00 00 00 03 a9 ff c0 00 00 00 00 00 01 28 00 04 11",""
335,1856,"PACKET","IN",207,59,"PlayerSync","id=207 bytes=59","cf 70 00 e5 ff e3 3f c2 00 20 4a a8 30 c8 d7 c9 91 47 2b 1f 10 80 00 00 00 02 fa 07 00 00 01 95 4f 9c f7 df bc 12 fb fd ff ff fe 00 00 00 00 00 00 00 00 00 00 00 01 00 00 00 80",""
336,1856,"PACKET","IN",207,59,"PlayerSync","id=207 bytes=59","cf 70 00 e6 7f e3 3f c2 00 05 c8 28 30 f7 17 c9 91 5d a9 df 10 80 00 00 00 00 c2 07 00 00 01 05 4f 9c f7 63 bc f6 fb fd ff ff fe 00 00 00 00 00 00 00 00 00 00 00 01 00 00 00 80",""
337,1856,"RPC","IN",105,19,"TextDrawSetString","id=105 bytes=19","2f 01 0f 00 30 39 20 41 67 75 73 74 75 73 20 32 30 32 36",""
338,1856,"RPC","IN",105,12,"TextDrawSetString","id=105 bytes=12","30 01 08 00 31 32 3a 30 31 3a 34 38",""
339,1878,"RPC","IN",87,2,"ClearPlayerAnimation","id=87 bytes=2","7c 00",""
340,1879,"RPC","IN",86,29,"ApplyPlayerAnimation","id=86 bytes=29","7c 00 05 43 41 52 52 59 0b 63 72 72 79 5f 70 72 74 69 61 6c 33 33 83 40 00 00 00 00 00",""
341,1879,"PACKET","IN",207,59,"PlayerSync","id=207 bytes=59","cf 70 00 e7 7f e2 ff c2 00 1d 45 68 30 e7 18 09 91 6b 68 9f 10 80 00 00 00 03 42 07 00 00 01 56 37 b4 f6 1f bf 36 fb fd ff ff fe 00 00 00 00 00 00 00 00 00 00 00 01 00 00 00 80",""
342,1899,"PACKET","IN",207,59,"PlayerSync","id=207 bytes=59","cf 70 00 e8 ff e2 bf c2 00 18 02 a8 30 d8 58 49 91 6e a7 5f 10 80 00 00 00 01 12 0f 00 00 01 16 d7 d4 f7 8b bc aa fb fd ff ff fe 00 00 00 00 00 00 00 00 00 00 00 01 00 00 00 80",""
343,1919,"PACKET","IN",207,59,"PlayerSync","id=207 bytes=59","cf 70 00 e9 7f e2 7f c2 00 07 3f e7 f0 c8 d8 89 91 72 26 1f 10 80 00 00 00 00 82 0f 00 00 01 e0 bb e0 f6 c7 c2 be f3 fd ff ff fe 00 00 00 00 00 00 00 00 00 00 00 01 00 00 00 80",""
344,1920,"PACKET","IN",207,35,"PlayerSync","id=207 bytes=35","cf 7c 00 00 00 35 a2 e2 70 da 28 89 91 5f 9d de 90 80 00 00 00 01 98 6a 40 00 00 00 00 00 01 fb 04 e8 80",""
345,1920,"PACKET","IN",207,35,"PlayerSync","id=207 bytes=35","cf 2d 00 00 00 3c 58 68 30 c1 50 49 d1 7b 67 1f 10 84 00 00 00 02 aa b3 c0 00 00 00 00 00 01 a5 04 04 80",""
346,1920,"PACKET","IN",203,34,"AimSync","id=203 bytes=34","cb 2d 00 04 e4 aa 6f bf 16 7c ae 3e 6f 0b b0 bd 75 c3 9e c3 23 2e 27 45 e8 19 80 42 00 00 00 00 3f 28",""
347,1920,"PACKET","IN",207,59,"PlayerSync","id=207 bytes=59","cf 70 00 ea ff e2 3f c2 00 2c bc e7 f0 fa 18 89 91 71 24 df 10 80 00 00 00 02 6e 13 00 00 02 b2 d3 ec f6 77 c3 52 f3 fd ff ff fe 00 00 00 00 00 00 00 00 00 00 00 01 00 00 00 80",""
348,1953,"PACKET","IN",207,35,"PlayerSync","id=207 bytes=35","cf 51 00 00 00 1b 0a e3 30 cf a8 49 91 58 dd 9e 90 84 00 00 00 01 37 17 c0 00 00 00 00 00 01 28 00 04 11",""
349,1953,"PACKET","IN",207,59,"PlayerSync","id=207 bytes=59","cf 70 00 ec ff e1 ff c2 00 0c ba 27 f0 ea 18 c9 91 72 a3 9f 10 80 00 00 00 03 b2 1b 00 00 02 e8 b7 f0 f5 b7 c5 36 ef fd ff ff fe 00 00 00 00 00 00 00 00 00 00 00 01 00 00 00 80",""
350,1977,"PACKET","IN",207,35,"PlayerSync","id=207 bytes=35","cf 4d 00 00 00 02 00 23 30 e6 e4 09 91 70 1e 9e 90 84 00 00 00 03 da d0 80 00 00 00 00 00 01 a5 04 04 80",""
351,1977,"PACKET","IN",207,59,"PlayerSync","id=207 bytes=59","cf 70 00 ef 7f e1 7f c2 00 24 77 27 f0 d8 59 09 91 78 a2 5f 10 80 00 00 00 01 46 2b 00 00 00 87 af f0 f6 a7 cb 86 e3 fd ff ff fe 00 00 00 00 00 00 00 00 00 00 00 01 00 00 00 80",""
352,1977,"PACKET","IN",207,35,"PlayerSync","id=207 bytes=35","cf 54 00 00 00 05 77 63 70 c5 21 c9 91 65 24 1e 90 80 00 00 00 00 12 8e c0 00 00 00 00 00 01 28 00 04 11",""
353,1978,"PACKET","IN",207,35,"PlayerSync","id=207 bytes=35","cf 60 00 00 00 01 5b 23 b0 d7 8c c9 91 41 6c 5e 90 84 00 00 00 03 e6 19 c0 00 00 00 00 00 01 fb 04 04 80",""
354,1978,"PACKET","IN",207,59,"PlayerSync","id=207 bytes=59","cf 70 00 f0 ff e1 7f c2 00 33 74 27 f0 c3 59 49 91 47 21 5f 10 80 00 00 00 02 9a 2f 00 00 01 cc 43 f0 f5 8f d1 0a d7 fd ff ff fe 00 00 00 00 00 00 00 00 00 00 00 01 00 00 00 80",""
355,1998,"PACKET","IN",207,59,"PlayerSync","id=207 bytes=59","cf 70 00 f2 ff e1 3f c2 00 3d 31 27 f0 ed 59 49 91 58 20 1f 10 80 00 00 00 00 3a 3b 00 00 00 5a 2b e8 f4 27 d7 42 cf fd ff ff fe 00 00 00 00 00 00 00 00 00 00 00 01 00 00 00 80",""
356,1999,"PACKET","IN",207,59,"PlayerSync","id=207 bytes=59","cf 70 00 f3 ff e0 ff c2 00 09 ae 67 f0 d4 99 89 91 73 1e df 10 80 00 00 00 03 5e 3b 00 00 00 c6 ab dc f4 b3 d8 ae c7 fd ff ff fe 00 00 00 00 00 00 00 00 00 00 00 01 00 00 00 80",""
357,2021,"PACKET","IN",207,35,"PlayerSync","id=207 bytes=35","cf 1f 00 00 00 26 a3 e3 70 c2 1d 89 91 42 a3 5e 90 80 00 00 00 02 c2 27 00 00 00 00 00 00 01 28 00 04 11",""
358,2021,"PACKET","IN",207,35,"PlayerSync","id=207 bytes=35","cf 3d 00 00 00 32 67 a8 30 d0 79 49 91 7b 67 1f 10 84 00 00 00 00 e6 f1 c0 00 00 00 00 00 01 a5 04 e8 80",""
359,2021,"PACKET","IN",203,34,"AimSync","id=203 bytes=34","cb 3d 00 04 ea 16 2f bf af 72 87 bb 0c c2 3a bf d8 21 9f c3 8c e5 26 45 ee da 85 42 00 00 00 00 3f 36",""
360,2022,"PACKET","IN",207,59,"PlayerSync","id=207 bytes=59","cf 70 00 f4 7f e0 ff c2 00 26 6b 67 f0 fa 59 89 91 56 1d df 10 80 00 00 00 02 ce 3b 00 00 00 38 a7 c8 f6 27 d9 2a c3 fd ff ff fe 00 00 00 00 00 00 00 00 00 00 00 01 00 00 00 80",""
361,2022,"PACKET","OUT",205,9,"UNKNOWN_PACKET","id=205 bytes=9","cd b8 4a 04 00 00 00 00 00",""
362,2026,"PACKET","OUT",203,32,"AimSync","id=203 bytes=32","cb 00 00 00 39 05 00 00 00 00 00 00 00 00 00 00 00 40 01 00 00 00 80 3f 00 00 f3 04 b5 3f 39 05",""
363,2045,"PACKET","IN",207,35,"PlayerSync","id=207 bytes=35","cf 55 00 00 00 3e e0 24 70 de 62 c9 91 5c e2 9f 90 84 00 00 00 02 61 2b c0 00 00 00 00 00 01 a8 04 04 18",""
364,2045,"PACKET","IN",207,35,"PlayerSync","id=207 bytes=35","cf 76 00 00 00 0e 87 a2 f0 c1 28 c9 91 5a 1c 1e 90 84 00 00 00 03 6c 9f 40 00 00 00 00 00 01 28 00 04 11",""
365,2045,"PACKET","IN",207,59,"PlayerSync","id=207 bytes=59","cf 70 00 f6 7f e0 bf c2 00 0a 68 a7 f0 df d9 c9 91 7b dc 9f 10 80 00 00 00 00 e2 47 00 00 01 c9 cb bc f5 e3 d9 ce c3 fd ff ff fe 00 00 00 00 00 00 00 00 00 00 00 01 00 00 00 80",""
366,2066,"PACKET","IN",207,59,"PlayerSync","id=207 bytes=59","cf 70 00 f7 ff e0 bf c2 00 39 e5 a7 f0 c2 1a 09 91 6e 9b 9f 10 80 00 00 00 03 5a 4b 00 00 03 f7 1b a4 f6 5f de 76 b7 fd ff ff fe 00 00 00 00 00 00 00 00 00 00 00 01 00 00 00 80",""
367,2096,"PACKET","IN",207,59,"PlayerSync","id=207 bytes=59","cf 70 00 f8 ff e0 7f c2 00 32 22 e7 f0 e2 9a 09 91 69 1a 9f 10 80 00 00 00 03 3e 4f 00 00 01 48 b7 98 f5 1f e3 12 af fd ff ff fe 00 00 00 00 00 00 00 00 00 00 00 01 00 00 00 80",""
368,2096,"RPC","IN",63,4,"DestroyPickup","id=63 bytes=4","5a 00 00 00",""
369,2096,"RPC","IN",63,4,"DestroyPickup","id=63 bytes=4","3d 00 00 00",""
370,2096,"RPC","IN",63,4,"DestroyPickup","id=63 bytes=4","4e 00 00 00",""
371,2096,"RPC","IN",99,42,"MoveObject","id=99 bytes=42","a0 00 f8 e3 a1 c3 d7 9b 26 45 53 c5 7d 42 f8 e3 a1 c3 d7 9b 26 45 ed 5e 7b 42 00 00 80 3e 00 00 00 00 00 00 00 00 08 cc 84 43",""
372,2097,"RPC","IN",122,2,"StopObject","id=122 bytes=2","a0 00",""
373,2097,"RPC","IN",99,42,"MoveObject","id=99 bytes=42","a0 00 f8 e3 a1 c3 d7 9b 26 45 53 c5 7d 42 f8 e3 a1 c3 d7 9b 26 45 53 c5 7d 42 00 00 80 3e 00 00 00 00 00 00 00 00 08 cc 84 43",""
374,2097,"RPC","IN",122,2,"StopObject","id=122 bytes=2","a0 00",""
375,2097,"RPC","IN",99,42,"MoveObject","id=99 bytes=42","a0 00 f8 e3 a1 c3 d7 9b 26 45 53 c5 7d 42 f8 e3 a1 c3 d7 9b 26 45 ed 5e 7b 42 00 00 80 3e 00 00 00 00 00 00 00 00 08 cc 84 43",""
376,2097,"RPC","IN",122,2,"StopObject","id=122 bytes=2","a0 00",""
377,2097,"RPC","IN",99,42,"MoveObject","id=99 bytes=42","a0 00 f8 e3 a1 c3 d7 9b 26 45 53 c5 7d 42 f8 e3 a1 c3 d7 9b 26 45 53 c5 7d 42 00 00 80 3e 00 00 00 00 00 00 00 00 08 cc 84 43",""
378,2097,"RPC","IN",122,2,"StopObject","id=122 bytes=2","a0 00",""
379,2097,"RPC","IN",99,42,"MoveObject","id=99 bytes=42","a0 00 f8 e3 a1 c3 d7 9b 26 45 53 c5 7d 42 f8 e3 a1 c3 d7 9b 26 45 ed 5e 7b 42 00 00 80 3e 00 00 00 00 00 00 00 00 08 cc 84 43",""
380,2097,"RPC","IN",122,2,"StopObject","id=122 bytes=2","a0 00",""
381,2097,"RPC","IN",99,42,"MoveObject","id=99 bytes=42","a0 00 f8 e3 a1 c3 d7 9b 26 45 53 c5 7d 42 f8 e3 a1 c3 d7 9b 26 45 53 c5 7d 42 00 00 80 3e 00 00 00 00 00 00 00 00 08 cc 84 43",""
382,2098,"RPC","IN",122,2,"StopObject","id=122 bytes=2","a0 00",""
383,2098,"RPC","IN",99,42,"MoveObject","id=99 bytes=42","a0 00 f8 e3 a1 c3 d7 9b 26 45 53 c5 7d 42 f8 e3 a1 c3 d7 9b 26 45 ed 5e 7b 42 00 00 80 3e 00 00 00 00 00 00 00 00 08 cc 84 43",""
384,2098,"RPC","IN",122,2,"StopObject","id=122 bytes=2","a0 00",""
385,2098,"RPC","IN",99,42,"MoveObject","id=99 bytes=42","a0 00 f8 e3 a1 c3 d7 9b 26 45 53 c5 7d 42 f8 e3 a1 c3 d7 9b 26 45 53 c5 7d 42 00 00 80 3e 00 00 00 00 00 00 00 00 08 cc 84 43",""
386,2098,"RPC","IN",122,2,"StopObject","id=122 bytes=2","a0 00",""
387,2098,"RPC","IN",99,42,"MoveObject","id=99 bytes=42","a0 00 f8 e3 a1 c3 d7 9b 26 45 53 c5 7d 42 f8 e3 a1 c3 d7 9b 26 45 ed 5e 7b 42 00 00 80 3e 00 00 00 00 00 00 00 00 08 cc 84 43",""
388,2098,"RPC","IN",122,2,"StopObject","id=122 bytes=2","a0 00",""
389,2098,"RPC","IN",99,42,"MoveObject","id=99 bytes=42","a0 00 f8 e3 a1 c3 d7 9b 26 45 53 c5 7d 42 f8 e3 a1 c3 d7 9b 26 45 53 c5 7d 42 00 00 80 3e 00 00 00 00 00 00 00 00 08 cc 84 43",""
390,2098,"PACKET","IN",207,35,"PlayerSync","id=207 bytes=35","cf 5b 00 00 00 0e fc 66 b0 e8 7d 89 91 7b 67 1f 10 84 00 00 00 01 0a e2 00 00 00 00 00 00 01 28 00 04 11",""
391,2098,"PACKET","IN",207,59,"PlayerSync","id=207 bytes=59","cf 70 00 f9 7f e0 7f c2 00 3e e0 27 f0 c1 1a 49 91 6f 19 9f 10 80 00 00 00 03 b6 4f 00 00 01 5f 33 74 f6 bb e2 9a ab fd ff ff fe 00 00 00 00 00 00 00 00 00 00 00 01 00 00 00 80",""
392,2118,"PACKET","IN",207,59,"PlayerSync","id=207 bytes=59","cf 70 00 fb 7f e0 7f c2 00 09 9d a7 f0 df 9a 49 91 74 18 9f 10 80 00 00 00 02 2e 5b 00 00 03 59 e7 78 f6 eb e2 0e ab fd ff ff fe 00 00 00 00 00 00 00 00 00 00 00 01 00 00 00 80",""
393,2118,"PACKET","IN",207,59,"PlayerSync","id=207 bytes=59","cf 70 00 fc 7f e0 7f c2 00 09 9a e7 f0 fc 1a 49 91 7d 97 9f 10 80 00 00 00 02 66 5f 00 00 03 40 d3 80 f7 0b e5 da 9f fd ff ff fe 00 00 00 00 00 00 00 00 00 00 00 01 00 00 00 80",""
394,2119,"PACKET","IN",207,35,"PlayerSync","id=207 bytes=35","cf 92 00 00 00 22 0a a3 30 e7 59 49 91 6d 9f 1e 90 84 00 00 00 02 9b 21 c0 00 00 00 00 00 01 a5 04 04 80",""
395,2144,"RPC","IN",24,18,"SetVehicleParamsEx","id=24 bytes=18","1c 00 01 00 ff 00 ff 00 ff ff ff ff ff ff ff ff ff ff",""
396,2144,"RPC","IN",24,18,"SetVehicleParamsEx","id=24 bytes=18","1c 00 00 00 ff 00 ff 00 ff ff ff ff ff ff ff ff ff ff",""
397,2144,"RPC","IN",59,46,"ChatBubble","id=59 bytes=46","38 00 aa ff bb ff 00 00 f0 41 88 13 00 00 1f 2a 20 4d 65 6d 61 74 69 6b 61 6e 20 6d 65 73 69 6e 20 6b 65 6e 64 61 72 61 61 6e 6e 79 61 2e",""
398,2144,"PACKET","IN",207,35,"PlayerSync","id=207 bytes=35","cf 38 00 00 00 16 53 ea b0 d7 96 49 d1 74 23 9f 50 84 00 00 00 02 94 c3 7c 00 00 00 00 00 01 a2 04 e8 80",""
399,2145,"PACKET","IN",203,34,"AimSync","id=203 bytes=34","cb 38 00 04 aa f6 38 be 6b b4 6c bf 78 ae ab be f5 ea a9 c3 9c 99 27 45 19 e4 82 42 00 00 00 00 3f c6",""
400,2145,"PACKET","IN",207,35,"PlayerSync","id=207 bytes=35","cf 63 00 00 00 35 23 63 70 dd 23 09 91 54 21 9e 90 80 00 00 00 02 22 63 80 00 00 00 00 00 01 28 00 04 11",""
401,2145,"PACKET","IN",207,59,"PlayerSync","id=207 bytes=59","cf 70 00 fd ff e0 7f c2 00 01 18 27 f0 d7 da 89 91 48 16 df 10 80 00 00 00 02 16 67 00 00 00 e6 df 88 f4 a3 e8 de 9b fd ff ff fe 00 00 00 00 00 00 00 00 00 00 00 01 00 00 00 80",""
402,2145,"PACKET","IN",207,35,"PlayerSync","id=207 bytes=35","cf 53 00 00 00 2a a7 a8 30 f7 98 09 d1 7a e7 1f 10 84 00 00 00 02 ba 42 c0 00 00 00 00 00 01 a5 04 04 80",""
403,2145,"PACKET","IN",207,59,"PlayerSync","id=207 bytes=59","cf 70 00 fe ff e0 7f c2 00 1e d5 27 f0 f2 da 89 91 4f 15 df 10 80 00 00 00 02 c6 6b 00 00 00 df 3f a4 f7 67 eb b6 8f fd ff ff fe 00 00 00 00 00 00 00 00 00 00 00 01 00 00 00 80",""
404,2189,"PACKET","IN",207,57,"PlayerSync","id=207 bytes=57","cf 70 00 60 7f c2 00 2f 12 27 f0 cd 1a c9 91 55 d4 df 10 80 00 00 00 02 de 73 00 00 00 d1 e3 b4 f5 03 ee 12 8b fd ff ff fe 00 00 00 00 00 00 00 00 00 00 00 01 00 00 00 80",""
405,2208,"PACKET","IN",207,59,"PlayerSync","id=207 bytes=59","cf 70 00 81 00 60 7f c2 00 0b 4b a7 f0 c4 5b 09 91 70 12 9f 10 80 00 00 00 02 c6 77 00 00 00 f8 e7 f0 f7 43 ed ce 83 fd ff ff fe 00 00 00 00 00 00 00 00 00 00 00 01 00 00 00 80",""
406,2232,"PACKET","IN",207,59,"PlayerSync","id=207 bytes=59","cf 70 00 82 00 60 7f c2 00 08 88 27 f0 e0 5b 09 91 51 91 9f 10 80 00 00 00 00 3e 7f 00 00 01 a7 9c 00 f8 e3 f3 6e 7b fd ff ff fe 00 00 00 00 00 00 00 00 00 00 00 01 00 00 00 80",""
407,2232,"PACKET","OUT",207,69,"PlayerSync","id=207 bytes=69","cf 00 00 00 00 00 00 67 0a 9b c3 6b 06 27 45 ed 9c 7c 42 11 b2 39 3f 00 00 00 80 00 00 00 00 14 38 30 bf 64 00 04 00 00 00 00 00 00 00 00 00 00 00 00 00 00 00 00 00 00 00 00 00 00 00 00 00 00 00 a5 04 04 80",""
408,2253,"PACKET","IN",207,35,"PlayerSync","id=207 bytes=35","cf 85 00 00 00 0b e5 a5 b0 ce 81 09 d1 6c 24 9f 10 80 00 00 00 02 bb 51 80 00 00 00 00 00 01 a5 04 e8 80",""
409,2253,"RPC","IN",87,2,"ClearPlayerAnimation","id=87 bytes=2","0b 00",""
410,2253,"RPC","IN",86,29,"ApplyPlayerAnimation","id=86 bytes=29","0b 00 05 43 41 52 52 59 0b 63 72 72 79 5f 70 72 74 69 61 6c 33 33 83 40 00 00 00 00 00",""
411,2253,"PACKET","IN",207,59,"PlayerSync","id=207 bytes=59","cf 70 00 82 80 60 7f c2 00 1b c1 27 f0 d4 5b 49 91 66 8f 5f 10 80 00 00 00 02 3a 7f 00 00 00 1b a0 00 fa 4f f1 86 77 fd ff ff fe 00 00 00 00 00 00 00 00 00 00 00 01 00 00 00 80",""
412,2277,"RPC","IN",86,27,"ApplyPlayerAnimation","id=86 bytes=27","2d 00 07 42 44 5f 46 49 52 45 07 77 61 73 68 5f 75 70 33 33 83 40 80 00 00 00 00",""
413,2278,"PACKET","IN",207,35,"PlayerSync","id=207 bytes=35","cf 2d 00 00 01 3c 58 68 30 c1 50 49 d1 7b 67 1f 10 84 00 00 00 02 aa b3 c0 00 00 00 00 00 01 a5 04 04 80",""
414,2299,"RPC","IN",86,27,"ApplyPlayerAnimation","id=86 bytes=27","3d 00 07 42 44 5f 46 49 52 45 07 77 61 73 68 5f 75 70 33 33 83 40 80 00 00 00 00",""
415,2299,"PACKET","IN",207,59,"PlayerSync","id=207 bytes=59","cf 70 00 83 00 60 7f c2 00 38 3a 67 b0 c5 1b 89 91 56 4d 5f 10 80 00 00 00 00 ea 83 00 00 03 af 47 ec f6 ff f2 96 73 fd ff ff fe 00 00 00 00 00 00 00 00 00 00 00 01 00 00 00 80",""
416,2299,"RPC","IN",86,27,"ApplyPlayerAnimation","id=86 bytes=27","4d 00 07 42 44 5f 46 49 52 45 07 77 61 73 68 5f 75 70 33 33 83 40 80 00 00 00 00",""
417,2319,"PACKET","IN",207,35,"PlayerSync","id=207 bytes=35","cf 02 00 00 00 2d a2 e3 70 ee 9a 89 91 77 a3 1e 90 80 00 00 00 00 8a aa c0 00 00 00 00 00 01 28 00 04 11",""
418,2319,"PACKET","IN",207,35,"PlayerSync","id=207 bytes=35","cf 2d 00 00 00 3c 58 68 30 c1 50 49 d1 7b 67 1f 10 84 00 00 00 02 aa b3 c0 00 00 00 00 00 01 a5 04 04 80",""
419,2319,"RPC","IN",105,7,"TextDrawSetString","id=105 bytes=7","26 08 03 00 31 30 30",""
420,2320,"RPC","IN",105,5,"TextDrawSetString","id=105 bytes=5","27 08 01 00 30",""
421,2320,"RPC","IN",105,6,"TextDrawSetString","id=105 bytes=6","28 08 02 00 34 38",""
422,2320,"RPC","IN",105,5,"TextDrawSetString","id=105 bytes=5","29 08 01 00 37",""
423,2320,"RPC","IN",105,7,"TextDrawSetString","id=105 bytes=7","2a 08 03 00 31 30 30",""
424,2346,"PACKET","IN",207,59,"PlayerSync","id=207 bytes=59","cf 70 00 82 80 60 7f c2 00 19 b4 27 b0 f2 5b 89 91 60 8b 5f 10 80 00 00 00 01 de 7f 00 00 03 2d b7 cc f7 d7 f2 d6 6f fd ff ff fe 00 00 00 00 00 00 00 00 00 00 00 01 00 00 00 80",""
425,2366,"PACKET","IN",207,59,"PlayerSync","id=207 bytes=59","cf 70 00 81 80 60 7f c2 00 2e ed 27 b0 e5 1b c9 91 7a 89 1f 10 80 00 00 00 00 02 7b 00 00 00 dd bb b4 f7 0b f2 62 73 fd ff ff fe 00 00 00 00 00 00 00 00 00 00 00 01 00 00 00 80",""
426,2367,"PACKET","IN",207,35,"PlayerSync","id=207 bytes=35","cf 7e 00 00 00 13 27 28 30 cd 86 09 d1 7b 67 1f 10 84 00 00 00 01 42 b3 94 00 00 00 00 00 01 28 00 04 11",""
427,2392,"PACKET","IN",207,35,"PlayerSync","id=207 bytes=35","cf 29 00 00 00 28 26 a8 30 d1 15 49 d1 7b 67 1f 10 84 00 00 00 03 a9 ff c0 00 00 00 00 00 01 28 00 04 11",""
428,2392,"PACKET","IN",207,59,"PlayerSync","id=207 bytes=59","cf 70 00 81 00 60 7f c2 00 31 69 e7 b0 fe 9b c9 91 73 08 1f 10 80 00 00 00 01 3e 77 00 00 03 bf 4f 9c f5 43 f1 ea 7b fd ff ff fe 00 00 00 00 00 00 00 00 00 00 00 01 00 00 00 80",""
429,2392,"PACKET","IN",203,34,"AimSync","id=203 bytes=34","cb 70 00 04 ed d1 75 3f 3d e3 83 3e 31 89 dc bd 14 58 a0 c3 85 61 26 45 8f 04 80 42 00 00 00 00 3f c6",""
430,2392,"PACKET","IN",207,35,"PlayerSync","id=207 bytes=35","cf 2d 00 00 00 3c 58 68 30 c1 50 49 d1 7b 67 1f 10 84 00 00 00 02 aa b3 c0 00 00 00 00 00 01 28 00 04 11",""
431,2392,"PACKET","IN",203,34,"AimSync","id=203 bytes=34","cb 2d 00 04 08 ae 6f bf d4 6a ae 3e 6f 0b b0 bd 5b c3 9e c3 2a 2e 27 45 e8 19 80 42 00 00 00 00 3f 28",""
432,2412,"PACKET","IN",207,59,"PlayerSync","id=207 bytes=59","cf 70 00 80 80 60 7f c2 00 1a 26 e7 b0 d7 9c 09 91 75 87 1f 10 80 00 00 00 02 72 73 00 00 03 e5 b3 9c f4 6b f1 4e 7f fd ff ff fe 00 00 00 00 00 00 00 00 00 00 00 01 00 00 00 80",""
433,2432,"PACKET","IN",207,35,"PlayerSync","id=207 bytes=35","cf 4d 00 00 00 02 00 23 30 e6 e4 09 91 70 1e 9e 90 84 00 00 00 03 da d0 80 00 00 00 00 00 01 28 00 04 11",""
434,2433,"PACKET","IN",207,57,"PlayerSync","id=207 bytes=57","cf 70 00 60 3f c2 00 17 63 27 b0 f6 dc 09 91 76 06 5f 10 80 00 00 00 03 9a 6f 00 00 01 a1 b3 9c f7 87 ec c2 83 fd ff ff fe 00 00 00 00 00 00 00 00 00 00 00 01 00 00 00 80",""
435,2456,"PACKET","IN",207,35,"PlayerSync","id=207 bytes=35","cf 51 00 00 00 1b 0a e3 30 cf a8 49 91 58 dd 9e 90 84 00 00 00 01 37 17 c0 00 00 00 00 00 01 28 00 04 11",""
436,2457,"PACKET","IN",207,59,"PlayerSync","id=207 bytes=59","cf 70 00 ff ff e0 7f c2 00 2e 5f a7 b0 d4 1c 49 91 47 c6 df 10 80 00 00 00 00 ca 6f 00 00 03 12 57 9c f6 9f ec 3a 87 fd ff ff fe 00 00 00 00 00 00 00 00 00 00 00 01 00 00 00 80",""
437,2457,"PACKET","IN",207,35,"PlayerSync","id=207 bytes=35","cf 7c 00 00 00 35 a2 e2 70 da 28 89 91 5f 9d de 90 80 00 00 00 01 98 6a 40 00 00 00 00 00 01 fb 04 e8 80",""
438,2457,"PACKET","IN",207,35,"PlayerSync","id=207 bytes=35","cf 1c 00 00 00 2d 1d 28 30 f6 cc c9 d1 7b 67 1f 10 84 00 00 00 00 65 93 00 00 00 00 00 00 01 28 00 04 11",""
439,2457,"PACKET","IN",203,34,"AimSync","id=203 bytes=34","cb 1c 00 04 c1 94 76 bf 15 ff 10 be 5b ea 69 be 36 c5 9e c3 c9 3b 27 45 fb 1a 81 42 00 00 00 00 3f 55",""
440,2476,"PACKET","IN",207,59,"PlayerSync","id=207 bytes=59","cf 70 00 ff 7f e0 7f c2 00 39 1c 27 b0 f2 9c 49 91 5d 07 1f 10 80 00 00 00 01 e2 6b 00 00 02 fe 57 9c f5 b3 ef a2 87 fd ff ff fe 00 00 00 00 00 00 00 00 00 00 00 01 00 00 00 80",""
441,2497,"PACKET","IN",207,35,"PlayerSync","id=207 bytes=35","cf 55 00 00 00 3e e0 24 70 de 62 c9 91 5c e2 9f 90 84 00 00 00 02 61 2b c0 00 00 00 00 00 01 a8 04 04 18",""
442,2497,"PACKET","IN",207,59,"PlayerSync","id=207 bytes=59","cf 70 00 fe ff e0 7f c2 00 04 95 e7 b0 ed 1c 89 91 40 c7 df 10 80 00 00 00 03 0e 67 00 00 02 5f ef d4 f4 cb ee da 8b fd ff ff fe 00 00 00 00 00 00 00 00 00 00 00 01 00 00 00 80",""
443,2521,"PACKET","IN",207,35,"PlayerSync","id=207 bytes=35","cf 54 00 00 00 05 77 63 70 c5 21 c9 91 65 24 1e 90 80 00 00 00 00 12 8e c0 00 00 00 00 00 01 28 00 04 11",""
444,2521,"PACKET","IN",207,35,"PlayerSync","id=207 bytes=35","cf 60 00 00 00 01 5b 23 b0 d7 8c c9 91 41 6c 5e 90 84 00 00 00 03 e6 19 c0 00 00 00 00 00 01 fb 04 04 80",""
445,2544,"RPC","IN",86,27,"ApplyPlayerAnimation","id=86 bytes=27","85 00 07 42 44 5f 46 49 52 45 07 77 61 73 68 5f 75 70 33 33 83 40 80 00 00 00 00",""
446,2544,"PACKET","IN",207,35,"PlayerSync","id=207 bytes=35","cf 3d 00 00 00 32 67 a8 30 d0 79 49 91 7b 67 1f 10 84 00 00 00 00 e6 f1 c0 00 00 00 00 00 01 28 00 04 11",""
447,2544,"PACKET","IN",203,34,"AimSync","id=203 bytes=34","cb 3d 00 04 ea 16 2f bf af 72 87 bb 0c c2 3a bf db 21 9f c3 8b e5 26 45 fb da 85 42 00 00 00 00 3f 36",""
448,2551,"PACKET","OUT",203,32,"AimSync","id=203 bytes=32","cb 00 00 00 39 05 00 00 00 00 00 00 00 00 00 00 00 40 01 00 00 00 80 3f 00 00 f3 04 b5 3f 39 05",""
449,2565,"PACKET","IN",207,59,"PlayerSync","id=207 bytes=59","cf 70 00 fe ff e0 7f c2 00 18 08 67 b0 e9 9d 09 91 5c 89 1f 10 80 00 00 00 02 f2 67 00 00 03 af bb f0 f7 bf ea 8e 8f fd ff ff fe 00 00 00 00 00 00 00 00 00 00 00 01 00 00 00 80",""
450,2590,"PACKET","IN",207,35,"PlayerSync","id=207 bytes=35","cf 1a 00 00 00 33 5a 2a b0 f5 86 c9 d1 5e 8c 5f 90 80 00 00 00 03 97 ed 80 00 00 00 00 00 01 a5 04 04 80",""
451,2591,"PACKET","IN",203,34,"AimSync","id=203 bytes=34","cb 1a 00 04 39 05 d0 3e 0b f8 66 bf 14 1f 14 be 50 1c ab c3 aa 4d 27 45 92 4b 81 42 00 00 00 00 3f 36",""
452,2591,"PACKET","IN",207,35,"PlayerSync","id=207 bytes=35","cf 1f 00 00 00 26 a3 e3 70 c2 1d 89 91 42 a3 5e 90 80 00 00 00 02 c2 27 00 00 00 00 00 00 01 28 00 04 11",""
453,2591,"PACKET","IN",207,35,"PlayerSync","id=207 bytes=35","cf 97 00 00 00 3d e7 a8 30 e4 09 c9 d1 7b 67 1f 10 84 00 00 00 00 0f 03 e8 00 00 00 00 00 01 28 00 04 11",""
454,2591,"PACKET","IN",203,34,"AimSync","id=203 bytes=34","cb 97 00 04 9c ee 4f bf c4 17 d2 3e 33 47 d4 be 38 08 a0 c3 0b 1e 27 45 74 b5 80 42 00 00 00 00 3f 36",""
455,2610,"PACKET","IN",207,35,"PlayerSync","id=207 bytes=35","cf 5b 00 00 00 0e fc 66 b0 e8 7d 89 91 7b 67 1f 10 84 00 00 00 01 0a e2 00 00 00 00 00 00 01 28 00 04 11",""
456,2611,"PACKET","IN",207,59,"PlayerSync","id=207 bytes=59","cf 70 00 fe 7f e0 7f c2 00 21 82 27 b0 e3 5d 49 91 7d c9 9f 10 80 00 00 00 03 66 63 00 00 02 38 33 e8 f7 a7 ea de 8f fd ff ff fe 00 00 00 00 00 00 00 00 00 00 00 01 00 00 00 80",""
457,2630,"PACKET","IN",207,35,"PlayerSync","id=207 bytes=35","cf 76 00 00 00 0e 87 a2 f0 c1 28 c9 91 5a 1c 1e 90 84 00 00 00 03 6c 9f 40 00 00 00 00 00 01 28 00 04 11",""
458,2670,"RPC","IN",86,28,"ApplyPlayerAnimation","id=86 bytes=28","53 00 09 50 4c 41 59 49 44 4c 45 53 06 73 74 72 6c 65 67 48 e1 6a 40 60 00 00 00 00",""
459,2690,"PACKET","IN",207,59,"PlayerSync","id=207 bytes=59","cf 70 00 fc ff e0 7f c2 00 2b b6 67 70 d6 9d c9 91 40 8b 1f 10 80 00 00 00 00 ae 5b 00 00 01 51 ef a4 f7 cf e7 76 9b fd ff ff fe 00 00 00 00 00 00 00 00 00 00 00 01 00 00 00 80",""
460,2690,"PACKET","IN",207,35,"PlayerSync","id=207 bytes=35","cf 92 00 00 00 22 0a a3 30 e7 59 49 91 6d 9f 1e 90 84 00 00 00 02 9b 21 c0 00 00 00 00 00 01 a5 04 04 80",""
461,2690,"PACKET","IN",207,35,"PlayerSync","id=207 bytes=35","cf 38 00 00 00 16 53 ea b0 d7 96 49 d1 74 23 9f 50 84 00 00 00 02 94 c3 7c 00 00 00 00 00 01 a2 04 e8 80",""
462,2690,"PACKET","IN",207,59,"PlayerSync","id=207 bytes=59","cf 70 00 fc 7f e0 7f c2 00 35 73 a7 70 f3 1d c9 91 50 4b 5f 10 80 00 00 00 01 1a 57 00 00 03 2b eb 74 f6 77 e7 9e 9f fd ff ff fe 00 00 00 00 00 00 00 00 00 00 00 01 00 00 00 80",""
463,2711,"RPC","IN",86,28,"ApplyPlayerAnimation","id=86 bytes=28","1a 00 03 70 65 64 0c 4a 65 74 70 61 63 6b 5f 49 64 6c 65 33 33 83 40 10 00 00 00 00",""
464,2711,"RPC","IN",113,59,"SetPlayerAttachedObject","id=113 bytes=59","1a 00 09 00 00 00 db a4 80 00 02 80 00 00 62 90 18 1e b3 34 5e 1e 53 4d e2 5d 81 80 70 61 4f cc 85 e1 01 00 04 60 80 00 40 1f 80 00 40 1f 80 00 40 1f 80 00 00 00 00 00 00 00 00",""
465,2711,"RPC","IN",59,45,"ChatBubble","id=59 bytes=45","1a 00 aa ff bb ff 00 00 f0 41 88 13 00 00 1e 2a 20 4d 65 6d 62 75 6b 61 20 73 6d 61 72 74 70 68 6f 6e 65 20 6d 69 6c 69 6b 6e 79 61 2e",""
466,2711,"RPC","IN",99,42,"MoveObject","id=99 bytes=42","a0 00 f8 e3 a1 c3 d7 9b 26 45 53 c5 7d 42 f8 e3 a1 c3 d7 9b 26 45 ed 5e 7b 42 00 00 80 3e 00 00 00 00 00 00 00 00 08 cc 84 43",""
467,2711,"RPC","IN",122,2,"StopObject","id=122 bytes=2","a0 00",""
468,2711,"RPC","IN",99,42,"MoveObject","id=99 bytes=42","a0 00 f8 e3 a1 c3 d7 9b 26 45 53 c5 7d 42 f8 e3 a1 c3 d7 9b 26 45 53 c5 7d 42 00 00 80 3e 00 00 00 00 00 00 00 00 08 cc 84 43",""
469,2711,"RPC","IN",122,2,"StopObject","id=122 bytes=2","a0 00",""
470,2712,"RPC","IN",99,42,"MoveObject","id=99 bytes=42","a0 00 f8 e3 a1 c3 d7 9b 26 45 53 c5 7d 42 f8 e3 a1 c3 d7 9b 26 45 ed 5e 7b 42 00 00 80 3e 00 00 00 00 00 00 00 00 08 cc 84 43",""
471,2712,"RPC","IN",122,2,"StopObject","id=122 bytes=2","a0 00",""
472,2712,"RPC","IN",99,42,"MoveObject","id=99 bytes=42","a0 00 f8 e3 a1 c3 d7 9b 26 45 53 c5 7d 42 f8 e3 a1 c3 d7 9b 26 45 53 c5 7d 42 00 00 80 3e 00 00 00 00 00 00 00 00 08 cc 84 43",""
473,2712,"RPC","IN",122,2,"StopObject","id=122 bytes=2","a0 00",""
474,2712,"RPC","IN",99,42,"MoveObject","id=99 bytes=42","a0 00 f8 e3 a1 c3 d7 9b 26 45 53 c5 7d 42 f8 e3 a1 c3 d7 9b 26 45 ed 5e 7b 42 00 00 80 3e 00 00 00 00 00 00 00 00 08 cc 84 43",""
475,2712,"RPC","IN",122,2,"StopObject","id=122 bytes=2","a0 00",""
476,2712,"RPC","IN",99,42,"MoveObject","id=99 bytes=42","a0 00 f8 e3 a1 c3 d7 9b 26 45 53 c5 7d 42 f8 e3 a1 c3 d7 9b 26 45 53 c5 7d 42 00 00 80 3e 00 00 00 00 00 00 00 00 08 cc 84 43",""
477,2712,"RPC","IN",122,2,"StopObject","id=122 bytes=2","a0 00",""
478,2712,"RPC","IN",99,42,"MoveObject","id=99 bytes=42","a0 00 f8 e3 a1 c3 d7 9b 26 45 53 c5 7d 42 f8 e3 a1 c3 d7 9b 26 45 ed 5e 7b 42 00 00 80 3e 00 00 00 00 00 00 00 00 08 cc 84 43",""
479,2712,"RPC","IN",122,2,"StopObject","id=122 bytes=2","a0 00",""
480,2712,"RPC","IN",99,42,"MoveObject","id=99 bytes=42","a0 00 f8 e3 a1 c3 d7 9b 26 45 53 c5 7d 42 f8 e3 a1 c3 d7 9b 26 45 53 c5 7d 42 00 00 80 3e 00 00 00 00 00 00 00 00 08 cc 84 43",""
481,2712,"RPC","IN",122,2,"StopObject","id=122 bytes=2","a0 00",""
482,2713,"RPC","IN",99,42,"MoveObject","id=99 bytes=42","a0 00 f8 e3 a1 c3 d7 9b 26 45 53 c5 7d 42 f8 e3 a1 c3 d7 9b 26 45 ed 5e 7b 42 00 00 80 3e 00 00 00 00 00 00 00 00 08 cc 84 43",""
483,2713,"RPC","IN",122,2,"StopObject","id=122 bytes=2","a0 00",""
484,2713,"RPC","IN",99,42,"MoveObject","id=99 bytes=42","a0 00 f8 e3 a1 c3 d7 9b 26 45 53 c5 7d 42 f8 e3 a1 c3 d7 9b 26 45 53 c5 7d 42 00 00 80 3e 00 00 00 00 00 00 00 00 08 cc 84 43",""
485,2713,"PACKET","IN",207,35,"PlayerSync","id=207 bytes=35","cf 63 00 00 00 35 23 63 70 dd 23 09 91 54 21 9e 90 80 00 00 00 02 22 63 80 00 00 00 00 00 01 28 00 04 11",""
486,2713,"PACKET","IN",207,59,"PlayerSync","id=207 bytes=59","cf 70 00 fb ff e0 7f c2 00 01 f1 27 70 d0 5e 09 91 61 4b 9f 10 80 00 00 00 01 76 53 00 00 01 d8 0f 78 f5 13 e7 d2 a3 fd ff ff fe 00 00 00 00 00 00 00 00 00 00 00 01 00 00 00 80",""
487,2713,"PACKET","IN",207,35,"PlayerSync","id=207 bytes=35","cf 85 00 00 00 0b e5 a5 b0 ce 81 09 d1 6c 24 9f 10 80 00 00 00 02 bb 51 80 00 00 00 00 00 01 28 00 04 11",""
488,2713,"PACKET","IN",203,34,"AimSync","id=203 bytes=34","cb 85 00 04 66 0c b5 3e 82 05 69 3f 30 a1 5c be 4f 1f 97 c3 1b d8 26 45 c1 ca 80 42 00 00 00 00 3f c6",""
489,2732,"PACKET","OUT",207,69,"PlayerSync","id=207 bytes=69","cf 00 00 00 00 00 04 67 0a 9b c3 6b 06 27 45 ed 9c 7c 42 11 b2 39 3f 00 00 00 80 00 00 00 00 14 38 30 bf 64 00 04 00 00 00 00 00 00 00 00 00 00 00 00 00 00 00 00 00 00 00 00 00 00 00 00 00 00 00 a5 04 04 80",""
490,2773,"PACKET","IN",207,35,"PlayerSync","id=207 bytes=35","cf 53 00 00 00 2a a7 a8 30 f7 98 09 d1 7a e7 1f 10 84 00 00 00 02 ba 42 c0 00 00 00 00 00 01 a5 04 04 80",""
491,2773,"PACKET","IN",207,59,"PlayerSync","id=207 bytes=59","cf 70 00 fb 7f e0 7f c2 00 09 ee 67 70 ee 9e 09 91 75 cb df 10 80 00 00 00 01 ca 4f 00 00 02 0d 83 80 f7 9f e0 0a ab fd ff ff fe 00 00 00 00 00 00 00 00 00 00 00 01 00 00 00 80",""
492,2797,"RPC","IN",134,80,"ShowTextDraw","id=134 bytes=80","f0 00 13 9a 99 19 3f 00 00 00 40 00 00 00 66 00 00 cc 42 00 00 a0 41 00 00 00 32 00 01 00 00 00 66 04 00 00 00 59 43 00 00 b8 43 00 00 00 00 00 00 00 00 00 00 00 00 00 00 00 00 80 3f ff ff ff ff 0d 00 6c 64 5f 64 75 61 6c 3a 77 68 69 74 65",""
493,2797,"RPC","IN",134,80,"ShowTextDraw","id=134 bytes=80","2c 08 11 9a 99 19 3f 00 00 00 40 1a ff 00 aa 5c 8f 82 3f 00 00 a0 41 00 00 00 32 00 01 00 00 00 ff 04 00 00 00 59 43 00 00 b8 43 00 00 00 00 00 00 00 00 00 00 00 00 00 00 00 00 80 3f ff ff ff ff 0d 00 6c 64 5f 64 75 61 6c 3a 77 68 69 74 65",""
494,2797,"RPC","IN",134,75,"ShowTextDraw","id=134 bytes=75","2d 08 18 56 99 59 3e 33 33 b3 3f ff ff ff e6 00 00 a0 44 00 00 a0 44 00 00 00 32 00 00 00 00 00 ff 01 00 00 00 86 43 00 c0 b9 43 00 00 00 00 00 00 00 00 00 00 00 00 00 00 00 00 80 3f ff ff ff ff 08 00 4d 45 4d 4f 54 4f 4e 47",""
495,2797,"RPC","IN",86,27,"ApplyPlayerAnimation","id=86 bytes=27","a8 00 07 42 44 5f 46 49 52 45 07 77 61 73 68 5f 75 70 33 33 83 40 80 00 00 00 00",""
496,2798,"RPC","IN",135,2,"HideTextDraw","id=135 bytes=2","4d 00",""
497,2798,"RPC","IN",135,2,"HideTextDraw","id=135 bytes=2","4e 00",""
498,2798,"RPC","IN",135,2,"HideTextDraw","id=135 bytes=2","4f 00",""
499,2798,"RPC","IN",135,2,"HideTextDraw","id=135 bytes=2","2b 08",""
500,2798,"PACKET","IN",207,35,"PlayerSync","id=207 bytes=35","cf 46 00 00 00 15 57 20 b0 da 5b c8 51 40 12 1f 90 84 00 00 00 02 f3 eb c0 01 10 00 00 00 01 d8 03 04 11",""
501,2798,"PACKET","IN",203,34,"AimSync","id=203 bytes=34","cb 46 00 04 f8 91 2c 3f 2c bc 3a 3f 0a 11 ee bd 48 ff 83 c3 be 36 21 45 2b 78 81 42 00 00 00 00 23 37",""
502,2799,"RPC","IN",87,2,"ClearPlayerAnimation","id=87 bytes=2","92 00",""
503,2799,"RPC","IN",86,29,"ApplyPlayerAnimation","id=86 bytes=29","92 00 05 43 41 52 52 59 0b 63 72 72 79 5f 70 72 74 69 61 6c 33 33 83 40 00 00 00 00 00",""
504,2799,"RPC","IN",137,14,"ServerJoin","id=137 bytes=14","56 00 00 00 00 00 00 06 63 61 6e 67 7a 77",""
505,2799,"RPC","IN",72,6,"SetPlayerColor","id=72 bytes=6","56 00 ff 83 7f 7f",""
506,2799,"RPC","IN",165,2,"WorldVehicleRemove","id=165 bytes=2","1c 00",""
507,2820,"PACKET","IN",207,59,"PlayerSync","id=207 bytes=59","cf 70 00 fb 7f e0 7f c2 00 1a 5f a7 70 d7 de c9 91 4f 0d df 10 80 00 00 00 02 de 4b 00 00 02 f7 3f e4 f5 33 e2 da af fd ff ff fe 00 00 00 00 00 00 00 00 00 00 00 01 00 00 00 80",""
508,2820,"PACKET","OUT",207,69,"PlayerSync","id=207 bytes=69","cf 00 00 00 00 00 04 67 0a 9b c3 6b 06 27 45 ed 9c 7c 42 11 b2 39 3f 00 00 00 80 00 00 00 00 14 38 30 bf 64 00 04 00 00 00 00 00 00 00 00 00 00 00 00 00 00 00 00 00 00 00 00 00 00 00 00 00 00 00 28 00 04 11",""
509,2864,"PACKET","IN",207,41,"PlayerSync","id=207 bytes=41","cf 53 00 00 00 29 27 a8 30 f7 98 09 d1 7a e7 1f 10 84 00 00 00 02 ba 42 c0 00 00 16 e4 38 e4 57 d6 d6 cf fd fd a5 04 04 80",""
510,2865,"PACKET","IN",207,59,"PlayerSync","id=207 bytes=59","cf 70 00 fc 7f e0 7f c2 00 21 59 67 70 df df 09 91 58 0e 9f 10 80 00 00 00 03 fa 4f 00 00 01 cf f0 00 f9 fb e0 ae af fd ff ff fe 00 00 00 00 00 00 00 00 00 00 00 01 00 00 00 80",""
511,2865,"PACKET","IN",207,35,"PlayerSync","id=207 bytes=35","cf 1a 00 00 00 33 5a 2a b0 f5 86 c9 d1 5e 8c 5f 90 80 00 00 00 03 97 ed 80 00 00 00 00 00 01 a8 04 04 18",""
512,2865,"PACKET","IN",207,59,"PlayerSync","id=207 bytes=59","cf 70 00 fd ff e0 7f c2 00 1f 93 27 70 e4 9f 49 91 57 cf 5f 10 80 00 00 00 00 46 5b 00 00 03 5f f0 00 f9 57 e7 0a a3 fd ff ff fe 00 00 00 00 00 00 00 00 00 00 00 01 00 00 00 80",""
513,2886,"PACKET","IN",207,35,"PlayerSync","id=207 bytes=35","cf 02 00 00 00 2d a2 e3 70 ee 9a 89 91 77 a3 1e 90 80 00 00 00 00 8a aa c0 00 00 00 00 00 01 28 00 04 11",""
514,2886,"PACKET","IN",207,35,"PlayerSync","id=207 bytes=35","cf 29 00 00 00 28 26 a8 30 d1 15 49 d1 7b 67 1f 10 84 00 00 00 03 a9 ff c0 00 00 00 00 00 01 28 00 04 11",""
515,2886,"PACKET","IN",207,59,"PlayerSync","id=207 bytes=59","cf 70 00 ff 7f e0 7f c2 00 0a 50 27 70 c5 1f 89 91 73 4f 9f 10 80 00 00 00 01 46 63 00 00 03 04 af f0 f6 4f e4 1a a3 fd ff ff fe 00 00 00 00 00 00 00 00 00 00 00 01 00 00 00 80",""
516,2886,"PACKET","OUT",207,69,"PlayerSync","id=207 bytes=69","cf 00 00 00 00 00 00 67 0a 9b c3 6b 06 27 45 ed 9c 7c 42 11 b2 39 3f 00 00 00 80 00 00 00 00 14 38 30 bf 64 00 04 00 00 00 00 00 00 00 00 00 00 00 00 00 00 00 00 00 00 00 00 00 00 00 00 00 00 00 28 00 04 11",""
517,2909,"RPC","IN",86,27,"ApplyPlayerAnimation","id=86 bytes=27","7c 00 07 42 44 5f 46 49 52 45 07 77 61 73 68 5f 75 70 33 33 83 40 80 00 00 00 00",""
518,2909,"PACKET","IN",207,59,"PlayerSync","id=207 bytes=59","cf 70 00 ff ff e0 7f c2 00 2d 8c e7 70 e3 9f 89 91 48 90 1f 10 80 00 00 00 03 d2 63 00 00 03 43 eb ec f5 af e9 76 97 fd ff ff fe 00 00 00 00 00 00 00 00 00 00 00 01 00 00 00 80",""
519,2930,"PACKET","IN",207,35,"PlayerSync","id=207 bytes=35","cf 2d 00 00 00 3c 58 68 30 c1 50 49 d1 7b 67 1f 10 84 00 00 00 02 aa b3 c0 00 00 00 00 00 01 28 00 04 11",""
520,2930,"PACKET","IN",207,59,"PlayerSync","id=207 bytes=59","cf 70 00 81 00 60 7f c2 00 29 c9 e7 70 c0 5f c9 91 58 d0 5f 10 80 00 00 00 00 d6 6f 00 00 01 94 17 d0 f6 9b ea 6e 93 fd ff ff fe 00 00 00 00 00 00 00 00 00 00 00 01 00 00 00 80",""
521,2931,"RPC","IN",105,19,"TextDrawSetString","id=105 bytes=19","2f 01 0f 00 30 39 20 41 67 75 73 74 75 73 20 32 30 32 36",""
522,2931,"RPC","IN",105,12,"TextDrawSetString","id=105 bytes=12","30 01 08 00 31 32 3a 30 31 3a 34 39",""
523,2951,"PACKET","IN",207,35,"PlayerSync","id=207 bytes=35","cf 4d 00 00 00 02 00 23 30 e6 e4 09 91 70 1e 9e 90 84 00 00 00 03 da d0 80 00 00 00 00 00 01 28 00 04 11",""
524,2951,"PACKET","IN",207,59,"PlayerSync","id=207 bytes=59","cf 70 00 83 80 60 7f c2 00 31 c3 e7 70 f4 1f c9 91 69 d0 df 10 80 00 00 00 03 be 7b 00 00 03 94 2f b8 f6 97 ec 5a 87 fd ff ff fe 00 00 00 00 00 00 00 00 00 00 00 01 00 00 00 80",""
525,2977,"PACKET","IN",207,41,"PlayerSync","id=207 bytes=41","cf 53 00 00 00 23 67 a8 30 f8 18 09 d1 7a e7 1f 10 84 00 00 00 02 ba 42 c0 00 01 41 ce 10 e4 e6 b9 6f df fd fd a5 04 04 80",""
526,2977,"PACKET","IN",207,35,"PlayerSync","id=207 bytes=35","cf 7e 00 00 00 13 27 28 30 cd 86 09 d1 7b 67 1f 10 84 00 00 00 01 42 b3 94 00 00 00 00 00 01 28 00 04 11",""
527,2978,"PACKET","IN",207,59,"PlayerSync","id=207 bytes=59","cf 70 00 84 00 60 7f c2 00 35 40 e7 70 ca a0 09 91 68 91 1f 10 80 00 00 00 02 8a 7f 00 00 02 22 5b b4 f6 5f f1 4a 77 fd ff ff fe 00 00 00 00 00 00 00 00 00 00 00 01 00 00 00 80",""
528,2978,"PACKET","IN",207,59,"PlayerSync","id=207 bytes=59","cf 70 00 86 00 60 7f c2 00 09 3e 27 30 df e0 09 91 63 51 5f 10 80 00 00 00 02 ca 8b 00 00 03 24 b7 a0 f7 2f f1 ce 73 fd ff ff fe 00 00 00 00 00 00 00 00 00 00 00 01 00 00 00 80",""
529,3019,"PACKET","IN",207,59,"PlayerSync","id=207 bytes=59","cf 70 00 89 80 60 bf c2 00 2d f8 27 30 c2 60 49 91 43 91 df 10 80 00 00 00 00 7a a3 00 00 03 8a 5f 9c f4 97 fa b2 57 fd ff ff fe 00 00 00 00 00 00 00 00 00 00 00 01 00 00 00 80",""
530,3020,"PACKET","IN",207,35,"PlayerSync","id=207 bytes=35","cf 51 00 00 00 1b 0a e3 30 cf a8 49 91 58 dd 9e 90 84 00 00 00 01 37 17 c0 00 00 00 00 00 01 28 00 04 11",""
531,3020,"PACKET","IN",207,35,"PlayerSync","id=207 bytes=35","cf 7c 00 00 00 35 a2 e2 70 da 28 89 91 5f 9d de 90 80 00 00 00 01 98 6a 40 00 00 00 00 00 01 28 00 04 11",""
532,3047,"PACKET","IN",207,35,"PlayerSync","id=207 bytes=35","cf 60 00 00 00 01 5b 23 b0 d7 8c c9 91 41 6c 5e 90 84 00 00 00 03 e6 19 c0 00 00 00 00 00 01 fb 04 04 80",""
533,3047,"PACKET","IN",207,59,"PlayerSync","id=207 bytes=59","cf 70 00 8a 80 60 bf c2 00 39 b5 27 30 cf 60 49 91 67 d1 df 10 80 00 00 00 02 b2 a7 00 00 02 32 63 9c f7 23 fa 5a 47 fd ff ff fe 00 00 00 00 00 00 00 00 00 00 00 01 00 00 00 80",""
534,3047,"PACKET","IN",207,35,"PlayerSync","id=207 bytes=35","cf 55 00 00 00 3e e0 24 70 de 62 c9 91 5c e2 9f 90 84 00 00 00 02 61 2b c0 00 00 00 00 00 01 a8 04 04 18",""
535,3048,"PACKET","OUT",205,9,"UNKNOWN_PACKET","id=205 bytes=9","cd b8 4a 04 00 00 00 00 00",""
536,3072,"PACKET","IN",207,41,"PlayerSync","id=207 bytes=41","cf 53 00 00 00 2a a7 a8 30 f8 d8 09 d1 7a e7 1f 10 84 00 00 00 02 ba 42 c0 00 03 34 bb d0 e5 d4 2f be d3 fd fd a5 04 04 80",""
537,3072,"PACKET","IN",207,59,"PlayerSync","id=207 bytes=59","cf 70 00 8e 00 61 3f c2 00 0e af 67 30 e2 a0 49 91 5d 92 1f 10 80 00 00 00 01 4e bf 00 00 01 66 67 9c f6 53 fd 3a 2b fd ff ff fe 00 00 00 00 00 00 00 00 00 00 00 01 00 00 00 80",""
538,3073,"RPC","IN",87,2,"ClearPlayerAnimation","id=87 bytes=2","02 00",""
539,3073,"RPC","IN",86,29,"ApplyPlayerAnimation","id=86 bytes=29","02 00 05 43 41 52 52 59 0b 63 72 72 79 5f 70 72 74 69 61 6c 33 33 83 40 00 00 00 00 00",""
540,3073,"PACKET","IN",207,35,"PlayerSync","id=207 bytes=35","cf 54 00 00 00 05 77 63 70 c5 21 c9 91 65 24 1e 90 80 00 00 00 00 12 8e c0 00 00 00 00 00 01 28 00 04 11",""
541,3077,"PACKET","OUT",203,32,"AimSync","id=203 bytes=32","cb 00 00 00 39 05 00 00 00 00 00 00 00 00 00 00 00 40 01 00 00 00 80 3f 00 00 f3 04 b5 3f 39 05",""
542,3098,"PACKET","IN",207,59,"PlayerSync","id=207 bytes=59","cf 70 00 90 00 61 7f c2 00 25 ac 27 30 e8 e0 49 91 6f 92 1f 10 80 00 00 00 02 1e cb 00 00 01 4e 3f cc f7 03 ff ae 1f fd ff ff fe 00 00 00 00 00 00 00 00 00 00 00 01 00 00 00 80",""
543,3098,"PACKET","IN",207,59,"PlayerSync","id=207 bytes=59","cf 70 00 91 00 61 7f c2 00 3b e8 e7 30 eb a0 49 91 77 52 1f 10 80 00 00 00 00 b2 d3 00 00 03 d7 ff d4 f7 cb fd fa 0f fd ff ff fe 00 00 00 00 00 00 00 00 00 00 00 01 00 00 00 80",""
544,3118,"PACKET","IN",207,59,"PlayerSync","id=207 bytes=59","cf 70 00 93 00 61 bf c2 00 04 65 e7 30 ec a0 49 91 7a 12 1f 10 80 00 00 00 01 92 df 00 00 02 c3 8b e8 f7 f7 fc be 07 fd ff ff fe 00 00 00 00 00 00 00 00 00 00 00 01 00 00 00 80",""
545,3143,"PACKET","IN",207,35,"PlayerSync","id=207 bytes=35","cf 5b 00 00 00 0e fc 66 b0 e8 7d 89 91 7b 67 1f 10 84 00 00 00 01 0a e2 00 00 00 00 00 00 01 28 00 04 11",""
546,3144,"PACKET","IN",207,59,"PlayerSync","id=207 bytes=59","cf 70 00 93 80 61 ff c2 00 03 a2 a7 30 e9 e0 49 91 72 52 1f 10 80 00 00 00 02 86 e3 00 00 03 d7 ff ec f7 cf fe 75 f3 fd ff ff fe 00 00 00 00 00 00 00 00 00 00 00 01 00 00 00 80",""
547,3144,"PACKET","IN",207,35,"PlayerSync","id=207 bytes=35","cf 02 00 00 00 2d a2 e3 70 ee 9a 89 91 77 a3 1e 90 80 00 00 00 00 8a aa c0 00 00 00 00 00 01 a5 04 e8 80",""
548,3144,"PACKET","IN",207,41,"PlayerSync","id=207 bytes=41","cf 53 00 00 00 25 a7 a8 30 fc 98 09 d1 7a e7 1f 10 84 00 00 00 02 ba 42 c0 00 02 aa b8 98 ed 73 ea 42 97 fd fd a5 04 04 80",""
549,3144,"PACKET","IN",207,59,"PlayerSync","id=207 bytes=59","cf 70 00 95 80 62 3f c2 00 02 1f 67 30 e5 a0 49 91 66 92 1f 10 80 00 00 00 03 8e ef 00 00 00 1f cf f0 f7 93 ff 55 eb fd ff ff fe 00 00 00 00 00 00 00 00 00 00 00 01 00 00 00 80",""
550,3144,"PACKET","IN",207,35,"PlayerSync","id=207 bytes=35","cf 97 00 00 00 3d e7 a8 30 e4 09 c9 d1 7b 67 1f 10 84 00 00 00 00 0f 03 e8 00 00 00 00 00 01 28 00 04 11",""
551,3164,"PACKET","IN",207,35,"PlayerSync","id=207 bytes=35","cf 3d 00 00 00 32 67 a8 30 d0 79 49 91 7b 67 1f 10 84 00 00 00 00 e6 f1 c0 00 00 00 00 00 01 28 00 04 11",""
552,3184,"PACKET","IN",207,35,"PlayerSync","id=207 bytes=35","cf 1f 00 00 00 26 a3 e3 70 c2 1d 89 91 42 a3 5e 90 80 00 00 00 02 c2 27 00 00 00 00 00 00 01 28 00 04 11",""
553,3185,"PACKET","IN",207,37,"PlayerSync","id=207 bytes=37","cf 38 00 60 00 00 00 16 53 ea b0 d7 96 49 d1 74 23 9f 50 84 00 00 00 00 34 ab 7c 00 00 00 00 00 01 cc 04 e8 80",""
554,3185,"PACKET","IN",203,34,"AimSync","id=203 bytes=34","cb 38 00 04 ee 67 1b be 0b 8f 69 bf cc b2 c2 be f9 f1 a9 c3 8a 9f 27 45 8f a2 83 42 00 00 00 00 3f c6",""
555,3185,"PACKET","IN",207,59,"PlayerSync","id=207 bytes=59","cf 70 00 96 80 62 7f c2 00 15 98 67 30 d3 e0 49 91 74 51 df 10 80 00 00 00 01 8e fb 00 00 01 95 1f ec f6 3b fd 99 d7 fd ff ff fe 00 00 00 00 00 00 00 00 00 00 00 01 00 00 00 80",""
556,3209,"PACKET","IN",207,59,"PlayerSync","id=207 bytes=59","cf 70 00 97 00 62 7f c2 00 2b d4 e7 30 c8 20 49 91 53 91 df 10 80 00 00 00 02 c6 ff 00 00 00 77 33 e8 f5 17 fd 99 cb fd ff ff fe 00 00 00 00 00 00 00 00 00 00 00 01 00 00 00 80",""
557,3230,"PACKET","IN",207,35,"PlayerSync","id=207 bytes=35","cf 92 00 00 00 22 0a a3 30 e7 59 49 91 6d 9f 1e 90 84 00 00 00 02 9b 21 c0 00 00 00 00 00 01 a5 04 04 80",""
558,3249,"PACKET","IN",207,41,"PlayerSync","id=207 bytes=41","cf 53 00 00 00 29 a7 a8 30 c5 98 49 d1 7a e7 1f 10 84 00 00 00 02 ba 42 c0 00 00 00 01 00 ed 75 74 e3 ef fd fd a5 04 04 80",""
559,3249,"PACKET","IN",207,35,"PlayerSync","id=207 bytes=35","cf 85 00 00 00 0b e5 a5 b0 ce 81 09 d1 6c 24 9f 10 80 00 00 00 02 bb 51 80 00 00 00 00 00 01 28 00 04 11",""
560,3275,"PACKET","IN",207,43,"PlayerSync","id=207 bytes=43","cf 38 00 60 00 00 00 09 94 6a b0 ce 96 c9 d1 42 23 1f 50 80 00 00 00 02 18 37 7c 00 01 91 38 18 f5 6e 2d f7 ff fd fd cc 04 e8 80",""
561,3275,"PACKET","IN",207,59,"PlayerSync","id=207 bytes=59","cf 70 00 96 00 62 7f c0 00 3b 0a 67 30 dc 60 09 91 59 51 5f 10 80 00 00 00 03 8b 03 00 00 03 6f fb a4 f7 0b f8 f1 bb fd ff ff fe 00 00 00 00 00 00 00 00 00 00 00 01 00 00 00 80",""
562,3275,"PACKET","IN",207,35,"PlayerSync","id=207 bytes=35","cf 63 00 00 00 35 23 63 70 dd 23 09 91 54 21 9e 90 80 00 00 00 02 22 63 80 00 00 00 00 00 01 28 00 04 11",""
563,3276,"PACKET","IN",207,59,"PlayerSync","id=207 bytes=59","cf 70 00 95 80 62 3f c0 00 0a 07 a7 30 cf a0 09 91 76 51 1f 10 80 00 00 00 03 8f 03 00 00 03 1c 6f 98 f7 47 fa a5 bb fd ff ff fe 00 00 00 00 00 00 00 00 00 00 00 01 00 00 00 80",""
564,3276,"RPC","IN",86,27,"ApplyPlayerAnimation","id=86 bytes=27","0b 00 07 42 44 5f 46 49 52 45 07 77 61 73 68 5f 75 70 33 33 83 40 80 00 00 00 00",""
565,3296,"PACKET","IN",207,59,"PlayerSync","id=207 bytes=59","cf 70 00 95 00 62 3f c0 00 33 44 a7 30 c3 20 09 91 53 91 1f 10 80 00 00 00 00 43 07 00 00 00 4b ff 74 f7 43 fa a1 bb fd ff ff fe 00 00 00 00 00 00 00 00 00 00 00 01 00 00 00 80",""
566,3312,"MARKER","",-1,0,"ALT","","","ALT"
567,3317,"PACKET","IN",207,59,"PlayerSync","id=207 bytes=59","cf 70 00 93 80 61 ff c0 00 1c 81 e7 30 f6 9f c9 91 70 90 df 10 80 00 00 00 03 0a ff 00 00 03 72 e7 78 f7 1f f9 91 bb fd ff ff fe 00 00 00 00 00 00 00 00 00 00 00 01 00 00 00 80",""
568,3342,"PACKET","IN",207,43,"PlayerSync","id=207 bytes=43","cf 38 00 60 00 00 00 35 93 ea b0 d3 97 49 d1 47 e1 df 50 80 00 00 00 02 dc 1b 7c 00 01 2a d0 68 f4 1e 1f 37 ff fd fd cc 04 e8 80",""
569,3342,"PACKET","IN",207,41,"PlayerSync","id=207 bytes=41","cf 53 00 00 00 20 27 a8 30 d0 58 49 d1 7a e7 1f 10 84 00 00 00 02 ba 42 c0 00 00 75 98 e0 ec ef 51 7b 83 fd fd a5 04 04 80",""
570,3342,"PACKET","IN",207,59,"PlayerSync","id=207 bytes=59","cf 70 00 90 00 61 7f c0 00 14 3c 26 f0 e0 9f c9 91 73 50 9f 10 80 00 00 00 01 b2 f3 00 00 00 ec 83 8c f4 a3 fd 81 c7 fd ff ff fe 00 00 00 00 00 00 00 00 00 00 00 01 00 00 00 80",""
571,3364,"RPC","IN",99,42,"MoveObject","id=99 bytes=42","a0 00 f8 e3 a1 c3 d7 9b 26 45 53 c5 7d 42 f8 e3 a1 c3 d7 9b 26 45 ed 5e 7b 42 00 00 80 3e 00 00 00 00 00 00 00 00 08 cc 84 43",""
572,3364,"RPC","IN",122,2,"StopObject","id=122 bytes=2","a0 00",""
573,3364,"RPC","IN",99,42,"MoveObject","id=99 bytes=42","a0 00 f8 e3 a1 c3 d7 9b 26 45 53 c5 7d 42 f8 e3 a1 c3 d7 9b 26 45 53 c5 7d 42 00 00 80 3e 00 00 00 00 00 00 00 00 08 cc 84 43",""
574,3364,"RPC","IN",122,2,"StopObject","id=122 bytes=2","a0 00",""
575,3365,"RPC","IN",99,42,"MoveObject","id=99 bytes=42","a0 00 f8 e3 a1 c3 d7 9b 26 45 53 c5 7d 42 f8 e3 a1 c3 d7 9b 26 45 ed 5e 7b 42 00 00 80 3e 00 00 00 00 00 00 00 00 08 cc 84 43",""
576,3365,"RPC","IN",122,2,"StopObject","id=122 bytes=2","a0 00",""
577,3365,"RPC","IN",99,42,"MoveObject","id=99 bytes=42","a0 00 f8 e3 a1 c3 d7 9b 26 45 53 c5 7d 42 f8 e3 a1 c3 d7 9b 26 45 53 c5 7d 42 00 00 80 3e 00 00 00 00 00 00 00 00 08 cc 84 43",""
578,3365,"RPC","IN",122,2,"StopObject","id=122 bytes=2","a0 00",""
579,3365,"RPC","IN",99,42,"MoveObject","id=99 bytes=42","a0 00 f8 e3 a1 c3 d7 9b 26 45 53 c5 7d 42 f8 e3 a1 c3 d7 9b 26 45 ed 5e 7b 42 00 00 80 3e 00 00 00 00 00 00 00 00 08 cc 84 43",""
580,3365,"RPC","IN",122,2,"StopObject","id=122 bytes=2","a0 00",""
581,3365,"RPC","IN",99,42,"MoveObject","id=99 bytes=42","a0 00 f8 e3 a1 c3 d7 9b 26 45 53 c5 7d 42 f8 e3 a1 c3 d7 9b 26 45 53 c5 7d 42 00 00 80 3e 00 00 00 00 00 00 00 00 08 cc 84 43",""
582,3365,"RPC","IN",122,2,"StopObject","id=122 bytes=2","a0 00",""
583,3365,"RPC","IN",99,42,"MoveObject","id=99 bytes=42","a0 00 f8 e3 a1 c3 d7 9b 26 45 53 c5 7d 42 f8 e3 a1 c3 d7 9b 26 45 ed 5e 7b 42 00 00 80 3e 00 00 00 00 00 00 00 00 08 cc 84 43",""
584,3365,"RPC","IN",122,2,"StopObject","id=122 bytes=2","a0 00",""
585,3365,"RPC","IN",99,42,"MoveObject","id=99 bytes=42","a0 00 f8 e3 a1 c3 d7 9b 26 45 53 c5 7d 42 f8 e3 a1 c3 d7 9b 26 45 53 c5 7d 42 00 00 80 3e 00 00 00 00 00 00 00 00 08 cc 84 43",""
586,3365,"RPC","IN",122,2,"StopObject","id=122 bytes=2","a0 00",""
587,3365,"RPC","IN",99,42,"MoveObject","id=99 bytes=42","a0 00 f8 e3 a1 c3 d7 9b 26 45 53 c5 7d 42 f8 e3 a1 c3 d7 9b 26 45 ed 5e 7b 42 00 00 80 3e 00 00 00 00 00 00 00 00 08 cc 84 43",""
588,3365,"RPC","IN",122,2,"StopObject","id=122 bytes=2","a0 00",""
589,3366,"RPC","IN",99,42,"MoveObject","id=99 bytes=42","a0 00 f8 e3 a1 c3 d7 9b 26 45 53 c5 7d 42 f8 e3 a1 c3 d7 9b 26 45 53 c5 7d 42 00 00 80 3e 00 00 00 00 00 00 00 00 08 cc 84 43",""
590,3366,"PACKET","IN",207,35,"PlayerSync","id=207 bytes=35","cf 1a 00 00 00 33 5a 2a b0 f5 86 c9 d1 5e 8c 5f 90 80 00 00 00 03 97 ed 80 00 00 00 00 00 01 a8 04 04 18",""
591,3366,"PACKET","IN",207,59,"PlayerSync","id=207 bytes=59","cf 70 00 8f 00 61 3f c0 00 13 b9 26 f0 d8 9f c9 91 5c d0 9f 10 80 00 00 00 02 ca ef 00 00 00 3b bf a0 f6 33 fd 3d d7 fd ff ff fe 00 00 00 00 00 00 00 00 00 00 00 01 00 00 00 80",""
592,3366,"RPC","IN",16,16,"PlaySound","id=16 bytes=16","92 7e 00 00 00 00 00 00 00 00 00 00 00 00 00 00",""
593,3366,"RPC","IN",134,80,"ShowTextDraw","id=134 bytes=80","2c 08 11 9a 99 19 3f 00 00 00 40 1a ff 00 aa 92 24 e9 41 00 00 a0 41 00 00 00 32 00 01 00 00 00 ff 04 00 00 00 59 43 00 00 b8 43 00 00 00 00 00 00 00 00 00 00 00 00 00 00 00 00 80 3f ff ff ff ff 0d 00 6c 64 5f 64 75 61 6c 3a 77 68 69 74 65",""
594,3366,"RPC","IN",72,6,"SetPlayerColor","id=72 bytes=6","75 00 ff ff ff ff",""
595,3366,"PACKET","IN",207,59,"PlayerSync","id=207 bytes=59","cf 70 00 8d 80 60 ff c0 00 3e b5 e6 f0 d1 1f c9 91 47 50 9f 10 80 00 00 00 01 2a eb 00 00 02 b7 5b ac f6 8b fd 7d db fd ff ff fe 00 00 00 00 00 00 00 00 00 00 00 01 00 00 00 80",""
596,3386,"RPC","IN",105,7,"TextDrawSetString","id=105 bytes=7","26 08 03 00 31 30 30",""
597,3386,"RPC","IN",105,5,"TextDrawSetString","id=105 bytes=5","27 08 01 00 30",""
598,3386,"RPC","IN",105,6,"TextDrawSetString","id=105 bytes=6","28 08 02 00 34 38",""
599,3386,"RPC","IN",105,5,"TextDrawSetString","id=105 bytes=5","29 08 01 00 37",""
600,3386,"RPC","IN",105,7,"TextDrawSetString","id=105 bytes=7","2a 08 03 00 31 30 30",""
601,3386,"PACKET","IN",207,59,"PlayerSync","id=207 bytes=59","cf 70 00 8c 80 60 ff c0 00 16 72 e6 f0 cb 1f c9 91 76 90 5f 10 80 00 00 00 02 ae e7 00 00 00 84 2f d4 f7 17 fd b9 e3 fd ff ff fe 00 00 00 00 00 00 00 00 00 00 00 01 00 00 00 80",""
602,3387,"PACKET","IN",203,34,"AimSync","id=203 bytes=34","cb 70 00 04 9e 1b 7d 3f 49 13 0c 3e e8 fd 7a bd b7 89 9d c3 7d 77 26 45 e4 83 7f 42 00 00 00 00 3f c6",""
603,3413,"PACKET","IN",207,35,"PlayerSync","id=207 bytes=35","cf 1c 00 00 00 2d 1d 28 30 f6 cc c9 d1 7b 67 1f 10 84 00 00 00 00 65 93 00 00 00 00 00 00 01 28 00 04 11",""
604,3414,"PACKET","IN",203,34,"AimSync","id=203 bytes=34","cb 1c 00 04 4c 8d 78 bf 0d f3 cb bd 70 ff 5e be c4 c1 9e c3 6f 39 27 45 e3 07 81 42 00 00 00 00 3f 55",""
605,3414,"PACKET","IN",207,43,"PlayerSync","id=207 bytes=43","cf 38 00 60 00 00 00 07 13 ea b0 e2 57 c9 d1 4e 20 9f 50 80 00 00 00 02 74 0f 7c 00 02 16 d8 68 f7 3a 0f c3 ff fd fd cc 04 e8 80",""
606,3414,"PACKET","IN",207,59,"PlayerSync","id=207 bytes=59","cf 70 00 8b 80 60 ff c0 00 2f af a6 f0 c5 df c9 91 67 d0 5f 10 80 00 00 00 03 fe e3 00 00 00 83 8f d0 f7 4b fd 51 e7 fd ff ff fe 00 00 00 00 00 00 00 00 00 00 00 01 00 00 00 80",""
607,3436,"PACKET","IN",207,41,"PlayerSync","id=207 bytes=41","cf 53 00 00 00 01 27 28 30 de d8 49 d1 7a e7 1f 10 84 00 00 00 02 ba 42 c0 00 00 ef 12 ec ed 83 b0 63 13 fd fd a5 04 04 80",""
608,3436,"PACKET","IN",207,59,"PlayerSync","id=207 bytes=59","cf 70 00 8b 00 60 ff c0 00 3f ac 66 f0 c1 5f c9 91 5b 50 5f 10 80 00 00 00 03 de e3 00 00 03 86 cf e0 f7 7b fd 39 eb fd ff ff fe 00 00 00 00 00 00 00 00 00 00 00 01 00 00 00 80",""
609,3436,"PACKET","IN",207,59,"PlayerSync","id=207 bytes=59","cf 70 00 8a 80 60 bf c2 00 18 69 66 f0 fc df 89 91 4e d0 5f 10 80 00 00 00 03 22 e3 00 00 01 87 ef d4 f7 7f fd 65 eb fd ff ff fe 00 00 00 00 00 00 00 00 00 00 00 01 00 00 00 80",""
610,3462,"PACKET","IN",207,59,"PlayerSync","id=207 bytes=59","cf 70 00 8a 00 60 bf c2 00 2c a5 e6 f0 f8 5f 89 91 42 10 5f 10 80 00 00 00 02 ba e3 00 00 00 18 df e8 f7 8b fe 79 eb fd ff ff fe 00 00 00 00 00 00 00 00 00 00 00 01 00 00 00 80",""
611,3462,"PACKET","IN",207,35,"PlayerSync","id=207 bytes=35","cf 29 00 00 00 28 26 a8 30 d1 15 49 d1 7b 67 1f 10 84 00 00 00 03 a9 ff c0 00 00 00 00 00 01 28 00 04 11",""
612,3463,"PACKET","OUT",207,69,"PlayerSync","id=207 bytes=69","cf 00 00 00 00 00 00 67 0a 9b c3 6b 06 27 45 ed 9c 7c 42 11 b2 39 3f 00 00 00 80 00 00 00 00 14 38 30 bf 64 00 04 00 00 00 00 00 00 00 00 00 00 00 00 00 00 00 00 00 00 00 00 00 00 00 00 00 00 00 28 00 04 11",""
613,3483,"PACKET","IN",207,59,"PlayerSync","id=207 bytes=59","cf 70 00 89 00 60 bf c2 00 27 e2 a6 f0 f4 1f 89 91 76 50 1f 10 80 00 00 00 03 92 df 00 00 03 09 1f f4 f7 8f ff 0d eb fd ff ff fe 00 00 00 00 00 00 00 00 00 00 00 01 00 00 00 80",""
614,3483,"PACKET","IN",207,43,"PlayerSync","id=207 bytes=43","cf 38 00 60 00 00 00 2f d3 aa b0 e8 18 49 d1 73 1f 5f 50 80 00 00 00 00 78 0b 7c 00 00 9e 9f 8c f0 a2 0b eb ff fd fd cc 04 e8 80",""
615,3484,"PACKET","IN",207,59,"PlayerSync","id=207 bytes=59","cf 70 00 88 00 60 bf c0 00 27 9f 66 f0 f0 df 89 91 6d 50 1f 10 80 00 00 00 00 22 df 00 00 00 10 03 f0 f7 bb ff 95 ef fd ff ff fe 00 00 00 00 00 00 00 00 00 00 00 01 00 00 00 80",""
616,3484,"PACKET","IN",207,35,"PlayerSync","id=207 bytes=35","cf 7e 00 00 00 13 27 28 30 cd 86 09 d1 7b 67 1f 10 84 00 00 00 01 42 b3 94 00 00 00 00 00 01 28 00 04 11",""
617,3530,"PACKET","IN",207,59,"PlayerSync","id=207 bytes=59","cf 70 00 86 80 60 7f c0 00 06 59 26 f0 ed 5f 89 91 63 90 1f 10 80 00 00 00 03 42 d7 00 00 02 8a 67 cc f7 f3 fe 21 fb fd ff ff fe 00 00 00 00 00 00 00 00 00 00 00 01 00 00 00 80",""
618,3530,"PACKET","IN",207,41,"PlayerSync","id=207 bytes=41","cf 53 00 00 00 03 66 68 30 ea 18 49 d1 7a e7 1f 10 84 00 00 00 02 ba 42 c0 00 03 ba 82 38 ee c3 f4 ba 63 fd fd a5 04 04 80",""
619,3551,"PACKET","IN",207,35,"PlayerSync","id=207 bytes=35","cf 4d 00 00 00 02 00 23 30 e6 e4 09 91 70 1e 9e 90 84 00 00 00 03 da d0 80 00 00 00 00 00 01 28 00 04 11",""
620,3552,"PACKET","IN",207,35,"PlayerSync","id=207 bytes=35","cf 51 00 00 00 1b 0a e3 30 cf a8 49 91 58 dd 9e 90 84 00 00 00 01 37 17 c0 00 00 00 00 00 01 28 00 04 11",""
621,3552,"PACKET","IN",207,59,"PlayerSync","id=207 bytes=59","cf 70 00 85 00 60 7f c0 00 25 15 e6 f0 ec 5f 89 91 60 d0 1f 10 80 00 00 00 00 8a d3 00 00 02 9e eb c8 f7 f7 ff 75 fb fd ff ff fe 00 00 00 00 00 00 00 00 00 00 00 01 00 00 00 80",""
622,3552,"RPC","IN",87,2,"ClearPlayerAnimation","id=87 bytes=2","1c 00",""
623,3552,"RPC","IN",86,29,"ApplyPlayerAnimation","id=86 bytes=29","1c 00 05 43 41 52 52 59 0b 63 72 72 79 5f 70 72 74 69 61 6c 33 33 83 40 00 00 00 00 00",""
624,3574,"PACKET","IN",207,43,"PlayerSync","id=207 bytes=43","cf 38 00 60 00 00 00 1e 93 aa b0 eb d8 c9 d1 5f 5e 5f 50 80 00 00 00 00 60 0b 7c 00 02 59 30 c4 f4 62 0b eb ff fd fd cc 04 e8 80",""
625,3575,"PACKET","IN",207,35,"PlayerSync","id=207 bytes=35","cf 60 00 00 00 01 5b 23 b0 d7 8c c9 91 41 6c 5e 90 84 00 00 00 03 e6 19 c0 00 00 00 00 00 01 fb 04 04 80",""
626,3575,"PACKET","IN",207,59,"PlayerSync","id=207 bytes=59","cf 70 00 84 80 60 7f c0 00 12 52 e6 f0 ed 5f 89 91 63 90 1f 10 80 00 00 00 03 4e cf 00 00 02 b6 67 b4 f7 f7 fc fa 07 fd ff ff fe 00 00 00 00 00 00 00 00 00 00 00 01 00 00 00 80",""
627,3575,"PACKET","IN",207,45,"PlayerSync","id=207 bytes=45","cf 70 00 83 80 60 7f ca 00 01 0f e6 f0 ee 9f 89 91 67 10 1f 10 80 00 00 00 03 12 cb 00 00 03 73 37 b0 f7 f3 fe b2 07 fd fd 00 00 00 80",""
628,3597,"PACKET","IN",207,35,"PlayerSync","id=207 bytes=35","cf 55 00 00 00 3e e0 24 70 de 62 c9 91 5c e2 9f 90 84 00 00 00 02 61 2b c0 00 00 00 00 00 01 a8 04 04 18",""
629,3597,"PACKET","IN",207,35,"PlayerSync","id=207 bytes=35","cf 7c 00 00 00 35 a2 e2 70 da 28 89 91 5f 9d de 90 80 00 00 00 01 98 6a 40 00 00 00 00 00 01 28 00 04 11",""
630,3597,"PACKET","IN",207,59,"PlayerSync","id=207 bytes=59","cf 70 00 83 80 60 7f c0 00 03 cc e6 f0 f0 df 89 91 6d 50 1f 10 80 00 00 00 03 12 cb 00 00 02 22 67 9c f7 d7 fc a2 0f fd ff ff fe 00 00 00 00 00 00 00 00 00 00 00 01 00 00 00 80",""
631,3603,"PACKET","OUT",203,32,"AimSync","id=203 bytes=32","cb 00 00 00 39 05 00 00 00 00 00 00 00 00 00 00 00 40 01 00 00 00 80 3f 00 00 f3 04 b5 3f 39 05",""
632,3621,"PACKET","IN",207,41,"PlayerSync","id=207 bytes=41","cf 53 00 00 00 09 e6 28 30 e6 58 49 d1 7a e7 1f 10 84 00 00 00 02 ba 42 c0 00 03 cb 44 54 ed 5d f4 1c 03 fd fd a5 04 04 80",""
633,3621,"PACKET","IN",207,35,"PlayerSync","id=207 bytes=35","cf 54 00 00 00 05 77 63 70 c5 21 c9 91 65 24 1e 90 80 00 00 00 00 12 8e c0 00 00 00 00 00 01 28 00 04 11",""
634,3649,"PACKET","IN",207,43,"PlayerSync","id=207 bytes=43","cf 38 00 60 00 00 00 08 53 aa b0 d5 d9 89 d1 7b 9c df 50 80 00 00 00 00 60 0b 7c 00 03 5a 1d 04 f4 62 0b eb ff fd fd cc 04 e8 80",""
635,3650,"PACKET","IN",207,35,"PlayerSync","id=207 bytes=35","cf 5b 00 00 00 0e fc 66 b0 e8 7d 89 91 7b 67 1f 10 84 00 00 00 01 0a e2 00 00 00 00 00 00 01 28 00 04 11",""
636,3672,"PACKET","IN",207,35,"PlayerSync","id=207 bytes=35","cf 3d 00 00 00 32 67 a8 30 d0 79 49 91 7b 67 1f 10 84 00 00 00 00 e6 f1 c0 00 00 00 00 00 01 28 00 04 11",""
637,3672,"PACKET","IN",207,59,"PlayerSync","id=207 bytes=59","cf 70 00 83 80 60 7f c0 00 27 2f a6 b0 c7 5f c9 91 69 fb df 50 80 00 00 00 03 12 cb 00 00 03 70 0d cc fa cf db ba 0b 32 bf ff fe 00 00 00 00 00 00 00 00 00 00 00 01 00 00 00 80",""
638,3698,"PACKET","IN",207,35,"PlayerSync","id=207 bytes=35","cf 02 00 00 00 2d a2 e3 70 ee 9a 89 91 77 a3 1e 90 80 00 00 00 00 8a aa c0 00 00 00 00 00 01 a5 04 e8 80",""
639,3698,"PACKET","IN",207,35,"PlayerSync","id=207 bytes=35","cf 76 00 00 00 0e 87 a2 f0 c1 28 c9 91 5a 1c 1e 90 84 00 00 00 03 6c 9f 40 00 00 00 00 00 01 28 00 04 11",""
640,3698,"PACKET","IN",203,34,"AimSync","id=203 bytes=34","cb 76 00 04 7b f1 6f bf d6 96 4d 3e d1 e5 91 be 5a 0d 8a c3 b5 9b 26 45 7d 6e 7f 42 00 00 00 00 3f ff",""
641,3698,"PACKET","IN",207,35,"PlayerSync","id=207 bytes=35","cf 97 00 00 00 3d e7 a8 30 e4 09 c9 d1 7b 67 1f 10 84 00 00 00 00 0f 03 e8 00 00 00 00 00 01 28 00 04 11",""
642,3719,"PACKET","IN",207,41,"PlayerSync","id=207 bytes=41","cf 53 00 00 00 08 a6 28 30 da 18 49 d1 7a e7 1f 10 84 00 00 00 02 ba 42 c0 00 03 ae e8 ac ec 1e 32 44 03 fd fd a5 04 04 80",""
643,3719,"PACKET","IN",207,35,"PlayerSync","id=207 bytes=35","cf 1f 00 00 00 26 a3 e3 70 c2 1d 89 91 42 a3 5e 90 80 00 00 00 02 c2 27 00 00 00 00 00 00 01 28 00 04 11",""
644,3719,"PACKET","IN",207,43,"PlayerSync","id=207 bytes=43","cf 38 00 60 00 00 00 1c 93 6a b0 e4 5a c9 d1 7f 9a 1f 50 80 00 00 00 00 60 0b 7c 00 02 95 ab 3c f4 62 0b eb ff fd fd cc 04 e8 80",""
645,3747,"RPC","IN",72,6,"SetPlayerColor","id=72 bytes=6","01 00 ff ff ff ff",""
646,3747,"RPC","IN",72,6,"SetPlayerColor","id=72 bytes=6","01 00 ff ff ff ff",""
647,3748,"RPC","IN",11,14,"SetPlayerName","id=11 bytes=14","01 00 0a 41 72 75 6c 5f 45 64 6f 79 79 01",""
648,3748,"PACKET","IN",207,41,"PlayerSync","id=207 bytes=41","cf 38 00 00 00 0f 13 6a b0 ca 5b 49 d1 6a 19 5f 50 80 00 00 00 00 60 0b 7c 00 02 bc 96 58 f4 62 0b eb ff fd fd a2 04 04 80",""
649,3748,"PACKET","IN",207,59,"PlayerSync","id=207 bytes=59","cf 70 00 83 80 60 7f c0 00 3a 92 a6 b0 dd df c9 91 48 84 5f d0 80 00 00 00 03 12 cb 00 00 01 11 01 9c f8 43 f0 42 0d 56 7f ff fe 00 00 00 00 00 00 00 00 00 00 00 01 00 00 00 80",""
650,3748,"PACKET","IN",207,35,"PlayerSync","id=207 bytes=35","cf 92 00 00 00 22 0a a3 30 e7 59 49 91 6d 9f 1e 90 84 00 00 00 02 9b 21 c0 00 00 00 00 00 01 a5 04 04 80",""
651,3770,"PACKET","IN",207,35,"PlayerSync","id=207 bytes=35","cf 1c 00 00 00 2d 1d 28 30 f6 cc c9 d1 7b 67 1f 10 84 00 00 00 00 65 93 00 00 00 00 00 00 01 a5 04 e8 80",""
652,3798,"PACKET","IN",207,35,"PlayerSync","id=207 bytes=35","cf 85 00 00 00 0b e5 a5 b0 ce 81 09 d1 6c 24 9f 10 80 00 00 00 02 bb 51 80 00 00 00 00 00 01 28 00 04 11",""
653,3798,"PACKET","IN",203,34,"AimSync","id=203 bytes=34","cb 85 00 04 66 0c b5 3e 82 05 69 3f 30 a1 5c be 4f 1f 97 c3 1b d8 26 45 c1 ca 80 42 00 00 00 00 3f c6",""
654,3820,"RPC","IN",86,27,"ApplyPlayerAnimation","id=86 bytes=27","92 00 07 42 44 5f 46 49 52 45 07 77 61 73 68 5f 75 70 33 33 83 40 80 00 00 00 00",""
655,3820,"PACKET","IN",207,41,"PlayerSync","id=207 bytes=41","cf 38 00 00 00 2b 53 2a b0 da 1c 49 d1 71 57 1f 50 80 00 00 00 00 60 0b 7c 00 00 b9 d1 2c f4 62 0b eb ff fd fd a2 04 04 80",""
656,3820,"PACKET","IN",207,41,"PlayerSync","id=207 bytes=41","cf 53 00 00 00 3d e5 e8 30 cd 58 49 d1 7a e7 1f 10 84 00 00 00 02 ba 42 c0 00 01 ed 20 c8 ee c9 fc 00 03 fd fd a5 04 04 80",""
657,3820,"PACKET","IN",203,34,"AimSync","id=203 bytes=34","cb 53 00 04 f0 73 74 bf ef 59 8f 3e 18 9b ca bd 5a f5 9e c3 e4 51 27 45 1b 2f 80 42 00 00 00 00 3f 37",""
658,3847,"PACKET","IN",207,35,"PlayerSync","id=207 bytes=35","cf 63 00 00 00 35 23 63 70 dd 23 09 91 54 21 9e 90 80 00 00 00 02 22 63 80 00 00 00 00 00 01 28 00 04 11",""
659,3847,"PACKET","IN",207,35,"PlayerSync","id=207 bytes=35","cf 46 00 00 00 15 57 20 b0 da 5b c8 51 40 12 1f 90 84 00 00 00 02 f3 eb c0 01 10 00 00 00 01 d8 03 04 11",""
660,3847,"PACKET","IN",203,34,"AimSync","id=203 bytes=34","cb 46 00 04 f8 91 2c 3f 2c bc 3a 3f 0a 11 ee bd 48 ff 83 c3 be 36 21 45 2b 78 81 42 00 00 00 00 23 37",""
661,3848,"PACKET","IN",207,59,"PlayerSync","id=207 bytes=59","cf 70 00 83 80 60 7f c0 00 1d f5 e6 70 f4 5f c9 91 69 69 9f d0 80 00 00 00 03 12 cb 00 00 01 4c b9 80 f9 3b fc 92 0f 86 33 ff fe 00 00 00 00 00 00 00 00 00 00 00 01 00 00 00 80",""
662,3887,"PACKET","IN",207,35,"PlayerSync","id=207 bytes=35","cf 2d 00 00 00 3c 58 68 30 c1 50 49 d1 7b 67 1f 10 84 00 00 00 02 aa b3 c0 00 00 00 00 00 01 28 00 04 11",""
663,3887,"PACKET","IN",203,34,"AimSync","id=203 bytes=34","cb 2d 00 04 52 b7 71 bf c4 8c 6f 3e d2 69 6d be d2 bf 9e c3 12 34 27 45 50 1c 81 42 00 00 00 00 3f 28",""
664,3888,"PACKET","IN",207,41,"PlayerSync","id=207 bytes=41","cf 38 00 00 00 17 d3 2a b0 ee dc c9 d1 7a 15 df 50 80 00 00 00 00 60 0b 7c 00 03 29 2b 94 f0 62 0b eb ff fd fd a2 04 04 80",""
665,3913,"PACKET","IN",207,59,"PlayerSync","id=207 bytes=59","cf 70 00 83 80 60 7f c0 00 18 1d 26 70 c7 e0 09 91 75 2d 5f d0 80 00 00 00 03 12 cb 00 00 03 04 9d 78 fb 9b fc a2 0c a1 f3 ff fe 00 00 00 00 00 00 00 00 00 00 00 01 00 00 00 80",""
666,3940,"PACKET","IN",207,41,"PlayerSync","id=207 bytes=41","cf 53 00 00 00 03 a6 28 30 fe 58 09 d1 7a e7 1f 10 84 00 00 00 02 ba 42 c0 00 01 ec 52 00 ef 29 b5 34 07 fd fd a5 04 04 80",""
667,3940,"PACKET","IN",207,35,"PlayerSync","id=207 bytes=35","cf 1a 00 00 00 33 5a 2a b0 f5 86 c9 d1 5e 8c 5f 90 80 00 00 00 03 97 ed 80 00 00 00 00 00 01 a8 04 04 18",""
668,3981,"PACKET","IN",207,41,"PlayerSync","id=207 bytes=41","cf 38 00 00 00 0e 13 2a b0 fc 9d 09 d1 57 95 5f 50 80 00 00 00 00 60 0b 7c 00 00 b3 33 cc ec 62 0b eb ff fd fd a2 04 04 80",""
669,3981,"RPC","IN",105,19,"TextDrawSetString","id=105 bytes=19","2f 01 0f 00 30 39 20 41 67 75 73 74 75 73 20 32 30 32 36",""
670,3982,"RPC","IN",105,12,"TextDrawSetString","id=105 bytes=12","30 01 08 00 31 32 3a 30 31 3a 35 30",""
671,4006,"PACKET","IN",207,59,"PlayerSync","id=207 bytes=59","cf 70 00 83 80 60 7f c0 00 1e c0 a6 70 de 60 09 91 57 11 df d0 80 00 00 00 03 12 cb 00 00 00 46 39 80 fb 8b f4 6e 0c 35 a7 ff fe 00 00 00 00 00 00 00 00 00 00 00 01 00 00 00 80",""
672,4006,"PACKET","IN",207,35,"PlayerSync","id=207 bytes=35","cf 7e 00 00 00 13 27 28 30 cd 86 09 d1 7b 67 1f 10 84 00 00 00 01 42 b3 94 00 00 00 00 00 01 28 00 04 11",""
673,4033,"PACKET","IN",207,35,"PlayerSync","id=207 bytes=35","cf 29 00 00 00 28 26 a8 30 d1 15 49 d1 7b 67 1f 10 84 00 00 00 03 a9 ff c0 00 00 00 00 00 01 28 00 04 11",""
674,4034,"PACKET","IN",207,41,"PlayerSync","id=207 bytes=41","cf 53 00 00 00 12 66 28 30 e8 18 09 d1 7a e7 1f 10 84 00 00 00 02 ba 42 c0 00 00 3b 2a 5c ef 89 e4 94 03 fd fd a5 04 04 80",""
675,4034,"RPC","IN",99,42,"MoveObject","id=99 bytes=42","a0 00 f8 e3 a1 c3 d7 9b 26 45 53 c5 7d 42 f8 e3 a1 c3 d7 9b 26 45 ed 5e 7b 42 00 00 80 3e 00 00 00 00 00 00 00 00 08 cc 84 43",""
676,4034,"RPC","IN",122,2,"StopObject","id=122 bytes=2","a0 00",""
677,4035,"RPC","IN",99,42,"MoveObject","id=99 bytes=42","a0 00 f8 e3 a1 c3 d7 9b 26 45 53 c5 7d 42 f8 e3 a1 c3 d7 9b 26 45 53 c5 7d 42 00 00 80 3e 00 00 00 00 00 00 00 00 08 cc 84 43",""
678,4035,"RPC","IN",122,2,"StopObject","id=122 bytes=2","a0 00",""
679,4035,"RPC","IN",99,42,"MoveObject","id=99 bytes=42","a0 00 f8 e3 a1 c3 d7 9b 26 45 53 c5 7d 42 f8 e3 a1 c3 d7 9b 26 45 ed 5e 7b 42 00 00 80 3e 00 00 00 00 00 00 00 00 08 cc 84 43",""
680,4035,"RPC","IN",122,2,"StopObject","id=122 bytes=2","a0 00",""
681,4035,"RPC","IN",99,42,"MoveObject","id=99 bytes=42","a0 00 f8 e3 a1 c3 d7 9b 26 45 53 c5 7d 42 f8 e3 a1 c3 d7 9b 26 45 53 c5 7d 42 00 00 80 3e 00 00 00 00 00 00 00 00 08 cc 84 43",""
682,4035,"RPC","IN",122,2,"StopObject","id=122 bytes=2","a0 00",""
683,4035,"RPC","IN",99,42,"MoveObject","id=99 bytes=42","a0 00 f8 e3 a1 c3 d7 9b 26 45 53 c5 7d 42 f8 e3 a1 c3 d7 9b 26 45 ed 5e 7b 42 00 00 80 3e 00 00 00 00 00 00 00 00 08 cc 84 43",""
684,4035,"RPC","IN",122,2,"StopObject","id=122 bytes=2","a0 00",""
685,4036,"RPC","IN",99,42,"MoveObject","id=99 bytes=42","a0 00 f8 e3 a1 c3 d7 9b 26 45 53 c5 7d 42 f8 e3 a1 c3 d7 9b 26 45 53 c5 7d 42 00 00 80 3e 00 00 00 00 00 00 00 00 08 cc 84 43",""
686,4036,"RPC","IN",122,2,"StopObject","id=122 bytes=2","a0 00",""
687,4036,"RPC","IN",99,42,"MoveObject","id=99 bytes=42","a0 00 f8 e3 a1 c3 d7 9b 26 45 53 c5 7d 42 f8 e3 a1 c3 d7 9b 26 45 ed 5e 7b 42 00 00 80 3e 00 00 00 00 00 00 00 00 08 cc 84 43",""
688,4036,"RPC","IN",122,2,"StopObject","id=122 bytes=2","a0 00",""
689,4036,"RPC","IN",99,42,"MoveObject","id=99 bytes=42","a0 00 f8 e3 a1 c3 d7 9b 26 45 53 c5 7d 42 f8 e3 a1 c3 d7 9b 26 45 53 c5 7d 42 00 00 80 3e 00 00 00 00 00 00 00 00 08 cc 84 43",""
690,4036,"RPC","IN",122,2,"StopObject","id=122 bytes=2","a0 00",""
691,4036,"RPC","IN",99,42,"MoveObject","id=99 bytes=42","a0 00 f8 e3 a1 c3 d7 9b 26 45 53 c5 7d 42 f8 e3 a1 c3 d7 9b 26 45 ed 5e 7b 42 00 00 80 3e 00 00 00 00 00 00 00 00 08 cc 84 43",""
692,4036,"RPC","IN",122,2,"StopObject","id=122 bytes=2","a0 00",""
693,4036,"RPC","IN",99,42,"MoveObject","id=99 bytes=42","a0 00 f8 e3 a1 c3 d7 9b 26 45 53 c5 7d 42 f8 e3 a1 c3 d7 9b 26 45 53 c5 7d 42 00 00 80 3e 00 00 00 00 00 00 00 00 08 cc 84 43",""
694,4058,"PACKET","IN",207,35,"PlayerSync","id=207 bytes=35","cf 38 00 00 00 0d 93 2a b0 c0 dd 49 d1 4e d5 5f 50 80 00 00 00 00 60 0b 7c 00 00 00 00 00 01 a2 04 04 80",""
695,4058,"RPC","IN",87,2,"ClearPlayerAnimation","id=87 bytes=2","27 00",""
696,4059,"RPC","IN",86,29,"ApplyPlayerAnimation","id=86 bytes=29","27 00 05 43 41 52 52 59 0b 63 72 72 79 5f 70 72 74 69 61 6c 33 33 83 40 00 00 00 00 00",""
697,4059,"PACKET","IN",207,35,"PlayerSync","id=207 bytes=35","cf 4d 00 00 00 02 00 23 30 e6 e4 09 91 70 1e 9e 90 84 00 00 00 03 da d0 80 00 00 00 00 00 01 28 00 04 11",""
698,4059,"PACKET","IN",207,35,"PlayerSync","id=207 bytes=35","cf 51 00 00 00 1b 0a e3 30 cf a8 49 91 58 dd 9e 90 84 00 00 00 01 37 17 c0 00 00 00 00 00 01 28 00 04 11",""
699,4059,"PACKET","OUT",205,9,"UNKNOWN_PACKET","id=205 bytes=9","cd b8 4a 04 00 00 00 00 00",""
700,4060,"PACKET","OUT",207,69,"PlayerSync","id=207 bytes=69","cf 00 00 00 00 00 00 67 0a 9b c3 6b 06 27 45 ed 9c 7c 42 11 b2 39 3f 00 00 00 80 00 00 00 00 14 38 30 bf 64 00 04 00 00 00 00 00 00 00 00 00 00 00 00 00 00 00 00 00 00 00 00 00 00 00 00 00 00 00 28 00 04 11",""
701,4079,"PACKET","IN",207,59,"PlayerSync","id=207 bytes=59","cf 70 00 83 80 60 7f c0 00 23 e3 e6 30 f5 20 09 91 51 12 9f 90 80 00 00 00 03 12 cb 00 00 02 2b a5 9c f8 f7 e7 fa 08 51 5f ff fe 00 00 00 00 00 00 00 00 00 00 00 01 00 00 00 80",""
702,4099,"RPC","IN",86,27,"ApplyPlayerAnimation","id=86 bytes=27","02 00 07 42 44 5f 46 49 52 45 07 77 61 73 68 5f 75 70 33 33 83 40 80 00 00 00 00",""
703,4099,"PACKET","IN",207,35,"PlayerSync","id=207 bytes=35","cf 55 00 00 00 3e e0 24 70 de 62 c9 91 5c e2 9f 90 84 00 00 00 02 61 2b c0 00 00 00 00 00 01 a8 04 04 18",""
704,4124,"PACKET","IN",207,41,"PlayerSync","id=207 bytes=41","cf 53 00 00 00 05 a6 68 30 db 98 09 d1 7a e7 1f 10 84 00 00 00 02 ba 42 c0 00 01 55 2c d8 ef ec 03 46 3f fd fd a5 04 04 80",""
705,4125,"PACKET","IN",207,35,"PlayerSync","id=207 bytes=35","cf 7c 00 00 00 35 a2 e2 70 da 28 89 91 5f 9d de 90 80 00 00 00 01 98 6a 40 00 00 00 00 00 01 28 00 04 11",""
706,4130,"PACKET","OUT",203,32,"AimSync","id=203 bytes=32","cb 00 00 00 39 05 00 00 00 00 00 00 00 00 00 00 00 40 01 00 00 00 80 3f 00 00 f3 04 b5 3f 39 05",""
707,4148,"PACKET","IN",207,35,"PlayerSync","id=207 bytes=35","cf 60 00 00 00 01 5b 23 b0 d7 8c c9 91 41 6c 5e 90 84 00 00 00 03 e6 19 c0 00 00 00 00 00 01 fb 04 04 80",""
708,4169,"PACKET","IN",207,59,"PlayerSync","id=207 bytes=59","cf 70 00 89 80 60 7f c0 00 26 06 66 30 cc a0 49 91 67 ec 1f 10 80 00 00 00 03 12 cb 00 00 02 40 79 d0 fa 13 cb 4e 0b 95 1b ff fe 00 00 00 00 00 00 00 00 00 00 00 01 00 00 00 80",""
709,4188,"PACKET","IN",207,35,"PlayerSync","id=207 bytes=35","cf 02 00 00 00 2d a2 e3 70 ee 9a 89 91 77 a3 1e 90 80 00 00 00 00 8a aa c0 00 00 00 00 00 01 28 00 04 11",""
710,4188,"PACKET","IN",207,35,"PlayerSync","id=207 bytes=35","cf 3d 00 00 00 32 67 a8 30 d0 79 49 91 7b 67 1f 10 84 00 00 00 00 e6 f1 c0 00 00 00 00 00 01 28 00 04 11",""
711,4189,"PACKET","IN",207,35,"PlayerSync","id=207 bytes=35","cf 5b 00 00 00 0e fc 66 b0 e8 7d 89 91 7b 67 1f 10 84 00 00 00 01 0a e2 00 00 00 00 00 00 01 28 00 04 11",""
712,4213,"PACKET","IN",207,35,"PlayerSync","id=207 bytes=35","cf 54 00 00 00 05 77 63 70 c5 21 c9 91 65 24 1e 90 80 00 00 00 00 12 8e c0 00 00 00 00 00 01 28 00 04 11",""
713,4214,"PACKET","IN",207,41,"PlayerSync","id=207 bytes=41","cf 53 00 00 00 09 e6 e8 30 dd 18 09 d1 7a e7 1f 10 84 00 00 00 02 ba 42 c0 00 01 69 01 a0 ed f0 00 96 2f fd fd a5 04 04 80",""
714,4237,"PACKET","IN",207,35,"PlayerSync","id=207 bytes=35","cf 97 00 00 00 3d e7 a8 30 e4 09 c9 d1 7b 67 1f 10 84 00 00 00 00 0f 03 e8 00 00 00 00 00 01 28 00 04 11",""
715,4263,"RPC","IN",87,2,"ClearPlayerAnimation","id=87 bytes=2","7e 00",""
716,4264,"RPC","IN",86,29,"ApplyPlayerAnimation","id=86 bytes=29","7e 00 05 43 41 52 52 59 0b 63 72 72 79 5f 70 72 74 69 61 6c 33 33 83 40 00 00 00 00 00",""
717,4283,"PACKET","IN",207,59,"PlayerSync","id=207 bytes=59","cf 70 00 89 80 60 7f c0 00 21 eb a5 f0 e1 e0 49 91 5b 52 1f 10 80 00 00 00 03 12 cb 00 00 03 07 f8 fc fb d3 fc a2 0f fd ff ff fe 00 00 00 00 00 00 00 00 00 00 00 01 00 00 00 80",""
718,4284,"PACKET","IN",207,35,"PlayerSync","id=207 bytes=35","cf 76 00 00 00 0e 87 a2 f0 c1 28 c9 91 5a 1c 1e 90 84 00 00 00 03 6c 9f 40 00 00 00 00 00 01 28 00 04 11",""
719,4307,"PACKET","IN",207,35,"PlayerSync","id=207 bytes=35","cf 1f 00 00 00 26 a3 e3 70 c2 1d 89 91 42 a3 5e 90 80 00 00 00 02 c2 27 00 00 00 00 00 00 01 28 00 04 11",""
720,4308,"PACKET","IN",207,59,"PlayerSync","id=207 bytes=59","cf 70 00 91 80 61 bf c2 00 25 de 25 f0 ec a0 49 91 7a 12 1f 10 80 00 00 00 01 92 f3 00 00 01 00 fc 98 fb d3 fc a2 0f fd ff ff fe 00 00 00 00 00 00 00 00 00 00 00 01 00 00 00 80",""
721,4331,"PACKET","IN",207,35,"PlayerSync","id=207 bytes=35","cf 1c 00 00 00 2d 1d 28 30 f6 cc c9 d1 7b 67 1f 10 84 00 00 00 00 65 93 00 00 00 00 00 00 01 a5 04 e8 80",""
722,4332,"PACKET","IN",207,41,"PlayerSync","id=207 bytes=41","cf 53 00 00 00 1d 67 68 30 d9 98 09 d1 7a e7 1f 10 84 00 00 00 02 ba 42 c0 00 01 24 9b 6c ee 84 ef 24 4f fd fd a5 04 04 80",""
723,4332,"PACKET","IN",207,59,"PlayerSync","id=207 bytes=59","cf 70 00 91 80 61 7f c2 00 29 56 25 f0 ea e0 49 91 75 12 1f 10 80 00 00 00 01 a3 2b 00 00 00 54 a0 5c fb d7 ff d5 f3 fd ff ff fe 00 00 00 00 00 00 00 00 00 00 00 01 00 00 00 80",""
724,4332,"PACKET","IN",207,35,"PlayerSync","id=207 bytes=35","cf 85 00 00 00 0b e5 a5 b0 ce 81 09 d1 6c 24 9f 10 80 00 00 00 02 bb 51 80 00 00 00 00 00 01 28 00 04 11",""
725,4332,"PACKET","IN",207,35,"PlayerSync","id=207 bytes=35","cf 92 00 00 00 22 0a a3 30 e7 59 49 91 6d 9f 1e 90 84 00 00 00 02 9b 21 c0 00 00 00 00 00 01 a5 04 04 80",""
726,4359,"PACKET","IN",207,59,"PlayerSync","id=207 bytes=59","cf 70 00 91 00 61 7f c2 00 2c d2 65 f0 e3 20 49 91 5f 92 1f 10 80 00 00 00 03 a7 27 00 00 00 08 ec 44 fa e7 fe b1 df fd ff ff fe 00 00 00 00 00 00 00 00 00 00 00 01 00 00 00 80",""
727,4360,"PACKET","IN",207,59,"PlayerSync","id=207 bytes=59","cf 70 00 90 80 61 7f c2 00 1b 0e e5 f0 d6 a0 49 91 7c 91 df 10 80 00 00 00 01 d7 27 00 00 00 d2 80 2c f8 e7 ff d5 c7 fd ff ff fe 00 00 00 00 00 00 00 00 00 00 00 01 00 00 00 80",""
728,4381,"PACKET","IN",207,59,"PlayerSync","id=207 bytes=59","cf 70 00 90 00 61 7f c2 00 34 0b 65 f0 c5 60 49 91 4b d1 df 10 80 00 00 00 00 2b 27 00 00 00 11 00 18 f9 a3 fb 95 af fd ff ff fe 00 00 00 00 00 00 00 00 00 00 00 01 00 00 00 80",""
729,4402,"PACKET","IN",207,35,"PlayerSync","id=207 bytes=35","cf 63 00 00 00 35 23 63 70 dd 23 09 91 54 21 9e 90 80 00 00 00 02 22 63 80 00 00 00 00 00 01 28 00 04 11",""
730,4402,"PACKET","IN",207,59,"PlayerSync","id=207 bytes=59","cf 70 00 8f 00 61 3f c2 00 2c 07 e5 f0 ed 20 09 91 48 11 9f 10 80 00 00 00 03 a3 1f 00 00 02 1c 30 00 f8 af f4 f5 97 fd ff ff fe 00 00 00 00 00 00 00 00 00 00 00 01 00 00 00 80",""
731,4402,"PACKET","IN",203,34,"AimSync","id=203 bytes=34","cb 70 00 04 05 04 7e 3f 92 d4 46 3c 4c 48 fd bd e8 d9 98 c3 79 80 26 45 de 33 80 42 00 00 00 00 3f c6",""
732,4402,"PACKET","IN",207,35,"PlayerSync","id=207 bytes=35","cf 46 00 00 00 15 57 20 b0 da 5b c8 51 40 12 1f 90 84 00 00 00 02 f3 eb c0 01 10 00 00 00 01 d8 03 04 11",""
733,4402,"PACKET","IN",207,59,"PlayerSync","id=207 bytes=59","cf 70 00 8e 00 61 3f c2 00 04 84 e5 f0 d6 60 09 91 48 91 5f 10 80 00 00 00 03 eb 1b 00 00 02 86 cf e8 f7 7f f3 8d 8f fd ff ff fe 00 00 00 00 00 00 00 00 00 00 00 01 00 00 00 80",""
734,4430,"PACKET","IN",207,41,"PlayerSync","id=207 bytes=41","cf 53 00 00 00 26 27 a8 30 da d8 09 d1 7a e7 1f 10 84 00 00 00 02 ba 42 c0 00 00 4e d0 34 ef f7 fc 72 07 fd fd a5 04 04 80",""
735,4431,"RPC","IN",16,16,"PlaySound","id=16 bytes=16","92 7e 00 00 00 00 00 00 00 00 00 00 00 00 00 00",""
736,4431,"RPC","IN",134,80,"ShowTextDraw","id=134 bytes=80","2c 08 11 9a 99 19 3f 00 00 00 40 1a ff 00 aa 6e db 2e 42 00 00 a0 41 00 00 00 32 00 01 00 00 00 ff 04 00 00 00 59 43 00 00 b8 43 00 00 00 00 00 00 00 00 00 00 00 00 00 00 00 00 80 3f ff ff ff ff 0d 00 6c 64 5f 64 75 61 6c 3a 77 68 69 74 65",""
737,4431,"PACKET","IN",207,59,"PlayerSync","id=207 bytes=59","cf 70 00 8d 00 60 ff c2 00 3c 00 65 f0 f9 1f c9 91 77 90 df 10 80 00 00 00 03 d3 17 00 00 03 65 8f c8 f4 c3 f5 55 97 fd ff ff fe 00 00 00 00 00 00 00 00 00 00 00 01 00 00 00 80",""
738,4432,"RPC","IN",105,7,"TextDrawSetString","id=105 bytes=7","26 08 03 00 31 30 30",""
739,4432,"RPC","IN",105,5,"TextDrawSetString","id=105 bytes=5","27 08 01 00 30",""
740,4432,"RPC","IN",105,6,"TextDrawSetString","id=105 bytes=6","28 08 02 00 34 38",""
741,4432,"RPC","IN",105,5,"TextDrawSetString","id=105 bytes=5","29 08 01 00 37",""
742,4432,"RPC","IN",105,7,"TextDrawSetString","id=105 bytes=7","2a 08 03 00 31 30 30",""
743,4453,"PACKET","IN",207,59,"PlayerSync","id=207 bytes=59","cf 70 00 8c 00 60 ff c2 00 39 3d 65 b0 e5 df c9 91 41 d0 df 10 80 00 00 00 00 8f 17 00 00 03 18 7b bc f6 13 f7 b1 9b fd ff ff fe 00 00 00 00 00 00 00 00 00 00 00 01 00 00 00 80",""
744,4480,"PACKET","IN",207,59,"PlayerSync","id=207 bytes=59","cf 70 00 8b 80 60 ff c2 00 06 3a a5 b0 d4 1f c9 91 47 cd df 10 80 00 00 00 03 e7 13 00 00 00 27 fb a4 f7 0b f4 b9 a3 fd ff ff fe 00 00 00 00 00 00 00 00 00 00 00 01 00 00 00 80",""
745,4481,"PACKET","IN",207,59,"PlayerSync","id=207 bytes=59","cf 70 00 8b 00 60 bf c2 00 21 37 a5 b0 c2 df c9 91 57 8d 9f 10 80 00 00 00 02 db 13 00 00 02 76 b7 94 f7 3b f5 b9 a3 fd ff ff fe 00 00 00 00 00 00 00 00 00 00 00 01 00 00 00 80",""
746,4503,"PACKET","IN",207,35,"PlayerSync","id=207 bytes=35","cf 1a 00 00 00 33 5a 2a b0 f5 86 c9 d1 5e 8c 5f 90 80 00 00 00 03 97 ed 80 00 00 00 00 00 01 a8 04 04 18",""
747,4503,"PACKET","IN",207,59,"PlayerSync","id=207 bytes=59","cf 70 00 8a 80 60 bf c2 00 11 b4 e5 b0 f2 5f 89 91 68 cd 5f 10 80 00 00 00 02 4b 13 00 00 01 0b fb 74 f7 8b f7 59 a3 fd ff ff fe 00 00 00 00 00 00 00 00 00 00 00 01 00 00 00 80",""
748,4531,"PACKET","IN",207,59,"PlayerSync","id=207 bytes=59","cf 70 00 8a 00 60 bf c2 00 01 72 25 b0 e1 df 89 91 7a cd 1f 10 80 00 00 00 01 bb 13 00 00 00 43 2f 78 f7 b3 f4 35 a7 fd ff ff fe 00 00 00 00 00 00 00 00 00 00 00 01 00 00 00 80",""
749,4531,"PACKET","IN",207,41,"PlayerSync","id=207 bytes=41","cf 53 00 00 00 34 a7 a8 30 db d8 09 d1 7a e7 1f 10 84 00 00 00 02 ba 42 c0 00 03 a9 07 7c e4 38 47 5e ff fd fd a5 04 04 80",""
750,4554,"PACKET","IN",207,59,"PlayerSync","id=207 bytes=59","cf 70 00 89 80 60 bf c2 00 11 ab e5 b0 fd 9f 49 91 55 8c df 10 80 00 00 00 03 13 13 00 00 01 23 03 90 f7 4f f6 19 a3 fd ff ff fe 00 00 00 00 00 00 00 00 00 00 00 01 00 00 00 80",""
751,4581,"RPC","IN",86,27,"ApplyPlayerAnimation","id=86 bytes=27","1c 00 07 42 44 5f 46 49 52 45 07 77 61 73 68 5f 75 70 33 33 83 40 80 00 00 00 00",""
752,4581,"PACKET","IN",207,35,"PlayerSync","id=207 bytes=35","cf 1a 00 00 00 33 5a 2a b0 f5 86 c9 d1 5e 8c 5f 90 80 00 00 00 03 97 ed 80 00 00 00 00 00 01 a5 04 08 80",""
753,4581,"PACKET","IN",207,35,"PlayerSync","id=207 bytes=35","cf 29 00 00 00 28 26 a8 30 d1 15 49 d1 7b 67 1f 10 84 00 00 00 03 a9 ff c0 00 00 00 00 00 01 28 00 04 11",""
754,4581,"PACKET","IN",207,35,"PlayerSync","id=207 bytes=35","cf 51 00 00 00 1b 0a e3 30 cf a8 49 91 58 dd 9e 90 84 00 00 00 01 37 17 c0 00 00 00 00 00 01 28 00 04 11",""
755,4582,"PACKET","OUT",207,69,"PlayerSync","id=207 bytes=69","cf 00 00 00 00 00 00 67 0a 9b c3 6b 06 27 45 ed 9c 7c 42 11 b2 39 3f 00 00 00 80 00 00 00 00 14 38 30 bf 64 00 04 00 00 00 00 00 00 00 00 00 00 00 00 00 00 00 00 00 00 00 00 00 00 00 00 00 00 00 28 00 04 11",""
756,4601,"PACKET","IN",207,59,"PlayerSync","id=207 bytes=59","cf 70 00 89 00 60 bf c2 00 0c 65 e5 b0 d9 9f 49 91 71 0c 5f 10 80 00 00 00 00 47 17 00 00 00 23 f3 c0 f6 ef f4 15 a3 fd ff ff fe 00 00 00 00 00 00 00 00 00 00 00 01 00 00 00 80",""
757,4601,"PACKET","IN",207,35,"PlayerSync","id=207 bytes=35","cf 7e 00 00 00 13 27 28 30 cd 86 09 d1 7b 67 1f 10 84 00 00 00 01 42 b3 94 00 00 00 00 00 01 a5 04 e8 80",""
758,4601,"PACKET","IN",207,35,"PlayerSync","id=207 bytes=35","cf 38 00 00 00 0d 93 2a b0 c0 dd 49 d1 4e d5 5f 50 80 00 00 00 00 60 0b 7c 00 00 00 00 00 01 a2 04 04 80",""
759,4602,"PACKET","IN",203,34,"AimSync","id=203 bytes=34","cb 38 00 04 be fe 67 bc a2 4c 5d bf 0c a5 00 bf 1f 45 aa c3 1c ab 27 45 30 cc 83 42 00 00 00 00 3f c6",""
760,4631,"PACKET","IN",207,59,"PlayerSync","id=207 bytes=59","cf 70 00 88 80 60 bf c2 00 25 5f 65 b0 f2 5f 09 91 42 cc 1f 10 80 00 00 00 01 4b 17 00 00 03 90 e3 f4 f6 97 f6 61 9f fd ff ff fe 00 00 00 00 00 00 00 00 00 00 00 01 00 00 00 80",""
761,4631,"PACKET","IN",207,41,"PlayerSync","id=207 bytes=41","cf 53 00 00 00 2c e7 a8 30 da 58 09 d1 7a e7 1f 10 84 00 00 00 02 ba 42 c0 00 01 59 7e b0 e4 60 23 2e b3 fd fd a5 04 04 80",""
762,4631,"PACKET","IN",207,35,"PlayerSync","id=207 bytes=35","cf 60 00 00 00 01 5b 23 b0 d7 8c c9 91 41 6c 5e 90 84 00 00 00 03 e6 19 c0 00 00 00 00 00 01 fb 04 04 80",""
763,4632,"PACKET","IN",207,59,"PlayerSync","id=207 bytes=59","cf 70 00 88 00 60 bf c2 00 23 dc 25 b0 de 5f 09 91 4b 0b df 10 80 00 00 00 00 77 17 00 00 03 83 f8 00 fa d3 f7 95 9f fd ff ff fe 00 00 00 00 00 00 00 00 00 00 00 01 00 00 00 80",""
764,4653,"PACKET","IN",207,59,"PlayerSync","id=207 bytes=59","cf 70 00 87 00 60 7f c2 00 06 58 e5 b0 ca 1f 09 91 52 8b 9f 10 80 00 00 00 00 bb 13 00 00 03 b3 f8 00 fb 13 f4 dd a3 fd ff ff fe 00 00 00 00 00 00 00 00 00 00 00 01 00 00 00 80",""
765,4656,"PACKET","OUT",203,32,"AimSync","id=203 bytes=32","cb 00 00 00 39 05 00 00 00 00 00 00 00 00 00 00 00 40 01 00 00 00 80 3f 00 00 f3 04 b5 3f 39 05",""
766,4681,"PACKET","IN",207,59,"PlayerSync","id=207 bytes=59","cf 70 00 86 80 60 7f c2 00 04 55 a5 b0 f7 9e c9 91 5f 8b 5f 10 80 00 00 00 03 cb 0f 00 00 03 df f8 00 f8 1f fa 9d a7 fd ff ff fe 00 00 00 00 00 00 00 00 00 00 00 01 00 00 00 80",""
767,4681,"PACKET","IN",207,35,"PlayerSync","id=207 bytes=35","cf 7c 00 00 00 35 a2 e2 70 da 28 89 91 5f 9d de 90 80 00 00 00 01 98 6a 40 00 00 00 00 00 01 28 00 04 11",""
768,4681,"RPC","IN",99,42,"MoveObject","id=99 bytes=42","a0 00 f8 e3 a1 c3 d7 9b 26 45 53 c5 7d 42 f8 e3 a1 c3 d7 9b 26 45 ed 5e 7b 42 00 00 80 3e 00 00 00 00 00 00 00 00 08 cc 84 43",""
769,4681,"RPC","IN",122,2,"StopObject","id=122 bytes=2","a0 00",""
770,4682,"RPC","IN",99,42,"MoveObject","id=99 bytes=42","a0 00 f8 e3 a1 c3 d7 9b 26 45 53 c5 7d 42 f8 e3 a1 c3 d7 9b 26 45 53 c5 7d 42 00 00 80 3e 00 00 00 00 00 00 00 00 08 cc 84 43",""
771,4682,"RPC","IN",122,2,"StopObject","id=122 bytes=2","a0 00",""
772,4682,"RPC","IN",99,42,"MoveObject","id=99 bytes=42","a0 00 f8 e3 a1 c3 d7 9b 26 45 53 c5 7d 42 f8 e3 a1 c3 d7 9b 26 45 ed 5e 7b 42 00 00 80 3e 00 00 00 00 00 00 00 00 08 cc 84 43",""
773,4682,"RPC","IN",122,2,"StopObject","id=122 bytes=2","a0 00",""
774,4682,"RPC","IN",99,42,"MoveObject","id=99 bytes=42","a0 00 f8 e3 a1 c3 d7 9b 26 45 53 c5 7d 42 f8 e3 a1 c3 d7 9b 26 45 53 c5 7d 42 00 00 80 3e 00 00 00 00 00 00 00 00 08 cc 84 43",""
775,4682,"RPC","IN",122,2,"StopObject","id=122 bytes=2","a0 00",""
776,4682,"RPC","IN",99,42,"MoveObject","id=99 bytes=42","a0 00 f8 e3 a1 c3 d7 9b 26 45 53 c5 7d 42 f8 e3 a1 c3 d7 9b 26 45 ed 5e 7b 42 00 00 80 3e 00 00 00 00 00 00 00 00 08 cc 84 43",""
777,4682,"RPC","IN",122,2,"StopObject","id=122 bytes=2","a0 00",""
778,4682,"RPC","IN",99,42,"MoveObject","id=99 bytes=42","a0 00 f8 e3 a1 c3 d7 9b 26 45 53 c5 7d 42 f8 e3 a1 c3 d7 9b 26 45 53 c5 7d 42 00 00 80 3e 00 00 00 00 00 00 00 00 08 cc 84 43",""
779,4682,"RPC","IN",122,2,"StopObject","id=122 bytes=2","a0 00",""
780,4683,"RPC","IN",99,42,"MoveObject","id=99 bytes=42","a0 00 f8 e3 a1 c3 d7 9b 26 45 53 c5 7d 42 f8 e3 a1 c3 d7 9b 26 45 ed 5e 7b 42 00 00 80 3e 00 00 00 00 00 00 00 00 08 cc 84 43",""
781,4683,"RPC","IN",122,2,"StopObject","id=122 bytes=2","a0 00",""
782,4683,"RPC","IN",99,42,"MoveObject","id=99 bytes=42","a0 00 f8 e3 a1 c3 d7 9b 26 45 53 c5 7d 42 f8 e3 a1 c3 d7 9b 26 45 53 c5 7d 42 00 00 80 3e 00 00 00 00 00 00 00 00 08 cc 84 43",""
783,4683,"RPC","IN",122,2,"StopObject","id=122 bytes=2","a0 00",""
784,4683,"RPC","IN",99,42,"MoveObject","id=99 bytes=42","a0 00 f8 e3 a1 c3 d7 9b 26 45 53 c5 7d 42 f8 e3 a1 c3 d7 9b 26 45 ed 5e 7b 42 00 00 80 3e 00 00 00 00 00 00 00 00 08 cc 84 43",""
785,4683,"RPC","IN",122,2,"StopObject","id=122 bytes=2","a0 00",""
786,4683,"RPC","IN",99,42,"MoveObject","id=99 bytes=42","a0 00 f8 e3 a1 c3 d7 9b 26 45 53 c5 7d 42 f8 e3 a1 c3 d7 9b 26 45 53 c5 7d 42 00 00 80 3e 00 00 00 00 00 00 00 00 08 cc 84 43",""
787,4683,"PACKET","IN",207,35,"PlayerSync","id=207 bytes=35","cf 38 00 00 00 0d 93 2a b0 c0 dd 49 d1 4e d5 5f 50 80 00 00 00 00 60 0b 7c 00 00 00 00 00 01 a2 04 04 80",""
788,4684,"PACKET","IN",207,35,"PlayerSync","id=207 bytes=35","cf 5b 00 00 00 0e fc 66 b0 e8 7d 89 91 7b 67 1f 10 84 00 00 00 01 0a e2 00 00 00 00 00 00 01 28 00 04 11",""
789,4684,"PACKET","IN",207,59,"PlayerSync","id=207 bytes=59","cf 70 00 86 00 60 7f c2 00 08 12 65 b0 e5 9e c9 91 6d 4b 1f 10 80 00 00 00 02 cf 0f 00 00 02 cd f3 fc f4 5f f8 09 ab fd ff ff fe 00 00 00 00 00 00 00 00 00 00 00 01 00 00 00 80",""
790,4703,"PACKET","IN",207,35,"PlayerSync","id=207 bytes=35","cf 55 00 00 00 3e e0 24 70 de 62 c9 91 5c e2 9f 90 84 00 00 00 02 61 2b c0 00 00 00 00 00 01 a8 04 04 18",""
791,4704,"PACKET","IN",207,59,"PlayerSync","id=207 bytes=59","cf 70 00 85 00 60 7f c2 00 12 cf 25 b0 d4 1e c9 91 7c 4a df 10 80 00 00 00 03 2b 0b 00 00 01 13 fb ec f4 a3 f9 89 ab fd ff ff fe 00 00 00 00 00 00 00 00 00 00 00 01 00 00 00 80",""
792,4731,"PACKET","IN",207,41,"PlayerSync","id=207 bytes=41","cf 53 00 00 00 2c a7 a8 30 da 98 09 d1 7a e7 1f 10 84 00 00 00 02 ba 42 c0 00 03 70 e3 64 e5 25 30 57 d7 fd fd a5 04 04 80",""
793,4732,"PACKET","IN",207,59,"PlayerSync","id=207 bytes=59","cf 70 00 84 80 60 7f c2 00 19 cb a5 b0 c2 5e c9 91 4a ca df 10 80 00 00 00 02 0b 0b 00 00 01 54 c7 e0 f5 8f fb 1d af fd ff ff fe 00 00 00 00 00 00 00 00 00 00 00 01 00 00 00 80",""
794,4732,"PACKET","IN",207,35,"PlayerSync","id=207 bytes=35","cf 54 00 00 00 05 77 63 70 c5 21 c9 91 65 24 1e 90 80 00 00 00 00 12 8e c0 00 00 00 00 00 01 28 00 04 11",""
795,4752,"PACKET","IN",207,35,"PlayerSync","id=207 bytes=35","cf 02 00 00 00 2d a2 e3 70 ee 9a 89 91 77 a3 1e 90 80 00 00 00 00 8a aa c0 00 00 00 00 00 01 28 00 04 11",""
796,4783,"PACKET","IN",207,35,"PlayerSync","id=207 bytes=35","cf 3d 00 00 00 32 67 a8 30 d0 79 49 91 7b 67 1f 10 84 00 00 00 00 e6 f1 c0 00 00 00 00 00 01 28 00 04 11",""
797,4784,"PACKET","IN",207,59,"PlayerSync","id=207 bytes=59","cf 70 00 83 80 60 7f c2 00 25 3f 65 70 c4 9e 89 91 5d ca 1f 10 80 00 00 00 01 c7 0b 00 00 02 13 33 a8 f5 8b fa f5 af fd ff ff fe 00 00 00 00 00 00 00 00 00 00 00 01 00 00 00 80",""
798,4784,"RPC","IN",87,2,"ClearPlayerAnimation","id=87 bytes=2","97 00",""
799,4785,"RPC","IN",86,29,"ApplyPlayerAnimation","id=86 bytes=29","97 00 05 43 41 52 52 59 0b 63 72 72 79 5f 70 72 74 69 61 6c 33 33 83 40 00 00 00 00 00",""
800,4785,"RPC","IN",87,2,"ClearPlayerAnimation","id=87 bytes=2","53 00",""
801,4785,"RPC","IN",86,29,"ApplyPlayerAnimation","id=86 bytes=29","53 00 05 43 41 52 52 59 0b 63 72 72 79 5f 70 72 74 69 61 6c 33 33 83 40 00 00 00 00 00",""
802,4806,"PACKET","IN",207,59,"PlayerSync","id=207 bytes=59","cf 70 00 83 00 60 7f c0 00 33 7c 65 70 f5 de 49 91 74 89 df 10 80 00 00 00 00 2b 0b 00 00 01 3a 63 9c f5 e3 f9 39 b3 fd ff ff fe 00 00 00 00 00 00 00 00 00 00 00 01 00 00 00 80",""
803,4807,"PACKET","IN",207,59,"PlayerSync","id=207 bytes=59","cf 70 00 82 80 60 7f c0 00 00 79 a5 70 e7 9e 49 91 4c c9 df 10 80 00 00 00 02 53 07 00 00 00 be 63 9c f6 43 fb a5 b3 fd ff ff fe 00 00 00 00 00 00 00 00 00 00 00 01 00 00 00 80",""
804,4807,"PACKET","IN",207,35,"PlayerSync","id=207 bytes=35","cf 97 00 00 00 3d e7 a8 30 e4 09 c9 d1 7b 67 1f 10 84 00 00 00 00 0f 03 e8 00 00 00 00 00 01 28 00 04 11",""
805,4829,"PACKET","IN",207,35,"PlayerSync","id=207 bytes=35","cf 1c 00 00 00 2d 1d 28 30 f6 cc c9 d1 7b 67 1f 10 84 00 00 00 00 65 93 00 00 00 00 00 00 01 28 00 04 11",""
806,4830,"PACKET","IN",207,41,"PlayerSync","id=207 bytes=41","cf 53 00 00 00 26 e7 a8 30 dd d8 09 d1 7a e7 1f 10 84 00 00 00 02 ba 42 c0 00 01 a1 99 98 e8 e6 b9 6f df fd fd a5 04 04 80",""
807,4830,"PACKET","IN",207,59,"PlayerSync","id=207 bytes=59","cf 70 00 80 80 60 7f c0 00 0a 36 a5 70 d9 de 49 91 66 89 9f 10 80 00 00 00 00 6a ff 00 00 01 d2 63 9c f6 af fa 71 b7 fd ff ff fe 00 00 00 00 00 00 00 00 00 00 00 01 00 00 00 80",""
808,4830,"PACKET","IN",207,35,"PlayerSync","id=207 bytes=35","cf 76 00 00 00 0e 87 a2 f0 c1 28 c9 91 5a 1c 1e 90 84 00 00 00 03 6c 9f 40 00 00 00 00 00 01 28 00 04 11",""
809,4851,"PACKET","IN",207,57,"PlayerSync","id=207 bytes=57","cf 70 00 60 3f c0 00 16 73 a5 70 ce de 49 91 47 c9 9f 10 80 00 00 00 02 62 fb 00 00 03 a6 63 9c f4 9f fd 59 c7 fd ff ff fe 00 00 00 00 00 00 00 00 00 00 00 01 00 00 00 80",""
810,4879,"PACKET","IN",207,35,"PlayerSync","id=207 bytes=35","cf 1f 00 00 00 26 a3 e3 70 c2 1d 89 91 42 a3 5e 90 80 00 00 00 02 c2 27 00 00 00 00 00 00 01 28 00 04 11",""
811,4879,"PACKET","IN",207,59,"PlayerSync","id=207 bytes=59","cf 70 00 ff ff e0 7f c2 00 1d 70 a5 70 c4 5e 49 91 6a 89 5f 10 80 00 00 00 00 42 fb 00 00 03 c6 63 9c f4 f7 fc 5d cb fd ff ff fe 00 00 00 00 00 00 00 00 00 00 00 01 00 00 00 80",""
812,4879,"PACKET","IN",207,35,"PlayerSync","id=207 bytes=35","cf 97 00 00 00 3d e7 a8 30 e4 09 c9 d1 7b 67 1f 10 84 00 00 00 00 0f 03 e8 00 00 00 00 00 01 a5 04 e8 80",""
813,4880,"PACKET","IN",207,59,"PlayerSync","id=207 bytes=59","cf 70 00 fe 7f e0 7f c2 00 0f 2d a5 70 fa 5e 09 91 4d c9 5f 10 80 00 00 00 00 9a f3 00 00 01 f9 ab b4 f5 4b ff 85 cb fd ff ff fe 00 00 00 00 00 00 00 00 00 00 00 01 00 00 00 80",""
814,4880,"PACKET","IN",207,35,"PlayerSync","id=207 bytes=35","cf 85 00 00 00 0b e5 a5 b0 ce 81 09 d1 6c 24 9f 10 80 00 00 00 02 bb 51 80 00 00 00 00 00 01 28 00 04 11",""
815,4880,"PACKET","IN",203,34,"AimSync","id=203 bytes=34","cb 85 00 04 f1 a8 b0 3e 68 58 6b 3f 15 c2 41 be 02 1c 97 c3 a9 d7 26 45 19 a2 80 42 00 00 00 00 3f c6",""
816,4880,"PACKET","IN",207,35,"PlayerSync","id=207 bytes=35","cf 92 00 00 00 22 0a a3 30 e7 59 49 91 6d 9f 1e 90 84 00 00 00 02 9b 21 c0 00 00 00 00 00 01 a5 04 04 80",""
817,4906,"PACKET","IN",207,59,"PlayerSync","id=207 bytes=59","cf 70 00 fd 7f e0 7f c2 00 3f aa 25 70 f1 de 09 91 76 09 1f 10 80 00 00 00 03 86 eb 00 00 02 77 ff d4 f6 57 fe d9 d7 fd ff ff fe 00 00 00 00 00 00 00 00 00 00 00 01 00 00 00 80",""
818,4930,"PACKET","IN",207,59,"PlayerSync","id=207 bytes=59","cf 70 00 fc 7f e0 7f c2 00 32 e6 e5 70 ea de 09 91 62 89 1f 10 80 00 00 00 02 4e e7 00 00 01 76 cf e0 f6 df fe 49 df fd ff ff fe 00 00 00 00 00 00 00 00 00 00 00 01 00 00 00 80",""
819,4930,"PACKET","IN",207,35,"PlayerSync","id=207 bytes=35","cf 2d 00 00 00 3c 58 68 30 c1 50 49 d1 7b 67 1f 10 84 00 00 00 02 aa b3 c0 00 00 00 00 00 01 28 00 04 11",""
820,4931,"PACKET","IN",203,34,"AimSync","id=203 bytes=34","cb 2d 00 04 43 d2 70 bf 73 60 50 3e 12 f5 8a be 65 c1 9e c3 c2 35 27 45 5b 62 81 42 00 00 00 00 3f 28",""
821,4955,"PACKET","IN",207,59,"PlayerSync","id=207 bytes=59","cf 70 00 fb ff e0 7f c0 00 0a 23 a5 70 e5 5e 09 91 53 49 1f 10 80 00 00 00 03 b2 e3 00 00 03 4f ff ec f7 53 fd e1 e7 fd ff ff fe 00 00 00 00 00 00 00 00 00 00 00 01 00 00 00 80",""
822,4955,"PACKET","IN",207,59,"PlayerSync","id=207 bytes=59","cf 70 00 fa ff e0 7f c0 00 07 e0 65 70 e0 de 09 91 46 89 1f 10 80 00 00 00 02 2a df 00 00 01 1a 63 f0 f7 7f fd a5 eb fd ff ff fe 00 00 00 00 00 00 00 00 00 00 00 01 00 00 00 80",""
823,4955,"RPC","IN",87,2,"ClearPlayerAnimation","id=87 bytes=2","5b 00",""
824,4956,"RPC","IN",86,29,"ApplyPlayerAnimation","id=86 bytes=29","5b 00 05 43 41 52 52 59 0b 63 72 72 79 5f 70 72 74 69 61 6c 33 33 83 40 00 00 00 00 00",""
825,4982,"PACKET","IN",207,35,"PlayerSync","id=207 bytes=35","cf 46 00 00 00 15 57 20 b0 da 5b c8 51 40 12 1f 90 84 00 00 00 02 f3 eb c0 01 10 00 00 00 01 d8 03 04 11",""
826,4982,"PACKET","IN",207,35,"PlayerSync","id=207 bytes=35","cf 53 00 00 00 29 67 a8 30 de 18 09 d1 7a e7 1f 10 84 00 00 00 02 ba 42 c0 00 00 00 00 00 01 a5 04 04 80",""
827,4982,"PACKET","IN",203,34,"AimSync","id=203 bytes=34","cb 53 00 04 11 68 75 bf b5 ad 88 3e 18 9b ca bd dd f5 9e c3 af 51 27 45 00 31 80 42 00 00 00 00 3f 37",""
828,4982,"PACKET","IN",207,35,"PlayerSync","id=207 bytes=35","cf 63 00 00 00 35 23 63 70 dd 23 09 91 54 21 9e 90 80 00 00 00 02 22 63 80 00 00 00 00 00 01 28 00 04 11",""
829,5029,"PACKET","IN",207,45,"PlayerSync","id=207 bytes=45","cf 70 00 fa ff e0 7f ca 00 1d 96 25 70 d7 de 09 91 6d 88 df 10 80 00 00 00 01 72 df 00 00 02 ff 33 e8 f7 cb fe 21 f3 fd fd 00 00 00 80",""
830,5029,"PACKET","IN",207,59,"PlayerSync","id=207 bytes=59","cf 70 00 fa ff e0 7f c0 00 35 d2 e5 70 d5 1e 09 91 65 c8 df 10 80 00 00 00 01 72 df 00 00 03 a3 83 d4 f7 cf fe a1 f3 fd ff ff fe 00 00 00 00 00 00 00 00 00 00 00 01 00 00 00 80",""
831,5029,"RPC","IN",105,19,"TextDrawSetString","id=105 bytes=19","2f 01 0f 00 30 39 20 41 67 75 73 74 75 73 20 32 30 32 36",""
832,5030,"RPC","IN",105,12,"TextDrawSetString","id=105 bytes=12","30 01 08 00 31 32 3a 30 31 3a 35 31",""
833,5096,"RPC","IN",86,27,"ApplyPlayerAnimation","id=86 bytes=27","27 00 07 42 44 5f 46 49 52 45 07 77 61 73 68 5f 75 70 33 33 83 40 80 00 00 00 00",""
834,5096,"PACKET","OUT",205,9,"UNKNOWN_PACKET","id=205 bytes=9","cd b8 4a 04 00 00 00 00 00",""
835,5118,"PACKET","IN",207,45,"PlayerSync","id=207 bytes=45","cf 70 00 fa ff e0 7f c0 00 3b 45 25 70 c9 5e 09 91 4b 48 df 10 80 00 00 00 01 72 df 00 00 01 e2 6a f8 f7 cf fe a1 f3 fd fd 00 00 00 80",""
836,5119,"PACKET","IN",207,35,"PlayerSync","id=207 bytes=35","cf 29 00 00 00 28 26 a8 30 d1 15 49 d1 7b 67 1f 10 84 00 00 00 03 a9 ff c0 00 00 00 00 00 01 28 00 04 11",""
837,5119,"PACKET","IN",207,35,"PlayerSync","id=207 bytes=35","cf 51 00 00 00 1b 0a e3 30 cf a8 49 91 58 dd 9e 90 84 00 00 00 01 37 17 c0 00 00 00 00 00 01 28 00 04 11",""
838,5119,"PACKET","IN",207,35,"PlayerSync","id=207 bytes=35","cf 55 00 00 00 3e e0 24 70 de 62 c9 91 5c e2 9f 90 84 00 00 00 02 61 2b c0 00 00 00 00 00 01 a8 04 04 18",""
839,5145,"PACKET","IN",207,35,"PlayerSync","id=207 bytes=35","cf 4d 00 00 00 02 00 23 30 e6 e4 09 91 70 1e 9e 90 84 00 00 00 03 da d0 80 00 00 00 00 00 01 28 00 04 11",""
840,5146,"PACKET","IN",203,34,"AimSync","id=203 bytes=34","cb 4d 00 04 42 4c 4a 3f 42 98 ff be 7b fb b5 be 7d 47 8c c3 40 96 26 45 4e e2 7d 42 00 00 00 00 3f 48",""
841,5146,"PACKET","OUT",207,69,"PlayerSync","id=207 bytes=69","cf 00 00 00 00 00 00 67 0a 9b c3 6b 06 27 45 ed 9c 7c 42 11 b2 39 3f 00 00 00 80 00 00 00 00 14 38 30 bf 64 00 04 00 00 00 00 00 00 00 00 00 00 00 00 00 00 00 00 00 00 00 00 00 00 00 00 00 00 00 28 00 04 11",""
842,5168,"PACKET","IN",207,35,"PlayerSync","id=207 bytes=35","cf 1a 00 00 00 33 5a 2a b0 f5 86 c9 d1 5e 8c 5f 90 80 00 00 00 03 97 ed 80 00 00 00 00 00 01 a5 04 08 80",""
843,5182,"PACKET","OUT",203,32,"AimSync","id=203 bytes=32","cb 00 00 00 39 05 00 00 00 00 00 00 00 00 00 00 00 40 01 00 00 00 80 3f 00 00 f3 04 b5 3f 39 05",""
844,5207,"PACKET","IN",207,35,"PlayerSync","id=207 bytes=35","cf 5b 00 00 00 0e fc 66 b0 e8 7d 89 91 7b 67 1f 10 84 00 00 00 01 0a e2 00 00 00 00 00 00 01 a5 04 e8 80",""
845,5208,"PACKET","IN",207,35,"PlayerSync","id=207 bytes=35","cf 60 00 00 00 01 5b 23 b0 d7 8c c9 91 41 6c 5e 90 84 00 00 00 03 e6 19 c0 00 00 00 00 00 01 fb 04 04 80",""
846,5208,"PACKET","IN",207,45,"PlayerSync","id=207 bytes=45","cf 70 00 fa ff e0 7f c0 00 36 f8 e5 30 ff 5d c9 91 65 33 de d0 80 00 00 00 01 72 df 00 00 01 07 37 24 f6 53 e3 69 f0 b5 55 00 00 00 80",""
847,5208,"PACKET","IN",207,35,"PlayerSync","id=207 bytes=35","cf 7e 00 00 00 13 27 28 30 cd 86 09 d1 7b 67 1f 10 84 00 00 00 01 42 b3 94 00 00 00 00 00 01 a5 04 e8 80",""
848,5208,"PACKET","IN",207,35,"PlayerSync","id=207 bytes=35","cf 46 00 02 00 15 57 20 b0 da 5b c8 51 40 12 1f 90 84 00 00 00 02 f3 eb c0 00 00 00 00 00 01 a5 04 e8 80",""
849,5229,"PACKET","IN",207,35,"PlayerSync","id=207 bytes=35","cf 38 00 00 00 0d 93 2a b0 c0 dd 49 d1 4e d5 5f 50 80 00 00 00 00 60 0b 7c 00 00 00 00 00 01 a2 04 04 80",""
850,5230,"PACKET","IN",203,34,"AimSync","id=203 bytes=34","cb 38 00 04 be fe 67 bc a2 4c 5d bf 0c a5 00 bf 1f 45 aa c3 1c ab 27 45 30 cc 83 42 00 00 00 00 3f c6",""
851,5230,"PACKET","IN",207,35,"PlayerSync","id=207 bytes=35","cf 7c 00 00 00 35 a2 e2 70 da 28 89 91 5f 9d de 90 80 00 00 00 01 98 6a 40 00 00 00 00 00 01 28 00 04 11",""
852,5251,"PACKET","IN",207,35,"PlayerSync","id=207 bytes=35","cf 54 00 00 00 05 77 63 70 c5 21 c9 91 65 24 1e 90 80 00 00 00 00 12 8e c0 00 00 00 00 00 01 28 00 04 11",""
853,5252,"PACKET","IN",207,45,"PlayerSync","id=207 bytes=45","cf 70 00 fa ff e0 7f c0 00 1e e5 a5 30 ef 1d c9 91 73 c3 1f 10 80 00 00 00 01 72 df 00 00 00 41 11 a8 fa 27 ef 19 f1 56 85 00 00 00 80",""
854,5280,"PACKET","IN",207,35,"PlayerSync","id=207 bytes=35","cf 3d 00 00 00 32 67 a8 30 d0 79 49 91 7b 67 1f 10 84 00 00 00 00 e6 f1 c0 00 00 00 00 00 01 28 00 04 11",""
855,5302,"PACKET","IN",207,35,"PlayerSync","id=207 bytes=35","cf 02 00 00 00 2d a2 e3 70 ee 9a 89 91 77 a3 1e 90 80 00 00 00 00 8a aa c0 00 00 00 00 00 01 28 00 04 11",""
856,5302,"RPC","IN",86,27,"ApplyPlayerAnimation","id=86 bytes=27","7e 00 07 42 44 5f 46 49 52 45 07 77 61 73 68 5f 75 70 33 33 83 40 80 00 00 00 00",""
857,5302,"RPC","IN",99,42,"MoveObject","id=99 bytes=42","a0 00 f8 e3 a1 c3 d7 9b 26 45 53 c5 7d 42 f8 e3 a1 c3 d7 9b 26 45 ed 5e 7b 42 00 00 80 3e 00 00 00 00 00 00 00 00 08 cc 84 43",""
858,5302,"RPC","IN",122,2,"StopObject","id=122 bytes=2","a0 00",""
859,5303,"RPC","IN",99,42,"MoveObject","id=99 bytes=42","a0 00 f8 e3 a1 c3 d7 9b 26 45 53 c5 7d 42 f8 e3 a1 c3 d7 9b 26 45 53 c5 7d 42 00 00 80 3e 00 00 00 00 00 00 00 00 08 cc 84 43",""
860,5303,"RPC","IN",122,2,"StopObject","id=122 bytes=2","a0 00",""
861,5303,"RPC","IN",99,42,"MoveObject","id=99 bytes=42","a0 00 f8 e3 a1 c3 d7 9b 26 45 53 c5 7d 42 f8 e3 a1 c3 d7 9b 26 45 ed 5e 7b 42 00 00 80 3e 00 00 00 00 00 00 00 00 08 cc 84 43",""
862,5303,"RPC","IN",122,2,"StopObject","id=122 bytes=2","a0 00",""
863,5303,"RPC","IN",99,42,"MoveObject","id=99 bytes=42","a0 00 f8 e3 a1 c3 d7 9b 26 45 53 c5 7d 42 f8 e3 a1 c3 d7 9b 26 45 53 c5 7d 42 00 00 80 3e 00 00 00 00 00 00 00 00 08 cc 84 43",""
864,5303,"RPC","IN",122,2,"StopObject","id=122 bytes=2","a0 00",""
865,5303,"RPC","IN",99,42,"MoveObject","id=99 bytes=42","a0 00 f8 e3 a1 c3 d7 9b 26 45 53 c5 7d 42 f8 e3 a1 c3 d7 9b 26 45 ed 5e 7b 42 00 00 80 3e 00 00 00 00 00 00 00 00 08 cc 84 43",""
866,5303,"RPC","IN",122,2,"StopObject","id=122 bytes=2","a0 00",""
867,5303,"RPC","IN",99,42,"MoveObject","id=99 bytes=42","a0 00 f8 e3 a1 c3 d7 9b 26 45 53 c5 7d 42 f8 e3 a1 c3 d7 9b 26 45 53 c5 7d 42 00 00 80 3e 00 00 00 00 00 00 00 00 08 cc 84 43",""
868,5303,"RPC","IN",122,2,"StopObject","id=122 bytes=2","a0 00",""
869,5304,"RPC","IN",99,42,"MoveObject","id=99 bytes=42","a0 00 f8 e3 a1 c3 d7 9b 26 45 53 c5 7d 42 f8 e3 a1 c3 d7 9b 26 45 ed 5e 7b 42 00 00 80 3e 00 00 00 00 00 00 00 00 08 cc 84 43",""
870,5304,"RPC","IN",122,2,"StopObject","id=122 bytes=2","a0 00",""
871,5304,"RPC","IN",99,42,"MoveObject","id=99 bytes=42","a0 00 f8 e3 a1 c3 d7 9b 26 45 53 c5 7d 42 f8 e3 a1 c3 d7 9b 26 45 53 c5 7d 42 00 00 80 3e 00 00 00 00 00 00 00 00 08 cc 84 43",""
872,5304,"RPC","IN",122,2,"StopObject","id=122 bytes=2","a0 00",""
873,5304,"RPC","IN",99,42,"MoveObject","id=99 bytes=42","a0 00 f8 e3 a1 c3 d7 9b 26 45 53 c5 7d 42 f8 e3 a1 c3 d7 9b 26 45 ed 5e 7b 42 00 00 80 3e 00 00 00 00 00 00 00 00 08 cc 84 43",""
874,5304,"RPC","IN",122,2,"StopObject","id=122 bytes=2","a0 00",""
875,5304,"RPC","IN",99,42,"MoveObject","id=99 bytes=42","a0 00 f8 e3 a1 c3 d7 9b 26 45 53 c5 7d 42 f8 e3 a1 c3 d7 9b 26 45 53 c5 7d 42 00 00 80 3e 00 00 00 00 00 00 00 00 08 cc 84 43",""
876,5330,"PACKET","IN",207,45,"PlayerSync","id=207 bytes=45","cf 70 00 fa ff e0 7f c0 00 05 cb 25 30 d9 1d c9 91 5b aa 5f 10 80 00 00 00 01 72 df 00 00 00 a0 41 8c fb 5f fa c1 f3 5e 41 00 00 00 80",""
877,5398,"PACKET","IN",207,35,"PlayerSync","id=207 bytes=35","cf 7e 00 00 00 13 27 28 30 cd 86 09 d1 7b 67 1f 10 84 00 00 00 01 42 b3 94 00 00 00 00 00 01 28 00 04 11",""
878,5422,"PACKET","IN",207,45,"PlayerSync","id=207 bytes=45","cf 70 00 fa ff e0 7f c0 00 0b 6e 24 f0 c1 5d c9 91 71 34 1f 10 80 00 00 00 01 72 df 00 00 01 df d5 7c fb bb fe a5 f2 c1 f5 00 00 00 80",""
879,5423,"PACKET","IN",203,34,"AimSync","id=203 bytes=34","cb 70 00 04 22 44 7f 3f 56 78 6e bd 53 f1 45 bd 7d 98 95 c3 64 7a 26 45 bb e7 7f 42 00 00 00 00 3f c6",""
880,5423,"PACKET","IN",207,35,"PlayerSync","id=207 bytes=35","cf 76 00 00 00 0e 87 a2 f0 c1 28 c9 91 5a 1c 1e 90 84 00 00 00 03 6c 9f 40 00 00 00 00 00 01 28 00 04 11",""
881,5423,"PACKET","IN",207,35,"PlayerSync","id=207 bytes=35","cf 1c 00 00 00 2d 1d 28 30 f6 cc c9 d1 7b 67 1f 10 84 00 00 00 00 65 93 00 00 00 00 00 00 01 28 00 04 11",""
882,5423,"PACKET","IN",207,35,"PlayerSync","id=207 bytes=35","cf 1f 00 00 00 26 a3 e3 70 c2 1d 89 91 42 a3 5e 90 80 00 00 00 02 c2 27 00 00 00 00 00 00 01 28 00 04 11",""
883,5446,"PACKET","IN",207,35,"PlayerSync","id=207 bytes=35","cf 2d 00 00 00 3c 58 68 30 c1 50 49 d1 7b 67 1f 10 84 00 00 00 02 aa b3 c0 00 00 00 00 00 01 28 00 04 11",""
884,5446,"PACKET","IN",207,35,"PlayerSync","id=207 bytes=35","cf 97 00 00 00 3d e7 a8 30 e4 09 c9 d1 7b 67 1f 10 84 00 00 00 00 0f 03 e8 00 00 00 00 00 01 a5 04 e8 80",""
885,5467,"PACKET","IN",207,35,"PlayerSync","id=207 bytes=35","cf 85 00 00 00 0b e5 a5 b0 ce 81 09 d1 6c 24 9f 10 80 00 00 00 02 bb 51 80 00 00 00 00 00 01 28 00 04 11",""
886,5467,"PACKET","IN",207,35,"PlayerSync","id=207 bytes=35","cf 92 00 00 00 22 0a a3 30 e7 59 49 91 6d 9f 1e 90 84 00 00 00 02 9b 21 c0 00 00 00 00 00 01 a5 04 04 80",""
887,5493,"RPC","IN",16,16,"PlaySound","id=16 bytes=16","92 7e 00 00 00 00 00 00 00 00 00 00 00 00 00 00",""
888,5493,"RPC","IN",134,80,"ShowTextDraw","id=134 bytes=80","2c 08 11 9a 99 19 3f 00 00 00 40 1a ff 00 aa 92 24 69 42 00 00 a0 41 00 00 00 32 00 01 00 00 00 ff 04 00 00 00 59 43 00 00 b8 43 00 00 00 00 00 00 00 00 00 00 00 00 00 00 00 00 80 3f ff ff ff ff 0d 00 6c 64 5f 64 75 61 6c 3a 77 68 69 74 65",""
889,5493,"RPC","IN",105,7,"TextDrawSetString","id=105 bytes=7","26 08 03 00 31 30 30",""
890,5494,"RPC","IN",105,5,"TextDrawSetString","id=105 bytes=5","27 08 01 00 30",""
891,5494,"RPC","IN",105,6,"TextDrawSetString","id=105 bytes=6","28 08 02 00 34 38",""
892,5494,"RPC","IN",105,5,"TextDrawSetString","id=105 bytes=5","29 08 01 00 37",""
893,5494,"RPC","IN",105,7,"TextDrawSetString","id=105 bytes=7","2a 08 03 00 31 30 30",""
894,5519,"PACKET","IN",207,45,"PlayerSync","id=207 bytes=45","cf 70 00 fa ff e0 7f c0 00 04 d6 64 f0 ed 9d 89 91 6c 21 df 10 80 00 00 00 01 72 df 00 00 01 9c ed 84 fa ab fa c5 f3 91 b5 00 00 00 80",""
895,5519,"RPC","IN",137,13,"ServerJoin","id=137 bytes=13","66 00 00 00 00 00 00 05 46 61 69 6d 6d",""
896,5543,"RPC","IN",72,6,"SetPlayerColor","id=72 bytes=6","66 00 ff 83 7f 7f",""
897,5563,"PACKET","IN",207,35,"PlayerSync","id=207 bytes=35","cf 63 00 00 00 35 23 63 70 dd 23 09 91 54 21 9e 90 80 00 00 00 02 22 63 80 00 00 00 00 00 01 28 00 04 11",""
898,5563,"PACKET","IN",207,45,"PlayerSync","id=207 bytes=45","cf 70 00 88 00 60 7f c2 00 07 39 a4 b0 d5 dd 89 91 4c 6c 1e d0 80 00 00 00 01 72 df 00 00 02 75 09 9c fa db eb 2d f2 fd 6d 00 00 00 80",""
899,5584,"PACKET","IN",207,35,"PlayerSync","id=207 bytes=35","cf 53 00 00 00 29 67 a8 30 de 18 09 d1 7a e7 1f 10 84 00 00 00 02 ba 42 c0 00 00 00 00 00 01 a5 04 04 80",""
900,5584,"PACKET","IN",207,45,"PlayerSync","id=207 bytes=45","cf 70 00 88 00 60 7f c0 00 11 b3 a4 b0 d0 dd 89 91 73 1c 5e d0 80 00 00 00 01 72 df 00 00 00 7c 61 a4 fa 73 e7 4d f0 d1 61 00 00 00 80",""
901,5650,"PACKET","IN",207,35,"PlayerSync","id=207 bytes=35","cf 46 00 02 00 15 57 20 b0 da 5b c8 51 40 12 1f 90 84 00 00 00 02 f3 eb c0 00 00 00 00 00 01 a5 04 e8 80",""
902,5672,"PACKET","IN",207,35,"PlayerSync","id=207 bytes=35","cf 29 00 00 00 28 26 a8 30 d1 15 49 d1 7b 67 1f 10 84 00 00 00 03 a9 ff c0 00 00 00 00 00 01 28 00 04 11",""
903,5672,"PACKET","IN",207,45,"PlayerSync","id=207 bytes=45","cf 70 00 88 00 60 7f c0 00 39 9b e4 b0 fd 5d 49 91 79 30 5e 90 80 00 00 00 01 72 df 00 00 02 c9 0b c4 f7 cf fe a1 f3 fd fd 00 00 00 80",""
904,5695,"PACKET","IN",207,39,"PlayerSync","id=207 bytes=39","cf 46 00 ff ff ff ff c2 00 15 57 20 b0 da 5b c8 51 40 12 1f 90 84 00 00 00 01 d3 df c0 00 00 00 00 00 01 c8 04 e8 80",""
905,5696,"PACKET","IN",207,35,"PlayerSync","id=207 bytes=35","cf 55 00 00 00 3e e0 24 70 de 62 c9 91 5c e2 9f 90 84 00 00 00 02 61 2b c0 00 00 00 00 00 01 a8 04 04 18",""
906,5696,"PACKET","IN",207,35,"PlayerSync","id=207 bytes=35","cf 4d 00 00 00 02 00 23 30 e6 e4 09 91 70 1e 9e 90 84 00 00 00 03 da d0 80 00 00 00 00 00 01 28 00 04 11",""
907,5696,"PACKET","OUT",207,69,"PlayerSync","id=207 bytes=69","cf 00 00 00 00 00 00 67 0a 9b c3 6b 06 27 45 ed 9c 7c 42 11 b2 39 3f 00 00 00 80 00 00 00 00 14 38 30 bf 64 00 04 00 00 00 00 00 00 00 00 00 00 00 00 00 00 00 00 00 00 00 00 00 00 00 00 00 00 00 28 00 04 11",""
908,5709,"PACKET","OUT",203,32,"AimSync","id=203 bytes=32","cb 00 00 00 39 05 00 00 00 00 00 00 00 00 00 00 00 40 01 00 00 00 80 3f 00 00 f3 04 b5 3f 39 05",""
909,5716,"PACKET","IN",207,45,"PlayerSync","id=207 bytes=45","cf 46 00 ff 7f ff bf c2 00 1f 17 a0 b0 fc 1b 88 51 40 12 1f 90 84 00 00 00 01 cb cb c0 00 01 95 98 18 f6 71 03 30 43 fd fd c8 04 e8 80",""
910,5716,"PACKET","IN",207,45,"PlayerSync","id=207 bytes=45","cf 70 00 89 80 60 bf c2 00 34 95 a4 b0 f8 1d 49 91 7d 30 1e 90 80 00 00 00 03 07 03 00 00 01 3b ff d4 f7 cf fe a1 f3 fd fd 00 00 00 80",""
911,5717,"PACKET","IN",207,35,"PlayerSync","id=207 bytes=35","cf 1a 00 00 00 33 5a 2a b0 f5 86 c9 d1 5e 8c 5f 90 80 00 00 00 03 97 ed 80 00 00 00 00 00 01 a5 04 08 80",""
912,5717,"PACKET","IN",207,45,"PlayerSync","id=207 bytes=45","cf 46 00 fe 7f fe ff c2 00 2b 58 20 b0 e5 1b 88 51 40 12 1f 90 84 00 00 00 01 d3 b7 c0 00 01 9d 98 18 f4 b0 c9 80 6b fd fd c8 04 e8 80",""
913,5717,"PACKET","IN",207,45,"PlayerSync","id=207 bytes=45","cf 70 00 89 00 60 bf c2 00 0f d2 a4 b0 ea 9d 49 91 64 30 1e 90 80 00 00 00 03 db 0f 00 00 02 27 ff d4 f7 5f fb 71 bb fd fd 00 00 00 80",""
914,5737,"PACKET","IN",207,45,"PlayerSync","id=207 bytes=45","cf 70 00 88 00 60 bf c2 00 1b 8f 64 b0 d8 9d 49 91 4d 30 1e 90 80 00 00 00 02 b3 0b 00 00 01 0b 93 ec f4 5b fb f1 a7 fd fd 00 00 00 80",""
915,5738,"PACKET","IN",207,45,"PlayerSync","id=207 bytes=45","cf 46 00 fd 7f fe 3f c2 00 1f d8 e0 b0 cd 9b 88 51 40 12 1f 90 84 00 00 00 03 af 9b c0 00 01 91 98 18 f5 14 9e f4 8f fd fd c8 04 e8 80",""
916,5738,"PACKET","IN",207,35,"PlayerSync","id=207 bytes=35","cf 5b 00 00 00 0e fc 66 b0 e8 7d 89 91 7b 67 1f 10 84 00 00 00 01 0a e2 00 00 00 00 00 00 01 a5 04 e8 80",""
917,5738,"PACKET","IN",207,35,"PlayerSync","id=207 bytes=35","cf 60 00 00 00 01 5b 23 b0 d7 8c c9 91 41 6c 5e 90 84 00 00 00 03 e6 19 c0 00 00 00 00 00 01 fb 04 04 80",""
918,5757,"PACKET","IN",207,45,"PlayerSync","id=207 bytes=45","cf 46 00 fa ff fc bf c2 00 21 59 a0 b0 fa 1b 48 51 40 12 1f 90 84 00 00 00 03 43 7f c0 00 01 a1 98 18 f5 48 72 cc bf fd fd c8 04 e8 80",""
919,5757,"PACKET","IN",207,45,"PlayerSync","id=207 bytes=45","cf 70 00 87 80 60 7f c2 00 11 4c 24 b0 c7 dd 49 91 74 af de 90 80 00 00 00 03 f7 07 00 00 02 47 ff ec f5 ab fb d1 af fd fd 00 00 00 80",""
920,5758,"PACKET","IN",207,35,"PlayerSync","id=207 bytes=35","cf 38 00 00 00 0d 93 2a b0 c0 dd 49 d1 4e d5 5f 50 80 00 00 00 00 60 0b 7c 00 00 00 00 00 01 a2 04 04 80",""
921,5779,"PACKET","IN",207,45,"PlayerSync","id=207 bytes=45","cf 46 00 f9 7f fa bf c2 00 2e 1a 60 b0 ea 1b 48 51 40 12 1f 90 84 00 00 00 00 8b 63 c0 00 01 99 98 18 f5 6c 4d 44 f3 fd fd c8 04 e8 80",""
922,5780,"PACKET","IN",207,45,"PlayerSync","id=207 bytes=45","cf 70 00 87 00 60 7f c2 00 3b 08 64 b0 f6 9d 09 91 59 2f de 90 80 00 00 00 01 b7 07 00 00 02 f8 bf f4 f6 4f fb f9 b3 fd fd 00 00 00 80",""
923,5780,"PACKET","IN",207,35,"PlayerSync","id=207 bytes=35","cf 7c 00 00 00 35 a2 e2 70 da 28 89 91 5f 9d de 90 80 00 00 00 01 98 6a 40 00 00 00 00 00 01 28 00 04 11",""
924,5798,"PACKET","IN",207,45,"PlayerSync","id=207 bytes=45","cf 70 00 86 80 60 7f c2 00 3d 85 24 b0 e7 dd 09 91 40 2f de 90 80 00 00 00 03 ab 03 00 00 01 7b ff f0 f6 cf fb 61 b7 fd fd 00 00 00 80",""
925,5821,"PACKET","IN",207,45,"PlayerSync","id=207 bytes=45","cf 46 00 f6 ff f7 ff c2 00 27 dc 20 b0 d3 db 48 51 40 12 1f 90 84 00 00 00 03 1f 1b c0 00 01 ad 98 18 f5 bc 1b b1 5f fd fd c8 04 e8 80",""
926,5821,"PACKET","IN",207,45,"PlayerSync","id=207 bytes=45","cf 70 00 86 00 60 7f c2 00 31 81 e4 b0 d9 5d 09 91 66 2f 9e 90 80 00 00 00 01 bb 03 00 00 01 4b 33 e8 f7 3f fa 79 bb fd fd 00 00 00 80",""
927,5821,"PACKET","IN",207,45,"PlayerSync","id=207 bytes=45","cf 70 00 86 00 60 7f c0 00 08 fe a4 70 cb 1d 09 91 4b 2f 9e 90 80 00 00 00 02 8b 03 00 00 00 fe 1b e4 f7 a3 f9 61 bf fd fd 00 00 00 80",""
928,5821,"RPC","IN",86,27,"ApplyPlayerAnimation","id=86 bytes=27","97 00 07 42 44 5f 46 49 52 45 07 77 61 73 68 5f 75 70 33 33 83 40 80 00 00 00 00",""
929,5822,"RPC","IN",86,27,"ApplyPlayerAnimation","id=86 bytes=27","53 00 07 42 44 5f 46 49 52 45 07 77 61 73 68 5f 75 70 33 33 83 40 80 00 00 00 00",""
930,5842,"PACKET","IN",207,35,"PlayerSync","id=207 bytes=35","cf 02 00 00 00 2d a2 e3 70 ee 9a 89 91 77 a3 1e 90 80 00 00 00 00 8a aa c0 00 00 00 00 00 01 28 00 04 11",""
931,5843,"PACKET","IN",207,35,"PlayerSync","id=207 bytes=35","cf 3d 00 00 00 32 67 a8 30 d0 79 49 91 7b 67 1f 10 84 00 00 00 00 e6 f1 c0 00 00 00 00 00 01 28 00 04 11",""
932,5843,"PACKET","IN",207,45,"PlayerSync","id=207 bytes=45","cf 46 00 f6 ff f6 ff c2 00 22 5d 20 b0 cd 5b 48 51 40 12 1f 90 84 00 00 00 01 d6 f7 c0 00 01 73 40 54 f6 f8 0a 95 97 fd fd c8 04 e8 80",""
933,5843,"PACKET","IN",207,35,"PlayerSync","id=207 bytes=35","cf 54 00 00 00 05 77 63 70 c5 21 c9 91 65 24 1e 90 80 00 00 00 00 12 8e c0 00 00 00 00 00 01 28 00 04 11",""
934,5843,"PACKET","IN",207,45,"PlayerSync","id=207 bytes=45","cf 70 00 85 80 60 7f c0 00 2d bb 64 70 fd dc c9 91 72 af 5e 90 80 00 00 00 00 b3 03 00 00 03 cd 97 c8 f7 7b f8 29 bf fd fd 00 00 00 80",""
935,5865,"PACKET","IN",207,45,"PlayerSync","id=207 bytes=45","cf 46 00 f6 7f f5 ff c2 00 32 1f 20 b0 ca 9b 48 51 40 12 1f 90 84 00 00 00 00 42 a7 c0 00 03 23 30 68 f4 10 00 5a 0b fd fd c8 04 e8 80",""
936,5865,"PACKET","IN",207,45,"PlayerSync","id=207 bytes=45","cf 70 00 85 00 60 7f c0 00 1d 75 64 70 e4 9c c9 91 42 6f 5e 90 80 00 00 00 03 a6 ff 00 00 02 3b ff a4 f7 af f9 c1 bf fd fd 00 00 00 80",""
937,5891,"PACKET","IN",207,45,"PlayerSync","id=207 bytes=45","cf 46 00 f6 7f f5 bf c2 00 36 e0 20 b0 ce db 48 51 40 12 1f 90 84 00 00 00 00 7e 7b c0 00 03 2f 30 68 f4 30 05 5e 43 fd fd c8 04 e8 80",""
938,5911,"PACKET","IN",207,45,"PlayerSync","id=207 bytes=45","cf 46 00 f6 7f f5 7f c2 00 37 a1 20 b0 d6 9b 48 51 40 12 1f 90 84 00 00 00 02 8a 4b c0 00 03 43 30 68 f6 94 0d 4e 7b fd fd c8 04 e8 80",""
939,5912,"PACKET","IN",207,45,"PlayerSync","id=207 bytes=45","cf 46 00 f6 7f f5 3f c2 00 2e e2 20 b0 e1 db 48 51 40 12 1f 90 84 00 00 00 02 ea 1b c0 00 03 3f 30 68 f7 34 1c 06 b3 fd fd c8 04 e8 80",""
940,5912,"PACKET","IN",207,45,"PlayerSync","id=207 bytes=45","cf 70 00 85 00 60 7f c2 00 35 2c a4 70 c1 5c c9 91 7d 2e de 90 80 00 00 00 02 13 03 00 00 00 81 7b 74 f7 bb fa 0d bf fd fd 00 00 00 80",""
941,5913,"PACKET","IN",207,35,"PlayerSync","id=207 bytes=35","cf 97 00 00 00 3d e7 a8 30 e4 09 c9 d1 7b 67 1f 10 84 00 00 00 00 0f 03 e8 00 00 00 00 00 01 28 00 04 11",""
942,5930,"PACKET","IN",207,35,"PlayerSync","id=207 bytes=35","cf 1c 00 00 00 2d 1d 28 30 f6 cc c9 d1 7b 67 1f 10 84 00 00 00 00 65 93 00 00 00 00 00 00 01 28 00 04 11",""
943,5931,"PACKET","IN",207,45,"PlayerSync","id=207 bytes=45","cf 46 00 f6 7f f5 3f c2 00 1a e3 20 b0 f0 9b 48 51 40 12 1f 90 84 00 00 00 01 95 eb c0 00 03 2b 30 68 f5 bc 34 5a e7 fd fd c8 04 e8 80",""
944,5931,"PACKET","IN",207,35,"PlayerSync","id=207 bytes=35","cf 7e 00 00 00 13 27 28 30 cd 86 09 d1 7b 67 1f 10 84 00 00 00 01 42 b3 94 00 00 00 00 00 01 28 00 04 11",""
945,5971,"PACKET","IN",207,35,"PlayerSync","id=207 bytes=35","cf 1a 00 00 00 33 5a 2a b0 f5 86 c9 d1 5e 8c 5f 90 80 00 00 00 03 97 ed 80 00 00 00 00 00 01 a5 04 e8 80",""
946,5971,"PACKET","IN",207,45,"PlayerSync","id=207 bytes=45","cf 46 00 f6 ff f4 ff c2 01 24 23 60 b0 f6 9b 48 51 40 12 1f 90 84 00 00 00 00 e9 db c0 00 03 5f 30 68 f5 fc 51 eb 17 fd fd c8 04 e8 80",""
947,5971,"PACKET","IN",207,45,"PlayerSync","id=207 bytes=45","cf 70 00 84 80 60 7f c2 00 23 e6 64 70 e6 5c 89 91 4b 6e de 90 80 00 00 00 01 2b 03 00 00 02 7c 1b 8c f7 67 fb ad bb fd fd 00 00 00 80",""
948,5971,"RPC","IN",87,2,"ClearPlayerAnimation","id=87 bytes=2","29 00",""
949,5971,"RPC","IN",86,29,"ApplyPlayerAnimation","id=86 bytes=29","29 00 05 43 41 52 52 59 0b 63 72 72 79 5f 70 72 74 69 61 6c 33 33 83 40 00 00 00 00 00",""
950,5971,"PACKET","IN",207,45,"PlayerSync","id=207 bytes=45","cf 46 00 f7 7f f4 bf c2 01 02 e4 20 b0 c4 9b 88 51 40 12 1f 90 84 00 00 00 01 4d a7 c0 00 02 f5 6b 88 f0 88 5d 97 27 fd fd c8 04 04 80",""
951,5971,"PACKET","IN",207,35,"PlayerSync","id=207 bytes=35","cf 85 00 00 00 0b e5 a5 b0 ce 81 09 d1 6c 24 9f 10 80 00 00 00 02 bb 51 80 00 00 00 00 00 01 28 00 04 11",""
952,5972,"PACKET","IN",203,34,"AimSync","id=203 bytes=34","cb 85 00 04 39 1c 72 3f 68 a0 60 3e ba 70 75 be f7 04 98 c3 99 f9 26 45 62 f0 80 42 00 00 00 00 3f c6",""
953,5972,"RPC","IN",99,42,"MoveObject","id=99 bytes=42","a0 00 f8 e3 a1 c3 d7 9b 26 45 53 c5 7d 42 f8 e3 a1 c3 d7 9b 26 45 ed 5e 7b 42 00 00 80 3e 00 00 00 00 00 00 00 00 08 cc 84 43",""
954,5972,"RPC","IN",122,2,"StopObject","id=122 bytes=2","a0 00",""
955,5972,"RPC","IN",99,42,"MoveObject","id=99 bytes=42","a0 00 f8 e3 a1 c3 d7 9b 26 45 53 c5 7d 42 f8 e3 a1 c3 d7 9b 26 45 53 c5 7d 42 00 00 80 3e 00 00 00 00 00 00 00 00 08 cc 84 43",""
956,5972,"RPC","IN",122,2,"StopObject","id=122 bytes=2","a0 00",""
957,5972,"RPC","IN",99,42,"MoveObject","id=99 bytes=42","a0 00 f8 e3 a1 c3 d7 9b 26 45 53 c5 7d 42 f8 e3 a1 c3 d7 9b 26 45 ed 5e 7b 42 00 00 80 3e 00 00 00 00 00 00 00 00 08 cc 84 43",""
958,5972,"RPC","IN",122,2,"StopObject","id=122 bytes=2","a0 00",""
959,5972,"RPC","IN",99,42,"MoveObject","id=99 bytes=42","a0 00 f8 e3 a1 c3 d7 9b 26 45 53 c5 7d 42 f8 e3 a1 c3 d7 9b 26 45 53 c5 7d 42 00 00 80 3e 00 00 00 00 00 00 00 00 08 cc 84 43",""
960,5972,"RPC","IN",122,2,"StopObject","id=122 bytes=2","a0 00",""
961,5972,"RPC","IN",99,42,"MoveObject","id=99 bytes=42","a0 00 f8 e3 a1 c3 d7 9b 26 45 53 c5 7d 42 f8 e3 a1 c3 d7 9b 26 45 ed 5e 7b 42 00 00 80 3e 00 00 00 00 00 00 00 00 08 cc 84 43",""
962,5972,"RPC","IN",122,2,"StopObject","id=122 bytes=2","a0 00",""
963,5973,"RPC","IN",99,42,"MoveObject","id=99 bytes=42","a0 00 f8 e3 a1 c3 d7 9b 26 45 53 c5 7d 42 f8 e3 a1 c3 d7 9b 26 45 53 c5 7d 42 00 00 80 3e 00 00 00 00 00 00 00 00 08 cc 84 43",""
964,5973,"RPC","IN",122,2,"StopObject","id=122 bytes=2","a0 00",""
965,5973,"RPC","IN",99,42,"MoveObject","id=99 bytes=42","a0 00 f8 e3 a1 c3 d7 9b 26 45 53 c5 7d 42 f8 e3 a1 c3 d7 9b 26 45 ed 5e 7b 42 00 00 80 3e 00 00 00 00 00 00 00 00 08 cc 84 43",""
966,5973,"RPC","IN",122,2,"StopObject","id=122 bytes=2","a0 00",""
967,5973,"RPC","IN",99,42,"MoveObject","id=99 bytes=42","a0 00 f8 e3 a1 c3 d7 9b 26 45 53 c5 7d 42 f8 e3 a1 c3 d7 9b 26 45 53 c5 7d 42 00 00 80 3e 00 00 00 00 00 00 00 00 08 cc 84 43",""
968,5973,"RPC","IN",122,2,"StopObject","id=122 bytes=2","a0 00",""
969,5973,"RPC","IN",99,42,"MoveObject","id=99 bytes=42","a0 00 f8 e3 a1 c3 d7 9b 26 45 53 c5 7d 42 f8 e3 a1 c3 d7 9b 26 45 ed 5e 7b 42 00 00 80 3e 00 00 00 00 00 00 00 00 08 cc 84 43",""
970,5974,"RPC","IN",122,2,"StopObject","id=122 bytes=2","a0 00",""
971,5974,"RPC","IN",99,42,"MoveObject","id=99 bytes=42","a0 00 f8 e3 a1 c3 d7 9b 26 45 53 c5 7d 42 f8 e3 a1 c3 d7 9b 26 45 53 c5 7d 42 00 00 80 3e 00 00 00 00 00 00 00 00 08 cc 84 43",""
972,5995,"PACKET","IN",207,35,"PlayerSync","id=207 bytes=35","cf 76 00 00 00 0e 87 a2 f0 c1 28 c9 91 5a 1c 1e 90 84 00 00 00 03 6c 9f 40 00 00 00 00 00 01 28 00 04 11",""
973,5996,"RPC","IN",86,27,"ApplyPlayerAnimation","id=86 bytes=27","5b 00 07 42 44 5f 46 49 52 45 07 77 61 73 68 5f 75 70 33 33 83 40 80 00 00 00 00",""
974,5996,"PACKET","IN",207,35,"PlayerSync","id=207 bytes=35","cf 1f 00 00 00 26 a3 e3 70 c2 1d 89 91 42 a3 5e 90 80 00 00 00 02 c2 27 00 00 00 00 00 00 01 28 00 04 11",""
975,5996,"PACKET","IN",207,35,"PlayerSync","id=207 bytes=35","cf 2d 00 00 00 3c 58 68 30 c1 50 49 d1 7b 67 1f 10 84 00 00 00 02 aa b3 c0 00 00 00 00 00 01 28 00 04 11",""
976,5997,"PACKET","IN",207,45,"PlayerSync","id=207 bytes=45","cf 46 00 f7 ff f4 7f c2 01 38 a4 a0 b0 d8 9b 88 51 40 12 1f 90 84 00 00 00 02 09 6f c0 00 03 4a 74 1c f4 00 82 a7 53 fd fd c8 04 04 80",""
977,5997,"PACKET","OUT",203,32,"AimSync","id=203 bytes=32","cb 04 b2 75 42 bf 4f 45 d7 3e 2e 0e fe be 22 2e 9a c3 2e f7 26 45 3b c1 81 42 00 00 00 00 3f c6",""
978,6017,"PACKET","IN",207,45,"PlayerSync","id=207 bytes=45","cf 46 00 f8 ff f4 3f c2 01 32 25 60 b0 f2 5b 88 51 40 12 1f 90 84 00 00 00 02 81 33 c0 00 01 52 80 4c f6 20 a9 23 7f fd fd c8 04 04 80",""
979,6018,"PACKET","IN",207,45,"PlayerSync","id=207 bytes=45","cf 70 00 84 00 60 7f c2 00 3e dc a4 70 fd 9c 49 91 7f 2e 5e 90 80 00 00 00 00 df 03 00 00 00 76 67 e4 f7 73 fb f5 bb fd fd 00 00 00 80",""
980,6018,"PACKET","IN",207,45,"PlayerSync","id=207 bytes=45","cf 70 00 83 80 60 7f c2 00 31 19 64 70 f0 1c 49 91 64 ae 5e 90 80 00 00 00 02 ee ff 00 00 03 23 27 f0 f7 cf fa ad bf fd fd 00 00 00 80",""
981,6051,"PACKET","IN",207,35,"PlayerSync","id=207 bytes=35","cf 1a 00 00 00 33 5a 2a b0 f5 86 c9 d1 5e 8c 5f 90 80 00 00 00 03 97 ed 80 00 00 00 00 00 01 a5 04 08 80",""
982,6051,"PACKET","IN",207,45,"PlayerSync","id=207 bytes=45","cf 46 00 f9 ff f3 ff c2 01 25 66 20 b0 d2 9b c8 51 40 12 1f 90 84 00 00 00 03 84 f3 c0 00 00 4b 48 80 f7 88 d8 3f a7 fd fd c8 04 04 80",""
983,6051,"PACKET","IN",207,45,"PlayerSync","id=207 bytes=45","cf 70 00 82 80 60 7f c2 00 18 95 e4 70 e1 dc 49 91 47 ae 5e 90 80 00 00 00 02 4a fb 00 00 03 27 fc 00 f8 2b fd 95 c3 fd fd 00 00 00 80",""
984,6051,"PACKET","IN",207,35,"PlayerSync","id=207 bytes=35","cf 92 00 00 00 22 0a a3 30 e7 59 49 91 6d 9f 1e 90 84 00 00 00 02 9b 21 c0 00 00 00 00 00 01 a5 04 04 80",""
985,6051,"PACKET","IN",207,45,"PlayerSync","id=207 bytes=45","cf 70 00 81 80 60 7f c2 00 06 52 a4 70 d6 5c 49 91 6c 2e 1e 90 80 00 00 00 01 a2 f7 00 00 02 db fc 00 f8 f7 fc 81 cb fd fd 00 00 00 80",""
986,6072,"PACKET","IN",207,45,"PlayerSync","id=207 bytes=45","cf 70 00 81 00 60 7f c2 00 3a 4f 24 70 cc 5c 49 91 50 2e 1e 90 80 00 00 00 03 92 f3 00 00 02 bf fc 00 f9 af ff 69 cf fd fd 00 00 00 80",""
987,6095,"RPC","IN",105,19,"TextDrawSetString","id=105 bytes=19","2f 01 0f 00 30 39 20 41 67 75 73 74 75 73 20 32 30 32 36",""
988,6095,"RPC","IN",105,12,"TextDrawSetString","id=105 bytes=12","30 01 08 00 31 32 3a 30 31 3a 35 32",""
989,6095,"PACKET","IN",207,43,"PlayerSync","id=207 bytes=43","cf 70 00 60 3f c2 00 37 4b e4 70 c3 1c 49 91 74 2d de 90 80 00 00 00 02 b2 ef 00 00 00 ed 93 fc f5 f7 fe 79 d3 fd fd 00 00 00 80",""
990,6117,"PACKET","IN",207,35,"PlayerSync","id=207 bytes=35","cf 29 00 00 00 28 26 a8 30 d1 15 49 d1 7b 67 1f 10 84 00 00 00 03 a9 ff c0 00 00 00 00 00 01 a5 04 e8 80",""
991,6117,"PACKET","IN",207,43,"PlayerSync","id=207 bytes=43","cf 70 00 60 7f c2 00 0b 88 a4 70 fa dc 09 91 56 2d de 90 80 00 00 00 03 36 ef 00 00 01 a7 ff ec f6 8b fd a5 db fd fd 00 00 00 80",""
992,6118,"PACKET","OUT",205,9,"UNKNOWN_PACKET","id=205 bytes=9","cd b8 4a 04 00 00 00 00 00",""
993,6145,"PACKET","IN",207,35,"PlayerSync","id=207 bytes=35","cf 63 00 00 00 35 23 63 70 dd 23 09 91 54 21 9e 90 80 00 00 00 02 22 63 80 00 00 00 00 00 01 28 00 04 11",""
994,6145,"PACKET","IN",207,45,"PlayerSync","id=207 bytes=45","cf 70 00 ff 7f e0 7f c2 00 3d 05 24 70 f2 dc 09 91 78 ed 9e 90 80 00 00 00 02 2e eb 00 00 03 a7 9f dc f6 7f fc e1 db fd fd 00 00 00 80",""
995,6145,"PACKET","IN",207,45,"PlayerSync","id=207 bytes=45","cf 46 00 81 00 72 3f c2 01 0c e7 a0 b0 e0 1c c8 51 40 12 1f 90 80 00 00 00 03 cc 6f c0 00 01 a7 31 d4 f5 a2 31 93 ff fd fd c8 04 04 80",""
996,6145,"PACKET","IN",207,45,"PlayerSync","id=207 bytes=45","cf 70 00 fe ff e0 7f c2 00 1a 02 24 70 ec 9c 09 91 5c ad 9e 90 80 00 00 00 03 ce e7 00 00 00 36 67 cc f6 ff fc 3d e3 fd fd 00 00 00 80",""
997,6164,"PACKET","IN",207,45,"PlayerSync","id=207 bytes=45","cf 46 00 82 80 72 3f c2 01 05 a7 20 b0 ec 1d 08 51 40 12 1f 90 80 00 00 00 02 98 bb c0 00 00 24 52 28 f7 22 6f c7 f3 fd fd c8 04 04 80",""
998,6186,"PACKET","IN",207,45,"PlayerSync","id=207 bytes=45","cf 46 00 85 00 72 3f c2 01 35 a6 20 b0 ef dd 48 51 40 12 1f 90 80 00 00 00 03 d4 f7 c0 00 02 08 7e 6c f7 7a b5 fb df fd fd c8 04 04 80",""
999,6187,"PACKET","IN",207,35,"PlayerSync","id=207 bytes=35","cf 51 00 00 00 1b 0a e3 30 cf a8 49 91 58 dd 9e 90 84 00 00 00 01 37 17 c0 00 00 00 00 00 01 28 00 04 11",""
1000,6187,"PACKET","IN",203,34,"AimSync","id=203 bytes=34","cb 51 00 04 6e 3d 74 bf 47 ec 2d be d0 bc 7c be 5a 7c 8b c3 24 a5 26 45 11 47 7e 42 00 00 00 00 3f 55",""
1001,6187,"PACKET","IN",207,35,"PlayerSync","id=207 bytes=35","cf 5b 00 00 00 0e fc 66 b0 e8 7d 89 91 7b 67 1f 10 84 00 00 00 01 0a e2 00 00 00 00 00 00 01 28 00 04 11",""
1002,6214,"PACKET","IN",207,45,"PlayerSync","id=207 bytes=45","cf 70 00 fe ff e0 7f c2 00 0c f5 a4 30 d5 dc 09 91 6a 2d 1e 90 80 00 00 00 00 82 eb 00 00 03 d2 63 9c f7 27 fe c9 e3 fd fd 00 00 00 80",""
1003,6215,"PACKET","IN",207,35,"PlayerSync","id=207 bytes=35","cf 4d 00 00 00 02 00 23 30 e6 e4 09 91 70 1e 9e 90 84 00 00 00 03 da d0 80 00 00 00 00 00 01 28 00 04 11",""
1004,6234,"PACKET","OUT",203,32,"AimSync","id=203 bytes=32","cb 00 00 00 39 05 00 00 00 00 00 00 00 00 00 00 00 40 01 00 00 00 80 3f 00 00 f3 04 b5 3f 39 05",""
1005,6242,"PACKET","IN",207,45,"PlayerSync","id=207 bytes=45","cf 46 00 8c 00 72 7f c2 01 03 61 a0 b0 c4 1e 48 51 40 12 1f 90 80 00 00 00 03 75 ab c0 00 02 26 a6 f0 f5 13 5e 8b 77 fd fd df 04 02 80",""
1006,6243,"PACKET","IN",207,35,"PlayerSync","id=207 bytes=35","cf 55 00 00 00 3e e0 24 70 de 62 c9 91 5c e2 9f 90 84 00 00 00 02 61 2b c0 00 00 00 00 00 01 a8 04 04 18",""
1007,6243,"PACKET","IN",207,35,"PlayerSync","id=207 bytes=35","cf 60 00 00 00 01 5b 23 b0 d7 8c c9 91 41 6c 5e 90 84 00 00 00 03 e6 19 c0 00 00 00 00 00 01 fb 04 04 80",""
1008,6271,"PACKET","IN",207,45,"PlayerSync","id=207 bytes=45","cf 46 00 8f 80 72 ff c2 01 0e 5f a0 b0 f9 de 48 51 40 12 1f 90 80 00 00 00 00 0d e3 c0 00 02 d2 32 f0 f4 6f 85 8b 4f fd fd e9 04 02 80",""
1009,6289,"PACKET","IN",207,45,"PlayerSync","id=207 bytes=45","cf 46 00 92 80 73 7f c2 00 37 9d 60 b0 e7 1e 88 51 40 12 1f 90 80 00 00 00 03 4a 13 c0 00 01 62 5e dc f4 07 aa ef 1f fd fd e9 04 02 80",""
1010,6311,"PACKET","IN",207,45,"PlayerSync","id=207 bytes=45","cf 46 00 97 80 74 3f c2 00 28 18 e0 b0 e8 9e c8 51 40 12 1f 90 80 00 00 00 03 8e 73 c0 00 01 1b 82 dc f6 0f df 42 b7 fd fd e9 04 02 80",""
1011,6311,"PACKET","IN",207,45,"PlayerSync","id=207 bytes=45","cf 70 00 fe ff e0 7f c2 00 25 a7 24 30 fb 9b c9 91 67 2c 9e 90 80 00 00 00 00 1e eb 00 00 01 26 cf ac f7 2b fe f5 e3 fd fd 00 00 00 80",""
1012,6312,"PACKET","IN",207,35,"PlayerSync","id=207 bytes=35","cf 7c 00 00 00 35 a2 e2 70 da 28 89 91 5f 9d de 90 80 00 00 00 01 98 6a 40 00 00 00 00 00 01 28 00 04 11",""
1013,6312,"PACKET","IN",207,35,"PlayerSync","id=207 bytes=35","cf 38 00 00 00 0d 93 2a b0 c0 dd 49 d1 4e d5 5f 50 80 00 00 00 00 60 0b 7c 00 00 00 00 00 01 a2 04 04 80",""
1014,6312,"PACKET","IN",203,34,"AimSync","id=203 bytes=34","cb 38 00 04 be fe 67 bc a2 4c 5d bf 0c a5 00 bf 1f 45 aa c3 1c ab 27 45 30 cc 83 42 00 00 00 00 3f c6",""
1015,6312,"PACKET","IN",207,35,"PlayerSync","id=207 bytes=35","cf 54 00 00 00 05 77 63 70 c5 21 c9 91 65 24 1e 90 80 00 00 00 00 12 8e c0 00 00 00 00 00 01 28 00 04 11",""
1016,6330,"PACKET","IN",207,45,"PlayerSync","id=207 bytes=45","cf 46 00 98 00 74 3f c2 00 30 56 60 b0 fc de c8 51 40 12 1f 90 80 00 00 00 02 72 7f c0 00 01 b7 a6 e4 f7 e3 ef 62 7f fd fd e9 04 02 80",""
1017,6330,"PACKET","IN",203,34,"AimSync","id=203 bytes=34","cb 46 00 04 bd c4 0a 3f d3 20 55 3f 92 03 ea bd 81 c6 83 c3 25 38 21 45 f8 82 81 42 00 00 00 00 23 37",""
1018,6351,"PACKET","IN",207,45,"PlayerSync","id=207 bytes=45","cf 46 00 98 80 74 3f c2 00 27 d3 e0 b0 cf 5f 08 51 40 12 1f 90 80 00 00 00 00 e2 87 c0 00 01 6f b6 f0 f7 27 f1 ea 73 fd fd e9 04 02 80",""
1019,6351,"PACKET","IN",207,45,"PlayerSync","id=207 bytes=45","cf 46 00 98 80 74 3f c2 00 04 91 60 b0 e1 1f 08 51 40 12 1f 90 80 00 00 00 03 f2 8b c0 00 02 fb 76 fc f4 ef f5 da 6b fd fd e9 04 02 80",""
1020,6352,"PACKET","IN",207,45,"PlayerSync","id=207 bytes=45","cf 70 00 fe 7f e0 7f c2 00 34 19 e4 30 e4 5b c9 91 6e ac 1e 90 80 00 00 00 00 86 e7 00 00 03 5d 5b f0 f7 37 ff f1 e3 fd fd 00 00 00 80",""
1021,6378,"PACKET","IN",207,45,"PlayerSync","id=207 bytes=45","cf 46 00 98 80 74 3f c2 00 3d 4e a0 b0 f0 9f 08 51 40 12 1f 90 80 00 00 00 03 a2 8f c0 00 02 1b d3 04 f6 bb f4 e6 63 fd fd e9 04 02 80",""
1022,6398,"PACKET","IN",207,35,"PlayerSync","id=207 bytes=35","cf 02 00 00 00 2d a2 e3 70 ee 9a 89 91 77 a3 1e 90 80 00 00 00 00 8a aa c0 00 00 00 00 00 01 28 00 04 11",""
1023,6399,"PACKET","IN",207,35,"PlayerSync","id=207 bytes=35","cf 3d 00 00 00 32 67 a8 30 d0 79 49 91 7b 67 1f 10 84 00 00 00 00 e6 f1 c0 00 00 00 00 00 01 28 00 04 11",""
1024,6399,"PACKET","IN",207,45,"PlayerSync","id=207 bytes=45","cf 46 00 98 80 74 3f c2 00 31 cc 20 b0 ff 9f 08 51 40 12 1f 90 80 00 00 00 03 d2 93 c0 00 01 a8 47 0c f7 9f f4 32 5f fd fd e9 04 02 80",""
1025,6399,"PACKET","IN",207,45,"PlayerSync","id=207 bytes=45","cf 70 00 fd ff e0 7f c2 00 1a d2 64 30 d9 5b c9 91 68 2b de 90 80 00 00 00 01 0a e3 00 00 01 7a cb ec f7 77 fc fd eb fd fd 00 00 00 80",""
1026,6424,"PACKET","IN",207,45,"PlayerSync","id=207 bytes=45","cf 46 00 98 80 73 ff c2 00 2f 06 a0 b0 dc df 48 51 40 12 1f 90 80 00 00 00 01 72 9b c0 00 01 00 a3 10 f5 93 f8 d2 53 fd fd e9 04 02 80",""
1027,6444,"PACKET","IN",207,45,"PlayerSync","id=207 bytes=45","cf 70 00 fd 7f e0 7f c2 00 2d ca a4 30 d0 9b c9 91 5f ab 9e 90 80 00 00 00 01 76 df 00 00 03 11 97 c8 f7 ab fd f9 ef fd fd 00 00 00 80",""
1028,6445,"PACKET","IN",203,34,"AimSync","id=203 bytes=34","cb 70 00 04 2d 60 7e 3f a1 88 95 bd 05 34 af bd 3b f7 91 c3 63 73 26 45 fd 47 7e 42 00 00 00 00 3f c6",""
1029,6445,"PACKET","IN",207,45,"PlayerSync","id=207 bytes=45","cf 46 00 98 80 73 ff c2 00 00 44 20 b0 ea 5f 48 51 40 12 1f 90 80 00 00 00 02 f6 9f c0 00 02 24 9b 1c f5 c7 fb 86 4f fd fd e9 04 02 80",""
1030,6466,"PACKET","IN",207,45,"PlayerSync","id=207 bytes=45","cf 70 00 fc ff e0 7f c2 00 01 47 24 30 cd 9b c9 91 7c ab 5e 90 80 00 00 00 02 42 db 00 00 00 09 5f c0 f7 cf fe 9d f3 fd fd 00 00 00 80",""
1031,6466,"PACKET","IN",207,35,"PlayerSync","id=207 bytes=35","cf 7e 00 00 00 13 27 28 30 cd 86 09 d1 7b 67 1f 10 84 00 00 00 01 42 b3 94 00 00 00 00 00 01 28 00 04 11",""
1032,6467,"PACKET","IN",207,45,"PlayerSync","id=207 bytes=45","cf 46 00 98 80 73 ff c2 00 1d c0 e0 b0 f8 9f 48 51 40 12 1f 90 80 00 00 00 00 b6 a7 c0 00 00 b4 ab 18 f6 db f8 56 4b fd fd e9 04 02 80",""
1033,6467,"PACKET","IN",207,45,"PlayerSync","id=207 bytes=45","cf 70 00 fb 7f e0 7f c2 00 3d c3 e4 30 cb db c9 91 5f 2b 5e 90 80 00 00 00 01 4e d3 00 00 01 73 ff a4 f7 eb ff 31 f7 fd fd 00 00 00 80",""
1034,6493,"RPC","IN",87,2,"ClearPlayerAnimation","id=87 bytes=2","51 00",""
1035,6493,"RPC","IN",86,29,"ApplyPlayerAnimation","id=86 bytes=29","51 00 05 43 41 52 52 59 0b 63 72 72 79 5f 70 72 74 69 61 6c 33 33 83 40 00 00 00 00 00",""
1036,6494,"PACKET","IN",207,45,"PlayerSync","id=207 bytes=45","cf 46 00 98 80 73 bf c2 00 2e 3e 20 70 c3 9f 88 51 40 12 1f 90 80 00 00 00 02 fe a7 c0 00 02 2f 3f 28 f7 df f8 c6 43 fd fd e9 04 02 80",""
1037,6515,"PACKET","IN",207,45,"PlayerSync","id=207 bytes=45","cf 46 00 98 80 73 bf c2 00 31 ba e0 70 d0 1f 88 51 40 12 1f 90 80 00 00 00 01 3a af c0 00 03 88 03 3c f4 3f fd c2 3f fd fd e9 04 02 80",""
1038,6516,"PACKET","IN",207,45,"PlayerSync","id=207 bytes=45","cf 70 00 fa 7f e0 7f c2 00 01 81 24 30 cc 9b c9 91 41 2b 5e 90 80 00 00 00 03 2e cb 00 00 00 f2 eb 98 f7 fb ff e2 03 fd fd 00 00 00 80",""
1039,6516,"PACKET","IN",207,45,"PlayerSync","id=207 bytes=45","cf 70 00 f8 ff e0 7f c2 00 06 bb 63 f0 d2 9b c9 91 44 ab 1e 90 80 00 00 00 01 96 c3 00 00 01 ba 6f 78 f7 8f fd 1a 17 fd fd 00 00 00 80",""
1040,6516,"PACKET","IN",207,35,"PlayerSync","id=207 bytes=35","cf 97 00 00 00 3d e7 a8 30 e4 09 c9 d1 7b 67 1f 10 84 00 00 00 00 0f 03 e8 00 00 00 00 00 01 28 00 04 11",""
1041,6542,"PACKET","IN",207,35,"PlayerSync","id=207 bytes=35","cf 1f 00 00 00 26 a3 e3 70 c2 1d 89 91 42 a3 5e 90 80 00 00 00 02 c2 27 00 00 00 00 00 00 01 28 00 04 11",""
1042,6543,"PACKET","IN",207,45,"PlayerSync","id=207 bytes=45","cf 46 00 98 80 73 bf c2 00 3f b7 a0 70 da df 88 51 40 12 1f 90 80 00 00 00 03 be b3 c0 00 02 0b 57 5c f5 2f fd 72 37 fd fd e9 04 02 80",""
1043,6543,"PACKET","IN",207,35,"PlayerSync","id=207 bytes=35","cf 53 00 00 00 29 67 a8 30 de 18 09 d1 7a e7 1f 10 84 00 00 00 02 ba 42 c0 00 00 00 00 00 01 a5 04 04 80",""
1044,6543,"PACKET","IN",203,34,"AimSync","id=203 bytes=34","cb 53 00 04 11 68 75 bf b5 ad 88 3e 18 9b ca bd e7 f5 9e c3 af 51 27 45 00 31 80 42 00 00 00 00 3f 37",""
1045,6543,"PACKET","IN",207,35,"PlayerSync","id=207 bytes=35","cf 85 00 00 00 0b e5 a5 b0 ce 81 09 d1 6c 24 9f 10 80 00 00 00 02 bb 51 80 00 00 00 00 00 01 28 00 04 11",""
1046,6543,"PACKET","IN",207,45,"PlayerSync","id=207 bytes=45","cf 46 00 98 80 73 7f c2 00 10 34 60 70 e4 9f 88 51 40 12 1f 90 80 00 00 00 02 b2 b7 c0 00 01 04 b7 6c f6 07 fc b2 2f fd fd e9 04 02 80",""
1047,6543,"PACKET","IN",207,45,"PlayerSync","id=207 bytes=45","cf 70 00 f7 7f e0 bf c2 00 1f f8 63 f0 d7 5b c9 91 65 6a de 90 80 00 00 00 03 ea b7 00 00 02 99 97 80 f7 57 fd ca 1b fd fd 00 00 00 80",""
1048,6544,"RPC","IN",87,2,"ClearPlayerAnimation","id=87 bytes=2","3d 00",""
1049,6544,"RPC","IN",86,29,"ApplyPlayerAnimation","id=86 bytes=29","3d 00 05 43 41 52 52 59 0b 63 72 72 79 5f 70 72 74 69 61 6c 33 33 83 40 00 00 00 00 00",""
1050,6544,"RPC","IN",16,16,"PlaySound","id=16 bytes=16","92 7e 00 00 00 00 00 00 00 00 00 00 00 00 00 00",""
1051,6544,"RPC","IN",134,80,"ShowTextDraw","id=134 bytes=80","2c 08 11 9a 99 19 3f 00 00 00 40 1a ff 00 aa db b6 91 42 00 00 a0 41 00 00 00 32 00 01 00 00 00 ff 04 00 00 00 59 43 00 00 b8 43 00 00 00 00 00 00 00 00 00 00 00 00 00 00 00 00 80 3f ff ff ff ff 0d 00 6c 64 5f 64 75 61 6c 3a 77 68 69 74 65",""
1052,6544,"PACKET","OUT",207,69,"PlayerSync","id=207 bytes=69","cf 00 00 00 00 00 00 67 0a 9b c3 6b 06 27 45 ed 9c 7c 42 11 b2 39 3f 00 00 00 80 00 00 00 00 14 38 30 bf 64 00 04 00 00 00 00 00 00 00 00 00 00 00 00 00 00 00 00 00 00 00 00 00 00 00 00 00 00 00 28 00 04 11",""
1053,6562,"PACKET","IN",207,45,"PlayerSync","id=207 bytes=45","cf 46 00 98 00 73 7f c2 00 21 f1 20 70 ec 9f 88 51 40 12 1f 90 80 00 00 00 01 9e bf c0 00 01 09 37 78 f6 5f fc ae 2b fd fd e9 04 02 80",""
1054,6562,"PACKET","IN",207,35,"PlayerSync","id=207 bytes=35","cf 51 00 00 00 1b 0a e3 30 cf a8 49 91 58 dd 9e 90 84 00 00 00 01 37 17 c0 00 00 00 00 00 01 a5 04 e8 80",""
1055,6563,"PACKET","IN",207,45,"PlayerSync","id=207 bytes=45","cf 70 00 f6 7f e0 bf c2 00 03 b5 63 f0 de db c9 91 42 aa de 90 80 00 00 00 01 5e b3 00 00 01 98 8b 8c f6 7f ff 0a 27 fd fd 00 00 00 80",""
1056,6563,"RPC","IN",105,7,"TextDrawSetString","id=105 bytes=7","26 08 03 00 31 30 30",""
1057,6563,"RPC","IN",105,5,"TextDrawSetString","id=105 bytes=5","27 08 01 00 30",""
1058,6563,"RPC","IN",105,6,"TextDrawSetString","id=105 bytes=6","28 08 02 00 34 38",""
1059,6563,"RPC","IN",105,5,"TextDrawSetString","id=105 bytes=5","29 08 01 00 37",""
1060,6563,"RPC","IN",105,7,"TextDrawSetString","id=105 bytes=7","2a 08 03 00 31 30 30",""
1061,6563,"PACKET","IN",207,35,"PlayerSync","id=207 bytes=35","cf 1c 00 00 00 2d 1d 28 30 f6 cc c9 d1 7b 67 1f 10 84 00 00 00 00 65 93 00 00 00 00 00 00 01 28 00 04 11",""
1062,6564,"PACKET","IN",207,35,"PlayerSync","id=207 bytes=35","cf 76 00 00 00 0e 87 a2 f0 c1 28 c9 91 5a 1c 1e 90 84 00 00 00 03 6c 9f 40 00 00 00 00 00 01 28 00 04 11",""
1063,6583,"PACKET","IN",207,35,"PlayerSync","id=207 bytes=35","cf 2d 00 00 00 3c 58 68 30 c1 50 49 d1 7b 67 1f 10 84 00 00 00 02 aa b3 c0 00 00 00 00 00 01 28 00 04 11",""
1064,6584,"PACKET","IN",207,45,"PlayerSync","id=207 bytes=45","cf 46 00 98 00 73 3f c2 00 07 2e 20 70 f2 9f 88 51 40 12 1f 90 80 00 00 00 01 22 bf c0 00 03 de 83 70 f7 07 ff 42 1f fd fd e9 04 02 80",""
1065,6584,"PACKET","IN",207,45,"PlayerSync","id=207 bytes=45","cf 70 00 f5 ff e0 bf c2 00 06 72 63 f0 e7 db c9 91 60 2a 9e 90 80 00 00 00 01 96 af 00 00 00 63 ff a4 f5 bf ff e2 2f fd fd 00 00 00 80",""
1066,6611,"RPC","IN",164,63,"WorldVehicleAdd","id=164 bytes=63","30 00 c7 01 00 00 0a a7 ac c3 29 3c 27 45 07 7f 85 42 00 c0 46 43 4f 4f c9 44 ab 44 00 00 00 00 00 00 00 00 00 00 00 00 00 00 00 00 00 0b 00 1a 00 00 00 00 00 00 00 ff ff ff ff ff ff ff ff",""
1067,6612,"RPC","IN",123,4,"SetVehicleNumberPlate","id=123 bytes=4","30 00 01 2d",""
1068,6613,"RPC","IN",24,18,"SetVehicleParamsEx","id=24 bytes=18","30 00 00 ff ff 00 ff ff ff ff ff ff ff ff ff ff ff ff",""
1069,6613,"PACKET","IN",207,45,"PlayerSync","id=207 bytes=45","cf 70 00 f5 7f e0 ff c2 00 35 6f 23 f0 f2 1b c9 91 7c aa 5e 90 80 00 00 00 01 3a ab 00 00 00 81 8f b8 f5 3f fc f6 37 fd fd 00 00 00 80",""
1070,6613,"RPC","IN",99,42,"MoveObject","id=99 bytes=42","a0 00 f8 e3 a1 c3 d7 9b 26 45 53 c5 7d 42 f8 e3 a1 c3 d7 9b 26 45 ed 5e 7b 42 00 00 80 3e 00 00 00 00 00 00 00 00 08 cc 84 43",""
1071,6613,"RPC","IN",122,2,"StopObject","id=122 bytes=2","a0 00",""
1072,6613,"RPC","IN",99,42,"MoveObject","id=99 bytes=42","a0 00 f8 e3 a1 c3 d7 9b 26 45 53 c5 7d 42 f8 e3 a1 c3 d7 9b 26 45 53 c5 7d 42 00 00 80 3e 00 00 00 00 00 00 00 00 08 cc 84 43",""
1073,6613,"RPC","IN",122,2,"StopObject","id=122 bytes=2","a0 00",""
1074,6613,"RPC","IN",99,42,"MoveObject","id=99 bytes=42","a0 00 f8 e3 a1 c3 d7 9b 26 45 53 c5 7d 42 f8 e3 a1 c3 d7 9b 26 45 ed 5e 7b 42 00 00 80 3e 00 00 00 00 00 00 00 00 08 cc 84 43",""
1075,6614,"RPC","IN",122,2,"StopObject","id=122 bytes=2","a0 00",""
1076,6614,"RPC","IN",99,42,"MoveObject","id=99 bytes=42","a0 00 f8 e3 a1 c3 d7 9b 26 45 53 c5 7d 42 f8 e3 a1 c3 d7 9b 26 45 53 c5 7d 42 00 00 80 3e 00 00 00 00 00 00 00 00 08 cc 84 43",""
1077,6614,"RPC","IN",122,2,"StopObject","id=122 bytes=2","a0 00",""
1078,6614,"RPC","IN",99,42,"MoveObject","id=99 bytes=42","a0 00 f8 e3 a1 c3 d7 9b 26 45 53 c5 7d 42 f8 e3 a1 c3 d7 9b 26 45 ed 5e 7b 42 00 00 80 3e 00 00 00 00 00 00 00 00 08 cc 84 43",""
1079,6614,"RPC","IN",122,2,"StopObject","id=122 bytes=2","a0 00",""
1080,6614,"RPC","IN",99,42,"MoveObject","id=99 bytes=42","a0 00 f8 e3 a1 c3 d7 9b 26 45 53 c5 7d 42 f8 e3 a1 c3 d7 9b 26 45 53 c5 7d 42 00 00 80 3e 00 00 00 00 00 00 00 00 08 cc 84 43",""
1081,6614,"RPC","IN",122,2,"StopObject","id=122 bytes=2","a0 00",""
1082,6614,"RPC","IN",99,42,"MoveObject","id=99 bytes=42","a0 00 f8 e3 a1 c3 d7 9b 26 45 53 c5 7d 42 f8 e3 a1 c3 d7 9b 26 45 ed 5e 7b 42 00 00 80 3e 00 00 00 00 00 00 00 00 08 cc 84 43",""
1083,6614,"RPC","IN",122,2,"StopObject","id=122 bytes=2","a0 00",""
1084,6614,"RPC","IN",99,42,"MoveObject","id=99 bytes=42","a0 00 f8 e3 a1 c3 d7 9b 26 45 53 c5 7d 42 f8 e3 a1 c3 d7 9b 26 45 53 c5 7d 42 00 00 80 3e 00 00 00 00 00 00 00 00 08 cc 84 43",""
1085,6614,"RPC","IN",122,2,"StopObject","id=122 bytes=2","a0 00",""
1086,6615,"RPC","IN",99,42,"MoveObject","id=99 bytes=42","a0 00 f8 e3 a1 c3 d7 9b 26 45 53 c5 7d 42 f8 e3 a1 c3 d7 9b 26 45 ed 5e 7b 42 00 00 80 3e 00 00 00 00 00 00 00 00 08 cc 84 43",""
1087,6615,"RPC","IN",122,2,"StopObject","id=122 bytes=2","a0 00",""
1088,6615,"RPC","IN",99,42,"MoveObject","id=99 bytes=42","a0 00 f8 e3 a1 c3 d7 9b 26 45 53 c5 7d 42 f8 e3 a1 c3 d7 9b 26 45 53 c5 7d 42 00 00 80 3e 00 00 00 00 00 00 00 00 08 cc 84 43",""
1089,6615,"PACKET","IN",207,35,"PlayerSync","id=207 bytes=35","cf 1a 00 00 00 33 5a 2a b0 f5 86 c9 d1 5e 8c 5f 90 80 00 00 00 03 97 ed 80 00 00 00 00 00 01 a5 04 08 80",""
1090,6615,"PACKET","IN",207,35,"PlayerSync","id=207 bytes=35","cf 3d 00 00 00 32 67 a8 30 d0 79 49 91 7b 67 1f 10 84 00 00 00 00 e6 f1 c0 00 00 00 00 00 01 a5 04 e8 80",""
1091,6615,"PACKET","IN",207,45,"PlayerSync","id=207 bytes=45","cf 46 00 96 80 72 7f c2 00 0c 67 20 70 c0 9f c8 51 40 12 1f 90 80 00 00 00 00 fe bf c0 00 02 77 9b 60 f6 ff ff ee 1f fd fd e9 04 02 80",""
1092,6615,"PACKET","IN",207,45,"PlayerSync","id=207 bytes=45","cf 70 00 f4 ff e0 ff c2 00 03 6b e3 f0 fe db c9 91 53 aa 5e 90 80 00 00 00 01 3a a7 00 00 02 36 63 e4 f4 9b fe ca 3b fd fd 00 00 00 80",""
1093,6643,"PACKET","IN",207,45,"PlayerSync","id=207 bytes=45","cf 70 00 f4 7f e0 ff c2 00 09 28 a3 f0 cb dc 09 91 6d 2a 1e 90 80 00 00 00 00 f6 a3 00 00 01 49 cf f0 f7 f7 f8 1a 43 fd fd 00 00 00 80",""
1094,6643,"PACKET","IN",207,45,"PlayerSync","id=207 bytes=45","cf 70 00 f3 ff e0 ff c2 00 3f 25 23 f0 da 5c 09 91 45 2a 1e 90 80 00 00 00 00 aa 9f 00 00 01 bb fc 00 fb 37 f9 b6 47 fd fd 00 00 00 80",""
1095,6643,"PACKET","IN",207,35,"PlayerSync","id=207 bytes=35","cf 92 00 00 00 22 0a a3 30 e7 59 49 91 6d 9f 1e 90 84 00 00 00 02 9b 21 c0 00 00 00 00 00 01 a5 04 04 80",""
1096,6661,"PACKET","IN",207,35,"PlayerSync","id=207 bytes=35","cf 29 00 00 00 28 26 a8 30 d1 15 49 d1 7b 67 1f 10 84 00 00 00 03 a9 ff c0 00 00 00 00 00 01 a5 04 e8 80",""
1097,6661,"PACKET","IN",207,45,"PlayerSync","id=207 bytes=45","cf 46 00 95 00 71 bf c2 00 21 20 e0 70 ce 1f c8 51 40 12 1f 90 80 00 00 00 01 22 b3 c0 00 03 d3 23 6c f6 97 fd d2 27 fd fd e9 04 02 80",""
1098,6662,"PACKET","IN",207,45,"PlayerSync","id=207 bytes=45","cf 70 00 f3 7f e0 ff c2 00 32 21 e3 f0 ea 1c 09 91 5c 29 de 90 80 00 00 00 00 3a 9b 00 00 01 cf fc 00 fa 6b fb 5a 4b fd fd 00 00 00 80",""
1099,6681,"PACKET","IN",207,45,"PlayerSync","id=207 bytes=45","cf 46 00 94 00 71 7f c2 00 32 5d e0 70 d6 df c8 51 40 12 1f 90 80 00 00 00 00 ce b3 c0 00 02 e9 0f 78 f5 b7 fc 32 33 fd fd e9 04 02 80",""
1100,6682,"PACKET","IN",207,45,"PlayerSync","id=207 bytes=45","cf 70 00 f2 ff e0 ff c2 00 2d de a3 f0 fa dc 09 91 73 69 9e 90 80 00 00 00 03 a2 93 00 00 01 7f fc 00 f9 83 f9 22 53 fd fd 00 00 00 80",""
1101,6708,"PACKET","IN",207,45,"PlayerSync","id=207 bytes=45","cf 46 00 93 00 71 3f c2 00 34 5a e0 70 e0 1f c8 51 40 12 1f 90 80 00 00 00 03 f6 ab c0 00 01 56 e3 80 f5 ab fc a6 33 fd fd e9 04 02 80",""
1102,6708,"PACKET","IN",207,35,"PlayerSync","id=207 bytes=35","cf 63 00 00 00 35 23 63 70 dd 23 09 91 54 21 9e 90 80 00 00 00 02 22 63 80 00 00 00 00 00 01 28 00 04 11",""
1103,6708,"PACKET","IN",207,45,"PlayerSync","id=207 bytes=45","cf 70 00 f1 ff e1 3f c2 00 30 5b 63 f0 cc dc 49 91 4a 29 9e 90 80 00 00 00 03 3a 8b 00 00 02 58 78 00 f8 87 fb 0e 57 fd fd 00 00 00 80",""
1104,6708,"PACKET","IN",207,35,"PlayerSync","id=207 bytes=35","cf 5b 00 00 00 0e fc 66 b0 e8 7d 89 91 7b 67 1f 10 84 00 00 00 01 0a e2 00 00 00 00 00 00 01 28 00 04 11",""
1105,6730,"PACKET","IN",207,45,"PlayerSync","id=207 bytes=45","cf 46 00 91 80 70 bf c2 00 0a d7 60 70 ec df c8 51 40 12 1f 90 80 00 00 00 00 02 a7 c0 00 01 02 fb 98 f5 03 ff 26 37 fd fd e9 04 02 80",""
1106,6730,"PACKET","IN",207,37,"PlayerSync","id=207 bytes=37","cf 85 00 c0 7f 80 00 0b e5 a5 b0 ce 81 09 d1 6c 24 9f 10 80 00 00 00 02 bb 51 80 00 00 00 00 00 01 28 00 04 11",""
1107,6751,"PACKET","IN",207,45,"PlayerSync","id=207 bytes=45","cf 46 00 90 80 70 7f c2 00 0d d4 20 70 fa 5f c8 51 40 12 1f 90 80 00 00 00 02 22 9b c0 00 01 33 37 d0 f7 bf f9 b6 43 fd fd e9 04 02 80",""
1108,6751,"PACKET","IN",207,45,"PlayerSync","id=207 bytes=45","cf 70 00 f0 ff e1 3f c2 00 06 d2 23 f0 c9 dc 89 91 4d a9 1e 90 80 00 00 00 03 4a 7f 00 00 01 4e 63 cc f4 cb f6 72 6b fd fd 00 00 00 80",""
1109,6751,"PACKET","IN",207,35,"PlayerSync","id=207 bytes=35","cf 4d 00 00 00 02 00 23 30 e6 e4 09 91 70 1e 9e 90 84 00 00 00 03 da d0 80 00 00 00 00 00 01 28 00 04 11",""
1110,6759,"PACKET","OUT",203,32,"AimSync","id=203 bytes=32","cb 00 00 00 39 05 00 00 00 00 00 00 00 00 00 00 00 40 01 00 00 00 80 3f 00 00 f3 04 b5 3f 39 05",""
1111,6777,"PACKET","IN",207,45,"PlayerSync","id=207 bytes=45","cf 70 00 f0 7f e1 7f c2 00 3a 4e e3 f0 df dc 89 91 64 a8 de 90 80 00 00 00 01 4a 7b 00 00 00 54 5f c8 f7 63 f0 de 73 fd fd 00 00 00 80",""
1112,6777,"RPC","IN",86,26,"ApplyPlayerAnimation","id=86 bytes=26","1a 00 03 70 65 64 0a 70 68 6f 6e 65 5f 74 61 6c 6b 00 00 00 40 f0 10 00 00 00",""
1113,6778,"RPC","IN",113,59,"SetPlayerAttachedObject","id=113 bytes=59","1a 00 09 00 00 00 da a4 80 00 03 00 00 00 1d 65 50 9e cc cd 22 1e c6 cc e2 1e 00 00 00 00 00 00 00 00 49 8c 99 a1 80 00 40 1f 80 00 40 1f 80 00 40 1f 80 00 00 00 00 00 00 00 00",""
1114,6778,"PACKET","IN",207,45,"PlayerSync","id=207 bytes=45","cf 70 00 ef ff e1 7f c2 00 3d 8b e3 f0 f6 dc 89 91 7b 28 9e 90 80 00 00 00 03 ee 73 00 00 01 56 63 b4 f5 a7 f0 56 7b fd fd 00 00 00 80",""
1115,6778,"PACKET","IN",207,45,"PlayerSync","id=207 bytes=45","cf 46 00 8c 00 6f bf c2 00 1a c8 e0 70 f6 a0 08 51 40 12 1f 90 80 00 00 00 02 a6 7f c0 00 02 d7 7b f0 f7 6f f5 36 5f fd fd c8 04 02 80",""
1116,6778,"PACKET","IN",207,35,"PlayerSync","id=207 bytes=35","cf 55 00 00 00 3e e0 24 70 de 62 c9 91 5c e2 9f 90 84 00 00 00 02 61 2b c0 00 00 00 00 00 01 a8 04 04 18",""
1117,6799,"PACKET","IN",207,45,"PlayerSync","id=207 bytes=45","cf 70 00 ef 7f e1 7f c2 00 0c c9 23 f0 ce dc c9 91 71 28 5e 90 80 00 00 00 02 7a 6f 00 00 01 70 cf b0 f4 03 f2 ea 7f fd fd 00 00 00 80",""
1118,6826,"PACKET","IN",207,45,"PlayerSync","id=207 bytes=45","cf 46 00 88 80 6f 7f c2 00 10 c5 a0 70 ce a0 48 51 40 12 1f 90 80 00 00 00 02 ea 73 c0 00 00 d0 cf f4 f7 37 f1 ae 73 fd fd c8 04 02 80",""
1119,6826,"PACKET","IN",207,35,"PlayerSync","id=207 bytes=35","cf 60 00 00 00 01 5b 23 b0 d7 8c c9 91 41 6c 5e 90 84 00 00 00 03 e6 19 c0 00 00 00 00 00 01 fb 04 04 80",""
1120,6826,"PACKET","IN",207,35,"PlayerSync","id=207 bytes=35","cf 1a 00 00 00 33 5a 2a b0 f5 86 c9 d1 5e 8c 5f 90 80 00 00 00 03 97 ed 80 00 00 00 00 00 01 a5 04 e8 80",""
1121,6846,"PACKET","IN",207,45,"PlayerSync","id=207 bytes=45","cf 46 00 85 00 6e 3f c2 00 12 bf 20 30 ce 60 88 51 40 12 1f 90 80 00 00 00 03 92 3f c0 00 03 37 33 e8 f5 ef e0 ce af fd fd c8 04 02 80",""
1122,6846,"PACKET","IN",207,35,"PlayerSync","id=207 bytes=35","cf 54 00 00 00 05 77 63 70 c5 21 c9 91 65 24 1e 90 80 00 00 00 00 12 8e c0 00 00 00 00 00 01 28 00 04 11",""
1123,6846,"PACKET","IN",207,35,"PlayerSync","id=207 bytes=35","cf 7c 00 00 00 35 a2 e2 70 da 28 89 91 5f 9d de 90 80 00 00 00 01 98 6a 40 00 00 00 00 00 01 28 00 04 11",""
1124,6867,"PACKET","IN",207,35,"PlayerSync","id=207 bytes=35","cf 38 00 00 00 0d 93 2a b0 c0 dd 49 d1 4e d5 5f 50 80 00 00 00 00 60 0b 7c 00 00 00 00 00 01 a2 04 04 80",""
1125,6867,"PACKET","IN",207,45,"PlayerSync","id=207 bytes=45","cf 46 00 83 80 6d ff c2 00 0d 7c 20 30 f4 a0 88 51 40 12 1f 90 80 00 00 00 01 0a 2f c0 00 00 1e 83 cc f4 0b dc 76 bf fd fd c8 04 02 80",""
1126,6867,"PACKET","IN",207,45,"PlayerSync","id=207 bytes=45","cf 46 00 82 00 6d 7f c2 00 1c 39 20 30 de a0 c8 51 40 12 1f 90 80 00 00 00 03 4a 1f c0 00 01 9d 9b c8 f7 67 d0 f6 d3 fd fd c8 04 02 80",""
1127,6868,"PACKET","IN",207,45,"PlayerSync","id=207 bytes=45","cf 70 00 ee ff e1 bf c0 00 0e fd a3 b0 f7 9d 09 91 5c e7 5e 90 80 00 00 00 00 46 63 00 00 00 ea 57 9c f6 97 ea 72 93 fd fd 00 00 00 80",""
1128,6933,"PACKET","IN",207,45,"PlayerSync","id=207 bytes=45","cf 46 00 fe 7f ec bf c2 00 21 30 a0 30 ec 21 48 51 40 12 1f 90 80 00 00 00 02 7d f7 c0 00 00 24 03 78 f5 e7 bf 96 fb fd fd c8 04 02 80",""
1129,6955,"PACKET","IN",207,35,"PlayerSync","id=207 bytes=35","cf 02 00 00 00 2d a2 e3 70 ee 9a 89 91 77 a3 1e 90 80 00 00 00 00 8a aa c0 00 00 00 00 00 01 28 00 04 11",""
1130,6955,"PACKET","IN",207,37,"PlayerSync","id=207 bytes=37","cf 1a 00 47 40 00 00 33 5a 2a b0 f5 86 c9 d1 5e 8c 5f 90 80 00 00 00 00 1b f9 80 00 00 00 00 00 01 c8 04 e8 80",""
1131,6955,"PACKET","IN",207,45,"PlayerSync","id=207 bytes=45","cf 46 00 fd 7f ec 7f c2 00 18 ae 20 30 dd 61 88 51 40 12 1f 90 80 00 00 00 02 11 ef c0 00 02 15 0f 78 f5 d3 b5 67 0b fd fd c8 04 02 80",""
1132,6956,"PACKET","IN",207,43,"PlayerSync","id=207 bytes=43","cf 1a 00 47 40 00 00 3c 59 ea b0 da 46 c9 d1 5f 8c 9f 90 80 00 00 00 01 83 fd 80 00 01 19 40 18 f5 da 7f b4 0f fd fd c8 04 e8 80",""
1133,6978,"PACKET","IN",207,45,"PlayerSync","id=207 bytes=45","cf 46 00 fb ff ec 7f c2 00 0f 2b a0 30 d0 a1 c8 51 40 12 1f 90 80 00 00 00 03 f9 df c0 00 01 a5 9b 80 f4 bf b1 9b 13 fd fd c8 04 02 80",""
1134,6979,"PACKET","IN",207,45,"PlayerSync","id=207 bytes=45","cf 70 00 ed 7f e1 bf c0 00 08 e8 63 b0 da 5e 09 91 63 a6 5e 90 80 00 00 00 02 3e 43 00 00 01 14 cb f4 f5 3f e2 b6 af fd fd 00 00 00 80",""
1135,6979,"PACKET","IN",207,43,"PlayerSync","id=207 bytes=43","cf 1a 00 47 40 00 00 1d 19 ea b0 fe 86 89 d1 6f 0c df 90 80 00 00 00 03 df fd 80 00 02 a1 10 18 f7 06 44 f0 07 fd fd c8 04 e8 80",""
1136,6979,"PACKET","IN",207,45,"PlayerSync","id=207 bytes=45","cf 46 00 fa ff ec 3f c2 00 27 e8 60 30 d4 e2 08 51 40 12 1f 90 80 00 00 00 01 19 cf c0 00 02 52 4b 8c f7 fb a7 03 1f fd fd c8 04 02 80",""
1137,6998,"PACKET","IN",207,45,"PlayerSync","id=207 bytes=45","cf 46 00 f9 ff eb bf c2 00 13 65 e0 30 d1 e2 48 51 40 12 1f 90 80 00 00 00 01 25 c3 c0 00 00 0c 03 a8 f7 b3 98 5b 33 fd fd c8 04 02 80",""
1138,6999,"PACKET","IN",207,45,"PlayerSync","id=207 bytes=45","cf 70 00 ec ff e1 ff c0 00 03 65 63 b0 ff de 09 91 40 26 5e 90 80 00 00 00 02 ee 3b 00 00 00 f6 d7 f0 f5 37 dd 76 bb fd fd 00 00 00 80",""
1139,6999,"RPC","IN",86,27,"ApplyPlayerAnimation","id=86 bytes=27","29 00 07 42 44 5f 46 49 52 45 07 77 61 73 68 5f 75 70 33 33 83 40 80 00 00 00 00",""
1140,6999,"PACKET","IN",207,41,"PlayerSync","id=207 bytes=41","cf 70 00 00 00 09 22 63 b0 e6 de 49 91 5d 26 1e 90 80 00 00 00 02 ee 3b 00 00 03 a3 2f e8 f5 f3 d9 aa c3 fd fd 00 00 00 80",""
1141,7000,"PACKET","IN",207,35,"PlayerSync","id=207 bytes=35","cf 7e 00 00 00 13 27 28 30 cd 86 09 d1 7b 67 1f 10 84 00 00 00 01 42 b3 94 00 00 00 00 00 01 28 00 04 11",""
1142,7025,"PACKET","IN",207,43,"PlayerSync","id=207 bytes=43","cf 1a 00 47 40 00 00 28 59 ea b0 c6 46 89 d1 79 0d 9f 90 84 00 00 00 03 5b f9 80 00 01 8c a4 18 f6 b9 d5 a8 03 fd fd c8 04 e8 80",""
1143,7026,"PACKET","IN",207,45,"PlayerSync","id=207 bytes=45","cf 46 00 f8 ff eb 7f c2 00 0a a3 60 30 d1 22 88 51 40 12 1f 90 80 00 00 00 00 ed b7 c0 00 02 2e 83 c4 f7 a3 92 fb 3b fd fd c8 04 02 80",""
1144,7026,"PACKET","IN",207,45,"PlayerSync","id=207 bytes=45","cf 1a 00 8a 00 47 c0 00 00 12 da 2a b0 ea c6 49 d1 70 0e 1f 90 84 00 00 00 00 7b f5 80 00 00 c4 6c 18 f7 2d 9d 3c 0b fd fd c8 04 e8 80",""
1145,7026,"PACKET","IN",207,45,"PlayerSync","id=207 bytes=45","cf 46 00 f8 7f eb 7f c2 00 34 5f e0 30 e9 22 c8 51 40 12 1f 90 80 00 00 00 02 e5 a3 c0 00 02 56 67 e4 f7 27 89 8f 47 fd fd c8 04 02 80",""
1146,7045,"PACKET","IN",207,45,"PlayerSync","id=207 bytes=45","cf 1a 00 8f 00 47 c0 00 00 15 5a 6a b0 cf c6 49 d1 72 8e 9f 90 84 00 00 00 02 8b e9 80 00 01 98 34 18 f4 a5 6a e0 17 fd fd c8 04 e8 80",""
1147,7065,"PACKET","IN",207,45,"PlayerSync","id=207 bytes=45","cf 1a 00 97 00 46 80 00 00 2e 9a aa b0 f6 06 09 d1 7d 0f 1f 90 84 00 00 00 01 af dd 80 00 03 0c 00 18 f7 e9 32 6c 2b fd fd c8 04 e8 80",""
1148,7066,"PACKET","IN",207,35,"PlayerSync","id=207 bytes=35","cf 97 00 00 00 3d e7 a8 30 e4 09 c9 d1 7b 67 1f 10 84 00 00 00 00 0f 03 e8 00 00 00 00 00 01 28 00 04 11",""
1149,7066,"PACKET","OUT",207,69,"PlayerSync","id=207 bytes=69","cf 00 00 00 00 00 00 67 0a 9b c3 6b 06 27 45 ed 9c 7c 42 11 b2 39 3f 00 00 00 80 00 00 00 00 14 38 30 bf 64 00 04 00 00 00 00 00 00 00 00 00 00 00 00 00 00 00 00 00 00 00 00 00 00 00 00 00 00 00 28 00 04 11",""
1150,7092,"PACKET","IN",207,45,"PlayerSync","id=207 bytes=45","cf 1a 00 9b 00 45 c0 00 00 1e 9b 2a b0 dd 86 09 d1 4f 4f df 90 84 00 00 00 01 cb cd 80 00 02 67 30 18 f5 f1 03 78 43 fd fd c8 04 e8 80",""
1151,7092,"PACKET","IN",207,35,"PlayerSync","id=207 bytes=35","cf 2d 00 00 00 3c 58 68 30 c1 50 49 d1 7b 67 1f 10 84 00 00 00 02 aa b3 c0 00 00 00 00 00 01 28 00 04 11",""
1152,7092,"PACKET","IN",207,35,"PlayerSync","id=207 bytes=35","cf 51 00 00 00 1b 0a e3 30 cf a8 49 91 58 dd 9e 90 84 00 00 00 01 37 17 c0 00 00 00 00 00 01 a5 04 e8 80",""
1153,7092,"PACKET","IN",207,35,"PlayerSync","id=207 bytes=35","cf 53 00 00 00 29 67 a8 30 de 18 09 d1 7a e7 1f 10 84 00 00 00 02 ba 42 c0 00 00 00 00 00 01 a5 04 04 80",""
1154,7092,"PACKET","IN",207,41,"PlayerSync","id=207 bytes=41","cf 70 00 00 00 11 0e 23 b0 ef 5f 49 91 70 65 1e 90 80 00 00 00 02 ee 3b 00 00 00 08 64 90 f9 f3 d9 aa c3 fd fd 00 00 00 80",""
1155,7112,"PACKET","IN",207,45,"PlayerSync","id=207 bytes=45","cf 1a 00 a5 00 43 80 00 00 24 5c 6a b0 eb 85 c9 d1 6f 11 1f 90 84 00 00 00 01 53 a5 80 00 02 6c e8 68 f7 6c a5 4c 87 fd fd c8 04 e8 80",""
1156,7112,"PACKET","IN",203,34,"AimSync","id=203 bytes=34","cb 1a 00 04 48 0f c8 3e d5 e5 68 bf 8d 97 0f be 29 1b ab c3 5a 4b 27 45 76 4f 81 42 00 00 00 00 3f 36",""
1157,7132,"PACKET","IN",207,45,"PlayerSync","id=207 bytes=45","cf 1a 00 a9 00 42 40 00 00 26 9d 2a b0 d6 05 c9 d1 64 11 df 90 84 00 00 00 00 c3 8d 80 00 00 c8 dc 68 f4 04 81 50 af fd fd c8 04 e8 80",""
1158,7133,"PACKET","IN",207,35,"PlayerSync","id=207 bytes=35","cf 29 00 00 00 28 26 a8 30 d1 15 49 d1 7b 67 1f 10 84 00 00 00 03 a9 ff c0 00 00 00 00 00 01 28 00 04 11",""
1159,7133,"PACKET","IN",207,35,"PlayerSync","id=207 bytes=35","cf 76 00 00 00 0e 87 a2 f0 c1 28 c9 91 5a 1c 1e 90 84 00 00 00 03 6c 9f 40 00 00 00 00 00 01 28 00 04 11",""
1160,7133,"PACKET","OUT",205,9,"UNKNOWN_PACKET","id=205 bytes=9","cd b8 4a 04 00 00 00 00 00",""
1161,7160,"RPC","IN",105,19,"TextDrawSetString","id=105 bytes=19","2f 01 0f 00 30 39 20 41 67 75 73 74 75 73 20 32 30 32 36",""
1162,7160,"RPC","IN",105,12,"TextDrawSetString","id=105 bytes=12","30 01 08 00 31 32 3a 30 31 3a 35 33",""
1163,7160,"PACKET","IN",207,45,"PlayerSync","id=207 bytes=45","cf 1a 00 aa 80 42 00 00 00 39 1d ea b0 c3 85 c9 d1 57 92 9f 90 84 00 00 00 01 a7 71 80 00 01 80 dc 68 f5 2c 5d 78 db fd fd c8 04 e8 80",""
1164,7161,"PACKET","IN",207,35,"PlayerSync","id=207 bytes=35","cf 3d 00 00 00 32 67 a8 30 d0 79 49 91 7b 67 1f 10 84 00 00 00 00 e6 f1 c0 00 00 00 00 00 01 a5 04 e8 80",""
1165,7161,"PACKET","IN",207,45,"PlayerSync","id=207 bytes=45","cf 46 00 f5 7f ea bf c2 00 32 98 20 30 d2 e3 c8 51 40 12 1f 90 80 00 00 00 00 6d 7b c0 00 03 ef fc 00 fa 13 69 fb 6b fd fd c8 04 02 80",""
1166,7161,"PACKET","IN",207,45,"PlayerSync","id=207 bytes=45","cf 1a 00 ae 00 41 40 00 00 1a 9e ea b0 f4 05 89 d1 48 53 5f 90 84 00 00 00 03 e7 51 80 00 00 88 ec 68 f7 94 3c e1 0b fd fd c8 04 e8 80",""
1167,7161,"PACKET","IN",207,45,"PlayerSync","id=207 bytes=45","cf 46 00 f1 ff e9 ff c2 00 2f cf 60 30 da 25 08 51 40 12 1f 90 80 00 00 00 00 5d 47 c0 00 02 0e 67 cc f6 8b 3b f7 93 fd fd c8 04 02 80",""
1168,7161,"PACKET","IN",207,41,"PlayerSync","id=207 bytes=41","cf 70 00 00 00 27 c2 e3 b0 e6 1f 49 91 6d a4 9e 90 80 00 00 00 02 ee 3b 00 00 02 94 c8 58 f9 f3 d9 aa c3 fd fd 00 00 00 80",""
1169,7179,"PACKET","IN",207,45,"PlayerSync","id=207 bytes=45","cf 1a 00 af 80 40 80 00 00 09 5f ea b0 e7 85 89 d1 76 13 df 90 84 00 00 00 01 ef 49 80 00 00 fd 08 68 f7 4c 27 3d 3b fd fd c8 04 e8 80",""
1170,7180,"PACKET","IN",207,45,"PlayerSync","id=207 bytes=45","cf 46 00 f0 7f e9 bf c2 00 2f 4d 60 30 ef 65 48 51 40 12 1f 90 80 00 00 00 03 79 37 c0 00 02 d2 2f c8 f7 ab 31 3b 9b fd fd c8 04 02 80",""
1171,7201,"PACKET","IN",207,45,"PlayerSync","id=207 bytes=45","cf 1a 00 b3 80 7f bf c0 00 3c 60 aa b0 dc 05 89 d1 62 d4 9f 90 84 00 00 00 03 47 51 80 00 00 c5 14 68 f4 c4 23 bd 4b fd fd c8 04 e8 80",""
1172,7201,"PACKET","IN",207,45,"PlayerSync","id=207 bytes=45","cf 46 00 f0 7f e9 bf c2 00 19 8b a0 30 c1 e5 c8 51 40 12 1f 90 80 00 00 00 00 59 27 c0 00 02 7a 67 b4 f4 b7 29 3f a3 fd fd c8 04 02 80",""
1173,7227,"PACKET","IN",207,45,"PlayerSync","id=207 bytes=45","cf 1a 00 b5 00 7f 3f c0 00 3c a1 6a b0 d2 05 89 d1 6e 95 1f 90 84 00 00 00 02 0b 55 80 00 01 f6 eb e0 f2 e0 24 49 3f fd fd c8 04 e8 80",""
1174,7227,"PACKET","IN",207,45,"PlayerSync","id=207 bytes=45","cf 46 00 ef ff e9 bf c2 00 21 c9 e0 30 d5 e6 08 51 40 12 1f 90 80 00 00 00 03 e5 1f c0 00 02 0d 03 b0 f4 2f 18 83 af fd fd c8 04 02 80",""
1175,7228,"PACKET","IN",207,45,"PlayerSync","id=207 bytes=45","cf 46 00 ef 7f e9 7f c2 00 36 88 20 30 e9 26 48 51 40 12 1f 90 80 00 00 00 00 5d 1b c0 00 02 46 67 9c f4 47 17 0b af fd fd c8 04 02 80",""
1176,7228,"RPC","IN",87,2,"ClearPlayerAnimation","id=87 bytes=2","2d 00",""
1177,7228,"RPC","IN",86,29,"ApplyPlayerAnimation","id=86 bytes=29","2d 00 05 43 41 52 52 59 0b 63 72 72 79 5f 70 72 74 69 61 6c 33 33 83 40 00 00 00 00 00",""
1178,7228,"RPC","IN",99,42,"MoveObject","id=99 bytes=42","a0 00 f8 e3 a1 c3 d7 9b 26 45 53 c5 7d 42 f8 e3 a1 c3 d7 9b 26 45 ed 5e 7b 42 00 00 80 3e 00 00 00 00 00 00 00 00 08 cc 84 43",""
1179,7228,"RPC","IN",122,2,"StopObject","id=122 bytes=2","a0 00",""
1180,7229,"RPC","IN",99,42,"MoveObject","id=99 bytes=42","a0 00 f8 e3 a1 c3 d7 9b 26 45 53 c5 7d 42 f8 e3 a1 c3 d7 9b 26 45 53 c5 7d 42 00 00 80 3e 00 00 00 00 00 00 00 00 08 cc 84 43",""
1181,7229,"RPC","IN",122,2,"StopObject","id=122 bytes=2","a0 00",""
1182,7229,"RPC","IN",99,42,"MoveObject","id=99 bytes=42","a0 00 f8 e3 a1 c3 d7 9b 26 45 53 c5 7d 42 f8 e3 a1 c3 d7 9b 26 45 ed 5e 7b 42 00 00 80 3e 00 00 00 00 00 00 00 00 08 cc 84 43",""
1183,7229,"RPC","IN",122,2,"StopObject","id=122 bytes=2","a0 00",""
1184,7229,"RPC","IN",99,42,"MoveObject","id=99 bytes=42","a0 00 f8 e3 a1 c3 d7 9b 26 45 53 c5 7d 42 f8 e3 a1 c3 d7 9b 26 45 53 c5 7d 42 00 00 80 3e 00 00 00 00 00 00 00 00 08 cc 84 43",""
1185,7229,"RPC","IN",122,2,"StopObject","id=122 bytes=2","a0 00",""
1186,7229,"RPC","IN",99,42,"MoveObject","id=99 bytes=42","a0 00 f8 e3 a1 c3 d7 9b 26 45 53 c5 7d 42 f8 e3 a1 c3 d7 9b 26 45 ed 5e 7b 42 00 00 80 3e 00 00 00 00 00 00 00 00 08 cc 84 43",""
1187,7229,"RPC","IN",122,2,"StopObject","id=122 bytes=2","a0 00",""
1188,7229,"RPC","IN",99,42,"MoveObject","id=99 bytes=42","a0 00 f8 e3 a1 c3 d7 9b 26 45 53 c5 7d 42 f8 e3 a1 c3 d7 9b 26 45 53 c5 7d 42 00 00 80 3e 00 00 00 00 00 00 00 00 08 cc 84 43",""
1189,7229,"RPC","IN",122,2,"StopObject","id=122 bytes=2","a0 00",""
1190,7229,"RPC","IN",99,42,"MoveObject","id=99 bytes=42","a0 00 f8 e3 a1 c3 d7 9b 26 45 53 c5 7d 42 f8 e3 a1 c3 d7 9b 26 45 ed 5e 7b 42 00 00 80 3e 00 00 00 00 00 00 00 00 08 cc 84 43",""
1191,7229,"RPC","IN",122,2,"StopObject","id=122 bytes=2","a0 00",""
1192,7229,"RPC","IN",99,42,"MoveObject","id=99 bytes=42","a0 00 f8 e3 a1 c3 d7 9b 26 45 53 c5 7d 42 f8 e3 a1 c3 d7 9b 26 45 53 c5 7d 42 00 00 80 3e 00 00 00 00 00 00 00 00 08 cc 84 43",""
1193,7230,"RPC","IN",122,2,"StopObject","id=122 bytes=2","a0 00",""
1194,7230,"RPC","IN",99,42,"MoveObject","id=99 bytes=42","a0 00 f8 e3 a1 c3 d7 9b 26 45 53 c5 7d 42 f8 e3 a1 c3 d7 9b 26 45 ed 5e 7b 42 00 00 80 3e 00 00 00 00 00 00 00 00 08 cc 84 43",""
1195,7230,"RPC","IN",122,2,"StopObject","id=122 bytes=2","a0 00",""
1196,7230,"RPC","IN",99,42,"MoveObject","id=99 bytes=42","a0 00 f8 e3 a1 c3 d7 9b 26 45 53 c5 7d 42 f8 e3 a1 c3 d7 9b 26 45 53 c5 7d 42 00 00 80 3e 00 00 00 00 00 00 00 00 08 cc 84 43",""
1197,7230,"PACKET","IN",207,45,"PlayerSync","id=207 bytes=45","cf 1a 00 b7 80 7e 3f c0 00 3c e2 2a b0 c7 c5 89 d1 7b 15 9f 90 84 00 00 00 01 2b 5d 80 00 00 fa e7 e0 f0 cc 2b b1 37 fd fd c8 04 e8 80",""
1198,7230,"PACKET","IN",207,41,"PlayerSync","id=207 bytes=41","cf 70 00 00 00 3a b9 23 70 c2 5f 09 91 7c 24 1e 90 80 00 00 00 02 ee 3b 00 00 00 e6 2a 78 f7 1b fd e5 e3 fd fd 00 00 00 80",""
1199,7249,"PACKET","IN",207,45,"PlayerSync","id=207 bytes=45","cf 46 00 ee ff e8 ff c2 00 2d 86 60 30 c5 66 c8 51 40 12 1f 90 80 00 00 00 02 9d 13 c0 00 02 86 67 9c f5 a7 0f 3b b3 fd fd c8 04 02 80",""
1200,7250,"PACKET","IN",207,35,"PlayerSync","id=207 bytes=35","cf 92 00 00 00 22 0a a3 30 e7 59 49 91 6d 9f 1e 90 84 00 00 00 02 9b 21 c0 00 00 00 00 00 01 a5 04 04 80",""
1201,7275,"RPC","IN",137,16,"ServerJoin","id=137 bytes=16","7f 00 00 00 00 00 00 08 4d 69 6b 7a 7a 7a 7a 7a",""
1202,7275,"RPC","IN",72,6,"SetPlayerColor","id=72 bytes=6","7f 00 ff 83 7f 7f",""
1203,7275,"PACKET","IN",207,45,"PlayerSync","id=207 bytes=45","cf 1a 00 b9 00 7d bf c0 00 20 e3 ea b0 f0 05 49 d1 73 16 df 90 84 00 00 00 00 7b 5d 80 00 01 8b a4 34 f5 e8 2c 11 2f fd fd c8 04 e8 80",""
1204,7276,"PACKET","IN",207,45,"PlayerSync","id=207 bytes=45","cf 46 00 ee 7f e8 ff c2 00 10 84 e0 30 da e7 08 51 40 12 1f 90 80 00 00 00 01 65 0b c0 00 02 32 67 9c f4 8f 0a 57 b7 fd fd c8 04 02 80",""
1205,7276,"PACKET","IN",207,35,"PlayerSync","id=207 bytes=35","cf 63 00 00 00 35 23 63 70 dd 23 09 91 54 21 9e 90 80 00 00 00 02 22 63 80 00 00 00 00 00 01 28 00 04 11",""
1206,7276,"PACKET","IN",207,45,"PlayerSync","id=207 bytes=45","cf 46 00 ee 7f e8 ff c2 00 04 83 60 30 f0 67 48 51 40 12 1f 90 80 00 00 00 00 29 03 c0 00 02 6e 67 9c f4 53 03 33 bb fd fd c8 04 02 80",""
1207,7276,"PACKET","IN",207,35,"PlayerSync","id=207 bytes=35","cf 4d 00 00 00 02 00 23 30 e6 e4 09 91 70 1e 9e 90 84 00 00 00 03 da d0 80 00 00 00 00 00 01 28 00 04 11",""
1208,7286,"PACKET","OUT",203,32,"AimSync","id=203 bytes=32","cb 00 00 00 39 05 00 00 00 00 00 00 00 00 00 00 00 40 01 00 00 00 80 3f 00 00 f3 04 b5 3f 39 05",""
1209,7296,"PACKET","IN",207,45,"PlayerSync","id=207 bytes=45","cf 1a 00 b9 80 7d 3f c0 00 3e a5 aa b0 d5 45 49 d1 54 98 5f 90 84 00 00 00 03 eb 59 80 00 00 f8 38 84 f5 44 2d 81 2f fd fd c8 04 e8 80",""
1210,7296,"PACKET","IN",207,45,"PlayerSync","id=207 bytes=45","cf 46 00 ee 7f e9 7f c2 00 05 c1 e0 30 c6 e7 c8 51 40 12 1f 90 80 00 00 00 03 dc f7 c0 00 02 62 67 9c f4 02 fb e7 bf fd fd c8 04 02 80",""
1211,7297,"PACKET","IN",207,35,"PlayerSync","id=207 bytes=35","cf 5b 00 00 00 0e fc 66 b0 e8 7d 89 91 7b 67 1f 10 84 00 00 00 01 0a e2 00 00 00 00 00 00 01 28 00 04 11",""
1212,7297,"PACKET","IN",207,37,"PlayerSync","id=207 bytes=37","cf 85 00 c0 7f 80 00 0b e5 a5 b0 ce 81 09 d1 6c 24 9f 10 80 00 00 00 02 bb 51 80 00 00 00 00 00 01 28 00 04 11",""
1213,7297,"PACKET","IN",203,34,"AimSync","id=203 bytes=34","cb 85 00 04 a2 5b 79 3f 65 87 3a 3d 47 01 63 be f3 0f 98 c3 05 02 27 45 6e d4 80 42 00 00 00 00 3f c6",""
1214,7316,"PACKET","IN",207,45,"PlayerSync","id=207 bytes=45","cf 1a 00 b9 80 7d 3f c0 00 02 e6 ea b0 c6 85 49 d1 56 19 1f 90 84 00 00 00 01 3f 59 80 00 03 70 58 a8 f5 1c 2d d9 2f fd fd c8 04 e8 80",""
1215,7317,"PACKET","IN",207,35,"PlayerSync","id=207 bytes=35","cf 2d 00 00 00 3c 58 68 30 c1 50 49 d1 7b 67 1f 10 84 00 00 00 02 aa b3 c0 00 00 00 00 00 01 a5 04 e8 80",""
1216,7317,"PACKET","IN",207,45,"PlayerSync","id=207 bytes=45","cf 46 00 ee 7f e9 7f c2 00 0a 7f df f0 f7 e8 08 51 40 12 1f 90 80 00 00 00 03 34 f3 c0 00 03 5f c7 bc f4 7e f3 fb c3 fd fd c8 04 02 80",""
1217,7317,"PACKET","IN",207,41,"PlayerSync","id=207 bytes=41","cf 70 00 00 00 0e 39 63 70 f7 de c9 91 7d 24 1e 90 80 00 00 00 02 ee 3b 00 00 00 fd 74 48 f6 2c db 4b a3 fd fd 00 00 00 80",""
1218,7337,"PACKET","IN",207,45,"PlayerSync","id=207 bytes=45","cf 1a 00 ba 00 7c 7f c0 00 1a e7 ea b0 f7 45 09 d1 63 99 df 90 84 00 00 00 01 5f 5d 80 00 01 d7 f8 d4 f7 20 2a 51 33 fd fd c8 04 e8 80",""
1219,7359,"PACKET","IN",207,45,"PlayerSync","id=207 bytes=45","cf 1a 00 ba 00 7b bf c0 00 03 e9 2a b0 e6 45 09 d1 41 1a df 90 84 00 00 00 01 8b 61 80 00 00 3e 91 04 f6 38 2f 69 2b fd fd c8 04 e8 80",""
1220,7359,"PACKET","IN",207,45,"PlayerSync","id=207 bytes=45","cf 46 00 ee ff e9 bf c2 00 07 bc 9f f0 dc 28 88 51 40 12 1f 90 80 00 00 00 00 64 ef c0 00 00 08 03 d8 f4 3e ee 3b c7 fd fd c8 04 02 80",""
1221,7359,"PACKET","IN",203,34,"AimSync","id=203 bytes=34","cb 46 00 04 e5 25 3d 3f 5b cf 2a 3f e2 28 c1 bd 1d 0a 82 c3 31 66 21 45 a2 65 81 42 00 00 00 00 23 37",""
1222,7359,"PACKET","IN",207,35,"PlayerSync","id=207 bytes=35","cf 55 00 00 00 3e e0 24 70 de 62 c9 91 5c e2 9f 90 84 00 00 00 02 61 2b c0 00 00 00 00 00 01 a8 04 04 18",""
1223,7359,"PACKET","IN",207,45,"PlayerSync","id=207 bytes=45","cf 1a 00 ba 00 7a ff c0 00 38 2a 2a b0 d4 05 09 d1 68 db 9f 90 84 00 00 00 01 7f 65 80 00 00 df fd 2c f5 7c 30 5d 27 fd fd c8 04 e8 80",""
1224,7360,"PACKET","IN",207,45,"PlayerSync","id=207 bytes=45","cf 46 00 ef ff e9 ff c2 00 13 f9 5f f0 c2 29 08 51 40 12 1f 90 80 00 00 00 02 40 eb c0 00 02 a8 93 ec f6 02 e5 6b cb fd fd c8 04 02 80",""
1225,7360,"PACKET","IN",207,35,"PlayerSync","id=207 bytes=35","cf 54 00 00 00 05 77 63 70 c5 21 c9 91 65 24 1e 90 80 00 00 00 00 12 8e c0 00 00 00 00 00 01 28 00 04 11",""
1226,7381,"PACKET","IN",207,45,"PlayerSync","id=207 bytes=45","cf 1a 00 ba 00 7a 3f c0 00 3d 6b 6a b0 c0 05 09 d1 5f dc 9f 90 84 00 00 00 01 43 69 80 00 02 f8 f5 60 f4 bc 35 ad 1f fd fd c8 04 e8 80",""
1227,7381,"PACKET","IN",207,45,"PlayerSync","id=207 bytes=45","cf 46 00 f1 ff e9 ff c2 00 2d f6 1f f0 e7 69 48 51 40 12 1f 90 80 00 00 00 02 e0 ef c0 00 00 bc 0f f0 f4 0a e6 67 cb fd fd c8 04 02 80",""
1228,7381,"PACKET","IN",207,35,"PlayerSync","id=207 bytes=35","cf 60 00 00 00 01 5b 23 b0 d7 8c c9 91 41 6c 5e 90 84 00 00 00 03 e6 19 c0 00 00 00 00 00 01 fb 04 04 80",""
1229,7381,"PACKET","IN",207,41,"PlayerSync","id=207 bytes=41","cf 70 00 00 00 2a 78 23 70 e2 1e c9 91 70 24 1e 90 80 00 00 00 02 ee 3b 00 00 02 0b 33 30 ee 08 26 51 3f fd fd 00 00 00 80",""
1230,7381,"PACKET","IN",207,35,"PlayerSync","id=207 bytes=35","cf 7c 00 00 00 35 a2 e2 70 da 28 89 91 5f 9d de 90 80 00 00 00 01 98 6a 40 00 00 00 00 00 01 28 00 04 11",""
1231,7403,"PACKET","IN",207,45,"PlayerSync","id=207 bytes=45","cf 46 00 f4 7f ea 3f c2 00 1d b3 1f f0 c7 a9 c8 51 40 12 1f 90 80 00 00 00 03 f0 fb c0 00 00 c8 cf f4 f4 46 e8 43 cb fd fd c8 04 02 80",""
1232,7403,"PACKET","IN",207,45,"PlayerSync","id=207 bytes=45","cf 1a 00 ba 00 78 7f c0 00 22 ac ea b0 e9 44 c9 d1 71 dd 9f 90 84 00 00 00 01 3f 75 80 00 03 a1 f5 c0 f7 f0 37 45 17 fd fd c8 04 e8 80",""
1233,7403,"PACKET","IN",207,45,"PlayerSync","id=207 bytes=45","cf 46 00 f7 ff ea 7f c2 00 29 af df f0 e6 2a 08 51 40 12 1f 90 80 00 00 00 03 29 0f c0 00 02 1c 4b f4 f4 32 f5 ff c3 fd fd c8 04 02 80",""
1234,7427,"PACKET","IN",207,35,"PlayerSync","id=207 bytes=35","cf 38 00 00 00 0d 93 2a b0 c0 dd 49 d1 4e d5 5f 50 80 00 00 00 00 60 0b 7c 00 00 00 00 00 01 a2 04 04 80",""
1235,7427,"PACKET","IN",203,34,"AimSync","id=203 bytes=34","cb 38 00 04 54 f5 9e 3c 95 ec 7b bf 30 e9 34 be fe 55 aa c3 fb b2 27 45 d8 41 81 42 00 00 00 00 3f c6",""
1236,7427,"PACKET","IN",207,45,"PlayerSync","id=207 bytes=45","cf 1a 00 b9 80 77 7f c0 00 1b 6e 6a b0 ce 84 c9 d1 5c 9e df 90 84 00 00 00 02 f3 79 80 00 00 1c 42 04 f7 0c 42 ad 03 fd fd c8 04 e8 80",""
1237,7427,"PACKET","IN",207,45,"PlayerSync","id=207 bytes=45","cf 46 00 fa ff ea bf c2 00 01 ec 9f f0 c1 ea 88 51 40 12 1f 90 80 00 00 00 02 91 2f c0 00 03 2b 33 e8 f5 7b 04 2f bb fd fd c8 04 02 80",""
1238,7449,"PACKET","IN",207,45,"PlayerSync","id=207 bytes=45","cf 1a 00 b7 80 75 3f c0 00 2a 6f ea b0 f0 84 89 d1 5e e0 1f 90 84 00 00 00 03 eb 89 80 00 02 6d aa 2c f4 d4 48 c8 fb fd fd c8 04 e8 80",""
1239,7449,"PACKET","IN",207,45,"PlayerSync","id=207 bytes=45","cf 46 00 fc ff ea ff c2 00 39 e8 9f f0 da 6a c8 51 40 12 1f 90 80 00 00 00 02 39 4b c0 00 01 af cf e4 f5 0f 22 93 a7 fd fd c8 04 02 80",""
1240,7450,"PACKET","IN",207,45,"PlayerSync","id=207 bytes=45","cf 1a 00 b6 80 74 7f c0 00 0b 71 aa b0 cc 04 89 d1 41 a1 9f 90 84 00 00 00 03 cf 8d 80 00 00 e9 56 5c f4 20 5e f8 db fd fd c8 04 e8 80",""
1241,7450,"PACKET","IN",207,41,"PlayerSync","id=207 bytes=41","cf 70 00 00 00 29 38 e3 70 d8 5e c9 91 78 a4 1e 90 80 00 00 00 02 ee 3b 00 00 02 f8 47 c4 ee 08 26 51 3f fd fd 00 00 00 80",""
1242,7450,"PACKET","IN",203,34,"AimSync","id=203 bytes=34","cb 70 00 04 e0 14 7a 3f 66 90 1f 3e 5a e0 15 be 56 87 8f c3 e3 72 26 45 f7 f5 7e 42 00 00 00 00 3f c6",""
1243,7476,"PACKET","IN",207,45,"PlayerSync","id=207 bytes=45","cf 1a 00 b5 00 72 bf c0 00 3e 73 2a b0 e4 c4 49 d1 77 a2 df 90 84 00 00 00 03 33 99 80 00 00 cf 06 7c f5 08 60 10 d7 fd fd c8 04 e8 80",""
1244,7477,"PACKET","IN",207,45,"PlayerSync","id=207 bytes=45","cf 46 00 81 00 6b bf c2 00 0a a0 9f f0 fe 2b 48 51 40 12 1f 90 80 00 00 00 01 dd 7b c0 00 00 6f af c0 f6 c7 46 27 8b fd fd c8 04 02 80",""
1245,7499,"PACKET","IN",207,45,"PlayerSync","id=207 bytes=45","cf 1a 00 b4 80 71 ff c0 00 2c 34 ea b0 f9 c4 09 d1 77 a4 5f 90 84 00 00 00 01 bf 9d 80 00 02 b9 be 90 f4 94 73 a4 bf fd fd c8 04 e8 80",""
1246,7499,"PACKET","IN",207,35,"PlayerSync","id=207 bytes=35","cf 02 00 00 00 2d a2 e3 70 ee 9a 89 91 77 a3 1e 90 80 00 00 00 00 8a aa c0 00 00 00 00 00 01 28 00 04 11",""
1247,7499,"PACKET","IN",207,45,"PlayerSync","id=207 bytes=45","cf 1a 00 b2 80 70 bf c0 00 2f f6 aa b0 cb 84 09 d1 4f 26 1f 90 84 00 00 00 01 e3 a5 80 00 01 6f c6 b4 f4 50 77 10 bb fd fd c8 04 e8 80",""
1248,7500,"PACKET","IN",207,45,"PlayerSync","id=207 bytes=45","cf 46 00 82 00 6c 3f c2 00 01 9c 5f f0 c6 eb c8 51 40 12 1f 90 80 00 00 00 00 09 8b c0 00 00 0c 03 a8 f7 2f 5c 8f 77 fd fd c8 04 02 80",""
1249,7526,"PACKET","IN",207,45,"PlayerSync","id=207 bytes=45","cf 46 00 83 80 6c 3f c2 00 28 d7 df f0 cc 6c 08 51 40 12 1f 90 80 00 00 00 00 e1 93 c0 00 02 01 17 9c f6 2b 69 e3 6b fd fd c8 04 02 80",""
1250,7526,"RPC","IN",86,27,"ApplyPlayerAnimation","id=86 bytes=27","51 00 07 42 44 5f 46 49 52 45 07 77 61 73 68 5f 75 70 33 33 83 40 80 00 00 00 00",""
1251,7527,"PACKET","IN",207,45,"PlayerSync","id=207 bytes=45","cf 1a 00 b1 80 6f bf c0 00 25 f8 6a b0 db 03 c9 d1 67 27 9f 90 84 00 00 00 02 5b a9 80 00 02 73 8e b8 f4 f0 80 44 af fd fd c8 04 e8 80",""
1252,7527,"PACKET","IN",207,45,"PlayerSync","id=207 bytes=45","cf 46 00 84 00 6c 3f c2 00 23 13 9f f0 ce 2c 48 51 40 12 1f 90 80 00 00 00 03 fd 9f c0 00 03 e7 ff 74 f4 e3 73 0b 63 fd fd c8 04 02 80",""
1253,7527,"PACKET","IN",207,41,"PlayerSync","id=207 bytes=41","cf 70 00 00 00 2c b9 a3 70 ce 5e c9 91 41 a4 5e 90 80 00 00 00 02 ee 3b 00 00 01 9c cf cc ee 08 26 51 3f fd fd 00 00 00 80",""
1254,7527,"RPC","IN",87,2,"ClearPlayerAnimation","id=87 bytes=2","0b 00",""
1255,7528,"RPC","IN",86,29,"ApplyPlayerAnimation","id=86 bytes=29","0b 00 05 43 41 52 52 59 0b 63 72 72 79 5f 70 72 74 69 61 6c 33 33 83 40 00 00 00 00 00",""
1256,7547,"PACKET","IN",207,45,"PlayerSync","id=207 bytes=45","cf 1a 00 af 00 6e 3f c0 00 18 ba 2a b0 e8 c3 89 d1 43 29 5f 90 84 00 00 00 00 2f b5 80 00 03 90 ae c0 f4 58 88 14 a7 fd fd c8 04 e8 80",""
1257,7548,"PACKET","IN",207,45,"PlayerSync","id=207 bytes=45","cf 46 00 84 80 6c 7f c2 00 28 cf 1f f0 ce ec 88 51 40 12 1f 90 80 00 00 00 00 79 a7 c0 00 03 9e bf 78 f4 1f 7e ff 57 fd fd c8 04 02 80",""
1258,7548,"PACKET","IN",207,35,"PlayerSync","id=207 bytes=35","cf 85 00 00 00 0b e5 a5 b0 ce 81 09 d1 6c 24 9f 10 80 00 00 00 02 bb 51 80 00 00 00 00 00 01 28 00 04 11",""
1259,7549,"PACKET","IN",207,45,"PlayerSync","id=207 bytes=45","cf 1a 00 ae 80 6d ff c0 00 2e 3b aa b0 f5 03 49 d1 54 aa df 90 84 00 00 00 03 3f b1 80 00 03 79 c2 b4 f5 f8 99 fc 93 fd fd c8 04 e8 80",""
1260,7549,"PACKET","IN",207,45,"PlayerSync","id=207 bytes=45","cf 46 00 85 00 6c 7f c2 00 2d 0a 9f f0 ce 6c c8 51 40 12 1f 90 80 00 00 00 00 ed ab c0 00 01 ad 9b 80 f7 63 7f 53 53 fd fd c8 04 02 80",""
1261,7549,"PACKET","IN",207,35,"PlayerSync","id=207 bytes=35","cf 7e 00 00 00 13 27 28 30 cd 86 09 d1 7b 67 1f 10 84 00 00 00 01 42 b3 94 00 00 00 00 00 01 28 00 04 11",""
1262,7573,"PACKET","IN",207,45,"PlayerSync","id=207 bytes=45","cf 46 00 85 00 6c 7f c2 00 1e 06 1f f0 cd ad 08 51 40 12 1f 90 80 00 00 00 01 d5 af c0 00 02 b2 73 8c f6 9f 83 a7 4f fd fd c8 04 02 80",""
1263,7573,"RPC","IN",86,27,"ApplyPlayerAnimation","id=86 bytes=27","3d 00 07 42 44 5f 46 49 52 45 07 77 61 73 68 5f 75 70 33 33 83 40 80 00 00 00 00",""
1264,7574,"PACKET","OUT",207,69,"PlayerSync","id=207 bytes=69","cf 00 00 00 00 00 00 67 0a 9b c3 6b 06 27 45 ed 9c 7c 42 11 b2 39 3f 00 00 00 80 00 00 00 00 14 38 30 bf 64 00 04 00 00 00 00 00 00 00 00 00 00 00 00 00 00 00 00 00 00 00 00 00 00 00 00 00 00 00 28 00 04 11",""
1265,7596,"PACKET","IN",207,35,"PlayerSync","id=207 bytes=35","cf 97 00 00 00 3d e7 a8 30 e4 09 c9 d1 7b 67 1f 10 84 00 00 00 00 0f 03 e8 00 00 00 00 00 01 28 00 04 11",""
1266,7596,"PACKET","IN",207,45,"PlayerSync","id=207 bytes=45","cf 1a 00 ad 80 6d 3f c2 00 1c be ea b0 cd 03 09 d1 7b 2d df 90 84 00 00 00 02 97 b1 80 00 00 65 42 b8 f6 c0 99 38 93 fd fd c8 04 04 80",""
1267,7597,"PACKET","IN",207,35,"PlayerSync","id=207 bytes=35","cf 1f 00 00 00 26 a3 e3 70 c2 1d 89 91 42 a3 5e 90 80 00 00 00 02 c2 27 00 00 00 00 00 00 01 28 00 04 11",""
1268,7597,"PACKET","IN",203,34,"AimSync","id=203 bytes=34","cb 1f 00 04 98 c0 73 3f 22 38 5f 3e b5 54 5b be 7f 1b 8e c3 07 72 26 45 35 ef 7d 42 00 00 00 00 3f 44",""
1269,7618,"PACKET","IN",207,45,"PlayerSync","id=207 bytes=45","cf 1a 00 ad 80 6d 3f c2 00 28 bf aa b0 d5 c2 c9 d1 6b 2f 1f 90 84 00 00 00 03 3f ad 80 00 02 69 22 44 f5 41 2b 34 2f fd fd c8 04 04 80",""
1270,7618,"PACKET","IN",207,45,"PlayerSync","id=207 bytes=45","cf 46 00 85 00 6c 7f c2 00 04 40 df f0 d6 6d 48 51 40 12 1f 90 80 00 00 00 01 55 af c0 00 00 00 03 a8 f6 1f 87 8f 4b fd fd c8 04 02 80",""
1271,7618,"RPC","IN",16,16,"PlaySound","id=16 bytes=16","92 7e 00 00 00 00 00 00 00 00 00 00 00 00 00 00",""
1272,7618,"RPC","IN",134,80,"ShowTextDraw","id=134 bytes=80","2c 08 11 9a 99 19 3f 00 00 00 40 1a ff 00 aa 6e db ae 42 00 00 a0 41 00 00 00 32 00 01 00 00 00 ff 04 00 00 00 59 43 00 00 b8 43 00 00 00 00 00 00 00 00 00 00 00 00 00 00 00 00 80 3f ff ff ff ff 0d 00 6c 64 5f 64 75 61 6c 3a 77 68 69 74 65",""
1273,7618,"PACKET","IN",207,45,"PlayerSync","id=207 bytes=45","cf 1a 00 ac 80 6c bf c2 00 20 bf ea b0 d9 82 89 d1 5b 70 1f 90 84 00 00 00 00 b7 b1 80 00 02 1e 4a 40 f4 bd c7 70 03 fd fd c8 04 04 80",""
1274,7619,"PACKET","IN",207,35,"PlayerSync","id=207 bytes=35","cf 1c 00 00 00 2d 1d 28 30 f6 cc c9 d1 7b 67 1f 10 84 00 00 00 00 65 93 00 00 00 00 00 00 01 28 00 04 11",""
1275,7619,"PACKET","IN",203,34,"AimSync","id=203 bytes=34","cb 1c 00 04 4c 8d 78 bf 0d f3 cb bd 70 ff 5e be c4 c1 9e c3 6f 39 27 45 e3 07 81 42 00 00 00 00 3f 55",""
1276,7619,"PACKET","IN",207,45,"PlayerSync","id=207 bytes=45","cf 46 00 85 00 6c 7f c2 00 1e bb df b0 d9 2d 88 51 40 12 1f 90 80 00 00 00 01 55 af c0 00 03 0f 6f c4 f5 c7 87 fb 4b fd fd c8 04 02 80",""
1277,7619,"PACKET","IN",207,41,"PlayerSync","id=207 bytes=41","cf 70 00 00 00 37 bb a3 70 f3 9e 89 91 59 a4 5e 90 80 00 00 00 02 ee 3b 00 00 00 3b 32 e0 f2 08 26 51 3f fd fd 00 00 00 80",""
1278,7619,"RPC","IN",105,7,"TextDrawSetString","id=105 bytes=7","26 08 03 00 31 30 30",""
1279,7619,"RPC","IN",105,5,"TextDrawSetString","id=105 bytes=5","27 08 01 00 30",""
1280,7619,"RPC","IN",105,6,"TextDrawSetString","id=105 bytes=6","28 08 02 00 34 38",""
1281,7619,"RPC","IN",105,5,"TextDrawSetString","id=105 bytes=5","29 08 01 00 37",""
1282,7619,"RPC","IN",105,7,"TextDrawSetString","id=105 bytes=7","2a 08 03 00 31 30 30",""
1283,7642,"PACKET","IN",207,45,"PlayerSync","id=207 bytes=45","cf 46 00 85 00 6c 7f c2 00 06 b6 9f b0 e1 ed c8 51 40 12 1f 90 80 00 00 00 01 a5 af c0 00 02 62 67 e4 f5 c7 87 fb 4b fd fd c8 04 02 80",""
1284,7643,"PACKET","IN",207,45,"PlayerSync","id=207 bytes=45","cf 1a 00 a8 00 6a ff c2 00 33 c0 ea f0 dd c2 09 d1 60 b2 5f 90 84 00 00 00 01 3f bd 80 00 01 b5 d2 68 f7 21 5d ec 1b fd fd c8 04 04 80",""
1285,7643,"PACKET","IN",207,45,"PlayerSync","id=207 bytes=45","cf 46 00 85 00 6c 7f c2 00 15 b1 5f b0 e8 ae 08 51 40 12 1f 90 80 00 00 00 02 45 af c0 00 00 3e bf f8 f5 ff 87 b7 4b fd fd c8 04 02 80",""
1286,7680,"PACKET","IN",207,45,"PlayerSync","id=207 bytes=45","cf 1a 00 a5 80 6a 3f c0 00 0b c1 ea f0 e0 01 c9 d1 6d 73 9f 90 84 00 00 00 03 9b c1 80 00 02 e7 5e 80 f6 c5 32 ec 2b fd fd c8 04 04 80",""
1287,7680,"PACKET","IN",207,35,"PlayerSync","id=207 bytes=35","cf 29 00 00 00 28 26 a8 30 d1 15 49 d1 7b 67 1f 10 84 00 00 00 03 a9 ff c0 00 00 00 00 00 01 28 00 04 11",""
1288,7680,"PACKET","IN",207,41,"PlayerSync","id=207 bytes=41","cf 70 00 00 00 3a 3d e3 70 d5 de 89 91 74 24 5e 90 80 00 00 00 02 ee 3b 00 00 00 67 32 e0 f2 08 26 51 3f fd fd 00 00 00 80",""
1289,7680,"PACKET","IN",207,45,"PlayerSync","id=207 bytes=45","cf 1a 00 a5 00 6a 3f c0 00 23 c3 2a f0 ec 01 89 d1 5e 75 1f 90 84 00 00 00 02 93 c1 80 00 03 ee 5e 80 f5 f8 b9 34 77 fd fd c8 04 04 80",""
1290,7681,"PACKET","IN",207,45,"PlayerSync","id=207 bytes=45","cf 46 00 84 80 6c 7f c2 00 0d 2c 1f b0 f0 6e 48 51 40 12 1f 90 80 00 00 00 03 1d af c0 00 00 20 00 04 fa 6f 87 2f 4b fd fd c8 04 02 80",""
1291,7681,"PACKET","IN",207,35,"PlayerSync","id=207 bytes=35","cf 51 00 00 00 1b 0a e3 30 cf a8 49 91 58 dd 9e 90 84 00 00 00 01 37 17 c0 00 00 00 00 00 01 28 00 04 11",""
1292,7681,"PACKET","IN",207,35,"PlayerSync","id=207 bytes=35","cf 53 00 00 00 29 67 a8 30 de 18 09 d1 7a e7 1f 10 84 00 00 00 02 ba 42 c0 00 00 00 00 00 01 a5 04 04 80",""
1293,7701,"RPC","IN",24,18,"SetVehicleParamsEx","id=24 bytes=18","30 00 00 ff ff 00 ff ff ff ff ff ff ff ff ff ff ff ff",""
1294,7701,"RPC","IN",24,18,"SetVehicleParamsEx","id=24 bytes=18","30 00 01 ff ff 00 ff ff ff ff ff ff ff ff ff ff ff ff",""
1295,7701,"RPC","IN",159,14,"SetVehiclePos","id=159 bytes=14","30 00 0a a7 ac c3 29 3c 27 45 07 7f 85 42",""
1296,7701,"PACKET","IN",207,45,"PlayerSync","id=207 bytes=45","cf 1a 00 a4 00 69 7f c0 00 08 c4 6a f0 f4 41 49 d1 40 b6 9f 90 84 00 00 00 01 a7 c5 80 00 03 a5 4a 7c f6 a4 e4 38 57 fd fd c8 04 04 80",""
1297,7702,"PACKET","IN",207,45,"PlayerSync","id=207 bytes=45","cf 46 00 83 80 6c 3f c2 00 1a a6 1f b0 c0 ee c8 51 40 12 1f 90 80 00 00 00 01 b5 ab c0 00 03 f3 fc 00 fb 0b 86 7b 4b fd fd c8 04 02 80",""
1298,7702,"PACKET","IN",207,37,"PlayerSync","id=207 bytes=37","cf 85 00 60 00 00 00 0b e5 a5 b0 ce 81 09 d1 6c 24 9f 10 80 00 00 00 02 bb 51 80 00 00 00 00 00 01 28 00 04 11",""
1299,7728,"PACKET","IN",207,45,"PlayerSync","id=207 bytes=45","cf 1a 00 a3 80 69 7f c0 00 0b 45 aa f0 c2 41 49 d1 5e b7 df 90 84 00 00 00 00 db c5 80 00 02 20 96 64 f6 b8 bd 54 73 fd fd c8 04 04 80",""
1300,7728,"PACKET","IN",207,45,"PlayerSync","id=207 bytes=45","cf 46 00 83 00 6c 3f c2 00 26 e0 df b0 c8 ef 08 51 40 12 1f 90 80 00 00 00 03 61 9f c0 00 03 d3 fc 00 fb 2b 83 03 4f fd fd c8 04 02 80",""
1301,7729,"PACKET","IN",207,35,"PlayerSync","id=207 bytes=35","cf 76 00 00 00 0e 87 a2 f0 c1 28 c9 91 5a 1c 1e 90 84 00 00 00 03 6c 9f 40 00 00 00 00 00 01 28 00 04 11",""
1302,7729,"PACKET","IN",207,35,"PlayerSync","id=207 bytes=35","cf 3d 00 00 00 32 67 a8 30 d0 79 49 91 7b 67 1f 10 84 00 00 00 00 e6 f1 c0 00 00 00 00 00 01 a5 04 e8 80",""
1303,7729,"RPC","IN",87,2,"ClearPlayerAnimation","id=87 bytes=2","63 00",""
1304,7729,"RPC","IN",86,29,"ApplyPlayerAnimation","id=86 bytes=29","63 00 05 43 41 52 52 59 0b 63 72 72 79 5f 70 72 74 69 61 6c 33 33 83 40 00 00 00 00 00",""
1305,7750,"PACKET","IN",207,45,"PlayerSync","id=207 bytes=45","cf 1a 00 a3 00 69 7f c0 00 0f 46 ea f0 d0 81 09 d1 7c b9 1f 90 84 00 00 00 00 1b c5 80 00 00 85 ea 64 f4 dc be d8 73 fd fd c8 04 04 80",""
1306,7751,"PACKET","IN",207,45,"PlayerSync","id=207 bytes=45","cf 46 00 83 00 6b ff c2 00 1d 1b 1f b0 dc af 48 51 40 12 1f 90 80 00 00 00 02 75 9b c0 00 03 3b 53 f0 f7 ab 7b 7b 57 fd fd c8 04 02 80",""
1307,7751,"PACKET","IN",207,43,"PlayerSync","id=207 bytes=43","cf 70 00 7c ff c0 00 13 3c a3 70 e8 5e 89 91 63 a4 5e 90 80 00 00 00 02 ee 3b 00 00 02 38 ca 4c f1 f3 d9 aa c3 fd fd 00 00 00 80",""
1308,7751,"PACKET","IN",207,45,"PlayerSync","id=207 bytes=45","cf 1a 00 a3 00 69 7f c0 00 1e c8 2a f0 dd 80 c9 d1 65 3a 9f 90 84 00 00 00 02 33 c1 80 00 00 02 02 78 f7 20 b8 40 77 fd fd c8 04 04 80",""
1309,7751,"PACKET","IN",207,45,"PlayerSync","id=207 bytes=45","cf 46 00 82 80 6b bf c2 00 07 55 1f b0 f6 af 88 51 40 12 1f 90 80 00 00 00 03 69 9b c0 00 03 34 3f e8 f4 07 7b 77 5b fd fd c8 04 02 80",""
1310,7751,"PACKET","IN",207,45,"PlayerSync","id=207 bytes=45","cf 70 00 ff ff f7 7f c0 00 1c 3c 23 70 ee 5e 89 91 5e 24 5e 90 80 00 00 00 02 ee 3b 00 00 02 50 ca 4c f1 f3 d9 aa c3 fd fd 00 00 00 80",""
1311,7776,"PACKET","IN",207,45,"PlayerSync","id=207 bytes=45","cf 1a 00 a3 00 69 7f c0 00 35 09 6a f0 ea 80 89 d1 51 bc 1f 90 84 00 00 00 00 47 c1 80 00 01 67 5e 78 f6 cc b7 d8 77 fd fd c8 04 04 80",""
1312,7777,"PACKET","IN",207,45,"PlayerSync","id=207 bytes=45","cf 46 00 82 80 6b ff c2 00 06 50 5f b0 fc af c8 51 40 12 1f 90 80 00 00 00 03 75 97 c0 00 02 c6 67 cc f4 bf 7a b3 5b fd fd c8 04 02 80",""
1313,7777,"PACKET","IN",207,45,"PlayerSync","id=207 bytes=45","cf 70 00 ff ff f5 3f c0 00 2c 3b a3 70 f4 1e 89 91 59 24 5e 90 80 00 00 00 02 ee 3b 00 00 02 18 ca 4c f1 f3 d9 aa c3 fd fd 00 00 00 80",""
1314,7777,"PACKET","IN",207,45,"PlayerSync","id=207 bytes=45","cf 1a 00 a3 00 69 7f c0 00 35 4a ea f0 f2 80 49 d1 66 3d 9f 90 84 00 00 00 02 4f bd 80 00 02 fe b6 bc f6 88 b3 78 7b fd fd c8 04 04 80",""
1315,7777,"PACKET","IN",207,45,"PlayerSync","id=207 bytes=45","cf 46 00 82 00 6b ff c2 00 3c 4a df b0 cb f0 48 51 40 12 1f 90 80 00 00 00 00 cd 9b c0 00 03 ac b7 c4 f5 cf 75 db 5f fd fd c8 04 02 80",""
1316,7797,"PACKET","IN",207,35,"PlayerSync","id=207 bytes=35","cf 55 00 00 00 3e e0 24 70 de 62 c9 91 5c e2 9f 90 84 00 00 00 02 61 2b c0 00 00 00 00 00 01 a8 04 04 18",""
1317,7797,"PACKET","IN",207,45,"PlayerSync","id=207 bytes=45","cf 70 00 fe 7f f1 3f c0 00 37 7b a3 70 f3 9e 89 91 59 a4 5e 90 80 00 00 00 02 ee 3b 00 00 01 95 07 ac ea 08 26 51 3f fd fd 00 00 00 80",""
1318,7797,"PACKET","IN",207,45,"PlayerSync","id=207 bytes=45","cf 1a 00 a3 00 69 7f c0 00 3a 0c 6a f0 fb 40 09 d1 7a bf 1f 90 84 00 00 00 00 47 bd 80 00 00 64 b2 c0 f6 4c af 24 7f fd fd c8 04 04 80",""
1319,7797,"PACKET","IN",207,45,"PlayerSync","id=207 bytes=45","cf 46 00 82 00 6b ff c2 00 13 06 1f b0 d4 f0 88 51 40 12 1f 90 80 00 00 00 00 49 97 c0 00 02 be 67 b4 f6 cf 74 cb 5f fd fd c8 04 02 80",""
1320,7798,"PACKET","IN",207,35,"PlayerSync","id=207 bytes=35","cf 4d 00 00 00 02 00 23 30 e6 e4 09 91 70 1e 9e 90 84 00 00 00 03 da d0 80 00 00 00 00 00 01 28 00 04 11",""
1321,7798,"PACKET","IN",207,39,"PlayerSync","id=207 bytes=39","cf 85 00 c0 00 60 00 00 00 0b e5 a5 b0 ce 81 09 d1 6c 24 9f 10 80 00 00 00 02 bb 51 80 00 00 00 00 00 01 28 00 04 11",""
1322,7810,"PACKET","OUT",203,32,"AimSync","id=203 bytes=32","cb 00 00 00 39 05 00 00 00 00 00 00 00 00 00 00 00 40 01 00 00 00 80 3f 00 00 f3 04 b5 3f 39 05",""
1323,7820,"PACKET","IN",207,45,"PlayerSync","id=207 bytes=45","cf 1a 00 a3 00 69 7f c0 00 20 8e 2a f0 c0 80 09 d1 6d 80 df d0 84 00 00 00 02 33 b9 80 00 01 c9 f2 f0 f6 04 aa f0 83 fd fd c8 04 04 80",""
1324,7821,"PACKET","IN",200,44,"VehicleSync","id=200 bytes=44","c8 38 00 30 00 00 00 00 00 00 00 0d 31 77 50 65 8f b0 aa 7a cc 32 93 c2 74 58 85 f8 54 26 63 cf 23 cf f7 ff f7 f0 00 05 a0 5d f0 00",""
1325,7821,"PACKET","IN",207,45,"PlayerSync","id=207 bytes=45","cf 46 00 82 00 6b ff c2 00 11 01 9f b0 d9 70 c8 51 40 12 1f 90 80 00 00 00 01 7d 97 c0 00 03 b9 03 a8 f7 73 70 5b 63 fd fd c8 04 02 80",""
1326,7821,"PACKET","IN",207,41,"PlayerSync","id=207 bytes=41","cf 70 00 00 00 25 fb e3 70 f1 5e 89 91 5b a4 5e 90 80 00 00 00 02 ee 3b 00 00 01 74 cf cc ee 08 26 51 3f fd fd 00 00 00 80",""
1327,7846,"PACKET","IN",207,45,"PlayerSync","id=207 bytes=45","cf 1a 00 a3 00 69 7f c0 00 0c 0f ea f0 c6 7f c9 91 61 82 9f d0 84 00 00 00 00 03 b9 80 00 02 e3 62 f0 f5 bc a6 d4 87 fd fd df 04 02 80",""
1328,7846,"PACKET","IN",207,45,"PlayerSync","id=207 bytes=45","cf 46 00 81 80 6b ff c2 00 1d 7c 9f 70 e4 31 08 51 40 12 1f 90 80 00 00 00 02 99 97 c0 00 02 46 67 9c f4 57 77 6b 5f fd fd c8 04 02 80",""
1329,7846,"PACKET","IN",207,35,"PlayerSync","id=207 bytes=35","cf 2d 00 00 00 3c 58 68 30 c1 50 49 d1 7b 67 1f 10 84 00 00 00 02 aa b3 c0 00 00 00 00 00 01 a5 04 e8 80",""
1330,7846,"PACKET","IN",207,35,"PlayerSync","id=207 bytes=35","cf 63 00 00 00 35 23 63 70 dd 23 09 91 54 21 9e 90 80 00 00 00 02 22 63 80 00 00 00 00 00 01 a5 04 e8 80",""
1331,7867,"RPC","IN",72,6,"SetPlayerColor","id=72 bytes=6","26 00 ff ff ff ff",""
1332,7867,"RPC","IN",72,6,"SetPlayerColor","id=72 bytes=6","26 00 ff ff ff ff",""
1333,7867,"RPC","IN",11,16,"SetPlayerName","id=11 bytes=16","26 00 0c 50 69 6b 6f 5f 53 75 72 79 6f 6e 6f 01",""
1334,7867,"PACKET","IN",207,45,"PlayerSync","id=207 bytes=45","cf 1a 00 a3 00 69 7f c0 00 28 d3 2a f0 d5 7f 49 91 40 c6 1f d0 84 00 00 00 03 67 b1 80 00 03 56 9e e8 f4 f0 9f 18 8f fd fd e9 04 02 80",""
1335,7868,"PACKET","IN",207,35,"PlayerSync","id=207 bytes=35","cf 5b 00 00 00 0e fc 66 b0 e8 7d 89 91 7b 67 1f 10 84 00 00 00 01 0a e2 00 00 00 00 00 00 01 28 00 04 11",""
1336,7868,"PACKET","IN",207,37,"PlayerSync","id=207 bytes=37","cf 85 00 c0 00 00 00 0b e5 a5 b0 ce 81 09 d1 6c 24 9f 10 80 00 00 00 02 bb 51 80 00 00 00 00 00 01 28 00 04 11",""
1337,7894,"PACKET","IN",207,45,"PlayerSync","id=207 bytes=45","cf 1a 00 a3 00 69 7f c0 00 0e 54 ea f0 df ff 09 91 61 47 9f d0 84 00 00 00 00 f3 b1 80 00 01 ae 3e cc f4 78 9b 74 93 fd fd e9 04 02 80",""
1338,7894,"PACKET","IN",207,45,"PlayerSync","id=207 bytes=45","cf 46 00 81 00 6b ff c2 00 08 6c df 70 d4 b2 08 51 40 12 1f 90 80 00 00 00 03 99 93 c0 00 02 96 67 9c f6 4b 71 93 63 fd fd c8 04 02 80",""
1339,7895,"PACKET","IN",207,35,"PlayerSync","id=207 bytes=35","cf 54 00 00 00 05 77 63 70 c5 21 c9 91 65 24 1e 90 80 00 00 00 00 12 8e c0 00 00 00 00 00 01 28 00 04 11",""
1340,7895,"PACKET","IN",207,41,"PlayerSync","id=207 bytes=41","cf 70 00 00 00 2c fc a3 70 e7 5e 89 91 64 a4 5e 90 80 00 00 00 02 ee 3b 00 00 01 67 f6 d4 ea 08 26 51 3f fd fd 00 00 00 80",""
1341,7895,"PACKET","IN",207,35,"PlayerSync","id=207 bytes=35","cf 92 00 00 00 22 0a a3 30 e7 59 49 91 6d 9f 1e 90 84 00 00 00 02 9b 21 c0 00 00 00 00 00 01 a5 04 04 80",""
1342,7914,"RPC","IN",99,42,"MoveObject","id=99 bytes=42","a0 00 f8 e3 a1 c3 d7 9b 26 45 53 c5 7d 42 f8 e3 a1 c3 d7 9b 26 45 ed 5e 7b 42 00 00 80 3e 00 00 00 00 00 00 00 00 08 cc 84 43",""
1343,7914,"RPC","IN",122,2,"StopObject","id=122 bytes=2","a0 00",""
1344,7915,"RPC","IN",99,42,"MoveObject","id=99 bytes=42","a0 00 f8 e3 a1 c3 d7 9b 26 45 53 c5 7d 42 f8 e3 a1 c3 d7 9b 26 45 53 c5 7d 42 00 00 80 3e 00 00 00 00 00 00 00 00 08 cc 84 43",""
1345,7915,"RPC","IN",122,2,"StopObject","id=122 bytes=2","a0 00",""
1346,7915,"RPC","IN",99,42,"MoveObject","id=99 bytes=42","a0 00 f8 e3 a1 c3 d7 9b 26 45 53 c5 7d 42 f8 e3 a1 c3 d7 9b 26 45 ed 5e 7b 42 00 00 80 3e 00 00 00 00 00 00 00 00 08 cc 84 43",""
1347,7915,"RPC","IN",122,2,"StopObject","id=122 bytes=2","a0 00",""
1348,7915,"RPC","IN",99,42,"MoveObject","id=99 bytes=42","a0 00 f8 e3 a1 c3 d7 9b 26 45 53 c5 7d 42 f8 e3 a1 c3 d7 9b 26 45 53 c5 7d 42 00 00 80 3e 00 00 00 00 00 00 00 00 08 cc 84 43",""
1349,7915,"RPC","IN",122,2,"StopObject","id=122 bytes=2","a0 00",""
1350,7915,"RPC","IN",99,42,"MoveObject","id=99 bytes=42","a0 00 f8 e3 a1 c3 d7 9b 26 45 53 c5 7d 42 f8 e3 a1 c3 d7 9b 26 45 ed 5e 7b 42 00 00 80 3e 00 00 00 00 00 00 00 00 08 cc 84 43",""
1351,7915,"RPC","IN",122,2,"StopObject","id=122 bytes=2","a0 00",""
1352,7916,"RPC","IN",99,42,"MoveObject","id=99 bytes=42","a0 00 f8 e3 a1 c3 d7 9b 26 45 53 c5 7d 42 f8 e3 a1 c3 d7 9b 26 45 53 c5 7d 42 00 00 80 3e 00 00 00 00 00 00 00 00 08 cc 84 43",""
1353,7916,"RPC","IN",122,2,"StopObject","id=122 bytes=2","a0 00",""
1354,7916,"RPC","IN",99,42,"MoveObject","id=99 bytes=42","a0 00 f8 e3 a1 c3 d7 9b 26 45 53 c5 7d 42 f8 e3 a1 c3 d7 9b 26 45 ed 5e 7b 42 00 00 80 3e 00 00 00 00 00 00 00 00 08 cc 84 43",""
1355,7916,"RPC","IN",122,2,"StopObject","id=122 bytes=2","a0 00",""
1356,7916,"RPC","IN",99,42,"MoveObject","id=99 bytes=42","a0 00 f8 e3 a1 c3 d7 9b 26 45 53 c5 7d 42 f8 e3 a1 c3 d7 9b 26 45 53 c5 7d 42 00 00 80 3e 00 00 00 00 00 00 00 00 08 cc 84 43",""
1357,7916,"RPC","IN",122,2,"StopObject","id=122 bytes=2","a0 00",""
1358,7916,"RPC","IN",99,42,"MoveObject","id=99 bytes=42","a0 00 f8 e3 a1 c3 d7 9b 26 45 53 c5 7d 42 f8 e3 a1 c3 d7 9b 26 45 ed 5e 7b 42 00 00 80 3e 00 00 00 00 00 00 00 00 08 cc 84 43",""
1359,7916,"RPC","IN",122,2,"StopObject","id=122 bytes=2","a0 00",""
1360,7916,"RPC","IN",99,42,"MoveObject","id=99 bytes=42","a0 00 f8 e3 a1 c3 d7 9b 26 45 53 c5 7d 42 f8 e3 a1 c3 d7 9b 26 45 53 c5 7d 42 00 00 80 3e 00 00 00 00 00 00 00 00 08 cc 84 43",""
1361,7917,"PACKET","IN",207,45,"PlayerSync","id=207 bytes=45","cf 1a 00 a3 00 69 7f c0 00 3b 16 6a f0 ea fe c9 91 43 89 5f d0 84 00 00 00 02 73 ad 80 00 00 fd 22 d0 f7 f0 93 f8 97 fd fd e9 04 02 80",""
1362,7917,"PACKET","IN",207,45,"PlayerSync","id=207 bytes=45","cf 46 00 81 00 6b ff c2 00 3c 68 1f 70 d9 f2 48 51 40 12 1f 90 80 00 00 00 02 91 8f c0 00 01 19 7f b0 f6 ef 70 e7 63 fd fd c8 04 02 80",""
1363,7917,"PACKET","IN",207,35,"PlayerSync","id=207 bytes=35","cf 7c 00 00 00 35 a2 e2 70 da 28 89 91 5f 9d de 90 80 00 00 00 01 98 6a 40 00 00 00 00 00 01 28 00 04 11",""
1364,7941,"PACKET","IN",207,45,"PlayerSync","id=207 bytes=45","cf 1a 00 a3 00 69 7f c0 00 17 d9 ea f0 c4 7e 89 91 7e 0c 5f d0 84 00 00 00 01 3f a9 80 00 03 ec be c8 f6 f4 89 4c a3 fd fd e9 04 02 80",""
1365,7941,"PACKET","IN",200,44,"VehicleSync","id=200 bytes=44","c8 38 00 30 00 00 00 00 00 00 00 0d 51 77 50 65 8f b0 aa 7a cc 32 93 c2 74 58 81 28 54 2f 1d a6 63 df f7 ff f7 f0 00 05 a0 5d f0 00",""
1366,7942,"PACKET","IN",207,45,"PlayerSync","id=207 bytes=45","cf 46 00 81 00 6b ff c2 00 1c e2 5f 70 f5 32 88 51 40 12 1f 90 80 00 00 00 03 49 8f c0 00 03 ff ff d4 f7 23 6c d7 67 fd fd c8 04 02 80",""
1367,7962,"PACKET","IN",207,45,"PlayerSync","id=207 bytes=45","cf 1a 00 a3 00 69 7f c0 00 16 db aa f0 d1 3e 49 91 64 8e 1f d0 84 00 00 00 02 93 a5 80 00 02 c4 4e d0 f6 74 86 24 a7 fd fd e9 04 02 80",""
1368,7962,"PACKET","IN",207,45,"PlayerSync","id=207 bytes=45","cf 1a 00 a3 00 69 7f c0 00 1d 5d 6a f0 de 7e 09 91 4d 8f df d0 84 00 00 00 03 d7 a1 80 00 00 f6 f2 d4 f6 0c 83 04 ab fd fd e9 04 02 80",""
1369,7962,"PACKET","IN",207,35,"PlayerSync","id=207 bytes=35","cf 70 00 00 00 2c fc a3 70 e7 5e 89 91 64 a4 5e 90 80 00 00 00 03 c6 7f 00 00 00 00 00 00 01 00 00 00 80",""
1370,8002,"PACKET","IN",207,45,"PlayerSync","id=207 bytes=45","cf 1a 00 a3 00 69 7f c0 00 2a df 2a f0 ec 3d c9 91 78 11 5f d0 84 00 00 00 01 0f a1 80 00 03 bc 1a dc f5 a4 7c 04 b3 fd fd e9 04 02 80",""
1371,8003,"PACKET","IN",207,45,"PlayerSync","id=207 bytes=45","cf 1a 00 a3 00 69 7f c0 00 10 21 2a f0 f8 bd 89 91 74 13 1f d0 84 00 00 00 02 3f 9d 80 00 03 d1 46 f4 f5 50 79 10 b7 fd fd e9 04 02 80",""
1372,8003,"PACKET","IN",207,45,"PlayerSync","id=207 bytes=45","cf 46 00 81 00 6b ff c2 00 3a 91 1f 70 fe 33 88 51 40 12 1f 90 80 00 00 00 01 01 93 c0 00 00 b0 cf f4 f4 97 73 5b 63 fd fd c8 04 02 80",""
1373,8024,"PACKET","IN",207,45,"PlayerSync","id=207 bytes=45","cf 1a 00 a3 00 69 7f c0 00 0f 23 2a f0 c3 fd 89 91 42 95 1f d0 84 00 00 00 03 5b 99 80 00 01 a4 9b 18 f5 0c 76 28 bb fd fd e9 04 02 80",""
1374,8025,"PACKET","IN",200,44,"VehicleSync","id=200 bytes=44","c8 38 00 30 00 00 00 00 00 00 00 0e 81 77 70 65 6f b0 fa 7a cc 32 93 c2 74 5a ae e8 34 25 49 0d c3 df f7 ff f7 f0 00 05 a0 5d f0 00",""
1375,8025,"PACKET","IN",207,45,"PlayerSync","id=207 bytes=45","cf 46 00 81 00 6b ff c2 00 05 8f 5f 70 dc 33 c8 51 40 12 1f 90 80 00 00 00 01 7d 93 c0 00 01 0c cf f4 f4 fb 72 f3 63 fd fd c8 04 02 80",""
1376,8025,"PACKET","IN",207,35,"PlayerSync","id=207 bytes=35","cf 85 00 00 00 0b e5 a5 b0 ce 81 09 d1 6c 24 9f 10 80 00 00 00 02 bb 51 80 00 00 00 00 00 01 28 00 04 11",""
1377,8025,"PACKET","IN",203,34,"AimSync","id=203 bytes=34","cb 85 00 04 d7 3d 70 3f 54 cc 8f be c3 ee 4d be 1d 02 98 c3 d7 11 27 45 7b b4 80 42 00 00 00 00 3f c6",""
1378,8045,"PACKET","IN",207,45,"PlayerSync","id=207 bytes=45","cf 1a 00 a3 00 69 7f c0 00 1b 65 2a f0 cf 3d 49 91 58 96 df d0 84 00 00 00 00 67 99 80 00 01 26 77 20 f4 cc 73 60 bf fd fd e9 04 02 80",""
1379,8066,"PACKET","IN",207,35,"PlayerSync","id=207 bytes=35","cf 02 00 00 00 2d a2 e3 70 ee 9a 89 91 77 a3 1e 90 80 00 00 00 00 8a aa c0 00 00 00 00 00 01 28 00 04 11",""
1380,8066,"PACKET","IN",207,45,"PlayerSync","id=207 bytes=45","cf 1a 00 a3 00 69 7f c0 00 36 a7 2a f0 da 7d 09 91 76 18 9f d0 84 00 00 00 01 5f 95 80 00 00 13 8b 30 f4 98 6c b0 c7 fd fd e9 04 02 80",""
1381,8066,"PACKET","IN",207,37,"PlayerSync","id=207 bytes=37","cf 85 00 c0 7f 80 00 0b e5 a5 b0 ce 81 09 d1 6c 24 9f 10 80 00 00 00 02 bb 51 80 00 00 00 00 00 01 28 00 04 11",""
1382,8091,"RPC","IN",72,6,"SetPlayerColor","id=72 bytes=6","45 00 ff ff ff ff",""
1383,8091,"RPC","IN",72,6,"SetPlayerColor","id=72 bytes=6","45 00 ff ff ff ff",""
1384,8091,"RPC","IN",11,18,"SetPlayerName","id=11 bytes=18","45 00 0e 4d 61 73 61 6d 75 6e 65 5f 4b 61 6e 6a 69 01",""
1385,8091,"PACKET","IN",207,45,"PlayerSync","id=207 bytes=45","cf 1a 00 a3 00 69 3f c0 00 21 29 6a f0 e5 bc c9 91 5c 9a 9f d0 84 00 00 00 03 7b 91 80 00 01 09 5f 3c f4 68 6a 20 cb fd fd e9 04 02 80",""
1386,8092,"PACKET","IN",207,45,"PlayerSync","id=207 bytes=45","cf 46 00 81 00 6b ff c2 00 05 bf 5f 30 d1 34 c8 51 40 12 1f 90 80 00 00 00 02 c5 93 c0 00 02 22 97 c8 f5 ff 71 e3 63 fd fd c8 04 02 80",""
1387,8092,"PACKET","IN",207,45,"PlayerSync","id=207 bytes=45","cf 1a 00 a3 00 68 ff c0 00 16 2b aa f0 f0 fc 89 91 48 9c 9f d0 84 00 00 00 01 7f 91 80 00 02 19 3f 48 f5 d8 65 84 cf fd fd e9 04 02 80",""
1388,8092,"PACKET","IN",200,44,"VehicleSync","id=200 bytes=44","c8 38 00 30 00 00 00 00 00 00 00 0f 41 77 80 65 5f b0 fa 7a cc 32 93 c2 74 55 af 18 24 27 d8 f0 e3 ef f7 ff f7 f0 00 05 a0 5d f0 00",""
1389,8092,"PACKET","IN",207,45,"PlayerSync","id=207 bytes=45","cf 46 00 81 00 6b ff c2 00 0d b9 df 30 e4 b5 08 51 40 12 1f 90 80 00 00 00 03 29 93 c0 00 00 e9 5f c0 f6 4f 71 8f 63 fd fd c8 04 02 80",""
1390,8111,"PACKET","IN",207,45,"PlayerSync","id=207 bytes=45","cf 1a 00 a3 00 68 ff c0 00 0f ed ea f0 fc bc 49 91 75 5e 5f d0 84 00 00 00 02 3b 8d 80 00 01 71 23 4c f7 38 61 10 d3 fd fd e9 04 02 80",""
1391,8112,"PACKET","IN",203,34,"AimSync","id=203 bytes=34","cb 1a 00 04 ab 21 a1 be 7b 9d 72 bf e2 78 58 bd 38 80 ab c3 33 05 27 45 06 12 81 42 00 00 00 00 3f 36",""
1392,8134,"PACKET","IN",207,35,"PlayerSync","id=207 bytes=35","cf 7e 00 00 00 13 27 28 30 cd 86 09 d1 7b 67 1f 10 84 00 00 00 01 42 b3 94 00 00 00 00 00 01 28 00 04 11",""
1393,8134,"PACKET","IN",207,45,"PlayerSync","id=207 bytes=45","cf 1a 00 a3 00 68 ff c0 00 38 f2 6a f0 d4 3c 09 91 6c 22 5f d0 84 00 00 00 03 73 85 80 00 00 c6 77 74 f6 dc 58 cc df fd fd e9 04 02 80",""
1394,8158,"PACKET","IN",207,45,"PlayerSync","id=207 bytes=45","cf 1a 00 a3 00 68 ff c0 00 22 f4 ea f0 e0 7b c9 91 71 a4 5f d0 84 00 00 00 03 ef 81 80 00 03 7d 73 78 f6 b8 56 e4 e3 fd fd e9 04 02 80",""
1395,8158,"PACKET","IN",207,35,"PlayerSync","id=207 bytes=35","cf 1f 00 00 00 26 a3 e3 70 c2 1d 89 91 42 a3 5e 90 80 00 00 00 02 c2 27 00 00 00 00 00 00 01 28 00 04 11",""
1396,8159,"PACKET","IN",200,44,"VehicleSync","id=200 bytes=44","c8 38 00 30 00 00 00 00 00 00 00 00 01 87 90 65 4f b1 2a 7a cc 32 93 c2 74 5a ec 98 14 25 2c 12 c3 ef f7 ff f7 f0 00 05 a0 5d f0 00",""
1397,8159,"PACKET","OUT",205,9,"UNKNOWN_PACKET","id=205 bytes=9","cd b8 4a 04 00 00 00 00 00",""
1398,8159,"PACKET","OUT",207,69,"PlayerSync","id=207 bytes=69","cf 00 00 00 00 00 00 67 0a 9b c3 6b 06 27 45 ed 9c 7c 42 11 b2 39 3f 00 00 00 80 00 00 00 00 14 38 30 bf 64 00 04 00 00 00 00 00 00 00 00 00 00 00 00 00 00 00 00 00 00 00 00 00 00 00 00 00 00 00 28 00 04 11",""
1399,8179,"PACKET","IN",207,45,"PlayerSync","id=207 bytes=45","cf 1a 00 a3 00 68 ff c0 00 18 77 6a f0 ed 7b 89 91 79 a6 5f d0 84 00 00 00 00 53 81 80 00 00 fb eb 7c f6 a4 51 10 eb fd fd e9 04 02 80",""
1400,8179,"PACKET","IN",207,35,"PlayerSync","id=207 bytes=35","cf 1c 00 00 00 2d 1d 28 30 f6 cc c9 d1 7b 67 1f 10 84 00 00 00 00 65 93 00 00 00 00 00 00 01 28 00 04 11",""
1401,8201,"PACKET","IN",207,45,"PlayerSync","id=207 bytes=45","cf 1a 00 a3 00 68 7f c0 00 06 b9 ea f0 fc 7b 49 91 75 a8 5f d0 84 00 00 00 03 27 7d 80 00 01 65 3b 6c f6 94 4f 68 ef fd fd e9 04 02 80",""
1402,8201,"PACKET","IN",207,45,"PlayerSync","id=207 bytes=45","cf 1a 00 a2 80 68 3f c0 00 26 7c 2a f0 cd 3b 49 91 63 aa 5f d0 84 00 00 00 02 5b 7d 80 00 00 f3 e7 54 f5 4c 4d 74 f3 fd fd e9 04 02 80",""
1403,8202,"PACKET","IN",207,35,"PlayerSync","id=207 bytes=35","cf 29 00 00 00 28 26 a8 30 d1 15 49 d1 7b 67 1f 10 84 00 00 00 03 a9 ff c0 00 00 00 00 00 01 28 00 04 11",""
1404,8202,"RPC","IN",105,19,"TextDrawSetString","id=105 bytes=19","2f 01 0f 00 30 39 20 41 67 75 73 74 75 73 20 32 30 32 36",""
1405,8202,"RPC","IN",105,12,"TextDrawSetString","id=105 bytes=12","30 01 08 00 31 32 3a 30 31 3a 35 34",""
1406,8226,"PACKET","IN",207,45,"PlayerSync","id=207 bytes=45","cf 46 00 81 00 6b ff c2 00 25 1e 9f 30 c0 f6 c8 51 40 12 1f 90 80 00 00 00 03 9d 97 c0 00 00 88 ff 98 f4 e7 76 d3 5f fd fd c8 04 02 80",""
1407,8227,"PACKET","IN",207,45,"PlayerSync","id=207 bytes=45","cf 1a 00 a2 80 67 ff c0 00 3c 3e 6a f0 de fb 09 91 48 ec 5f d0 84 00 00 00 03 cf 79 80 00 03 14 2b 44 f4 70 4e dc f3 fd fd e9 04 02 80",""
1408,8227,"PACKET","IN",200,44,"VehicleSync","id=200 bytes=44","c8 38 00 30 00 00 00 00 00 00 00 0d 51 73 30 65 9f b5 ea 7a cc 32 93 c2 74 59 46 68 04 2b 0c 83 c3 e9 f7 d5 67 f0 60 05 a0 5d f0 00",""
1409,8227,"PACKET","IN",203,34,"AimSync","id=203 bytes=34","cb 38 00 12 b5 af 36 3f 61 90 2b bf f2 e6 50 be b2 86 b1 c3 95 ce 27 45 26 e4 89 42 00 00 00 00 3f c6",""
1410,8227,"PACKET","IN",207,45,"PlayerSync","id=207 bytes=45","cf 46 00 80 80 6b ff c2 00 35 57 df 30 e4 f7 08 51 40 12 1f 90 80 00 00 00 00 cd 9b c0 00 03 d8 f3 ac f5 ef 75 b7 5f fd fd c8 04 02 80",""
1411,8247,"PACKET","IN",207,45,"PlayerSync","id=207 bytes=45","cf 1a 00 a2 00 67 bf c0 00 02 c0 eb 30 f2 fa c9 91 5d ee 1f d0 84 00 00 00 02 f3 79 80 00 00 d1 fb 28 f5 b8 4b 48 f7 fd fd e9 04 02 80",""
1412,8248,"PACKET","IN",207,35,"PlayerSync","id=207 bytes=35","cf 53 00 00 00 29 67 a8 30 de 18 09 d1 7a e7 1f 10 84 00 00 00 02 ba 42 c0 00 00 00 00 00 01 a5 04 04 80",""
1413,8248,"PACKET","IN",207,35,"PlayerSync","id=207 bytes=35","cf 51 00 00 00 1b 0a e3 30 cf a8 49 91 58 dd 9e 90 84 00 00 00 01 37 17 c0 00 00 00 00 00 01 28 00 04 11",""
1414,8274,"RPC","IN",86,27,"ApplyPlayerAnimation","id=86 bytes=27","2d 00 07 42 44 5f 46 49 52 45 07 77 61 73 68 5f 75 70 33 33 83 40 80 00 00 00 00",""
1415,8274,"PACKET","IN",207,45,"PlayerSync","id=207 bytes=45","cf 1a 00 a1 80 67 3f c0 00 0b 85 6b 30 dc 7a 89 91 40 b1 df d0 84 00 00 00 03 87 75 80 00 02 d8 4f 28 f7 f4 46 40 fb fd fd e9 04 02 80",""
1416,8274,"PACKET","IN",207,45,"PlayerSync","id=207 bytes=45","cf 46 00 80 80 6b ff c2 00 02 8c 9f 30 d1 37 c8 51 40 12 1f 90 80 00 00 00 00 d1 97 c0 00 01 08 d7 f4 f7 37 70 9b 63 fd fd c8 04 02 80",""
1417,8275,"PACKET","IN",207,35,"PlayerSync","id=207 bytes=35","cf 76 00 00 00 0e 87 a2 f0 c1 28 c9 91 5a 1c 1e 90 84 00 00 00 03 6c 9f 40 00 00 00 00 00 01 28 00 04 11",""
1418,8275,"PACKET","IN",207,45,"PlayerSync","id=207 bytes=45","cf 1a 00 a0 80 66 7f c0 00 13 47 ab 30 f1 fa 49 91 41 73 9f d0 84 00 00 00 02 c7 79 80 00 01 c4 b7 28 f5 50 46 bc ff fd fd e9 04 02 80",""
1419,8295,"PACKET","IN",207,45,"PlayerSync","id=207 bytes=45","cf 46 00 80 80 6b ff c2 00 11 46 5f 30 ee f8 08 51 40 12 1f 90 80 00 00 00 01 89 97 c0 00 00 04 00 04 fb d7 73 f3 5f fd fd c8 04 02 80",""
1420,8316,"PACKET","IN",207,45,"PlayerSync","id=207 bytes=45","cf 1a 00 a0 80 65 ff c0 00 24 89 eb 30 c5 7a 49 91 4c f5 5f d0 84 00 00 00 01 5b 79 80 00 03 c6 6b 34 f4 a8 49 14 fb fd fd e9 04 02 80",""
1421,8317,"PACKET","IN",207,35,"PlayerSync","id=207 bytes=35","cf 3d 00 00 00 32 67 a8 30 d0 79 49 91 7b 67 1f 10 84 00 00 00 00 e6 f1 c0 00 00 00 00 00 01 a5 04 e8 80",""
1422,8317,"PACKET","IN",207,45,"PlayerSync","id=207 bytes=45","cf 46 00 80 80 6b ff c2 00 12 01 5f 30 fa 78 48 51 40 12 1f 90 80 00 00 00 02 25 97 c0 00 03 e3 fc 00 f8 5f 77 5f 5f fd fd c8 04 02 80",""
1423,8337,"PACKET","OUT",203,32,"AimSync","id=203 bytes=32","cb 00 00 00 39 05 00 00 00 00 00 00 00 00 00 00 00 40 01 00 00 00 80 3f 00 00 f3 04 b5 3f 39 05",""
1424,8341,"PACKET","IN",207,45,"PlayerSync","id=207 bytes=45","cf 1a 00 a0 00 65 7f c0 00 35 0c 2b 30 d9 ba 09 91 55 77 1f d0 84 00 00 00 01 a3 79 80 00 03 89 0f 34 f7 2c 47 8c fb fd fd e9 04 02 80",""
1425,8342,"PACKET","IN",200,44,"VehicleSync","id=200 bytes=44","c8 38 00 30 00 00 00 00 00 00 00 06 31 21 20 2c ef b8 da da cc 32 03 c2 74 5f ce e7 f4 2b ac 1e 53 c1 e1 90 f6 84 bc 85 a0 5d f0 00",""
1426,8342,"PACKET","IN",207,45,"PlayerSync","id=207 bytes=45","cf 46 00 80 80 6b ff c2 00 26 fb de f0 cb f8 c8 51 40 12 1f 90 80 00 00 00 02 ad 97 c0 00 03 e3 fc 00 f8 d7 76 e3 5f fd fd c8 04 02 80",""
1427,8342,"PACKET","IN",207,45,"PlayerSync","id=207 bytes=45","cf 1a 00 a0 00 65 7f c0 00 06 ce ab 30 ed b9 c9 91 5f 78 df d0 84 00 00 00 02 17 75 80 00 02 9e 17 38 f7 78 47 10 fb fd fd e9 04 02 80",""
1428,8342,"PACKET","IN",207,45,"PlayerSync","id=207 bytes=45","cf 46 00 80 80 6b bf c2 00 3a f6 de f0 d5 f9 08 51 40 12 1f 90 80 00 00 00 03 11 97 c0 00 02 85 eb f0 f5 3b 76 77 5f fd fd c8 04 02 80",""
1429,8342,"PACKET","IN",203,34,"AimSync","id=203 bytes=34","cb 46 00 04 e3 29 38 3f 50 9a 30 3f a0 20 a6 bd 11 e7 7f c3 4f a6 21 45 cc 3f 81 42 00 00 00 00 23 37",""
1430,8343,"PACKET","IN",207,35,"PlayerSync","id=207 bytes=35","cf 55 00 00 00 3e e0 24 70 de 62 c9 91 5c e2 9f 90 84 00 00 00 02 61 2b c0 00 00 00 00 00 01 a8 04 04 18",""
1431,8343,"PACKET","IN",207,35,"PlayerSync","id=207 bytes=35","cf 2d 00 00 00 3c 58 68 30 c1 50 49 d1 7b 67 1f 10 84 00 00 00 02 aa b3 c0 00 00 00 00 00 01 28 00 04 11",""
1432,8361,"PACKET","IN",207,45,"PlayerSync","id=207 bytes=45","cf 1a 00 a0 00 65 7f c0 00 21 90 eb 30 c2 79 c9 91 6b ba 9f d0 84 00 00 00 02 97 71 80 00 00 3c ff 38 f7 e4 41 35 03 fd fd e9 04 02 80",""
1433,8362,"PACKET","IN",207,35,"PlayerSync","id=207 bytes=35","cf 4d 00 00 00 02 00 23 30 e6 e4 09 91 70 1e 9e 90 84 00 00 00 03 da d0 80 00 00 00 00 00 01 28 00 04 11",""
1434,8384,"PACKET","IN",207,45,"PlayerSync","id=207 bytes=45","cf 1a 00 a0 00 65 7f c0 00 33 13 2b 30 d9 39 89 91 6c 7c 5f d0 84 00 00 00 03 0f 6d 80 00 03 8b 2f 24 f4 78 43 45 07 fd fd e9 04 02 80",""
1435,8385,"PACKET","IN",207,45,"PlayerSync","id=207 bytes=45","cf 46 00 80 80 6b bf c2 00 16 f2 1e f0 df 39 48 51 40 12 1f 90 80 00 00 00 03 7d 97 c0 00 00 10 03 f0 f5 87 76 27 5f fd fd c8 04 02 80",""
1436,8385,"PACKET","IN",207,45,"PlayerSync","id=207 bytes=45","cf 46 00 80 80 6b bf c2 00 17 ac de f0 ed b9 88 51 40 12 1f 90 80 00 00 00 03 d9 97 c0 00 03 1b 67 cc f5 d3 75 d3 5f fd fd c8 04 02 80",""
1437,8385,"PACKET","IN",207,45,"PlayerSync","id=207 bytes=45","cf 1a 00 a0 00 65 7f c0 00 05 15 ab 30 f1 39 49 91 69 3e 1f d0 84 00 00 00 03 8f 69 80 00 00 fc 93 24 f5 24 3d 55 0f fd fd e9 04 02 80",""
1438,8385,"PACKET","IN",200,44,"VehicleSync","id=200 bytes=44","c8 38 00 30 00 00 00 00 00 00 00 09 20 95 60 23 bf ce 1b 6a cc 3e 83 b2 74 5c c4 78 04 24 14 66 03 d2 e4 a9 a7 9f 4f 35 a0 5d f0 00",""
1439,8385,"PACKET","IN",207,35,"PlayerSync","id=207 bytes=35","cf 54 00 00 00 05 77 63 70 c5 21 c9 91 65 24 1e 90 80 00 00 00 00 12 8e c0 00 00 00 00 00 01 28 00 04 11",""
1440,8385,"PACKET","IN",207,35,"PlayerSync","id=207 bytes=35","cf 63 00 00 00 35 23 63 70 dd 23 09 91 54 21 9e 90 80 00 00 00 02 22 63 80 00 00 00 00 00 01 a5 04 e8 80",""
1441,8409,"PACKET","IN",207,45,"PlayerSync","id=207 bytes=45","cf 1a 00 a0 00 65 7f c0 00 07 97 eb 30 cb 79 49 91 56 3f df d0 84 00 00 00 00 13 69 80 00 01 0f 33 08 f5 f8 3b 59 13 fd fd e9 04 02 80",""
1442,8410,"PACKET","IN",207,45,"PlayerSync","id=207 bytes=45","cf 46 00 80 80 6b bf c2 00 14 26 de f0 c7 ba 08 51 40 12 1f 90 80 00 00 00 00 2d 9b c0 00 02 6e f7 c4 f6 1b 75 8b 5f fd fd c8 04 02 80",""
1443,8430,"PACKET","IN",207,45,"PlayerSync","id=207 bytes=45","cf 46 00 80 80 6b bf c2 00 24 61 1e f0 dc ba 48 51 40 12 1f 90 80 00 00 00 00 79 9b c0 00 02 56 67 b4 f6 57 75 47 5f fd fd c8 04 02 80",""
1444,8430,"PACKET","IN",207,45,"PlayerSync","id=207 bytes=45","cf 1a 00 a0 00 65 7f c0 00 0c 9a 2b 30 e6 b9 09 91 40 80 e0 10 84 00 00 00 00 9f 65 80 00 02 7f 5f 04 f6 e8 35 49 1b fd fd e9 04 02 80",""
1445,8431,"PACKET","IN",207,39,"PlayerSync","id=207 bytes=39","cf 85 00 c0 7f e0 3f c0 00 0b e5 a5 b0 ce 81 09 d1 6c 24 9f 10 80 00 00 00 02 bb 51 80 00 00 00 00 00 01 28 00 04 11",""
1446,8455,"PACKET","IN",207,45,"PlayerSync","id=207 bytes=45","cf 1a 00 a0 00 65 7f c0 00 14 1c 6b 30 c2 f9 09 91 55 01 a0 10 84 00 00 00 01 2b 61 80 00 01 e2 87 08 f4 00 37 29 1f fd fd e9 04 02 80",""
1447,8455,"PACKET","IN",207,45,"PlayerSync","id=207 bytes=45","cf 46 00 80 80 6b bf c2 00 33 dc 5e f0 e2 ba 88 51 40 12 1f 90 80 00 00 00 00 bd 9b c0 00 03 f2 17 a4 f6 93 75 0b 5f fd fd c8 04 02 80",""
1448,8456,"PACKET","IN",207,35,"PlayerSync","id=207 bytes=35","cf 60 00 00 00 01 5b 23 b0 d7 8c c9 91 41 6c 5e 90 84 00 00 00 03 e6 19 c0 00 00 00 00 00 01 fb 04 04 80",""
1449,8456,"PACKET","IN",203,34,"AimSync","id=203 bytes=34","cb 60 00 04 86 48 6b bf a6 f8 c6 3e b6 f4 85 bd 5f d7 8c c3 fb 1d 26 45 d9 fd 7d 42 00 00 00 00 3f 36",""
1450,8456,"PACKET","IN",207,45,"PlayerSync","id=207 bytes=45","cf 1a 00 a0 00 65 7f c0 00 25 de ab 30 df b8 c9 91 6b 02 60 10 84 00 00 00 01 c3 5d 80 00 02 ad 1f 0c f5 30 31 01 27 fd fd e9 04 02 80",""
1451,8456,"PACKET","IN",207,45,"PlayerSync","id=207 bytes=45","cf 46 00 80 80 6b bf c2 00 2a 96 5e f0 fc ba c8 51 40 12 1f 90 80 00 00 00 00 fd 9b c0 00 02 7a 67 9c f6 c3 74 d3 5f fd fd c8 04 02 80",""
1452,8456,"PACKET","IN",207,45,"PlayerSync","id=207 bytes=45","cf 70 00 83 00 7a 7f c0 00 10 bb e3 70 ea 5e 89 91 5a a4 5e 90 80 00 00 00 02 4a d3 00 00 03 65 94 18 f4 bb fd a2 3b fd fd 00 00 00 80",""
1453,8456,"PACKET","IN",203,34,"AimSync","id=203 bytes=34","cb 70 00 04 f8 96 77 3f 15 e1 1b 3e c8 7c 50 be 66 86 8f c3 ac 72 26 45 d9 9f 7f 42 00 00 00 00 3f c6",""
1454,8456,"PACKET","IN",207,35,"PlayerSync","id=207 bytes=35","cf 7c 00 00 00 35 a2 e2 70 da 28 89 91 5f 9d de 90 80 00 00 00 01 98 6a 40 00 00 00 00 00 01 28 00 04 11",""
1455,8478,"PACKET","IN",207,45,"PlayerSync","id=207 bytes=45","cf 1a 00 a0 00 65 7f c0 00 09 a1 2b 30 fc b8 89 91 50 83 60 10 84 00 00 00 02 53 59 80 00 02 df df 20 f6 84 2e c1 2b fd fd e9 04 02 80",""
1456,8479,"PACKET","IN",200,44,"VehicleSync","id=200 bytes=44","c8 38 00 30 00 00 00 00 00 00 00 0c d0 19 f0 35 7f c0 6c 0a cc 3d 13 b2 74 57 1a 48 04 2a e5 03 c3 d9 f4 0a 07 e3 2e f5 a0 5d f0 00",""
1457,8479,"PACKET","IN",207,35,"PlayerSync","id=207 bytes=35","cf 92 00 00 00 22 0a a3 30 e7 59 49 91 6d 9f 1e 90 84 00 00 00 02 9b 21 c0 00 00 00 00 00 01 a5 04 04 80",""
1458,8500,"PACKET","IN",207,45,"PlayerSync","id=207 bytes=45","cf 1a 00 a0 00 65 7f c0 00 34 a3 6b 30 da 78 89 91 7e c4 20 10 84 00 00 00 02 e7 55 80 00 03 b0 97 28 f7 e8 28 85 33 fd fd e9 04 02 80",""
1459,8500,"PACKET","IN",207,45,"PlayerSync","id=207 bytes=45","cf 46 00 80 80 6b bf c2 00 2d 10 9e f0 d2 3b 48 51 40 12 1f 90 80 00 00 00 01 39 9b c0 00 01 ee 67 9c f6 f3 74 9f 5f fd fd c8 04 02 80",""
1460,8500,"PACKET","IN",207,45,"PlayerSync","id=207 bytes=45","cf 70 00 83 80 76 7f c0 00 16 fa 23 70 e9 1e 89 91 46 a4 5e 90 80 00 00 00 00 32 df 00 00 03 59 94 18 f7 43 fc a5 e7 fd fd 00 00 00 80",""
1461,8529,"PACKET","IN",207,45,"PlayerSync","id=207 bytes=45","cf 1a 00 a0 00 65 3f c2 00 2d 25 eb 30 f8 78 49 91 70 85 20 10 84 00 00 00 00 9f 55 80 00 03 22 3f 30 f5 68 2a 41 37 fd fd e9 04 02 80",""
1462,8529,"PACKET","IN",207,45,"PlayerSync","id=207 bytes=45","cf 46 00 80 80 6b bf c2 00 01 c6 9e f0 e9 3b c8 51 40 12 1f 90 80 00 00 00 01 a5 9b c0 00 02 ee 67 9c f7 4b 74 43 5f fd fd c8 04 02 80",""
1463,8529,"PACKET","IN",207,45,"PlayerSync","id=207 bytes=45","cf 70 00 83 80 74 7f c0 00 39 b9 23 70 e8 9e 89 91 7c 64 1e 90 80 00 00 00 01 b2 d3 00 00 03 5d 94 18 f7 db fc 71 f7 fd fd 00 00 00 80",""
1464,8529,"PACKET","IN",207,45,"PlayerSync","id=207 bytes=45","cf 1a 00 a0 80 64 ff c2 00 23 28 6b 30 d7 78 49 91 60 06 20 10 84 00 00 00 00 57 51 80 00 03 e8 df 2c f7 cc 26 11 3b fd fd e9 04 02 80",""
1465,8529,"PACKET","IN",207,45,"PlayerSync","id=207 bytes=45","cf 70 00 83 80 73 bf c0 00 1d 79 23 70 f3 de 89 91 7b 24 1e 90 80 00 00 00 02 ca cf 00 00 02 db a1 74 f2 06 98 43 eb fd fd 00 00 00 80",""
1466,8550,"PACKET","IN",207,45,"PlayerSync","id=207 bytes=45","cf 1a 00 a0 80 64 ff c2 00 1c 6a eb 30 f7 b8 09 91 4e 07 20 10 84 00 00 00 00 d7 4d 80 00 00 cb 13 28 f4 e4 25 25 43 fd fd e9 04 02 80",""
1467,8551,"PACKET","IN",207,45,"PlayerSync","id=207 bytes=45","cf 46 00 80 80 6b bf c2 00 32 81 9e f0 f0 7c 08 51 40 12 1f 90 80 00 00 00 01 d9 9b c0 00 03 ae 87 c4 f7 6f 74 1b 5f fd fd c8 04 02 80",""
1468,8551,"PACKET","IN",207,45,"PlayerSync","id=207 bytes=45","cf 70 00 83 00 72 bf c0 00 3b f8 e3 70 c0 1e c9 91 79 a4 1e 90 80 00 00 00 00 92 c7 00 00 00 d8 b1 a8 f1 e6 a4 5f e7 fd fd 00 00 00 80",""
1469,8551,"PACKET","IN",207,45,"PlayerSync","id=207 bytes=45","cf 1a 00 a0 00 64 bf c0 00 0a 2d 6b 30 d9 b8 09 91 75 87 e0 10 84 00 00 00 00 6b 4d 80 00 00 64 97 1c f6 98 22 f5 47 fd fd e9 04 02 80",""
1470,8551,"PACKET","IN",200,44,"VehicleSync","id=200 bytes=44","c8 38 00 30 00 00 00 00 00 00 00 4b 10 43 80 44 2f c7 ec 9a cc 3d 53 b2 74 5f 3d a8 04 22 a8 1e 43 ca 41 9f 07 ed 8c c5 a0 5d f0 00",""
1471,8551,"PACKET","IN",207,41,"PlayerSync","id=207 bytes=41","cf 70 00 00 00 0b f8 e3 70 cb de c9 91 77 64 1e 90 80 00 00 00 00 92 c7 00 00 00 f2 dd ec f3 5a e4 bb cb fd fd 00 00 00 80",""
1472,8551,"PACKET","IN",207,37,"PlayerSync","id=207 bytes=37","cf 85 00 60 3f c0 00 0b e5 a5 b0 ce 81 09 d1 6c 24 9f 10 80 00 00 00 02 bb 51 80 00 00 00 00 00 01 28 00 04 11",""
1473,8576,"RPC","IN",86,27,"ApplyPlayerAnimation","id=86 bytes=27","0b 00 07 42 44 5f 46 49 52 45 07 77 61 73 68 5f 75 70 33 33 83 40 80 00 00 00 00",""
1474,8576,"PACKET","IN",207,45,"PlayerSync","id=207 bytes=45","cf 46 00 80 80 6b bf c2 00 00 fc de b0 f9 bc 48 51 40 12 1f 90 80 00 00 00 02 09 9b c0 00 03 ff ff d4 f7 97 77 f3 5b fd fd c8 04 02 80",""
1475,8577,"PACKET","IN",207,45,"PlayerSync","id=207 bytes=45","cf 1a 00 a0 80 64 bf c0 00 37 af ab 30 fb b7 c9 91 5d 08 e0 10 84 00 00 00 02 eb 45 80 00 03 dc 77 18 f6 54 23 a5 47 fd fd e9 04 02 80",""
1476,8596,"RPC","IN",99,42,"MoveObject","id=99 bytes=42","a0 00 f8 e3 a1 c3 d7 9b 26 45 53 c5 7d 42 f8 e3 a1 c3 d7 9b 26 45 ed 5e 7b 42 00 00 80 3e 00 00 00 00 00 00 00 00 08 cc 84 43",""
1477,8596,"RPC","IN",122,2,"StopObject","id=122 bytes=2","a0 00",""
1478,8596,"RPC","IN",99,42,"MoveObject","id=99 bytes=42","a0 00 f8 e3 a1 c3 d7 9b 26 45 53 c5 7d 42 f8 e3 a1 c3 d7 9b 26 45 53 c5 7d 42 00 00 80 3e 00 00 00 00 00 00 00 00 08 cc 84 43",""
1479,8596,"RPC","IN",122,2,"StopObject","id=122 bytes=2","a0 00",""
1480,8596,"RPC","IN",99,42,"MoveObject","id=99 bytes=42","a0 00 f8 e3 a1 c3 d7 9b 26 45 53 c5 7d 42 f8 e3 a1 c3 d7 9b 26 45 ed 5e 7b 42 00 00 80 3e 00 00 00 00 00 00 00 00 08 cc 84 43",""
1481,8596,"RPC","IN",122,2,"StopObject","id=122 bytes=2","a0 00",""
1482,8596,"RPC","IN",99,42,"MoveObject","id=99 bytes=42","a0 00 f8 e3 a1 c3 d7 9b 26 45 53 c5 7d 42 f8 e3 a1 c3 d7 9b 26 45 53 c5 7d 42 00 00 80 3e 00 00 00 00 00 00 00 00 08 cc 84 43",""
1483,8596,"RPC","IN",122,2,"StopObject","id=122 bytes=2","a0 00",""
1484,8596,"RPC","IN",99,42,"MoveObject","id=99 bytes=42","a0 00 f8 e3 a1 c3 d7 9b 26 45 53 c5 7d 42 f8 e3 a1 c3 d7 9b 26 45 ed 5e 7b 42 00 00 80 3e 00 00 00 00 00 00 00 00 08 cc 84 43",""
1485,8596,"RPC","IN",122,2,"StopObject","id=122 bytes=2","a0 00",""
1486,8596,"RPC","IN",99,42,"MoveObject","id=99 bytes=42","a0 00 f8 e3 a1 c3 d7 9b 26 45 53 c5 7d 42 f8 e3 a1 c3 d7 9b 26 45 53 c5 7d 42 00 00 80 3e 00 00 00 00 00 00 00 00 08 cc 84 43",""
1487,8596,"RPC","IN",122,2,"StopObject","id=122 bytes=2","a0 00",""
1488,8597,"RPC","IN",99,42,"MoveObject","id=99 bytes=42","a0 00 f8 e3 a1 c3 d7 9b 26 45 53 c5 7d 42 f8 e3 a1 c3 d7 9b 26 45 ed 5e 7b 42 00 00 80 3e 00 00 00 00 00 00 00 00 08 cc 84 43",""
1489,8597,"RPC","IN",122,2,"StopObject","id=122 bytes=2","a0 00",""
1490,8597,"RPC","IN",99,42,"MoveObject","id=99 bytes=42","a0 00 f8 e3 a1 c3 d7 9b 26 45 53 c5 7d 42 f8 e3 a1 c3 d7 9b 26 45 53 c5 7d 42 00 00 80 3e 00 00 00 00 00 00 00 00 08 cc 84 43",""
1491,8597,"RPC","IN",122,2,"StopObject","id=122 bytes=2","a0 00",""
1492,8597,"RPC","IN",99,42,"MoveObject","id=99 bytes=42","a0 00 f8 e3 a1 c3 d7 9b 26 45 53 c5 7d 42 f8 e3 a1 c3 d7 9b 26 45 ed 5e 7b 42 00 00 80 3e 00 00 00 00 00 00 00 00 08 cc 84 43",""
1493,8597,"RPC","IN",122,2,"StopObject","id=122 bytes=2","a0 00",""
1494,8597,"RPC","IN",99,42,"MoveObject","id=99 bytes=42","a0 00 f8 e3 a1 c3 d7 9b 26 45 53 c5 7d 42 f8 e3 a1 c3 d7 9b 26 45 53 c5 7d 42 00 00 80 3e 00 00 00 00 00 00 00 00 08 cc 84 43",""
1495,8597,"PACKET","IN",207,45,"PlayerSync","id=207 bytes=45","cf 1a 00 a0 00 64 bf c0 00 20 f2 2b 30 df b7 c9 91 40 09 e0 10 84 00 00 00 01 57 45 80 00 01 34 3b 10 f6 f0 1c b1 53 fd fd e9 04 02 80",""
1496,8597,"PACKET","IN",207,45,"PlayerSync","id=207 bytes=45","cf 46 00 80 80 6b bf c2 00 0b 71 5e b0 e3 7d 08 51 40 12 1f 90 80 00 00 00 02 69 9b c0 00 03 e8 a7 f0 f7 df 77 a3 5b fd fd c8 04 02 80",""
1497,8597,"RPC","IN",87,2,"ClearPlayerAnimation","id=87 bytes=2","54 00",""
1498,8598,"RPC","IN",86,29,"ApplyPlayerAnimation","id=86 bytes=29","54 00 05 43 41 52 52 59 0b 63 72 72 79 5f 70 72 74 69 61 6c 33 33 83 40 00 00 00 00 00",""
1499,8619,"PACKET","IN",207,45,"PlayerSync","id=207 bytes=45","cf 1a 00 a0 00 64 bf c0 00 13 74 ab 30 c3 b7 c9 91 65 8a a0 10 84 00 00 00 01 c7 41 80 00 02 1c bb 18 f6 00 1f 45 53 fd fd e9 04 02 80",""
1500,8619,"PACKET","IN",207,45,"PlayerSync","id=207 bytes=45","cf 46 00 80 80 6b bf c2 00 18 ac 5e b0 ec bd 48 51 40 12 1f 90 80 00 00 00 02 99 9b c0 00 00 c4 cf f4 f4 03 7b 7f 5b fd fd c8 04 02 80",""
1501,8645,"PACKET","IN",207,45,"PlayerSync","id=207 bytes=45","cf 1a 00 a0 80 64 bf c0 00 0f b7 2b 30 e8 37 89 91 4d 0b a0 10 84 00 00 00 00 27 3d 80 00 03 d5 5b 20 f7 f4 19 15 5b fd fd e9 04 02 80",""
1502,8645,"PACKET","IN",200,44,"VehicleSync","id=200 bytes=44","c8 38 00 30 00 00 00 00 00 00 00 49 10 99 a0 32 1f ce 4d 1a cc 3d d3 b2 74 5f 9e 38 04 25 9f ba 73 c9 10 11 17 f0 d6 c5 a0 5d f0 00",""
1503,8646,"PACKET","IN",207,41,"PlayerSync","id=207 bytes=41","cf 70 00 00 00 28 f7 63 70 f0 5e c9 91 67 24 1e 90 80 00 00 00 00 92 c7 00 00 00 09 31 b8 f0 fa d5 97 d3 fd fd 00 00 00 80",""
1504,8646,"PACKET","IN",207,35,"PlayerSync","id=207 bytes=35","cf 02 00 00 00 2d a2 e3 70 ee 9a 89 91 77 a3 1e 90 80 00 00 00 00 8a aa c0 00 00 00 00 00 01 28 00 04 11",""
1505,8646,"PACKET","IN",207,43,"PlayerSync","id=207 bytes=43","cf 46 00 6b bf c2 00 21 67 5e b0 f5 fd 88 51 40 12 1f 90 80 00 00 00 02 c5 9b c0 00 00 82 d7 f0 f4 23 7b 57 5b fd fd c8 04 02 80",""
1506,8646,"PACKET","IN",207,45,"PlayerSync","id=207 bytes=45","cf 1a 00 a0 80 64 ff c0 00 18 f9 ab 30 cd f7 89 91 76 0c 60 10 84 00 00 00 03 4f 35 80 00 01 61 43 28 f4 e8 1a 35 63 fd fd e9 04 02 80",""
1507,8646,"PACKET","IN",207,43,"PlayerSync","id=207 bytes=43","cf 46 00 6b bf c2 00 3d 22 5e b0 fe 3d c8 51 40 12 1f 90 80 00 00 00 01 39 97 c0 00 03 3b 33 e8 f4 47 7b 33 5b fd fd c8 04 02 80",""
1508,8646,"PACKET","IN",207,35,"PlayerSync","id=207 bytes=35","cf 97 00 00 00 3d e7 a8 30 e4 09 c9 d1 7b 67 1f 10 84 00 00 00 00 0f 03 e8 00 00 00 00 00 01 28 00 04 11",""
1509,8646,"PACKET","IN",203,34,"AimSync","id=203 bytes=34","cb 97 00 04 9c ee 4f bf c4 17 d2 3e 33 47 d4 be 38 08 a0 c3 0b 1e 27 45 74 b5 80 42 00 00 00 00 3f 36",""
1510,8667,"PACKET","IN",207,45,"PlayerSync","id=207 bytes=45","cf 1a 00 a1 00 64 ff ca 00 2c 3c 2b 30 f4 b7 49 91 60 0d 60 10 84 00 00 00 01 8b 31 80 00 01 25 23 30 f6 74 16 05 6b fd fd e9 04 02 80",""
1511,8667,"RPC","IN",16,16,"PlaySound","id=16 bytes=16","92 7e 00 00 00 00 00 00 00 00 00 00 00 00 00 00",""
1512,8667,"RPC","IN",134,80,"ShowTextDraw","id=134 bytes=80","2c 08 11 9a 99 19 3f 00 00 00 40 1a ff 00 aa 00 00 cc 42 00 00 a0 41 00 00 00 32 00 01 00 00 00 ff 04 00 00 00 59 43 00 00 b8 43 00 00 00 00 00 00 00 00 00 00 00 00 00 00 00 00 80 3f ff ff ff ff 0d 00 6c 64 5f 64 75 61 6c 3a 77 68 69 74 65",""
1513,8668,"PACKET","OUT",207,69,"PlayerSync","id=207 bytes=69","cf 00 00 00 00 00 00 67 0a 9b c3 6b 06 27 45 ed 9c 7c 42 11 b2 39 3f 00 00 00 80 00 00 00 00 14 38 30 bf 64 00 04 00 00 00 00 00 00 00 00 00 00 00 00 00 00 00 00 00 00 00 00 00 00 00 00 00 00 00 28 00 04 11",""
1514,8693,"PACKET","IN",207,45,"PlayerSync","id=207 bytes=45","cf 1a 00 a1 00 64 ff c0 00 20 7e eb 30 db f7 49 91 52 ce 60 10 84 00 00 00 01 8b 31 80 00 03 40 43 5c f7 b8 13 41 73 fd fd ad 04 08 80",""
1515,8694,"PACKET","IN",207,43,"PlayerSync","id=207 bytes=43","cf 46 00 6b bf c2 00 23 d8 5e b0 d6 be 88 51 40 12 1f 90 80 00 00 00 01 89 97 c0 00 01 81 9b c8 f4 43 77 7f 5f fd fd c8 04 02 80",""
1516,8694,"RPC","IN",105,7,"TextDrawSetString","id=105 bytes=7","26 08 03 00 31 30 30",""
1517,8694,"RPC","IN",105,5,"TextDrawSetString","id=105 bytes=5","27 08 01 00 30",""
1518,8694,"RPC","IN",105,6,"TextDrawSetString","id=105 bytes=6","28 08 02 00 34 38",""
1519,8694,"RPC","IN",105,5,"TextDrawSetString","id=105 bytes=5","29 08 01 00 37",""
1520,8694,"RPC","IN",105,7,"TextDrawSetString","id=105 bytes=7","2a 08 03 00 31 30 30",""
1521,8694,"PACKET","IN",207,45,"PlayerSync","id=207 bytes=45","cf 1a 00 a1 00 64 ff c0 00 2c c4 2b 70 eb 77 09 91 67 9a a0 10 84 00 00 00 01 8b 31 80 00 02 d4 29 c8 fa 5c 51 29 85 f2 f9 ab 04 08 80",""
1522,8712,"RPC","IN",95,24,"CreatePickup","id=95 bytes=24","3d 00 00 00 ba 04 00 00 17 00 00 00 ec 71 61 c3 52 68 22 45 65 d9 7a 42",""
1523,8713,"PACKET","IN",207,45,"PlayerSync","id=207 bytes=45","cf 1a 00 a1 00 64 ff c0 00 3e 49 6b 70 fa b6 c9 91 4f a6 60 10 84 00 00 00 01 8b 31 80 00 03 69 f9 b8 f8 74 4f 79 82 a2 ed ab 04 08 80",""
1524,8713,"PACKET","IN",200,44,"VehicleSync","id=200 bytes=44","c8 38 00 30 00 00 00 00 00 00 00 42 30 d1 b0 20 3f ce fd 8a cc 3f 63 b2 74 53 2d 08 04 27 5a 3b 73 c5 a2 54 f8 5c 82 55 a0 5d f0 00",""
1525,8713,"PACKET","IN",207,35,"PlayerSync","id=207 bytes=35","cf 54 00 00 00 05 77 63 70 c5 21 c9 91 65 24 1e 90 80 00 00 00 00 12 8e c0 00 00 00 00 00 01 a5 04 04 80",""
1526,8713,"PACKET","IN",207,41,"PlayerSync","id=207 bytes=41","cf 70 00 00 00 2d b7 63 70 f1 5e c9 91 67 24 1e 90 80 00 00 00 00 92 c7 00 00 00 0a c1 20 f3 87 fd ae 17 fd fd 00 00 00 80",""
1527,8713,"PACKET","IN",207,35,"PlayerSync","id=207 bytes=35","cf 7e 00 00 00 13 27 28 30 cd 86 09 d1 7b 67 1f 10 84 00 00 00 01 42 b3 94 00 00 00 00 00 01 28 00 04 11",""
1528,8737,"PACKET","IN",207,45,"PlayerSync","id=207 bytes=45","cf 1a 00 a1 00 64 ff c0 00 0f 0e eb 70 c9 f6 c9 91 7d f1 20 10 84 00 00 00 01 8b 31 80 00 00 1c 71 ac fa ac 45 d1 82 da e1 ab 04 08 80",""
1529,8737,"PACKET","IN",207,35,"PlayerSync","id=207 bytes=35","cf 1f 00 00 00 26 a3 e3 70 c2 1d 89 91 42 a3 5e 90 80 00 00 00 02 c2 27 00 00 00 00 00 00 01 28 00 04 11",""
1530,8737,"PACKET","IN",207,43,"PlayerSync","id=207 bytes=43","cf 46 00 6b bf c2 00 3f 0b de b0 d1 bf 48 51 40 12 1f 90 80 00 00 00 01 c5 97 c0 00 03 fd ab a0 f4 7b 77 47 5f fd fd c8 04 02 80",""
1531,8738,"PACKET","IN",207,45,"PlayerSync","id=207 bytes=45","cf 1a 00 a1 00 64 ff c0 00 1f d4 2b 70 d9 36 89 91 73 3b 60 10 84 00 00 00 01 8b 31 80 00 02 07 8d 9c f9 08 40 35 82 92 d5 ab 04 08 80",""
1532,8738,"PACKET","IN",207,35,"PlayerSync","id=207 bytes=35","cf 1c 00 00 00 2d 1d 28 30 f6 cc c9 d1 7b 67 1f 10 84 00 00 00 00 65 93 00 00 00 00 00 00 01 28 00 04 11",""
1533,8762,"PACKET","IN",207,45,"PlayerSync","id=207 bytes=45","cf 1a 00 a1 00 64 ff c0 00 35 99 6b 70 e8 76 49 91 77 04 e0 50 84 00 00 00 01 8b 31 80 00 00 e7 51 90 fb 8c 3a a5 7d be c9 ab 04 08 80",""
1534,8762,"PACKET","IN",207,35,"PlayerSync","id=207 bytes=35","cf 29 00 00 00 28 26 a8 30 d1 15 49 d1 7b 67 1f 10 84 00 00 00 03 a9 ff c0 00 00 00 00 00 01 28 00 04 11",""
1535,8763,"PACKET","IN",207,43,"PlayerSync","id=207 bytes=43","cf 46 00 6b bf c2 00 12 06 5e b0 e7 3f 88 51 40 12 1f 90 80 00 00 00 01 d9 97 c0 00 00 04 03 78 f4 8f 77 2f 5f fd fd c8 04 02 80",""
1536,8763,"RPC","IN",86,27,"ApplyPlayerAnimation","id=86 bytes=27","63 00 07 42 44 5f 46 49 52 45 07 77 61 73 68 5f 75 70 33 33 83 40 80 00 00 00 00",""
1537,8783,"PACKET","IN",207,45,"PlayerSync","id=207 bytes=45","cf 1a 00 a1 00 64 ff c0 00 05 5e eb 70 f7 f6 09 91 77 0d a0 50 84 00 00 00 01 8b 31 80 00 00 43 d9 84 fa 4c 35 25 7c 7e bd ab 04 08 80",""
1538,8783,"PACKET","IN",207,43,"PlayerSync","id=207 bytes=43","cf 46 00 6b bf c2 00 29 c0 de b0 f8 bf c8 51 40 12 1f 90 80 00 00 00 01 e9 97 c0 00 02 96 1f 7c f4 9b 77 23 5f fd fd c8 04 02 80",""
1539,8783,"PACKET","IN",207,35,"PlayerSync","id=207 bytes=35","cf 51 00 00 00 1b 0a e3 30 cf a8 49 91 58 dd 9e 90 84 00 00 00 01 37 17 c0 00 00 00 00 00 01 28 00 04 11",""
1540,8783,"PACKET","IN",207,35,"PlayerSync","id=207 bytes=35","cf 70 00 00 00 2d b7 63 70 f1 5e c9 91 67 24 1e 90 80 00 00 00 00 92 c7 00 00 00 00 00 00 01 00 00 00 80",""
1541,8810,"PACKET","IN",207,45,"PlayerSync","id=207 bytes=45","cf 1a 00 a1 00 64 ff c0 00 14 24 2b 70 c7 76 09 91 7b d5 a0 50 84 00 00 00 01 8b 31 80 00 02 d1 1d 7c f9 48 33 b5 7a c2 ad ab 04 08 80",""
1542,8811,"PACKET","IN",200,44,"VehicleSync","id=200 bytes=44","c8 38 00 30 00 00 00 00 00 00 00 46 b0 f0 b0 0f 1f ba dd ea cc 33 e3 c2 74 55 fa 48 04 24 8d 4a 73 cc 05 7c 79 80 b0 95 a0 5d f0 00",""
1543,8811,"PACKET","IN",207,43,"PlayerSync","id=207 bytes=43","cf 46 00 6b bf c2 00 02 7c 5e 70 fe c0 08 91 40 12 1f 90 80 00 00 00 01 e9 97 c0 00 01 99 9b 80 f4 a7 77 17 5f fd fd c8 04 02 80",""
1544,8811,"PACKET","IN",207,45,"PlayerSync","id=207 bytes=45","cf 1a 00 a1 00 64 ff c0 00 21 69 6b 70 d6 f5 c9 91 45 1d 20 50 84 00 00 00 01 8b 31 80 00 03 17 29 70 f8 8c 2e 59 78 92 a1 ab 04 08 80",""
1545,8811,"PACKET","IN",207,43,"PlayerSync","id=207 bytes=43","cf 46 00 6b bf c2 00 15 36 1e 70 db c0 88 91 40 12 1f 90 80 00 00 00 01 e9 97 c0 00 02 e1 77 a4 f4 a7 77 17 5f fd fd c8 04 02 80",""
1546,8833,"RPC","IN",86,26,"ApplyPlayerAnimation","id=86 bytes=26","1a 00 03 70 65 64 0a 70 68 6f 6e 65 5f 74 61 6c 6b 33 33 83 40 f0 10 00 00 00",""
1547,8833,"RPC","IN",113,59,"SetPlayerAttachedObject","id=113 bytes=59","1a 00 09 00 00 00 da a4 80 00 03 00 00 00 1d 65 50 9e cc cd 22 1e c6 cc e2 1e 00 00 00 00 00 00 00 00 49 8c 99 a1 80 00 40 1f 80 00 40 1f 80 00 40 1f 80 00 00 00 00 00 00 00 00",""
1548,8834,"PACKET","IN",207,45,"PlayerSync","id=207 bytes=45","cf 1a 00 a1 00 64 ff c0 00 29 ae ab 70 e6 b5 89 91 4e a3 a0 50 84 00 00 00 01 8b 31 80 00 00 fe 09 68 f8 28 29 19 79 fe 91 ab 04 08 80",""
1549,8834,"PACKET","IN",207,43,"PlayerSync","id=207 bytes=43","cf 46 00 6b bf c2 00 04 ef 9e 70 fe c0 c8 91 40 12 1f 90 80 00 00 00 01 e9 97 c0 00 02 a8 0f c8 f4 a7 77 17 5f fd fd c8 04 02 80",""
1550,8860,"PACKET","IN",207,45,"PlayerSync","id=207 bytes=45","cf 1a 00 a1 00 64 ff c0 00 33 33 eb 70 f6 75 49 91 60 a9 60 50 84 00 00 00 01 8b 31 80 00 02 b5 b1 60 f8 18 27 f1 76 f6 81 ab 04 08 80",""
1551,8861,"PACKET","IN",207,35,"PlayerSync","id=207 bytes=35","cf 53 00 00 00 29 67 a8 30 de 18 09 d1 7a e7 1f 10 84 00 00 00 02 ba 42 c0 00 00 00 00 00 01 a5 04 04 80",""
1552,8861,"PACKET","IN",207,35,"PlayerSync","id=207 bytes=35","cf 76 00 00 00 0e 87 a2 f0 c1 28 c9 91 5a 1c 1e 90 84 00 00 00 03 6c 9f 40 00 00 00 00 00 01 28 00 04 11",""
1553,8861,"RPC","IN",87,2,"ClearPlayerAnimation","id=87 bytes=2","1c 00",""
1554,8861,"RPC","IN",86,29,"ApplyPlayerAnimation","id=86 bytes=29","1c 00 05 43 41 52 52 59 0b 63 72 72 79 5f 70 72 74 69 61 6c 33 33 83 40 00 00 00 00 00",""
1555,8861,"PACKET","IN",207,45,"PlayerSync","id=207 bytes=45","cf 1a 00 a1 00 64 ff c0 00 38 39 2b 70 c6 35 49 91 75 2e 60 50 84 00 00 00 01 8b 31 80 00 02 6e 35 58 f8 6c 22 e5 77 96 71 ab 04 08 80",""
1556,8862,"PACKET","IN",200,44,"VehicleSync","id=200 bytes=44","c8 38 00 30 00 00 00 00 00 00 00 6d 80 eb e0 0f ff b5 dd fa cc 39 93 c2 74 5f 68 68 04 28 a3 c7 f3 ca 09 59 bb a4 81 05 a0 5d f0 00",""
1557,8862,"PACKET","IN",207,35,"PlayerSync","id=207 bytes=35","cf 3d 00 00 00 32 67 a8 30 d0 79 49 91 7b 67 1f 10 84 00 00 00 00 e6 f1 c0 00 00 00 00 00 01 a5 04 e8 80",""
1558,8862,"PACKET","IN",207,35,"PlayerSync","id=207 bytes=35","cf 63 00 00 00 35 23 63 70 dd 23 09 91 54 21 9e 90 80 00 00 00 02 22 63 80 00 00 00 00 00 01 28 00 04 11",""
1559,8864,"PACKET","OUT",203,32,"AimSync","id=203 bytes=32","cb 00 00 00 39 05 00 00 00 00 00 00 00 00 00 00 00 40 01 00 00 00 80 3f 00 00 f3 04 b5 3f 39 05",""
1560,8882,"PACKET","IN",207,43,"PlayerSync","id=207 bytes=43","cf 46 00 6b bf c2 00 1a 25 1e 70 dc 01 88 91 40 12 1f 90 80 00 00 00 01 e9 97 c0 00 02 c4 90 00 f8 a7 77 17 5f fd fd c8 04 02 80",""
1561,8882,"PACKET","IN",207,45,"PlayerSync","id=207 bytes=45","cf 1a 00 a1 00 64 ff c0 00 3f 7e 6b 70 d5 f5 09 91 52 72 e0 50 84 00 00 00 01 8b 31 80 00 03 3b 8d 50 f9 28 1d f5 77 ce 61 ab 04 08 80",""
1562,8883,"PACKET","IN",207,43,"PlayerSync","id=207 bytes=43","cf 46 00 6b bf c2 00 17 e0 1e 70 e7 81 c8 91 40 12 1f 90 80 00 00 00 01 e9 97 c0 00 00 10 00 04 f8 a7 77 17 5f fd fd c8 04 02 80",""
1563,8909,"PACKET","IN",207,45,"PlayerSync","id=207 bytes=45","cf 1a 00 a1 00 64 ff c0 00 02 c3 eb b0 e5 b4 c9 91 73 f6 60 50 84 00 00 00 01 8b 31 80 00 00 f1 c9 4c fa 58 19 25 77 c2 51 ab 04 08 80",""
1564,8909,"PACKET","IN",207,35,"PlayerSync","id=207 bytes=35","cf 2d 00 00 00 3c 58 68 30 c1 50 49 d1 7b 67 1f 10 84 00 00 00 02 aa b3 c0 00 00 00 00 00 01 28 00 04 11",""
1565,8909,"PACKET","IN",207,35,"PlayerSync","id=207 bytes=35","cf 4d 00 00 00 02 00 23 30 e6 e4 09 91 70 1e 9e 90 84 00 00 00 03 da d0 80 00 00 00 00 00 01 28 00 04 11",""
1566,8909,"PACKET","IN",207,35,"PlayerSync","id=207 bytes=35","cf 55 00 00 00 3e e0 24 70 de 62 c9 91 5c e2 9f 90 84 00 00 00 02 61 2b c0 00 00 00 00 00 01 a8 04 04 18",""
1567,8909,"RPC","IN",87,2,"ClearPlayerAnimation","id=87 bytes=2","85 00",""
1568,8910,"RPC","IN",86,29,"ApplyPlayerAnimation","id=86 bytes=29","85 00 05 43 41 52 52 59 0b 63 72 72 79 5f 70 72 74 69 61 6c 33 33 83 40 00 00 00 00 00",""
1569,8910,"PACKET","IN",207,45,"PlayerSync","id=207 bytes=45","cf 1a 00 a1 00 64 ff c0 00 3e 08 eb b0 f5 f4 89 91 58 f9 60 50 84 00 00 00 01 8b 31 80 00 01 f0 e9 48 f8 04 18 7d 77 82 41 bf 04 04 2f",""
1570,8910,"PACKET","IN",207,43,"PlayerSync","id=207 bytes=43","cf 46 00 6b bf c2 00 1c 9b 1e 70 f2 82 08 91 40 12 1f 90 80 00 00 00 01 e9 97 c0 00 03 d3 fc 00 f8 a7 77 17 5f fd fd c8 04 02 80",""
1571,8928,"PACKET","IN",207,45,"PlayerSync","id=207 bytes=45","cf 1a 00 a1 00 64 ff c0 00 38 0e 2b b0 c6 34 89 91 46 7b a0 50 84 00 00 00 01 8b 31 80 00 00 ec ed 44 fa 2c 17 f5 73 06 31 ab 04 08 80",""
1572,8928,"PACKET","IN",207,43,"PlayerSync","id=207 bytes=43","cf 46 00 6b bf c2 00 0e d5 5e 70 ca 02 88 91 40 12 1f 90 80 00 00 00 01 e9 97 c0 00 00 42 98 00 f8 a7 77 17 5f fd fd c8 04 02 80",""
1573,8928,"PACKET","IN",207,35,"PlayerSync","id=207 bytes=35","cf 5b 00 00 00 0e fc 66 b0 e8 7d 89 91 7b 67 1f 10 84 00 00 00 01 0a e2 00 00 00 00 00 00 01 28 00 04 11",""
1574,8947,"PACKET","IN",207,45,"PlayerSync","id=207 bytes=45","cf 1a 00 a1 00 64 ff c0 00 34 53 6b b0 d6 34 49 91 7d 3c e0 50 84 00 00 00 01 8b 31 80 00 02 75 d1 40 f8 d4 17 91 72 52 21 6c 04 04 80",""
1575,8947,"PACKET","IN",200,44,"VehicleSync","id=200 bytes=44","c8 38 00 30 00 00 00 00 00 00 00 63 00 b2 70 03 0f c8 7d ba cc 33 03 d2 74 55 67 48 04 2f 44 f9 53 ca 9d f6 5c dc 55 c5 a0 5d f0 00",""
1576,8947,"PACKET","IN",207,35,"PlayerSync","id=207 bytes=35","cf 3d 00 00 00 32 67 a8 30 d0 79 49 91 7b 67 1f 10 84 00 00 00 00 e6 f1 c0 00 00 00 00 00 01 28 00 04 11",""
1577,8947,"PACKET","IN",207,43,"PlayerSync","id=207 bytes=43","cf 46 00 6b bf c2 00 2c 8e 1e 70 f5 82 c8 91 40 12 1f 90 80 00 00 00 01 e9 97 c0 00 03 fb ff ec f4 a7 77 17 5f fd fd c8 04 02 80",""
1578,8970,"PACKET","IN",207,45,"PlayerSync","id=207 bytes=45","cf 1a 00 a1 00 64 ff c0 00 32 d8 ab b0 e6 34 09 91 7b bd a0 50 84 00 00 00 01 8b 31 80 00 02 03 9d 3c f8 00 17 55 71 72 11 6c 04 04 80",""
1579,8991,"PACKET","IN",207,43,"PlayerSync","id=207 bytes=43","cf 46 00 6b bf c2 00 3f 48 1e 70 ce c3 48 91 40 12 1f 90 80 00 00 00 01 e9 97 c0 00 03 78 1b d8 f4 a7 77 17 5f fd fd c8 04 02 80",""
1580,9011,"PACKET","IN",207,45,"PlayerSync","id=207 bytes=45","cf 1a 00 a1 00 64 ff c0 00 2d 1d eb b0 f6 73 c9 91 41 bd e0 50 84 00 00 00 01 8b 31 80 00 03 86 51 3c fb b8 13 41 70 8a 01 6c 04 04 80",""
1581,9012,"PACKET","IN",207,43,"PlayerSync","id=207 bytes=43","cf 46 00 6b bf c2 00 39 c2 9e 70 e2 03 88 91 40 12 1f 90 80 00 00 00 01 e9 97 c0 00 03 ec 5b cc f4 a7 77 17 5f fd fd c8 04 02 80",""
1582,9012,"PACKET","IN",207,35,"PlayerSync","id=207 bytes=35","cf 7c 00 00 00 35 a2 e2 70 da 28 89 91 5f 9d de 90 80 00 00 00 01 98 6a 40 00 00 00 00 00 01 28 00 04 11",""
1583,9012,"PACKET","IN",207,37,"PlayerSync","id=207 bytes=37","cf 85 00 60 3f c0 00 0b e5 a5 b0 ce 81 09 d1 6c 24 9f 10 80 00 00 00 02 bb 51 80 00 00 00 00 00 01 a5 04 e8 80",""
1584,9012,"PACKET","IN",203,34,"AimSync","id=203 bytes=34","cb 85 00 04 94 12 68 3f d2 bb b7 be 5b a4 63 be c3 f5 97 c3 9f 15 27 45 67 d5 80 42 00 00 00 00 3f c6",""
1585,9012,"PACKET","IN",207,45,"PlayerSync","id=207 bytes=45","cf 1a 00 a1 00 64 ff c0 00 29 e3 2b b0 c6 73 c9 91 4e bd 20 50 84 00 00 00 01 8b 31 80 00 01 9d f1 3c fb f8 13 55 73 91 ed 6c 04 04 80",""
1586,9012,"PACKET","IN",200,44,"VehicleSync","id=200 bytes=44","c8 38 00 30 00 00 00 00 00 00 00 49 d0 56 d0 15 bf c9 7d 4a cc 3d 23 d2 74 55 c6 f8 04 2d 8c 4d 53 c0 6e c2 fc 4f d7 75 a0 5d f0 00",""
1587,9012,"PACKET","IN",207,43,"PlayerSync","id=207 bytes=43","cf 46 00 6b bf c2 00 1b be 1e 30 e7 83 c8 91 40 12 1f 90 80 00 00 00 01 e9 97 c0 00 02 b2 67 b4 f4 a7 77 17 5f fd fd c8 04 02 80",""
1588,9030,"PACKET","IN",207,45,"PlayerSync","id=207 bytes=45","cf 1a 00 a1 00 64 ff c0 00 28 e9 2b b0 cf b3 89 91 4e bb 60 50 84 00 00 00 01 8b 31 80 00 00 2a a1 3c f8 ec 17 99 70 29 dd 6c 04 04 80",""
1589,9051,"PACKET","IN",207,45,"PlayerSync","id=207 bytes=45","cf 1a 00 a1 00 64 ff c0 00 01 ef eb b0 d3 73 49 91 7a f8 20 50 84 00 00 00 01 8b 31 80 00 00 7c c1 40 fa c8 14 21 76 f1 c5 6c 04 04 80",""
1590,9077,"PACKET","IN",207,35,"PlayerSync","id=207 bytes=35","cf 92 00 00 00 22 0a a3 30 e7 59 49 91 6d 9f 1e 90 84 00 00 00 02 9b 21 c0 00 00 00 00 00 01 a5 04 04 80",""
1591,9077,"PACKET","IN",207,45,"PlayerSync","id=207 bytes=45","cf 1a 00 a1 00 64 ff c0 00 1e b5 eb b0 db 73 09 91 63 74 60 50 84 00 00 00 01 8b 31 80 00 03 7f fd 40 f9 3c 18 d5 77 81 b1 6c 04 04 80",""
1592,9078,"PACKET","IN",207,35,"PlayerSync","id=207 bytes=35","cf 70 00 00 01 2d b7 63 70 f1 5e c9 91 67 24 1e 90 80 00 00 00 00 92 c7 00 00 00 00 00 00 01 00 00 00 80",""
1593,9078,"PACKET","IN",207,45,"PlayerSync","id=207 bytes=45","cf 1a 00 a1 00 64 ff c0 00 00 fc 2b b0 e3 72 c9 91 48 2f a0 50 84 00 00 00 01 8b 31 80 00 01 2c 79 48 f8 64 1d bd 74 45 a1 6c 04 04 80",""
1594,9078,"PACKET","IN",207,35,"PlayerSync","id=207 bytes=35","cf 1c 00 00 00 2d 1d 28 30 f6 cc c9 d1 7b 67 1f 10 84 00 00 00 00 65 93 00 00 00 00 00 00 01 a5 04 e8 80",""
1595,9078,"PACKET","IN",203,34,"AimSync","id=203 bytes=34","cb 1c 00 04 9e 31 78 bf de bb b5 bd 5b ea 69 be 61 c2 9e c3 d3 38 27 45 fb 1a 81 42 00 00 00 00 3f 55",""
1596,9078,"PACKET","IN",207,45,"PlayerSync","id=207 bytes=45","cf 46 00 ff 7f eb bf c2 00 3d 2b 1e 30 c5 05 08 91 64 0c 9f 90 80 00 00 00 03 b1 93 c0 00 03 c1 4f a4 f4 7b 71 13 5c f5 bd c8 04 02 80",""
1597,9079,"PACKET","IN",207,35,"PlayerSync","id=207 bytes=35","cf 70 00 00 00 2d b7 63 70 f1 5e c9 91 67 24 1e 90 80 00 00 00 00 92 c7 00 00 00 00 00 00 01 00 00 00 80",""
1598,9098,"PACKET","IN",200,44,"VehicleSync","id=200 bytes=44","c8 38 00 30 00 00 00 00 00 00 00 06 30 36 b0 35 ff c3 bc 9a cc 3b 13 e2 74 5d 76 e8 04 24 68 cf f3 c5 3f 04 ab d0 e8 35 a0 5d f0 00",""
1599,9098,"PACKET","IN",207,45,"PlayerSync","id=207 bytes=45","cf 1a 00 a1 00 64 ff c0 00 08 41 eb f0 ee 72 89 91 50 ea 20 50 84 00 00 00 01 8b 31 80 00 01 c1 c9 4c fb f8 1e c1 76 7d 8d 6c 04 04 80",""
1600,9099,"PACKET","IN",207,45,"PlayerSync","id=207 bytes=45","cf 46 00 ff 7f eb bf c2 00 09 e6 de 30 c8 85 48 91 6d c7 df 90 80 00 00 00 03 b1 93 c0 00 02 45 af ac f5 03 6d c7 5b 5d 9d c8 04 02 80",""
1601,9124,"PACKET","IN",207,45,"PlayerSync","id=207 bytes=45","cf 1a 00 a1 00 64 ff c0 00 3f c7 ab f0 f7 f2 49 91 78 e3 60 50 84 00 00 00 01 8b 31 80 00 02 78 5d 54 f8 38 27 f9 74 89 7d 6c 04 04 80",""
1602,9125,"PACKET","IN",203,34,"AimSync","id=203 bytes=34","cb 1a 00 04 63 32 6c bf 9c eb c2 be d4 42 7c 3d e0 85 ad c3 ed de 26 45 95 54 82 42 00 00 00 00 3f 36",""
1603,9125,"PACKET","IN",207,45,"PlayerSync","id=207 bytes=45","cf 46 00 fe ff eb 7f c2 00 1a e1 9e 30 d7 05 88 91 70 80 5f 90 80 00 00 00 03 b1 93 c0 00 02 c3 67 b8 f7 87 64 97 56 1d 7d c8 04 02 80",""
1604,9144,"PACKET","IN",207,45,"PlayerSync","id=207 bytes=45","cf 46 00 fd ff eb 7f c2 00 27 5d 1e 30 da 85 c8 91 47 f8 9f 50 80 00 00 00 03 b1 93 c0 00 02 ae 77 c8 f5 bf 63 1f 4e d5 61 c8 04 02 80",""
1605,9145,"PACKET","IN",207,45,"PlayerSync","id=207 bytes=45","cf 1a 00 b8 00 64 ff c0 00 1e 0d eb f0 ff f2 09 91 75 5b a0 50 84 00 00 00 01 8b 31 80 00 02 34 3d 5c f9 20 29 61 7a 9d 69 ac 04 64 80",""
1606,9164,"PACKET","IN",207,45,"PlayerSync","id=207 bytes=45","cf 1a 00 b8 00 64 ff c0 00 26 53 eb f0 c8 b2 09 91 53 d3 20 50 84 00 00 00 01 8b 31 80 00 03 4d 15 64 fa 78 2e e9 79 79 59 ac 04 64 80",""
1607,9164,"PACKET","IN",207,45,"PlayerSync","id=207 bytes=45","cf 46 00 fd ff eb 7f c2 00 31 58 9e 30 de 06 08 91 5e 6f 1f 50 80 00 00 00 03 b1 93 c0 00 03 04 73 dc f7 1b 58 d3 48 e1 49 c8 04 02 80",""
1608,9183,"PACKET","IN",207,45,"PlayerSync","id=207 bytes=45","cf 1a 00 b8 00 64 ff c0 00 1d 59 2b f0 d8 f1 c9 91 62 8a e0 50 84 00 00 00 01 8b 31 80 00 01 41 95 6c fb 74 30 55 7f 1d 49 ac 04 64 80",""
1609,9183,"PACKET","IN",200,44,"VehicleSync","id=200 bytes=44","c8 38 00 30 00 00 00 00 00 00 00 09 50 cb 30 41 1f c9 4b da cc 38 63 f2 74 53 c7 28 04 2a a0 6f 23 cf cf 10 7b ad 08 45 a0 5d f0 00",""
1610,9183,"PACKET","OUT",205,9,"UNKNOWN_PACKET","id=205 bytes=9","cd b8 4a 04 00 00 00 00 00",""
1611,9209,"PACKET","IN",207,35,"PlayerSync","id=207 bytes=35","cf 02 00 00 00 2d a2 e3 70 ee 9a 89 91 77 a3 1e 90 80 00 00 00 00 8a aa c0 00 00 00 00 00 01 28 00 04 11",""
1612,9210,"PACKET","IN",207,45,"PlayerSync","id=207 bytes=45","cf 1a 00 b8 00 64 ff c0 00 0f de 6b f0 e9 71 89 91 75 08 a0 50 84 00 00 00 01 8b 31 80 00 02 38 21 34 fb b8 13 41 73 fd fd ac 04 64 80",""
1613,9210,"PACKET","OUT",207,69,"PlayerSync","id=207 bytes=69","cf 00 00 00 00 00 00 67 0a 9b c3 6b 06 27 45 ed 9c 7c 42 11 b2 39 3f 00 00 00 80 00 00 00 00 14 38 30 bf 64 00 04 00 00 00 00 00 00 00 00 00 00 00 00 00 00 00 00 00 00 00 00 00 00 00 00 00 00 00 28 00 04 11",""
1614,9230,"PACKET","IN",207,45,"PlayerSync","id=207 bytes=45","cf 1a 00 b8 00 64 ff c0 00 17 e1 ab f0 cb 71 89 91 70 09 e0 50 84 00 00 00 01 8b 31 80 00 01 30 27 58 f7 b8 13 41 73 fd fd ac 04 64 80",""
1615,9230,"PACKET","IN",207,35,"PlayerSync","id=207 bytes=35","cf 97 00 00 00 3d e7 a8 30 e4 09 c9 d1 7b 67 1f 10 84 00 00 00 00 0f 03 e8 00 00 00 00 00 01 28 00 04 11",""
1616,9230,"RPC","IN",87,2,"ClearPlayerAnimation","id=87 bytes=2","1f 00",""
1617,9230,"RPC","IN",86,29,"ApplyPlayerAnimation","id=86 bytes=29","1f 00 05 43 41 52 52 59 0b 63 72 72 79 5f 70 72 74 69 61 6c 33 33 83 40 00 00 00 00 00",""
1618,9230,"PACKET","IN",207,45,"PlayerSync","id=207 bytes=45","cf 1a 00 b8 00 64 ff c0 00 30 a6 2b f0 e1 71 49 91 69 8b a0 50 84 00 00 00 01 8b 31 80 00 01 ae 58 6c fb b8 13 41 73 fd fd ac 04 64 80",""
1619,9252,"RPC","IN",86,29,"ApplyPlayerAnimation","id=86 bytes=29","92 00 09 50 4c 41 59 49 44 4c 45 53 07 73 74 72 65 74 63 68 33 33 93 40 60 00 00 00 00",""
1620,9253,"RPC","IN",99,42,"MoveObject","id=99 bytes=42","a0 00 f8 e3 a1 c3 d7 9b 26 45 53 c5 7d 42 f8 e3 a1 c3 d7 9b 26 45 ed 5e 7b 42 00 00 80 3e 00 00 00 00 00 00 00 00 08 cc 84 43",""
1621,9253,"RPC","IN",122,2,"StopObject","id=122 bytes=2","a0 00",""
1622,9253,"RPC","IN",99,42,"MoveObject","id=99 bytes=42","a0 00 f8 e3 a1 c3 d7 9b 26 45 53 c5 7d 42 f8 e3 a1 c3 d7 9b 26 45 53 c5 7d 42 00 00 80 3e 00 00 00 00 00 00 00 00 08 cc 84 43",""
1623,9253,"RPC","IN",122,2,"StopObject","id=122 bytes=2","a0 00",""
1624,9253,"RPC","IN",99,42,"MoveObject","id=99 bytes=42","a0 00 f8 e3 a1 c3 d7 9b 26 45 53 c5 7d 42 f8 e3 a1 c3 d7 9b 26 45 ed 5e 7b 42 00 00 80 3e 00 00 00 00 00 00 00 00 08 cc 84 43",""
1625,9253,"RPC","IN",122,2,"StopObject","id=122 bytes=2","a0 00",""
1626,9253,"RPC","IN",99,42,"MoveObject","id=99 bytes=42","a0 00 f8 e3 a1 c3 d7 9b 26 45 53 c5 7d 42 f8 e3 a1 c3 d7 9b 26 45 53 c5 7d 42 00 00 80 3e 00 00 00 00 00 00 00 00 08 cc 84 43",""
1627,9253,"RPC","IN",122,2,"StopObject","id=122 bytes=2","a0 00",""
1628,9253,"RPC","IN",99,42,"MoveObject","id=99 bytes=42","a0 00 f8 e3 a1 c3 d7 9b 26 45 53 c5 7d 42 f8 e3 a1 c3 d7 9b 26 45 ed 5e 7b 42 00 00 80 3e 00 00 00 00 00 00 00 00 08 cc 84 43",""
1629,9253,"RPC","IN",122,2,"StopObject","id=122 bytes=2","a0 00",""
1630,9253,"RPC","IN",99,42,"MoveObject","id=99 bytes=42","a0 00 f8 e3 a1 c3 d7 9b 26 45 53 c5 7d 42 f8 e3 a1 c3 d7 9b 26 45 53 c5 7d 42 00 00 80 3e 00 00 00 00 00 00 00 00 08 cc 84 43",""
1631,9254,"RPC","IN",122,2,"StopObject","id=122 bytes=2","a0 00",""
1632,9254,"RPC","IN",99,42,"MoveObject","id=99 bytes=42","a0 00 f8 e3 a1 c3 d7 9b 26 45 53 c5 7d 42 f8 e3 a1 c3 d7 9b 26 45 ed 5e 7b 42 00 00 80 3e 00 00 00 00 00 00 00 00 08 cc 84 43",""
1633,9254,"RPC","IN",122,2,"StopObject","id=122 bytes=2","a0 00",""
1634,9254,"RPC","IN",99,42,"MoveObject","id=99 bytes=42","a0 00 f8 e3 a1 c3 d7 9b 26 45 53 c5 7d 42 f8 e3 a1 c3 d7 9b 26 45 53 c5 7d 42 00 00 80 3e 00 00 00 00 00 00 00 00 08 cc 84 43",""
1635,9254,"RPC","IN",122,2,"StopObject","id=122 bytes=2","a0 00",""
1636,9254,"RPC","IN",99,42,"MoveObject","id=99 bytes=42","a0 00 f8 e3 a1 c3 d7 9b 26 45 53 c5 7d 42 f8 e3 a1 c3 d7 9b 26 45 ed 5e 7b 42 00 00 80 3e 00 00 00 00 00 00 00 00 08 cc 84 43",""
1637,9254,"RPC","IN",122,2,"StopObject","id=122 bytes=2","a0 00",""
1638,9254,"RPC","IN",99,42,"MoveObject","id=99 bytes=42","a0 00 f8 e3 a1 c3 d7 9b 26 45 53 c5 7d 42 f8 e3 a1 c3 d7 9b 26 45 53 c5 7d 42 00 00 80 3e 00 00 00 00 00 00 00 00 08 cc 84 43",""
1639,9254,"PACKET","IN",207,45,"PlayerSync","id=207 bytes=45","cf 1a 00 b8 00 64 ff c0 00 10 e6 ab f0 f7 31 49 91 5f cb a0 50 84 00 00 00 01 8b 31 80 00 03 34 77 40 f1 55 08 a7 c3 fd fd ac 04 64 80",""
1640,9255,"PACKET","IN",200,44,"VehicleSync","id=200 bytes=44","c8 38 00 30 00 00 00 00 00 00 00 07 a1 37 20 5a 1f bc 7b 4a cc 32 24 02 74 54 07 38 04 2b 57 ac 23 c4 7f 26 9b 9d 17 a5 a0 5d f0 00",""
1641,9255,"PACKET","IN",203,34,"AimSync","id=203 bytes=34","cb 38 00 12 cf 79 38 3c 36 77 6b 3f 9b d5 c8 be 76 c8 ac c3 2d 77 26 45 fe 14 8f 42 00 00 00 00 3f c6",""
1642,9278,"PACKET","IN",207,35,"PlayerSync","id=207 bytes=35","cf 1f 00 00 00 26 a3 e3 70 c2 1d 89 91 42 a3 5e 90 80 00 00 00 02 c2 27 00 00 00 00 00 00 01 a5 04 e8 80",""
1643,9279,"PACKET","IN",207,35,"PlayerSync","id=207 bytes=35","cf 54 00 00 00 05 77 63 70 c5 21 c9 91 65 24 1e 90 80 00 00 00 00 12 8e c0 00 00 00 00 00 01 a5 04 04 80",""
1644,9279,"RPC","IN",105,19,"TextDrawSetString","id=105 bytes=19","2f 01 0f 00 30 39 20 41 67 75 73 74 75 73 20 32 30 32 36",""
1645,9279,"RPC","IN",105,12,"TextDrawSetString","id=105 bytes=12","30 01 08 00 31 32 3a 30 31 3a 35 35",""
1646,9279,"PACKET","IN",207,45,"PlayerSync","id=207 bytes=45","cf 1a 00 b8 00 64 ff c0 00 18 66 eb f0 c7 71 89 91 58 8b a0 50 84 00 00 00 01 8b 31 80 00 01 dd 2a c0 f1 55 08 a7 c3 fd fd ac 04 64 80",""
1647,9279,"PACKET","IN",207,45,"PlayerSync","id=207 bytes=45","cf 46 00 fd 7f eb 7f c2 00 3f 7e 9d f0 e7 07 88 91 7a 59 df 10 80 00 00 00 03 b1 93 c0 00 02 b6 f4 38 fb 53 2b 93 18 78 d1 c8 04 02 80",""
1648,9279,"PACKET","IN",207,45,"PlayerSync","id=207 bytes=45","cf 1a 00 b8 00 64 ff c0 00 13 27 2b f0 d4 b1 89 91 52 8b a0 50 84 00 00 00 01 8b 31 80 00 03 97 c5 f8 f1 55 08 a7 c3 fd fd ac 04 64 80",""
1649,9279,"PACKET","IN",207,45,"PlayerSync","id=207 bytes=45","cf 46 00 fd 7f eb 3f c2 00 38 39 5d f0 f7 07 c8 91 5f 8a df 10 80 00 00 00 03 b1 93 c0 00 03 96 df 94 f7 af 70 1b 63 fd fd c8 04 02 80",""
1650,9279,"PACKET","IN",207,35,"PlayerSync","id=207 bytes=35","cf 7e 00 00 00 13 27 28 30 cd 86 09 d1 7b 67 1f 10 84 00 00 00 01 42 b3 94 00 00 00 00 00 01 28 00 04 11",""
1651,9297,"PACKET","IN",207,45,"PlayerSync","id=207 bytes=45","cf 46 00 fd 7f eb 3f c2 00 36 33 9d f0 ce 88 48 91 77 42 9f 10 80 00 00 00 02 81 6f c0 00 02 39 a3 a8 f6 ff 70 d3 63 fd fd c8 04 02 80",""
1652,9325,"PACKET","IN",207,45,"PlayerSync","id=207 bytes=45","cf 1a 00 b8 00 64 ff c0 00 02 e7 6b f0 df 71 89 91 4e 0b a0 50 84 00 00 00 01 8b 31 80 00 03 94 35 ac f1 55 08 a7 c3 fd fd ac 04 64 80",""
1653,9325,"PACKET","IN",207,35,"PlayerSync","id=207 bytes=35","cf 29 00 00 00 28 26 a8 30 d1 15 49 d1 7b 67 1f 10 84 00 00 00 03 a9 ff c0 00 00 00 00 00 01 28 00 04 11",""
1654,9325,"PACKET","IN",207,35,"PlayerSync","id=207 bytes=35","cf 51 00 00 00 1b 0a e3 30 cf a8 49 91 58 dd 9e 90 84 00 00 00 01 37 17 c0 00 00 00 00 00 01 28 00 04 11",""
1655,9326,"PACKET","IN",207,45,"PlayerSync","id=207 bytes=45","cf 1a 00 b8 00 64 ff c0 00 3c 67 6b f0 ec 71 89 91 48 4b a0 50 84 00 00 00 01 8b 31 80 00 02 c8 39 58 f1 55 08 a7 c3 fd fd ac 04 64 80",""
1656,9326,"PACKET","IN",200,44,"VehicleSync","id=200 bytes=44","c8 38 00 30 00 00 00 00 00 00 00 0c 21 8c 60 52 df ba 9a da cc 3a a4 02 74 52 67 28 04 20 bf 67 23 ce 7e ec 3b fd 27 b5 a0 5d f0 00",""
1657,9347,"PACKET","IN",207,45,"PlayerSync","id=207 bytes=45","cf 1a 00 b8 00 64 ff c0 00 27 e7 ab f0 f6 31 89 91 44 0b a0 50 84 00 00 00 01 8b 31 80 00 02 4a bd 54 f1 55 08 a7 c3 fd fd ac 04 64 80",""
1658,9374,"PACKET","IN",207,45,"PlayerSync","id=207 bytes=45","cf 1a 00 b8 00 64 ff c0 00 12 e7 eb f0 ff f1 89 91 7f 8b 60 50 84 00 00 00 01 8b 31 80 00 02 76 bd 54 f1 55 08 a7 c3 fd fd ac 04 64 80",""
1659,9374,"PACKET","IN",207,45,"PlayerSync","id=207 bytes=45","cf 46 00 fc ff eb 3f c0 00 0d a4 1d f0 ea 89 48 91 7d e8 1e d0 80 00 00 00 00 99 6b c0 00 01 ce 73 40 f5 7f 50 ff 83 fd fd ae 04 08 80",""
1660,9374,"PACKET","IN",203,34,"AimSync","id=203 bytes=34","cb 46 00 04 6f de 35 3f cf 11 30 3f 8b cc 18 be 5f 98 7b c3 d4 e6 21 45 f5 bb 80 42 00 00 00 00 23 37",""
1661,9374,"PACKET","IN",207,45,"PlayerSync","id=207 bytes=45","cf 1a 00 b8 00 64 ff c0 00 2e e7 eb f0 c6 31 c9 91 7d 0b 60 50 84 00 00 00 01 8b 31 80 00 02 36 a4 0c f1 55 08 a7 c3 fd fd ac 04 64 80",""
1662,9374,"PACKET","IN",207,41,"PlayerSync","id=207 bytes=41","cf 92 00 00 00 20 4a a3 30 e6 99 49 91 6d 9f 1e 90 84 00 00 00 02 9b 21 c0 00 02 4b 5b 9c e5 16 75 90 0f fd fd a5 04 04 80",""
1663,9390,"PACKET","OUT",203,32,"AimSync","id=203 bytes=32","cb 00 00 00 39 05 00 00 00 00 00 00 00 00 00 00 00 40 01 00 00 00 80 3f 00 00 f3 04 b5 3f 39 05",""
1664,9395,"PACKET","IN",207,41,"PlayerSync","id=207 bytes=41","cf 1a 00 00 00 06 e8 6b f0 da 31 c9 91 74 0b 60 50 84 00 00 00 01 8b 31 80 00 02 7b 87 64 f1 55 08 a7 c3 fd fd d2 04 64 80",""
1665,9396,"PACKET","IN",207,45,"PlayerSync","id=207 bytes=45","cf 46 00 fc ff eb 3f c0 00 30 a0 1d f0 f1 09 88 91 40 1c 1e d0 80 00 00 00 00 99 6b c0 00 00 5b d7 28 f5 7f 50 ff 83 fd fd ae 04 08 80",""
1666,9416,"RPC","IN",137,13,"ServerJoin","id=137 bytes=13","94 00 00 00 00 00 00 05 44 6f 6d 61 6e",""
1667,9416,"RPC","IN",72,6,"SetPlayerColor","id=72 bytes=6","94 00 ff 83 7f 7f",""
1668,9416,"PACKET","IN",200,44,"VehicleSync","id=200 bytes=44","c8 38 00 30 00 00 00 00 00 00 00 05 81 bc 00 5e af a9 ea aa cc 3f e4 02 74 56 27 58 04 22 cb 8c 83 be ec ec 1d 30 2b 85 a0 5d f0 00",""
1669,9417,"PACKET","IN",207,45,"PlayerSync","id=207 bytes=45","cf 46 00 fc ff eb 3f c0 00 1b 5b 1d f0 cd ca 08 91 40 1c 1e d0 80 00 00 00 00 99 6b c0 00 03 62 fb 2c f5 7f 50 ff 83 fd fd ae 04 08 80",""
1670,9417,"PACKET","IN",207,35,"PlayerSync","id=207 bytes=35","cf 63 00 00 00 35 23 63 70 dd 23 09 91 54 21 9e 90 80 00 00 00 02 22 63 80 00 00 00 00 00 01 28 00 04 11",""
1671,9443,"PACKET","IN",207,45,"PlayerSync","id=207 bytes=45","cf 46 00 fc ff eb 3f c0 00 21 97 5d f0 d1 ca 48 91 40 1c 1e d0 80 00 00 00 00 99 6b c0 00 03 d4 63 14 f5 7f 50 ff 83 fd fd ae 04 08 80",""
1672,9443,"PACKET","IN",207,45,"PlayerSync","id=207 bytes=45","cf 46 00 fc ff eb 3f c0 00 3c 93 dd f0 cf ca 88 91 40 1c 1e d0 80 00 00 00 00 99 6b c0 00 01 f2 73 00 f5 7f 50 ff 83 fd fd ae 04 08 80",""
1673,9443,"PACKET","IN",207,35,"PlayerSync","id=207 bytes=35","cf 4d 00 00 00 02 00 23 30 e6 e4 09 91 70 1e 9e 90 84 00 00 00 03 da d0 80 00 00 00 00 00 01 28 00 04 11",""
1674,9443,"PACKET","IN",207,35,"PlayerSync","id=207 bytes=35","cf 53 00 00 00 29 67 a8 30 de 18 09 d1 7a e7 1f 10 84 00 00 00 02 ba 42 c0 00 00 00 00 00 01 a5 04 04 80",""
1675,9443,"PACKET","IN",207,35,"PlayerSync","id=207 bytes=35","cf 55 00 00 00 3e e0 24 70 de 62 c9 91 5c e2 9f 90 84 00 00 00 02 61 2b c0 00 00 00 00 00 01 a8 04 04 18",""
1676,9443,"PACKET","IN",207,35,"PlayerSync","id=207 bytes=35","cf 76 00 00 00 0e 87 a2 f0 c1 28 c9 91 5a 1c 1e 90 84 00 00 00 03 6c 9f 40 00 00 00 00 00 01 28 00 04 11",""
1677,9466,"PACKET","IN",207,45,"PlayerSync","id=207 bytes=45","cf 46 00 fc ff eb 3f c0 00 1b d0 dd f0 c8 ca c8 91 40 1c 1e d0 80 00 00 00 00 99 6b c0 00 02 70 fa c8 f5 7f 50 ff 83 fd fd ae 04 08 80",""
1678,9467,"PACKET","IN",207,35,"PlayerSync","id=207 bytes=35","cf 5b 00 00 00 0e fc 66 b0 e8 7d 89 91 7b 67 1f 10 84 00 00 00 01 0a e2 00 00 00 00 00 00 01 28 00 04 11",""
1679,9467,"PACKET","IN",207,41,"PlayerSync","id=207 bytes=41","cf 1a 00 00 00 2f 6a 2b f0 c9 32 49 91 42 0b 60 50 84 00 00 00 01 8b 31 80 00 03 01 5c 44 f5 55 08 a7 c3 fd fd d2 04 64 80",""
1680,9467,"PACKET","IN",207,35,"PlayerSync","id=207 bytes=35","cf 3d 00 00 00 32 67 a8 30 d0 79 49 91 7b 67 1f 10 84 00 00 00 00 e6 f1 c0 00 00 00 00 00 01 28 00 04 11",""
1681,9467,"PACKET","IN",207,45,"PlayerSync","id=207 bytes=45","cf 46 00 fc ff eb 3f c0 00 26 8d dd f0 fe ca c8 91 40 1c 1e d0 80 00 00 00 00 99 6b c0 00 01 b9 ee a0 f5 7f 50 ff 83 fd fd ae 04 08 80",""
1682,9467,"PACKET","IN",207,35,"PlayerSync","id=207 bytes=35","cf 60 00 00 00 01 5b 23 b0 d7 8c c9 91 41 6c 5e 90 84 00 00 00 03 e6 19 c0 00 00 00 00 00 01 fb 04 04 80",""
1683,9467,"PACKET","IN",203,34,"AimSync","id=203 bytes=34","cb 60 00 04 86 48 6b bf a6 f8 c6 3e b6 f4 85 bd 5f d7 8c c3 fb 1d 26 45 d9 fd 7d 42 00 00 00 00 3f 36",""
1684,9491,"PACKET","IN",200,44,"VehicleSync","id=200 bytes=44","c8 38 00 30 00 00 00 00 00 00 00 06 51 ba 00 5e 9f af ba aa cc 32 14 12 74 54 d7 d8 04 2d 4c 6c a3 ba 22 ea 49 62 de 05 a0 5d f0 00",""
1685,9512,"PACKET","IN",207,45,"PlayerSync","id=207 bytes=45","cf 46 00 fc ff eb 3f c0 00 33 4a dd f0 f4 8b 08 91 40 1c 1e d0 80 00 00 00 00 99 6b c0 00 01 95 ee a0 f5 7f 50 ff 83 fd fd ae 04 08 80",""
1686,9512,"PACKET","IN",207,35,"PlayerSync","id=207 bytes=35","cf 7c 00 00 00 35 a2 e2 70 da 28 89 91 5f 9d de 90 80 00 00 00 01 98 6a 40 00 00 00 00 00 01 28 00 04 11",""
1687,9512,"PACKET","IN",207,45,"PlayerSync","id=207 bytes=45","cf 46 00 fc ff eb 3f c0 00 3d c7 9d f0 ef 0b 48 91 40 1c 1e d0 80 00 00 00 00 99 6b c0 00 01 b5 ee a0 f5 7f 50 ff 83 fd fd ae 04 08 80",""
1688,9530,"PACKET","IN",207,45,"PlayerSync","id=207 bytes=45","cf 46 00 fc ff eb 3f c0 00 3f 84 5d f0 ea 4b 88 91 40 1c 1e d0 80 00 00 00 00 99 6b c0 00 01 91 ee a0 f5 7f 50 ff 83 fd fd ae 04 08 80",""
1689,9530,"PACKET","IN",207,41,"PlayerSync","id=207 bytes=41","cf 92 00 00 00 13 8a a3 30 e0 19 49 91 6d 1f 1e 90 84 00 00 00 02 9b 21 c0 00 03 49 81 a8 e9 2e a7 60 1b fd fd a5 04 04 80",""
1690,9531,"PACKET","IN",203,34,"AimSync","id=203 bytes=34","cb 92 00 04 5a 58 b5 be 95 06 6e 3f 37 40 cd bd b8 d7 8b c3 6f 4a 26 45 84 9e 7d 42 00 00 00 00 3f 37",""
1691,9531,"PACKET","IN",207,41,"PlayerSync","id=207 bytes=41","cf 1a 00 00 00 1c ac 6b f0 c8 32 c9 91 48 8b 20 50 84 00 00 00 01 8b 31 80 00 00 58 20 14 f5 55 08 a7 c3 fd fd d2 04 64 80",""
1692,9553,"PACKET","IN",207,45,"PlayerSync","id=207 bytes=45","cf 46 00 fc ff eb 3f c0 00 3a 3c 1d b0 c1 4c 48 91 58 36 1e d0 80 00 00 00 00 99 6b c0 00 00 d0 f9 fc fb 73 29 97 54 2a ed ab 04 08 80",""
1693,9553,"RPC","IN",87,2,"ClearPlayerAnimation","id=87 bytes=2","7e 00",""
1694,9554,"RPC","IN",86,29,"ApplyPlayerAnimation","id=86 bytes=29","7e 00 05 43 41 52 52 59 0b 63 72 72 79 5f 70 72 74 69 61 6c 33 33 83 40 00 00 00 00 00",""
1695,9572,"PACKET","IN",200,44,"VehicleSync","id=200 bytes=44","c8 38 00 30 00 00 00 00 00 00 00 00 d1 96 f0 52 5f b9 ba ea cc 32 04 12 74 53 28 58 04 27 3e 94 33 ca 00 55 d6 cf d9 f5 a0 5d f0 00",""
1696,9573,"PACKET","IN",207,45,"PlayerSync","id=207 bytes=45","cf 46 00 fc ff eb 3f c0 00 0a b3 dd b0 db 4c c8 91 47 4f 1f 10 80 00 00 00 00 99 6b c0 00 01 e6 59 ec fb 6b 2e 1b 58 36 e1 ab 04 08 80",""
1697,9592,"PACKET","IN",207,45,"PlayerSync","id=207 bytes=45","cf 46 00 fc ff eb 3f c0 00 13 ab dd b0 ec 8d 48 91 52 e5 1f 10 80 00 00 00 00 99 6b c0 00 01 d5 35 e0 fb 0f 32 47 5c 7a d5 ab 04 08 80",""
1698,9611,"PACKET","IN",207,45,"PlayerSync","id=207 bytes=45","cf 46 00 fc ff eb 3f c0 00 00 23 5d b0 c9 0e 08 91 52 3b 1f 10 80 00 00 00 00 99 6b c0 00 03 77 cd d0 fa df 36 9f 63 56 c5 ab 04 08 80",""
1699,9612,"PACKET","IN",207,45,"PlayerSync","id=207 bytes=45","cf 46 00 fc ff eb 3f c0 00 19 1b 5d b0 d9 4e 88 91 5b 8d df 50 80 00 00 00 00 99 6b c0 00 01 3c 2d c8 fa 3f 3a 77 66 c6 b9 ab 04 08 80",""
1700,9612,"PACKET","IN",207,35,"PlayerSync","id=207 bytes=35","cf 7e 00 00 00 13 27 28 30 cd 86 09 d1 7b 67 1f 10 84 00 00 00 01 42 b3 94 00 00 00 00 00 01 a5 04 e8 80",""
1701,9630,"PACKET","IN",207,41,"PlayerSync","id=207 bytes=41","cf 1a 00 00 00 35 6d eb f0 e5 33 09 91 5e 8a e0 50 84 00 00 00 01 8b 31 80 00 03 f1 f2 80 f1 55 08 a7 c3 fd fd d2 04 64 80",""
1702,9631,"PACKET","IN",207,35,"PlayerSync","id=207 bytes=35","cf 1c 00 00 00 2d 1d 28 30 f6 cc c9 d1 7b 67 1f 10 84 00 00 00 00 65 93 00 00 00 00 00 00 01 a5 04 e8 80",""
1703,9631,"RPC","IN",86,27,"ApplyPlayerAnimation","id=86 bytes=27","54 00 07 42 44 5f 46 49 52 45 07 77 61 73 68 5f 75 70 33 33 83 40 80 00 00 00 00",""
1704,9656,"PACKET","IN",207,45,"PlayerSync","id=207 bytes=45","cf 46 00 fc ff eb 3f c0 00 28 13 5d b0 ea 4f 08 91 7d 1f 1f 50 80 00 00 00 00 99 6b c0 00 03 21 31 bc f9 7b 3e 2b 69 b2 ad ab 04 08 80",""
1705,9657,"PACKET","IN",207,41,"PlayerSync","id=207 bytes=41","cf 92 00 00 00 0a 8a a3 30 df 59 49 91 6c 9f 1e 90 84 00 00 00 02 9b 21 c0 00 02 1e 64 64 ea e5 8a 6b f3 fd fd a5 04 04 80",""
1706,9657,"PACKET","IN",200,44,"VehicleSync","id=200 bytes=44","c8 38 00 30 00 00 00 00 00 00 00 07 81 52 10 57 8f bf cb 3a cc 3f c4 02 74 52 58 58 04 24 45 a9 03 c4 00 40 86 2e 07 25 a0 5d f0 00",""
1707,9657,"PACKET","IN",207,45,"PlayerSync","id=207 bytes=45","cf 46 00 fc ff eb 3f c0 00 12 89 1d b0 e6 cf c8 91 4f 33 5f 50 80 00 00 00 00 99 6b c0 00 03 3c 05 b0 f9 6f 42 ab 6c 12 9d ab 04 08 80",""
1708,9677,"RPC","IN",87,2,"ClearPlayerAnimation","id=87 bytes=2","00 00",""
1709,9677,"RPC","IN",86,29,"ApplyPlayerAnimation","id=86 bytes=29","00 00 05 43 41 52 52 59 0b 63 72 72 79 5f 70 72 74 69 61 6c 33 33 83 40 00 00 00 00 00",""
1710,9677,"PACKET","IN",207,45,"PlayerSync","id=207 bytes=45","cf 46 00 fc ff eb 3f c0 00 01 7e dd 70 e3 10 88 91 4c c4 df 90 80 00 00 00 00 99 6b c0 00 01 58 2d a4 f9 0f 46 cb 71 c6 89 ab 04 08 80",""
1711,9696,"PACKET","IN",207,41,"PlayerSync","id=207 bytes=41","cf 1a 00 00 00 04 ef 2b f0 e2 f3 49 91 42 8a e0 50 84 00 00 00 01 8b 31 80 00 03 fd f2 80 f1 55 08 a7 c3 fd fd d2 04 64 80",""
1712,9696,"PACKET","IN",207,35,"PlayerSync","id=207 bytes=35","cf 02 00 00 00 2d a2 e3 70 ee 9a 89 91 77 a3 1e 90 80 00 00 00 00 8a aa c0 00 00 00 00 00 01 28 00 04 11",""
1713,9697,"PACKET","IN",207,45,"PlayerSync","id=207 bytes=45","cf 46 00 fc ff eb 3f c0 00 26 36 9d 70 f7 11 08 91 77 d0 df 90 80 00 00 00 00 99 6b c0 00 02 47 cd 98 fb 9f 45 bb 76 ee 79 ab 04 08 80",""
1714,9697,"PACKET","IN",207,35,"PlayerSync","id=207 bytes=35","cf 54 00 00 00 05 77 63 70 c5 21 c9 91 65 24 1e 90 80 00 00 00 00 12 8e c0 00 00 00 00 00 01 28 00 04 11",""
1715,9717,"PACKET","IN",200,44,"VehicleSync","id=200 bytes=44","c8 38 00 30 00 00 00 00 00 00 00 07 80 f9 70 4e 7f bd 3b ca cc 3b 24 02 74 5d 17 78 04 29 d3 4c 63 c4 f0 b1 86 2b 75 45 a0 5d f0 00",""
1716,9718,"PACKET","IN",207,45,"PlayerSync","id=207 bytes=45","cf 46 00 fc ff eb 3f c0 00 39 ed 9d 70 d9 d1 c8 91 72 9c 5f 90 80 00 00 00 00 99 6b c0 00 03 e7 91 90 fa 2b 48 9f 7a 32 69 ab 04 08 80",""
1717,9718,"PACKET","IN",207,41,"PlayerSync","id=207 bytes=41","cf 92 00 00 00 0f ca a3 30 e2 19 49 91 6c df 1e 90 84 00 00 00 02 9b 21 c0 00 02 a7 bd c0 ea e5 8a 6b f3 fd fd a5 04 04 80",""
1718,9718,"PACKET","OUT",207,69,"PlayerSync","id=207 bytes=69","cf 00 00 00 00 00 00 67 0a 9b c3 6b 06 27 45 ed 9c 7c 42 11 b2 39 3f 00 00 00 80 00 00 00 00 14 38 30 bf 64 00 04 00 00 00 00 00 00 00 00 00 00 00 00 00 00 00 00 00 00 00 00 00 00 00 00 00 00 00 28 00 04 11",""
1719,9744,"PACKET","IN",207,45,"PlayerSync","id=207 bytes=45","cf 46 00 fc ff eb 3f c0 00 0d a5 5d 70 f3 92 48 91 53 25 9f 90 80 00 00 00 00 99 6b c0 00 00 10 c9 8c f8 3f 4e ff 7a 02 59 ab 04 08 80",""
1720,9744,"PACKET","IN",207,35,"PlayerSync","id=207 bytes=35","cf 97 00 00 00 3d e7 a8 30 e4 09 c9 d1 7b 67 1f 10 84 00 00 00 00 0f 03 e8 00 00 00 00 00 01 28 00 04 11",""
1721,9744,"RPC","IN",135,2,"HideTextDraw","id=135 bytes=2","f0 00",""
1722,9744,"RPC","IN",135,2,"HideTextDraw","id=135 bytes=2","2c 08",""
1723,9744,"RPC","IN",135,2,"HideTextDraw","id=135 bytes=2","2d 08",""
1724,9745,"RPC","IN",87,2,"ClearPlayerAnimation","id=87 bytes=2","a8 00",""
1725,9745,"RPC","IN",86,29,"ApplyPlayerAnimation","id=86 bytes=29","a8 00 05 43 41 52 52 59 0b 63 72 72 79 5f 70 72 74 69 61 6c 33 33 83 40 00 00 00 00 00",""
1726,9745,"RPC","IN",88,1,"SetPlayerSpecialAction","id=88 bytes=1","00",""
1727,9745,"RPC","IN",15,1,"TogglePlayerControllable","id=15 bytes=1","01",""
1728,9745,"RPC","IN",16,16,"PlaySound","id=16 bytes=16","d5 9d 00 00 00 00 00 00 00 00 00 00 00 00 00 00",""
1729,9745,"RPC","IN",134,67,"ShowTextDraw","id=134 bytes=67","2b 08 10 9a 99 d9 3e 33 33 b3 3f 32 32 32 ff 00 00 c8 43 00 00 88 41 32 32 32 ff 00 00 32 32 32 ff 01 00 00 80 76 44 00 00 d9 42 00 00 00 00 00 00 00 00 00 00 00 00 00 00 00 00 80 3f ff ff ff ff 00 00",""
1730,9745,"RPC","IN",134,80,"ShowTextDraw","id=134 bytes=80","2c 08 10 8f c2 f5 3e 29 5c 8f 3f 00 00 00 66 00 00 50 42 00 00 88 42 80 80 80 80 00 00 00 00 00 66 04 00 00 80 a2 43 00 00 a1 43 00 00 00 00 00 00 00 00 00 00 00 00 00 00 00 00 80 3f ff ff ff ff 0d 00 4c 44 5f 53 50 41 43 3a 77 68 69 74 65",""
1731,9745,"RPC","IN",134,68,"ShowTextDraw","id=134 bytes=68","2d 08 00 8f c2 f5 3e 29 5c 8f 3f ff ff ff ff 00 00 30 42 00 00 44 42 80 80 80 80 00 00 00 00 00 00 05 00 00 80 a4 43 00 80 a5 43 88 41 00 00 00 00 00 00 00 00 00 00 00 00 00 00 80 3f 00 00 00 00 01 00 5f",""
1732,9745,"RPC","IN",134,77,"ShowTextDraw","id=134 bytes=77","2e 08 10 93 18 04 3e 9a 99 59 3f ff ff ff e6 00 00 a0 44 00 00 a0 44 80 80 80 80 00 00 ff ff ff e6 01 00 00 00 a3 43 00 00 a1 43 00 00 00 00 00 00 00 00 00 00 00 00 00 00 00 00 80 3f ff ff ff ff 0a 00 52 65 6d 6f 76 65 64 20 35 78",""
1733,9746,"RPC","IN",134,71,"ShowTextDraw","id=134 bytes=71","2f 08 18 93 18 04 3e 9a 99 59 3f ff ff ff e6 00 00 a0 44 00 00 a0 44 80 80 80 80 00 00 ff ff ff e6 01 00 00 00 b0 43 00 00 bb 43 00 00 00 00 00 00 00 00 00 00 00 00 00 00 00 00 80 3f ff ff ff ff 04 00 41 79 61 6d",""
1734,9746,"RPC","IN",134,80,"ShowTextDraw","id=134 bytes=80","30 08 10 8f c2 f5 3e 29 5c 8f 3f 1a ff 00 aa 00 00 50 42 00 00 40 40 80 80 80 80 00 00 ff ff ff e6 04 00 00 80 a2 43 00 00 c2 43 00 00 00 00 00 00 00 00 00 00 00 00 00 00 00 00 80 3f ff ff ff ff 0d 00 4c 44 5f 53 50 41 43 3a 77 68 69 74 65",""
1735,9746,"RPC","IN",135,2,"HideTextDraw","id=135 bytes=2","2b 08",""
1736,9746,"RPC","IN",135,2,"HideTextDraw","id=135 bytes=2","2c 08",""
1737,9746,"RPC","IN",135,2,"HideTextDraw","id=135 bytes=2","2d 08",""
1738,9746,"RPC","IN",135,2,"HideTextDraw","id=135 bytes=2","2e 08",""
1739,9746,"RPC","IN",135,2,"HideTextDraw","id=135 bytes=2","2f 08",""
1740,9746,"RPC","IN",135,2,"HideTextDraw","id=135 bytes=2","30 08",""
1741,9746,"RPC","IN",16,16,"PlaySound","id=16 bytes=16","d5 9d 00 00 00 00 00 00 00 00 00 00 00 00 00 00",""
1742,9746,"RPC","IN",134,67,"ShowTextDraw","id=134 bytes=67","2b 08 10 9a 99 d9 3e 33 33 b3 3f 32 32 32 ff 00 00 c8 43 00 00 88 41 32 32 32 ff 00 00 32 32 32 ff 01 00 00 80 76 44 00 00 d9 42 00 00 00 00 00 00 00 00 00 00 00 00 00 00 00 00 80 3f ff ff ff ff 00 00",""
1743,9746,"RPC","IN",134,80,"ShowTextDraw","id=134 bytes=80","2c 08 10 8f c2 f5 3e 29 5c 8f 3f 00 00 00 66 00 00 50 42 00 00 88 42 80 80 80 80 00 00 00 00 00 66 04 00 00 80 a2 43 00 00 a1 43 00 00 00 00 00 00 00 00 00 00 00 00 00 00 00 00 80 3f ff ff ff ff 0d 00 4c 44 5f 53 50 41 43 3a 77 68 69 74 65",""
1744,9747,"RPC","IN",134,68,"ShowTextDraw","id=134 bytes=68","2d 08 00 8f c2 f5 3e 29 5c 8f 3f ff ff ff ff 00 00 30 42 00 00 44 42 80 80 80 80 00 00 00 00 00 00 05 00 00 80 a4 43 00 80 a5 43 f4 0a 00 00 00 00 00 00 00 00 00 00 00 00 00 00 80 3f 00 00 00 00 01 00 5f",""
1745,9747,"RPC","IN",134,78,"ShowTextDraw","id=134 bytes=78","2e 08 10 93 18 04 3e 9a 99 59 3f ff ff ff e6 00 00 a0 44 00 00 a0 44 80 80 80 80 00 00 ff ff ff e6 01 00 00 00 a3 43 00 00 a1 43 00 00 00 00 00 00 00 00 00 00 00 00 00 00 00 00 80 3f ff ff ff ff 0b 00 52 65 63 65 69 76 65 64 20 38 78",""
1746,9747,"RPC","IN",134,78,"ShowTextDraw","id=134 bytes=78","2f 08 18 93 18 04 3e 9a 99 59 3f ff ff ff e6 00 00 a0 44 00 00 a0 44 80 80 80 80 00 00 ff ff ff e6 01 00 00 00 b0 43 00 00 bb 43 00 00 00 00 00 00 00 00 00 00 00 00 00 00 00 00 80 3f ff ff ff ff 0b 00 41 79 61 6d 20 50 6f 74 6f 6e 67",""
1747,9747,"RPC","IN",134,80,"ShowTextDraw","id=134 bytes=80","30 08 10 8f c2 f5 3e 29 5c 8f 3f 1a ff 00 aa 00 00 50 42 00 00 40 40 80 80 80 80 00 00 ff ff ff e6 04 00 00 80 a2 43 00 00 c2 43 00 00 00 00 00 00 00 00 00 00 00 00 00 00 00 00 80 3f ff ff ff ff 0d 00 4c 44 5f 53 50 41 43 3a 77 68 69 74 65",""
1748,9747,"RPC","IN",134,67,"ShowTextDraw","id=134 bytes=67","31 08 10 9a 99 d9 3e 33 33 b3 3f 32 32 32 ff 00 00 c8 43 00 00 88 41 32 32 32 ff 00 00 32 32 32 ff 01 00 00 20 82 44 00 00 d9 42 00 00 00 00 00 00 00 00 00 00 00 00 00 00 00 00 80 3f ff ff ff ff 00 00",""
1749,9747,"RPC","IN",134,80,"ShowTextDraw","id=134 bytes=80","32 08 10 8f c2 f5 3e 29 5c 8f 3f 00 00 00 66 00 00 50 42 00 00 88 42 80 80 80 80 00 00 00 00 00 66 04 00 00 00 be 43 00 00 a1 43 00 00 00 00 00 00 00 00 00 00 00 00 00 00 00 00 80 3f ff ff ff ff 0d 00 4c 44 5f 53 50 41 43 3a 77 68 69 74 65",""
1750,9747,"RPC","IN",134,68,"ShowTextDraw","id=134 bytes=68","33 08 00 8f c2 f5 3e 29 5c 8f 3f ff ff ff ff 00 00 30 42 00 00 44 42 80 80 80 80 00 00 00 00 00 00 05 00 00 00 c0 43 00 80 a5 43 88 41 00 00 00 00 00 00 00 00 00 00 00 00 00 00 80 3f 00 00 00 00 01 00 5f",""
1751,9747,"RPC","IN",134,77,"ShowTextDraw","id=134 bytes=77","34 08 10 93 18 04 3e 9a 99 59 3f ff ff ff e6 00 00 a0 44 00 00 a0 44 80 80 80 80 00 00 ff ff ff e6 01 00 00 80 be 43 00 00 a1 43 00 00 00 00 00 00 00 00 00 00 00 00 00 00 00 00 80 3f ff ff ff ff 0a 00 52 65 6d 6f 76 65 64 20 35 78",""
1752,9747,"RPC","IN",134,71,"ShowTextDraw","id=134 bytes=71","35 08 18 93 18 04 3e 9a 99 59 3f ff ff ff e6 00 00 a0 44 00 00 a0 44 80 80 80 80 00 00 ff ff ff e6 01 00 00 80 cb 43 00 00 bb 43 00 00 00 00 00 00 00 00 00 00 00 00 00 00 00 00 80 3f ff ff ff ff 04 00 41 79 61 6d",""
1753,9748,"RPC","IN",134,80,"ShowTextDraw","id=134 bytes=80","36 08 10 8f c2 f5 3e 29 5c 8f 3f 1a ff 00 aa 00 00 50 42 00 00 40 40 80 80 80 80 00 00 ff ff ff e6 04 00 00 00 be 43 00 00 c2 43 00 00 00 00 00 00 00 00 00 00 00 00 00 00 00 00 80 3f ff ff ff ff 0d 00 4c 44 5f 53 50 41 43 3a 77 68 69 74 65",""
1754,9819,"RPC","IN",105,7,"TextDrawSetString","id=105 bytes=7","26 08 03 00 31 30 30",""
1755,9819,"RPC","IN",105,5,"TextDrawSetString","id=105 bytes=5","27 08 01 00 30",""
1756,9819,"RPC","IN",105,6,"TextDrawSetString","id=105 bytes=6","28 08 02 00 34 38",""
1757,9819,"RPC","IN",105,5,"TextDrawSetString","id=105 bytes=5","29 08 01 00 37",""
1758,9819,"RPC","IN",105,7,"TextDrawSetString","id=105 bytes=7","2a 08 03 00 31 30 30",""
1759,9819,"PACKET","IN",207,45,"PlayerSync","id=207 bytes=45","cf 46 00 fc ff eb 3f c0 00 2a 95 5d 70 d5 93 88 91 77 72 1f 90 80 00 00 00 00 99 6b c0 00 01 32 99 80 fb 47 4e 77 7e a2 39 ab 04 08 80",""
1760,9820,"PACKET","IN",207,41,"PlayerSync","id=207 bytes=41","cf 1a 00 00 00 16 af 2b f0 c9 73 89 91 42 4a a0 50 84 00 00 00 01 8b 31 80 00 01 e7 eb 2c ec 43 ec ba 8f fd fd d2 04 64 80",""
1761,9820,"PACKET","IN",207,45,"PlayerSync","id=207 bytes=45","cf 46 00 fc ff eb 3f c0 00 02 4d 1d 70 ef 14 08 91 62 76 5f 90 80 00 00 00 00 99 6b c0 00 02 3a a1 7c f8 63 53 b7 7d ae 29 ab 04 08 80",""
1762,9820,"RPC","IN",72,6,"SetPlayerColor","id=72 bytes=6","09 00 ff ff ff ff",""
1763,9820,"RPC","IN",72,6,"SetPlayerColor","id=72 bytes=6","09 00 ff ff ff ff",""
1764,9820,"RPC","IN",11,17,"SetPlayerName","id=11 bytes=17","09 00 0d 53 61 6e 74 6f 71 5f 59 61 6b 73 69 6e 01",""
1765,9820,"PACKET","IN",207,35,"PlayerSync","id=207 bytes=35","cf 1f 00 00 00 26 a3 e3 70 c2 1d 89 91 42 a3 5e 90 80 00 00 00 02 c2 27 00 00 00 00 00 00 01 a5 04 e8 80",""
1766,9821,"PACKET","IN",200,44,"VehicleSync","id=200 bytes=44","c8 38 00 30 00 00 00 00 00 00 00 0b f0 80 50 43 9f c6 8c 6a cc 35 e4 02 74 5a 66 78 04 23 aa fb d3 c6 d0 8d d5 e8 c6 05 a0 5d f0 00",""
1767,9821,"PACKET","IN",207,45,"PlayerSync","id=207 bytes=45","cf 46 00 fc ff eb 3f c0 00 1c c4 9d 70 c8 54 c8 91 55 38 df 90 80 00 00 00 00 99 6b c0 00 00 bf ad 78 f9 1b 50 8f 80 92 19 ab 04 08 80",""
1768,9821,"PACKET","IN",207,41,"PlayerSync","id=207 bytes=41","cf 92 00 00 00 18 ca a3 30 e6 d9 49 91 6d 1f 1e 90 84 00 00 00 02 9b 21 c0 00 02 3e 66 64 ea e5 8a 6b f3 fd fd a5 04 04 80",""
1769,9821,"RPC","IN",72,6,"SetPlayerColor","id=72 bytes=6","2a 00 aa 00 00 ff",""
1770,9821,"PACKET","IN",207,45,"PlayerSync","id=207 bytes=45","cf 46 00 fc ff eb 3f c0 00 1a bb 9d 30 ec d5 48 91 7b 79 5f 90 80 00 00 00 00 99 6b c0 00 03 0d 9d 78 f9 7b 50 f7 82 12 05 ab 04 08 80",""
1771,9821,"PACKET","OUT",207,69,"PlayerSync","id=207 bytes=69","cf 00 00 00 00 00 00 67 0a 9b c3 6b 06 27 45 ed 9c 7c 42 11 b2 39 3f 00 00 00 80 00 00 00 00 14 38 30 bf 64 00 04 00 00 00 00 00 00 00 00 00 00 00 00 00 00 00 00 00 00 00 00 00 00 00 00 00 00 00 a5 04 e8 80",""
1772,9842,"PACKET","IN",207,35,"PlayerSync","id=207 bytes=35","cf 51 00 00 00 1b 0a e3 30 cf a8 49 91 58 dd 9e 90 84 00 00 00 01 37 17 c0 00 00 00 00 00 01 28 00 04 11",""
1773,9842,"PACKET","IN",207,41,"PlayerSync","id=207 bytes=41","cf 1a 00 00 00 26 ee 6b f0 cf b3 89 91 40 8a 60 50 84 00 00 00 01 8b 31 80 00 02 20 e3 c8 ec 43 ec ba 8f fd fd d2 04 64 80",""
1774,9842,"PACKET","IN",207,45,"PlayerSync","id=207 bytes=45","cf 46 00 fc ff eb 3f c0 00 1e 73 5d 30 c3 16 08 91 6b 78 5f 90 80 00 00 00 00 99 6b c0 00 03 fc c1 78 f9 6b 50 eb 81 1d f5 ab 04 08 80",""
1775,9897,"PACKET","IN",207,35,"PlayerSync","id=207 bytes=35","cf 29 00 00 00 28 26 a8 30 d1 15 49 d1 7b 67 1f 10 84 00 00 00 03 a9 ff c0 00 00 00 00 00 01 28 00 04 11",""
1776,9898,"PACKET","IN",207,45,"PlayerSync","id=207 bytes=45","cf 46 00 fc ff eb 3f c0 00 03 ab 1d 30 db 96 88 91 62 35 9f 90 80 00 00 00 00 99 6b c0 00 01 64 e5 78 f8 ff 50 6b 83 e5 e1 ab 04 08 80",""
1777,9898,"PACKET","IN",200,44,"VehicleSync","id=200 bytes=44","c8 38 00 30 00 00 00 00 00 00 00 0a 60 21 90 35 ef cb dc ea cc 31 34 02 74 5d c6 38 04 2b ee 49 13 c5 a0 68 c5 95 f8 a5 a0 5d f0 00",""
1778,9898,"PACKET","IN",207,45,"PlayerSync","id=207 bytes=45","cf 46 00 fc ff eb 3f c0 00 07 a2 dd 30 f1 d7 08 91 79 71 1f 90 80 00 00 00 00 99 6b c0 00 01 e6 01 78 f8 33 53 83 7e f9 d1 ab 04 08 80",""
1779,9898,"RPC","IN",86,27,"ApplyPlayerAnimation","id=86 bytes=27","1c 00 07 42 44 5f 46 49 52 45 07 77 61 73 68 5f 75 70 33 33 83 40 80 00 00 00 00",""
1780,9899,"PACKET","IN",207,45,"PlayerSync","id=207 bytes=45","cf 46 00 fc ff eb 3f c0 00 18 5a 5d 30 cb d7 c8 91 75 2a df 90 80 00 00 00 00 99 6b c0 00 02 f0 25 7c fa ff 4e 27 7d c5 c1 ab 04 08 80",""
1781,9899,"PACKET","IN",207,41,"PlayerSync","id=207 bytes=41","cf 92 00 00 00 12 4a a3 30 e9 99 49 91 6d 1f 1e 90 84 00 00 00 02 9b 21 c0 00 01 ba 68 e0 eb 0a b3 ab df fd fd a5 04 04 80",""
1782,9918,"PACKET","OUT",203,32,"AimSync","id=203 bytes=32","cb 00 00 00 39 05 00 00 00 00 00 00 00 00 00 00 00 40 01 00 00 00 80 3f 00 00 f3 04 b5 3f 39 05",""
1783,9919,"RPC","IN",99,42,"MoveObject","id=99 bytes=42","a0 00 f8 e3 a1 c3 d7 9b 26 45 53 c5 7d 42 f8 e3 a1 c3 d7 9b 26 45 ed 5e 7b 42 00 00 80 3e 00 00 00 00 00 00 00 00 08 cc 84 43",""
1784,9925,"RPC","IN",122,2,"StopObject","id=122 bytes=2","a0 00",""
1785,9925,"RPC","IN",99,42,"MoveObject","id=99 bytes=42","a0 00 f8 e3 a1 c3 d7 9b 26 45 53 c5 7d 42 f8 e3 a1 c3 d7 9b 26 45 53 c5 7d 42 00 00 80 3e 00 00 00 00 00 00 00 00 08 cc 84 43",""
1786,9925,"RPC","IN",122,2,"StopObject","id=122 bytes=2","a0 00",""
1787,9925,"RPC","IN",99,42,"MoveObject","id=99 bytes=42","a0 00 f8 e3 a1 c3 d7 9b 26 45 53 c5 7d 42 f8 e3 a1 c3 d7 9b 26 45 ed 5e 7b 42 00 00 80 3e 00 00 00 00 00 00 00 00 08 cc 84 43",""
1788,9925,"RPC","IN",122,2,"StopObject","id=122 bytes=2","a0 00",""
1789,9925,"RPC","IN",99,42,"MoveObject","id=99 bytes=42","a0 00 f8 e3 a1 c3 d7 9b 26 45 53 c5 7d 42 f8 e3 a1 c3 d7 9b 26 45 53 c5 7d 42 00 00 80 3e 00 00 00 00 00 00 00 00 08 cc 84 43",""
1790,9925,"RPC","IN",122,2,"StopObject","id=122 bytes=2","a0 00",""
1791,9925,"RPC","IN",99,42,"MoveObject","id=99 bytes=42","a0 00 f8 e3 a1 c3 d7 9b 26 45 53 c5 7d 42 f8 e3 a1 c3 d7 9b 26 45 ed 5e 7b 42 00 00 80 3e 00 00 00 00 00 00 00 00 08 cc 84 43",""
1792,9925,"RPC","IN",122,2,"StopObject","id=122 bytes=2","a0 00",""
1793,9925,"RPC","IN",99,42,"MoveObject","id=99 bytes=42","a0 00 f8 e3 a1 c3 d7 9b 26 45 53 c5 7d 42 f8 e3 a1 c3 d7 9b 26 45 53 c5 7d 42 00 00 80 3e 00 00 00 00 00 00 00 00 08 cc 84 43",""
1794,9926,"RPC","IN",122,2,"StopObject","id=122 bytes=2","a0 00",""
1795,9926,"RPC","IN",99,42,"MoveObject","id=99 bytes=42","a0 00 f8 e3 a1 c3 d7 9b 26 45 53 c5 7d 42 f8 e3 a1 c3 d7 9b 26 45 ed 5e 7b 42 00 00 80 3e 00 00 00 00 00 00 00 00 08 cc 84 43",""
1796,9926,"RPC","IN",122,2,"StopObject","id=122 bytes=2","a0 00",""
1797,9926,"RPC","IN",99,42,"MoveObject","id=99 bytes=42","a0 00 f8 e3 a1 c3 d7 9b 26 45 53 c5 7d 42 f8 e3 a1 c3 d7 9b 26 45 53 c5 7d 42 00 00 80 3e 00 00 00 00 00 00 00 00 08 cc 84 43",""
1798,9926,"RPC","IN",122,2,"StopObject","id=122 bytes=2","a0 00",""
1799,9926,"RPC","IN",99,42,"MoveObject","id=99 bytes=42","a0 00 f8 e3 a1 c3 d7 9b 26 45 53 c5 7d 42 f8 e3 a1 c3 d7 9b 26 45 ed 5e 7b 42 00 00 80 3e 00 00 00 00 00 00 00 00 08 cc 84 43",""
1800,9926,"RPC","IN",122,2,"StopObject","id=122 bytes=2","a0 00",""
1801,9926,"RPC","IN",99,42,"MoveObject","id=99 bytes=42","a0 00 f8 e3 a1 c3 d7 9b 26 45 53 c5 7d 42 f8 e3 a1 c3 d7 9b 26 45 53 c5 7d 42 00 00 80 3e 00 00 00 00 00 00 00 00 08 cc 84 43",""
1802,9926,"PACKET","IN",207,45,"PlayerSync","id=207 bytes=45","cf 46 00 fc ff eb 3f c0 00 3f d0 dd 30 f6 58 48 91 5c 61 df 90 80 00 00 00 00 99 6b c0 00 01 23 b5 7c f9 3f 4c 23 7e e9 ad ab 04 08 80",""
1803,9943,"PACKET","IN",207,41,"PlayerSync","id=207 bytes=41","cf 1a 00 00 00 21 2d 2b f0 db 33 89 91 46 89 e0 50 84 00 00 00 01 8b 31 80 00 02 5b 49 a4 f0 43 ec ba 8f fd fd d2 04 64 80",""
1804,9943,"PACKET","IN",207,45,"PlayerSync","id=207 bytes=45","cf 46 00 fc ff eb 3f c0 00 24 c8 5d 30 d3 59 08 91 67 97 9f 90 80 00 00 00 00 99 6b c0 00 00 70 11 84 fb 3b 49 db 79 c9 9d ab 04 08 80",""
1805,9944,"RPC","IN",86,27,"ApplyPlayerAnimation","id=86 bytes=27","85 00 07 42 44 5f 46 49 52 45 07 77 61 73 68 5f 75 70 33 33 83 40 80 00 00 00 00",""
1806,9944,"PACKET","IN",200,44,"VehicleSync","id=200 bytes=44","c8 38 00 30 00 00 00 00 00 00 00 40 50 13 a0 26 2f c9 8d 3a cc 3e 03 f2 74 5d 46 a8 04 2a bd b5 23 cf e1 21 e5 73 2b 55 a0 5d f0 00",""
1807,9962,"PACKET","IN",207,35,"PlayerSync","id=207 bytes=35","cf 2d 00 00 00 3c 58 68 30 c1 50 49 d1 7b 67 1f 10 84 00 00 00 02 aa b3 c0 00 00 00 00 00 01 28 00 04 11",""
1808,9963,"PACKET","IN",203,34,"AimSync","id=203 bytes=34","cb 2d 00 04 43 d2 70 bf 73 60 50 3e 12 f5 8a be 65 c1 9e c3 c2 35 27 45 5b 62 81 42 00 00 00 00 3f 28",""
1809,9963,"PACKET","IN",207,45,"PlayerSync","id=207 bytes=45","cf 46 00 fc ff eb 3f c0 00 07 bf 1c f0 fe 59 88 91 60 4a 5f 90 80 00 00 00 00 99 6b c0 00 02 e5 f5 88 f8 a7 4a e7 77 7d 89 ab 04 08 80",""
1810,9983,"PACKET","IN",207,45,"PlayerSync","id=207 bytes=45","cf 46 00 fc ff eb 3f c0 00 23 77 1c f0 ce 5a 48 91 63 bd 9f 50 80 00 00 00 00 99 6b c0 00 03 bf d9 8c fa 2b 44 0f 74 65 7d ab 04 08 80",""
1811,9983,"PACKET","IN",207,45,"PlayerSync","id=207 bytes=45","cf 46 00 fc ff eb 3f c0 00 20 6f 5c f0 dc 1a c8 91 5d 2f 9f 50 80 00 00 00 00 99 6b c0 00 01 52 75 94 fb 77 40 fb 71 dd 6d ab 04 08 80",""
1812,9983,"PACKET","IN",207,35,"PlayerSync","id=207 bytes=35","cf 4d 00 00 00 02 00 23 30 e6 e4 09 91 70 1e 9e 90 84 00 00 00 03 da d0 80 00 00 00 00 00 01 28 00 04 11",""
1813,9984,"PACKET","IN",207,35,"PlayerSync","id=207 bytes=35","cf 63 00 00 00 35 23 63 70 dd 23 09 91 54 21 9e 90 80 00 00 00 02 22 63 80 00 00 00 00 00 01 28 00 04 11",""
1814,10009,"PACKET","IN",207,41,"PlayerSync","id=207 bytes=41","cf 92 00 00 00 00 4a a3 30 ed 99 49 91 6c 1f 1e 90 84 00 00 00 02 9b 21 c0 00 02 b8 e1 64 e9 a3 0f 3b b3 fd fd a5 04 04 80",""
1815,10009,"PACKET","IN",207,35,"PlayerSync","id=207 bytes=35","cf 3d 00 00 00 32 67 a8 30 d0 79 49 91 7b 67 1f 10 84 00 00 00 00 e6 f1 c0 00 00 00 00 00 01 28 00 04 11",""
1816,10009,"PACKET","IN",207,45,"PlayerSync","id=207 bytes=45","cf 46 00 fc ff eb 3f c0 00 3f a7 1c f0 f0 5b 48 91 47 5f 5f 50 80 00 00 00 00 99 6b c0 00 00 2e 35 9c f8 63 41 7b 6f 01 5d ab 04 08 80",""
1817,10009,"PACKET","IN",207,35,"PlayerSync","id=207 bytes=35","cf 55 00 00 00 3e e0 24 70 de 62 c9 91 5c e2 9f 90 84 00 00 00 02 61 2b c0 00 00 00 00 00 01 a8 04 04 18",""
1818,10009,"PACKET","IN",207,35,"PlayerSync","id=207 bytes=35","cf 5b 00 00 00 0e fc 66 b0 e8 7d 89 91 7b 67 1f 10 84 00 00 00 01 0a e2 00 00 00 00 00 00 01 28 00 04 11",""
1819,10010,"PACKET","IN",207,35,"PlayerSync","id=207 bytes=35","cf 60 00 00 00 01 5b 23 b0 d7 8c c9 91 41 6c 5e 90 84 00 00 00 03 e6 19 c0 00 00 00 00 00 01 fb 04 04 80",""
1820,10010,"PACKET","IN",207,35,"PlayerSync","id=207 bytes=35","cf 70 00 00 00 2d b7 63 70 f1 5e c9 91 67 24 1e 90 80 00 00 00 00 92 c7 00 00 00 00 00 00 01 00 00 00 80",""
1821,10010,"PACKET","IN",203,34,"AimSync","id=203 bytes=34","cb 70 00 04 1e 5c 74 3f b6 c7 1e 3e b9 5c 82 be db 82 8f c3 38 73 26 45 e0 3c 80 42 00 00 00 00 3f c6",""
1822,10010,"PACKET","IN",207,35,"PlayerSync","id=207 bytes=35","cf 76 00 00 00 0e 87 a2 f0 c1 28 c9 91 5a 1c 1e 90 84 00 00 00 03 6c 9f 40 00 00 00 00 00 01 28 00 04 11",""
1823,10010,"PACKET","IN",207,37,"PlayerSync","id=207 bytes=37","cf 85 00 60 3f c0 00 0b e5 a5 b0 ce 81 09 d1 6c 24 9f 10 80 00 00 00 02 bb 51 80 00 00 00 00 00 01 c8 04 e8 80",""
1824,10010,"PACKET","IN",203,34,"AimSync","id=203 bytes=34","cb 85 00 04 d4 7c 66 3f 73 a1 bc be ac 2f 6d be 57 f3 97 c3 16 16 27 45 d7 e3 80 42 00 00 00 00 3f c6",""
1825,10028,"PACKET","IN",207,41,"PlayerSync","id=207 bytes=41","cf 1a 00 00 00 0d 6a 2b f0 f7 33 89 91 5f 48 a0 50 84 00 00 00 01 8b 31 80 00 03 38 36 e0 f0 43 ec ba 8f fd fd d2 04 64 80",""
1826,10029,"PACKET","IN",207,35,"PlayerSync","id=207 bytes=35","cf 53 00 00 00 29 67 a8 30 de 18 09 d1 7a e7 1f 10 84 00 00 00 02 ba 42 c0 00 00 00 00 00 01 a5 04 04 80",""
1827,10047,"PACKET","IN",200,44,"VehicleSync","id=200 bytes=44","c8 38 00 30 00 00 00 00 00 00 00 42 b0 38 f0 15 ff c4 dd 6a cc 3b a3 f2 74 59 27 68 04 2a c9 6c 23 b7 84 1d 25 ea 4e a5 a0 5d f0 00",""
1828,10048,"PACKET","IN",207,45,"PlayerSync","id=207 bytes=45","cf 46 00 fc ff eb 3f c0 00 07 5f 1c f0 c6 5c 08 91 52 0d 1f 50 80 00 00 00 00 99 6b c0 00 01 ce e1 a4 f9 07 3d a7 68 69 51 ab 04 08 80",""
1829,10075,"PACKET","IN",207,45,"PlayerSync","id=207 bytes=45","cf 46 00 fc ff eb 3f c0 00 36 96 9c f0 de 1c 88 91 6a f8 df 10 80 00 00 00 00 99 6b c0 00 00 44 81 b0 f9 6b 39 87 66 15 41 ab 04 08 80",""
1830,10075,"PACKET","IN",207,35,"PlayerSync","id=207 bytes=35","cf 7c 00 00 00 35 a2 e2 70 da 28 89 91 5f 9d de 90 80 00 00 00 01 98 6a 40 00 00 00 00 00 01 28 00 04 11",""
1831,10076,"PACKET","IN",207,35,"PlayerSync","id=207 bytes=35","cf 1c 00 00 00 2d 1d 28 30 f6 cc c9 d1 7b 67 1f 10 84 00 00 00 00 65 93 00 00 00 00 00 00 01 28 00 04 11",""
1832,10076,"PACKET","IN",207,45,"PlayerSync","id=207 bytes=45","cf 46 00 fc ff eb 3f c0 00 0d d4 1c f0 ce 9c c8 91 4b 72 5f 10 80 00 00 00 00 99 6b c0 00 00 e3 c1 b0 f8 3b 38 2b 65 99 3d ab 04 08 80",""
1833,10096,"RPC","IN",87,2,"ClearPlayerAnimation","id=87 bytes=2","97 00",""
1834,10096,"RPC","IN",86,29,"ApplyPlayerAnimation","id=86 bytes=29","97 00 05 43 41 52 52 59 0b 63 72 72 79 5f 70 72 74 69 61 6c 33 33 83 40 00 00 00 00 00",""
1835,10097,"RPC","IN",87,2,"ClearPlayerAnimation","id=87 bytes=2","53 00",""
1836,10097,"RPC","IN",86,29,"ApplyPlayerAnimation","id=86 bytes=29","53 00 05 43 41 52 52 59 0b 63 72 72 79 5f 70 72 74 69 61 6c 33 33 83 40 00 00 00 00 00",""
1837,10116,"PACKET","IN",207,41,"PlayerSync","id=207 bytes=41","cf 1a 00 00 00 1c 2a 2b f0 f6 f3 89 91 64 48 a0 50 84 00 00 00 01 8b 31 80 00 01 06 6e 48 f3 b8 13 41 73 fd fd d2 04 64 80",""
1838,10116,"PACKET","IN",200,44,"VehicleSync","id=200 bytes=44","c8 38 00 30 00 00 00 00 00 00 00 4d f0 2a 30 15 ef c0 4d 6a cc 3b f3 f2 74 59 07 c8 04 2d 80 d9 73 b9 8e 54 0b 9c 2b 45 a0 5d f0 00",""
1839,10117,"PACKET","IN",207,41,"PlayerSync","id=207 bytes=41","cf 92 00 00 00 01 ca a3 30 ec 59 49 91 6c 1f 1e 90 84 00 00 00 02 9b 21 c0 00 03 03 6e 24 e8 b4 5e 28 db fd fd a5 04 04 80",""
1840,10143,"PACKET","IN",207,35,"PlayerSync","id=207 bytes=35","cf 7e 00 00 00 13 27 28 30 cd 86 09 d1 7b 67 1f 10 84 00 00 00 01 42 b3 94 00 00 00 00 00 01 a5 04 e8 80",""
1841,10163,"PACKET","IN",207,35,"PlayerSync","id=207 bytes=35","cf 97 00 00 00 3d e7 a8 30 e4 09 c9 d1 7b 67 1f 10 84 00 00 00 00 0f 03 e8 00 00 00 00 00 01 a5 04 e8 80",""
1842,10202,"PACKET","IN",207,41,"PlayerSync","id=207 bytes=41","cf 1a 00 00 00 1f eb 6b f0 eb 73 89 91 5d 89 20 50 84 00 00 00 01 8b 31 80 00 01 e4 e3 c8 ec 43 ec ba 8f fd fd d2 04 64 80",""
1843,10202,"PACKET","IN",203,34,"AimSync","id=203 bytes=34","cb 1a 00 04 cd c6 71 bf 9c 9f a5 3e d9 8f 6e bd 10 98 ae c3 4c c3 26 45 c1 99 82 42 00 00 00 00 3f 36",""
1844,10202,"PACKET","IN",200,44,"VehicleSync","id=200 bytes=44","c8 38 00 30 00 00 00 00 00 00 00 46 70 04 20 26 0f cb 2d 2a cc 3f 03 f2 74 52 67 b8 04 27 23 84 13 c3 7f 3e ea f8 46 35 a0 5d f0 00",""
1845,10202,"PACKET","IN",207,45,"PlayerSync","id=207 bytes=45","cf 46 00 fc 7f eb 3f c0 00 16 aa 5c b0 c8 1f c8 91 40 34 1e 90 80 00 00 00 00 99 6b c0 00 00 50 4b 80 e9 7f 50 ff 83 fd fd 6d 04 64 80",""
1846,10203,"PACKET","IN",207,45,"PlayerSync","id=207 bytes=45","cf 46 00 fc 7f eb 3f c0 00 19 e8 5c b0 ec 5f c8 91 40 34 1e 90 80 00 00 00 00 99 6b c0 00 02 47 25 88 f5 7f 50 ff 83 fd fd 6d 04 64 80",""
1847,10203,"PACKET","OUT",205,9,"UNKNOWN_PACKET","id=205 bytes=9","cd b8 4a 04 00 00 00 00 00",""
1848,10221,"PACKET","IN",207,35,"PlayerSync","id=207 bytes=35","cf 54 00 00 00 05 77 63 70 c5 21 c9 91 65 24 1e 90 80 00 00 00 00 12 8e c0 00 00 00 00 00 01 28 00 04 11",""
1849,10222,"PACKET","IN",207,41,"PlayerSync","id=207 bytes=41","cf 92 00 00 00 24 0a a3 30 e9 d9 49 91 6d 9f 1e 90 84 00 00 00 02 9b 21 c0 00 02 ff 6e 24 e9 b8 04 62 4f fd fd a5 04 04 80",""
1850,10261,"RPC","IN",86,27,"ApplyPlayerAnimation","id=86 bytes=27","1f 00 07 42 44 5f 46 49 52 45 07 77 61 73 68 5f 75 70 33 33 83 40 80 00 00 00 00",""
1851,10283,"PACKET","IN",207,41,"PlayerSync","id=207 bytes=41","cf 1a 00 00 00 0d aa ab f0 f2 f3 89 91 4e c8 e0 50 84 00 00 00 01 8b 31 80 00 00 12 92 cc e8 43 ec ba 8f fd fd d2 04 64 80",""
1852,10283,"PACKET","IN",207,45,"PlayerSync","id=207 bytes=45","cf 46 00 fc 7f eb 3f c0 00 3f 21 5c b0 e9 a0 48 91 40 34 1e 90 80 00 00 00 00 99 6b c0 00 00 3a 64 f8 f5 7f 50 ff 83 fd fd 6d 04 64 80",""
1853,10283,"PACKET","IN",207,35,"PlayerSync","id=207 bytes=35","cf 02 00 00 00 2d a2 e3 70 ee 9a 89 91 77 a3 1e 90 80 00 00 00 00 8a aa c0 00 00 00 00 00 01 28 00 04 11",""
1854,10283,"PACKET","IN",200,44,"VehicleSync","id=200 bytes=44","c8 38 00 30 00 00 00 00 00 00 00 0f 50 30 80 35 7f cd 5c ca cc 33 34 02 74 50 b7 38 04 21 d2 28 43 c3 8f 5a ea 75 45 f5 a0 5d f0 00",""
1855,10283,"PACKET","IN",203,34,"AimSync","id=203 bytes=34","cb 38 00 12 b0 c7 2b 3f 26 f3 08 3f a6 6c 03 bf b1 61 b1 c3 51 cb 26 45 96 63 92 42 00 00 00 00 3f c6",""
1856,10284,"PACKET","IN",207,45,"PlayerSync","id=207 bytes=45","cf 46 00 fc 7f eb 3f c0 00 3f a0 5c b0 fb e0 48 91 40 34 1e 90 80 00 00 00 00 99 6b c0 00 00 a7 af 8c f1 7f 50 ff 83 fd fd 6d 04 64 80",""
1857,10310,"RPC","IN",87,2,"ClearPlayerAnimation","id=87 bytes=2","76 00",""
1858,10310,"RPC","IN",86,29,"ApplyPlayerAnimation","id=86 bytes=29","76 00 05 43 41 52 52 59 0b 63 72 72 79 5f 70 72 74 69 61 6c 33 33 83 40 00 00 00 00 00",""
1859,10310,"PACKET","IN",207,45,"PlayerSync","id=207 bytes=45","cf 46 00 fc 7f eb 3f c0 00 10 df 5c b0 d1 60 88 91 40 34 1e 90 80 00 00 00 00 99 6b c0 00 01 d3 6b 5c f1 7f 50 ff 83 fd fd 6d 04 64 80",""
1860,10311,"PACKET","IN",207,41,"PlayerSync","id=207 bytes=41","cf 92 00 00 00 08 0a e3 30 ea 99 49 91 6f 5f 1e 90 84 00 00 00 02 9b 21 c0 00 02 fb 6e 24 e9 b8 04 62 4f fd fd a5 04 04 80",""
1861,10331,"PACKET","IN",207,45,"PlayerSync","id=207 bytes=45","cf 46 00 fc 7f eb 3f c0 00 33 5e 5c b0 e1 20 88 91 40 34 1e 90 80 00 00 00 00 99 6b c0 00 02 e4 0b 04 f1 7f 50 ff 83 fd fd 6d 04 64 80",""
1862,10332,"RPC","IN",105,19,"TextDrawSetString","id=105 bytes=19","2f 01 0f 00 30 39 20 41 67 75 73 74 75 73 20 32 30 32 36",""
1863,10332,"RPC","IN",105,12,"TextDrawSetString","id=105 bytes=12","30 01 08 00 31 32 3a 30 31 3a 35 36",""
1864,10333,"PACKET","IN",200,44,"VehicleSync","id=200 bytes=44","c8 38 00 30 00 00 00 00 00 00 00 02 00 8a 90 33 df c3 ec 7a cc 36 c4 02 74 55 06 d8 04 24 06 38 73 c2 7f 8e ca 64 06 b5 a0 5d f0 00",""
1865,10333,"PACKET","IN",207,45,"PlayerSync","id=207 bytes=45","cf 46 00 fc 7f eb 3f c0 00 2b dd 5c b0 f3 e0 88 91 40 34 1e 90 80 00 00 00 00 99 6b c0 00 02 b8 0b 04 f1 7f 50 ff 83 fd fd 6d 04 64 80",""
1866,10356,"PACKET","IN",207,35,"PlayerSync","id=207 bytes=35","cf 1a 00 00 00 0d aa ab f0 f2 f3 89 91 4e c8 e0 50 84 00 00 00 01 8b 31 80 00 00 00 00 00 01 a5 04 08 80",""
1867,10356,"PACKET","IN",207,45,"PlayerSync","id=207 bytes=45","cf 46 00 fc 7f eb 3f c0 00 10 dc 9c b0 c3 60 c8 91 40 34 1e 90 80 00 00 00 00 99 6b c0 00 02 dc 0b 04 f1 7f 50 ff 83 fd fd 6d 04 64 80",""
1868,10356,"PACKET","IN",203,34,"AimSync","id=203 bytes=34","cb 46 00 04 44 d5 aa 3e eb 92 6d 3f 71 a4 29 be 1f 45 74 c3 b7 30 22 45 39 76 80 42 00 00 00 00 23 37",""
1869,10378,"PACKET","IN",207,35,"PlayerSync","id=207 bytes=35","cf 1f 00 00 00 26 a3 e3 70 c2 1d 89 91 42 a3 5e 90 80 00 00 00 02 c2 27 00 00 00 00 00 00 01 28 00 04 11",""
1870,10378,"PACKET","IN",207,45,"PlayerSync","id=207 bytes=45","cf 46 00 fc 7f eb 3f c0 00 3e 1c 1c b0 c9 60 c8 91 40 34 1e 90 80 00 00 00 00 99 6b c0 00 02 18 00 28 f1 7f 50 ff 83 fd fd 6d 04 64 80",""
1871,10400,"PACKET","IN",207,35,"PlayerSync","id=207 bytes=35","cf 51 00 00 00 1b 0a e3 30 cf a8 49 91 58 dd 9e 90 84 00 00 00 01 37 17 c0 00 00 00 00 00 01 28 00 04 11",""
1872,10400,"PACKET","IN",207,45,"PlayerSync","id=207 bytes=45","cf 46 00 fc 7f ea ff c2 00 31 db dc b0 ce e0 c8 91 40 34 1e 90 80 00 00 00 02 51 33 c0 00 03 fb a0 18 f1 7f 50 ff 83 fd fd 6d 04 64 80",""
1873,10400,"PACKET","OUT",207,69,"PlayerSync","id=207 bytes=69","cf 00 00 00 00 00 00 67 0a 9b c3 6b 06 27 45 ed 9c 7c 42 11 b2 39 3f 00 00 00 80 00 00 00 00 14 38 30 bf 64 00 04 00 00 00 00 00 00 00 00 00 00 00 00 00 00 00 00 00 00 00 00 00 00 00 00 00 00 00 a5 04 e8 80",""
1874,10426,"PACKET","IN",207,39,"PlayerSync","id=207 bytes=39","cf 1a 00 82 00 7e 3f c0 00 0d aa ab f0 f2 f3 89 91 4e c8 e0 50 84 00 00 00 02 97 0d 80 00 00 00 00 00 01 c8 04 08 80",""
1875,10427,"PACKET","IN",207,45,"PlayerSync","id=207 bytes=45","cf 46 00 fc 7f ea ff c2 00 24 1b 5c b0 db a0 c8 91 40 34 1e 90 80 00 00 00 00 78 fb c0 00 02 a5 7a 28 f0 4b 24 5b a7 fd fd 6d 04 64 80",""
1876,10427,"PACKET","IN",207,35,"PlayerSync","id=207 bytes=35","cf 29 00 00 00 28 26 a8 30 d1 15 49 d1 7b 67 1f 10 84 00 00 00 03 a9 ff c0 00 00 00 00 00 01 28 00 04 11",""
1877,10427,"PACKET","IN",207,35,"PlayerSync","id=207 bytes=35","cf 76 00 00 00 0e 87 a2 f0 c1 28 c9 91 5a 1c 1e 90 84 00 00 00 03 6c 9f 40 00 00 00 00 00 01 00 00 00 80",""
1878,10444,"PACKET","OUT",203,32,"AimSync","id=203 bytes=32","cb 00 00 00 39 05 00 00 00 00 00 00 00 00 00 00 00 40 01 00 00 00 80 3f 00 00 f3 04 b5 3f 39 05",""
1879,10449,"PACKET","IN",207,45,"PlayerSync","id=207 bytes=45","cf 1a 00 83 00 7c ff c0 00 2a 2b 6b f0 ee 33 89 91 5b c9 20 50 84 00 00 00 01 4e e9 80 00 00 9b a0 14 f7 48 05 e5 ab fd fd c8 04 08 80",""
1880,10450,"PACKET","IN",200,44,"VehicleSync","id=200 bytes=44","c8 38 00 30 00 00 00 00 00 00 00 0e b0 c5 d0 40 8f cc fc 0a cc 3a f4 02 74 53 d6 b8 04 2f 00 66 63 c7 af 94 9a 86 37 e5 a0 5d f0 00",""
1881,10450,"PACKET","IN",207,41,"PlayerSync","id=207 bytes=41","cf 92 00 00 00 20 0a e3 30 f0 d9 49 91 70 9f 1e 90 84 00 00 00 02 9b 21 c0 00 00 7b 72 24 e8 62 4e 43 fb fd fd a5 04 04 80",""
1882,10450,"PACKET","IN",203,34,"AimSync","id=203 bytes=34","cb 92 00 04 5a 58 b5 be 95 06 6e 3f 37 40 cd bd a7 d8 8b c3 87 4a 26 45 ed 9e 7d 42 00 00 00 00 3f 37",""
1883,10450,"PACKET","IN",207,45,"PlayerSync","id=207 bytes=45","cf 1a 00 85 00 7a 7f c0 00 0a ac 6b f0 ec 73 89 91 64 89 60 50 84 00 00 00 01 9e c1 80 00 03 e3 d8 14 f4 e8 01 81 e3 fd fd c8 04 08 80",""
1884,10450,"PACKET","IN",207,45,"PlayerSync","id=207 bytes=45","cf 46 00 fc 7f ea ff c2 00 05 5a 9c b0 f5 a0 c8 91 40 34 1e 90 80 00 00 00 03 dc b3 c0 00 00 7f 5f 84 f1 0a f3 b3 c3 fd fd 6d 04 64 80",""
1885,10473,"PACKET","IN",207,45,"PlayerSync","id=207 bytes=45","cf 1a 00 86 00 78 ff c0 00 2b ed 2b f0 ed f3 89 91 67 c9 a0 50 84 00 00 00 03 ba 95 80 00 01 b0 1c 18 f4 a4 01 c2 1b fd fd c8 04 08 80",""
1886,10474,"PACKET","IN",207,45,"PlayerSync","id=207 bytes=45","cf 46 00 fc 7f ea ff c2 00 27 d9 5c b0 e6 21 08 91 40 34 1e 90 80 00 00 00 00 5c 63 c0 00 02 18 58 90 f5 12 b0 63 e3 fd fd 6d 04 64 80",""
1887,10498,"PACKET","IN",207,45,"PlayerSync","id=207 bytes=45","cf 1a 00 87 00 75 7f c0 00 08 ee 2b f0 f2 73 89 91 64 09 e0 50 84 00 00 00 00 26 6d 80 00 02 a0 60 18 f6 90 05 c6 53 fd fd c8 04 08 80",""
1888,10498,"PACKET","IN",207,45,"PlayerSync","id=207 bytes=45","cf 46 00 fb ff ea ff c2 00 26 58 9c b0 e5 a1 48 91 40 34 1e 90 80 00 00 00 03 48 0f c0 00 02 4c 3d 54 f7 ee 5e eb f7 fd fd 6d 04 64 80",""
1889,10499,"PACKET","IN",207,45,"PlayerSync","id=207 bytes=45","cf 1a 00 87 00 74 3f c0 00 20 ae eb f0 f9 f3 89 91 59 8a 20 50 84 00 00 00 02 c6 3d 80 00 02 e8 a4 18 f6 80 10 6a 8b fd fd c8 04 08 80",""
1890,10499,"PACKET","IN",200,44,"VehicleSync","id=200 bytes=44","c8 38 00 30 00 00 00 00 00 00 00 04 11 0e 80 4d 6f b5 7b ca cc 3e 24 02 74 5d 16 c8 04 2e c2 61 a3 cf cf 73 4a be c8 a5 a0 5d f0 00",""
1891,10500,"PACKET","IN",207,45,"PlayerSync","id=207 bytes=45","cf 46 00 fb ff ea ff c2 00 0a 58 9c b0 e0 21 88 91 40 34 1e 90 84 00 00 00 01 e0 23 c0 00 03 04 a5 e4 f7 46 0f c3 ff fd fd 6d 04 64 80",""
1892,10537,"PACKET","IN",207,45,"PlayerSync","id=207 bytes=45","cf 1a 00 87 00 72 3f c0 00 31 af ab f0 c4 73 c9 91 47 4a 60 50 84 00 00 00 03 72 0d 80 00 03 90 e4 18 f4 4c 25 5e bf fd fd c8 04 08 80",""
1893,10537,"PACKET","IN",207,35,"PlayerSync","id=207 bytes=35","cf 3d 00 00 00 32 67 a8 30 d0 79 49 91 7b 67 1f 10 84 00 00 00 00 e6 f1 c0 00 00 00 00 00 01 28 00 04 11",""
1894,10537,"PACKET","IN",207,45,"PlayerSync","id=207 bytes=45","cf 46 00 fb ff ea ff c2 00 16 18 dc b0 e7 a1 c8 91 40 34 1e 90 84 00 00 00 00 28 2f c0 00 01 08 96 38 f6 1d de df ff fd fd 6d 04 64 80",""
1895,10538,"PACKET","IN",207,35,"PlayerSync","id=207 bytes=35","cf 55 00 00 00 3e e0 24 70 de 62 c9 91 5c e2 9f 90 84 00 00 00 02 61 2b c0 00 00 00 00 00 01 a8 04 04 18",""
1896,10538,"PACKET","IN",207,45,"PlayerSync","id=207 bytes=45","cf 1a 00 87 00 72 3f c0 00 38 b0 6b f0 d1 b3 c9 91 6d 0a 60 50 84 00 00 00 02 79 dd 80 00 02 11 20 18 f7 e4 38 4e f3 fd fd c8 04 08 80",""
1897,10538,"PACKET","IN",207,35,"PlayerSync","id=207 bytes=35","cf 4d 00 00 00 02 00 23 30 e6 e4 09 91 70 1e 9e 90 84 00 00 00 03 da d0 80 00 00 00 00 00 01 28 00 04 11",""
1898,10560,"PACKET","IN",207,45,"PlayerSync","id=207 bytes=45","cf 1a 00 87 00 71 bf c0 00 32 f1 2b f0 e1 73 c9 91 4a 0a a0 50 84 00 00 00 01 5d c9 80 00 02 90 34 1c f4 f4 58 67 23 fd fd c8 04 08 80",""
1899,10560,"PACKET","IN",207,41,"PlayerSync","id=207 bytes=41","cf 92 00 00 00 11 8a e3 30 f6 19 49 91 6f df 1e 90 84 00 00 00 02 9b 21 c0 00 00 77 ae 8c e8 0b 3e cb 93 fd fd a5 04 04 80",""
1900,10561,"RPC","IN",99,42,"MoveObject","id=99 bytes=42","a0 00 f8 e3 a1 c3 d7 9b 26 45 53 c5 7d 42 f8 e3 a1 c3 d7 9b 26 45 ed 5e 7b 42 00 00 80 3e 00 00 00 00 00 00 00 00 08 cc 84 43",""
1901,10561,"RPC","IN",122,2,"StopObject","id=122 bytes=2","a0 00",""
1902,10561,"RPC","IN",99,42,"MoveObject","id=99 bytes=42","a0 00 f8 e3 a1 c3 d7 9b 26 45 53 c5 7d 42 f8 e3 a1 c3 d7 9b 26 45 53 c5 7d 42 00 00 80 3e 00 00 00 00 00 00 00 00 08 cc 84 43",""
1903,10561,"RPC","IN",122,2,"StopObject","id=122 bytes=2","a0 00",""
1904,10561,"RPC","IN",99,42,"MoveObject","id=99 bytes=42","a0 00 f8 e3 a1 c3 d7 9b 26 45 53 c5 7d 42 f8 e3 a1 c3 d7 9b 26 45 ed 5e 7b 42 00 00 80 3e 00 00 00 00 00 00 00 00 08 cc 84 43",""
1905,10561,"RPC","IN",122,2,"StopObject","id=122 bytes=2","a0 00",""
1906,10561,"RPC","IN",99,42,"MoveObject","id=99 bytes=42","a0 00 f8 e3 a1 c3 d7 9b 26 45 53 c5 7d 42 f8 e3 a1 c3 d7 9b 26 45 53 c5 7d 42 00 00 80 3e 00 00 00 00 00 00 00 00 08 cc 84 43",""
1907,10561,"RPC","IN",122,2,"StopObject","id=122 bytes=2","a0 00",""
1908,10561,"RPC","IN",99,42,"MoveObject","id=99 bytes=42","a0 00 f8 e3 a1 c3 d7 9b 26 45 53 c5 7d 42 f8 e3 a1 c3 d7 9b 26 45 ed 5e 7b 42 00 00 80 3e 00 00 00 00 00 00 00 00 08 cc 84 43",""
1909,10561,"RPC","IN",122,2,"StopObject","id=122 bytes=2","a0 00",""
1910,10561,"RPC","IN",99,42,"MoveObject","id=99 bytes=42","a0 00 f8 e3 a1 c3 d7 9b 26 45 53 c5 7d 42 f8 e3 a1 c3 d7 9b 26 45 53 c5 7d 42 00 00 80 3e 00 00 00 00 00 00 00 00 08 cc 84 43",""
1911,10561,"RPC","IN",122,2,"StopObject","id=122 bytes=2","a0 00",""
1912,10561,"RPC","IN",99,42,"MoveObject","id=99 bytes=42","a0 00 f8 e3 a1 c3 d7 9b 26 45 53 c5 7d 42 f8 e3 a1 c3 d7 9b 26 45 ed 5e 7b 42 00 00 80 3e 00 00 00 00 00 00 00 00 08 cc 84 43",""
1913,10561,"RPC","IN",122,2,"StopObject","id=122 bytes=2","a0 00",""
1914,10561,"RPC","IN",99,42,"MoveObject","id=99 bytes=42","a0 00 f8 e3 a1 c3 d7 9b 26 45 53 c5 7d 42 f8 e3 a1 c3 d7 9b 26 45 53 c5 7d 42 00 00 80 3e 00 00 00 00 00 00 00 00 08 cc 84 43",""
1915,10562,"RPC","IN",122,2,"StopObject","id=122 bytes=2","a0 00",""
1916,10562,"RPC","IN",99,42,"MoveObject","id=99 bytes=42","a0 00 f8 e3 a1 c3 d7 9b 26 45 53 c5 7d 42 f8 e3 a1 c3 d7 9b 26 45 ed 5e 7b 42 00 00 80 3e 00 00 00 00 00 00 00 00 08 cc 84 43",""
1917,10562,"RPC","IN",122,2,"StopObject","id=122 bytes=2","a0 00",""
1918,10562,"RPC","IN",99,42,"MoveObject","id=99 bytes=42","a0 00 f8 e3 a1 c3 d7 9b 26 45 53 c5 7d 42 f8 e3 a1 c3 d7 9b 26 45 53 c5 7d 42 00 00 80 3e 00 00 00 00 00 00 00 00 08 cc 84 43",""
1919,10584,"PACKET","IN",207,45,"PlayerSync","id=207 bytes=45","cf 1a 00 87 00 71 3f c0 00 02 72 2b f0 f4 f3 c9 91 67 0a a0 50 84 00 00 00 00 e5 b5 80 00 01 fe f4 68 f6 c8 67 b3 33 fd fd c8 04 08 80",""
1920,10585,"PACKET","IN",207,35,"PlayerSync","id=207 bytes=35","cf 5b 00 00 00 0e fc 66 b0 e8 7d 89 91 7b 67 1f 10 84 00 00 00 01 0a e2 00 00 00 00 00 00 01 28 00 04 11",""
1921,10585,"PACKET","IN",207,35,"PlayerSync","id=207 bytes=35","cf 63 00 00 00 35 23 63 70 dd 23 09 91 54 21 9e 90 80 00 00 00 02 22 63 80 00 00 00 00 00 01 28 00 04 11",""
1922,10585,"PACKET","IN",207,35,"PlayerSync","id=207 bytes=35","cf 7c 00 00 00 35 a2 e2 70 da 28 89 91 5f 9d de 90 80 00 00 00 01 98 6a 40 00 00 00 00 00 01 28 00 04 11",""
1923,10585,"PACKET","IN",207,45,"PlayerSync","id=207 bytes=45","cf 1a 00 87 80 70 7f c0 00 36 f2 6b f0 cf 74 09 91 5b 0a a0 50 84 00 00 00 02 b1 95 80 00 03 2f 18 3c f5 55 08 a7 c3 fd fd c8 04 08 80",""
1924,10585,"PACKET","IN",200,44,"VehicleSync","id=200 bytes=44","c8 38 00 30 00 00 00 00 00 00 00 00 01 24 20 5b 7f b0 0b aa cc 30 04 12 74 54 e6 e8 04 28 e0 c4 e3 ba ef 49 6b 35 28 a5 a0 5d f0 00",""
1925,10585,"PACKET","IN",207,45,"PlayerSync","id=207 bytes=45","cf 46 00 fb ff ea ff c2 00 29 da 9c b0 c1 23 08 91 40 34 1e 90 84 00 00 00 00 e0 43 c0 00 00 9a e2 fc f4 d1 c4 8f ff fd fd 6d 04 64 80",""
1926,10585,"PACKET","IN",207,35,"PlayerSync","id=207 bytes=35","cf 60 00 00 00 01 5b 23 b0 d7 8c c9 91 41 6c 5e 90 84 00 00 00 03 e6 19 c0 00 00 00 00 00 01 fb 04 04 80",""
1927,10612,"RPC","IN",86,27,"ApplyPlayerAnimation","id=86 bytes=27","7e 00 07 42 44 5f 46 49 52 45 07 77 61 73 68 5f 75 70 33 33 83 40 80 00 00 00 00",""
1928,10612,"PACKET","IN",207,45,"PlayerSync","id=207 bytes=45","cf 1a 00 87 80 6f ff c0 00 2e 32 eb f0 ea 74 09 91 4f 0a a0 50 84 00 00 00 02 49 79 80 00 02 a4 c8 4c f5 55 08 a7 c3 fd fd c8 04 08 80",""
1929,10613,"PACKET","IN",207,45,"PlayerSync","id=207 bytes=45","cf 46 00 fb ff ea ff c2 00 30 db 5c b0 e2 a3 48 91 40 34 1e 90 84 00 00 00 01 78 47 c0 00 02 e6 37 28 f7 39 bf df fb fd fd 6d 04 64 80",""
1930,10613,"PACKET","IN",207,35,"PlayerSync","id=207 bytes=35","cf 53 00 00 00 29 67 a8 30 de 18 09 d1 7a e7 1f 10 84 00 00 00 02 ba 42 c0 00 00 00 00 00 01 a5 04 04 80",""
1931,10639,"PACKET","IN",207,45,"PlayerSync","id=207 bytes=45","cf 1a 00 88 80 6f 7f c0 00 28 f3 6b f0 c6 74 49 91 42 8a a0 50 84 00 00 00 00 fd 4d 80 00 01 4f 44 54 f5 55 08 a7 c3 fd fd c8 04 08 80",""
1932,10639,"PACKET","IN",207,45,"PlayerSync","id=207 bytes=45","cf 46 00 fb ff ea ff c2 00 00 9c 9c b0 de e3 c8 91 40 34 1e 90 84 00 00 00 01 50 4b c0 00 00 13 5f 7c f6 a9 bb 47 fb fd fd 6d 04 64 80",""
1933,10639,"PACKET","IN",207,45,"PlayerSync","id=207 bytes=45","cf 1a 00 8a 80 6e ff c0 00 07 b4 2b f0 df f4 49 91 45 8a a0 50 84 00 00 00 00 e5 1d 80 00 02 9b 30 68 f5 18 c7 b3 93 fd fd c8 04 08 80",""
1934,10663,"PACKET","IN",207,45,"PlayerSync","id=207 bytes=45","cf 1a 00 8b 00 6e ff c0 00 04 34 ab f0 fc 34 49 91 78 8a 60 50 84 00 00 00 01 6d 01 80 00 02 c2 04 68 f5 55 08 a7 c3 fd fd c8 04 08 80",""
1935,10663,"PACKET","IN",207,45,"PlayerSync","id=207 bytes=45","cf 46 00 fc 7f ea ff c2 00 38 5d 5c b0 ca 24 48 91 40 34 1e 90 84 00 00 00 03 38 47 c0 00 02 ef af 84 f6 d9 b6 bb fb fd fd 6d 04 64 80",""
1936,10663,"PACKET","IN",207,39,"PlayerSync","id=207 bytes=39","cf 70 00 80 80 7c bf c0 00 2d b7 63 70 f1 5e c9 91 67 24 1e 90 80 00 00 00 03 8e 9b 00 00 00 00 00 00 01 00 00 00 80",""
1937,10664,"PACKET","IN",203,34,"AimSync","id=203 bytes=34","cb 70 00 04 a1 57 6a 3f 87 19 5f 3e a1 4e ad be 13 72 8f c3 bd 6f 26 45 9d d1 80 42 00 00 00 00 3f c6",""
1938,10664,"PACKET","IN",207,45,"PlayerSync","id=207 bytes=45","cf 85 00 c0 00 60 3f c0 00 27 65 25 b0 c9 41 09 d1 6c 24 9f 10 80 00 00 00 02 33 51 80 00 00 44 46 44 ed 7b d9 31 3f fd fd 28 00 04 11",""
1939,10664,"PACKET","IN",200,44,"VehicleSync","id=200 bytes=44","c8 38 00 30 00 00 00 00 00 00 00 0d 21 14 60 5b af be bb 9a cc 30 14 12 74 55 06 e8 04 2b ef bf e3 ac 20 50 75 a1 e8 05 a0 5d f0 00",""
1940,10664,"PACKET","IN",207,45,"PlayerSync","id=207 bytes=45","cf 70 00 80 80 7a 3f c0 00 18 f7 a3 70 f9 1e c9 91 69 24 1e 90 80 00 00 00 01 d2 73 00 00 02 c1 88 dc f2 b4 db ab a3 fd fd 00 00 00 80",""
1941,10664,"PACKET","IN",207,41,"PlayerSync","id=207 bytes=41","cf 92 00 00 00 18 0a a3 30 fd 99 49 91 6d 1f 1e 90 84 00 00 00 02 9b 21 c0 00 01 4f 20 0c ee d3 78 6b 5b fd fd a5 04 04 80",""
1942,10689,"PACKET","IN",207,45,"PlayerSync","id=207 bytes=45","cf 1a 00 8b 80 6e bf c0 00 02 35 2b f0 d8 74 89 91 6c 8a 60 50 84 00 00 00 03 48 e9 80 00 00 3f 28 68 f6 d5 07 43 bf fd fd c8 04 08 80",""
1943,10690,"PACKET","IN",207,45,"PlayerSync","id=207 bytes=45","cf 46 00 fc ff ea ff c2 00 1a 5e 9c b0 cb 64 c8 91 40 34 1e 90 84 00 00 00 02 24 4b c0 00 03 f7 ff a4 f4 f1 bb 07 fb fd fd 6d 04 64 80",""
1944,10690,"PACKET","IN",207,45,"PlayerSync","id=207 bytes=45","cf 1a 00 8c 00 6e bf c0 00 1f 75 6b f0 ef b4 89 91 5f 4a 60 50 84 00 00 00 01 d0 d5 80 00 01 d2 47 e4 f2 fd 19 eb cb fd fd c8 04 08 80",""
1945,10690,"PACKET","IN",207,35,"PlayerSync","id=207 bytes=35","cf 1c 00 00 00 2d 1d 28 30 f6 cc c9 d1 7b 67 1f 10 84 00 00 00 00 65 93 00 00 00 00 00 00 01 28 00 04 11",""
1946,10690,"PACKET","IN",203,34,"AimSync","id=203 bytes=34","cb 1c 00 04 75 8a 48 bf 3d d0 02 bf f4 2f b5 be c9 15 9f c3 78 50 27 45 cd fb 81 42 00 00 00 00 3f 55",""
1947,10690,"PACKET","IN",207,45,"PlayerSync","id=207 bytes=45","cf 46 00 fd 7f eb 3f ca 00 10 df dc b0 d0 65 48 91 40 34 1e 90 84 00 00 00 03 6c 47 c0 00 01 df d7 cc f6 09 b6 9f fb fd fd 6d 04 64 80",""
1948,10690,"PACKET","IN",207,45,"PlayerSync","id=207 bytes=45","cf 70 00 80 80 78 3f c0 00 04 f7 a3 70 f2 1e c9 91 68 24 1e 90 80 00 00 00 00 0a 6f 00 00 03 01 68 40 f3 fa a9 c0 1f fd fd 00 00 00 80",""
1949,10712,"PACKET","IN",207,45,"PlayerSync","id=207 bytes=45","cf 1a 00 8c 80 6e bf c0 00 34 75 ab f0 c7 74 c9 91 4e 8a 60 50 84 00 00 00 02 ac c1 80 00 03 3a 33 e4 f2 e5 2f 57 d3 fd fd c8 04 08 80",""
1950,10712,"PACKET","IN",207,45,"PlayerSync","id=207 bytes=45","cf 46 00 fd ff eb 3f c0 00 0f a0 dc b0 c1 a5 c8 91 40 34 1e 90 84 00 00 00 03 6c 47 c0 00 02 76 67 e4 f4 bd bb 03 fb fd fd ae 04 08 80",""
1951,10712,"PACKET","IN",207,45,"PlayerSync","id=207 bytes=45","cf 70 00 80 80 74 bf c0 00 27 b7 a3 70 f7 9e c9 91 69 e4 1e 90 80 00 00 00 02 a2 67 00 00 00 4e d4 1c f3 18 c2 23 93 fd fd 00 00 00 80",""
1952,10713,"PACKET","IN",207,35,"PlayerSync","id=207 bytes=35","cf 7e 00 00 00 13 27 28 30 cd 86 09 d1 7b 67 1f 10 84 00 00 00 01 42 b3 94 00 00 00 00 00 01 28 00 04 11",""
1953,10713,"RPC","IN",86,27,"ApplyPlayerAnimation","id=86 bytes=27","00 00 07 42 44 5f 46 49 52 45 07 77 61 73 68 5f 75 70 33 33 83 40 80 00 00 00 00",""
1954,10713,"PACKET","IN",207,45,"PlayerSync","id=207 bytes=45","cf 1a 00 8d 00 6e 3f c0 00 07 f6 2b f0 e1 74 c9 91 79 4a 20 50 84 00 00 00 02 18 b5 80 00 02 20 84 14 f4 d9 42 fb db fd fd c8 04 08 80",""
1955,10732,"PACKET","IN",207,45,"PlayerSync","id=207 bytes=45","cf 1a 00 8d 80 6e 3f c0 00 1b 36 6b f0 fd 74 c9 91 60 4a 20 50 84 00 00 00 02 a0 a5 80 00 03 6d 60 38 f4 cd 4f 9b df fd fd c8 04 08 80",""
1956,10733,"PACKET","IN",207,45,"PlayerSync","id=207 bytes=45","cf 46 00 fe 7f eb 3f c0 00 06 a1 dc b0 ef a6 08 91 40 34 1e 90 84 00 00 00 03 6c 47 c0 00 03 86 73 d4 f4 bd bb 03 fb fd fd ae 04 08 80",""
1957,10733,"PACKET","IN",207,45,"PlayerSync","id=207 bytes=45","cf 70 00 80 80 71 3f c0 00 3c f7 a3 70 f7 5e c9 91 6a e4 1e 90 80 00 00 00 01 f2 63 00 00 01 34 94 6c f2 3c cb ab 97 fd fd 00 00 00 80",""
1958,10757,"PACKET","IN",200,44,"VehicleSync","id=200 bytes=44","c8 38 00 30 00 00 00 00 00 00 00 01 e1 0f d0 4d 9f b4 4b ca cc 3e 84 02 74 5b 96 d8 04 24 05 c0 53 c8 f0 7c 15 42 97 d5 a0 5d f0 00",""
1959,10757,"PACKET","IN",207,43,"PlayerSync","id=207 bytes=43","cf 70 00 6f ff c0 00 2c f7 a3 70 f1 1e c9 91 6a 24 1e 90 80 00 00 00 02 02 5b 00 00 00 c2 e7 e8 ee 5e 9d 1c 1b fd fd 00 00 00 80",""
1960,10757,"PACKET","IN",207,35,"PlayerSync","id=207 bytes=35","cf 97 00 00 00 3d e7 a8 30 e4 09 c9 d1 7b 67 1f 10 84 00 00 00 00 0f 03 e8 00 00 00 00 00 01 a5 04 e8 80",""
1961,10758,"PACKET","IN",207,45,"PlayerSync","id=207 bytes=45","cf 1a 00 8d 80 6e 3f c0 00 2d 36 ab f0 db b5 09 91 42 ca 20 50 84 00 00 00 02 b0 9d 80 00 02 63 a8 5c f7 95 58 df e7 fd fd c8 04 08 80",""
1962,10758,"PACKET","IN",207,45,"PlayerSync","id=207 bytes=45","cf 46 00 ff 7f eb 3f c0 00 30 a2 9c b0 d7 a6 88 91 40 34 1e 90 84 00 00 00 03 6c 47 c0 00 02 b0 3b a8 f4 bd bb 03 fb fd fd ae 04 08 80",""
1963,10758,"PACKET","IN",207,41,"PlayerSync","id=207 bytes=41","cf 92 00 00 00 1f 0a 63 30 c3 d9 89 91 6a 9f 1e 90 84 00 00 00 02 9b 21 c0 00 01 36 e8 ac ed 6f 8b a3 47 fd fd a5 04 04 80",""
1964,10778,"PACKET","IN",207,45,"PlayerSync","id=207 bytes=45","cf 1a 00 8d 80 6e 3f c0 00 00 77 2b f0 fb f5 09 91 62 09 e0 50 84 00 00 00 03 d0 95 80 00 01 a6 0c 84 f7 35 63 63 e7 fd fd c8 04 08 80",""
1965,10778,"PACKET","IN",207,45,"PlayerSync","id=207 bytes=45","cf 46 00 ff 7f eb 3f c0 00 3a e3 9c b0 ce 27 08 91 40 34 1e 90 84 00 00 00 03 6c 47 c0 00 02 ce 53 6c f4 bd bb 03 fb fd fd ae 04 08 80",""
1966,10778,"PACKET","IN",207,35,"PlayerSync","id=207 bytes=35","cf 54 00 00 00 05 77 63 70 c5 21 c9 91 65 24 1e 90 80 00 00 00 00 12 8e c0 00 00 00 00 00 01 28 00 04 11",""
1967,10778,"RPC","IN",134,80,"ShowTextDraw","id=134 bytes=80","f0 00 13 9a 99 19 3f 00 00 00 40 00 00 00 66 00 00 cc 42 00 00 a0 41 00 00 00 32 00 01 00 00 00 66 04 00 00 00 59 43 00 00 b8 43 00 00 00 00 00 00 00 00 00 00 00 00 00 00 00 00 80 3f ff ff ff ff 0d 00 6c 64 5f 64 75 61 6c 3a 77 68 69 74 65",""
1968,10779,"RPC","IN",134,80,"ShowTextDraw","id=134 bytes=80","37 08 11 9a 99 19 3f 00 00 00 40 1a ff 00 aa 5c 8f 82 3f 00 00 a0 41 00 00 00 32 00 01 00 00 00 ff 04 00 00 00 59 43 00 00 b8 43 00 00 00 00 00 00 00 00 00 00 00 00 00 00 00 00 80 3f ff ff ff ff 0d 00 6c 64 5f 64 75 61 6c 3a 77 68 69 74 65",""
1969,10779,"RPC","IN",134,82,"ShowTextDraw","id=134 bytes=82","38 08 18 56 99 59 3e 33 33 b3 3f ff ff ff e6 00 00 a0 44 00 00 a0 44 00 00 00 32 00 00 00 00 00 ff 01 00 00 00 86 43 00 c0 b9 43 00 00 00 00 00 00 00 00 00 00 00 00 00 00 00 00 80 3f ff ff ff ff 0f 00 4d 45 4d 4f 54 4f 4e 47 20 28 41 55 54 4f 29",""
1970,10779,"RPC","IN",86,27,"ApplyPlayerAnimation","id=86 bytes=27","a8 00 07 42 44 5f 46 49 52 45 07 77 61 73 68 5f 75 70 33 33 83 40 80 00 00 00 00",""
1971,10779,"PACKET","IN",207,45,"PlayerSync","id=207 bytes=45","cf 1a 00 8d 80 6d ff c0 00 13 37 6b f0 dd b5 49 91 7e 89 a0 50 84 00 00 00 00 18 95 80 00 02 0f b8 a0 f5 d9 69 7b eb fd fd c8 04 08 80",""
1972,10779,"PACKET","IN",207,41,"PlayerSync","id=207 bytes=41","cf 70 00 00 00 10 b7 e3 70 f4 1e c9 91 6b a4 1e 90 80 00 00 00 01 4a 5b 00 00 02 b0 fd 4c f3 a4 d5 83 a3 fd fd 00 00 00 80",""
1973,10779,"PACKET","IN",207,43,"PlayerSync","id=207 bytes=43","cf 85 00 c0 00 00 00 2c e3 25 b0 ef 40 c9 d1 6c 24 9f 10 80 00 00 00 02 33 51 80 00 01 91 9a d8 f1 db da 15 3f fd fd 28 00 04 11",""
1974,10801,"PACKET","IN",207,45,"PlayerSync","id=207 bytes=45","cf 46 00 ff 7f eb 3f c0 00 0b 64 dc b0 c7 67 88 91 40 34 1e 90 84 00 00 00 03 6c 47 c0 00 00 bd 13 28 f4 bd bb 03 fb fd fd ae 04 08 80",""
1975,10801,"RPC","IN",16,16,"PlaySound","id=16 bytes=16","92 7e 00 00 00 00 00 00 00 00 00 00 00 00 00 00",""
1976,10801,"RPC","IN",134,80,"ShowTextDraw","id=134 bytes=80","37 08 11 9a 99 19 3f 00 00 00 40 1a ff 00 aa 92 24 e9 41 00 00 a0 41 00 00 00 32 00 01 00 00 00 ff 04 00 00 00 59 43 00 00 b8 43 00 00 00 00 00 00 00 00 00 00 00 00 00 00 00 00 80 3f ff ff ff ff 0d 00 6c 64 5f 64 75 61 6c 3a 77 68 69 74 65",""
1977,10801,"PACKET","IN",207,45,"PlayerSync","id=207 bytes=45","cf 1a 00 8d 80 6d bf c0 00 26 37 ab f0 c0 75 89 91 59 09 a0 50 84 00 00 00 01 14 91 80 00 01 72 88 b0 f5 71 6e 93 eb fd fd c8 04 08 80",""
1978,10801,"PACKET","IN",200,44,"VehicleSync","id=200 bytes=44","c8 38 00 30 00 80 00 00 00 08 00 0a d0 db 90 4f ff b5 4b fa cc 3a 64 02 74 58 b6 d8 04 25 53 c4 a3 c9 12 9a f2 14 58 45 a0 5d f0 00",""
1979,10826,"RPC","IN",105,7,"TextDrawSetString","id=105 bytes=7","26 08 03 00 31 30 30",""
1980,10826,"RPC","IN",105,5,"TextDrawSetString","id=105 bytes=5","27 08 01 00 30",""
1981,10826,"RPC","IN",105,6,"TextDrawSetString","id=105 bytes=6","28 08 02 00 34 38",""
1982,10826,"RPC","IN",105,5,"TextDrawSetString","id=105 bytes=5","29 08 01 00 37",""
1983,10826,"RPC","IN",105,7,"TextDrawSetString","id=105 bytes=7","2a 08 03 00 31 30 30",""
1984,10826,"PACKET","IN",207,45,"PlayerSync","id=207 bytes=45","cf 1a 00 8d 80 6d 7f c0 00 38 f7 eb f0 e3 b5 89 91 73 09 60 50 84 00 00 00 02 90 8d 80 00 00 20 5c c0 f4 5d 73 6f eb fd fd c8 04 08 80",""
1985,10827,"PACKET","IN",207,45,"PlayerSync","id=207 bytes=45","cf 46 00 ff 7f eb 3f c0 00 31 a5 9c b0 ed a7 c8 91 40 34 1e 90 84 00 00 00 03 6c 47 c0 00 01 41 a2 e8 f4 bd bb 03 fb fd fd ae 04 08 80",""
1986,10827,"PACKET","OUT",207,69,"PlayerSync","id=207 bytes=69","cf 00 00 00 00 00 00 67 0a 9b c3 6b 06 27 45 ed 9c 7c 42 11 b2 39 3f 00 00 00 80 00 00 00 00 14 38 30 bf 64 00 04 00 00 00 00 00 00 00 00 00 00 00 00 00 00 00 00 00 00 00 00 00 00 00 00 00 00 00 28 00 04 11",""
1987,10847,"PACKET","IN",207,45,"PlayerSync","id=207 bytes=45","cf 1a 00 8c 80 6d 3f c0 00 0b 38 6b f0 c7 75 c9 91 4b 89 60 50 84 00 00 00 00 6c 99 80 00 00 6f 30 c4 f6 d1 70 23 ef fd fd c8 04 08 80",""
1988,10847,"PACKET","IN",207,45,"PlayerSync","id=207 bytes=45","cf 46 00 ff 7f eb 3f c0 00 19 26 5c b0 f8 28 08 91 40 34 1e 90 84 00 00 00 03 6c 47 c0 00 01 0d 7e a8 f4 bd bb 03 fb fd fd ae 04 08 80",""
1989,10847,"PACKET","IN",207,45,"PlayerSync","id=207 bytes=45","cf 1a 00 8a 00 6b 7f c0 00 23 78 ab f0 eb 35 c9 91 66 09 20 50 84 00 00 00 01 b4 bd 80 00 02 2e d0 c8 f5 41 69 4b eb fd fd c8 04 08 80",""
1990,10847,"PACKET","IN",207,45,"PlayerSync","id=207 bytes=45","cf 46 00 ff 7f eb 3f c0 00 06 27 1c b0 c5 28 88 91 40 34 1e 90 84 00 00 00 03 6c 47 c0 00 01 a5 ee a0 f4 bd bb 03 fb fd fd ae 04 08 80",""
1991,10847,"PACKET","IN",207,41,"PlayerSync","id=207 bytes=41","cf 92 00 00 00 12 ca 23 30 cc 99 89 91 67 1f 1e 90 84 00 00 00 02 9b 21 c0 00 03 60 60 b8 ee 37 4f db 83 fd fd a5 04 04 80",""
1992,10873,"PACKET","IN",207,35,"PlayerSync","id=207 bytes=35","cf 02 00 00 00 2d a2 e3 70 ee 9a 89 91 77 a3 1e 90 80 00 00 00 00 8a aa c0 00 00 00 00 00 01 28 00 04 11",""
1993,10874,"PACKET","IN",207,41,"PlayerSync","id=207 bytes=41","cf 70 00 00 00 28 77 e3 70 ed 9e c9 91 6c e4 1e 90 80 00 00 00 01 4a 5b 00 00 00 21 a6 d4 ec 46 9c 6c 1b fd fd 00 00 00 80",""
1994,10874,"RPC","IN",95,24,"CreatePickup","id=95 bytes=24","23 00 00 00 fb 04 00 00 17 00 00 00 60 65 59 c3 0a 1f 22 45 65 d9 7a 42",""
1995,10874,"PACKET","IN",207,45,"PlayerSync","id=207 bytes=45","cf 1a 00 82 80 69 7f c0 00 2d f9 ab f0 f9 76 09 91 69 08 e0 50 84 00 00 00 00 d1 11 80 00 03 29 75 4c f6 b5 29 73 d3 fd fd c8 04 08 80",""
1996,10895,"PACKET","IN",200,44,"VehicleSync","id=200 bytes=44","c8 38 00 30 00 80 00 00 00 08 00 04 20 ae 50 43 1f c5 9c 2a cc 3a 93 f2 74 57 d6 f8 04 26 91 cb 23 c7 e5 40 60 8d 78 95 a0 5d f0 00",""
1997,10895,"PACKET","IN",207,45,"PlayerSync","id=207 bytes=45","cf 46 00 ff 7f eb 3f c0 00 0c a8 9c b0 f2 a9 08 91 40 34 1e 90 84 00 00 00 03 6c 47 c0 00 01 b9 ee a0 f4 bd bb 03 fb fd fd ae 04 08 80",""
1998,10895,"PACKET","IN",207,45,"PlayerSync","id=207 bytes=45","cf 1a 00 80 80 68 ff c0 00 30 7a 6b f0 e1 f6 49 91 52 88 e0 50 84 00 00 00 00 c9 25 80 00 00 4d 4d 84 f5 04 fb 4b b7 fd fd c8 04 08 80",""
1999,10895,"PACKET","IN",207,43,"PlayerSync","id=207 bytes=43","cf 85 00 c0 00 00 00 0e a0 25 b0 c6 40 c9 d1 6c 24 9f 10 80 00 00 00 02 33 51 80 00 03 6a 09 34 f1 db da 15 3f fd fd 28 00 04 11",""
2000,10917,"PACKET","IN",207,45,"PlayerSync","id=207 bytes=45","cf 46 00 ff 7f eb 3f c0 00 22 ea 5c b0 c3 aa 08 91 5b cf 5e d0 84 00 00 00 03 6c 47 c0 00 03 60 45 fc f8 b9 c2 27 c3 92 e9 ab 04 08 80",""
2001,10917,"PACKET","IN",207,35,"PlayerSync","id=207 bytes=35","cf 76 00 00 00 0e 87 a2 f0 c1 28 c9 91 5a 1c 1e 90 84 00 00 00 03 6c 9f 40 00 00 00 00 00 01 00 00 00 80",""
2002,10942,"PACKET","IN",207,45,"PlayerSync","id=207 bytes=45","cf 1a 00 ff ff e8 ff c0 00 11 3b 6b f0 cc f6 89 91 41 08 e0 50 84 00 00 00 00 f5 2d 80 00 01 05 d1 c8 f7 6c e4 43 af fd fd c8 04 08 80",""
2003,10942,"PACKET","IN",207,35,"PlayerSync","id=207 bytes=35","cf 1f 00 00 00 26 a3 e3 70 c2 1d 89 91 42 a3 5e 90 80 00 00 00 02 c2 27 00 00 00 00 00 00 01 28 00 04 11",""
2004,10943,"PACKET","IN",207,45,"PlayerSync","id=207 bytes=45","cf 46 00 ff 7f eb 3f c0 00 2d 6c 1c b0 cf aa c8 91 57 68 5e d0 84 00 00 00 03 6c 47 c0 00 01 01 9d ec fb e1 bc 23 cb 86 dd ab 04 08 80",""
2005,10943,"PACKET","IN",207,41,"PlayerSync","id=207 bytes=41","cf 92 00 00 00 1c 09 e3 30 d5 19 89 91 64 9f 1e 90 84 00 00 00 02 9b 21 c0 00 02 74 84 68 ef 9a f2 53 c3 fd fd a5 04 04 80",""
2006,10943,"PACKET","IN",207,45,"PlayerSync","id=207 bytes=45","cf 1a 00 fe ff e8 ff c0 00 34 fc 2b f0 f6 f6 89 91 72 88 a0 50 84 00 00 00 01 69 35 80 00 01 59 d5 c8 f4 50 e3 87 a7 fd fd c8 04 08 80",""
2007,10962,"PACKET","IN",207,45,"PlayerSync","id=207 bytes=45","cf 1a 00 fd ff e8 ff c0 00 1b 7d 2b f0 df f6 c9 91 67 88 a0 50 84 00 00 00 02 2d 3d 80 00 01 cd f5 b8 f5 08 da 7f a3 fd fd c8 04 08 80",""
2008,10962,"PACKET","IN",207,45,"PlayerSync","id=207 bytes=45","cf 46 00 ff 7f eb 3f c0 00 02 ae 1c b0 e0 6b 88 91 5f c0 1f 10 84 00 00 00 03 6c 47 c0 00 02 0f 5d dc fb 0d be 17 ce ae d1 ab 04 08 80",""
2009,10962,"PACKET","IN",200,44,"VehicleSync","id=200 bytes=44","c8 38 00 30 00 80 00 00 00 08 00 02 f0 7c b0 46 4f c8 8c 4a cc 31 33 e2 74 58 c7 38 04 26 f2 9f d3 c1 f6 a4 b0 22 f8 a5 a0 5d f0 00",""
2010,10962,"PACKET","IN",207,35,"PlayerSync","id=207 bytes=35","cf 70 00 00 00 1d 77 63 70 f6 de c9 91 66 a4 1e 90 80 00 00 00 01 4a 5b 00 00 00 00 00 00 01 00 00 00 80",""
2011,10971,"PACKET","OUT",203,32,"AimSync","id=203 bytes=32","cb 00 00 00 39 05 00 00 00 00 00 00 00 00 00 00 00 40 01 00 00 00 80 3f 00 00 f3 04 b5 3f 39 05",""
2012,10984,"PACKET","IN",207,45,"PlayerSync","id=207 bytes=45","cf 1a 00 fd 7f e8 ff c0 00 03 7e 2b f0 c7 b7 09 91 5f 88 a0 50 84 00 00 00 01 fd 41 80 00 01 2a 51 ac f5 90 d1 1f 9f fd fd c8 04 08 80",""
2013,10984,"PACKET","IN",207,45,"PlayerSync","id=207 bytes=45","cf 46 00 ff 7f eb 3f c0 00 2b 2f dc b0 f9 ac 48 91 75 96 df 10 84 00 00 00 03 6c 47 c0 00 01 b9 61 d0 fa 35 bc 13 d4 be c5 ab 04 08 80",""
2014,10984,"PACKET","IN",207,35,"PlayerSync","id=207 bytes=35","cf 51 00 00 00 1b 0a e3 30 cf a8 49 91 58 dd 9e 90 84 00 00 00 01 37 17 c0 00 00 00 00 00 01 28 00 04 11",""
2015,10984,"PACKET","IN",207,43,"PlayerSync","id=207 bytes=43","cf 85 00 c0 00 00 00 15 1e 65 b0 ef c0 89 d1 6c 24 9f 10 80 00 00 00 02 33 51 80 00 01 ef 26 48 f1 db da 15 3f fd fd 28 00 04 11",""
2016,11004,"PACKET","IN",207,45,"PlayerSync","id=207 bytes=45","cf 1a 00 fc 7f e8 ff c0 00 2e 3e eb f0 ef 37 09 91 59 08 a0 50 84 00 00 00 03 41 49 80 00 02 81 45 ac f6 54 ce bf 9b fd fd c8 04 08 80",""
2017,11004,"PACKET","IN",207,35,"PlayerSync","id=207 bytes=35","cf 29 00 00 00 28 26 a8 30 d1 15 49 d1 7b 67 1f 10 84 00 00 00 03 a9 ff c0 00 00 00 00 00 01 28 00 04 11",""
2018,11004,"PACKET","IN",207,35,"PlayerSync","id=207 bytes=35","cf 2d 00 00 00 3c 58 68 30 c1 50 49 d1 7b 67 1f 10 84 00 00 00 02 aa b3 c0 00 00 00 00 00 01 28 00 04 11",""
2019,11004,"PACKET","IN",203,34,"AimSync","id=203 bytes=34","cb 2d 00 04 43 d2 70 bf 73 60 50 3e 12 f5 8a be 65 c1 9e c3 c2 35 27 45 5b 62 81 42 00 00 00 00 3f 28",""
2020,11005,"PACKET","IN",207,45,"PlayerSync","id=207 bytes=45","cf 46 00 ff 7f eb 3f c0 00 39 71 dc b0 e3 ad 48 91 4d ed 5f 10 84 00 00 00 03 6c 47 c0 00 00 43 55 c0 f9 59 be 3b d9 16 b5 ab 04 08 80",""
2021,11005,"PACKET","IN",207,35,"PlayerSync","id=207 bytes=35","cf 76 00 00 00 0e 87 a2 f0 c1 28 c9 91 5a 1c 1e 90 84 00 00 00 03 6c 9f 40 00 00 00 00 00 01 00 00 00 80",""
2022,11005,"PACKET","IN",207,39,"PlayerSync","id=207 bytes=39","cf 70 00 ff 7f c1 40 00 00 1d 77 63 70 f6 de c9 91 66 a4 1e 90 80 00 00 00 03 6a 1f 00 00 00 00 00 00 01 00 00 00 80",""
2023,11027,"PACKET","IN",207,45,"PlayerSync","id=207 bytes=45","cf 46 00 ff 7f eb 3f c0 00 2c b4 5c b0 fa ae 48 91 7a c4 9f 50 84 00 00 00 03 6c 47 c0 00 02 80 01 b4 f8 61 bd 1b e1 92 a1 ab 04 08 80",""
2024,11027,"PACKET","IN",207,41,"PlayerSync","id=207 bytes=41","cf 1a 00 00 00 1a bf eb f0 d5 77 49 91 55 c8 a0 50 84 00 00 00 03 41 49 80 00 02 74 09 98 f6 8c c4 d3 97 fd fd a5 04 04 80",""
2025,11027,"PACKET","IN",207,35,"PlayerSync","id=207 bytes=35","cf 3d 00 00 00 32 67 a8 30 d0 79 49 91 7b 67 1f 10 84 00 00 00 00 e6 f1 c0 00 00 00 00 00 01 28 00 04 11",""
2026,11028,"PACKET","IN",207,35,"PlayerSync","id=207 bytes=35","cf 55 00 00 00 3e e0 24 70 de 62 c9 91 5c e2 9f 90 84 00 00 00 02 61 2b c0 00 00 00 00 00 01 a8 04 04 18",""
2027,11050,"PACKET","IN",207,45,"PlayerSync","id=207 bytes=45","cf 46 00 ff 7f eb 3f c0 00 1d f6 9c b0 f4 6f 48 91 5d 17 1f 50 84 00 00 00 03 6c 47 c0 00 01 0b ad a4 fb 95 ba bb e7 5a 8d ab 04 08 80",""
2028,11050,"PACKET","IN",207,41,"PlayerSync","id=207 bytes=41","cf 92 00 00 00 31 09 a3 30 e0 59 89 91 62 9f 1e 90 84 00 00 00 02 9b 21 c0 00 02 55 93 38 e9 9a 92 d7 eb fd fd a5 04 04 80",""
2029,11075,"PACKET","IN",200,44,"VehicleSync","id=200 bytes=44","c8 38 00 30 00 80 00 00 00 08 00 09 90 43 00 4a 8f c9 4c 5a cc 38 43 b2 74 5f b7 88 04 2c 15 e2 83 d7 97 c4 00 02 d8 75 a0 5d f0 00",""
2030,11076,"PACKET","IN",207,45,"PlayerSync","id=207 bytes=45","cf 46 00 ff 7f eb 3f c0 00 20 78 dc b0 f5 b0 48 91 4f a7 5f 50 84 00 00 00 03 6c 47 c0 00 00 f8 61 9c fa d9 bb ef eb e6 79 ab 04 08 80",""
2031,11076,"PACKET","IN",207,35,"PlayerSync","id=207 bytes=35","cf 4d 00 00 00 02 00 23 30 e6 e4 09 91 70 1e 9e 90 84 00 00 00 03 da d0 80 00 00 00 00 00 01 28 00 04 11",""
2032,11076,"PACKET","IN",207,45,"PlayerSync","id=207 bytes=45","cf 70 00 f6 7f ca 80 00 00 1f f7 a3 70 f1 1e c9 91 69 a4 1e 90 80 00 00 00 03 a1 4f 00 00 03 a4 08 f4 f2 46 d8 dc 33 fd fd 00 00 00 80",""
2033,11076,"PACKET","IN",207,43,"PlayerSync","id=207 bytes=43","cf 85 00 c0 00 00 00 06 5a 65 b0 fa c0 49 d1 6c 24 9f 10 80 00 00 00 02 33 51 80 00 01 db 68 78 f5 db da 15 3f fd fd 28 00 04 11",""
2034,11076,"PACKET","IN",203,34,"AimSync","id=203 bytes=34","cb 85 00 04 06 74 f0 be 83 11 5f bf 9b 70 11 be 81 f6 95 c3 73 1e 27 45 83 0f 80 42 00 00 00 00 3f c6",""
2035,11076,"PACKET","IN",207,45,"PlayerSync","id=207 bytes=45","cf 46 00 ff 7f eb 3f c0 00 38 3a 9c b0 c7 71 48 91 70 b2 9f 50 84 00 00 00 03 6c 47 c0 00 02 a4 41 94 fa 55 bb b3 ef 8a 69 ab 04 08 80",""
2036,11076,"PACKET","IN",207,35,"PlayerSync","id=207 bytes=35","cf 5b 00 00 00 0e fc 66 b0 e8 7d 89 91 7b 67 1f 10 84 00 00 00 01 0a e2 00 00 00 00 00 00 01 28 00 04 11",""
2037,11096,"PACKET","IN",207,35,"PlayerSync","id=207 bytes=35","cf 60 00 00 00 01 5b 23 b0 d7 8c c9 91 41 6c 5e 90 84 00 00 00 03 e6 19 c0 00 00 00 00 00 01 fb 04 04 80",""
2038,11097,"PACKET","IN",207,45,"PlayerSync","id=207 bytes=45","cf 70 00 f4 ff cd 80 00 00 0e 37 e3 70 f8 9e c9 91 6b a4 1e 90 80 00 00 00 02 f9 1b 00 00 03 09 d8 e4 f1 d0 cb 57 97 fd fd 00 00 00 80",""
2039,11097,"PACKET","IN",207,45,"PlayerSync","id=207 bytes=45","cf 70 00 f3 ff ce 80 00 00 2b 37 a3 70 f2 5e c9 91 6a 24 1e 90 80 00 00 00 01 9c e7 00 00 00 12 90 50 f1 7f 24 78 5f fd fd 00 00 00 80",""
2040,11097,"PACKET","IN",207,35,"PlayerSync","id=207 bytes=35","cf 7c 00 00 00 35 a2 e2 70 da 28 89 91 5f 9d de 90 80 00 00 00 01 98 6a 40 00 00 00 00 00 01 28 00 04 11",""
2041,11125,"PACKET","IN",207,41,"PlayerSync","id=207 bytes=41","cf 1a 00 00 00 2f 83 ac 30 f3 b7 c9 91 49 88 a0 50 84 00 00 00 03 41 49 80 00 01 6d 98 4c f6 8c c4 d3 97 fd fd a5 04 04 80",""
2042,11125,"RPC","IN",86,27,"ApplyPlayerAnimation","id=86 bytes=27","97 00 07 42 44 5f 46 49 52 45 07 77 61 73 68 5f 75 70 33 33 83 40 80 00 00 00 00",""
2043,11125,"PACKET","IN",200,44,"VehicleSync","id=200 bytes=44","c8 38 00 30 00 80 00 00 00 08 00 07 f0 3c a0 3e 9f ca ac 4a cc 3a e3 82 74 5e 07 c8 04 2d 96 d4 d3 d9 58 74 e0 08 48 45 a0 5d f0 00",""
2044,11146,"RPC","IN",86,27,"ApplyPlayerAnimation","id=86 bytes=27","53 00 07 42 44 5f 46 49 52 45 07 77 61 73 68 5f 75 70 33 33 83 40 80 00 00 00 00",""
2045,11146,"PACKET","IN",207,41,"PlayerSync","id=207 bytes=41","cf 92 00 00 00 28 09 a3 30 e7 19 89 91 62 1f 1e 90 84 00 00 00 02 9b 21 c0 00 00 08 02 00 ea e5 8a 6b f3 fd fd a5 04 04 80",""
2046,11169,"PACKET","IN",207,35,"PlayerSync","id=207 bytes=35","cf 63 00 00 00 35 23 63 70 dd 23 09 91 54 21 9e 90 80 00 00 00 02 22 63 80 00 00 00 00 00 01 28 00 04 11",""
2047,11169,"PACKET","IN",207,43,"PlayerSync","id=207 bytes=43","cf 85 00 c0 00 00 00 2f 14 e5 b0 f4 c0 09 d1 6c 24 9f 10 80 00 00 00 02 33 51 80 00 02 52 67 e4 f1 db da 15 3f fd fd 28 00 04 11",""
2048,11169,"PACKET","IN",207,45,"PlayerSync","id=207 bytes=45","cf 70 00 f2 ff d3 00 00 00 26 b7 e3 70 fb de c9 91 6c a4 1e 90 80 00 00 00 00 c0 0b 00 00 00 d0 51 68 ed 0b c2 0d 0b fd fd 00 00 00 80",""
2049,11195,"PACKET","IN",207,45,"PlayerSync","id=207 bytes=45","cf 46 00 ff 7f eb 3f c0 00 26 44 dc f0 ce 75 c8 91 4c 4f df 90 84 00 00 00 03 6c 47 c0 00 00 96 29 78 f8 c1 ba e3 fb 76 09 ab 04 08 80",""
2050,11196,"PACKET","IN",207,41,"PlayerSync","id=207 bytes=41","cf 1a 00 00 00 0f 05 6c 30 cc f8 49 91 53 88 60 50 84 00 00 00 03 41 49 80 00 01 60 c6 0c f2 8c c4 d3 97 fd fd a5 04 04 80",""
2051,11196,"PACKET","IN",203,34,"AimSync","id=203 bytes=34","cb 1a 00 04 c9 87 08 bf dc 8e 54 3f 89 a0 25 be 1f 95 af c3 30 c8 26 45 e7 ec 82 42 00 00 00 00 3f 36",""
2052,11196,"PACKET","IN",207,45,"PlayerSync","id=207 bytes=45","cf 70 00 f2 ff d3 c0 00 00 29 37 e3 70 fa 9e c9 91 6c e4 1e 90 84 00 00 00 02 70 2f 00 00 02 e8 c3 30 ea f5 86 80 0f fd fd 00 00 00 80",""
2053,11196,"PACKET","IN",207,45,"PlayerSync","id=207 bytes=45","cf 85 00 c0 00 60 00 00 00 05 15 25 b0 e0 00 09 d1 6c 24 9f 10 80 00 00 00 02 33 51 80 00 01 d1 d1 00 f0 bd bc 6c 07 fd fd 28 00 04 11",""
2054,11220,"PACKET","IN",200,44,"VehicleSync","id=200 bytes=44","c8 38 00 30 00 80 00 00 00 08 00 08 a0 3f 00 33 1f d3 3c 2a cc 34 73 52 74 51 a8 08 04 2e cd 97 23 df e8 dd 00 07 f8 35 a0 5d f0 00",""
2055,11221,"PACKET","IN",207,45,"PlayerSync","id=207 bytes=45","cf 46 00 ff 7f eb 3f c0 00 39 c7 1c f0 d7 36 c8 91 55 0e 5f 90 84 00 00 00 03 6c 47 c0 00 01 7c d1 78 f8 c1 ba e3 f8 c5 f5 ab 04 08 80",""
2056,11221,"PACKET","IN",207,45,"PlayerSync","id=207 bytes=45","cf 70 00 f2 ff d4 00 00 00 02 78 23 70 f9 5e c9 91 6e 24 1e 90 84 00 00 00 01 bc 67 00 00 02 18 92 08 ec ec 23 59 4b fd fd 00 00 00 80",""
2057,11221,"RPC","IN",99,42,"MoveObject","id=99 bytes=42","a0 00 f8 e3 a1 c3 d7 9b 26 45 53 c5 7d 42 f8 e3 a1 c3 d7 9b 26 45 ed 5e 7b 42 00 00 80 3e 00 00 00 00 00 00 00 00 08 cc 84 43",""
2058,11222,"RPC","IN",122,2,"StopObject","id=122 bytes=2","a0 00",""
2059,11222,"RPC","IN",99,42,"MoveObject","id=99 bytes=42","a0 00 f8 e3 a1 c3 d7 9b 26 45 53 c5 7d 42 f8 e3 a1 c3 d7 9b 26 45 53 c5 7d 42 00 00 80 3e 00 00 00 00 00 00 00 00 08 cc 84 43",""
2060,11222,"RPC","IN",122,2,"StopObject","id=122 bytes=2","a0 00",""
2061,11222,"RPC","IN",99,42,"MoveObject","id=99 bytes=42","a0 00 f8 e3 a1 c3 d7 9b 26 45 53 c5 7d 42 f8 e3 a1 c3 d7 9b 26 45 ed 5e 7b 42 00 00 80 3e 00 00 00 00 00 00 00 00 08 cc 84 43",""
2062,11222,"RPC","IN",122,2,"StopObject","id=122 bytes=2","a0 00",""
2063,11222,"RPC","IN",99,42,"MoveObject","id=99 bytes=42","a0 00 f8 e3 a1 c3 d7 9b 26 45 53 c5 7d 42 f8 e3 a1 c3 d7 9b 26 45 53 c5 7d 42 00 00 80 3e 00 00 00 00 00 00 00 00 08 cc 84 43",""
2064,11222,"RPC","IN",122,2,"StopObject","id=122 bytes=2","a0 00",""
2065,11223,"RPC","IN",99,42,"MoveObject","id=99 bytes=42","a0 00 f8 e3 a1 c3 d7 9b 26 45 53 c5 7d 42 f8 e3 a1 c3 d7 9b 26 45 ed 5e 7b 42 00 00 80 3e 00 00 00 00 00 00 00 00 08 cc 84 43",""
2066,11223,"RPC","IN",122,2,"StopObject","id=122 bytes=2","a0 00",""
2067,11223,"RPC","IN",99,42,"MoveObject","id=99 bytes=42","a0 00 f8 e3 a1 c3 d7 9b 26 45 53 c5 7d 42 f8 e3 a1 c3 d7 9b 26 45 53 c5 7d 42 00 00 80 3e 00 00 00 00 00 00 00 00 08 cc 84 43",""
2068,11223,"RPC","IN",122,2,"StopObject","id=122 bytes=2","a0 00",""
2069,11223,"RPC","IN",99,42,"MoveObject","id=99 bytes=42","a0 00 f8 e3 a1 c3 d7 9b 26 45 53 c5 7d 42 f8 e3 a1 c3 d7 9b 26 45 ed 5e 7b 42 00 00 80 3e 00 00 00 00 00 00 00 00 08 cc 84 43",""
2070,11223,"RPC","IN",122,2,"StopObject","id=122 bytes=2","a0 00",""
2071,11223,"RPC","IN",99,42,"MoveObject","id=99 bytes=42","a0 00 f8 e3 a1 c3 d7 9b 26 45 53 c5 7d 42 f8 e3 a1 c3 d7 9b 26 45 53 c5 7d 42 00 00 80 3e 00 00 00 00 00 00 00 00 08 cc 84 43",""
2072,11223,"RPC","IN",122,2,"StopObject","id=122 bytes=2","a0 00",""
2073,11223,"RPC","IN",99,42,"MoveObject","id=99 bytes=42","a0 00 f8 e3 a1 c3 d7 9b 26 45 53 c5 7d 42 f8 e3 a1 c3 d7 9b 26 45 ed 5e 7b 42 00 00 80 3e 00 00 00 00 00 00 00 00 08 cc 84 43",""
2074,11224,"RPC","IN",122,2,"StopObject","id=122 bytes=2","a0 00",""
2075,11224,"RPC","IN",99,42,"MoveObject","id=99 bytes=42","a0 00 f8 e3 a1 c3 d7 9b 26 45 53 c5 7d 42 f8 e3 a1 c3 d7 9b 26 45 53 c5 7d 42 00 00 80 3e 00 00 00 00 00 00 00 00 08 cc 84 43",""
2076,11224,"PACKET","IN",207,35,"PlayerSync","id=207 bytes=35","cf 53 00 00 00 29 67 a8 30 de 18 09 d1 7a e7 1f 10 84 00 00 00 02 ba 42 c0 00 00 00 00 00 01 a5 04 04 80",""
2077,11224,"PACKET","IN",207,35,"PlayerSync","id=207 bytes=35","cf 97 00 00 00 3d e7 a8 30 e4 09 c9 d1 7b 67 1f 10 84 00 00 00 00 0f 03 e8 00 00 00 00 00 01 28 00 04 11",""
2078,11224,"PACKET","OUT",205,9,"UNKNOWN_PACKET","id=205 bytes=9","cd b8 4a 04 00 00 00 00 00",""
2079,11243,"PACKET","IN",207,45,"PlayerSync","id=207 bytes=45","cf 46 00 ff 7f eb 3f c0 00 2e 09 5c f0 d2 37 c8 91 46 4a 5f 90 84 00 00 00 03 6c 47 c0 00 01 71 29 78 f8 e1 b9 f7 fb 45 dd ab 04 08 80",""
2080,11244,"PACKET","IN",207,41,"PlayerSync","id=207 bytes=41","cf 92 00 00 00 32 89 a3 30 ea 59 89 91 62 9f 1e 90 84 00 00 00 02 9b 21 c0 00 00 f7 79 10 e9 fc 28 e9 37 fd fd a5 04 04 80",""
2081,11264,"RPC","IN",87,2,"ClearPlayerAnimation","id=87 bytes=2","29 00",""
2082,11264,"RPC","IN",86,29,"ApplyPlayerAnimation","id=86 bytes=29","29 00 05 43 41 52 52 59 0b 63 72 72 79 5f 70 72 74 69 61 6c 33 33 83 40 00 00 00 00 00",""
2083,11265,"PACKET","IN",207,41,"PlayerSync","id=207 bytes=41","cf 1a 00 00 00 1f 85 ac 30 de f8 49 91 47 88 60 50 84 00 00 00 03 41 49 80 00 03 4e 3a ec ea 8c c4 d3 97 fd fd a5 04 04 80",""
2084,11265,"PACKET","IN",207,45,"PlayerSync","id=207 bytes=45","cf 46 00 ff 7f eb 3f c0 00 0f 0b 9c f0 c4 b8 c8 91 5c 03 df 90 84 00 00 00 03 6c 47 c0 00 03 0e f9 78 f9 21 b8 3f fa 99 c9 ab 04 08 80",""
2085,11265,"PACKET","IN",207,45,"PlayerSync","id=207 bytes=45","cf 70 00 f8 7f d4 00 00 00 17 38 e3 70 f7 1e c9 91 77 a4 1e 90 84 00 00 00 00 a9 0b 00 00 03 4a c9 90 f0 60 00 5d ef fd fd 00 00 00 80",""
2086,11265,"PACKET","IN",207,35,"PlayerSync","id=207 bytes=35","cf 7e 00 00 00 13 27 28 30 cd 86 09 d1 7b 67 1f 10 84 00 00 00 01 42 b3 94 00 00 00 00 00 01 28 00 04 11",""
2087,11291,"PACKET","IN",207,45,"PlayerSync","id=207 bytes=45","cf 46 00 ff 7f eb 3f c0 00 10 0d 9c f0 e8 f9 88 91 59 bb 9f 50 84 00 00 00 03 6c 47 c0 00 00 e2 05 7c f9 75 b9 df f7 55 b5 ab 04 08 80",""
2088,11291,"PACKET","IN",207,45,"PlayerSync","id=207 bytes=45","cf 70 00 f9 ff d3 80 00 00 0a f9 63 70 f7 1e c9 91 7d 24 1e 90 84 00 00 00 01 99 3f 00 00 02 29 de 30 f0 00 03 b1 ff fd fd 00 00 00 80",""
2089,11292,"PACKET","IN",207,45,"PlayerSync","id=207 bytes=45","cf 46 00 ff 7f eb 3f c0 00 03 0f 5c f0 ea 7a 48 91 7f 32 df 50 84 00 00 00 03 6c 47 c0 00 03 b5 95 80 f9 d1 bb 53 f3 31 a5 ab 04 08 80",""
2090,11292,"PACKET","IN",207,45,"PlayerSync","id=207 bytes=45","cf 85 00 c0 00 60 00 00 00 22 95 25 b0 fc 7f c9 91 6c 24 9f 10 80 00 00 00 02 33 51 80 00 03 8b dc 18 f1 e5 e0 e0 03 fd fd 28 00 04 11",""
2091,11311,"PACKET","IN",207,45,"PlayerSync","id=207 bytes=45","cf 70 00 fd 7f d2 c0 00 00 14 b9 e3 70 f7 9e c9 91 43 64 5e 90 84 00 00 00 01 c9 73 00 00 02 c7 56 98 f0 44 00 aa 13 fd fd 00 00 00 80",""
2092,11312,"PACKET","IN",200,44,"VehicleSync","id=200 bytes=44","c8 38 00 30 00 80 00 00 00 08 00 0a 30 49 00 47 ef d8 6b ea cc 34 d3 12 74 5d 88 38 04 2b db 78 c3 df f9 03 20 1f 88 35 a0 5d f0 00",""
2093,11312,"PACKET","IN",203,34,"AimSync","id=203 bytes=34","cb 38 00 12 b6 04 23 3f c5 25 3a bf 81 4d 83 be 91 17 b1 c3 2d d0 27 45 14 70 8b 42 00 00 00 00 3f c6",""
2094,11312,"PACKET","IN",207,45,"PlayerSync","id=207 bytes=45","cf 70 00 fe ff d2 80 00 00 3e 3a 63 70 f9 1e c9 91 4b 24 5e 90 84 00 00 00 00 f5 a7 00 00 02 20 bf 34 f1 20 01 ee 23 fd fd 00 00 00 80",""
2095,11312,"PACKET","IN",207,41,"PlayerSync","id=207 bytes=41","cf 92 00 00 00 10 09 e3 30 e8 19 89 91 64 1f 1e 90 84 00 00 00 02 9b 21 c0 00 03 43 6e bc ea ec c6 dc 6b fd fd a5 04 04 80",""
2096,11332,"PACKET","IN",207,45,"PlayerSync","id=207 bytes=45","cf 46 00 ff 7f eb 3f c0 00 3b d2 9c f0 f5 bb c8 91 67 5c 5f 50 84 00 00 00 03 6c 47 c0 00 01 bb ad 88 fa c1 b8 a7 ee fd 85 ab 04 08 80",""
2097,11333,"PACKET","IN",207,45,"PlayerSync","id=207 bytes=45","cf 46 00 ff 7f eb 3f c0 00 26 94 5c f0 f3 7c 88 91 74 4f 1f 50 84 00 00 00 03 6c 47 c0 00 01 b5 d1 90 fb 4d b8 cb eb fd 75 ab 04 08 80",""
2098,11333,"PACKET","IN",207,45,"PlayerSync","id=207 bytes=45","cf 70 00 81 80 51 80 00 00 19 bc 23 70 ce 1f 09 91 5d e4 5e 90 84 00 00 00 03 56 07 00 00 01 65 0c 70 f5 d8 5f 73 27 fd fd 00 00 00 80",""
2099,11360,"PACKET","IN",207,35,"PlayerSync","id=207 bytes=35","cf 1a 00 00 00 1f 85 ac 30 de f8 49 91 47 88 60 50 84 00 00 00 03 41 49 80 00 00 00 00 00 01 a5 04 04 80",""
2100,11361,"PACKET","IN",200,44,"VehicleSync","id=200 bytes=44","c8 38 00 30 00 80 00 00 00 08 00 07 20 64 70 5c 6f d6 fb aa cc 30 e2 d2 74 5c 68 88 04 2a 00 f9 e3 df 89 03 90 1e 18 45 a0 5d f0 00",""
2101,11361,"PACKET","IN",207,45,"PlayerSync","id=207 bytes=45","cf 70 00 83 00 51 40 00 00 05 bd 23 70 d3 1f 09 91 68 a4 5e 90 84 00 00 00 02 02 37 00 00 00 c6 68 44 f7 04 04 7a 57 fd fd 00 00 00 80",""
2102,11361,"PACKET","IN",207,35,"PlayerSync","id=207 bytes=35","cf 29 00 00 00 28 26 a8 30 d1 15 49 d1 7b 67 1f 10 84 00 00 00 03 a9 ff c0 00 00 00 00 00 01 a5 04 e8 80",""
2103,11410,"PACKET","IN",207,45,"PlayerSync","id=207 bytes=45","cf 46 00 ff 7f eb 3f c0 00 27 96 9c f0 f4 3d 88 91 43 7a 9f 10 84 00 00 00 03 6c 47 c0 00 03 97 69 98 f8 1d be fb e0 39 65 ab 04 08 80",""
2104,11410,"PACKET","IN",203,34,"AimSync","id=203 bytes=34","cb 46 00 04 70 8e 05 be 34 9c 7d 3f 18 6d 22 bd 3d bc 72 c3 a2 ab 22 45 3e 08 80 42 00 00 00 00 23 37",""
2105,11410,"PACKET","IN",207,45,"PlayerSync","id=207 bytes=45","cf 70 00 85 80 50 80 00 00 33 7d e3 70 d8 df 09 91 73 a4 5e 90 84 00 00 00 03 0a 63 00 00 03 71 ac 4c f5 98 0a aa 63 fd fd 00 00 00 80",""
2106,11411,"PACKET","IN",207,39,"PlayerSync","id=207 bytes=39","cf 85 00 c0 00 60 00 00 00 22 95 25 b0 fc 7f c9 91 6c 24 9f 10 80 00 00 00 02 33 51 80 00 00 00 00 00 01 28 00 04 11",""
2107,11411,"RPC","IN",105,19,"TextDrawSetString","id=105 bytes=19","2f 01 0f 00 30 39 20 41 67 75 73 74 75 73 20 32 30 32 36",""
2108,11411,"RPC","IN",105,12,"TextDrawSetString","id=105 bytes=12","30 01 08 00 31 32 3a 30 31 3a 35 38",""
2109,11411,"PACKET","IN",207,45,"PlayerSync","id=207 bytes=45","cf 46 00 ff 7f eb 3f c0 00 1a d8 dc f0 ee be 88 91 59 e3 9f 10 84 00 00 00 03 6c 47 c0 00 00 a2 31 a4 f9 01 bc af dd 99 51 ab 04 08 80",""
2110,11411,"PACKET","IN",207,45,"PlayerSync","id=207 bytes=45","cf 70 00 87 80 50 00 00 00 15 be e3 70 e1 5f 09 91 7e 24 5e 90 84 00 00 00 02 8a 8f 00 00 01 e8 44 3c f5 a8 17 5a 93 fd fd 00 00 00 80",""
2111,11411,"PACKET","IN",207,35,"PlayerSync","id=207 bytes=35","cf 54 00 00 00 05 77 63 70 c5 21 c9 91 65 24 1e 90 80 00 00 00 00 12 8e c0 00 00 00 00 00 01 28 00 04 11",""
2112,11411,"PACKET","IN",207,45,"PlayerSync","id=207 bytes=45","cf 70 00 88 00 4f c0 00 00 39 3f a3 70 e6 9f 09 91 48 64 9e 90 84 00 00 00 00 32 bb 00 00 02 5b 64 2c f4 a0 09 96 5f fd fd 00 00 00 80",""
2113,11412,"PACKET","OUT",207,69,"PlayerSync","id=207 bytes=69","cf 00 00 00 00 00 00 67 0a 9b c3 6b 06 27 45 ed 9c 7c 42 11 b2 39 3f 00 00 00 80 00 00 00 00 14 38 30 bf 64 00 04 00 00 00 00 00 00 00 00 00 00 00 00 00 00 00 00 00 00 00 00 00 00 00 00 00 00 00 28 00 04 11",""
2114,11432,"PACKET","IN",207,45,"PlayerSync","id=207 bytes=45","cf 46 00 ff 7f eb 3f c0 00 13 5c 5c f0 f9 c0 08 d1 5f 7a 5e d0 84 00 00 00 03 6c 47 c0 00 01 c9 dd b8 fa 89 bd bb d1 a5 35 ab 04 08 80",""
2115,11433,"PACKET","IN",207,41,"PlayerSync","id=207 bytes=41","cf 70 00 00 00 1c 80 a3 b0 e8 df 09 91 52 a4 9e 90 84 00 00 00 03 d6 df 00 00 01 a3 24 24 f5 74 02 a6 27 fd fd 00 00 00 80",""
2116,11433,"PACKET","IN",207,41,"PlayerSync","id=207 bytes=41","cf 92 00 00 00 35 09 e3 30 df d9 89 91 65 9f 1e 90 84 00 00 00 02 9b 21 c0 00 00 e5 a7 e4 e9 4d 2b 30 2f fd fd a5 04 04 80",""
2117,11433,"PACKET","IN",200,44,"VehicleSync","id=200 bytes=44","c8 38 00 30 00 00 00 00 00 08 00 00 70 9f 70 51 3f e4 bb 5a cc 37 42 72 74 55 49 08 04 21 80 cb 73 d0 c9 4a e0 10 c8 55 a0 5d f0 00",""
2118,11459,"PACKET","IN",207,35,"PlayerSync","id=207 bytes=35","cf 02 00 00 00 2d a2 e3 70 ee 9a 89 91 77 a3 1e 90 80 00 00 00 00 8a aa c0 00 00 00 00 00 01 28 00 04 11",""
2119,11459,"PACKET","IN",207,35,"PlayerSync","id=207 bytes=35","cf 1f 00 00 00 26 a3 e3 70 c2 1d 89 91 42 a3 5e 90 80 00 00 00 02 c2 27 00 00 00 00 00 00 01 28 00 04 11",""
2120,11459,"PACKET","IN",207,45,"PlayerSync","id=207 bytes=45","cf 46 00 ff 7f eb 3f c2 00 11 de 1c f0 c0 81 08 d1 54 23 1e d0 84 00 00 00 03 6c 47 c0 00 00 88 f1 c4 fb 5d bf cf c8 49 29 6d 04 64 80",""
2121,11459,"PACKET","IN",207,37,"PlayerSync","id=207 bytes=37","cf 85 00 c0 00 00 00 22 95 25 b0 fc 7f c9 91 6c 24 9f 10 80 00 00 00 02 33 51 80 00 00 00 00 00 01 28 00 04 11",""
2122,11460,"PACKET","IN",207,45,"PlayerSync","id=207 bytes=45","cf 46 00 ff 7f eb 3f c0 00 14 5f dc f0 c8 c1 c8 d1 53 89 de d0 84 00 00 00 03 6c 47 c0 00 03 c8 dd d0 f8 3d c1 9f c7 51 19 6d 04 64 80",""
2123,11479,"RPC","IN",87,2,"ClearPlayerAnimation","id=87 bytes=2","27 00",""
2124,11479,"RPC","IN",86,29,"ApplyPlayerAnimation","id=86 bytes=29","27 00 05 43 41 52 52 59 0b 63 72 72 79 5f 70 72 74 69 61 6c 33 33 83 40 00 00 00 00 00",""
2125,11497,"PACKET","OUT",203,32,"AimSync","id=203 bytes=32","cb 00 00 00 39 05 00 00 00 00 00 00 00 00 00 00 00 40 01 00 00 00 80 3f 00 00 f3 04 b5 3f 39 05",""
2126,11501,"PACKET","IN",207,45,"PlayerSync","id=207 bytes=45","cf 46 00 ff 7f eb 3f c0 00 28 a2 1c f0 d2 02 c8 d1 40 34 1e 90 84 00 00 00 03 6c 47 c0 00 00 14 89 68 f8 bd bb 03 fb fd fd 6d 04 64 80",""
2127,11507,"PACKET","IN",207,35,"PlayerSync","id=207 bytes=35","cf 51 00 00 00 1b 0a e3 30 cf a8 49 91 58 dd 9e 90 84 00 00 00 01 37 17 c0 00 00 00 00 00 01 28 00 04 11",""
2128,11507,"PACKET","IN",207,41,"PlayerSync","id=207 bytes=41","cf 70 00 00 00 14 84 23 b0 ce 5f 09 91 7b 64 9e 90 84 00 00 00 01 6b 87 00 00 01 f1 4a dc f0 a0 39 ed 17 fd fd 00 00 00 80",""
2129,11507,"PACKET","IN",203,34,"AimSync","id=203 bytes=34","cb 70 00 04 ac 6e 4c 3f f3 ba d9 3e 63 19 da be 3f 4f 8f c3 ff 66 26 45 c4 31 81 42 00 00 00 00 3f c6",""
2130,11507,"PACKET","IN",200,44,"VehicleSync","id=200 bytes=44","c8 38 00 30 00 00 00 00 00 08 00 00 70 b5 60 62 ef e9 3a ca cc 3b a2 12 74 5e b9 68 04 2f 73 fc d3 d4 09 d7 20 3d d8 35 a0 5d f0 00",""
2131,11508,"PACKET","IN",207,45,"PlayerSync","id=207 bytes=45","cf 46 00 ff 7f eb 3f c0 00 07 22 9c f0 fc 02 c8 d1 40 34 1e 90 84 00 00 00 03 6c 47 c0 00 01 b5 80 68 f4 bd bb 03 fb fd fd 6d 04 64 80",""
2132,11528,"PACKET","IN",207,35,"PlayerSync","id=207 bytes=35","cf 2d 00 00 00 3c 58 68 30 c1 50 49 d1 7b 67 1f 10 84 00 00 00 02 aa b3 c0 00 00 00 00 00 01 28 00 04 11",""
2133,11528,"PACKET","IN",207,45,"PlayerSync","id=207 bytes=45","cf 46 00 ff 7f eb 3f c0 00 11 63 1c f0 f9 83 08 d1 40 34 1e 90 84 00 00 00 03 6c 47 c0 00 02 4b 25 88 f4 bd bb 03 fb fd fd 6d 04 64 80",""
2134,11529,"PACKET","IN",207,43,"PlayerSync","id=207 bytes=43","cf 70 00 44 80 00 00 24 44 e3 b0 fb 1e c9 91 44 e4 de 90 84 00 00 00 01 7b 87 00 00 03 d7 32 48 f1 50 75 d8 bb fd fd 00 00 00 80",""
2135,11550,"PACKET","IN",207,35,"PlayerSync","id=207 bytes=35","cf 3d 00 00 00 32 67 a8 30 d0 79 49 91 7b 67 1f 10 84 00 00 00 00 e6 f1 c0 00 00 00 00 00 01 28 00 04 11",""
2136,11550,"PACKET","IN",207,45,"PlayerSync","id=207 bytes=45","cf 46 00 ff 7f eb 3f c0 00 03 23 9c f0 ec 03 48 d1 40 34 1e 90 84 00 00 00 03 6c 47 c0 00 02 f5 71 58 f4 bd bb 03 fb fd fd 6d 04 64 80",""
2137,11575,"PACKET","IN",207,45,"PlayerSync","id=207 bytes=45","cf 46 00 ff 7f eb 3f c0 00 23 e3 dc f0 d7 03 88 d1 40 34 1e 90 84 00 00 00 03 6c 47 c0 00 00 42 64 f8 f4 bd bb 03 fb fd fd 6d 04 64 80",""
2138,11575,"PACKET","IN",207,35,"PlayerSync","id=207 bytes=35","cf 76 00 00 00 0e 87 a2 f0 c1 28 c9 91 5a 1c 1e 90 84 00 00 00 03 6c 9f 40 00 00 00 00 00 01 00 00 00 80",""
2139,11575,"PACKET","IN",207,41,"PlayerSync","id=207 bytes=41","cf 92 00 00 00 1c 8a 23 30 d1 99 89 91 67 9f 1e 90 84 00 00 00 02 9b 21 c0 00 02 64 6c 3c ed d1 89 d0 0f fd fd a5 04 04 80",""
2140,11575,"PACKET","IN",203,34,"AimSync","id=203 bytes=34","cb 92 00 04 53 11 b6 be 45 e3 6d 3f 37 40 cd bd 40 d4 8b c3 1b 4b 26 45 d9 9f 7d 42 00 00 00 00 3f 37",""
2141,11596,"PACKET","IN",200,44,"VehicleSync","id=200 bytes=44","c8 38 00 30 00 00 00 00 00 08 00 07 d0 c8 60 62 6f ef c9 ea cc 3b d1 a2 74 51 c9 d8 04 24 cd 5e 43 d9 19 eb e0 32 48 35 a0 5d f0 00",""
2142,11597,"PACKET","IN",207,45,"PlayerSync","id=207 bytes=45","cf 46 00 ff 7f eb 3f c0 00 3c a4 1c f0 fe 83 88 d1 40 34 1e 90 84 00 00 00 03 6c 47 c0 00 00 7d 30 30 f4 bd bb 03 fb fd fd 6d 04 64 80",""
2143,11597,"PACKET","IN",207,35,"PlayerSync","id=207 bytes=35","cf 55 00 00 00 3e e0 24 70 de 62 c9 91 5c e2 9f 90 84 00 00 00 02 61 2b c0 00 00 00 00 00 01 a8 04 04 18",""
2144,11624,"PACKET","IN",207,35,"PlayerSync","id=207 bytes=35","cf 4d 00 00 00 02 00 23 30 e6 e4 09 91 70 1e 9e 90 84 00 00 00 03 da d0 80 00 00 00 00 00 01 28 00 04 11",""
2145,11624,"PACKET","IN",207,35,"PlayerSync","id=207 bytes=35","cf 7c 00 00 00 35 a2 e2 70 da 28 89 91 5f 9d de 90 80 00 00 00 01 98 6a 40 00 00 00 00 00 01 28 00 04 11",""
2146,11624,"PACKET","IN",207,45,"PlayerSync","id=207 bytes=45","cf 46 00 ff 7f eb 3f c0 00 0c e4 9c f0 e2 43 c8 d1 40 34 1e 90 84 00 00 00 03 6c 47 c0 00 03 44 63 54 f0 bd bb 03 fb fd fd 6d 04 64 80",""
2147,11625,"PACKET","IN",207,35,"PlayerSync","id=207 bytes=35","cf 5b 00 00 00 0e fc 66 b0 e8 7d 89 91 7b 67 1f 10 84 00 00 00 01 0a e2 00 00 00 00 00 00 01 28 00 04 11",""
2148,11625,"PACKET","IN",207,45,"PlayerSync","id=207 bytes=45","cf 70 00 84 00 42 40 00 00 2e 48 e3 b0 c3 1e c9 91 74 64 de 90 84 00 00 00 02 bf 57 00 00 03 8d 94 18 f6 48 16 95 6b fd fd 00 00 00 80",""
2149,11644,"PACKET","IN",207,45,"PlayerSync","id=207 bytes=45","cf 46 00 ff 7f eb 3f c0 00 3f 64 9c f0 f8 c3 c8 d1 40 34 1e 90 84 00 00 00 03 6c 47 c0 00 02 c4 0b 04 f0 bd bb 03 fb fd fd 6d 04 64 80",""
2150,11645,"PACKET","IN",207,45,"PlayerSync","id=207 bytes=45","cf 70 00 87 80 40 80 00 00 39 49 a3 b0 f8 5e 89 91 7d a4 de 90 84 00 00 00 03 d3 73 00 00 03 ad 94 18 f5 4c 2a 81 37 fd fd 00 00 00 80",""
2151,11645,"PACKET","IN",207,45,"PlayerSync","id=207 bytes=45","cf 46 00 ff 7f eb 3f c0 00 30 24 dc f0 ce 84 08 d1 40 34 1e 90 84 00 00 00 03 6c 47 c0 00 02 f0 0b 04 f0 bd bb 03 fb fd fd 6d 04 64 80",""
2152,11645,"PACKET","IN",207,35,"PlayerSync","id=207 bytes=35","cf 60 00 00 00 01 5b 23 b0 d7 8c c9 91 41 6c 5e 90 84 00 00 00 03 e6 19 c0 00 00 00 00 00 01 fb 04 04 80",""
2153,11645,"PACKET","IN",207,45,"PlayerSync","id=207 bytes=45","cf 70 00 8e 80 7d 7f c0 00 39 ca 63 b0 ea de 89 91 46 65 1e 90 84 00 00 00 02 53 8f 00 00 03 e9 94 18 f5 a8 41 21 07 fd fd 00 00 00 80",""
2154,11665,"PACKET","IN",207,39,"PlayerSync","id=207 bytes=39","cf 85 00 c0 00 60 3f c0 00 22 95 25 b0 fc 7f c9 91 6c 24 9f 10 80 00 00 00 02 33 51 80 00 00 00 00 00 01 28 00 04 11",""
2155,11665,"PACKET","IN",207,41,"PlayerSync","id=207 bytes=41","cf 92 00 00 00 2c ca 23 30 c7 19 89 91 68 5f 1e 90 84 00 00 00 02 9b 21 c0 00 01 0d 98 98 ec 61 ae dc 07 fd fd a5 04 04 80",""
2156,11693,"PACKET","IN",200,44,"VehicleSync","id=200 bytes=44","c8 38 00 30 00 00 00 00 00 08 00 01 20 dc 60 61 ef e4 a9 2a cc 3d e1 32 74 5a aa 28 04 20 81 6f a3 d1 99 c2 90 31 d8 35 a0 5d f0 00",""
2157,11694,"PACKET","IN",207,45,"PlayerSync","id=207 bytes=45","cf 46 00 ff 7f eb 3f c0 00 25 a5 1c f0 e6 44 08 d1 40 34 1e 90 84 00 00 00 03 6c 47 c0 00 02 a8 0b 04 f0 bd bb 03 fb fd fd 6d 04 64 80",""
2158,11694,"PACKET","IN",207,45,"PlayerSync","id=207 bytes=45","cf 70 00 97 00 79 7f c2 00 2d cb e3 b0 c5 5e 89 91 57 a5 1e 90 84 00 00 00 03 93 bb 00 00 01 c7 30 68 f5 9c 83 80 ab fd fd 00 00 00 80",""
2159,11694,"PACKET","IN",207,45,"PlayerSync","id=207 bytes=45","cf 46 00 ff 7f eb 3f c0 00 28 e5 1c f0 e7 c4 08 d1 40 34 1e 90 84 00 00 00 03 6c 47 c0 00 00 78 fb 44 e8 bd bb 03 fb fd fd 6d 04 64 80",""
2160,11714,"PACKET","IN",207,45,"PlayerSync","id=207 bytes=45","cf 70 00 98 80 78 bf c2 00 19 4c a3 b0 ed 9e 49 91 5f 25 1e 90 84 00 00 00 02 13 cf 00 00 02 0f 30 68 f4 94 a8 3c 87 fd fd 00 00 00 80",""
2161,11714,"PACKET","IN",207,45,"PlayerSync","id=207 bytes=45","cf 46 00 87 80 6b 7f c2 00 3c e5 1c f0 f0 c4 08 d1 40 34 1e 90 84 00 00 00 03 70 07 c0 00 00 4d cc 58 f0 bd bb 03 fb fd fd 6d 04 64 80",""
2162,11715,"PACKET","IN",207,35,"PlayerSync","id=207 bytes=35","cf 63 00 00 00 35 23 63 70 dd 23 09 91 54 21 9e 90 80 00 00 00 02 22 63 80 00 00 00 00 00 01 28 00 04 11",""
2163,11741,"PACKET","IN",207,45,"PlayerSync","id=207 bytes=45","cf 70 00 9c 80 76 bf c2 00 2f 4d 23 b0 d3 9e 49 91 66 25 1e 90 84 00 00 00 01 bb df 00 00 02 37 30 68 f7 94 d1 64 63 fd fd 00 00 00 80",""
2164,11741,"PACKET","IN",207,35,"PlayerSync","id=207 bytes=35","cf 1c 00 00 00 2d 1d 28 30 f6 cc c9 d1 7b 67 1f 10 84 00 00 00 00 65 93 00 00 00 00 00 00 01 28 00 04 11",""
2165,11741,"PACKET","IN",203,34,"AimSync","id=203 bytes=34","cb 1c 00 04 ad 4b 3c bf 0e 79 15 bf 5f f0 af be 33 2b 9f c3 8e 54 27 45 6c e9 81 42 00 00 00 00 3f 55",""
2166,11742,"PACKET","IN",207,45,"PlayerSync","id=207 bytes=45","cf 46 00 87 80 6b 7f c2 00 01 a5 5c f0 c4 c4 48 d1 40 34 1e 90 80 00 00 00 01 bc 17 c0 00 00 47 62 70 f0 8d fb ef ff fd fd 6d 04 64 80",""
2167,11742,"PACKET","IN",207,45,"PlayerSync","id=207 bytes=45","cf 70 00 9e 00 76 3f c2 00 2e 0d a3 b0 f7 de 09 91 6c 25 1e 90 84 00 00 00 02 7b eb 00 00 02 8f 30 68 f6 19 03 60 43 fd fd 00 00 00 80",""
2168,11760,"PACKET","IN",207,45,"PlayerSync","id=207 bytes=45","cf 46 00 86 80 6b 7f c2 00 2e e5 1c f0 e0 44 48 d1 40 34 1e 90 80 00 00 00 01 cc 0b c0 00 03 80 cf ac f1 ba 17 87 ff fd fd 6d 04 64 80",""
2169,11761,"PACKET","IN",207,41,"PlayerSync","id=207 bytes=41","cf 92 00 00 00 39 8a 23 30 fc d9 49 91 68 df 1e 90 84 00 00 00 02 9b 21 c0 00 01 65 05 14 ee 29 b1 f0 07 fd fd a5 04 04 80",""
2170,11761,"PACKET","IN",200,44,"VehicleSync","id=200 bytes=44","c8 38 00 30 00 00 00 00 00 08 00 0f 30 c1 30 71 df e9 18 5a cc 37 70 c2 74 5d 4a 88 04 28 d8 20 73 ed e9 9a f0 26 38 35 a0 5d f0 00",""
2171,11761,"PACKET","IN",207,45,"PlayerSync","id=207 bytes=45","cf 70 00 a2 00 73 ff c2 00 25 8e 63 b0 fa 1d c9 91 74 65 1e 90 84 00 00 00 03 83 fb 00 00 02 f7 30 68 f7 71 67 40 17 fd fd 00 00 00 80",""
2172,11761,"PACKET","IN",207,35,"PlayerSync","id=207 bytes=35","cf 97 00 00 00 3d e7 a8 30 e4 09 c9 d1 7b 67 1f 10 84 00 00 00 00 0f 03 e8 00 00 00 00 00 01 28 00 04 11",""
2173,11800,"PACKET","IN",207,35,"PlayerSync","id=207 bytes=35","cf 53 00 00 00 29 67 a8 30 de 18 09 d1 7a e7 1f 10 84 00 00 00 02 ba 42 c0 00 00 00 00 00 01 a5 04 04 80",""
2174,11801,"PACKET","IN",207,45,"PlayerSync","id=207 bytes=45","cf 70 00 a3 80 73 3f c2 00 18 0e a3 b0 d8 9d c9 91 76 a5 1e 90 84 00 00 00 03 53 ff 00 00 03 13 30 68 f4 c5 a0 ec 0b fd fd 00 00 00 80",""
2175,11801,"PACKET","IN",207,45,"PlayerSync","id=207 bytes=45","cf 46 00 82 00 6a ff c2 00 16 e5 5c f0 e9 44 c8 d1 40 34 1e 90 84 00 00 00 01 04 2f c0 00 01 a3 59 98 f7 39 eb 93 ff fd fd 6d 04 64 80",""
2176,11801,"PACKET","IN",207,45,"PlayerSync","id=207 bytes=45","cf 70 00 a4 80 72 bf c2 00 28 0e a3 b0 fc 9d 89 91 77 a5 1e 90 80 00 00 00 03 d3 ff 00 00 01 17 50 18 f7 19 d9 54 03 fd fd 00 00 00 80",""
2177,11828,"RPC","IN",63,4,"DestroyPickup","id=63 bytes=4","23 00 00 00",""
2178,11828,"RPC","IN",99,42,"MoveObject","id=99 bytes=42","a0 00 f8 e3 a1 c3 d7 9b 26 45 53 c5 7d 42 f8 e3 a1 c3 d7 9b 26 45 ed 5e 7b 42 00 00 80 3e 00 00 00 00 00 00 00 00 08 cc 84 43",""
2179,11828,"RPC","IN",122,2,"StopObject","id=122 bytes=2","a0 00",""
2180,11828,"RPC","IN",99,42,"MoveObject","id=99 bytes=42","a0 00 f8 e3 a1 c3 d7 9b 26 45 53 c5 7d 42 f8 e3 a1 c3 d7 9b 26 45 53 c5 7d 42 00 00 80 3e 00 00 00 00 00 00 00 00 08 cc 84 43",""
2181,11829,"RPC","IN",122,2,"StopObject","id=122 bytes=2","a0 00",""
2182,11829,"RPC","IN",99,42,"MoveObject","id=99 bytes=42","a0 00 f8 e3 a1 c3 d7 9b 26 45 53 c5 7d 42 f8 e3 a1 c3 d7 9b 26 45 ed 5e 7b 42 00 00 80 3e 00 00 00 00 00 00 00 00 08 cc 84 43",""
2183,11829,"RPC","IN",122,2,"StopObject","id=122 bytes=2","a0 00",""
2184,11829,"RPC","IN",99,42,"MoveObject","id=99 bytes=42","a0 00 f8 e3 a1 c3 d7 9b 26 45 53 c5 7d 42 f8 e3 a1 c3 d7 9b 26 45 53 c5 7d 42 00 00 80 3e 00 00 00 00 00 00 00 00 08 cc 84 43",""
2185,11829,"RPC","IN",122,2,"StopObject","id=122 bytes=2","a0 00",""
2186,11829,"RPC","IN",99,42,"MoveObject","id=99 bytes=42","a0 00 f8 e3 a1 c3 d7 9b 26 45 53 c5 7d 42 f8 e3 a1 c3 d7 9b 26 45 ed 5e 7b 42 00 00 80 3e 00 00 00 00 00 00 00 00 08 cc 84 43",""
2187,11829,"RPC","IN",122,2,"StopObject","id=122 bytes=2","a0 00",""
2188,11829,"RPC","IN",99,42,"MoveObject","id=99 bytes=42","a0 00 f8 e3 a1 c3 d7 9b 26 45 53 c5 7d 42 f8 e3 a1 c3 d7 9b 26 45 53 c5 7d 42 00 00 80 3e 00 00 00 00 00 00 00 00 08 cc 84 43",""
2189,11830,"RPC","IN",122,2,"StopObject","id=122 bytes=2","a0 00",""
2190,11830,"RPC","IN",99,42,"MoveObject","id=99 bytes=42","a0 00 f8 e3 a1 c3 d7 9b 26 45 53 c5 7d 42 f8 e3 a1 c3 d7 9b 26 45 ed 5e 7b 42 00 00 80 3e 00 00 00 00 00 00 00 00 08 cc 84 43",""
2191,11830,"RPC","IN",122,2,"StopObject","id=122 bytes=2","a0 00",""
2192,11830,"RPC","IN",99,42,"MoveObject","id=99 bytes=42","a0 00 f8 e3 a1 c3 d7 9b 26 45 53 c5 7d 42 f8 e3 a1 c3 d7 9b 26 45 53 c5 7d 42 00 00 80 3e 00 00 00 00 00 00 00 00 08 cc 84 43",""
2193,11830,"RPC","IN",122,2,"StopObject","id=122 bytes=2","a0 00",""
2194,11830,"RPC","IN",99,42,"MoveObject","id=99 bytes=42","a0 00 f8 e3 a1 c3 d7 9b 26 45 53 c5 7d 42 f8 e3 a1 c3 d7 9b 26 45 ed 5e 7b 42 00 00 80 3e 00 00 00 00 00 00 00 00 08 cc 84 43",""
2195,11830,"RPC","IN",122,2,"StopObject","id=122 bytes=2","a0 00",""
2196,11830,"RPC","IN",99,42,"MoveObject","id=99 bytes=42","a0 00 f8 e3 a1 c3 d7 9b 26 45 53 c5 7d 42 f8 e3 a1 c3 d7 9b 26 45 53 c5 7d 42 00 00 80 3e 00 00 00 00 00 00 00 00 08 cc 84 43",""
2197,11830,"PACKET","IN",200,44,"VehicleSync","id=200 bytes=44","c8 38 00 30 00 00 00 00 00 08 00 02 30 c3 e0 72 5f ea 27 6a cc 33 50 32 74 54 6b 28 04 23 d6 a1 33 e6 c9 87 10 2c 98 45 a0 5d f0 00",""
2198,11831,"PACKET","IN",207,45,"PlayerSync","id=207 bytes=45","cf 70 00 a6 80 71 ff c2 00 3a 4e 63 b0 fe dd 49 91 75 65 1e 90 80 00 00 00 03 db f7 00 00 02 34 f8 70 f5 c2 49 54 07 fd fd 00 00 00 80",""
2199,11850,"PACKET","IN",207,45,"PlayerSync","id=207 bytes=45","cf 46 00 ff ff ea 7f c2 00 27 66 5c f0 c6 45 88 d1 40 34 1e 90 84 00 00 00 02 44 4b c0 00 03 ca 46 64 f5 49 c0 23 ff fd fd 6d 04 64 80",""
2200,11851,"PACKET","IN",207,41,"PlayerSync","id=207 bytes=41","cf 92 00 00 00 0a 8a 63 30 ea 99 49 91 69 9f 1e 90 84 00 00 00 02 9b 21 c0 00 03 9f 6a 20 ec 89 e4 bc 03 fd fd a5 04 04 80",""
2201,11851,"RPC","IN",87,2,"ClearPlayerAnimation","id=87 bytes=2","3d 00",""
2202,11851,"RPC","IN",86,29,"ApplyPlayerAnimation","id=86 bytes=29","3d 00 05 43 41 52 52 59 0b 63 72 72 79 5f 70 72 74 69 61 6c 33 33 83 40 00 00 00 00 00",""
2203,11851,"PACKET","IN",207,45,"PlayerSync","id=207 bytes=45","cf 70 00 a7 80 71 7f c2 00 35 0e 23 b0 dd 5d 49 91 72 25 1e 90 80 00 00 00 03 67 ef 00 00 02 47 38 9c f7 c6 7c 30 13 fd fd 00 00 00 80",""
2204,11852,"PACKET","IN",207,35,"PlayerSync","id=207 bytes=35","cf 7e 00 00 00 13 27 28 30 cd 86 09 d1 7b 67 1f 10 84 00 00 00 01 42 b3 94 00 00 00 00 00 01 28 00 04 11",""
2205,11877,"RPC","IN",16,16,"PlaySound","id=16 bytes=16","92 7e 00 00 00 00 00 00 00 00 00 00 00 00 00 00",""
2206,11878,"RPC","IN",134,80,"ShowTextDraw","id=134 bytes=80","37 08 11 9a 99 19 3f 00 00 00 40 1a ff 00 aa 6e db 2e 42 00 00 a0 41 00 00 00 32 00 01 00 00 00 ff 04 00 00 00 59 43 00 00 b8 43 00 00 00 00 00 00 00 00 00 00 00 00 00 00 00 00 80 3f ff ff ff ff 0d 00 6c 64 5f 64 75 61 6c 3a 77 68 69 74 65",""
2207,11878,"PACKET","IN",207,45,"PlayerSync","id=207 bytes=45","cf 46 00 fc ff ea 7f c2 00 0d a7 1c f0 cd 45 c8 d1 40 34 1e 90 84 00 00 00 03 70 5b c0 00 00 b8 b6 9c f5 e9 b6 9b fb fd fd 6d 04 64 80",""
2208,11878,"RPC","IN",87,2,"ClearPlayerAnimation","id=87 bytes=2","4d 00",""
2209,11879,"RPC","IN",86,29,"ApplyPlayerAnimation","id=86 bytes=29","4d 00 05 43 41 52 52 59 0b 63 72 72 79 5f 70 72 74 69 61 6c 33 33 83 40 00 00 00 00 00",""
2210,11879,"RPC","IN",105,7,"TextDrawSetString","id=105 bytes=7","26 08 03 00 31 30 30",""
2211,11879,"RPC","IN",105,5,"TextDrawSetString","id=105 bytes=5","27 08 01 00 30",""
2212,11879,"RPC","IN",105,6,"TextDrawSetString","id=105 bytes=6","28 08 02 00 34 38",""
2213,11879,"RPC","IN",105,5,"TextDrawSetString","id=105 bytes=5","29 08 01 00 37",""
2214,11879,"RPC","IN",105,7,"TextDrawSetString","id=105 bytes=7","2a 08 03 00 31 30 30",""
2215,11900,"PACKET","IN",207,35,"PlayerSync","id=207 bytes=35","cf 1a 00 00 00 1f 85 ac 30 de f8 49 91 47 88 60 50 84 00 00 00 03 41 49 80 00 00 00 00 00 01 a5 04 04 80",""
2216,11900,"PACKET","IN",207,45,"PlayerSync","id=207 bytes=45","cf 46 00 fb 7f ea 3f c2 00 29 e7 dc f0 d9 86 08 d1 40 34 1e 90 84 00 00 00 00 30 6f c0 00 00 61 9a d0 f4 e9 a7 d3 f7 fd fd 6d 04 64 80",""
2217,11900,"PACKET","IN",207,35,"PlayerSync","id=207 bytes=35","cf 54 00 00 00 05 77 63 70 c5 21 c9 91 65 24 1e 90 80 00 00 00 00 12 8e c0 00 00 00 00 00 01 28 00 04 11",""
2218,11900,"PACKET","IN",207,45,"PlayerSync","id=207 bytes=45","cf 70 00 a9 80 71 3f c2 00 3d 4d 23 b0 d7 5d 09 91 66 e5 1e 90 80 00 00 00 01 c7 d7 00 00 03 70 3d 00 f6 f2 e7 0c 37 fd fd 00 00 00 80",""
2219,11900,"PACKET","IN",207,35,"PlayerSync","id=207 bytes=35","cf 29 00 00 00 28 26 a8 30 d1 15 49 d1 7b 67 1f 10 84 00 00 00 03 a9 ff c0 00 00 00 00 00 01 a5 04 e8 80",""
2220,11928,"PACKET","IN",200,44,"VehicleSync","id=200 bytes=44","c8 38 00 30 00 00 00 00 00 08 00 01 b0 b1 30 73 2f e9 76 8a cc 34 8f a2 64 52 4b e8 04 2b e0 c1 e3 e0 e9 86 60 27 48 55 a0 5d f0 00",""
2221,11928,"PACKET","IN",207,45,"PlayerSync","id=207 bytes=45","cf 46 00 fa 7f e9 bf c2 00 07 e9 1c f0 ec c6 48 d1 40 34 1e 90 84 00 00 00 03 f0 7b c0 00 01 74 56 fc f4 65 94 8f f7 fd fd 6d 04 64 80",""
2222,11928,"PACKET","IN",207,45,"PlayerSync","id=207 bytes=45","cf 70 00 aa 00 71 3f c2 00 1c 4c 63 b0 ec 1c c9 91 5c a5 1e 90 80 00 00 00 02 ef c7 00 00 03 32 a1 3c f6 ff 16 b0 53 fd fd 00 00 00 80",""
2223,11928,"PACKET","IN",207,45,"PlayerSync","id=207 bytes=45","cf 46 00 f8 ff e9 bf c2 00 2c ea 5c f0 c6 c6 c8 d1 40 34 1e 90 84 00 00 00 03 10 87 c0 00 01 40 c3 2c f4 f5 84 fb f3 fd fd 6d 04 64 80",""
2224,11928,"PACKET","IN",207,45,"PlayerSync","id=207 bytes=45","cf 70 00 ab 80 70 ff c2 00 2a cb 63 b0 c6 1c c9 91 51 a5 1e 90 80 00 00 00 02 b7 cb 00 00 01 41 2d 80 f6 43 3e f0 6f fd fd 00 00 00 80",""
2225,11950,"PACKET","IN",207,45,"PlayerSync","id=207 bytes=45","cf 70 00 ac 00 70 ff c2 00 20 ca 63 b0 da 1c 89 91 45 a5 1e 90 80 00 00 00 01 97 cf 00 00 01 d0 a5 b8 f4 ff 37 c0 67 fd fd 00 00 00 80",""
2226,11950,"PACKET","IN",207,41,"PlayerSync","id=207 bytes=41","cf 92 00 00 00 15 0a 63 30 d2 59 49 91 6a 1f 1e 90 84 00 00 00 02 9b 21 c0 00 02 eb 76 64 ee e5 dd 10 03 fd fd a5 04 04 80",""
2227,11977,"PACKET","IN",207,45,"PlayerSync","id=207 bytes=45","cf 46 00 f7 ff e8 ff c2 00 15 ae dc f0 fb 07 88 d1 40 34 1e 90 84 00 00 00 00 48 a3 c0 00 03 91 57 8c f6 bd 69 bf eb fd fd 6d 04 64 80",""
2228,11977,"PACKET","IN",207,45,"PlayerSync","id=207 bytes=45","cf 70 00 ad 00 70 ff c2 00 38 09 23 b0 e7 5c 49 91 78 24 de 90 80 00 00 00 01 5b d3 00 00 00 aa 02 00 f5 af 2e 50 63 fd fd 00 00 00 80",""
2229,11997,"PACKET","IN",200,44,"VehicleSync","id=200 bytes=44","c8 38 00 30 00 00 00 00 00 08 00 00 a0 ae d0 63 df e2 85 aa cc 31 df 12 64 5c 9c a8 04 28 13 d2 83 e4 d9 87 20 27 c8 55 a0 5d f0 00",""
2230,11997,"PACKET","IN",207,45,"PlayerSync","id=207 bytes=45","cf 46 00 f5 7f e8 bf c2 00 3e b0 dc f0 e5 48 08 d1 40 34 1e 90 84 00 00 00 02 38 bb c0 00 00 1c 03 a8 f5 ad 62 e7 e7 fd fd 6d 04 64 80",""
2231,11997,"PACKET","IN",207,35,"PlayerSync","id=207 bytes=35","cf 4d 00 00 00 02 00 23 30 e6 e4 09 91 70 1e 9e 90 84 00 00 00 03 da d0 80 00 00 00 00 00 01 a5 04 04 80",""
2232,11998,"PACKET","IN",207,45,"PlayerSync","id=207 bytes=45","cf 70 00 ae 00 70 ff c2 00 00 88 23 b0 ef 1c 09 91 69 a4 de 90 80 00 00 00 01 2b d7 00 00 02 27 c2 48 f7 93 23 24 5b fd fd 00 00 00 80",""
2233,11998,"PACKET","IN",207,35,"PlayerSync","id=207 bytes=35","cf 1f 00 00 00 26 a3 e3 70 c2 1d 89 91 42 a3 5e 90 80 00 00 00 02 c2 27 00 00 00 00 00 00 01 28 00 04 11",""
2234,11998,"PACKET","IN",207,45,"PlayerSync","id=207 bytes=45","cf 46 00 f2 ff e8 3f c2 00 2f b3 dc f0 e0 48 88 d1 40 34 1e 90 84 00 00 00 01 b8 d3 c0 00 02 e6 1b d0 f4 dd 4a 1f df fd fd 6d 04 64 80",""
2235,11998,"PACKET","IN",207,45,"PlayerSync","id=207 bytes=45","cf 70 00 ae 80 70 ff c2 00 36 86 a3 b0 f0 1b c9 91 5a a4 de 90 80 00 00 00 00 17 db 00 00 00 17 fe 7c f4 c3 1b d8 53 fd fd 00 00 00 80",""
2236,11999,"PACKET","OUT",207,69,"PlayerSync","id=207 bytes=69","cf 00 00 00 00 00 00 67 0a 9b c3 6b 06 27 45 ed 9c 7c 42 11 b2 39 3f 00 00 00 80 00 00 00 00 14 38 30 bf 64 00 04 00 00 00 00 00 00 00 00 00 00 00 00 00 00 00 00 00 00 00 00 00 00 00 00 00 00 00 28 00 04 11",""
2237,12023,"PACKET","OUT",203,32,"AimSync","id=203 bytes=32","cb 00 00 00 39 05 00 00 00 00 00 00 00 00 00 00 00 40 01 00 00 00 80 3f 00 00 f3 04 b5 3f 39 05",""
2238,12027,"PACKET","IN",207,35,"PlayerSync","id=207 bytes=35","cf 02 00 00 00 2d a2 e3 70 ee 9a 89 91 77 a3 1e 90 80 00 00 00 00 8a aa c0 00 00 00 00 00 01 28 00 04 11",""
2239,12027,"PACKET","IN",207,35,"PlayerSync","id=207 bytes=35","cf 51 00 00 00 1b 0a e3 30 cf a8 49 91 58 dd 9e 90 84 00 00 00 01 37 17 c0 00 00 00 00 00 01 28 00 04 11",""
2240,12027,"PACKET","IN",207,45,"PlayerSync","id=207 bytes=45","cf 70 00 af 00 70 ff c2 00 0b 85 23 b0 db 1b 89 91 47 24 de 90 80 00 00 00 03 0f db 00 00 01 61 1e d8 f4 07 12 3c 4f fd fd 00 00 00 80",""
2241,12028,"PACKET","IN",207,41,"PlayerSync","id=207 bytes=41","cf 92 00 00 00 1e 8a 63 30 fb d9 09 91 6a 9f 1e 90 84 00 00 00 02 9b 21 c0 00 00 fc 82 60 ef 79 f0 24 03 fd fd a5 04 04 80",""
2242,12054,"PACKET","IN",207,45,"PlayerSync","id=207 bytes=45","cf 46 00 ef ff e7 ff ca 00 17 7a 9c f0 c6 89 88 d1 40 34 1e 90 84 00 00 00 00 cc f3 c0 00 00 10 00 04 f8 89 20 a7 cf fd fd 6d 04 64 80",""
2243,12054,"PACKET","IN",207,39,"PlayerSync","id=207 bytes=39","cf 85 00 c0 7f e0 3f c0 00 22 95 25 b0 fc 7f c9 91 6c 24 9f 10 80 00 00 00 02 33 51 80 00 00 00 00 00 01 28 00 04 11",""
2244,12055,"PACKET","IN",207,45,"PlayerSync","id=207 bytes=45","cf 70 00 af 80 70 ff c2 00 15 c2 23 b0 f8 da c9 91 64 a4 9e 90 80 00 00 00 01 43 e3 00 00 03 ce ae f0 f5 3a ff 00 43 fd fd 00 00 00 80",""
2245,12074,"PACKET","IN",200,44,"VehicleSync","id=200 bytes=44","c8 38 00 30 00 00 00 00 00 08 00 0e a0 8c 80 64 8f ef 14 7a cc 3b ee 52 64 58 3d a8 04 2f 3c d3 23 e0 29 99 50 26 28 55 a0 5d f0 00",""
2246,12075,"PACKET","IN",207,35,"PlayerSync","id=207 bytes=35","cf 3d 00 00 00 32 67 a8 30 d0 79 49 91 7b 67 1f 10 84 00 00 00 00 e6 f1 c0 00 00 00 00 00 01 28 00 04 11",""
2247,12075,"PACKET","IN",207,45,"PlayerSync","id=207 bytes=45","cf 46 00 ef 7f e7 ff c0 00 26 fe 9c f0 c5 0a 08 d1 40 34 1e 90 84 00 00 00 00 cc f3 c0 00 03 ff fc 00 f9 ed 17 5b c7 fd fd ae 04 08 80",""
2248,12075,"PACKET","IN",207,35,"PlayerSync","id=207 bytes=35","cf 2d 00 00 00 3c 58 68 30 c1 50 49 d1 7b 67 1f 10 84 00 00 00 02 aa b3 c0 00 00 00 00 00 01 28 00 04 11",""
2249,12095,"PACKET","IN",207,45,"PlayerSync","id=207 bytes=45","cf 46 00 ef 7f e7 ff c0 00 14 c2 5d 30 f7 8a 48 d1 40 34 1e 90 84 00 00 00 00 cc f3 c0 00 00 f7 df cc f5 ed 17 5b c7 fd fd ae 04 08 80",""
2250,12116,"PACKET","IN",207,45,"PlayerSync","id=207 bytes=45","cf 70 00 af 80 71 3f c0 00 2d 3e 23 70 fd d9 c9 91 77 24 5e 90 80 00 00 00 02 3f eb 00 00 01 a6 9e e0 f4 fe d8 40 33 fd fd 00 00 00 80",""
2251,12143,"PACKET","IN",207,45,"PlayerSync","id=207 bytes=45","cf 46 00 ef 7f e7 ff c0 00 35 46 1d 30 f0 4a c8 d1 40 34 1e 90 84 00 00 00 00 cc f3 c0 00 00 ed 07 80 f5 ed 17 5b c7 fd fd ae 04 08 80",""
2252,12143,"PACKET","IN",200,44,"VehicleSync","id=200 bytes=44","c8 38 00 30 00 80 ff 00 00 08 00 01 90 88 e0 64 4f e1 33 5a cc 34 4d b2 64 50 1e 88 04 2c 1f b3 a3 e9 49 ec c0 3c 78 45 a0 5d f0 00",""
2253,12144,"PACKET","IN",207,35,"PlayerSync","id=207 bytes=35","cf 55 00 00 00 3e e0 24 70 de 62 c9 91 5c e2 9f 90 84 00 00 00 02 61 2b c0 00 00 00 00 00 01 a8 04 04 18",""
2254,12144,"PACKET","IN",207,37,"PlayerSync","id=207 bytes=37","cf 85 00 c0 7f 80 00 22 95 25 b0 fc 7f c9 91 6c 24 9f 10 80 00 00 00 02 33 51 80 00 00 00 00 00 01 28 00 04 11",""
2255,12144,"PACKET","IN",203,34,"AimSync","id=203 bytes=34","cb 85 00 04 72 c9 93 be fb d4 71 bf 17 a7 1f be 64 0b 96 c3 dd 1d 27 45 93 1a 80 42 00 00 00 00 3f c6",""
2256,12144,"PACKET","IN",207,41,"PlayerSync","id=207 bytes=41","cf 92 00 00 00 28 8a 63 30 e5 19 09 91 6b 1f 1e 90 84 00 00 00 02 9b 21 c0 00 01 48 d5 dc ec 79 b9 04 07 fd fd a5 04 04 80",""
2257,12144,"PACKET","OUT",203,32,"AimSync","id=203 bytes=32","cb 04 4b 44 46 bf 2c 13 93 3d ff e5 20 bf d1 29 9a c3 d1 03 27 45 ba 5a 82 42 00 00 00 00 3f c6",""
2258,12164,"PACKET","IN",207,45,"PlayerSync","id=207 bytes=45","cf 46 00 ef 7f e7 ff c0 00 09 88 dd 30 c0 8b 48 d1 40 34 1e 90 84 00 00 00 00 cc f3 c0 00 01 29 f7 50 f5 ed 17 5b c7 fd fd ae 04 08 80",""
2259,12165,"PACKET","IN",207,35,"PlayerSync","id=207 bytes=35","cf 60 00 00 00 01 5b 23 b0 d7 8c c9 91 41 6c 5e 90 84 00 00 00 03 e6 19 c0 00 00 00 00 00 01 fb 04 04 80",""
2260,12165,"PACKET","IN",207,45,"PlayerSync","id=207 bytes=45","cf 70 00 af 80 70 ff c0 00 19 7c 23 70 e6 59 49 91 5e a4 5e 90 80 00 00 00 03 2b e7 00 00 02 8e b6 f4 f5 f6 cf 40 2b fd fd 00 00 00 80",""
2261,12165,"PACKET","IN",207,35,"PlayerSync","id=207 bytes=35","cf 76 00 00 00 0e 87 a2 f0 c1 28 c9 91 5a 1c 1e 90 84 00 00 00 03 6c 9f 40 00 00 00 00 00 01 00 00 00 80",""
2262,12191,"PACKET","IN",207,35,"PlayerSync","id=207 bytes=35","cf 5b 00 00 00 0e fc 66 b0 e8 7d 89 91 7b 67 1f 10 84 00 00 00 01 0a e2 00 00 00 00 00 00 01 28 00 04 11",""
2263,12191,"PACKET","IN",207,45,"PlayerSync","id=207 bytes=45","cf 70 00 af 80 70 bf c0 00 09 3b 23 70 de 59 09 91 52 24 5e 90 80 00 00 00 00 5f e7 00 00 02 73 eb 00 f6 a2 d9 04 33 fd fd 00 00 00 80",""
2264,12192,"PACKET","IN",207,35,"PlayerSync","id=207 bytes=35","cf 7c 00 00 00 35 a2 e2 70 da 28 89 91 5f 9d de 90 80 00 00 00 01 98 6a 40 00 00 00 00 00 01 28 00 04 11",""
2265,12192,"PACKET","IN",207,45,"PlayerSync","id=207 bytes=45","cf 70 00 af 80 70 3f c0 00 27 39 e3 70 d6 18 c9 91 45 24 5e 90 80 00 00 00 03 e3 df 00 00 03 22 df 08 f5 da e6 7c 37 fd fd 00 00 00 80",""
2266,12212,"PACKET","IN",207,45,"PlayerSync","id=207 bytes=45","cf 70 00 af 80 6f bf c0 00 2e f8 a3 70 cf 18 89 91 76 a4 1e 90 80 00 00 00 00 83 df 00 00 02 5f b3 0c f6 6a f7 30 3f fd fd 00 00 00 80",""
2267,12238,"PACKET","IN",200,44,"VehicleSync","id=200 bytes=44","c8 38 00 30 00 80 ff 00 00 00 00 05 90 71 80 61 3f e5 e1 9a cc 31 bc f2 64 5d 0f 58 04 22 a7 93 e3 e1 aa 6d e0 50 d8 45 a0 5d f0 00",""
2268,12238,"PACKET","IN",207,45,"PlayerSync","id=207 bytes=45","cf 70 00 af 80 6e ff c0 00 2d b7 23 70 fc 98 09 91 65 24 1e 90 80 00 00 00 00 cf db 00 00 03 41 7f 18 f5 f3 01 b8 47 fd fd 00 00 00 80",""
2269,12239,"PACKET","IN",207,45,"PlayerSync","id=207 bytes=45","cf 46 00 ef 7f e7 ff c0 00 35 93 9d 30 d4 4c 88 d1 40 34 1e 90 84 00 00 00 00 cc f3 c0 00 01 a9 ee a0 f5 ed 17 5b c7 fd fd ae 04 08 80",""
2270,12239,"PACKET","IN",207,35,"PlayerSync","id=207 bytes=35","cf 63 00 00 00 35 23 63 70 dd 23 09 91 54 21 9e 90 80 00 00 00 02 22 63 80 00 00 00 00 00 01 28 00 04 11",""
2271,12239,"PACKET","IN",207,45,"PlayerSync","id=207 bytes=45","cf 70 00 af 00 6d ff c0 00 1b f5 63 70 de d7 c9 91 50 24 1e 90 80 00 00 00 00 1f d7 00 00 02 67 77 14 f5 cf 0c dc 4f fd fd 00 00 00 80",""
2272,12239,"PACKET","OUT",205,9,"UNKNOWN_PACKET","id=205 bytes=9","cd b8 4a 04 00 00 00 00 00",""
2273,12260,"PACKET","IN",207,45,"PlayerSync","id=207 bytes=45","cf 46 00 ef 7f e7 ff c0 00 13 96 1d 30 de 0c c8 d1 40 34 1e 90 84 00 00 00 00 cc f3 c0 00 01 ad ee a0 f5 ed 17 5b c7 fd fd ae 04 08 80",""
2274,12261,"PACKET","IN",207,45,"PlayerSync","id=207 bytes=45","cf 46 00 ef 7f e7 ff c0 00 2e 98 1d 30 df 8d 08 d1 40 34 1e 90 84 00 00 00 00 cc f3 c0 00 01 95 ee a0 f5 ed 17 5b c7 fd fd ae 04 08 80",""
2275,12261,"PACKET","IN",207,45,"PlayerSync","id=207 bytes=45","cf 70 00 ae 00 6c bf c0 00 30 33 a3 70 ce 97 89 91 7c 63 de 90 80 00 00 00 02 a7 cf 00 00 00 aa cf 1c f7 c7 19 d8 57 fd fd 00 00 00 80",""
2276,12261,"PACKET","IN",207,41,"PlayerSync","id=207 bytes=41","cf 92 00 00 00 3f ca 63 30 d3 59 09 91 6c 1f 1e 90 84 00 00 00 02 9b 21 c0 00 02 88 6c 3c ed d1 89 d0 0f fd fd a5 04 04 80",""
2277,12281,"PACKET","IN",207,39,"PlayerSync","id=207 bytes=39","cf 1a 00 ff 7f fd ff c0 00 1f 85 ac 30 de f8 49 91 47 88 60 50 84 00 00 00 00 29 81 80 00 00 00 00 00 01 c8 04 04 80",""
2278,12281,"PACKET","IN",203,34,"AimSync","id=203 bytes=34","cb 1a 00 04 12 18 09 bf 4e 7c 54 3f 1b 8e 1f be 88 9b af c3 a7 c9 26 45 6e e3 82 42 00 00 00 00 3f 36",""
2279,12282,"PACKET","IN",207,35,"PlayerSync","id=207 bytes=35","cf 1c 00 00 00 2d 1d 28 30 f6 cc c9 d1 7b 67 1f 10 84 00 00 00 00 65 93 00 00 00 00 00 00 01 28 00 04 11",""
2280,12282,"PACKET","IN",207,45,"PlayerSync","id=207 bytes=45","cf 46 00 ef 7f e7 ff c0 00 3a 5e 5d 30 e3 8d c8 d1 77 50 5e d0 84 00 00 00 00 cc f3 c0 00 03 63 a9 f8 f8 0d 30 87 97 0a e9 ab 04 08 80",""
2281,12282,"PACKET","IN",207,45,"PlayerSync","id=207 bytes=45","cf 70 00 ac 80 6b 7f c0 00 2e 32 23 70 cb 97 49 91 6a a3 de 90 80 00 00 00 00 a7 cb 00 00 00 11 2f 20 f6 e3 28 4c 63 fd fd 00 00 00 80",""
2282,12307,"RPC","IN",86,27,"ApplyPlayerAnimation","id=86 bytes=27","29 00 07 42 44 5f 46 49 52 45 07 77 61 73 68 5f 75 70 33 33 83 40 80 00 00 00 00",""
2283,12307,"PACKET","IN",207,45,"PlayerSync","id=207 bytes=45","cf 1a 00 fe 7f fb bf c0 00 08 46 2c 30 f6 b8 49 91 77 48 20 50 84 00 00 00 02 d1 89 80 00 00 8e 98 04 f5 55 08 a7 c3 fd fd c8 04 04 80",""
2284,12308,"PACKET","IN",200,44,"VehicleSync","id=200 bytes=44","c8 38 00 30 00 80 ff 00 00 00 00 0e 20 63 30 5c 1f d8 1f ca bc 3e 8c 42 64 58 1f f8 04 2c 04 53 93 ed 4a d8 70 83 d8 35 a0 5d f0 00",""
2285,12308,"PACKET","IN",203,34,"AimSync","id=203 bytes=34","cb 38 00 12 c1 9d 20 3f 61 39 3c bf 80 4d 83 be 25 45 b0 c3 8c 65 27 45 ba eb 8b 42 00 00 00 00 3f c6",""
2286,12308,"PACKET","IN",207,45,"PlayerSync","id=207 bytes=45","cf 70 00 a7 00 68 7f c0 00 0d 30 a3 70 c8 97 09 91 59 a3 de 90 80 00 00 00 01 43 b7 00 00 02 b5 b3 34 f6 1b 3b ac 6b fd fd 00 00 00 80",""
2287,12308,"PACKET","IN",207,35,"PlayerSync","id=207 bytes=35","cf 97 00 00 00 3d e7 a8 30 e4 09 c9 d1 7b 67 1f 10 84 00 00 00 00 0f 03 e8 00 00 00 00 00 01 28 00 04 11",""
2288,12326,"PACKET","IN",207,45,"PlayerSync","id=207 bytes=45","cf 1a 00 fd 7f f7 7f c0 00 30 46 6c 30 ce 78 89 91 66 88 20 50 84 00 00 00 03 99 71 80 00 03 b3 40 00 f5 55 08 a7 c3 fd fd c8 04 04 80",""
2289,12327,"PACKET","IN",207,45,"PlayerSync","id=207 bytes=45","cf 46 00 ef 7f e7 ff c0 00 36 63 dd 30 ce 4e 88 d1 4a a7 de d0 84 00 00 00 00 cc f3 c0 00 01 62 01 ec f9 7d 2d 8b 9b d2 dd ab 04 08 80",""
2290,12327,"PACKET","IN",207,45,"PlayerSync","id=207 bytes=45","cf 70 00 a2 00 66 3f c0 00 2e 2e a3 70 ca 96 c9 91 4f 63 de 90 80 00 00 00 03 13 9f 00 00 00 63 df 3c f7 f7 63 fc 8f fd fd 00 00 00 80",""
2291,12348,"PACKET","IN",207,45,"PlayerSync","id=207 bytes=45","cf 1a 00 fd 7f f5 3f c0 00 03 47 6c 30 fe 78 89 91 45 48 20 50 84 00 00 00 03 35 61 80 00 02 10 b8 0c f5 55 08 a7 c3 fd fd c8 04 04 80",""
2292,12349,"PACKET","IN",207,45,"PlayerSync","id=207 bytes=45","cf 46 00 ef 7f e7 ff c0 00 04 29 9d 30 fb 4f 08 d1 65 fd de d0 84 00 00 00 00 cc f3 c0 00 01 7c d1 e0 fa f1 2a 7b 9f fe d1 ab 04 08 80",""
2293,12349,"PACKET","IN",207,45,"PlayerSync","id=207 bytes=45","cf 70 00 8c 00 60 ff c0 00 31 ea 23 70 df d6 49 91 63 23 9e 90 80 00 00 00 02 ef 6b 00 00 00 27 ab 68 f6 93 a8 d8 e7 fd fd 00 00 00 80",""
2294,12349,"PACKET","IN",207,45,"PlayerSync","id=207 bytes=45","cf 46 00 ef 7f e7 ff c0 00 05 31 1d 30 e4 d0 08 d1 7f 18 df 10 84 00 00 00 00 cc f3 c0 00 01 68 15 d0 fb a1 24 eb a7 4e c1 ab 04 08 80",""
2295,12374,"PACKET","IN",207,45,"PlayerSync","id=207 bytes=45","cf 1a 00 fd 7f f4 ff c0 00 2d 87 ac 30 d6 b8 c9 91 74 87 e0 50 84 00 00 00 01 c9 61 80 00 02 da 3c 0c f5 55 08 a7 c3 fd fd c8 04 04 80",""
2296,12374,"PACKET","IN",207,45,"PlayerSync","id=207 bytes=45","cf 70 00 fe ff e0 7f c0 00 25 27 a3 70 f5 96 09 91 40 e3 9e 90 80 00 00 00 00 d7 4f 00 00 01 ac 7b 78 f6 93 c4 69 17 fd fd 00 00 00 80",""
2297,12374,"RPC","IN",87,2,"ClearPlayerAnimation","id=87 bytes=2","5b 00",""
2298,12374,"RPC","IN",86,29,"ApplyPlayerAnimation","id=86 bytes=29","5b 00 05 43 41 52 52 59 0b 63 72 72 79 5f 70 72 74 69 61 6c 33 33 83 40 00 00 00 00 00",""
2299,12394,"PACKET","IN",207,45,"PlayerSync","id=207 bytes=45","cf 1a 00 fd 7f f4 7f c2 00 17 c8 2c 30 ee f8 c9 91 63 87 e0 50 84 00 00 00 03 19 5d 80 00 02 16 90 0c f5 55 08 a7 c3 fd fd c8 04 04 80",""
2300,12394,"PACKET","IN",200,44,"VehicleSync","id=200 bytes=44","c8 38 00 30 00 80 ff 00 00 00 00 08 60 67 30 44 2f d7 8d ca bc 3a eb b2 64 56 00 68 14 24 cd b3 33 e7 3b 62 e0 c5 b8 25 a0 5d f0 00",""
2301,12394,"PACKET","IN",207,45,"PlayerSync","id=207 bytes=45","cf 46 00 ef 7f e7 ff c0 00 16 38 dd 30 d8 11 08 d1 74 b2 1f 10 84 00 00 00 00 cc f3 c0 00 00 e8 09 c0 f8 61 27 43 a9 0e b1 ab 04 08 80",""
2302,12394,"PACKET","IN",203,34,"AimSync","id=203 bytes=34","cb 46 00 04 97 45 88 be 90 ca 75 3f cc 4c af bd dd b5 73 c3 fb 01 23 45 c5 4f 80 42 00 00 00 00 23 37",""
2303,12395,"PACKET","IN",207,45,"PlayerSync","id=207 bytes=45","cf 70 00 f8 ff e0 7f c0 00 39 64 e3 70 d4 56 09 91 58 23 5e 90 80 00 00 00 00 83 2f 00 00 01 70 4b 7c f5 5f de f1 47 fd fd 00 00 00 80",""
2304,12395,"PACKET","IN",207,41,"PlayerSync","id=207 bytes=41","cf 92 00 00 00 1f 8a a3 30 c9 19 09 91 6d 9f 1e 90 84 00 00 00 02 9b 21 c0 00 01 bf 42 40 ea 58 f0 c0 4f fd fd a5 04 04 80",""
2305,12415,"PACKET","IN",207,45,"PlayerSync","id=207 bytes=45","cf 1a 00 fd 7f f4 3f c2 00 02 48 ac 30 c7 39 09 91 52 87 e0 50 84 00 00 00 01 d5 5d 80 00 02 f7 28 0c f5 55 08 a7 c3 fd fd c8 04 04 80",""
2306,12415,"PACKET","IN",207,45,"PlayerSync","id=207 bytes=45","cf 46 00 ef 7f e7 ff c0 00 2d 3f 9d 30 ed 11 c8 d1 72 45 df 50 84 00 00 00 00 cc f3 c0 00 03 2f 31 b0 f9 b5 20 6f b0 5e a1 ab 04 08 80",""
2307,12415,"PACKET","IN",207,45,"PlayerSync","id=207 bytes=45","cf 70 00 f0 7f e1 7f c0 00 39 e4 e3 70 fc 95 c9 91 63 a3 5e 90 80 00 00 00 01 8f 0b 00 00 03 55 bf 90 f2 61 fc 00 03 fd fd 00 00 00 80",""
2308,12416,"PACKET","IN",207,45,"PlayerSync","id=207 bytes=45","cf 1a 00 fd 7f f3 7f c2 00 2d 48 ec 30 df 79 09 91 42 07 e0 50 84 00 00 00 02 59 59 80 00 02 f2 a0 10 f5 55 08 a7 c3 fd fd c8 04 04 80",""
2309,12416,"PACKET","IN",207,45,"PlayerSync","id=207 bytes=45","cf 46 00 ef 7f e7 ff c0 00 3d 46 5d 70 c1 12 c8 d1 4e 17 5f 50 84 00 00 00 00 cc f3 c0 00 01 33 95 a4 fb 45 1d 33 b7 1e 8d ab 04 08 80",""
2310,12416,"PACKET","IN",207,45,"PlayerSync","id=207 bytes=45","cf 70 00 ec ff e1 ff c0 00 3a 24 e3 70 ee 95 c9 91 6a 23 5e 90 80 00 00 00 00 8e e7 00 00 01 d4 de 1c f2 61 fc 00 03 fd fd 00 00 00 80",""
2311,12442,"PACKET","IN",207,35,"PlayerSync","id=207 bytes=35","cf 7e 00 00 00 13 27 28 30 cd 86 09 d1 7b 67 1f 10 84 00 00 00 01 42 b3 94 00 00 00 00 00 01 28 00 04 11",""
2312,12442,"PACKET","IN",207,45,"PlayerSync","id=207 bytes=45","cf 1a 00 fd 7f f2 bf c2 00 28 09 6c 30 fb 79 09 91 6e 87 a0 50 84 00 00 00 03 3d 55 80 00 02 84 58 60 f5 55 08 a7 c3 fd fd c8 04 04 80",""
2313,12443,"RPC","IN",105,19,"TextDrawSetString","id=105 bytes=19","2f 01 0f 00 30 39 20 41 67 75 73 74 75 73 20 32 30 32 36",""
2314,12443,"RPC","IN",105,12,"TextDrawSetString","id=105 bytes=12","30 01 08 00 31 32 3a 30 31 3a 35 39",""
2315,12463,"PACKET","IN",207,45,"PlayerSync","id=207 bytes=45","cf 1a 00 fd ff f1 bf c2 00 23 09 ec 30 d7 79 49 91 5b 07 a0 50 84 00 00 00 03 51 49 80 00 01 f5 14 60 f5 55 08 a7 c3 fd fd c8 04 04 80",""
2316,12464,"PACKET","IN",200,44,"VehicleSync","id=200 bytes=44","c8 38 00 30 00 80 ff 00 00 00 00 02 60 61 50 45 af cd ca fa bc 36 2b 12 64 56 d0 b8 14 24 da 32 d3 ed 9c 13 f1 23 f8 15 a0 5d f0 00",""
2317,12464,"PACKET","IN",207,45,"PlayerSync","id=207 bytes=45","cf 46 00 ef 7f e7 ff c0 00 08 53 9d 70 d7 14 48 d1 63 f2 1f 50 84 00 00 00 00 cc f3 c0 00 02 c0 bd 94 fb 41 19 03 bc 7a 6d ab 04 08 80",""
2318,12464,"PACKET","IN",207,35,"PlayerSync","id=207 bytes=35","cf 54 00 00 00 05 77 63 70 c5 21 c9 91 65 24 1e 90 80 00 00 00 00 12 8e c0 00 00 00 00 00 01 28 00 04 11",""
2319,12464,"PACKET","IN",207,45,"PlayerSync","id=207 bytes=45","cf 1a 00 fd ff f1 7f c2 00 1d ca 6c 30 f3 79 49 91 47 87 a0 50 84 00 00 00 02 9d 49 80 00 01 df a4 60 f5 55 08 a7 c3 fd fd c8 04 04 80",""
2320,12464,"PACKET","IN",207,45,"PlayerSync","id=207 bytes=45","cf 46 00 ef 7f e7 ff c0 00 0a 99 1d 70 c2 95 08 d1 52 bb 1f 50 84 00 00 00 00 cc f3 c0 00 02 5e 2d 8c f9 d9 1b bb bd 46 5d ab 04 08 80",""
2321,12464,"PACKET","IN",207,45,"PlayerSync","id=207 bytes=45","cf 70 00 e0 7f e4 bf c0 00 3a 24 e3 70 ff 55 c9 91 62 23 5e 90 80 00 00 00 00 ba 6b 00 00 01 d0 86 54 f3 fd ff ff ff fd fd 00 00 00 80",""
2322,12464,"RPC","IN",87,2,"ClearPlayerAnimation","id=87 bytes=2","7c 00",""
2323,12465,"RPC","IN",86,29,"ApplyPlayerAnimation","id=86 bytes=29","7c 00 05 43 41 52 52 59 0b 63 72 72 79 5f 70 72 74 69 61 6c 33 33 83 40 00 00 00 00 00",""
2324,12465,"RPC","IN",99,42,"MoveObject","id=99 bytes=42","a0 00 f8 e3 a1 c3 d7 9b 26 45 53 c5 7d 42 f8 e3 a1 c3 d7 9b 26 45 ed 5e 7b 42 00 00 80 3e 00 00 00 00 00 00 00 00 08 cc 84 43",""
2325,12488,"RPC","IN",122,2,"StopObject","id=122 bytes=2","a0 00",""
2326,12488,"RPC","IN",99,42,"MoveObject","id=99 bytes=42","a0 00 f8 e3 a1 c3 d7 9b 26 45 53 c5 7d 42 f8 e3 a1 c3 d7 9b 26 45 53 c5 7d 42 00 00 80 3e 00 00 00 00 00 00 00 00 08 cc 84 43",""
2327,12488,"RPC","IN",122,2,"StopObject","id=122 bytes=2","a0 00",""
2328,12488,"RPC","IN",99,42,"MoveObject","id=99 bytes=42","a0 00 f8 e3 a1 c3 d7 9b 26 45 53 c5 7d 42 f8 e3 a1 c3 d7 9b 26 45 ed 5e 7b 42 00 00 80 3e 00 00 00 00 00 00 00 00 08 cc 84 43",""
2329,12488,"RPC","IN",122,2,"StopObject","id=122 bytes=2","a0 00",""
2330,12488,"RPC","IN",99,42,"MoveObject","id=99 bytes=42","a0 00 f8 e3 a1 c3 d7 9b 26 45 53 c5 7d 42 f8 e3 a1 c3 d7 9b 26 45 53 c5 7d 42 00 00 80 3e 00 00 00 00 00 00 00 00 08 cc 84 43",""
2331,12488,"RPC","IN",122,2,"StopObject","id=122 bytes=2","a0 00",""
2332,12488,"RPC","IN",99,42,"MoveObject","id=99 bytes=42","a0 00 f8 e3 a1 c3 d7 9b 26 45 53 c5 7d 42 f8 e3 a1 c3 d7 9b 26 45 ed 5e 7b 42 00 00 80 3e 00 00 00 00 00 00 00 00 08 cc 84 43",""
2333,12489,"RPC","IN",122,2,"StopObject","id=122 bytes=2","a0 00",""
2334,12489,"RPC","IN",99,42,"MoveObject","id=99 bytes=42","a0 00 f8 e3 a1 c3 d7 9b 26 45 53 c5 7d 42 f8 e3 a1 c3 d7 9b 26 45 53 c5 7d 42 00 00 80 3e 00 00 00 00 00 00 00 00 08 cc 84 43",""
2335,12489,"RPC","IN",122,2,"StopObject","id=122 bytes=2","a0 00",""
2336,12489,"RPC","IN",99,42,"MoveObject","id=99 bytes=42","a0 00 f8 e3 a1 c3 d7 9b 26 45 53 c5 7d 42 f8 e3 a1 c3 d7 9b 26 45 ed 5e 7b 42 00 00 80 3e 00 00 00 00 00 00 00 00 08 cc 84 43",""
2337,12489,"RPC","IN",122,2,"StopObject","id=122 bytes=2","a0 00",""
2338,12489,"RPC","IN",99,42,"MoveObject","id=99 bytes=42","a0 00 f8 e3 a1 c3 d7 9b 26 45 53 c5 7d 42 f8 e3 a1 c3 d7 9b 26 45 53 c5 7d 42 00 00 80 3e 00 00 00 00 00 00 00 00 08 cc 84 43",""
2339,12489,"RPC","IN",122,2,"StopObject","id=122 bytes=2","a0 00",""
2340,12489,"RPC","IN",99,42,"MoveObject","id=99 bytes=42","a0 00 f8 e3 a1 c3 d7 9b 26 45 53 c5 7d 42 f8 e3 a1 c3 d7 9b 26 45 ed 5e 7b 42 00 00 80 3e 00 00 00 00 00 00 00 00 08 cc 84 43",""
2341,12489,"RPC","IN",122,2,"StopObject","id=122 bytes=2","a0 00",""
2342,12489,"RPC","IN",99,42,"MoveObject","id=99 bytes=42","a0 00 f8 e3 a1 c3 d7 9b 26 45 53 c5 7d 42 f8 e3 a1 c3 d7 9b 26 45 53 c5 7d 42 00 00 80 3e 00 00 00 00 00 00 00 00 08 cc 84 43",""
2343,12489,"PACKET","IN",207,35,"PlayerSync","id=207 bytes=35","cf 29 00 00 00 28 26 a8 30 d1 15 49 d1 7b 67 1f 10 84 00 00 00 03 a9 ff c0 00 00 00 00 00 01 28 00 04 11",""
2344,12510,"PACKET","IN",207,45,"PlayerSync","id=207 bytes=45","cf 1a 00 fd ff f1 3f c0 00 19 0a ec 30 cf 79 89 91 74 07 60 50 84 00 00 00 01 f1 49 80 00 01 8f c8 60 f5 55 08 a7 c3 fd fd c8 04 04 80",""
2345,12510,"PACKET","IN",207,45,"PlayerSync","id=207 bytes=45","cf 70 00 de 7f e5 3f c0 00 3a 24 e3 70 d8 96 09 91 56 23 5e 90 80 00 00 00 03 8a 3b 00 00 02 f9 4f d0 f3 fd ff ff ff fd fd 00 00 00 80",""
2346,12511,"PACKET","IN",203,34,"AimSync","id=203 bytes=34","cb 70 00 04 8b dd 6d 3f 0e ad f4 bd b5 1d b3 be bf 76 8e c3 e1 5a 26 45 f1 b4 7f 42 00 00 00 00 3f c6",""
2347,12511,"PACKET","IN",207,35,"PlayerSync","id=207 bytes=35","cf 7c 00 00 00 35 a2 e2 70 da 28 89 91 5f 9d de 90 80 00 00 00 01 98 6a 40 00 00 00 00 00 01 fb 04 e8 80",""
2348,12511,"PACKET","IN",203,34,"AimSync","id=203 bytes=34","cb 7c 00 04 02 f7 74 bf 79 1f 40 3e 4a 06 63 be 05 13 89 c3 71 9f 26 45 d9 bd 7d 42 00 00 00 00 3f 20",""
2349,12511,"PACKET","IN",207,41,"PlayerSync","id=207 bytes=41","cf 92 00 00 00 2d ca a3 30 c8 59 09 91 6e 1f 1e 90 84 00 00 00 02 9b 21 c0 00 03 ff 2f 30 e5 90 0e e5 8b fd fd a5 04 04 80",""
2350,12511,"RPC","IN",86,27,"ApplyPlayerAnimation","id=86 bytes=27","27 00 07 42 44 5f 46 49 52 45 07 77 61 73 68 5f 75 70 33 33 83 40 80 00 00 00 00",""
2351,12511,"PACKET","IN",207,45,"PlayerSync","id=207 bytes=45","cf 1a 00 fd ff f0 ff c0 00 14 4b 6c 30 eb 79 89 91 60 87 60 50 84 00 00 00 01 49 49 80 00 03 7f e8 60 f5 55 08 a7 c3 fd fd c8 04 04 80",""
2352,12511,"PACKET","IN",207,45,"PlayerSync","id=207 bytes=45","cf 46 00 ef 7f e7 ff c0 00 0b 1e 9d 70 ed d5 88 d1 79 82 5f 90 84 00 00 00 00 cc f3 c0 00 02 14 79 88 f8 a5 1a 13 c1 ce 4d ab 04 08 80",""
2353,12512,"PACKET","IN",207,45,"PlayerSync","id=207 bytes=45","cf 70 00 dd 7f e5 bf c0 00 3a 24 e3 70 fb 56 09 91 50 23 5e 90 80 00 00 00 01 c6 1f 00 00 01 d2 30 a4 f7 fd ff ff ff fd fd 00 00 00 80",""
2354,12512,"PACKET","IN",207,45,"PlayerSync","id=207 bytes=45","cf 46 00 ef 7f e7 ff c0 00 32 a4 dd 70 f5 16 48 d1 47 49 1f 90 84 00 00 00 00 cc f3 c0 00 01 d2 ed 80 fb 85 14 47 c7 76 39 ab 04 08 80",""
2355,12512,"PACKET","IN",207,41,"PlayerSync","id=207 bytes=41","cf 70 00 00 00 3a 24 e3 70 e4 d6 49 91 50 23 5e 90 80 00 00 00 01 c6 1f 00 00 00 d0 ad 20 f7 fd ff ff ff fd fd 00 00 00 80",""
2356,12533,"PACKET","IN",207,45,"PlayerSync","id=207 bytes=45","cf 1a 00 fe 7f f0 ff c0 00 10 0b ec 30 c7 79 c9 91 4d 87 60 50 84 00 00 00 01 5d 41 80 00 00 5c 0c 64 f5 55 08 a7 c3 fd fd c8 04 04 80",""
2357,12533,"PACKET","IN",200,44,"VehicleSync","id=200 bytes=44","c8 38 00 30 00 80 ff 00 00 00 00 00 10 61 20 44 ef bf 68 4a bc 32 fa 92 64 58 70 d8 14 2d 99 42 a3 eb 9c 8a b1 69 a8 05 a0 5d f0 00",""
2358,12533,"PACKET","IN",207,35,"PlayerSync","id=207 bytes=35","cf 5b 00 00 00 0e fc 66 b0 e8 7d 89 91 7b 67 1f 10 84 00 00 00 01 0a e2 00 00 00 00 00 00 01 a5 04 e8 80",""
2359,12533,"RPC","IN",87,2,"ClearPlayerAnimation","id=87 bytes=2","2d 00",""
2360,12533,"RPC","IN",86,29,"ApplyPlayerAnimation","id=86 bytes=29","2d 00 05 43 41 52 52 59 0b 63 72 72 79 5f 70 72 74 69 61 6c 33 33 83 40 00 00 00 00 00",""
2361,12533,"PACKET","IN",207,45,"PlayerSync","id=207 bytes=45","cf 1a 00 fe 7f f0 bf c0 01 0b 8c 6c 30 e3 79 c9 91 7a 07 20 50 84 00 00 00 00 d9 41 80 00 02 21 7c 64 f5 55 08 a7 c3 fd fd c8 04 04 80",""
2362,12534,"PACKET","IN",207,45,"PlayerSync","id=207 bytes=45","cf 46 00 ef 7f e7 ff c0 00 0e f1 1d 70 ee 17 c8 d1 5e 4f df 90 84 00 00 00 00 cc f3 c0 00 02 bf b5 78 fa 31 16 db c4 12 19 ab 04 08 80",""
2363,12550,"PACKET","OUT",203,32,"AimSync","id=203 bytes=32","cb 00 00 00 39 05 00 00 00 00 00 00 00 00 00 00 00 40 01 00 00 00 80 3f 00 00 f3 04 b5 3f 39 05",""
2364,12556,"PACKET","IN",207,45,"PlayerSync","id=207 bytes=45","cf 1a 00 fe ff f0 3f c2 00 37 0c ac 30 fb f9 c9 91 69 07 20 50 84 00 00 00 00 49 39 80 00 01 22 b0 14 f5 55 08 a7 c3 fd fd c8 04 04 80",""
2365,12557,"PACKET","IN",207,35,"PlayerSync","id=207 bytes=35","cf 51 00 00 00 1b 0a e3 30 cf a8 49 91 58 dd 9e 90 84 00 00 00 01 37 17 c0 00 00 00 00 00 01 28 00 04 11",""
2366,12557,"RPC","IN",60,4,"SendGameTimeUpdate","id=60 bytes=4","c0 e6 99 03",""
2367,12578,"PACKET","IN",207,45,"PlayerSync","id=207 bytes=45","cf 1a 00 ff 7f f0 3f ca 00 2b 4d 2c 30 d6 7a 09 91 56 87 20 50 84 00 00 00 00 ad 31 80 00 03 f5 e8 40 f5 55 08 a7 c3 fd fd c8 04 04 80",""
2368,12578,"PACKET","IN",207,35,"PlayerSync","id=207 bytes=35","cf 1f 00 00 00 26 a3 e3 70 c2 1d 89 91 42 a3 5e 90 80 00 00 00 02 c2 27 00 00 00 00 00 00 01 28 00 04 11",""
2369,12578,"PACKET","IN",207,45,"PlayerSync","id=207 bytes=45","cf 46 00 ef 7f e7 ff c0 00 3d f6 5d 70 d7 58 88 d1 5c 90 9f 90 84 00 00 00 00 cc f3 c0 00 03 a5 e1 78 f9 f5 17 4f c7 fe 05 ab 04 08 80",""
2370,12579,"PACKET","IN",207,35,"PlayerSync","id=207 bytes=35","cf 4d 00 00 00 02 00 23 30 e6 e4 09 91 70 1e 9e 90 84 00 00 00 03 da d0 80 00 00 00 00 00 01 a5 04 04 80",""
2371,12579,"PACKET","IN",207,45,"PlayerSync","id=207 bytes=45","cf 1a 00 ff 7f f0 3f c0 00 29 cd ac 30 f3 3a 09 91 42 c7 20 50 84 00 00 00 00 ad 31 80 00 00 b3 8c 6c f5 55 08 a7 c3 fd fd ad 04 08 80",""
2372,12579,"PACKET","IN",207,45,"PlayerSync","id=207 bytes=45","cf 46 00 ef 7f e7 ff c0 00 2a fb dd 70 c0 59 48 d1 5c 0f df 90 84 00 00 00 00 cc f3 c0 00 02 a8 f1 78 f9 f5 17 4b c7 e1 f5 ab 04 08 80",""
2373,12599,"PACKET","IN",207,35,"PlayerSync","id=207 bytes=35","cf 2d 00 00 00 3c 58 68 30 c1 50 49 d1 7b 67 1f 10 84 00 00 00 02 aa b3 c0 00 00 00 00 00 01 a5 04 e8 80",""
2374,12624,"PACKET","IN",207,35,"PlayerSync","id=207 bytes=35","cf 02 00 00 00 2d a2 e3 70 ee 9a 89 91 77 a3 1e 90 80 00 00 00 00 8a aa c0 00 00 00 00 00 01 28 00 04 11",""
2375,12625,"PACKET","IN",207,45,"PlayerSync","id=207 bytes=45","cf 1a 00 ff 7f f0 3f c0 00 07 0e 6c 30 d6 fa 49 91 6a 06 e0 50 84 00 00 00 00 ad 31 80 00 01 12 c5 08 f5 55 08 a7 c3 fd fd ad 04 08 80",""
2376,12625,"PACKET","IN",200,44,"VehicleSync","id=200 bytes=44","c8 38 00 30 00 80 ff 00 00 00 00 03 80 61 00 4f 6f 99 75 1a bc 38 9a 02 64 54 a0 e8 14 24 a8 22 83 e0 1c f4 b1 b0 88 05 a0 5d f0 00",""
2377,12625,"PACKET","IN",207,45,"PlayerSync","id=207 bytes=45","cf 46 00 ef 7f e7 ff c0 00 11 81 5d b0 e8 59 c8 d1 60 8d 9f 90 84 00 00 00 00 cc f3 c0 00 02 fc e1 78 fa 31 16 db c7 d5 e5 ab 04 08 80",""
2378,12625,"PACKET","IN",207,41,"PlayerSync","id=207 bytes=41","cf 70 00 00 00 3a 24 e3 70 cd d7 c9 91 50 23 5e 90 80 00 00 00 01 c6 1f 00 00 00 7d f2 88 f7 fd ff ff ff fd fd 00 00 00 80",""
2379,12625,"PACKET","IN",207,45,"PlayerSync","id=207 bytes=45","cf 1a 00 ff 7f f0 3f c0 00 01 4f 2c 30 c1 3a 89 91 4d 06 e0 50 84 00 00 00 00 ad 31 80 00 00 0f 11 98 f5 55 08 a7 c3 fd fd ad 04 08 80",""
2380,12626,"PACKET","IN",207,45,"PlayerSync","id=207 bytes=45","cf 46 00 ef 7f e7 ff c0 00 1a c7 9d b0 ec 1a 88 d1 43 c9 1f 90 84 00 00 00 00 cc f3 c0 00 02 05 e9 78 fa c1 15 c3 c5 35 d5 ab 04 08 80",""
2381,12626,"PACKET","IN",207,45,"PlayerSync","id=207 bytes=45","cf 1a 00 ff 7f f0 3f c0 00 16 0f ec 30 f1 7a 89 91 6b 86 a0 50 84 00 00 00 00 ad 31 80 00 02 1e f2 0c f5 55 08 a7 c3 fd fd ad 04 08 80",""
2382,12644,"PACKET","IN",207,45,"PlayerSync","id=207 bytes=45","cf 46 00 ef 7f e7 ff c0 00 1c 8d dd b0 ee db 48 d1 6c 42 5f 90 84 00 00 00 00 cc f3 c0 00 03 00 19 7c fb 9d 14 17 c6 c9 c1 ab 04 08 80",""
2383,12666,"PACKET","IN",207,45,"PlayerSync","id=207 bytes=45","cf 1a 00 ff 7f f0 3f c0 00 03 90 ec 30 e7 7a c9 91 46 06 a0 50 84 00 00 00 00 ad 31 80 00 03 8a ca 48 f5 55 08 a7 c3 fd fd ad 04 08 80",""
2384,12667,"PACKET","IN",207,41,"PlayerSync","id=207 bytes=41","cf 92 00 00 00 3b 8a a3 30 cf 19 09 91 6e df 1e 90 84 00 00 00 02 9b 21 c0 00 01 26 8c 00 ed e1 58 4b e7 fd fd a5 04 04 80",""
2385,12667,"PACKET","IN",203,34,"AimSync","id=203 bytes=34","cb 92 00 04 5c 82 c5 be a9 c9 6a 3f 37 40 cd bd 0c d2 8b c3 bb 49 26 45 a6 9b 7d 42 00 00 00 00 3f 37",""
2386,12667,"PACKET","IN",207,45,"PlayerSync","id=207 bytes=45","cf 1a 00 ff 7f f0 3f c0 00 06 d1 ec 30 e2 7b 09 91 5d 46 60 50 84 00 00 00 00 ad 31 80 00 03 c1 5e 80 f5 55 08 a7 c3 fd fd ad 04 08 80",""
2387,12667,"PACKET","IN",207,35,"PlayerSync","id=207 bytes=35","cf 3d 00 00 00 32 67 a8 30 d0 79 49 91 7b 67 1f 10 84 00 00 00 00 e6 f1 c0 00 00 00 00 00 01 28 00 04 11",""
2388,12667,"PACKET","IN",207,45,"PlayerSync","id=207 bytes=45","cf 46 00 ef 7f e7 ff c0 00 2d 54 1d b0 f3 5c 08 d1 79 f9 9f 50 84 00 00 00 00 cc f3 c0 00 01 5b 7d 7c f8 c9 19 d3 c0 65 b1 ab 04 08 80",""
2389,12668,"PACKET","IN",207,41,"PlayerSync","id=207 bytes=41","cf 70 00 00 00 1e a4 e3 70 cd d7 c9 91 4e e3 5e 90 80 00 00 00 01 c6 1f 00 00 01 b9 28 3c ef cb fe 26 0f fd fd 00 00 00 80",""
2390,12668,"PACKET","IN",207,37,"PlayerSync","id=207 bytes=37","cf 85 00 c0 7f 80 00 22 95 25 b0 fc 7f c9 91 6c 24 9f 10 80 00 00 00 02 33 51 80 00 00 00 00 00 01 28 00 04 11",""
2391,12692,"PACKET","IN",207,45,"PlayerSync","id=207 bytes=45","cf 1a 00 ff 7f f0 3f c0 00 21 52 ec 30 e2 bb 49 91 70 86 20 50 84 00 00 00 00 ad 31 80 00 02 d2 72 b8 f5 55 08 a7 c3 fd fd ad 04 08 80",""
2392,12693,"PACKET","IN",207,45,"PlayerSync","id=207 bytes=45","cf 46 00 ef 7f e7 ff c0 00 24 1b 1d b0 cc 1d 08 d1 64 ed 9f 50 84 00 00 00 00 cc f3 c0 00 01 6c 91 84 fa 65 1a ab bc 69 9d ab 04 08 80",""
2393,12693,"PACKET","IN",207,35,"PlayerSync","id=207 bytes=35","cf 60 00 00 00 01 5b 23 b0 d7 8c c9 91 41 6c 5e 90 84 00 00 00 03 e6 19 c0 00 00 00 00 00 01 fb 04 04 80",""
2394,12693,"PACKET","IN",200,44,"VehicleSync","id=200 bytes=44","c8 38 00 30 00 80 ff 00 00 00 00 0e 00 6c 70 37 5f 89 e1 aa bc 35 09 82 64 56 90 d8 14 2a bc 02 63 ea 4d 4f c1 f6 27 f5 a0 5d f0 00",""
2395,12716,"PACKET","IN",207,45,"PlayerSync","id=207 bytes=45","cf 1a 00 ff 7f f0 3f c0 00 17 14 6c 30 f7 bb 89 91 75 c5 e0 50 84 00 00 00 00 ad 31 80 00 02 16 23 a0 f5 55 08 a7 c3 fd fd ad 04 08 80",""
2396,12717,"PACKET","IN",207,45,"PlayerSync","id=207 bytes=45","cf 46 00 ef 7f e7 ff c0 00 30 e2 1d b0 e7 9d c8 d1 5a de df 50 84 00 00 00 00 cc f3 c0 00 03 43 1d 88 f8 61 1e cf b8 9d 89 ab 04 08 80",""
2397,12717,"PACKET","IN",207,45,"PlayerSync","id=207 bytes=45","cf 1a 00 ff 7f f0 3f c0 00 1a d5 ec 30 cf fc 09 91 78 85 a0 50 84 00 00 00 00 ad 31 80 00 02 da 73 bc f5 55 08 a7 c3 fd fd ad 04 08 80",""
2398,12717,"PACKET","IN",207,45,"PlayerSync","id=207 bytes=45","cf 46 00 ef 7f e7 ff c0 00 2e 27 9d b0 d2 5e 88 d1 48 91 df 50 84 00 00 00 00 cc f3 c0 00 00 c9 31 90 fa 25 1f 5f b5 89 79 ab 04 08 80",""
2399,12717,"PACKET","IN",207,35,"PlayerSync","id=207 bytes=35","cf 55 00 00 00 3e e0 24 70 de 62 c9 91 5c e2 9f 90 84 00 00 00 02 61 2b c0 00 00 00 00 00 01 a8 04 04 18",""
2400,12717,"PACKET","OUT",207,69,"PlayerSync","id=207 bytes=69","cf 00 00 00 00 00 00 67 0a 9b c3 6b 06 27 45 ed 9c 7c 42 11 b2 39 3f 00 00 00 80 00 00 00 00 14 38 30 bf 64 00 04 00 00 00 00 00 00 00 00 00 00 00 00 00 00 00 00 00 00 00 00 00 00 00 00 00 00 00 28 00 04 11",""
2401,12741,"PACKET","IN",207,35,"PlayerSync","id=207 bytes=35","cf 76 00 00 00 0e 87 a2 f0 c1 28 c9 91 5a 1c 1e 90 84 00 00 00 03 6c 9f 40 00 00 00 00 00 01 00 00 00 80",""
2402,12741,"PACKET","IN",207,45,"PlayerSync","id=207 bytes=45","cf 1a 00 ff 7f f0 3f c0 00 1f 17 6c 30 e8 3c 49 91 7b 85 60 50 84 00 00 00 00 ad 31 80 00 02 c6 73 bc f5 55 08 a7 c3 fd fd ad 04 08 80",""
2403,12763,"PACKET","IN",207,45,"PlayerSync","id=207 bytes=45","cf 1a 00 ff 7f f0 3f c0 00 22 18 ec 30 c0 3c c9 91 7e 85 20 50 84 00 00 00 00 ad 31 80 00 02 f2 73 bc f5 55 08 a7 c3 fd fd ad 04 08 80",""
2404,12764,"PACKET","IN",200,44,"VehicleSync","id=200 bytes=44","c8 38 00 30 00 80 ff 00 00 00 00 0a 80 77 20 30 ef 75 fe 9a ac 3a c9 12 64 57 30 b8 14 2c d5 82 53 e0 dd 91 02 4e d7 e5 a0 5d f0 00",""
2405,12764,"PACKET","IN",207,45,"PlayerSync","id=207 bytes=45","cf 46 00 ef 7f e7 ff c0 00 1f ee 5d b0 e2 df 48 d1 45 bf 9f 10 84 00 00 00 00 cc f3 c0 00 00 59 b5 98 f8 89 22 b7 b3 99 65 ab 04 08 80",""
2406,12764,"PACKET","IN",207,41,"PlayerSync","id=207 bytes=41","cf 70 00 00 00 1c 24 e3 70 c3 57 c9 91 4e a3 5e 90 80 00 00 00 01 c6 1f 00 00 03 72 32 90 eb b7 fc f2 13 fd fd 00 00 00 80",""
2407,12791,"PACKET","IN",207,45,"PlayerSync","id=207 bytes=45","cf 1a 00 ff 7f f0 3f c0 00 24 1a 6c 30 d7 fd 09 91 41 85 20 50 84 00 00 00 00 ad 31 80 00 02 c6 73 bc f5 55 08 a7 c3 fd fd ad 04 08 80",""
2408,12791,"PACKET","IN",207,45,"PlayerSync","id=207 bytes=45","cf 46 00 ef 7f e7 ff c0 00 2d 73 dd b0 cf a0 08 d1 46 6e df 10 84 00 00 00 00 cc f3 c0 00 00 25 ad a0 fa b5 22 7f ad 21 59 ab 04 08 80",""
2409,12792,"PACKET","IN",207,45,"PlayerSync","id=207 bytes=45","cf 1a 00 ff 7f f0 3f c0 00 16 5c ac 30 d7 bd 89 91 61 d1 60 50 84 00 00 00 00 ad 31 80 00 03 4d 8d 48 fb e1 33 43 73 7b 1d ab 04 08 80",""
2410,12792,"PACKET","IN",207,45,"PlayerSync","id=207 bytes=45","cf 46 00 ed ff e7 ff c2 00 3e f9 9d b0 c4 a0 c8 d1 77 5b 5f 10 84 00 00 00 00 cc f3 c0 00 00 56 e1 a8 f9 25 25 c3 aa 69 49 ac 04 64 80",""
2411,12792,"PACKET","IN",207,37,"PlayerSync","id=207 bytes=37","cf 85 00 c0 00 00 00 22 95 25 b0 fc 7f c9 91 6c 24 9f 10 80 00 00 00 02 33 51 80 00 00 00 00 00 01 28 00 04 11",""
2412,12792,"PACKET","IN",207,41,"PlayerSync","id=207 bytes=41","cf 92 00 00 00 1c 4a e3 30 de 19 09 91 70 5f 1e 90 84 00 00 00 02 9b 21 c0 00 01 31 98 98 ee e5 8a 6b f3 fd fd a5 04 04 80",""
2413,12812,"PACKET","IN",207,45,"PlayerSync","id=207 bytes=45","cf 1a 00 ff 7f f0 3f c0 00 3a 5d 2c 30 fc fd 89 91 7f 1c e0 50 84 00 00 00 00 ad 31 80 00 02 be b7 d0 f5 4d 9a ca b9 7f d1 ab 04 08 80",""
2414,12812,"PACKET","IN",207,45,"PlayerSync","id=207 bytes=45","cf 70 00 ff 7f fa 3f c0 00 15 64 e3 70 c5 17 c9 91 4e 63 5e 90 80 00 00 00 01 c6 1f 00 00 00 a9 10 48 e0 00 00 6e 03 fd fd 00 00 00 80",""
2415,12812,"PACKET","IN",207,45,"PlayerSync","id=207 bytes=45","cf 1a 00 ff 7f f0 3f c0 00 1f dd ec 30 e2 bd c9 91 7d 27 e0 50 84 00 00 00 00 ad 31 80 00 01 18 63 a0 f7 b9 90 ea c4 07 cd ab 04 08 80",""
2416,12812,"PACKET","IN",207,45,"PlayerSync","id=207 bytes=45","cf 46 00 ed ff e7 ff c0 00 19 c2 5d f0 d0 61 c8 d1 4a fb 1e d0 84 00 00 00 00 cc f3 c0 00 03 ee 05 b8 f9 05 2a 3b a1 7d 35 ac 04 64 80",""
2417,12813,"PACKET","IN",207,45,"PlayerSync","id=207 bytes=45","cf 70 00 fe ff f5 7f c0 00 15 a4 e3 70 c5 17 c9 91 4e 63 5e 90 80 00 00 00 01 c6 1f 00 00 00 b4 a0 80 e0 00 00 76 03 fd fd 00 00 00 80",""
2418,12813,"RPC","IN",87,2,"ClearPlayerAnimation","id=87 bytes=2","0b 00",""
2419,12813,"RPC","IN",86,29,"ApplyPlayerAnimation","id=86 bytes=29","0b 00 05 43 41 52 52 59 0b 63 72 72 79 5f 70 72 74 69 61 6c 33 33 83 40 00 00 00 00 00",""
2420,12835,"PACKET","IN",207,35,"PlayerSync","id=207 bytes=35","cf 63 00 00 00 35 23 63 70 dd 23 09 91 54 21 9e 90 80 00 00 00 02 22 63 80 00 00 00 00 00 01 28 00 04 11",""
2421,12836,"PACKET","IN",207,45,"PlayerSync","id=207 bytes=45","cf 1a 00 ff 7f f0 3f c0 00 04 5e ac 30 c8 3e 09 91 70 f2 20 50 84 00 00 00 00 ad 31 80 00 00 0f 0b 6c f5 a5 8f fa cd a7 c5 ab 04 08 80",""
2422,12836,"PACKET","IN",207,35,"PlayerSync","id=207 bytes=35","cf 1c 00 00 00 2d 1d 28 30 f6 cc c9 d1 7b 67 1f 10 84 00 00 00 00 65 93 00 00 00 00 00 00 01 28 00 04 11",""
2423,12836,"PACKET","IN",200,44,"VehicleSync","id=200 bytes=44","c8 38 00 30 00 00 00 00 00 08 00 09 10 89 00 35 4f 56 4a da ac 32 38 a2 64 54 e0 88 14 2b 45 52 d3 ec ed 9c d2 4e 57 e5 a0 5d f0 00",""
2424,12836,"PACKET","IN",207,45,"PlayerSync","id=207 bytes=45","cf 46 00 ed ff e7 ff c0 00 07 09 dd f0 f7 a2 88 d1 67 e3 9e d0 84 00 00 00 00 cc f3 c0 00 01 26 d5 68 f9 ed 17 5b c7 fd fd ac 04 64 80",""
2425,12836,"PACKET","IN",207,35,"PlayerSync","id=207 bytes=35","cf 97 00 00 00 3d e7 a8 30 e4 09 c9 d1 7b 67 1f 10 84 00 00 00 00 0f 03 e8 00 00 00 00 00 01 28 00 04 11",""
2426,12860,"PACKET","IN",207,45,"PlayerSync","id=207 bytes=45","cf 1a 00 ff 7f f0 3f c0 00 29 9f 2c 30 ed be 09 91 73 fb a0 50 84 00 00 00 00 ad 31 80 00 03 82 4b 3c f6 f1 84 2e de 17 bd ab 04 08 80",""
2427,12860,"PACKET","IN",207,45,"PlayerSync","id=207 bytes=45","cf 70 00 fd 7f f0 7f c0 00 32 65 23 70 ff 57 89 91 52 a3 5e 90 80 00 00 00 01 c6 1f 00 00 02 1e 60 c4 f0 40 36 a5 1f fd fd 00 00 00 80",""
2428,12861,"PACKET","IN",207,39,"PlayerSync","id=207 bytes=39","cf 85 00 c0 00 60 3f c0 00 22 95 25 b0 fc 7f c9 91 6c 24 9f 10 80 00 00 00 02 33 51 80 00 00 00 00 00 01 28 00 04 11",""
2429,12861,"PACKET","IN",207,41,"PlayerSync","id=207 bytes=41","cf 70 00 00 00 34 65 63 70 fb 57 89 91 55 a3 5e 90 80 00 00 00 01 c6 1f 00 00 02 5a 60 c4 f0 40 36 a5 1f fd fd 00 00 00 80",""
2430,12861,"PACKET","IN",207,41,"PlayerSync","id=207 bytes=41","cf 92 00 00 00 2c ca e3 30 e9 19 09 91 71 1f 1e 90 84 00 00 00 02 9b 21 c0 00 00 20 cd 34 ee 35 a8 bf fb fd fd a5 04 04 80",""
2431,12883,"PACKET","IN",207,45,"PlayerSync","id=207 bytes=45","cf 1a 00 ff 7f f0 3f c0 00 0e 1f ec 30 d3 3e 49 91 72 04 60 90 84 00 00 00 00 ad 31 80 00 00 de bb 0c f7 95 7d 92 e9 23 b5 ab 04 08 80",""
2432,12883,"PACKET","IN",207,45,"PlayerSync","id=207 bytes=45","cf 46 00 ed ff e7 ff c0 00 0a 13 9d f0 e7 a3 c8 d1 48 64 5e d0 84 00 00 00 00 cc f3 c0 00 02 68 0f ec f5 ed 17 5b c7 fd fd ac 04 64 80",""
2433,12884,"RPC","IN",86,27,"ApplyPlayerAnimation","id=86 bytes=27","3d 00 07 42 44 5f 46 49 52 45 07 77 61 73 68 5f 75 70 33 33 83 40 80 00 00 00 00",""
2434,12911,"PACKET","IN",207,45,"PlayerSync","id=207 bytes=45","cf 1a 00 ff 7f f0 3f c0 00 32 60 6c 30 f8 7e 49 91 76 cc 60 90 84 00 00 00 00 ad 31 80 00 00 70 46 e0 f7 79 74 4e fa 6b a9 ab 04 08 80",""
2435,12912,"PACKET","IN",207,45,"PlayerSync","id=207 bytes=45","cf 46 00 ed ff e7 ff c0 00 28 96 9d f0 c8 a4 48 d1 7b a4 5e d0 84 00 00 00 00 cc f3 c0 00 02 c1 07 c4 f5 ed 17 5b c7 fd fd ac 04 64 80",""
2436,12912,"PACKET","IN",207,45,"PlayerSync","id=207 bytes=45","cf 1a 00 ff 7f f0 3f c4 00 32 60 6c 30 f8 7e 49 91 5d c7 20 90 84 00 00 00 00 1e e9 80 00 03 37 31 30 f7 fd ff fd fc 00 01 2a 04 04 80",""
2437,12912,"RPC","IN",86,27,"ApplyPlayerAnimation","id=86 bytes=27","4d 00 07 42 44 5f 46 49 52 45 07 77 61 73 68 5f 75 70 33 33 83 40 80 00 00 00 00",""
2438,12912,"PACKET","IN",207,45,"PlayerSync","id=207 bytes=45","cf 1a 00 ff 7f f0 3f c0 00 32 60 6c 30 f8 7e 49 91 4e 01 20 90 84 00 00 00 00 1e e9 80 00 02 9c 79 a0 f7 fd ff fd fc 00 01 2a 04 04 80",""
2439,12912,"PACKET","IN",200,44,"VehicleSync","id=200 bytes=44","c8 38 00 30 00 00 00 00 00 08 00 09 60 98 e0 4f 7f 34 37 0a ac 30 58 22 64 5e 80 58 14 22 69 13 73 e0 1d 71 f2 23 87 f5 a0 5d f0 00",""
2440,12913,"PACKET","IN",207,45,"PlayerSync","id=207 bytes=45","cf 46 00 ed ff e7 ff c0 00 29 d6 dd f0 d0 a4 48 d1 7f a4 5e d0 84 00 00 00 00 cc f3 c0 00 03 b4 18 68 f1 ed 17 5b c7 fd fd ac 04 64 80",""
2441,12913,"RPC","IN",16,16,"PlaySound","id=16 bytes=16","92 7e 00 00 00 00 00 00 00 00 00 00 00 00 00 00",""
2442,12913,"RPC","IN",134,80,"ShowTextDraw","id=134 bytes=80","37 08 11 9a 99 19 3f 00 00 00 40 1a ff 00 aa 92 24 69 42 00 00 a0 41 00 00 00 32 00 01 00 00 00 ff 04 00 00 00 59 43 00 00 b8 43 00 00 00 00 00 00 00 00 00 00 00 00 00 00 00 00 80 3f ff ff ff ff 0d 00 6c 64 5f 64 75 61 6c 3a 77 68 69 74 65",""
2443,12935,"PACKET","IN",207,45,"PlayerSync","id=207 bytes=45","cf 46 00 ed ff e7 7f c2 00 25 5a 1d f0 f5 24 88 d1 74 a4 9e d0 84 00 00 00 00 41 2f c0 00 01 33 fb d4 f5 ed 17 5b c7 fd fd ac 04 64 80",""
2444,12936,"RPC","IN",105,7,"TextDrawSetString","id=105 bytes=7","26 08 03 00 31 30 30",""
2445,12936,"RPC","IN",105,5,"TextDrawSetString","id=105 bytes=5","27 08 01 00 30",""
2446,12936,"RPC","IN",105,6,"TextDrawSetString","id=105 bytes=6","28 08 02 00 34 38",""
2447,12936,"RPC","IN",105,5,"TextDrawSetString","id=105 bytes=5","29 08 01 00 37",""
2448,12936,"RPC","IN",105,7,"TextDrawSetString","id=105 bytes=7","2a 08 03 00 31 30 30",""
2449,12936,"PACKET","IN",207,43,"PlayerSync","id=207 bytes=43","cf 1a 00 6e ff c0 00 32 60 6c 30 f8 7e 49 91 44 ba 60 50 84 00 00 00 00 1e e9 80 00 03 8e ee 04 f7 fd ff fd fc 00 01 df 04 02 80",""
2450,12936,"PACKET","IN",207,41,"PlayerSync","id=207 bytes=41","cf 70 00 00 00 26 65 e3 70 f4 17 89 91 5a e3 5e 90 80 00 00 00 01 c6 1f 00 00 01 05 9f 98 e8 40 36 a5 1f fd fd 00 00 00 80",""
2451,12961,"PACKET","IN",207,43,"PlayerSync","id=207 bytes=43","cf 1a 00 6e ff c0 00 32 60 6c 30 f8 7e 49 91 48 32 e0 50 84 00 00 00 00 1e e9 80 00 02 25 7e 3c f7 fd ff fd fc 00 01 e9 04 02 80",""
2452,12962,"PACKET","IN",207,45,"PlayerSync","id=207 bytes=45","cf 46 00 ed ff e7 7f c2 00 33 de 5d f0 da e5 08 d1 65 24 de d0 84 00 00 00 03 35 6b c0 00 02 91 ef dc f4 ec e3 f3 a7 fd fd ac 04 64 80",""
2453,12962,"PACKET","IN",207,35,"PlayerSync","id=207 bytes=35","cf 53 00 00 00 29 67 a8 30 de 18 09 d1 7a e7 1f 10 84 00 00 00 02 ba 42 c0 00 00 00 00 00 01 a5 04 04 80",""
2454,12962,"PACKET","IN",203,34,"AimSync","id=203 bytes=34","cb 53 00 04 11 68 75 bf b5 ad 88 3e 18 9b ca bd e7 f5 9e c3 af 51 27 45 00 31 80 42 00 00 00 00 3f 37",""
2455,12962,"PACKET","IN",207,35,"PlayerSync","id=207 bytes=35","cf 54 00 00 00 05 77 63 70 c5 21 c9 91 65 24 1e 90 80 00 00 00 00 12 8e c0 00 00 00 00 00 01 28 00 04 11",""
2456,12962,"PACKET","IN",207,43,"PlayerSync","id=207 bytes=43","cf 1a 00 6e ff c0 00 32 60 6c 30 f8 7e 49 91 51 ea a0 50 84 00 00 00 00 1e e9 80 00 01 7c 1a 74 f7 fd ff fd fc 00 01 e9 04 02 80",""
2457,12962,"PACKET","IN",207,35,"PlayerSync","id=207 bytes=35","cf 7e 00 00 00 13 27 28 30 cd 86 09 d1 7b 67 1f 10 84 00 00 00 01 42 b3 94 00 00 00 00 00 01 28 00 04 11",""
2458,12982,"PACKET","IN",207,45,"PlayerSync","id=207 bytes=45","cf 46 00 ed ff e7 7f c2 00 2a e5 9d f0 dd 25 88 d1 5a a5 1e d0 84 00 00 00 00 39 97 c0 00 00 f7 ff ec f4 64 af 27 7f fd fd ac 04 64 80",""
2459,12983,"PACKET","IN",207,41,"PlayerSync","id=207 bytes=41","cf 92 00 00 00 0b 8b 23 30 fb d9 09 91 72 9f 1e 90 84 00 00 00 02 9b 21 c0 00 03 8f fc fc ee e5 8a 6b f3 fd fd a5 04 04 80",""
2460,13009,"PACKET","IN",207,43,"PlayerSync","id=207 bytes=43","cf 1a 00 6e ff c0 00 32 60 6c 30 f8 7e 49 91 59 21 a0 50 84 00 00 00 00 1e e9 80 00 01 b2 ee a8 f7 fd ff fd fc 00 01 e9 04 02 80",""
2461,13010,"PACKET","IN",207,43,"PlayerSync","id=207 bytes=43","cf 1a 00 6e ff c0 00 32 60 6c 30 f8 7e 49 91 65 57 e0 50 84 00 00 00 00 1e e9 80 00 00 5d c6 e0 f7 fd ff fd fc 00 01 e9 04 02 80",""
2462,13010,"PACKET","IN",200,44,"VehicleSync","id=200 bytes=44","c8 38 00 30 00 00 00 00 00 08 00 0d b0 a4 10 50 df 35 03 2a ac 34 d7 92 64 54 00 48 14 2e ce 84 03 e3 dd 4a 11 f7 97 f5 a0 5d f0 00",""
2463,13010,"PACKET","IN",207,45,"PlayerSync","id=207 bytes=45","cf 46 00 ed ff e7 7f c2 00 2d 6d 5d f0 d2 e6 08 d1 45 25 5e d0 84 00 00 00 02 15 97 c0 00 03 4c a7 f4 f4 94 8c 6b 63 fd fd ac 04 64 80",""
2464,13032,"PACKET","IN",207,43,"PlayerSync","id=207 bytes=43","cf 1a 00 6e ff c0 00 32 60 6c 30 f8 7e 49 91 7d 8d 60 50 84 00 00 00 00 1e e9 80 00 00 c4 7b 18 f7 fd ff fd fc 00 01 e9 04 02 80",""
2465,13032,"PACKET","IN",207,41,"PlayerSync","id=207 bytes=41","cf 70 00 00 00 2b e7 e3 70 d4 17 89 91 72 a3 5e 90 80 00 00 00 01 c6 1f 00 00 01 7b fe cc f0 40 36 a5 1f fd fd 00 00 00 80",""
2466,13032,"PACKET","IN",207,35,"PlayerSync","id=207 bytes=35","cf 7c 00 00 00 35 a2 e2 70 da 28 89 91 5f 9d de 90 80 00 00 00 01 98 6a 40 00 00 00 00 00 01 fb 04 e8 80",""
2467,13033,"PACKET","IN",207,35,"PlayerSync","id=207 bytes=35","cf 29 00 00 00 28 26 a8 30 d1 15 49 d1 7b 67 1f 10 84 00 00 00 03 a9 ff c0 00 00 00 00 00 01 28 00 04 11",""
2468,13033,"PACKET","IN",207,45,"PlayerSync","id=207 bytes=45","cf 46 00 ed ff e7 7f c2 00 11 f7 9d f0 ea 66 88 d1 7a a5 5e d0 84 00 00 00 00 51 9f c0 00 01 6b 33 e8 f4 90 88 1f 5f fd fd ac 04 64 80",""
2469,13033,"PACKET","IN",207,35,"PlayerSync","id=207 bytes=35","cf 5b 00 00 00 0e fc 66 b0 e8 7d 89 91 7b 67 1f 10 84 00 00 00 01 0a e2 00 00 00 00 00 00 01 a5 04 e8 80",""
2470,13058,"PACKET","IN",207,37,"PlayerSync","id=207 bytes=37","cf 1a 00 6e ff c0 00 32 60 6c 30 f8 7e 49 91 4d 84 20 50 84 00 00 00 00 1e e9 80 00 00 00 00 00 01 e9 04 02 80",""
2471,13076,"PACKET","OUT",203,32,"AimSync","id=203 bytes=32","cb 00 00 00 39 05 00 00 00 00 00 00 00 00 00 00 00 40 01 00 00 00 80 3f 00 00 f3 04 b5 3f 39 05",""
2472,13079,"PACKET","IN",207,35,"PlayerSync","id=207 bytes=35","cf 4d 00 00 00 02 00 23 30 e6 e4 09 91 70 1e 9e 90 84 00 00 00 03 da d0 80 00 00 00 00 00 01 28 00 04 11",""
2473,13079,"RPC","IN",113,7,"SetPlayerAttachedObject","id=113 bytes=7","55 00 09 00 00 00 00",""
2474,13079,"RPC","IN",86,29,"ApplyPlayerAnimation","id=86 bytes=29","55 00 05 43 41 52 52 59 0b 63 72 72 79 5f 70 72 74 69 61 6c 33 33 83 40 00 00 00 00 00",""
2475,13079,"PACKET","IN",207,41,"PlayerSync","id=207 bytes=41","cf 1a 00 00 00 00 61 ac 30 f5 fe 89 91 62 83 e0 50 84 00 00 00 02 c1 3d 80 00 03 dc 29 94 f5 55 08 a7 c3 fd fd e9 04 02 80",""
2476,13079,"PACKET","IN",207,45,"PlayerSync","id=207 bytes=45","cf 46 00 ee 7f e7 7f c2 00 03 41 5e 30 f8 e7 08 d1 6c 25 9e d0 84 00 00 00 02 95 9f c0 00 03 d9 97 c8 f7 84 86 ff 5b fd fd ac 04 64 80",""
2477,13079,"PACKET","IN",207,41,"PlayerSync","id=207 bytes=41","cf 92 00 00 00 1c 4b 23 30 c7 d9 49 91 73 1f 1e 90 84 00 00 00 02 9b 21 c0 00 01 c1 84 34 ec 81 ba fb fb fd fd a5 04 04 80",""
2478,13098,"PACKET","IN",200,44,"VehicleSync","id=200 bytes=44","c8 38 00 30 00 00 00 00 00 00 00 03 60 c6 40 58 8f 29 8f 3a 9c 3e f6 f2 64 53 c0 38 14 23 ff d4 83 e2 9d 10 61 db e7 f5 a0 5d f0 00",""
2479,13099,"PACKET","IN",207,35,"PlayerSync","id=207 bytes=35","cf 3d 00 00 00 32 67 a8 30 d0 79 49 91 7b 67 1f 10 84 00 00 00 00 e6 f1 c0 00 00 00 00 00 01 28 00 04 11",""
2480,13099,"PACKET","IN",207,41,"PlayerSync","id=207 bytes=41","cf 70 00 00 00 3e e9 e3 70 f3 97 49 91 4a e3 9e 90 80 00 00 00 01 c6 1f 00 00 02 40 04 b4 ef bb c9 56 e3 fd fd 00 00 00 80",""
2481,13121,"PACKET","IN",207,35,"PlayerSync","id=207 bytes=35","cf 2d 00 00 00 3c 58 68 30 c1 50 49 d1 7b 67 1f 10 84 00 00 00 02 aa b3 c0 00 00 00 00 00 01 a5 04 e8 80",""
2482,13121,"PACKET","IN",207,35,"PlayerSync","id=207 bytes=35","cf 51 00 00 00 1b 0a e3 30 cf a8 49 91 58 dd 9e 90 84 00 00 00 01 37 17 c0 00 00 00 00 00 01 28 00 04 11",""
2483,13143,"RPC","IN",99,42,"MoveObject","id=99 bytes=42","a0 00 f8 e3 a1 c3 d7 9b 26 45 53 c5 7d 42 f8 e3 a1 c3 d7 9b 26 45 ed 5e 7b 42 00 00 80 3e 00 00 00 00 00 00 00 00 08 cc 84 43",""
2484,13143,"RPC","IN",122,2,"StopObject","id=122 bytes=2","a0 00",""
2485,13143,"RPC","IN",99,42,"MoveObject","id=99 bytes=42","a0 00 f8 e3 a1 c3 d7 9b 26 45 53 c5 7d 42 f8 e3 a1 c3 d7 9b 26 45 53 c5 7d 42 00 00 80 3e 00 00 00 00 00 00 00 00 08 cc 84 43",""
2486,13143,"RPC","IN",122,2,"StopObject","id=122 bytes=2","a0 00",""
2487,13143,"RPC","IN",99,42,"MoveObject","id=99 bytes=42","a0 00 f8 e3 a1 c3 d7 9b 26 45 53 c5 7d 42 f8 e3 a1 c3 d7 9b 26 45 ed 5e 7b 42 00 00 80 3e 00 00 00 00 00 00 00 00 08 cc 84 43",""
2488,13144,"RPC","IN",122,2,"StopObject","id=122 bytes=2","a0 00",""
2489,13144,"RPC","IN",99,42,"MoveObject","id=99 bytes=42","a0 00 f8 e3 a1 c3 d7 9b 26 45 53 c5 7d 42 f8 e3 a1 c3 d7 9b 26 45 53 c5 7d 42 00 00 80 3e 00 00 00 00 00 00 00 00 08 cc 84 43",""
2490,13144,"RPC","IN",122,2,"StopObject","id=122 bytes=2","a0 00",""
2491,13144,"RPC","IN",99,42,"MoveObject","id=99 bytes=42","a0 00 f8 e3 a1 c3 d7 9b 26 45 53 c5 7d 42 f8 e3 a1 c3 d7 9b 26 45 ed 5e 7b 42 00 00 80 3e 00 00 00 00 00 00 00 00 08 cc 84 43",""
2492,13144,"RPC","IN",122,2,"StopObject","id=122 bytes=2","a0 00",""
2493,13144,"RPC","IN",99,42,"MoveObject","id=99 bytes=42","a0 00 f8 e3 a1 c3 d7 9b 26 45 53 c5 7d 42 f8 e3 a1 c3 d7 9b 26 45 53 c5 7d 42 00 00 80 3e 00 00 00 00 00 00 00 00 08 cc 84 43",""
2494,13144,"RPC","IN",122,2,"StopObject","id=122 bytes=2","a0 00",""
2495,13144,"RPC","IN",99,42,"MoveObject","id=99 bytes=42","a0 00 f8 e3 a1 c3 d7 9b 26 45 53 c5 7d 42 f8 e3 a1 c3 d7 9b 26 45 ed 5e 7b 42 00 00 80 3e 00 00 00 00 00 00 00 00 08 cc 84 43",""
2496,13144,"RPC","IN",122,2,"StopObject","id=122 bytes=2","a0 00",""
2497,13144,"RPC","IN",99,42,"MoveObject","id=99 bytes=42","a0 00 f8 e3 a1 c3 d7 9b 26 45 53 c5 7d 42 f8 e3 a1 c3 d7 9b 26 45 53 c5 7d 42 00 00 80 3e 00 00 00 00 00 00 00 00 08 cc 84 43",""
2498,13144,"RPC","IN",122,2,"StopObject","id=122 bytes=2","a0 00",""
2499,13144,"RPC","IN",99,42,"MoveObject","id=99 bytes=42","a0 00 f8 e3 a1 c3 d7 9b 26 45 53 c5 7d 42 f8 e3 a1 c3 d7 9b 26 45 ed 5e 7b 42 00 00 80 3e 00 00 00 00 00 00 00 00 08 cc 84 43",""
2500,13144,"RPC","IN",122,2,"StopObject","id=122 bytes=2","a0 00",""
2501,13144,"RPC","IN",99,42,"MoveObject","id=99 bytes=42","a0 00 f8 e3 a1 c3 d7 9b 26 45 53 c5 7d 42 f8 e3 a1 c3 d7 9b 26 45 53 c5 7d 42 00 00 80 3e 00 00 00 00 00 00 00 00 08 cc 84 43",""
2502,13145,"RPC","IN",122,2,"StopObject","id=122 bytes=2","a0 00",""
2503,13145,"RPC","IN",99,42,"MoveObject","id=99 bytes=42","a0 00 f8 e3 a1 c3 d7 9b 26 45 53 c5 7d 42 f8 e3 a1 c3 d7 9b 26 45 ed 5e 7b 42 00 00 80 3e 00 00 00 00 00 00 00 00 08 cc 84 43",""
2504,13145,"PACKET","IN",207,35,"PlayerSync","id=207 bytes=35","cf 1f 00 00 00 26 a3 e3 70 c2 1d 89 91 42 a3 5e 90 80 00 00 00 02 c2 27 00 00 00 00 00 00 01 28 00 04 11",""
2505,13164,"PACKET","IN",207,35,"PlayerSync","id=207 bytes=35","cf 02 00 00 00 2d a2 e3 70 ee 9a 89 91 77 a3 1e 90 80 00 00 00 00 8a aa c0 00 00 00 00 00 01 28 00 04 11",""
2506,13164,"PACKET","IN",207,41,"PlayerSync","id=207 bytes=41","cf 1a 00 00 00 35 e5 ec 30 f9 7f 89 91 6e c3 20 50 84 00 00 00 03 95 25 80 00 00 a3 86 20 f5 55 08 a7 c3 fd fd a5 04 04 80",""
2507,13164,"PACKET","IN",203,34,"AimSync","id=203 bytes=34","cb 1a 00 04 13 d1 0e bf 0d 64 52 3f cc a7 ec bd dd 0c b0 c3 f6 e4 26 45 1b ad 82 42 00 00 00 00 3f 36",""
2508,13165,"PACKET","IN",200,44,"VehicleSync","id=200 bytes=44","c8 38 00 30 00 00 00 00 00 00 00 08 20 de 80 46 3f 27 7b 7a 9c 36 16 62 64 52 60 38 14 20 52 74 73 e9 5c ef 61 a0 98 05 a0 5d f0 00",""
2509,13165,"PACKET","IN",207,41,"PlayerSync","id=207 bytes=41","cf 92 00 00 00 1c 4b 23 30 cf 19 49 91 73 1f 1e 90 84 00 00 00 02 9b 21 c0 00 00 18 eb 34 eb fd ff ff ff fd fd a5 04 04 80",""
2510,13165,"PACKET","OUT",207,69,"PlayerSync","id=207 bytes=69","cf 00 00 00 00 00 04 67 0a 9b c3 6b 06 27 45 ed 9c 7c 42 11 b2 39 3f 00 00 00 80 00 00 00 00 14 38 30 bf 64 00 04 00 00 00 00 00 00 00 00 00 00 00 00 00 00 00 00 00 00 00 00 00 00 00 00 00 00 00 28 00 04 11",""
2511,13193,"PACKET","IN",207,45,"PlayerSync","id=207 bytes=45","cf 46 00 ee 7f e7 7f c2 00 29 5a de 30 e1 68 88 d1 64 26 1e d0 84 00 00 00 02 71 b3 c0 00 00 79 9b 80 f5 58 7a f7 4b fd fd ac 04 64 80",""
2512,13193,"PACKET","IN",207,41,"PlayerSync","id=207 bytes=41","cf 70 00 00 00 27 a9 63 70 fc d7 49 91 44 23 9e 90 80 00 00 00 01 c6 1f 00 00 00 5e 62 e4 ef bb c9 56 e3 fd fd 00 00 00 80",""
2513,13194,"PACKET","IN",207,45,"PlayerSync","id=207 bytes=45","cf 46 00 ee ff e7 7f c2 00 05 df de 30 e2 28 c8 d1 78 26 1e d0 84 00 00 00 02 7d b3 c0 00 02 57 0b 94 f6 94 77 ab 47 fd fd ac 04 64 80",""
2514,13194,"PACKET","IN",207,35,"PlayerSync","id=207 bytes=35","cf 55 00 00 00 3e e0 24 70 de 62 c9 91 5c e2 9f 90 84 00 00 00 02 61 2b c0 00 00 00 00 00 01 a5 04 08 80",""
2515,13194,"PACKET","IN",207,35,"PlayerSync","id=207 bytes=35","cf 60 00 00 00 01 5b 23 b0 d7 8c c9 91 41 6c 5e 90 84 00 00 00 03 e6 19 c0 00 00 00 00 00 01 fb 04 04 80",""
2516,13224,"RPC","IN",16,16,"PlaySound","id=16 bytes=16","6b 10 00 00 00 00 00 00 00 00 00 00 00 00 00 00",""
2517,13224,"RPC","IN",134,80,"ShowTextDraw","id=134 bytes=80","39 08 10 8f c2 f5 3e 29 5c 8f 3f a9 a9 a9 ff 00 00 cc 42 00 00 16 42 80 80 80 80 00 00 00 00 00 ff 04 00 00 80 fd 43 00 00 d2 42 00 00 00 00 00 00 00 00 00 00 00 00 00 00 00 00 80 3f ff ff ff ff 0d 00 4c 44 5f 42 55 4d 3a 62 6c 6b 64 6f 74",""
2518,13224,"RPC","IN",134,79,"ShowTextDraw","id=134 bytes=79","3a 08 10 8f c2 f5 3e 29 5c 8f 3f c9 c9 c9 ff 00 00 90 41 00 00 b0 41 80 80 80 80 00 00 00 00 00 ff 04 00 00 80 f9 43 00 00 ca 42 00 00 00 00 00 00 00 00 00 00 00 00 00 00 00 00 80 3f ff ff ff ff 0c 00 6c 64 5f 62 65 61 74 3a 63 68 69 74",""
2519,13224,"RPC","IN",134,79,"ShowTextDraw","id=134 bytes=79","3b 08 10 8f c2 f5 3e 29 5c 8f 3f c9 c9 c9 ff 00 00 90 41 00 00 b0 41 80 80 80 80 00 00 00 00 00 ff 04 00 cd cc 15 44 00 00 ca 42 00 00 00 00 00 00 00 00 00 00 00 00 00 00 00 00 80 3f ff ff ff ff 0c 00 6c 64 5f 62 65 61 74 3a 63 68 69 74",""
2520,13224,"RPC","IN",134,79,"ShowTextDraw","id=134 bytes=79","3c 08 10 8f c2 f5 3e 29 5c 8f 3f a9 a9 a9 ff 00 00 90 41 00 00 b0 41 80 80 80 80 00 00 00 00 00 ff 04 00 00 80 f9 43 00 00 f9 42 00 00 00 00 00 00 00 00 00 00 00 00 00 00 00 00 80 3f ff ff ff ff 0c 00 6c 64 5f 62 65 61 74 3a 63 68 69 74",""
2521,13225,"RPC","IN",134,79,"ShowTextDraw","id=134 bytes=79","3d 08 10 8f c2 f5 3e 29 5c 8f 3f a9 a9 a9 ff 00 00 90 41 00 00 b0 41 80 80 80 80 00 00 00 00 00 ff 04 00 cd cc 15 44 00 00 f9 42 00 00 00 00 00 00 00 00 00 00 00 00 00 00 00 00 80 3f ff ff ff ff 0c 00 6c 64 5f 62 65 61 74 3a 63 68 69 74",""
2522,13225,"RPC","IN",134,80,"ShowTextDraw","id=134 bytes=80","3e 08 10 8f c2 f5 3e 29 5c 8f 3f a9 a9 a9 ff 00 00 e0 42 00 00 bc 41 80 80 80 80 00 00 00 00 00 ff 04 00 00 00 fb 43 00 00 e0 42 00 00 00 00 00 00 00 00 00 00 00 00 00 00 00 00 80 3f ff ff ff ff 0d 00 4c 44 5f 42 55 4d 3a 62 6c 6b 64 6f 74",""
2523,13225,"RPC","IN",134,80,"ShowTextDraw","id=134 bytes=80","3f 08 10 8f c2 f5 3e 29 5c 8f 3f c9 c9 c9 ff 00 00 cc 42 00 00 58 41 80 80 80 80 00 00 00 00 00 ff 04 00 00 80 fd 43 00 00 d2 42 00 00 00 00 00 00 00 00 00 00 00 00 00 00 00 00 80 3f ff ff ff ff 0d 00 4c 44 5f 42 55 4d 3a 62 6c 6b 64 6f 74",""
2524,13225,"RPC","IN",134,80,"ShowTextDraw","id=134 bytes=80","40 08 10 8f c2 f5 3e 29 5c 8f 3f c9 c9 c9 ff 00 00 e0 42 00 00 d0 40 80 80 80 80 00 00 00 00 00 ff 04 00 00 00 fb 43 00 00 e0 42 00 00 00 00 00 00 00 00 00 00 00 00 00 00 00 00 80 3f ff ff ff ff 0d 00 4c 44 5f 42 55 4d 3a 62 6c 6b 64 6f 74",""
2525,13225,"RPC","IN",134,79,"ShowTextDraw","id=134 bytes=79","41 08 10 8f c2 f5 3e 29 5c 8f 3f 80 00 00 ff 00 00 e0 40 00 00 00 41 80 80 80 80 00 00 00 00 00 ff 04 00 00 00 fd 43 00 00 d2 42 00 00 00 00 00 00 00 00 00 00 00 00 00 00 00 00 80 3f ff ff ff ff 0c 00 4c 44 5f 42 45 41 54 3a 63 68 69 74",""
2526,13225,"RPC","IN",134,79,"ShowTextDraw","id=134 bytes=79","42 08 10 8f c2 f5 3e 29 5c 8f 3f 80 00 00 ff 00 00 e0 40 00 00 00 41 80 80 80 80 00 00 00 00 00 ff 04 00 00 00 ff 43 00 00 d2 42 00 00 00 00 00 00 00 00 00 00 00 00 00 00 00 00 80 3f ff ff ff ff 0c 00 4c 44 5f 42 45 41 54 3a 63 68 69 74",""
2527,13226,"RPC","IN",134,79,"ShowTextDraw","id=134 bytes=79","43 08 10 8f c2 f5 3e 29 5c 8f 3f 80 00 00 ff 00 00 e0 40 00 00 00 41 80 80 80 80 00 00 00 00 00 ff 04 00 00 00 fd 43 17 99 dc 42 00 00 00 00 00 00 00 00 00 00 00 00 00 00 00 00 80 3f ff ff ff ff 0c 00 4c 44 5f 42 45 41 54 3a 63 68 69 74",""
2528,13226,"RPC","IN",134,79,"ShowTextDraw","id=134 bytes=79","44 08 10 8f c2 f5 3e 29 5c 8f 3f 80 00 00 ff 00 00 e0 40 00 00 00 41 80 80 80 80 00 00 00 00 00 ff 04 00 00 00 ff 43 17 99 dc 42 00 00 00 00 00 00 00 00 00 00 00 00 00 00 00 00 80 3f ff ff ff ff 0c 00 4c 44 5f 42 45 41 54 3a 63 68 69 74",""
2529,13226,"RPC","IN",134,80,"ShowTextDraw","id=134 bytes=80","45 08 10 8f c2 f5 3e 29 5c 8f 3f 80 00 00 ff 00 00 08 41 00 00 c0 40 80 80 80 80 00 00 00 00 00 ff 04 00 46 a6 fd 43 00 00 d8 42 00 00 00 00 00 00 00 00 00 00 00 00 00 00 00 00 80 3f ff ff ff ff 0d 00 6c 64 5f 62 75 6d 3a 62 6c 6b 64 6f 74",""
2530,13226,"RPC","IN",134,80,"ShowTextDraw","id=134 bytes=80","46 08 10 8f c2 f5 3e 29 5c 8f 3f 80 00 00 ff 00 00 a0 40 00 00 28 41 80 80 80 80 00 00 00 00 00 ff 04 00 00 80 fe 43 00 00 d5 42 00 00 00 00 00 00 00 00 00 00 00 00 00 00 00 00 80 3f ff ff ff ff 0d 00 6c 64 5f 62 75 6d 3a 62 6c 6b 64 6f 74",""
2531,13226,"RPC","IN",134,79,"ShowTextDraw","id=134 bytes=79","47 08 10 8f c2 f5 3e 29 5c 8f 3f ff ff ff ff 00 00 e0 40 00 00 10 41 80 80 80 80 00 00 00 00 00 ff 04 00 00 00 fe 43 00 00 d6 42 00 00 00 00 00 00 00 00 00 00 00 00 00 00 00 00 80 3f ff ff ff ff 0c 00 4c 44 5f 42 45 41 54 3a 63 68 69 74",""
2532,13226,"RPC","IN",134,68,"ShowTextDraw","id=134 bytes=68","48 08 18 ec 51 38 3e 87 16 19 3f 80 00 00 ff 00 00 a0 44 00 00 a0 44 80 80 80 80 01 01 00 00 00 00 01 00 00 c0 ff 43 00 00 d9 42 00 00 00 00 00 00 00 00 00 00 00 00 00 00 00 00 80 3f ff ff ff ff 01 00 21",""
2533,13226,"RPC","IN",134,74,"ShowTextDraw","id=134 bytes=74","49 08 10 ec 51 38 3e 77 be 7f 3f 00 00 00 64 00 00 a0 44 00 00 a0 44 80 80 80 80 01 01 00 00 00 00 01 00 00 80 01 44 00 00 d5 42 00 00 00 00 00 00 00 00 00 00 00 00 00 00 00 00 80 3f ff ff ff ff 07 00 57 41 52 4e 49 4e 47",""
2534,13227,"RPC","IN",134,132,"ShowTextDraw","id=134 bytes=132","4a 08 10 b8 1e 05 3e c3 f5 48 3f 00 00 00 ff 00 40 18 44 00 00 b0 41 80 80 80 80 01 01 00 00 00 00 01 00 00 80 fd 43 00 00 f1 42 00 00 00 00 00 00 00 00 00 00 00 00 00 00 00 00 80 3f ff ff ff ff 41 00 41 6e 64 61 20 73 65 64 61 6e 67 20 6d 65 6c 61 6b 75 6b 61 6e 20 73 65 73 75 61 74 75 2c 20 6d 6f 68 6f 6e 20 74 75 6e 67 67 75 20 70 72 6f 67 72 65 73 73 20 62 61 72 20 73 65 6c 65 73 61 69 21",""
2535,13227,"PACKET","IN",207,45,"PlayerSync","id=207 bytes=45","cf 46 00 ef 7f e7 7f c2 00 28 a5 9e 30 f0 a9 08 d1 50 e6 5e d0 84 00 00 00 02 5d b7 c0 00 02 cf ff a4 f6 8c 77 9f 47 fd fd ac 04 64 80",""
2536,13227,"PACKET","IN",207,37,"PlayerSync","id=207 bytes=37","cf 85 00 c0 00 00 00 22 95 25 b0 fc 7f c9 91 6c 24 9f 10 80 00 00 00 02 33 51 80 00 00 00 00 00 01 28 00 04 11",""
2537,13227,"PACKET","IN",203,34,"AimSync","id=203 bytes=34","cb 85 00 04 b4 4e 25 bf 16 96 3f bf 3c 22 1b be 8b e4 95 c3 2b 10 27 45 5e cb 7f 42 00 00 00 00 3f c6",""
2538,13227,"PACKET","OUT",207,69,"PlayerSync","id=207 bytes=69","cf 00 00 00 00 00 00 67 0a 9b c3 6b 06 27 45 ed 9c 7c 42 11 b2 39 3f 00 00 00 80 00 00 00 00 14 38 30 bf 64 00 04 00 00 00 00 00 00 00 00 00 00 00 00 00 00 00 00 00 00 00 00 00 00 00 00 00 00 00 28 00 04 11",""
2539,13249,"PACKET","IN",200,44,"VehicleSync","id=200 bytes=44","c8 38 00 30 00 80 ff 00 00 00 00 03 80 e7 80 45 cf 22 37 ca 9c 3b 15 c2 64 5a 70 38 14 29 62 54 53 ec 6c d5 61 a3 38 05 a0 5d f0 00",""
2540,13249,"PACKET","IN",207,41,"PlayerSync","id=207 bytes=41","cf 70 00 00 00 2c 28 a3 70 c8 57 89 91 7b 63 5e 90 80 00 00 00 01 c6 1f 00 00 00 2a 64 04 f3 bb c9 56 e3 fd fd 00 00 00 80",""
2541,13249,"PACKET","IN",207,41,"PlayerSync","id=207 bytes=41","cf 1a 00 00 00 19 a8 ec 30 e1 80 49 d1 7a 02 a0 50 84 00 00 00 03 95 25 80 00 01 8a 90 18 f5 55 08 a7 c3 fd fd a5 04 04 80",""
2542,13249,"PACKET","IN",207,37,"PlayerSync","id=207 bytes=37","cf 60 00 43 00 00 00 01 5b 23 b0 d7 8c c9 91 41 6c 5e 90 84 00 00 00 02 49 d5 c0 00 00 00 00 00 01 fc 04 04 80",""
2543,13250,"PACKET","OUT",205,9,"UNKNOWN_PACKET","id=205 bytes=9","cd b8 4a 04 00 00 00 00 00",""
2544,13280,"PACKET","IN",207,45,"PlayerSync","id=207 bytes=45","cf 46 00 ef ff e7 7f c0 00 35 b6 de 30 d3 2a 08 d1 56 26 9e d0 84 00 00 00 02 ad b7 c0 00 03 e3 df d4 f7 9c 70 0f 47 fd fd ae 04 08 80",""
2545,13280,"PACKET","IN",207,43,"PlayerSync","id=207 bytes=43","cf 60 00 43 00 00 00 08 dc 23 b0 ee cc c9 91 4c 2c 5e 90 84 00 00 00 01 65 8d c0 00 00 65 98 18 f6 3c 5f ff 27 fd fd fc 04 04 80",""
2546,13281,"PACKET","IN",207,45,"PlayerSync","id=207 bytes=45","cf 46 00 ef ff e7 7f c0 00 25 bc 1e 30 d6 ea 48 d1 6a e6 9e d0 84 00 00 00 02 ad b7 c0 00 00 4b 1f a4 f7 9c 70 0f 47 fd fd ae 04 08 80",""
2547,13281,"PACKET","IN",207,41,"PlayerSync","id=207 bytes=41","cf 92 00 00 00 1c 4b 23 30 d7 99 49 91 73 1f 1e 90 84 00 00 00 02 9b 21 c0 00 00 bd 8a 6c eb fd ff ff ff fd fd a5 04 04 80",""
2548,13313,"PACKET","IN",207,43,"PlayerSync","id=207 bytes=43","cf 60 00 43 00 00 00 1a 1c e3 b0 c8 4d 09 91 51 6c 5e 90 84 00 00 00 01 31 49 c0 00 01 4d 98 18 f5 bc 91 c3 67 fd fd fc 04 04 80",""
2549,13314,"PACKET","IN",207,35,"PlayerSync","id=207 bytes=35","cf 76 00 00 00 0e 87 a2 f0 c1 28 c9 91 5a 1c 1e 90 84 00 00 00 03 6c 9f 40 00 00 00 00 00 01 00 00 00 80",""
2550,13314,"PACKET","IN",200,44,"VehicleSync","id=200 bytes=44","c8 38 00 30 00 80 ff 00 00 00 00 0c 60 d5 f0 40 cf 2c 54 0a 9c 38 95 32 64 54 b0 38 14 23 26 34 23 ea 6d 24 31 ea 87 f5 a0 5d f0 00",""
2551,13314,"PACKET","IN",203,34,"AimSync","id=203 bytes=34","cb 38 00 12 22 ce 24 3f da 5e 3b bf 48 a6 64 be 04 a6 ad c3 73 f3 26 45 ae 07 8b 42 00 00 00 00 3f c6",""
2552,13314,"PACKET","IN",207,41,"PlayerSync","id=207 bytes=41","cf 70 00 00 00 3f e8 e3 70 c3 57 89 91 7f 23 5e 90 80 00 00 00 01 c6 1f 00 00 01 4c ca 8c ec 40 36 a5 1f fd fd 00 00 00 80",""
2553,13340,"PACKET","IN",207,45,"PlayerSync","id=207 bytes=45","cf 46 00 ef ff e7 7f c0 00 3c 02 5e 70 e9 ea 88 d1 44 26 de d0 84 00 00 00 02 ad b7 c0 00 03 13 27 64 f7 9c 70 0f 47 fd fd ae 04 08 80",""
2554,13340,"PACKET","IN",207,43,"PlayerSync","id=207 bytes=43","cf 60 00 43 00 00 00 30 5d a3 b0 eb 4d 09 91 52 6c 5e 90 84 00 00 00 01 00 f5 c0 00 01 91 98 18 f4 44 ca 27 97 fd fd fc 04 04 80",""
2555,13341,"PACKET","IN",207,41,"PlayerSync","id=207 bytes=41","cf 1a 00 00 00 1c 29 ec 30 dc 40 89 d1 51 82 a0 50 84 00 00 00 03 95 25 80 00 01 85 d7 c0 ed 55 08 a7 c3 fd fd a5 04 04 80",""
2556,13341,"PACKET","IN",207,45,"PlayerSync","id=207 bytes=45","cf 46 00 ef ff e7 7f c0 00 04 48 9e 70 f8 ea c8 d1 5c a6 de d0 84 00 00 00 02 ad b7 c0 00 02 91 df 1c f7 9c 70 0f 47 fd fd ae 04 08 80",""
2557,13341,"PACKET","IN",207,45,"PlayerSync","id=207 bytes=45","cf 60 00 ff 7f c1 00 00 00 06 de 63 b0 cf 0d 49 91 4d ac 5e 90 84 00 00 00 01 e0 a5 c0 00 01 69 98 18 f6 19 11 5f c7 fd fd fc 04 04 80",""
2558,13362,"PACKET","IN",207,41,"PlayerSync","id=207 bytes=41","cf 92 00 00 00 1b cb 23 30 db 99 49 91 73 1f 1e 90 84 00 00 00 02 9b 21 c0 00 00 11 e6 10 eb 46 0f c3 ff fd fd a5 04 04 80",""
2559,13362,"RPC","IN",87,2,"ClearPlayerAnimation","id=87 bytes=2","92 00",""
2560,13363,"RPC","IN",86,29,"ApplyPlayerAnimation","id=86 bytes=29","92 00 05 43 41 52 52 59 0b 63 72 72 79 5f 70 72 74 69 61 6c 33 33 83 40 00 00 00 00 00",""
2561,13382,"PACKET","IN",207,45,"PlayerSync","id=207 bytes=45","cf 46 00 ef ff e7 7f c0 00 1c 50 9e 70 e2 eb 48 d1 7d 26 de d0 84 00 00 00 02 ad b7 c0 00 02 4a 56 a4 f7 9c 70 0f 47 fd fd ae 04 08 80",""
2562,13383,"PACKET","IN",207,45,"PlayerSync","id=207 bytes=45","cf 60 00 fc ff fa 3f c0 00 33 1e a3 b0 f7 0d 49 91 43 ac 5e 90 84 00 00 00 00 8c f9 c0 00 00 a5 98 18 f4 49 5d 1f e7 fd fd fc 04 04 80",""
2563,13383,"PACKET","IN",207,35,"PlayerSync","id=207 bytes=35","cf 63 00 00 00 35 23 63 70 dd 23 09 91 54 21 9e 90 80 00 00 00 02 22 63 80 00 00 00 00 00 01 28 00 04 11",""
2564,13383,"PACKET","IN",207,45,"PlayerSync","id=207 bytes=45","cf 46 00 ef ff e7 7f c0 00 22 14 de 70 da eb 88 d1 4e 27 1e d0 84 00 00 00 02 ad b7 c0 00 00 dd ee a0 f7 9c 70 0f 47 fd fd ae 04 08 80",""
2565,13383,"PACKET","IN",203,34,"AimSync","id=203 bytes=34","cb 46 00 04 86 fe 17 bf d5 00 4c 3f 53 96 e4 bd 53 05 76 c3 46 67 23 45 55 41 80 42 00 00 00 00 23 37",""
2566,13383,"PACKET","IN",207,35,"PlayerSync","id=207 bytes=35","cf 97 00 00 00 3d e7 a8 30 e4 09 c9 d1 7b 67 1f 10 84 00 00 00 00 0f 03 e8 00 00 00 00 00 01 28 00 04 11",""
2567,13409,"PACKET","IN",200,44,"VehicleSync","id=200 bytes=44","c8 38 00 30 00 80 ff 00 00 00 00 03 c0 c2 50 42 cf 1d 90 0a 9c 3c 14 a2 64 52 b0 18 14 28 63 13 e3 e1 2d 81 f2 31 a7 f5 a0 5d f0 00",""
2568,13410,"PACKET","IN",207,45,"PlayerSync","id=207 bytes=45","cf 60 00 fa ff f4 ff c0 00 17 df 63 b0 dd 8d 89 91 7e ec 1e 90 84 00 00 00 02 51 45 c0 00 01 72 90 40 f6 e1 0f a7 c3 fd fd fc 04 04 80",""
2569,13410,"PACKET","IN",207,35,"PlayerSync","id=207 bytes=35","cf 70 00 00 00 05 29 23 70 c3 17 89 91 7f a3 5e 90 80 00 00 00 03 06 8f 00 00 00 00 00 00 01 00 00 00 80",""
2570,13410,"RPC","IN",86,27,"ApplyPlayerAnimation","id=86 bytes=27","5b 00 07 42 44 5f 46 49 52 45 07 77 61 73 68 5f 75 70 33 33 83 40 80 00 00 00 00",""
2571,13410,"PACKET","IN",207,35,"PlayerSync","id=207 bytes=35","cf 1a 00 00 00 20 a9 ec 30 dd 00 89 d1 51 82 a0 50 84 00 00 00 03 95 25 80 00 00 00 00 00 01 a5 04 04 80",""
2572,13410,"PACKET","IN",207,37,"PlayerSync","id=207 bytes=37","cf 70 00 40 40 00 00 05 29 23 70 c3 17 89 91 7f a3 5e 90 80 00 00 00 01 5a bf 00 00 00 00 00 00 01 00 00 00 80",""
2573,13430,"PACKET","IN",207,35,"PlayerSync","id=207 bytes=35","cf 1c 00 00 00 2d 1d 28 30 f6 cc c9 d1 7b 67 1f 10 84 00 00 00 00 65 93 00 00 00 00 00 00 01 28 00 04 11",""
2574,13430,"PACKET","IN",207,45,"PlayerSync","id=207 bytes=45","cf 46 00 ef ff e7 7f c0 00 38 d8 5e 70 c9 eb c8 d1 5c a7 1e d0 84 00 00 00 02 ad b7 c0 00 00 c1 ee a0 f7 9c 70 0f 47 fd fd ae 04 08 80",""
2575,13431,"PACKET","IN",207,45,"PlayerSync","id=207 bytes=45","cf 60 00 f7 7f eb bf c0 00 2b e0 63 b0 cb 0d c9 91 40 2c 5e 90 84 00 00 00 02 5d a1 c0 00 03 37 30 68 f6 ac cb ff 97 fd fd fc 04 04 80",""
2576,13431,"PACKET","IN",207,45,"PlayerSync","id=207 bytes=45","cf 46 00 ef ff e7 7f c0 00 15 9d 5e 70 c9 6c 08 d1 6f e7 1e d0 84 00 00 00 02 ad b7 c0 00 00 e5 ee a0 f7 9c 70 0f 47 fd fd ae 04 08 80",""
2577,13457,"PACKET","IN",207,45,"PlayerSync","id=207 bytes=45","cf 46 00 ef ff e7 7f c0 00 13 67 5e 70 cc 2c 88 d1 7a 41 df 10 84 00 00 00 02 ad b7 c0 00 03 10 95 fc f8 28 a3 a3 1f d6 e9 ab 04 08 80",""
2578,13457,"PACKET","IN",207,45,"PlayerSync","id=207 bytes=45","cf 60 00 f4 7f e4 bf c0 00 11 a1 e3 b0 f3 0d c9 91 4a ac 5e 90 84 00 00 00 02 d1 fd c0 00 02 8b 30 68 f6 20 81 0f 57 fd fd fc 04 04 80",""
2579,13478,"PACKET","IN",200,44,"VehicleSync","id=200 bytes=44","c8 38 00 30 00 80 ff 00 00 00 00 02 00 a5 e0 3c 7e f2 8b ea 8c 3b 54 22 64 55 ef d8 04 26 b6 e3 93 e2 8d e4 e2 97 c7 e5 a0 5d f0 00",""
2580,13479,"PACKET","IN",207,45,"PlayerSync","id=207 bytes=45","cf 46 00 ef ff e7 7f c0 00 2f f1 5e 70 d0 6d 08 d1 58 5b 5f 10 84 00 00 00 02 ad b7 c0 00 01 f5 b1 ec fb 68 9b 83 23 a2 dd ab 04 08 80",""
2581,13479,"PACKET","IN",207,35,"PlayerSync","id=207 bytes=35","cf 54 00 00 00 05 77 63 70 c5 21 c9 91 65 24 1e 90 80 00 00 00 00 12 8e c0 00 00 00 00 00 01 28 00 04 11",""
2582,13479,"PACKET","IN",207,43,"PlayerSync","id=207 bytes=43","cf 70 00 40 40 00 00 3f 25 23 70 f5 17 49 91 53 23 5e 90 80 00 00 00 01 cf 5b 00 00 03 7d 94 18 f6 8b ef 79 7b fd fd 00 00 00 80",""
2583,13479,"PACKET","IN",203,34,"AimSync","id=203 bytes=34","cb 70 00 04 82 3f 4d 3f 7e d3 cc 3e d8 56 e3 be c6 75 8e c3 33 50 26 45 ff 61 80 42 00 00 00 00 3f c6",""
2584,13504,"PACKET","IN",207,35,"PlayerSync","id=207 bytes=35","cf 92 00 00 00 1b 0b 23 30 de 59 49 91 73 1f 1e 90 84 00 00 00 02 9b 21 c0 00 00 00 00 00 01 a5 04 04 80",""
2585,13504,"RPC","IN",105,19,"TextDrawSetString","id=105 bytes=19","2f 01 0f 00 30 39 20 41 67 75 73 74 75 73 20 32 30 32 36",""
2586,13504,"RPC","IN",105,12,"TextDrawSetString","id=105 bytes=12","30 01 08 00 31 32 3a 30 32 3a 30 30",""
2587,13505,"RPC","IN",86,27,"ApplyPlayerAnimation","id=86 bytes=27","7c 00 07 42 44 5f 46 49 52 45 07 77 61 73 68 5f 75 70 33 33 83 40 80 00 00 00 00",""
2588,13505,"PACKET","IN",207,45,"PlayerSync","id=207 bytes=45","cf 46 00 ef ff e7 7f c0 00 00 7e 1e 70 f4 ad 88 d1 69 b8 1f 10 84 00 00 00 02 ad b7 c0 00 02 c4 3d dc f9 b0 94 2f 2b ba cd ab 04 08 80",""
2589,13505,"PACKET","IN",207,45,"PlayerSync","id=207 bytes=45","cf 60 00 f2 ff e1 7f c0 00 25 a3 23 b0 cb ce 09 91 5b 2c 5e 90 84 00 00 00 02 ba 45 c0 00 01 17 30 68 f5 44 45 2b 03 fd fd fc 04 04 80",""
2590,13505,"PACKET","IN",207,45,"PlayerSync","id=207 bytes=45","cf 70 00 80 80 7d ff c0 00 33 e4 63 70 e9 d7 49 91 4a 23 5e 90 80 00 00 00 02 53 3b 00 00 03 b5 94 18 f4 73 d5 61 33 fd fd 00 00 00 80",""
2591,13505,"PACKET","IN",207,35,"PlayerSync","id=207 bytes=35","cf 7e 00 00 00 13 27 28 30 cd 86 09 d1 7b 67 1f 10 84 00 00 00 01 42 b3 94 00 00 00 00 00 01 28 00 04 11",""
2592,13505,"PACKET","IN",207,45,"PlayerSync","id=207 bytes=45","cf 60 00 f1 ff e1 3f c0 00 3f a4 a3 b0 df 0e 09 91 74 2c 5e 90 84 00 00 00 02 f2 81 c0 00 03 37 2c 68 f4 d0 20 5e b7 fd fd fc 04 04 80",""
2593,13527,"PACKET","IN",207,35,"PlayerSync","id=207 bytes=35","cf 3d 00 00 00 32 67 a8 30 d0 79 49 91 7b 67 1f 10 84 00 00 00 00 e6 f1 c0 00 00 00 00 00 01 a5 04 e8 80",""
2594,13527,"PACKET","IN",207,45,"PlayerSync","id=207 bytes=45","cf 46 00 ef ff e7 7f c0 00 06 4b 1e b0 de ee 48 d1 5e 13 1f 50 84 00 00 00 02 ad b7 c0 00 00 27 75 c8 f8 08 90 d3 2e 62 bd ab 04 08 80",""
2595,13528,"PACKET","IN",207,35,"PlayerSync","id=207 bytes=35","cf 53 00 00 00 29 67 a8 30 de 18 09 d1 7a e7 1f 10 84 00 00 00 02 ba 42 c0 00 00 00 00 00 01 a5 04 04 80",""
2596,13528,"PACKET","IN",207,45,"PlayerSync","id=207 bytes=45","cf 60 00 f2 7f e1 3f c0 00 34 e5 a3 b0 e5 ce 09 91 45 2c 9e 90 84 00 00 00 02 06 7d c0 00 01 cd 93 38 f3 94 08 4a 6f fd fd fc 04 04 80",""
2597,13528,"PACKET","IN",207,45,"PlayerSync","id=207 bytes=45","cf 70 00 81 00 7b bf c0 00 21 23 a3 70 e1 97 49 91 40 63 5e 90 80 00 00 00 00 97 1b 00 00 03 7d 94 18 f4 03 e9 29 67 fd fd 00 00 00 80",""
2598,13546,"PACKET","IN",207,45,"PlayerSync","id=207 bytes=45","cf 46 00 ef ff e7 7f c0 00 0d 97 9e b0 c2 ef 08 d1 57 ea 5f 50 84 00 00 00 02 ad b7 c0 00 02 8c 99 bc fa e4 89 07 30 e6 ad ab 04 08 80",""
2599,13546,"PACKET","IN",207,45,"PlayerSync","id=207 bytes=45","cf 70 00 81 00 76 ff c0 00 21 23 a3 70 dc 17 49 91 40 63 5e 90 80 00 00 00 00 62 f7 00 00 02 54 77 54 ef fd fc 00 03 fd fd 00 00 00 80",""
2600,13546,"PACKET","IN",207,35,"PlayerSync","id=207 bytes=35","cf 7c 00 00 00 35 a2 e2 70 da 28 89 91 5f 9d de 90 80 00 00 00 01 98 6a 40 00 00 00 00 00 01 fb 04 e8 80",""
2601,13547,"PACKET","IN",207,39,"PlayerSync","id=207 bytes=39","cf 85 00 c0 00 60 00 00 00 22 95 25 b0 fc 7f c9 91 6c 24 9f 10 80 00 00 00 02 33 51 80 00 00 00 00 00 01 28 00 04 11",""
2602,13547,"PACKET","IN",200,44,"VehicleSync","id=200 bytes=44","c8 38 00 30 00 80 ff 00 00 00 00 0f a0 71 c0 2e de d6 b7 aa 8c 3a e3 b2 64 5c ef 78 04 24 3e 83 43 eb 2e 40 53 1a 77 d5 a0 5d f0 00",""
2603,13547,"PACKET","IN",207,45,"PlayerSync","id=207 bytes=45","cf 46 00 ef ff e7 7f c0 00 1f 22 1e b0 cd 2f 88 d1 41 3c 1f 50 84 00 00 00 02 ad b7 c0 00 00 ed 1d b0 fa d8 84 57 35 8e 9d ab 04 08 80",""
2604,13547,"PACKET","IN",207,45,"PlayerSync","id=207 bytes=45","cf 70 00 81 00 75 3f c0 00 21 23 a3 70 d9 57 49 91 40 63 5e 90 80 00 00 00 03 8e cb 00 00 03 91 bd 3c ef fd fc 00 03 fd fd 00 00 00 80",""
2605,13574,"RPC","IN",86,27,"ApplyPlayerAnimation","id=86 bytes=27","2d 00 07 42 44 5f 46 49 52 45 07 77 61 73 68 5f 75 70 33 33 83 40 80 00 00 00 00",""
2606,13574,"PACKET","IN",207,45,"PlayerSync","id=207 bytes=45","cf 70 00 80 80 72 bf c0 00 21 23 a3 70 da 17 49 91 40 63 5e 90 80 00 00 00 01 76 a3 00 00 00 e6 b9 9c eb fd ff ff ff fd fd 00 00 00 80",""
2607,13575,"PACKET","IN",207,35,"PlayerSync","id=207 bytes=35","cf 4d 00 00 00 02 00 23 30 e6 e4 09 91 70 1e 9e 90 84 00 00 00 03 da d0 80 00 00 00 00 00 01 28 00 04 11",""
2608,13575,"PACKET","IN",207,35,"PlayerSync","id=207 bytes=35","cf 5b 00 00 00 0e fc 66 b0 e8 7d 89 91 7b 67 1f 10 84 00 00 00 01 0a e2 00 00 00 00 00 00 01 a5 04 e8 80",""
2609,13575,"PACKET","IN",207,45,"PlayerSync","id=207 bytes=45","cf 60 00 f2 7f e1 3f c0 00 18 26 e3 b0 ee 0e 09 91 59 6c 9e 90 84 00 00 00 00 f2 7d c0 00 01 d2 b3 44 f0 f4 0e 72 73 fd fd fc 04 04 80",""
2610,13596,"PACKET","IN",207,45,"PlayerSync","id=207 bytes=45","cf 46 00 ef ff e7 7f c0 00 35 6e 9e b0 f1 f0 08 d1 4e ce df 90 84 00 00 00 02 ad b7 c0 00 02 78 b5 a4 fa 68 83 f7 36 9a 89 ab 04 08 80",""
2611,13596,"PACKET","IN",207,45,"PlayerSync","id=207 bytes=45","cf 60 00 f2 ff e0 ff c0 00 07 e7 e3 b0 f5 0e 09 91 69 ec 9e 90 84 00 00 00 00 9a 79 c0 00 01 18 c7 4c f1 44 0f ca 73 fd fd fc 04 04 80",""
2612,13596,"PACKET","IN",207,43,"PlayerSync","id=207 bytes=43","cf 70 00 70 7f c0 00 21 23 a3 70 de 57 49 91 40 63 5e 90 80 00 00 00 03 06 77 00 00 03 98 32 9c ef fd ff ff ff fd fd 00 00 00 80",""
2613,13601,"PACKET","OUT",203,32,"AimSync","id=203 bytes=32","cb 00 00 00 39 05 00 00 00 00 00 00 00 00 00 00 00 40 01 00 00 00 80 3f 00 00 f3 04 b5 3f 39 05",""
2614,13625,"PACKET","IN",207,35,"PlayerSync","id=207 bytes=35","cf 29 00 00 00 28 26 a8 30 d1 15 49 d1 7b 67 1f 10 84 00 00 00 03 a9 ff c0 00 00 00 00 00 01 28 00 04 11",""
2615,13626,"PACKET","IN",207,45,"PlayerSync","id=207 bytes=45","cf 60 00 f3 7f e0 ff c0 00 1a a8 e3 b0 fd 4e 09 91 7c ec 9e 90 84 00 00 00 01 6a 75 c0 00 02 ba a3 48 f2 8c 0d 2a 7b fd fd fc 04 04 80",""
2616,13626,"PACKET","IN",207,41,"PlayerSync","id=207 bytes=41","cf 70 00 00 00 21 23 a3 70 e6 17 49 91 40 63 5e 90 80 00 00 00 02 a6 4b 00 00 00 bf 98 50 f3 fd ff ff ff fd fd 00 00 00 80",""
2617,13626,"PACKET","IN",207,35,"PlayerSync","id=207 bytes=35","cf 7c 00 00 00 35 a2 e2 70 da 28 89 91 5f 9d de 90 80 00 00 00 01 98 6a 40 00 00 00 00 00 01 28 00 04 11",""
2618,13626,"PACKET","IN",200,44,"VehicleSync","id=200 bytes=44","c8 38 00 30 00 80 ff 00 00 00 00 01 20 6b 60 09 8e b1 d3 3a 8c 36 a3 52 64 5a ee f8 04 2e 5b 13 13 e6 ee af a3 89 c7 c5 a0 5d f0 00",""
2619,13626,"PACKET","IN",207,45,"PlayerSync","id=207 bytes=45","cf 46 00 ef ff e7 7f c0 00 1a b8 5e b0 f0 30 88 d1 74 9b 1f 90 84 00 00 00 02 ad b7 c0 00 00 84 31 9c fb 54 7e 7b 3b 96 79 ab 04 08 80",""
2620,13646,"PACKET","IN",207,45,"PlayerSync","id=207 bytes=45","cf 46 00 ef ff e7 7f c0 00 38 03 9e f0 c4 f1 48 d1 50 27 9f 90 84 00 00 00 02 ad b7 c0 00 00 fb 45 90 f8 18 7d 1f 3d 6e 69 ab 04 08 80",""
2621,13646,"PACKET","IN",207,45,"PlayerSync","id=207 bytes=45","cf 60 00 f3 ff e0 ff c0 00 11 a9 e3 b0 c5 0e 49 91 4d ac de 90 84 00 00 00 02 92 71 c0 00 02 70 b7 80 f3 84 0d 1e 7f fd fd fc 04 04 80",""
2622,13676,"PACKET","IN",207,45,"PlayerSync","id=207 bytes=45","cf 46 00 ef ff e7 7f c0 00 33 d0 5e f0 eb 71 c8 d1 53 32 9f 90 84 00 00 00 02 ad b7 c0 00 02 06 c1 88 f9 0c 7b 9f 3c 82 55 ab 04 08 80",""
2623,13676,"PACKET","IN",207,45,"PlayerSync","id=207 bytes=45","cf 60 00 f3 ff e0 ff c0 00 09 ab 63 b0 d1 4e 49 91 67 2c de 90 84 00 00 00 03 02 71 c0 00 03 5b d0 00 f4 68 10 9a 83 fd fd fc 04 04 80",""
2624,13676,"RPC","IN",87,2,"ClearPlayerAnimation","id=87 bytes=2","02 00",""
2625,13676,"RPC","IN",86,29,"ApplyPlayerAnimation","id=86 bytes=29","02 00 05 43 41 52 52 59 0b 63 72 72 79 5f 70 72 74 69 61 6c 33 33 83 40 00 00 00 00 00",""
2626,13677,"PACKET","IN",207,41,"PlayerSync","id=207 bytes=41","cf 70 00 00 00 21 23 a3 70 d8 17 89 91 40 63 5e 90 80 00 00 00 00 96 07 00 00 03 4f 3d 60 f3 fd ff ff ff fd fd 00 00 00 80",""
2627,13677,"PACKET","IN",207,35,"PlayerSync","id=207 bytes=35","cf 1f 00 00 00 26 a3 e3 70 c2 1d 89 91 42 a3 5e 90 80 00 00 00 02 c2 27 00 00 00 00 00 00 01 28 00 04 11",""
2628,13677,"PACKET","IN",207,35,"PlayerSync","id=207 bytes=35","cf 2d 00 00 00 3c 58 68 30 c1 50 49 d1 7b 67 1f 10 84 00 00 00 02 aa b3 c0 00 00 00 00 00 01 28 00 04 11",""
2629,13677,"PACKET","IN",207,45,"PlayerSync","id=207 bytes=45","cf 46 00 ef ff e7 7f c0 00 0c 9a 1e f0 e8 f2 48 d1 42 b9 5f 90 84 00 00 00 02 ad b7 c0 00 02 c9 65 84 fb 28 75 27 40 6a 45 ab 04 08 80",""
2630,13677,"PACKET","IN",207,35,"PlayerSync","id=207 bytes=35","cf 51 00 00 00 1b 0a e3 30 cf a8 49 91 58 dd 9e 90 84 00 00 00 01 37 17 c0 00 00 00 00 00 01 28 00 04 11",""
2631,13698,"PACKET","IN",207,45,"PlayerSync","id=207 bytes=45","cf 46 00 ef ff e7 7f c0 00 25 63 de f0 e9 b2 c8 d1 6a fe 5f 90 84 00 00 00 02 ad b7 c0 00 02 ac dd 80 f9 a0 76 67 43 a2 31 ab 04 08 80",""
2632,13699,"PACKET","IN",207,45,"PlayerSync","id=207 bytes=45","cf 60 00 f4 7f e0 ff c0 00 0c 6c e3 b0 dd ce 49 91 41 2d 1e 90 84 00 00 00 00 c2 71 c0 00 03 be d0 58 f4 44 10 0e 83 fd fd fc 04 04 80",""
2633,13726,"PACKET","IN",200,44,"VehicleSync","id=200 bytes=44","c8 38 00 30 00 80 ff 00 00 00 00 2c 50 45 60 0f ee 86 3e 9a 7c 3d e2 f2 64 5e 1e 48 04 29 0f 82 f3 e4 ce ff 14 08 f7 b5 a0 5d f0 00",""
2634,13727,"PACKET","IN",207,39,"PlayerSync","id=207 bytes=39","cf 1a 00 fd 7f fc ff c0 00 20 a9 ec 30 dd 00 89 d1 51 82 a0 50 84 00 00 00 00 85 49 80 00 00 00 00 00 01 c8 04 04 80",""
2635,13727,"PACKET","IN",207,45,"PlayerSync","id=207 bytes=45","cf 46 00 ef ff e7 7f c0 00 3f ed 9e f0 ea b3 48 d1 5e 81 df d0 84 00 00 00 02 ad b7 c0 00 03 6d 51 7c f8 84 77 53 42 a2 21 ab 04 08 80",""
2636,13728,"PACKET","IN",207,45,"PlayerSync","id=207 bytes=45","cf 60 00 f4 7f e0 ff c0 00 21 6e a3 b0 ed 4e 49 91 60 ad 1e 90 84 00 00 00 01 b2 71 c0 00 00 14 b8 a4 f4 fc 12 ce 83 fd fd fc 04 04 80",""
2637,13728,"PACKET","IN",207,45,"PlayerSync","id=207 bytes=45","cf 1a 00 fa 7f f9 ff c0 00 37 aa ac 30 cd c0 c9 d1 6f c2 60 50 84 00 00 00 02 3d 31 80 00 02 0f b0 10 f5 55 08 a7 c3 fd fd c8 04 04 80",""
2638,13748,"PACKET","OUT",207,69,"PlayerSync","id=207 bytes=69","cf 00 00 00 00 00 00 67 0a 9b c3 6b 06 27 45 ed 9c 7c 42 11 b2 39 3f 00 00 00 80 00 00 00 00 14 38 30 bf 64 00 04 00 00 00 00 00 00 00 00 00 00 00 00 00 00 00 00 00 00 00 00 00 00 00 00 00 00 00 28 00 04 11",""
2639,13776,"RPC","IN",138,3,"ServerQuit","id=138 bytes=3","4f 00 00",""
2640,13777,"PACKET","IN",207,35,"PlayerSync","id=207 bytes=35","cf 02 00 00 00 2d a2 e3 70 ee 9a 89 91 77 a3 1e 90 80 00 00 00 00 8a aa c0 00 00 00 00 00 01 a5 04 e8 80",""
2641,13777,"PACKET","IN",207,45,"PlayerSync","id=207 bytes=45","cf 46 00 ef ff e7 7f c0 00 25 7b 1e f0 d9 f4 08 d1 65 83 5f d0 84 00 00 00 02 ad b7 c0 00 01 ae 1d 78 fb b4 73 fb 43 4a 09 ab 04 08 80",""
2642,13777,"PACKET","IN",207,45,"PlayerSync","id=207 bytes=45","cf 60 00 f3 7f e0 ff c0 00 0a b0 a3 b0 fd 4e 49 91 41 ad 5e 90 84 00 00 00 01 1e 79 c0 00 03 3a 58 f4 f4 b0 11 a6 83 fd fd fc 04 04 80",""
2643,13777,"PACKET","IN",207,35,"PlayerSync","id=207 bytes=35","cf 70 00 00 00 35 63 63 70 db 17 89 91 7e 23 1e 90 80 00 00 00 00 96 07 00 00 00 00 00 00 01 00 00 00 80",""
2644,13777,"PACKET","IN",207,45,"PlayerSync","id=207 bytes=45","cf 1a 00 f9 7f f8 ff c0 00 23 2b 2c 30 e6 40 c9 d1 5e c2 60 50 84 00 00 00 00 5d 29 80 00 02 be a0 14 f5 55 08 a7 c3 fd fd c8 04 04 80",""
2645,13777,"PACKET","IN",207,45,"PlayerSync","id=207 bytes=45","cf 46 00 ef ff e7 7f c0 00 07 47 1f 30 f5 74 88 d1 40 82 5f d0 84 00 00 00 02 ad b7 c0 00 01 14 d5 78 fb ac 73 ff 42 71 f5 ab 04 08 80",""
2646,13801,"PACKET","IN",207,45,"PlayerSync","id=207 bytes=45","cf 1a 00 f7 7f f6 7f c0 00 0f 6b ac 30 fe c0 c9 d1 4e 02 60 50 84 00 00 00 02 f9 15 80 00 02 fb a4 14 f5 55 08 a7 c3 fd fd c8 04 04 80",""
2647,13801,"PACKET","IN",207,35,"PlayerSync","id=207 bytes=35","cf 5b 00 00 00 0e fc 66 b0 e8 7d 89 91 7b 67 1f 10 84 00 00 00 01 0a e2 00 00 00 00 00 00 01 28 00 04 11",""
2648,13802,"PACKET","IN",207,45,"PlayerSync","id=207 bytes=45","cf 60 00 f2 ff e0 ff c0 00 30 f2 a3 b0 ce 0e 89 91 67 ad 5e 90 84 00 00 00 01 6e 7d c0 00 02 8d 71 3c f6 64 0c 8a 7b fd fd fc 04 04 80",""
2649,13802,"RPC","IN",63,4,"DestroyPickup","id=63 bytes=4","3d 00 00 00",""
2650,13802,"RPC","IN",122,2,"StopObject","id=122 bytes=2","a0 00",""
2651,13802,"RPC","IN",99,42,"MoveObject","id=99 bytes=42","a0 00 f8 e3 a1 c3 d7 9b 26 45 de 1e 7d 42 f8 e3 a1 c3 d7 9b 26 45 53 c5 7d 42 00 00 80 3e 00 00 00 00 00 00 00 00 08 cc 84 43",""
2652,13802,"PACKET","IN",200,44,"VehicleSync","id=200 bytes=44","c8 38 00 30 00 80 ff 00 00 00 00 25 10 4f a0 01 fe 66 39 ba 7c 3e a2 a2 64 55 4d 78 04 25 2c 42 e3 ec ef 3b d4 9b 57 a5 a0 5d f0 00",""
2653,13802,"PACKET","IN",207,45,"PlayerSync","id=207 bytes=45","cf 46 00 ef ff e7 7f c0 00 2b 11 9f 30 c0 b5 48 d1 78 3f 1f 90 84 00 00 00 02 ad b7 c0 00 03 38 ed 78 f8 34 77 93 43 c9 e1 ab 04 08 80",""
2654,13802,"PACKET","IN",207,45,"PlayerSync","id=207 bytes=45","cf 1a 00 f4 ff f1 bf c0 00 29 2c 6c 30 f0 41 09 d1 6b 82 20 50 84 00 00 00 02 e0 ed 80 00 01 b9 54 18 f5 55 08 a7 c3 fd fd c8 04 04 80",""
2655,13802,"PACKET","IN",207,45,"PlayerSync","id=207 bytes=45","cf 46 00 ef ff e7 7f c0 00 39 5c 1f 30 ca b5 c8 d1 7a ba 1f 90 84 00 00 00 02 ad b7 c0 00 03 ce 31 78 f9 40 76 b7 41 55 d1 ab 04 08 80",""
2656,13803,"PACKET","IN",207,35,"PlayerSync","id=207 bytes=35","cf 55 00 00 00 3e e0 24 70 de 62 c9 91 5c e2 9f 90 84 00 00 00 02 61 2b c0 00 00 00 00 00 01 a5 04 08 80",""
2657,13803,"PACKET","IN",207,45,"PlayerSync","id=207 bytes=45","cf 60 00 f2 ff e0 ff c0 00 3d 74 e3 b0 df 0e 89 91 50 2d 9e 90 84 00 00 00 02 e2 7d c0 00 03 37 d9 8c f5 1c 0f 2e 73 fd fd fc 04 04 80",""
2658,13844,"PACKET","IN",207,45,"PlayerSync","id=207 bytes=45","cf 1a 00 f4 7f f0 7f c0 00 0f ac ec 30 c9 81 49 d1 57 42 20 50 84 00 00 00 03 a4 e1 80 00 03 75 74 18 f7 b1 14 43 cb fd fd c8 04 04 80",""
2659,13845,"PACKET","IN",207,45,"PlayerSync","id=207 bytes=45","cf 60 00 f1 ff e1 3f c0 00 2a f7 63 b0 f0 ce 89 91 7b 6d 9e 90 84 00 00 00 03 36 85 c0 00 03 d1 59 e0 f4 b4 0d 62 73 fd fd fc 04 04 80",""
2660,13845,"PACKET","IN",207,45,"PlayerSync","id=207 bytes=45","cf 46 00 ef ff e7 7f c0 00 06 66 5f 30 ce 36 48 d1 6c f3 9f 90 84 00 00 00 02 ad b7 c0 00 03 e8 79 7c fa b8 75 83 43 e1 bd ab 04 08 80",""
2661,13845,"PACKET","IN",207,45,"PlayerSync","id=207 bytes=45","cf 1a 00 f4 7f ef 7f c0 00 31 ad 2c 30 e3 01 49 d1 40 c2 20 50 84 00 00 00 02 34 d5 80 00 03 f9 78 1c f6 09 21 5f cf fd fd c8 04 04 80",""
2662,13845,"PACKET","IN",207,45,"PlayerSync","id=207 bytes=45","cf 46 00 ef ff e7 7f c0 00 17 b0 5f 30 d1 f6 c8 d1 4c eb 5f 90 84 00 00 00 02 ad b7 c0 00 03 7f cd 7c f8 a4 7b ef 3e 99 ad ab 04 08 80",""
2663,13845,"RPC","IN",86,27,"ApplyPlayerAnimation","id=86 bytes=27","0b 00 07 42 44 5f 46 49 52 45 07 77 61 73 68 5f 75 70 33 33 83 40 80 00 00 00 00",""
2664,13865,"PACKET","IN",207,45,"PlayerSync","id=207 bytes=45","cf 1a 00 f4 7f ee ff c0 00 1b ad ac 30 c0 81 89 d1 64 01 e0 50 84 00 00 00 03 04 cd 80 00 03 4a f4 68 f6 85 2f 2f d3 fd fd c8 04 04 80",""
2665,13866,"PACKET","IN",200,44,"VehicleSync","id=200 bytes=44","c8 38 00 30 00 80 ff 00 00 00 00 2b 80 42 c0 10 be 33 44 ba 7c 3b 72 62 64 52 cc 98 04 24 9e f2 d3 e8 2f 77 15 2f 87 a5 a0 5d f0 00",""
2666,13866,"PACKET","IN",207,45,"PlayerSync","id=207 bytes=45","cf 46 00 ef ff e7 7f c0 00 01 fb 1f 30 dd 77 48 d1 63 a0 5f 90 84 00 00 00 02 ad b7 c0 00 00 e4 75 84 fb 28 79 e3 3c 8d 9d ab 04 08 80",""
2667,13866,"PACKET","IN",207,45,"PlayerSync","id=207 bytes=45","cf 60 00 f1 7f e1 3f c0 00 34 39 a3 b0 ff ce 89 91 64 ed de 90 84 00 00 00 03 e2 89 c0 00 03 c3 92 14 f6 74 0a ee 67 fd fd fc 04 04 80",""
2668,13895,"PACKET","IN",207,45,"PlayerSync","id=207 bytes=45","cf 1a 00 f4 7f ee 3f c0 00 02 6e 2c 30 de 41 89 d1 46 01 e0 50 84 00 00 00 02 a8 c5 80 00 00 52 f0 68 f5 3d 36 23 d7 fd fd c8 04 04 80",""
2669,13896,"PACKET","IN",207,45,"PlayerSync","id=207 bytes=45","cf 60 00 f1 7f e1 3f c0 00 0c bc a3 b0 d1 4e c9 91 59 2e 1e 90 84 00 00 00 01 7a 8d c0 00 00 08 b6 38 f5 44 08 fa 63 fd fd fc 04 04 80",""
2670,13896,"PACKET","IN",207,35,"PlayerSync","id=207 bytes=35","cf 76 00 00 00 0e 87 a2 f0 c1 28 c9 91 5a 1c 1e 90 84 00 00 00 03 6c 9f 40 00 00 00 00 00 01 00 00 00 80",""
2671,13897,"PACKET","IN",207,45,"PlayerSync","id=207 bytes=45","cf 1a 00 f4 7f ed ff c0 00 25 2e 6c 30 fc 41 89 d1 66 01 a0 50 84 00 00 00 03 58 c1 80 00 00 46 e8 68 f5 19 3d 73 db fd fd c8 04 04 80",""
2672,13897,"PACKET","IN",207,45,"PlayerSync","id=207 bytes=45","cf 60 00 f1 ff e1 3f c0 00 23 ff 63 b0 e2 8e c9 91 4d 2e 5e 90 84 00 00 00 00 8e 8d c0 00 00 4b 6e 5c f4 e0 0a f2 5f fd fd fc 04 04 80",""
2673,13919,"PACKET","IN",207,45,"PlayerSync","id=207 bytes=45","cf 1a 00 f4 7f ed ff c0 00 06 6e ec 30 da 41 c9 d1 45 01 a0 50 84 00 00 00 02 98 c1 80 00 00 b6 e4 68 f4 39 42 b7 db fd fd c8 04 04 80",""
2674,13920,"PACKET","IN",207,35,"PlayerSync","id=207 bytes=35","cf 1c 00 00 00 2d 1d 28 30 f6 cc c9 d1 7b 67 1f 10 84 00 00 00 00 65 93 00 00 00 00 00 00 01 28 00 04 11",""
2675,13920,"PACKET","IN",207,45,"PlayerSync","id=207 bytes=45","cf 46 00 ef ff e7 7f c0 00 17 d4 1f 70 e5 b8 88 d1 7c be 1f 50 84 00 00 00 02 ad b7 c0 00 01 3b d1 90 fa d0 83 9f 37 7d 71 ab 04 08 80",""
2676,13920,"RPC","IN",135,2,"HideTextDraw","id=135 bytes=2","31 08",""
2677,13920,"RPC","IN",135,2,"HideTextDraw","id=135 bytes=2","32 08",""
2678,13920,"RPC","IN",135,2,"HideTextDraw","id=135 bytes=2","33 08",""
2679,13920,"RPC","IN",135,2,"HideTextDraw","id=135 bytes=2","34 08",""
2680,13920,"RPC","IN",135,2,"HideTextDraw","id=135 bytes=2","35 08",""
2681,13920,"RPC","IN",135,2,"HideTextDraw","id=135 bytes=2","36 08",""
2682,13920,"PACKET","IN",207,45,"PlayerSync","id=207 bytes=45","cf 1a 00 f4 7f ed ff c0 00 27 6f 2c 30 f8 81 c9 d1 64 01 60 50 84 00 00 00 02 2c c1 80 00 00 16 e4 68 f4 f1 43 03 db fd fd c8 04 04 80",""
2683,13920,"PACKET","IN",207,45,"PlayerSync","id=207 bytes=45","cf 60 00 f1 ff e1 3f c0 00 07 82 63 f0 f4 4e c9 91 42 2e 9e 90 84 00 00 00 02 b2 8d c0 00 02 33 fa 54 f5 18 08 1e 63 fd fd fc 04 04 80",""
2684,13920,"PACKET","IN",207,37,"PlayerSync","id=207 bytes=37","cf 85 00 c0 00 00 00 22 95 25 b0 fc 7f c9 91 6c 24 9f 10 80 00 00 00 02 33 51 80 00 00 00 00 00 01 28 00 04 11",""
2685,13921,"PACKET","IN",207,35,"PlayerSync","id=207 bytes=35","cf 97 00 00 00 3d e7 a8 30 e4 09 c9 d1 7b 67 1f 10 84 00 00 00 00 0f 03 e8 00 00 00 00 00 01 28 00 04 11",""
2686,13945,"PACKET","IN",200,44,"VehicleSync","id=200 bytes=44","c8 38 00 30 00 00 00 00 00 00 00 2b 90 5a b0 09 be 00 40 6a 7c 35 b2 32 64 5e 9b e8 04 2e a9 32 f3 e3 1f 78 45 10 c7 c5 a0 5d f0 00",""
2687,13945,"PACKET","IN",207,45,"PlayerSync","id=207 bytes=45","cf 46 00 ef ff e7 7f c0 00 27 1e 5f 70 ec 79 08 d1 5d ed 1f 50 84 00 00 00 02 ad b7 c0 00 00 83 e1 98 fa 9c 84 83 37 51 61 ab 04 08 80",""
2688,13966,"PACKET","IN",207,45,"PlayerSync","id=207 bytes=45","cf 1a 00 f4 7f ed 7f c0 00 26 ef ec 30 f5 02 09 d1 60 81 20 50 84 00 00 00 02 80 bd 80 00 03 5e dc 68 f5 19 44 ab df fd fd c8 04 04 80",""
2689,13966,"PACKET","IN",207,45,"PlayerSync","id=207 bytes=45","cf 46 00 ef ff e7 7f c0 00 23 68 9f 70 f2 79 88 d1 78 da 1f 50 84 00 00 00 02 ad b7 c0 00 00 90 d9 a4 fa b8 89 2b 33 b9 51 ab 04 08 80",""
2690,13966,"PACKET","IN",207,45,"PlayerSync","id=207 bytes=45","cf 60 00 f1 ff e1 3f c0 00 08 05 63 f0 c6 0f 09 91 79 ae 9e 90 84 00 00 00 01 0e 91 c0 00 02 c0 5a 64 f4 94 09 66 5f fd fd fc 04 04 80",""
2691,13966,"PACKET","IN",203,34,"AimSync","id=203 bytes=34","cb 60 00 04 48 4c 6b bf 4f 5d c7 3e 1a eb 74 bd d9 76 8d c3 43 26 26 45 9a f7 7d 42 00 00 00 00 3f 36",""
2692,13966,"PACKET","IN",207,35,"PlayerSync","id=207 bytes=35","cf 63 00 00 00 35 23 63 70 dd 23 09 91 54 21 9e 90 80 00 00 00 02 22 63 80 00 00 00 00 00 01 28 00 04 11",""
2693,13967,"PACKET","IN",207,39,"PlayerSync","id=207 bytes=39","cf 85 00 c0 00 60 00 00 00 22 95 25 b0 fc 7f c9 91 6c 24 9f 10 80 00 00 00 02 33 51 80 00 00 00 00 00 01 28 00 04 11",""
2694,13993,"PACKET","IN",207,45,"PlayerSync","id=207 bytes=45","cf 46 00 ef ff e7 7f c0 00 0c 72 5f 70 f0 ba 08 d1 71 c6 9f 50 84 00 00 00 02 ad b7 c0 00 03 3a 29 ac fa d8 8d c7 2d 71 45 ab 04 08 80",""
2695,13993,"PACKET","IN",207,45,"PlayerSync","id=207 bytes=45","cf 60 00 f1 ff e1 3f c0 00 3d c8 a3 f0 d9 cf 09 91 79 ae de 90 84 00 00 00 03 9a 91 c0 00 03 e9 9a 84 f4 08 0a 5e 5b fd fd fc 04 04 80",""
2696,13994,"RPC","IN",16,16,"PlaySound","id=16 bytes=16","92 7e 00 00 00 00 00 00 00 00 00 00 00 00 00 00",""
2697,13994,"RPC","IN",134,80,"ShowTextDraw","id=134 bytes=80","37 08 11 9a 99 19 3f 00 00 00 40 1a ff 00 aa db b6 91 42 00 00 a0 41 00 00 00 32 00 01 00 00 00 ff 04 00 00 00 59 43 00 00 b8 43 00 00 00 00 00 00 00 00 00 00 00 00 00 00 00 00 80 3f ff ff ff ff 0d 00 6c 64 5f 64 75 61 6c 3a 77 68 69 74 65",""
2698,13994,"PACKET","IN",207,45,"PlayerSync","id=207 bytes=45","cf 1a 00 f4 7f ed 7f c0 00 33 30 2c 30 cd 42 49 d1 45 41 20 50 84 00 00 00 03 10 bd 80 00 03 c9 df e4 f0 cd 44 8b df fd fd c8 04 04 80",""
2699,13994,"RPC","IN",105,7,"TextDrawSetString","id=105 bytes=7","26 08 03 00 31 30 30",""
2700,13994,"RPC","IN",105,5,"TextDrawSetString","id=105 bytes=5","27 08 01 00 30",""
2701,13994,"RPC","IN",105,6,"TextDrawSetString","id=105 bytes=6","28 08 02 00 34 38",""
2702,13994,"RPC","IN",105,5,"TextDrawSetString","id=105 bytes=5","29 08 01 00 37",""
2703,13994,"RPC","IN",105,7,"TextDrawSetString","id=105 bytes=7","2a 08 03 00 31 30 30",""
2704,13994,"PACKET","IN",207,45,"PlayerSync","id=207 bytes=45","cf 1a 00 f3 ff ed bf c0 00 3f f0 6c 30 e5 82 49 d1 6a 40 e0 50 84 00 00 00 03 e0 c5 80 00 00 b9 e3 e4 f0 45 44 57 df fd fd c8 04 04 80",""
2705,13994,"PACKET","IN",207,45,"PlayerSync","id=207 bytes=45","cf 46 00 ef ff e7 7f c0 00 23 bd df 70 c8 3a c8 d1 51 ac df 10 84 00 00 00 02 ad b7 c0 00 02 3e 69 b8 f8 1c 95 7b 28 e9 35 ab 04 08 80",""
2706,13994,"PACKET","IN",207,35,"PlayerSync","id=207 bytes=35","cf 54 00 00 00 05 77 63 70 c5 21 c9 91 65 24 1e 90 80 00 00 00 00 12 8e c0 00 00 00 00 00 01 28 00 04 11",""
2707,14019,"PACKET","IN",207,45,"PlayerSync","id=207 bytes=45","cf 1a 00 f1 7f ee bf c0 00 15 b0 ec 30 ff 82 49 d1 50 80 e0 50 84 00 00 00 03 84 e5 80 00 03 99 14 14 f7 f1 38 f7 db fd fd c8 04 04 80",""
2708,14019,"PACKET","IN",207,45,"PlayerSync","id=207 bytes=45","cf 60 00 f1 ff e1 3f c0 00 01 8c 23 f0 eb cf 09 91 76 af 1e 90 84 00 00 00 02 82 95 c0 00 00 4c 72 b0 f7 74 07 1a 57 fd fd fc 04 04 80",""
2709,14019,"PACKET","IN",207,45,"PlayerSync","id=207 bytes=45","cf 1a 00 ef ff ef 3f c0 00 3e f1 2c 30 da 42 89 d1 7c 40 a0 50 84 00 00 00 03 d0 ed 80 00 02 12 2c 38 f6 75 1f a3 cb fd fd c8 04 04 80",""
2710,14019,"PACKET","IN",200,44,"VehicleSync","id=200 bytes=44","c8 38 00 30 00 00 00 00 00 00 00 0c 50 7e 60 09 dd ee 3b 2a 6c 31 21 f2 64 50 8b 68 04 26 63 62 f3 e3 0f 6f 04 e4 b7 d5 a0 5d f0 00",""
2711,14019,"PACKET","IN",207,45,"PlayerSync","id=207 bytes=45","cf 46 00 83 00 67 7f c2 00 2b ca 5f b0 ec 3b 48 d1 78 cd df 10 84 00 00 00 02 ad b7 c0 00 00 38 e9 c8 fa 24 98 8f 27 c9 21 ac 04 64 80",""
2712,14020,"PACKET","IN",207,45,"PlayerSync","id=207 bytes=45","cf 60 00 f1 ff e1 3f c0 00 2d 8f a3 f0 ff 4f 09 91 7b 6f 5e 90 84 00 00 00 01 2e 99 c0 00 01 8f 26 dc f6 d4 07 5a 53 fd fd fc 04 04 80",""
2713,14043,"PACKET","IN",207,45,"PlayerSync","id=207 bytes=45","cf 1a 00 ed ff ef ff c0 00 32 f1 ac 30 f6 82 89 d1 68 80 a0 50 84 00 00 00 03 7c f9 80 00 01 18 9c 60 f6 d9 17 d3 c7 fd fd c8 04 04 80",""
2714,14043,"PACKET","IN",207,35,"PlayerSync","id=207 bytes=35","cf 3d 00 00 00 32 67 a8 30 d0 79 49 91 7b 67 1f 10 84 00 00 00 00 e6 f1 c0 00 00 00 00 00 01 a5 04 e8 80",""
2715,14044,"PACKET","IN",207,45,"PlayerSync","id=207 bytes=45","cf 46 00 83 00 67 7f c0 00 34 56 9f b0 cc fc 08 d1 79 ac de d0 84 00 00 00 02 ad b7 c0 00 01 04 51 d8 f8 4c a3 83 1f cd 11 ac 04 64 80",""
2716,14044,"PACKET","IN",207,37,"PlayerSync","id=207 bytes=37","cf 85 00 c0 00 00 00 22 95 25 b0 fc 7f c9 91 6c 24 9f 10 80 00 00 00 02 33 51 80 00 00 00 00 00 01 28 00 04 11",""
2717,14044,"PACKET","IN",207,45,"PlayerSync","id=207 bytes=45","cf 46 00 83 00 67 7f c0 00 31 e1 1f b0 d6 3c 88 d1 40 2c 5e d0 84 00 00 00 02 ad b7 c0 00 00 a0 1d 68 fb 9c 70 0f 47 fd fd ac 04 64 80",""
2718,14065,"PACKET","IN",207,45,"PlayerSync","id=207 bytes=45","cf 1a 00 ec 7f f0 bf c0 00 33 f2 2c 30 d4 42 c9 d1 56 40 a0 50 84 00 00 00 01 34 fd 80 00 03 9e ec 84 f4 31 0e 37 c3 fd fd c8 04 04 80",""
2719,14065,"PACKET","IN",207,45,"PlayerSync","id=207 bytes=45","cf 60 00 f2 7f e1 3f c0 00 05 13 a3 f0 d2 cf 49 91 61 af 9e 90 84 00 00 00 01 26 99 c0 00 02 cb 2b 10 f6 44 07 e2 4f fd fd fc 04 04 80",""
2720,14093,"PACKET","IN",207,45,"PlayerSync","id=207 bytes=45","cf 1a 00 e9 ff f1 ff c0 00 33 f2 ac 30 f1 82 c9 d1 44 80 a0 50 84 00 00 00 02 95 0d 80 00 03 56 94 7c f6 a5 09 5f c3 fd fd c8 04 04 80",""
2721,14094,"PACKET","IN",207,45,"PlayerSync","id=207 bytes=45","cf 46 00 83 00 67 7f c0 00 1e 2c df b0 ee fd 08 d1 7f 29 1e d0 84 00 00 00 02 ad b7 c0 00 00 d2 3d ac fb 9c 70 0f 47 fd fd ac 04 64 80",""
2722,14094,"PACKET","IN",207,45,"PlayerSync","id=207 bytes=45","cf 60 00 f2 7f e1 3f c0 00 01 18 23 f0 e9 8f 49 91 43 af de 90 84 00 00 00 00 2e 9d c0 00 01 cf 33 10 f6 44 07 ea 4f fd fd fc 04 04 80",""
2723,14094,"PACKET","IN",207,45,"PlayerSync","id=207 bytes=45","cf 1a 00 e8 ff f2 bf c0 00 39 f3 2c 30 cd c3 09 d1 77 00 60 50 84 00 00 00 01 29 05 80 00 03 8c 50 74 f7 04 f8 7b bb fd fd c8 04 04 80",""
2724,14094,"PACKET","IN",207,35,"PlayerSync","id=207 bytes=35","cf 7e 00 00 00 13 27 28 30 cd 86 09 d1 7b 67 1f 10 84 00 00 00 01 42 b3 94 00 00 00 00 00 01 28 00 04 11",""
2725,14114,"PACKET","IN",207,45,"PlayerSync","id=207 bytes=45","cf 1a 00 e6 ff f3 7f c0 00 3b 33 ac 30 ea 43 09 d1 67 80 60 50 84 00 00 00 03 79 01 80 00 02 10 90 6c f7 75 01 63 bf fd fd c8 04 04 80",""
2726,14114,"PACKET","IN",200,44,"VehicleSync","id=200 bytes=44","c8 38 00 30 00 00 00 00 00 00 00 05 e0 ad f0 29 0d d5 e6 1a 6c 37 71 a2 64 5a fa f8 04 25 cf 72 d3 e3 ef 47 74 ac 67 d5 a0 5d f0 00",""
2727,14114,"PACKET","IN",207,35,"PlayerSync","id=207 bytes=35","cf 53 00 00 00 29 67 a8 30 de 18 09 d1 7a e7 1f 10 84 00 00 00 02 ba 42 c0 00 00 00 00 00 01 a5 04 04 80",""
2728,14114,"PACKET","IN",207,45,"PlayerSync","id=207 bytes=45","cf 60 00 f3 7f e0 ff c0 00 1b 9c a3 f0 ff 8f 49 91 66 af de 90 84 00 00 00 01 3e 99 c0 00 02 6a 2f 08 f5 a8 07 fa 4b fd fd fc 04 04 80",""
2729,14115,"PACKET","IN",207,35,"PlayerSync","id=207 bytes=35","cf 92 00 00 00 1b 0b 23 30 de 59 49 91 73 1f 1e 90 84 00 00 00 02 9b 21 c0 00 00 00 00 00 01 a5 04 04 80",""
2730,14115,"PACKET","IN",203,34,"AimSync","id=203 bytes=34","cb 92 00 04 bd a4 c5 be 6d c2 6a 3f 37 40 cd bd 3a d2 8b c3 b3 4a 26 45 84 9e 7d 42 00 00 00 00 3f 37",""
2731,14126,"PACKET","OUT",203,32,"AimSync","id=203 bytes=32","cb 00 00 00 39 05 00 00 00 00 00 00 00 00 00 00 00 40 01 00 00 00 80 3f 00 00 f3 04 b5 3f 39 05",""
2732,14140,"PACKET","IN",207,45,"PlayerSync","id=207 bytes=45","cf 1a 00 e5 ff f4 3f c0 00 3b b4 2c 30 c6 c3 49 d1 57 80 60 50 84 00 00 00 02 a0 f9 80 00 03 eb 78 6c f4 fd 06 3f bf fd fd c8 04 04 80",""
2733,14140,"PACKET","IN",207,45,"PlayerSync","id=207 bytes=45","cf 1a 00 e4 7f f5 3f c0 00 35 b4 ac 30 e3 03 49 d1 46 00 60 50 84 00 00 00 01 5d 01 80 00 01 e8 a4 68 f4 f9 0e a3 c3 fd fd c8 04 04 80",""
2734,14140,"PACKET","IN",207,35,"PlayerSync","id=207 bytes=35","cf 4d 00 00 00 02 00 23 30 e6 e4 09 91 70 1e 9e 90 84 00 00 00 03 da d0 80 00 00 00 00 00 01 28 00 04 11",""
2735,14141,"PACKET","IN",207,45,"PlayerSync","id=207 bytes=45","cf 60 00 f3 ff e0 ff c0 00 17 a0 63 f0 d2 4f 89 91 42 b0 1e 90 84 00 00 00 02 26 99 c0 00 02 50 02 f8 f6 40 07 ce 4f fd fd fc 04 04 80",""
2736,14161,"PACKET","IN",207,35,"PlayerSync","id=207 bytes=35","cf 7c 00 00 00 35 a2 e2 70 da 28 89 91 5f 9d de 90 80 00 00 00 01 98 6a 40 00 00 00 00 00 01 28 00 04 11",""
2737,14162,"RPC","IN",87,2,"ClearPlayerAnimation","id=87 bytes=2","1c 00",""
2738,14162,"RPC","IN",86,29,"ApplyPlayerAnimation","id=86 bytes=29","1c 00 05 43 41 52 52 59 0b 63 72 72 79 5f 70 72 74 69 61 6c 33 33 83 40 00 00 00 00 00",""
2739,14162,"PACKET","IN",207,45,"PlayerSync","id=207 bytes=45","cf 1a 00 e2 ff f5 ff c0 00 33 75 2c 30 ff 43 49 d1 75 80 20 50 84 00 00 00 03 b5 09 80 00 01 36 f8 68 f6 e1 07 4f bf fd fd c8 04 04 80",""
2740,14162,"PACKET","IN",203,34,"AimSync","id=203 bytes=34","cb 1a 00 04 5d 48 e5 3e 8a ca 64 3f 88 9e dd 3c 3a ea b0 c3 44 08 27 45 a5 2e 82 42 00 00 00 00 3f 36",""
2741,14162,"PACKET","IN",207,35,"PlayerSync","id=207 bytes=35","cf 29 00 00 00 28 26 a8 30 d1 15 49 d1 7b 67 1f 10 84 00 00 00 03 a9 ff c0 00 00 00 00 00 01 28 00 04 11",""
2742,14162,"PACKET","IN",200,44,"VehicleSync","id=200 bytes=44","c8 38 00 30 00 00 00 00 00 00 00 0b 00 c9 10 44 5d d4 91 aa 6c 30 11 62 64 52 da a8 04 20 89 e2 c3 e6 0f 29 94 67 17 d5 a0 5d f0 00",""
2743,14162,"PACKET","IN",207,45,"PlayerSync","id=207 bytes=45","cf 60 00 f4 ff e0 ff c0 00 03 e4 63 f0 e5 cf 89 91 60 70 1e 90 84 00 00 00 03 62 95 c0 00 01 3e 1e e4 f6 10 06 9e 4f fd fd fc 04 04 80",""
2744,14183,"PACKET","IN",207,45,"PlayerSync","id=207 bytes=45","cf 1a 00 e1 ff f6 3f c0 00 3a 75 ac 30 dc 43 89 d1 67 00 20 50 84 00 00 00 02 29 09 80 00 01 98 40 7c f5 98 fd ff bb fd fd c8 04 04 80",""
2745,14204,"PACKET","IN",207,45,"PlayerSync","id=207 bytes=45","cf 1a 00 e1 ff f6 7f c0 00 03 76 6c 30 f9 c3 89 d1 58 00 20 50 84 00 00 00 00 2d 05 80 00 02 52 00 88 f6 f8 fe cf bb fd fd c8 04 04 80",""
2746,14205,"PACKET","IN",207,35,"PlayerSync","id=207 bytes=35","cf 2d 00 00 00 3c 58 68 30 c1 50 49 d1 7b 67 1f 10 84 00 00 00 02 aa b3 c0 00 00 00 00 00 01 28 00 04 11",""
2747,14205,"PACKET","IN",207,45,"PlayerSync","id=207 bytes=45","cf 60 00 f4 ff e0 ff c0 00 21 e7 a3 f0 f7 4f 89 91 79 b0 1e 90 84 00 00 00 02 ca 99 c0 00 01 72 66 dc f6 a4 06 3a 53 fd fd fc 04 04 80",""
2748,14227,"PACKET","IN",207,45,"PlayerSync","id=207 bytes=45","cf 1a 00 e0 ff f6 ff c0 00 09 36 ec 30 d7 43 c9 d1 47 80 20 50 84 00 00 00 01 f1 0d 80 00 02 cc 30 88 f4 59 05 df bf fd fd c8 04 04 80",""
2749,14228,"PACKET","IN",207,45,"PlayerSync","id=207 bytes=45","cf 46 00 83 00 66 ff c2 00 2f 14 1f f0 d3 7f 48 d1 5c 1a de d0 84 00 00 00 03 bd 93 c0 00 03 c8 e7 f0 f5 08 8c e3 63 fd fd ac 04 64 80",""
2750,14228,"PACKET","IN",207,45,"PlayerSync","id=207 bytes=45","cf 60 00 f5 7f e0 ff c0 00 0a 2b e3 f0 cb cf c9 91 59 30 5e 90 84 00 00 00 02 a6 99 c0 00 03 fe 02 d0 f5 f0 05 ca 4f fd fd fc 04 04 80",""
2751,14228,"PACKET","IN",207,45,"PlayerSync","id=207 bytes=45","cf 1a 00 e0 7f f7 3f c0 00 16 77 6c 30 f5 43 c9 d1 79 3f e0 10 84 00 00 00 00 81 11 80 00 00 f5 bc 94 f7 94 f8 d3 bb fd fd c8 04 04 80",""
2752,14255,"PACKET","IN",207,45,"PlayerSync","id=207 bytes=45","cf 1a 00 df 7f f7 7f c0 00 25 b7 ec 30 d3 44 09 d1 6b 3f e0 10 84 00 00 00 03 fd 15 80 00 01 86 b8 98 f5 50 fb 77 b7 fd fd c8 04 04 80",""
2753,14256,"PACKET","IN",207,45,"PlayerSync","id=207 bytes=45","cf 46 00 83 00 66 ff c2 00 15 1a 1f f0 ed 3f 88 d1 46 18 9e d0 84 00 00 00 03 ad 93 c0 00 02 31 db f0 f4 f4 8c cf 63 fd fd ac 04 64 80",""
2754,14256,"PACKET","IN",207,35,"PlayerSync","id=207 bytes=35","cf 51 00 00 00 1b 0a e3 30 cf a8 49 91 58 dd 9e 90 84 00 00 00 01 37 17 c0 00 00 00 00 00 01 28 00 04 11",""
2755,14257,"PACKET","IN",200,44,"VehicleSync","id=200 bytes=44","c8 38 00 30 00 00 00 00 00 00 00 08 f0 e0 00 62 5d d7 7c ba 5c 3c e1 02 64 52 da 28 04 21 21 d2 b3 ef 2f 0d f4 3b 47 c5 a0 5d f0 00",""
2756,14257,"PACKET","IN",207,45,"PlayerSync","id=207 bytes=45","cf 1a 00 de 7f f7 bf c0 00 39 f8 6c 30 f1 44 09 d1 5f 3f e0 10 84 00 00 00 00 a1 21 80 00 00 68 28 a4 f6 ac f3 6f b3 fd fd c8 04 04 80",""
2757,14257,"PACKET","IN",207,35,"PlayerSync","id=207 bytes=35","cf 1f 00 00 00 26 a3 e3 70 c2 1d 89 91 42 a3 5e 90 80 00 00 00 02 c2 27 00 00 00 00 00 00 01 28 00 04 11",""
2758,14257,"PACKET","IN",207,39,"PlayerSync","id=207 bytes=39","cf 85 00 c0 00 60 00 00 00 22 95 25 b0 fc 7f c9 91 6c 24 9f 10 80 00 00 00 02 33 51 80 00 00 00 00 00 01 28 00 04 11",""
2759,14257,"PACKET","IN",203,34,"AimSync","id=203 bytes=34","cb 85 00 04 1a 30 83 be c2 e3 73 bf 60 64 27 be 68 13 96 c3 38 1e 27 45 c4 22 80 42 00 00 00 00 3f c6",""
2760,14283,"PACKET","IN",207,45,"PlayerSync","id=207 bytes=45","cf 1a 00 dc ff f8 bf c0 00 15 79 2c 30 cf 84 49 d1 54 bf e0 10 84 00 00 00 02 11 3d 80 00 00 89 b0 b0 f7 0c ea a3 af fd fd c8 04 04 80",""
2761,14283,"PACKET","IN",207,45,"PlayerSync","id=207 bytes=45","cf 60 00 f5 7f e0 bf c0 00 2a 32 a3 f0 ec cf c9 91 4d 70 9e 90 84 00 00 00 00 6a a1 c0 00 02 24 66 ac f5 64 06 2a 4b fd fd fc 04 04 80",""
2762,14283,"PACKET","IN",207,35,"PlayerSync","id=207 bytes=35","cf 70 00 00 00 35 63 63 70 db 17 89 91 7e 23 1e 90 80 00 00 00 00 96 07 00 00 00 00 00 00 01 00 00 00 80",""
2763,14283,"PACKET","OUT",205,9,"UNKNOWN_PACKET","id=205 bytes=9","cd b8 4a 04 00 00 00 00 00",""
2764,14283,"PACKET","OUT",207,69,"PlayerSync","id=207 bytes=69","cf 00 00 00 00 00 00 67 0a 9b c3 6b 06 27 45 ed 9c 7c 42 11 b2 39 3f 00 00 00 80 00 00 00 00 14 38 30 bf 64 00 04 00 00 00 00 00 00 00 00 00 00 00 00 00 00 00 00 00 00 00 00 00 00 00 00 00 00 00 28 00 04 11",""
2765,14308,"PACKET","IN",207,45,"PlayerSync","id=207 bytes=45","cf 1a 00 db ff f8 ff c0 00 03 79 ec 30 ed 44 49 d1 52 3f e0 10 84 00 00 00 03 e9 45 80 00 00 5f 9c bc f5 a4 d1 2f 9f fd fd c8 04 04 80",""
2766,14308,"PACKET","IN",207,45,"PlayerSync","id=207 bytes=45","cf 46 00 83 00 66 bf c2 00 0a 67 5f f0 f6 00 49 11 49 93 5e d0 84 00 00 00 03 49 93 c0 00 01 a4 5f d4 f4 f8 8c d3 63 fd fd ac 04 64 80",""
2767,14308,"PACKET","IN",207,35,"PlayerSync","id=207 bytes=35","cf 5b 00 00 00 0e fc 66 b0 e8 7d 89 91 7b 67 1f 10 84 00 00 00 01 0a e2 00 00 00 00 00 00 01 28 00 04 11",""
2768,14309,"PACKET","IN",207,45,"PlayerSync","id=207 bytes=45","cf 60 00 f5 ff e0 bf c0 00 13 76 23 f0 fc 0f c9 91 68 30 9e 90 84 00 00 00 00 26 a1 c0 00 02 1b 62 94 f4 dc 06 6e 47 fd fd fc 04 04 80",""
2769,14309,"PACKET","IN",207,45,"PlayerSync","id=207 bytes=45","cf 1a 00 da ff f9 ff c0 00 38 3a 6c 30 ca c4 89 d1 52 3f e0 10 84 00 00 00 03 69 61 80 00 00 13 cc c4 f5 58 ca fb 97 fd fd c8 04 04 80",""
2770,14309,"PACKET","IN",207,45,"PlayerSync","id=207 bytes=45","cf 46 00 83 00 66 bf c2 00 37 6d 1f f0 d0 40 c9 11 6f d0 de d0 84 00 00 00 02 bd 93 c0 00 03 4e 83 c0 f5 48 8d 27 63 fd fd ac 04 64 80",""
2771,14334,"PACKET","IN",207,35,"PlayerSync","id=207 bytes=35","cf 02 00 00 00 2d a2 e3 70 ee 9a 89 91 77 a3 1e 90 80 00 00 00 00 8a aa c0 00 00 00 00 00 01 a5 04 e8 80",""
2772,14335,"PACKET","IN",207,45,"PlayerSync","id=207 bytes=45","cf 1a 00 da 7f fa 7f c0 00 3b fb 2c 30 e7 44 89 d1 59 bf e0 10 84 00 00 00 01 dd 71 80 00 02 18 f0 cc f6 a8 b0 9f 87 fd fd c8 04 04 80",""
2773,14335,"PACKET","IN",200,44,"VehicleSync","id=200 bytes=44","c8 38 00 30 00 00 00 00 00 00 00 03 20 fb c0 61 8d d7 68 7a 5c 31 50 c2 64 5f 29 98 04 2d 9d c2 93 e5 fe f0 24 18 a7 c5 a0 5d f0 00",""
2774,14335,"PACKET","IN",203,34,"AimSync","id=203 bytes=34","cb 38 00 12 e1 02 65 3f 86 46 75 be a8 2e c1 be 16 a3 ab c3 6a 40 26 45 33 d3 8e 42 00 00 00 00 3f c6",""
2775,14335,"PACKET","IN",207,37,"PlayerSync","id=207 bytes=37","cf 70 00 7c 7f c0 00 35 63 63 70 db 17 89 91 7e 23 1e 90 80 00 00 00 01 3d ef 00 00 00 00 00 00 01 00 00 00 80",""
2776,14335,"PACKET","IN",207,45,"PlayerSync","id=207 bytes=45","cf 1a 00 d9 ff fb ff c0 00 06 fc 2c 30 c3 04 c9 d1 65 3f e0 10 84 00 00 00 03 f1 95 80 00 01 c9 08 d0 f7 14 a6 63 7b fd fd c8 04 04 80",""
2777,14335,"PACKET","IN",207,35,"PlayerSync","id=207 bytes=35","cf 1c 00 00 00 2d 1d 28 30 f6 cc c9 d1 7b 67 1f 10 84 00 00 00 00 65 93 00 00 00 00 00 00 01 a5 04 e8 80",""
2778,14335,"PACKET","IN",207,45,"PlayerSync","id=207 bytes=45","cf 46 00 83 00 66 bf c2 00 05 b3 9f f0 f0 81 09 11 6e ce 5e d0 84 00 00 00 02 15 93 c0 00 01 fd 9b a4 f5 b4 8d 97 63 fd fd ac 04 64 80",""
2779,14336,"PACKET","IN",207,37,"PlayerSync","id=207 bytes=37","cf 85 00 c0 00 00 00 22 95 25 b0 fc 7f c9 91 6c 24 9f 10 80 00 00 00 02 33 51 80 00 00 00 00 00 01 28 00 04 11",""
2780,14358,"PACKET","IN",207,45,"PlayerSync","id=207 bytes=45","cf 46 00 83 00 66 bf c2 00 0e b8 1f f0 f6 01 49 11 60 0c 9e d0 84 00 00 00 01 5d 93 c0 00 03 77 07 84 f6 30 8e 17 63 fd fd ac 04 64 80",""
2781,14358,"PACKET","IN",207,39,"PlayerSync","id=207 bytes=39","cf 55 00 80 80 7d ff c0 00 3e e0 24 70 de 62 c9 91 5c e2 9f 90 84 00 00 00 02 d1 67 c0 00 00 00 00 00 01 c8 04 08 80",""
2782,14358,"PACKET","IN",203,34,"AimSync","id=203 bytes=34","cb 55 00 04 0b a9 73 bf f8 c8 02 be f2 c7 8e be ec 40 90 c3 d8 90 26 45 83 ef 81 42 00 00 00 00 3f 44",""
2783,14358,"PACKET","IN",207,45,"PlayerSync","id=207 bytes=45","cf 60 00 f6 7f e0 bf c0 00 05 bc 23 f0 d5 d0 09 91 56 b0 de 90 84 00 00 00 02 06 a1 c0 00 02 d7 ee 88 f4 70 07 42 43 fd fd fc 04 04 80",""
2784,14359,"PACKET","IN",207,45,"PlayerSync","id=207 bytes=45","cf 70 00 80 80 78 3f c0 00 35 63 63 70 ec 57 89 91 7e 23 1e 90 80 00 00 00 03 35 fb 00 00 00 d4 3e 40 f3 fd ff ff ff fd fd 00 00 00 80",""
2785,14359,"PACKET","IN",207,45,"PlayerSync","id=207 bytes=45","cf 1a 00 d9 ff fc ff c0 00 21 3c ec 30 dc 84 c9 d1 7b 3f e0 10 84 00 00 00 02 1d b1 80 00 03 14 08 c8 f5 d0 89 77 5f fd fd c8 04 04 80",""
2786,14359,"PACKET","IN",207,45,"PlayerSync","id=207 bytes=45","cf 46 00 83 00 66 bf c2 00 04 fc 9f f0 fa 81 89 11 58 0a de d0 84 00 00 00 00 a1 93 c0 00 02 d9 b7 74 f6 bc 8e ab 63 fd fd ac 04 64 80",""
2787,14379,"PACKET","IN",207,45,"PlayerSync","id=207 bytes=45","cf 1a 00 da 7f ff ff c0 00 02 7d ec 30 f4 04 c9 d1 57 40 20 50 84 00 00 00 00 25 e5 80 00 02 d6 48 bc f6 d0 77 ef 47 fd fd c8 04 04 80",""
2788,14379,"PACKET","IN",207,45,"PlayerSync","id=207 bytes=45","cf 55 00 81 80 79 3f c0 00 06 e1 24 70 fb 22 c9 91 4c 22 9f 90 84 00 00 00 00 e1 af c0 00 02 5d 94 18 f7 ec ae 43 83 fd fd c8 04 08 80",""
2789,14379,"PACKET","IN",207,45,"PlayerSync","id=207 bytes=45","cf 60 00 f6 ff e0 bf c0 00 0a ff 63 f0 e3 d0 09 91 70 b0 de 90 84 00 00 00 01 62 a1 c0 00 02 2b ea 80 f4 94 04 52 47 fd fd fc 04 04 80",""
2790,14379,"PACKET","IN",207,43,"PlayerSync","id=207 bytes=43","cf 70 00 75 3f c0 00 35 63 63 70 fb d7 89 91 7e 23 1e 90 80 00 00 00 01 21 ef 00 00 02 7f 9a 20 f3 fd ff ff ff fd fd 00 00 00 80",""
2791,14380,"PACKET","IN",207,43,"PlayerSync","id=207 bytes=43","cf 70 00 73 ff c0 00 35 63 63 70 cb 57 c9 91 7e 23 1e 90 80 00 00 00 00 d9 ef 00 00 03 34 7a 40 f3 fd ff ff ff fd fd 00 00 00 80",""
2792,14407,"RPC","IN",86,27,"ApplyPlayerAnimation","id=86 bytes=27","92 00 07 42 44 5f 46 49 52 45 07 77 61 73 68 5f 75 70 33 33 83 40 80 00 00 00 00",""
2793,14408,"PACKET","IN",207,45,"PlayerSync","id=207 bytes=45","cf 1a 00 db 7f c1 80 00 00 2f 3e ac 30 c7 c5 09 d1 7f 80 20 50 84 00 00 00 00 ea 15 80 00 03 b9 b8 a4 f5 60 57 13 1b fd fd c8 04 04 80",""
2794,14408,"PACKET","IN",207,45,"PlayerSync","id=207 bytes=45","cf 46 00 83 80 66 bf c2 00 11 c0 a0 30 c1 c2 09 11 7e 08 de d0 84 00 00 00 03 5d 8b c0 00 03 59 27 7c f7 48 8f 3b 63 fd fd ac 04 64 80",""
2795,14408,"PACKET","IN",207,45,"PlayerSync","id=207 bytes=45","cf 55 00 82 00 76 ff c0 00 22 e1 e4 70 d2 a3 09 91 79 a2 5f 90 84 00 00 00 01 39 ef c0 00 01 41 94 18 f6 88 78 5b 4f fd fd c8 04 08 80",""
2796,14408,"PACKET","IN",207,45,"PlayerSync","id=207 bytes=45","cf 60 00 f8 ff e0 7f c0 00 2e 82 a4 30 f2 90 09 91 4b 31 1e 90 84 00 00 00 03 4a 95 c0 00 00 a5 7e 7c f4 b0 05 2a 47 fd fd fc 04 04 80",""
2797,14409,"PACKET","IN",207,45,"PlayerSync","id=207 bytes=45","cf 70 00 ff 7f f1 bf c0 00 35 63 63 70 da 57 c9 91 7e 23 1e 90 80 00 00 00 00 e5 df 00 00 02 8d 06 40 f3 fd ff ff ff fd fd 00 00 00 80",""
2798,14429,"PACKET","IN",207,45,"PlayerSync","id=207 bytes=45","cf 1a 00 dd 7f c5 00 00 00 24 bf ac 30 d7 85 09 d1 73 80 60 50 84 00 00 00 00 26 45 80 00 01 61 d0 90 f4 ec 3a a2 eb fd fd c8 04 04 80",""
2799,14429,"PACKET","IN",200,44,"VehicleSync","id=200 bytes=44","c8 38 00 30 00 00 00 00 00 00 00 0b f0 ef 20 61 cd d6 a3 fa 5c 3d 00 62 64 5a 09 18 04 27 fa 12 83 ea 8e d0 b3 e2 57 d5 a0 5d f0 00",""
2800,14430,"PACKET","IN",207,45,"PlayerSync","id=207 bytes=45","cf 46 00 83 80 66 ff c2 00 06 02 e0 30 c7 42 49 11 70 07 1e d0 84 00 00 00 02 59 8b c0 00 00 cf 3f 7c f7 48 93 57 67 fd fd ac 04 64 80",""
2801,14430,"PACKET","IN",203,34,"AimSync","id=203 bytes=34","cb 46 00 04 ef 98 3f bf 8d 7b 25 3f 3e e4 17 be 4c e6 7b c3 34 cf 23 45 db 6a 80 42 00 00 00 00 23 37",""
2802,14430,"PACKET","IN",207,45,"PlayerSync","id=207 bytes=45","cf 55 00 82 00 74 ff c0 00 0e e2 e4 70 e5 63 09 91 65 e2 5f 90 84 00 00 00 01 22 2b c0 00 00 35 94 18 f7 c0 4e 6b 13 fd fd c8 04 08 80",""
2803,14430,"PACKET","IN",207,35,"PlayerSync","id=207 bytes=35","cf 85 00 00 00 22 95 25 b0 fc 7f c9 91 6c 24 9f 10 80 00 00 00 02 33 51 80 00 00 00 00 00 01 28 00 04 11",""
2804,14431,"RPC","IN",63,4,"DestroyPickup","id=63 bytes=4","17 00 00 00",""
2805,14431,"RPC","IN",63,4,"DestroyPickup","id=63 bytes=4","54 00 00 00",""
2806,14431,"PACKET","IN",207,45,"PlayerSync","id=207 bytes=45","cf 1a 00 de ff c7 40 00 00 1f 80 ac 70 e3 85 09 d1 71 80 a0 50 84 00 00 00 01 a2 71 80 00 02 b4 08 80 f5 f0 23 4e b7 fd fd c8 04 04 80",""
2807,14431,"PACKET","IN",207,45,"PlayerSync","id=207 bytes=45","cf 46 00 84 00 66 ff c2 00 36 c5 60 30 dc 82 89 11 7a 04 de d0 84 00 00 00 01 01 87 c0 00 00 77 17 a0 f4 0c 94 1f 6b fd fd ac 04 64 80",""
2808,14431,"PACKET","IN",207,45,"PlayerSync","id=207 bytes=45","cf 60 00 f9 ff e0 7f c0 00 33 05 a4 30 c2 50 49 91 61 b1 1e 90 84 00 00 00 03 8a 91 c0 00 03 9c ca bc f6 a8 06 5a 53 fd fd fc 04 04 80",""
2809,14455,"PACKET","IN",207,45,"PlayerSync","id=207 bytes=45","cf 1a 00 e0 ff ca 40 00 00 23 01 ac 70 ec 05 09 d1 79 80 e0 50 84 00 00 00 00 fe 9d 80 00 01 be 1c 80 f4 b4 11 be 83 fd fd c8 04 04 80",""
2810,14455,"PACKET","IN",207,45,"PlayerSync","id=207 bytes=45","cf 55 00 82 00 73 bf c0 00 30 23 e4 70 f5 e3 09 91 4d a2 5f 90 84 00 00 00 02 26 6b c0 00 03 59 90 18 f6 80 2d 32 d7 fd fd c8 04 08 80",""
2811,14456,"PACKET","IN",207,45,"PlayerSync","id=207 bytes=45","cf 60 00 fa 7f e0 7f c0 00 2f 08 e4 30 d4 50 49 91 79 31 1e 90 84 00 00 00 02 4e 91 c0 00 03 08 ea d8 f7 78 07 2e 57 fd fd fc 04 04 80",""
2812,14456,"PACKET","IN",207,45,"PlayerSync","id=207 bytes=45","cf 70 00 fd ff ef 7f c0 00 39 23 63 70 da 57 c9 91 7e a3 1e 90 80 00 00 00 01 75 cb 00 00 02 b3 02 50 e4 0c 03 ca 07 fd fd 00 00 00 80",""
2813,14456,"PACKET","IN",207,35,"PlayerSync","id=207 bytes=35","cf 76 00 00 00 0e 87 a2 f0 c1 28 c9 91 5a 1c 1e 90 84 00 00 00 03 6c 9f 40 00 00 00 00 00 01 00 00 00 80",""
2814,14456,"PACKET","IN",207,45,"PlayerSync","id=207 bytes=45","cf 46 00 85 80 66 ff ca 00 18 c8 60 30 f9 c2 c9 11 4f 82 9e d0 84 00 00 00 03 79 7f c0 00 02 ec 77 bc f4 24 98 37 6f fd fd ac 04 64 80",""
2815,14456,"PACKET","IN",207,45,"PlayerSync","id=207 bytes=45","cf 55 00 81 80 72 3f c0 00 17 a5 24 70 c0 63 49 91 74 e2 1f 90 84 00 00 00 01 66 a7 c0 00 02 9d 90 18 f7 2c 12 d2 8b fd fd c8 04 08 80",""
2816,14456,"PACKET","IN",207,41,"PlayerSync","id=207 bytes=41","cf 70 00 00 00 3b 63 63 70 da 57 c9 91 7e a3 1e 90 80 00 00 00 01 75 cb 00 00 03 db a6 7c e4 0c 03 ea 07 fd fd 00 00 00 80",""
2817,14456,"PACKET","IN",207,45,"PlayerSync","id=207 bytes=45","cf 1a 00 e1 ff cb 80 00 00 38 82 ac 70 f1 45 09 d1 4f 01 60 50 84 00 00 00 02 96 c5 80 00 01 d7 f0 98 f5 80 06 ea 4b fd fd c8 04 04 80",""
2818,14456,"PACKET","IN",207,45,"PlayerSync","id=207 bytes=45","cf 46 00 86 00 66 ff c0 00 01 8b 20 30 d2 03 49 11 47 80 5e d0 84 00 00 00 03 79 7f c0 00 00 2f ab e0 f4 68 9c 5f 73 fd fd ae 04 08 80",""
2819,14457,"PACKET","IN",207,45,"PlayerSync","id=207 bytes=45","cf 60 00 fa ff e0 7f c0 00 28 cc a4 30 e9 50 49 91 54 31 5e 90 84 00 00 00 01 02 91 c0 00 02 0f 32 e0 f7 c0 04 c6 5b fd fd fc 04 04 80",""
2820,14457,"PACKET","IN",207,35,"PlayerSync","id=207 bytes=35","cf 63 00 00 00 35 23 63 70 dd 23 09 91 54 21 9e 90 80 00 00 00 02 22 63 80 00 00 00 00 00 01 28 00 04 11",""
2821,14476,"PACKET","IN",207,45,"PlayerSync","id=207 bytes=45","cf 1a 00 e3 7f cc c0 00 00 15 c3 ec 70 f2 85 09 d1 6f 81 a0 50 84 00 00 00 01 de ed 80 00 01 fa d0 a8 f4 58 02 e2 13 fd fd c8 04 04 80",""
2822,14477,"PACKET","IN",200,44,"VehicleSync","id=200 bytes=44","c8 38 00 30 00 00 00 00 00 00 00 05 00 d9 70 63 1d d7 7f 9a 4c 37 80 12 64 59 c8 b8 04 2d 27 52 73 e4 9e cc 63 b3 a7 e5 a0 5d f0 00",""
2823,14477,"PACKET","IN",207,45,"PlayerSync","id=207 bytes=45","cf 60 00 fb 7f e0 7f c0 00 02 8f e4 30 fb 10 49 91 6a 31 5e 90 84 00 00 00 03 ce 8d c0 00 02 03 32 e0 f4 0c 0a 6e 5b fd fd fc 04 04 80",""
2824,14477,"PACKET","IN",207,37,"PlayerSync","id=207 bytes=37","cf 85 00 60 00 00 00 22 95 25 b0 fc 7f c9 91 6c 24 9f 10 80 00 00 00 02 33 51 80 00 00 00 00 00 01 28 00 04 11",""
2825,14496,"PACKET","IN",207,45,"PlayerSync","id=207 bytes=45","cf 1a 00 e3 7f cd 40 00 00 33 04 ec 70 f0 05 09 d1 58 02 20 50 84 00 00 00 02 03 01 80 00 02 0f 74 a8 f5 58 02 dd db fd fd c8 04 04 80",""
2826,14496,"PACKET","IN",207,35,"PlayerSync","id=207 bytes=35","cf 97 00 00 00 3d e7 a8 30 e4 09 c9 d1 7b 67 1f 10 84 00 00 00 00 0f 03 e8 00 00 00 00 00 01 28 00 04 11",""
2827,14526,"PACKET","IN",207,45,"PlayerSync","id=207 bytes=45","cf 1a 00 e4 7f cd c0 00 00 14 06 2c 70 eb 45 09 d1 46 82 a0 50 84 00 00 00 02 fe f9 80 00 03 f8 c4 b8 f4 64 04 f9 bf fd fd c8 04 04 80",""
2828,14526,"PACKET","IN",207,45,"PlayerSync","id=207 bytes=45","cf 46 00 86 80 66 ff c0 00 34 10 60 30 c6 84 09 11 5c bb 9e 90 84 00 00 00 03 79 7f c0 00 00 9b fb 90 f4 68 9c 5f 73 fd fd ae 04 08 80",""
2829,14526,"PACKET","IN",207,45,"PlayerSync","id=207 bytes=45","cf 60 00 fb ff e0 7f c0 00 1a 52 e4 30 cd 10 89 91 40 31 9e 90 84 00 00 00 02 2e 8d c0 00 03 79 82 d0 f4 54 0b fa 5b fd fd fc 04 04 80",""
2830,14526,"PACKET","IN",207,45,"PlayerSync","id=207 bytes=45","cf 1a 00 e5 ff ce 80 00 00 35 87 2c 70 e7 45 09 d1 73 c2 e0 50 84 00 00 00 03 96 f5 80 00 02 eb 28 b4 f7 20 03 71 c7 fd fd c8 04 04 80",""
2831,14526,"PACKET","IN",207,41,"PlayerSync","id=207 bytes=41","cf 70 00 00 00 04 63 a3 70 da 57 c9 91 7f 23 1e 90 80 00 00 00 01 75 cb 00 00 01 ed 92 98 e4 18 01 e2 0b fd fd 00 00 00 80",""
2832,14527,"PACKET","IN",203,34,"AimSync","id=203 bytes=34","cb 70 00 04 71 1b 3a 3f f0 37 f1 3e 06 c3 ff be eb 7a 8e c3 52 4c 26 45 05 05 81 42 00 00 00 00 3f c6",""
2833,14527,"PACKET","IN",207,45,"PlayerSync","id=207 bytes=45","cf 60 00 fc 7f e0 7f c0 00 0d 96 64 30 e1 d0 89 91 58 b1 9e 90 84 00 00 00 00 76 8d c0 00 02 70 16 c4 f4 b4 0a 12 5f fd fd fc 04 04 80",""
2834,14548,"PACKET","IN",207,45,"PlayerSync","id=207 bytes=45","cf 1a 00 eb 7f d0 40 00 00 11 08 6c 70 e3 c5 09 d1 5e 03 60 50 84 00 00 00 03 d7 15 80 00 03 6f b0 a4 f6 94 00 89 cf fd fd c8 04 04 80",""
2835,14549,"PACKET","IN",207,45,"PlayerSync","id=207 bytes=45","cf 46 00 86 80 66 ff c0 00 3a d2 e0 30 da 44 49 11 72 79 5e 90 84 00 00 00 03 79 7f c0 00 00 b6 73 58 f4 68 9c 5f 73 fd fd ae 04 08 80",""
2836,14549,"PACKET","IN",207,35,"PlayerSync","id=207 bytes=35","cf 85 00 00 00 22 95 25 b0 fc 7f c9 91 6c 24 9f 10 80 00 00 00 02 33 51 80 00 00 00 00 00 01 28 00 04 11",""
2837,14549,"RPC","IN",105,19,"TextDrawSetString","id=105 bytes=19","2f 01 0f 00 30 39 20 41 67 75 73 74 75 73 20 32 30 32 36",""
2838,14549,"RPC","IN",105,12,"TextDrawSetString","id=105 bytes=12","30 01 08 00 31 32 3a 30 32 3a 30 31",""
2839,14575,"PACKET","IN",207,45,"PlayerSync","id=207 bytes=45","cf 1a 00 ee 7f d1 00 00 00 23 49 6c 70 dd 05 09 d1 4b 83 e0 50 84 00 00 00 03 1b 1d 80 00 03 da 70 98 f5 ec 0b a9 9b fd fd c8 04 04 80",""
2840,14575,"PACKET","IN",200,44,"VehicleSync","id=200 bytes=44","c8 38 00 30 00 00 00 00 00 00 00 03 40 ba 10 54 dd df 3b 2a 4c 3e 8f b2 54 5e f8 88 04 27 d0 b2 63 e5 0e b3 d3 aa e7 f5 a0 5d f0 00",""
2841,14576,"PACKET","IN",207,35,"PlayerSync","id=207 bytes=35","cf 3d 00 00 00 32 67 a8 30 d0 79 49 91 7b 67 1f 10 84 00 00 00 00 e6 f1 c0 00 00 00 00 00 01 28 00 04 11",""
2842,14576,"PACKET","IN",207,45,"PlayerSync","id=207 bytes=45","cf 46 00 86 80 66 ff c0 00 20 95 a0 30 f2 04 89 11 6d 77 1e 90 84 00 00 00 03 79 7f c0 00 00 c4 13 14 f4 68 9c 5f 73 fd fd ae 04 08 80",""
2843,14576,"PACKET","IN",207,43,"PlayerSync","id=207 bytes=43","cf 55 00 70 3f c0 00 1f ab 64 70 f7 a3 09 91 6e 21 9f 90 84 00 00 00 03 c2 f7 c0 00 02 97 28 68 f6 c4 02 c9 cb fd fd c8 04 08 80",""
2844,14577,"PACKET","IN",207,45,"PlayerSync","id=207 bytes=45","cf 60 00 fd ff e0 7f c0 00 02 99 a4 30 f5 90 89 91 6e f1 9e 90 84 00 00 00 00 92 85 c0 00 01 b0 9e b4 f5 20 08 3e 63 fd fd fc 04 04 80",""
2845,14597,"PACKET","IN",207,45,"PlayerSync","id=207 bytes=45","cf 1a 00 fa 7f d2 80 00 00 2a 8b 6c 70 ca c5 09 d1 67 04 a0 50 84 00 00 00 00 3b 61 80 00 02 4f 90 78 f7 70 1a 99 5b fd fd c8 04 04 80",""
2846,14597,"PACKET","IN",207,45,"PlayerSync","id=207 bytes=45","cf 46 00 86 80 66 ff c0 00 09 97 e0 30 f9 84 c9 11 53 f5 5e 90 84 00 00 00 03 79 7f c0 00 01 d2 2e cc f4 68 9c 5f 73 fd fd ae 04 08 80",""
2847,14598,"PACKET","IN",207,43,"PlayerSync","id=207 bytes=43","cf 55 00 6e ff c0 00 25 ac a4 70 f3 63 09 91 52 e1 9f 90 84 00 00 00 02 ee f7 c0 00 02 8b 28 68 f6 9c 00 45 cf fd fd c8 04 08 80",""
2848,14598,"PACKET","IN",207,45,"PlayerSync","id=207 bytes=45","cf 60 00 fe 7f e0 7f c0 00 22 9c e4 30 cc 90 c9 91 45 31 de 90 84 00 00 00 02 a6 81 c0 00 03 13 fe 9c f7 24 0a 42 6b fd fd fc 04 04 80",""
2849,14598,"PACKET","IN",207,41,"PlayerSync","id=207 bytes=41","cf 70 00 00 00 1b a3 63 70 dc 97 c9 91 7d 23 1e 90 80 00 00 00 01 75 cb 00 00 03 d2 94 14 f1 43 9b 9f 33 fd fd 00 00 00 80",""
2850,14624,"PACKET","IN",207,43,"PlayerSync","id=207 bytes=43","cf 1a 00 52 40 00 00 19 cc 6c 70 fc c4 c9 d1 58 05 20 50 84 00 00 00 01 23 7d 80 00 01 b4 24 74 f4 70 32 99 27 fd fd c8 04 04 80",""
2851,14624,"PACKET","IN",207,45,"PlayerSync","id=207 bytes=45","cf 46 00 86 80 66 ff c0 00 3a d9 60 30 f1 85 09 11 61 33 de 90 84 00 00 00 03 79 7f c0 00 03 b8 12 a0 f4 68 9c 5f 73 fd fd ae 04 08 80",""
2852,14625,"PACKET","IN",207,45,"PlayerSync","id=207 bytes=45","cf 55 00 ff 7f ee 7f c0 00 35 ed e4 70 ef 23 09 91 76 a1 5f 90 84 00 00 00 03 ea ff c0 00 02 9b 28 68 f6 7c 01 81 cf fd fd c8 04 08 80",""
2853,14625,"PACKET","IN",207,45,"PlayerSync","id=207 bytes=45","cf 60 00 ff ff e0 7f c0 00 3d 5f e4 30 e2 10 c9 91 59 b1 de 90 84 00 00 00 02 5a 79 c0 00 01 a7 ba 90 f7 a8 08 a6 6f fd fd fc 04 04 80",""
2854,14625,"PACKET","IN",207,45,"PlayerSync","id=207 bytes=45","cf 1a 00 84 80 52 40 00 00 33 cd 2c 70 ec 04 c9 d1 47 85 a0 50 84 00 00 00 03 27 95 80 00 03 7c 18 64 f7 20 48 f8 f7 fd fd c8 04 04 80",""
2855,14625,"PACKET","IN",207,45,"PlayerSync","id=207 bytes=45","cf 46 00 86 80 66 ff c0 00 29 db 60 30 f1 85 49 11 79 72 1e 90 84 00 00 00 03 79 7f c0 00 03 ac 12 a0 f4 68 9c 5f 73 fd fd ae 04 08 80",""
2856,14625,"PACKET","IN",207,45,"PlayerSync","id=207 bytes=45","cf 55 00 fe 7f ed bf c0 00 3e ae e4 70 ea e3 09 91 60 a1 5f 90 84 00 00 00 00 2b 0b c0 00 00 a2 5b e4 f0 00 04 19 c3 fd fd c8 04 08 80",""
2857,14625,"PACKET","IN",207,35,"PlayerSync","id=207 bytes=35","cf 7e 00 00 00 13 27 28 30 cd 86 09 d1 7b 67 1f 10 84 00 00 00 01 42 b3 94 00 00 00 00 00 01 28 00 04 11",""
2858,14643,"PACKET","IN",207,45,"PlayerSync","id=207 bytes=45","cf 1a 00 8d 00 51 80 00 00 02 0e 2c 70 d8 04 c9 d1 79 c5 e0 50 84 00 00 00 02 93 ad 80 00 00 dc 84 6c f6 dc 6a ec c7 fd fd c8 04 04 80",""
2859,14644,"PACKET","IN",200,44,"VehicleSync","id=200 bytes=44","c8 38 00 30 00 80 ff 00 00 00 00 0b 60 82 c0 41 3d df 96 ea 4c 3d 1f 62 54 57 e8 88 04 20 36 a2 33 ec 9e ee 53 f0 48 05 a0 5d f0 00",""
2860,14644,"PACKET","IN",207,45,"PlayerSync","id=207 bytes=45","cf 46 00 86 80 66 ff c0 00 18 dd 20 30 e9 45 89 11 48 b0 de 90 84 00 00 00 03 79 7f c0 00 03 94 12 a0 f4 68 9c 5f 73 fd fd ae 04 08 80",""
2861,14644,"PACKET","IN",207,43,"PlayerSync","id=207 bytes=43","cf 60 00 60 7f c0 00 2f 63 24 30 fa 90 c9 91 6d b1 de 90 84 00 00 00 00 16 79 c0 00 03 f4 ee 84 f6 04 0f 02 77 fd fd fc 04 04 80",""
2862,14652,"PACKET","OUT",203,32,"AimSync","id=203 bytes=32","cb 00 00 00 39 05 00 00 00 00 00 00 00 00 00 00 00 40 01 00 00 00 80 3f 00 00 f3 04 b5 3f 39 05",""
2863,14666,"PACKET","IN",207,45,"PlayerSync","id=207 bytes=45","cf 55 00 fb ff eb bf c0 00 21 f0 24 70 e5 63 09 91 48 21 5f 90 84 00 00 00 02 0f 1b c0 00 01 79 c8 14 f5 b8 07 a9 b3 fd fd c8 04 08 80",""
2864,14666,"PACKET","IN",207,35,"PlayerSync","id=207 bytes=35","cf 7c 00 00 00 35 a2 e2 70 da 28 89 91 5f 9d de 90 80 00 00 00 01 98 6a 40 00 00 00 00 00 01 28 00 04 11",""
2865,14666,"PACKET","IN",207,45,"PlayerSync","id=207 bytes=45","cf 1a 00 95 00 50 40 00 00 00 4e ec 70 c1 04 c9 d1 6c c6 60 50 84 00 00 00 03 13 c1 80 00 02 53 cc 74 f7 a8 8c 5c 9f fd fd c8 04 04 80",""
2866,14667,"PACKET","IN",207,45,"PlayerSync","id=207 bytes=45","cf 46 00 86 80 66 ff c0 00 08 1e e0 30 e1 05 c9 11 57 2f 5e 90 84 00 00 00 03 79 7f c0 00 03 b0 12 a0 f4 68 9c 5f 73 fd fd ae 04 08 80",""
2867,14667,"PACKET","IN",207,45,"PlayerSync","id=207 bytes=45","cf 60 00 80 80 60 7f c0 00 28 26 24 30 d1 d1 09 91 7f b1 de 90 84 00 00 00 01 aa 75 c0 00 03 ca 4a 70 f6 b4 0d d2 7b fd fd fc 04 04 80",""
2868,14667,"PACKET","IN",207,45,"PlayerSync","id=207 bytes=45","cf 1a 00 98 00 4f 80 00 00 33 8f 6c 70 e6 04 89 d1 64 86 e0 50 84 00 00 00 00 a7 d5 80 00 01 fb 20 9c f4 c4 ba 34 77 fd fd c8 04 04 80",""
2869,14667,"PACKET","IN",207,35,"PlayerSync","id=207 bytes=35","cf 4d 00 00 00 02 00 23 30 e6 e4 09 91 70 1e 9e 90 84 00 00 00 03 da d0 80 00 00 00 00 00 01 28 00 04 11",""
2870,14667,"PACKET","IN",207,45,"PlayerSync","id=207 bytes=45","cf 55 00 fb 7f ea bf c0 00 07 31 64 70 dd e3 09 91 6f a1 1f 90 84 00 00 00 03 ff 1b c0 00 02 76 9c 44 f6 a0 08 39 9b fd fd c8 04 08 80",""
2871,14687,"PACKET","IN",207,45,"PlayerSync","id=207 bytes=45","cf 1a 00 9c 80 4e 80 00 00 13 d0 2c 70 c7 c4 89 d1 5c 87 60 50 84 00 00 00 03 4f e1 80 00 00 92 d0 b4 f5 b4 e4 d8 57 fd fd c8 04 04 80",""
2872,14687,"PACKET","IN",207,45,"PlayerSync","id=207 bytes=45","cf 46 00 86 80 66 ff c0 00 2f 24 e0 30 ed 06 89 11 40 93 5e d0 84 00 00 00 03 79 7f c0 00 02 bf 81 f4 fa cc c0 9b 4b 66 e5 ab 04 08 80",""
2873,14687,"PACKET","IN",207,45,"PlayerSync","id=207 bytes=45","cf 60 00 80 80 60 7f c0 00 28 28 e4 30 e7 d1 09 91 50 72 1e 90 84 00 00 00 02 32 75 c0 00 03 83 fe 54 f7 70 0c ce 7f fd fd fc 04 04 80",""
2874,14687,"PACKET","IN",207,35,"PlayerSync","id=207 bytes=35","cf 70 00 00 00 1b a3 63 70 dc 97 c9 91 7d 23 1e 90 80 00 00 00 01 75 cb 00 00 00 00 00 00 01 00 00 00 80",""
2875,14687,"PACKET","IN",207,37,"PlayerSync","id=207 bytes=37","cf 85 00 60 00 00 00 22 95 25 b0 fc 7f c9 91 6c 24 9f 10 80 00 00 00 02 33 51 80 00 00 00 00 00 01 28 00 04 11",""
2876,14688,"RPC","IN",86,27,"ApplyPlayerAnimation","id=86 bytes=27","02 00 07 42 44 5f 46 49 52 45 07 77 61 73 68 5f 75 70 33 33 83 40 80 00 00 00 00",""
2877,14711,"PACKET","IN",207,45,"PlayerSync","id=207 bytes=45","cf 46 00 86 80 66 ff c0 00 34 aa 20 30 db c7 49 11 69 2f 9e d0 84 00 00 00 03 79 7f c0 00 00 9a 99 e4 f9 e8 bd ab 4c f2 d9 ab 04 08 80",""
2878,14711,"PACKET","IN",207,35,"PlayerSync","id=207 bytes=35","cf 53 00 00 00 29 67 a8 30 de 18 09 d1 7a e7 1f 10 84 00 00 00 02 ba 42 c0 00 00 00 00 00 01 a5 04 04 80",""
2879,14711,"PACKET","IN",207,45,"PlayerSync","id=207 bytes=45","cf 55 00 fa 7f e9 bf c0 00 36 32 a4 70 d4 23 09 91 50 e1 1f 90 84 00 00 00 01 63 23 c0 00 01 ea b4 74 f7 40 09 35 97 fd fd c8 04 08 80",""
2880,14711,"PACKET","IN",207,45,"PlayerSync","id=207 bytes=45","cf 1a 00 9d 80 4e 80 00 00 20 d0 ac 70 e5 84 49 d1 56 87 e0 50 84 00 00 00 02 fb ed 80 00 01 b5 e4 e0 f6 11 14 90 3b fd fd c8 04 04 80",""
2881,14711,"PACKET","IN",207,35,"PlayerSync","id=207 bytes=35","cf 2d 00 00 00 3c 58 68 30 c1 50 49 d1 7b 67 1f 10 84 00 00 00 02 aa b3 c0 00 00 00 00 00 01 28 00 04 11",""
2882,14711,"PACKET","IN",207,43,"PlayerSync","id=207 bytes=43","cf 60 00 60 7f c0 00 38 6b a4 30 fe 51 09 91 61 72 1e 90 84 00 00 00 01 ba 79 c0 00 02 c8 32 64 f7 44 0c 26 7f fd fd fc 04 04 80",""
2883,14731,"PACKET","IN",207,45,"PlayerSync","id=207 bytes=45","cf 1a 00 9e 80 4e 80 00 00 16 11 2c 70 ff 44 09 d1 50 88 60 50 84 00 00 00 03 03 f5 80 00 03 16 41 0c f5 35 49 bc 23 fd fd c8 04 04 80",""
2884,14731,"PACKET","IN",207,35,"PlayerSync","id=207 bytes=35","cf 29 00 00 00 28 26 a8 30 d1 15 49 d1 7b 67 1f 10 84 00 00 00 03 a9 ff c0 00 00 00 00 00 01 28 00 04 11",""
2885,14732,"PACKET","IN",200,44,"VehicleSync","id=200 bytes=44","c8 38 00 30 00 80 ff 00 00 00 00 00 30 65 60 20 6d ca 72 9a 4c 35 ef 22 54 5b 88 78 04 23 96 c1 f3 ee 6f 29 94 77 57 f5 a0 5d f0 00",""
2886,14732,"PACKET","IN",207,45,"PlayerSync","id=207 bytes=45","cf 46 00 86 80 66 ff c0 00 12 6e a0 30 ec 87 c9 11 51 05 9f 10 84 00 00 00 03 79 7f c0 00 03 45 5d d8 f9 fc b9 bb 50 72 cd ab 04 08 80",""
2887,14732,"PACKET","IN",207,45,"PlayerSync","id=207 bytes=45","cf 55 00 f9 ff e8 bf c0 00 31 b4 24 70 c9 23 09 91 71 20 df 90 84 00 00 00 03 13 23 c0 00 01 68 d0 ac f5 1c 0c d1 8f fd fd c8 04 08 80",""
2888,14757,"PACKET","IN",207,45,"PlayerSync","id=207 bytes=45","cf 46 00 86 80 66 ff c0 00 01 b3 60 30 c7 c8 89 11 72 db 1f 10 84 00 00 00 03 79 7f c0 00 02 74 01 cc f9 f0 b5 eb 56 7e bd ab 04 08 80",""
2889,14758,"PACKET","IN",207,45,"PlayerSync","id=207 bytes=45","cf 55 00 f7 ff e6 ff c0 00 2b 75 a4 70 fd e2 c9 91 51 60 df 90 84 00 00 00 00 93 2f c0 00 02 11 10 e8 f5 bc 0e 29 8b fd fd c8 04 08 80",""
2890,14758,"PACKET","IN",207,43,"PlayerSync","id=207 bytes=43","cf 60 00 60 7f c0 00 34 ae e4 30 d7 51 49 91 75 b2 1e 90 84 00 00 00 01 fa 79 c0 00 03 05 c6 80 f6 34 0f c6 77 fd fd fc 04 04 80",""
2891,14759,"PACKET","IN",207,45,"PlayerSync","id=207 bytes=45","cf 46 00 86 80 66 ff c0 00 38 f7 e0 30 e4 09 09 11 51 ef 1f 10 84 00 00 00 03 79 7f c0 00 00 af 75 bc fa 0c b1 f3 5b e2 ad ab 04 08 80",""
2892,14759,"PACKET","IN",207,45,"PlayerSync","id=207 bytes=45","cf 1a 00 9e 80 4e 80 00 00 34 11 6c 70 d4 04 09 d1 4d 48 e0 50 84 00 00 00 01 f3 f5 80 00 03 e5 69 24 f5 e5 79 dc 13 fd fd c8 04 04 80",""
2893,14759,"PACKET","IN",207,45,"PlayerSync","id=207 bytes=45","cf 55 00 f7 7f e5 ff c0 00 15 77 64 70 ef a2 c9 91 6d a0 9f 90 84 00 00 00 01 df 2f c0 00 00 d4 25 24 f5 84 13 2d 7b fd fd c8 04 08 80",""
2894,14760,"PACKET","IN",207,43,"PlayerSync","id=207 bytes=43","cf 60 00 60 3f c0 00 26 32 24 30 ef d1 49 91 49 32 5e 90 84 00 00 00 02 26 79 c0 00 03 dd 1e a8 f6 20 0f 76 77 fd fd fc 04 04 80",""
2895,14778,"PACKET","IN",207,41,"PlayerSync","id=207 bytes=41","cf 1a 00 00 00 1b 92 2c 70 cb 43 c9 d1 62 09 a0 50 84 00 00 00 01 f3 f5 80 00 01 bd d5 1c f6 59 73 f8 13 fd fd a5 04 04 80",""
2896,14778,"PACKET","IN",207,45,"PlayerSync","id=207 bytes=45","cf 55 00 f7 7f e5 7f c0 00 06 79 64 70 de a2 c9 91 44 20 9f 90 84 00 00 00 01 63 2f c0 00 03 86 89 5c f6 14 11 21 7b fd fd c8 04 08 80",""
2897,14798,"PACKET","IN",200,44,"VehicleSync","id=200 bytes=44","c8 38 00 30 00 00 00 00 00 00 00 09 80 39 00 05 1d a6 be 2a 3c 38 4e e2 54 5a d8 48 04 2c cc 41 c3 ed ff 4d 34 b7 27 e5 a0 5d f0 00",""
2898,14799,"PACKET","IN",207,45,"PlayerSync","id=207 bytes=45","cf 46 00 86 80 66 ff c0 00 26 3d 60 30 d8 09 c9 11 69 83 5f 50 84 00 00 00 03 79 7f c0 00 02 5e 29 b0 f9 dc ae 4b 5e 6a 9d ab 04 08 80",""
2899,14799,"PACKET","IN",207,45,"PlayerSync","id=207 bytes=45","cf 60 00 ff ff e0 7f c0 00 12 35 a4 30 ca 11 89 91 5e b2 5e 90 84 00 00 00 01 66 7d c0 00 01 a2 66 dc f6 14 0f 42 77 fd fd fc 04 04 80",""
2900,14799,"PACKET","IN",207,35,"PlayerSync","id=207 bytes=35","cf 51 00 00 00 1b 0a e3 30 cf a8 49 91 58 dd 9e 90 84 00 00 00 01 37 17 c0 00 00 00 00 00 01 28 00 04 11",""
2901,14799,"PACKET","IN",207,45,"PlayerSync","id=207 bytes=45","cf 55 00 f6 7f e4 7f c0 00 23 bb 24 70 ce 62 c9 91 5c 20 5f 90 84 00 00 00 01 a3 33 c0 00 01 e3 25 c8 f5 dc 11 e5 7b fd fd c8 04 08 80",""
2902,14799,"PACKET","IN",207,35,"PlayerSync","id=207 bytes=35","cf 85 00 00 00 22 95 25 b0 fc 7f c9 91 6c 24 9f 10 80 00 00 00 02 33 51 80 00 00 00 00 00 01 28 00 04 11",""
2903,14825,"PACKET","IN",207,45,"PlayerSync","id=207 bytes=45","cf 46 00 86 80 66 ff c0 00 2b 03 a0 70 e7 ca 89 11 47 57 9f 50 84 00 00 00 03 79 7f c0 00 02 cc 69 a4 f9 74 aa df 61 5e 89 ab 04 08 80",""
2904,14825,"PACKET","IN",207,45,"PlayerSync","id=207 bytes=45","cf 60 00 fe ff e0 7f c0 00 0e 39 64 30 e5 91 89 91 76 72 5e 90 84 00 00 00 03 c2 81 c0 00 00 6f 7b 08 f5 20 0f 36 73 fd fd fc 04 04 80",""
2905,14825,"PACKET","IN",207,35,"PlayerSync","id=207 bytes=35","cf 02 00 00 00 2d a2 e3 70 ee 9a 89 91 77 a3 1e 90 80 00 00 00 00 8a aa c0 00 00 00 00 00 01 28 00 04 11",""
2906,14825,"PACKET","IN",207,45,"PlayerSync","id=207 bytes=45","cf 46 00 86 80 66 ff c0 00 33 c9 60 70 e7 8b 49 11 72 a7 1f 50 84 00 00 00 03 79 7f c0 00 01 45 51 98 f9 dc a6 97 65 32 75 ab 04 08 80",""
2907,14826,"PACKET","IN",207,45,"PlayerSync","id=207 bytes=45","cf 55 00 f5 ff e3 ff c0 00 38 3d 24 70 fb 62 89 91 6f 60 1f 90 84 00 00 00 03 fb 33 c0 00 03 f7 5a 14 f7 c0 13 1d 73 fd fd c8 04 08 80",""
2908,14826,"PACKET","IN",207,35,"PlayerSync","id=207 bytes=35","cf 5b 00 00 00 0e fc 66 b0 e8 7d 89 91 7b 67 1f 10 84 00 00 00 01 0a e2 00 00 00 00 00 00 01 28 00 04 11",""
2909,14846,"PACKET","IN",207,35,"PlayerSync","id=207 bytes=35","cf 1f 00 00 00 26 a3 e3 70 c2 1d 89 91 42 a3 5e 90 80 00 00 00 02 c2 27 00 00 00 00 00 00 01 28 00 04 11",""
2910,14847,"PACKET","IN",207,45,"PlayerSync","id=207 bytes=45","cf 60 00 fe 7f e0 7f c0 00 1c fd 64 30 c1 51 c9 91 51 32 9e 90 84 00 00 00 02 f6 85 c0 00 01 ff 33 10 f7 5c 0b 42 6b fd fd fc 04 04 80",""
2911,14847,"RPC","IN",87,2,"ClearPlayerAnimation","id=87 bytes=2","7e 00",""
2912,14847,"RPC","IN",86,29,"ApplyPlayerAnimation","id=86 bytes=29","7e 00 05 43 41 52 52 59 0b 63 72 72 79 5f 70 72 74 69 61 6c 33 33 83 40 00 00 00 00 00",""
2913,14848,"PACKET","IN",207,35,"PlayerSync","id=207 bytes=35","cf 1c 00 00 00 2d 1d 28 30 f6 cc c9 d1 7b 67 1f 10 84 00 00 00 00 65 93 00 00 00 00 00 00 01 a5 04 e8 80",""
2914,14873,"PACKET","IN",207,41,"PlayerSync","id=207 bytes=41","cf 1a 00 00 00 05 93 ac 70 ee 03 09 d1 6e 8b 60 50 84 00 00 00 01 f3 f5 80 00 02 d1 93 e4 f2 59 73 f8 13 fd fd a5 04 04 80",""
2915,14873,"PACKET","IN",207,45,"PlayerSync","id=207 bytes=45","cf 46 00 86 80 66 ff c0 00 01 0e a0 70 cf 0c 09 11 6c 72 9f 50 84 00 00 00 03 79 7f c0 00 00 ac e9 90 fb 20 a1 6b 6b 0e 61 ab 04 08 80",""
2916,14873,"PACKET","IN",207,45,"PlayerSync","id=207 bytes=45","cf 60 00 fd 7f e0 7f c0 00 3c 80 e4 70 d9 11 c9 91 69 b2 9e 90 84 00 00 00 01 52 8d c0 00 01 2f a3 0c f6 80 0b 3a 67 fd fd fc 04 04 80",""
2917,14874,"PACKET","IN",200,44,"VehicleSync","id=200 bytes=44","c8 38 00 30 00 00 00 00 00 08 00 25 70 20 d0 04 7d 92 89 da 3c 39 ee a2 54 50 a8 08 04 29 a6 f2 03 ec cf 38 24 9d e7 d5 a0 5d f0 00",""
2918,14874,"PACKET","IN",207,45,"PlayerSync","id=207 bytes=45","cf 46 00 86 80 66 ff c0 00 1d d4 20 70 c9 0c c9 11 6f bc 9f 50 84 00 00 00 03 79 7f c0 00 03 b5 01 88 f8 98 a0 07 6e 5a 4d ab 04 08 80",""
2919,14874,"PACKET","OUT",207,69,"PlayerSync","id=207 bytes=69","cf 00 00 00 00 00 00 67 0a 9b c3 6b 06 27 45 ed 9c 7c 42 11 b2 39 3f 00 00 00 80 00 00 00 00 14 38 30 bf 64 00 04 00 00 00 00 00 00 00 00 00 00 00 00 00 00 00 00 00 00 00 00 00 00 00 00 00 00 00 28 00 04 11",""
2920,14894,"PACKET","IN",207,45,"PlayerSync","id=207 bytes=45","cf 60 00 fc ff e0 7f c0 00 0e 04 e4 70 f0 11 c9 91 44 b2 de 90 84 00 00 00 00 9e 91 c0 00 03 bc cb 04 f4 e8 0b 26 5f fd fd fc 04 04 80",""
2921,14894,"PACKET","IN",207,45,"PlayerSync","id=207 bytes=45","cf 46 00 86 80 66 ff c0 00 22 19 a0 70 ff cd 49 11 60 83 df 90 84 00 00 00 03 79 7f c0 00 02 12 c5 80 fa ac 9e 0b 6d 92 39 ab 04 08 80",""
2922,14935,"PACKET","IN",207,43,"PlayerSync","id=207 bytes=43","cf 1a 00 45 c0 00 00 36 94 2c 70 e1 42 c9 d1 4f 0c 60 50 84 00 00 00 00 93 ed 80 00 01 bc 42 40 f2 59 73 f8 13 fd fd f5 04 04 80",""
2923,14935,"PACKET","IN",207,45,"PlayerSync","id=207 bytes=45","cf 46 00 86 80 66 ff c0 00 3f 1f 20 70 f9 ce 09 11 71 48 5f 90 84 00 00 00 03 79 7f c0 00 03 b5 fd 7c f9 4c 9f 77 6c 0e 25 ab 04 08 80",""
2924,14935,"PACKET","IN",207,45,"PlayerSync","id=207 bytes=45","cf 60 00 fb ff e0 7f c0 00 0d c8 64 70 c4 52 09 91 5d b2 de 90 84 00 00 00 03 16 95 c0 00 02 a5 e2 e8 f4 24 0a f2 5b fd fd fc 04 04 80",""
2925,14935,"PACKET","IN",207,45,"PlayerSync","id=207 bytes=45","cf 46 00 86 80 66 ff c0 00 3f a4 20 70 df 8e c9 11 51 ca 5f 90 84 00 00 00 03 79 7f c0 00 02 13 19 78 f8 98 9c 2f 70 aa 11 ab 04 08 80",""
2926,14936,"PACKET","IN",207,45,"PlayerSync","id=207 bytes=45","cf 55 00 f6 ff e2 ff c0 00 07 8b 64 b0 f3 e2 09 91 41 df 1f 90 84 00 00 00 02 c3 33 c0 00 03 f2 a2 b4 f6 44 16 9d 6b fd fd c8 04 08 80",""
2927,14956,"PACKET","IN",207,43,"PlayerSync","id=207 bytes=43","cf 1a 00 45 c0 00 00 0b d4 ac 70 c7 42 c9 d1 64 0c a0 50 84 00 00 00 00 2b e1 80 00 00 c3 38 14 f5 45 3e 78 27 fd fd c8 04 04 80",""
2928,14957,"PACKET","IN",200,44,"VehicleSync","id=200 bytes=44","c8 38 00 30 00 80 ff 00 00 00 00 03 70 26 f0 00 4d 98 e5 3a 3c 34 6e 62 54 56 07 a8 04 24 ee 62 33 ea 0f 44 f4 ba 97 d5 a0 5d f0 00",""
2929,14957,"PACKET","IN",207,45,"PlayerSync","id=207 bytes=45","cf 60 00 fb 7f e0 7f c0 00 24 4c 24 70 d8 52 09 91 7a 32 de 90 84 00 00 00 02 92 99 c0 00 00 ce 26 e0 f6 b4 06 9a 53 fd fd fc 04 04 80",""
2930,14957,"PACKET","IN",207,35,"PlayerSync","id=207 bytes=35","cf 7e 00 00 00 13 27 28 30 cd 86 09 d1 7b 67 1f 10 84 00 00 00 01 42 b3 94 00 00 00 00 00 01 a5 04 e8 80",""
2931,14957,"PACKET","IN",207,37,"PlayerSync","id=207 bytes=37","cf 85 00 60 00 00 00 22 95 25 b0 fc 7f c9 91 6c 24 9f 10 80 00 00 00 02 33 51 80 00 00 00 00 00 01 28 00 04 11",""
2932,14957,"RPC","IN",135,2,"HideTextDraw","id=135 bytes=2","2b 08",""
2933,14957,"RPC","IN",135,2,"HideTextDraw","id=135 bytes=2","2c 08",""
2934,14957,"RPC","IN",135,2,"HideTextDraw","id=135 bytes=2","2d 08",""
2935,14958,"RPC","IN",135,2,"HideTextDraw","id=135 bytes=2","2e 08",""
2936,14958,"RPC","IN",135,2,"HideTextDraw","id=135 bytes=2","2f 08",""
2937,14958,"RPC","IN",135,2,"HideTextDraw","id=135 bytes=2","30 08",""
2938,14977,"PACKET","IN",207,43,"PlayerSync","id=207 bytes=43","cf 1a 00 45 c0 00 00 37 54 ec 70 ee 82 89 d1 7e 0c e0 50 84 00 00 00 00 c3 d1 80 00 00 06 f0 14 f6 95 0a a4 3f fd fd c8 04 04 80",""
2939,14977,"PACKET","IN",207,45,"PlayerSync","id=207 bytes=45","cf 46 00 86 80 66 ff c0 00 1b a9 60 70 c8 cf 89 11 71 89 df 90 84 00 00 00 03 79 7f c0 00 01 e5 79 78 f8 6c 9c 5f 70 b9 fd ab 04 08 80",""
2940,14978,"PACKET","IN",207,45,"PlayerSync","id=207 bytes=45","cf 55 00 f7 7f e2 ff c0 00 3b 0e e4 b0 d1 a2 09 91 72 9e 9f 90 84 00 00 00 01 7f 33 c0 00 00 71 ce b8 f4 44 15 55 73 fd fd c8 04 08 80",""
2941,14978,"PACKET","IN",207,45,"PlayerSync","id=207 bytes=45","cf 46 00 86 80 66 ff c0 00 1d 6e 60 70 ee d0 09 11 5e 47 5f 90 84 00 00 00 03 79 7f c0 00 02 0d 31 78 f8 c4 9c 03 71 25 e9 ab 04 08 80",""
2942,14998,"PACKET","IN",207,43,"PlayerSync","id=207 bytes=43","cf 1a 00 45 c0 00 00 37 d5 6c 70 d7 82 89 d1 5b 8d 60 50 84 00 00 00 02 6f bd 80 00 00 6a b4 14 f6 c8 d8 44 5f fd fd c8 04 04 80",""
2943,14998,"PACKET","IN",207,45,"PlayerSync","id=207 bytes=45","cf 55 00 f7 ff e3 3f c0 00 0a d1 e4 b0 f7 e1 c9 91 76 1e 5f 90 84 00 00 00 01 33 33 c0 00 01 37 2a bc f7 b0 13 59 73 fd fd c8 04 08 80",""
2944,14998,"PACKET","IN",203,34,"AimSync","id=203 bytes=34","cb 55 00 04 f6 54 77 bf 6d de 07 be 25 99 62 be bb 7f 90 c3 bc 8f 26 45 4f 0f 82 42 00 00 00 00 3f 44",""
2945,14999,"PACKET","IN",207,45,"PlayerSync","id=207 bytes=45","cf 60 00 fc 7f e0 7f c0 00 20 13 24 70 fb 92 09 91 6e b3 1e 90 84 00 00 00 01 ca 95 c0 00 02 f7 fe cc f6 78 05 32 53 fd fd fc 04 04 80",""
2946,14999,"PACKET","IN",203,34,"AimSync","id=203 bytes=34","cb 60 00 04 d7 08 79 bf e2 72 67 3e b6 78 50 bd 2a 8a 8f c3 12 3c 26 45 2a e9 7d 42 00 00 00 00 3f 36",""
2947,15025,"PACKET","IN",207,43,"PlayerSync","id=207 bytes=43","cf 1a 00 45 c0 00 00 0c 56 2c 70 c2 42 89 d1 7c 8d a0 50 84 00 00 00 01 17 a9 80 00 00 ce 88 14 f6 90 ae e8 7f fd fd c8 04 04 80",""
2948,15025,"PACKET","IN",207,45,"PlayerSync","id=207 bytes=45","cf 46 00 86 80 66 ff c0 00 1a 72 e0 70 c3 90 c9 11 48 03 5f 90 84 00 00 00 03 79 7f c0 00 00 6e 0d 78 f9 84 9f 3b 6f a5 d5 ab 04 08 80",""
2949,15025,"PACKET","IN",207,45,"PlayerSync","id=207 bytes=45","cf 55 00 f8 ff e3 3f c0 00 1b d4 a4 b0 de 21 c9 91 79 de 1f 90 84 00 00 00 01 67 2f c0 00 00 67 ce b0 f7 8c 13 d1 73 fd fd c8 04 08 80",""
2950,15025,"PACKET","IN",207,35,"PlayerSync","id=207 bytes=35","cf 63 00 00 00 35 23 63 70 dd 23 09 91 54 21 9e 90 80 00 00 00 02 22 63 80 00 00 00 00 00 01 28 00 04 11",""
2951,15025,"PACKET","IN",207,35,"PlayerSync","id=207 bytes=35","cf 76 00 00 00 0e 87 a2 f0 c1 28 c9 91 5a 1c 1e 90 84 00 00 00 03 6c 9f 40 00 00 00 00 00 01 00 00 00 80",""
2952,15025,"PACKET","IN",207,45,"PlayerSync","id=207 bytes=45","cf 1a 00 84 80 46 00 00 00 31 96 ac 70 ef 42 49 d1 5e 8e 20 50 84 00 00 00 01 0b 91 80 00 03 3a 6c 14 f6 30 86 6c a7 fd fd c8 04 04 80",""
2953,15025,"PACKET","IN",200,44,"VehicleSync","id=200 bytes=44","c8 38 00 30 00 80 ff 00 00 00 00 04 00 3c 20 07 ed 8e 50 ca 3c 3b 1e 22 54 5a 77 48 04 22 92 22 23 e2 af 8f a5 39 b7 d5 a0 5d f0 00",""
2954,15026,"PACKET","IN",207,45,"PlayerSync","id=207 bytes=45","cf 46 00 86 80 66 ff c0 00 07 f8 20 70 ef 51 49 11 71 fc 1f 50 84 00 00 00 03 79 7f c0 00 02 a4 51 7c fa e4 9d cb 6f 95 c1 ab 04 08 80",""
2955,15026,"PACKET","IN",207,35,"PlayerSync","id=207 bytes=35","cf 54 00 00 00 05 77 63 70 c5 21 c9 91 65 24 1e 90 80 00 00 00 00 12 8e c0 00 00 00 00 00 01 28 00 04 11",""
2956,15026,"PACKET","IN",203,34,"AimSync","id=203 bytes=34","cb 54 00 04 0f 67 70 3f 1b 9c 2f 3d 18 9c ae be d9 a7 8e c3 ec 85 26 45 19 44 7f 42 00 00 00 00 3f 36",""
2957,15026,"PACKET","IN",207,45,"PlayerSync","id=207 bytes=45","cf 60 00 fd 7f e0 7f c0 00 0a d6 e4 70 cf 12 49 91 49 b3 5e 90 84 00 00 00 00 7a 91 c0 00 03 40 3e b8 f6 fc 04 4a 57 fd fd fc 04 04 80",""
2958,15026,"PACKET","IN",207,35,"PlayerSync","id=207 bytes=35","cf 85 00 00 00 22 95 25 b0 fc 7f c9 91 6c 24 9f 10 80 00 00 00 02 33 51 80 00 00 00 00 00 01 28 00 04 11",""
2959,15026,"RPC","IN",16,16,"PlaySound","id=16 bytes=16","92 7e 00 00 00 00 00 00 00 00 00 00 00 00 00 00",""
2960,15026,"RPC","IN",134,80,"ShowTextDraw","id=134 bytes=80","37 08 11 9a 99 19 3f 00 00 00 40 1a ff 00 aa 6e db ae 42 00 00 a0 41 00 00 00 32 00 01 00 00 00 ff 04 00 00 00 59 43 00 00 b8 43 00 00 00 00 00 00 00 00 00 00 00 00 00 00 00 00 80 3f ff ff ff ff 0d 00 6c 64 5f 64 75 61 6c 3a 77 68 69 74 65",""
2961,15044,"PACKET","IN",207,45,"PlayerSync","id=207 bytes=45","cf 1a 00 8c 00 45 c0 00 00 27 57 6c 70 de c2 49 d1 40 ce a0 50 84 00 00 00 02 1f 75 80 00 01 22 68 14 f6 a4 61 dc d3 fd fd c8 04 04 80",""
2962,15044,"PACKET","IN",207,35,"PlayerSync","id=207 bytes=35","cf 3d 00 00 00 32 67 a8 30 d0 79 49 91 7b 67 1f 10 84 00 00 00 00 e6 f1 c0 00 00 00 00 00 01 28 00 04 11",""
2963,15045,"PACKET","IN",207,45,"PlayerSync","id=207 bytes=45","cf 55 00 f9 ff e3 7f c0 00 3b 17 64 b0 c5 21 c9 91 7c 1d df 90 84 00 00 00 01 df 2b c0 00 03 c4 9e b0 f5 e0 11 d9 7b fd fd c8 04 08 80",""
2964,15045,"RPC","IN",105,7,"TextDrawSetString","id=105 bytes=7","26 08 03 00 31 30 30",""
2965,15045,"RPC","IN",105,5,"TextDrawSetString","id=105 bytes=5","27 08 01 00 30",""
2966,15045,"RPC","IN",105,6,"TextDrawSetString","id=105 bytes=6","28 08 02 00 34 38",""
2967,15045,"RPC","IN",105,5,"TextDrawSetString","id=105 bytes=5","29 08 01 00 37",""
2968,15045,"RPC","IN",105,7,"TextDrawSetString","id=105 bytes=7","2a 08 03 00 31 30 30",""
2969,15045,"PACKET","IN",207,41,"PlayerSync","id=207 bytes=41","cf 1a 00 00 00 29 58 2c 70 d0 c2 49 d1 62 0e e0 50 84 00 00 00 00 fb 5d 80 00 02 ee 74 14 f7 e8 41 2d 03 fd fd a5 04 04 80",""
2970,15045,"PACKET","IN",207,45,"PlayerSync","id=207 bytes=45","cf 46 00 86 80 66 ff c0 00 0e 7c e0 70 cd 92 09 11 62 73 9f 50 84 00 00 00 03 79 7f c0 00 03 03 a1 7c f8 a4 a3 ff 69 45 b1 ab 04 08 80",""
2971,15045,"PACKET","IN",207,45,"PlayerSync","id=207 bytes=45","cf 55 00 fa ff e3 bf c0 00 27 da 24 b0 ee e1 89 91 42 dd df 90 84 00 00 00 02 2f 27 c0 00 01 86 36 90 f4 64 13 75 7f fd fd c8 04 08 80",""
2972,15065,"RPC","IN",99,42,"MoveObject","id=99 bytes=42","a0 00 f8 e3 a1 c3 d7 9b 26 45 53 c5 7d 42 f8 e3 a1 c3 d7 9b 26 45 ed 5e 7b 42 00 00 80 3e 00 00 00 00 00 00 00 00 08 cc 84 43",""
2973,15065,"RPC","IN",122,2,"StopObject","id=122 bytes=2","a0 00",""
2974,15065,"RPC","IN",99,42,"MoveObject","id=99 bytes=42","a0 00 f8 e3 a1 c3 d7 9b 26 45 53 c5 7d 42 f8 e3 a1 c3 d7 9b 26 45 53 c5 7d 42 00 00 80 3e 00 00 00 00 00 00 00 00 08 cc 84 43",""
2975,15065,"RPC","IN",122,2,"StopObject","id=122 bytes=2","a0 00",""
2976,15065,"RPC","IN",99,42,"MoveObject","id=99 bytes=42","a0 00 f8 e3 a1 c3 d7 9b 26 45 53 c5 7d 42 f8 e3 a1 c3 d7 9b 26 45 ed 5e 7b 42 00 00 80 3e 00 00 00 00 00 00 00 00 08 cc 84 43",""
2977,15065,"RPC","IN",122,2,"StopObject","id=122 bytes=2","a0 00",""
2978,15065,"RPC","IN",99,42,"MoveObject","id=99 bytes=42","a0 00 f8 e3 a1 c3 d7 9b 26 45 53 c5 7d 42 f8 e3 a1 c3 d7 9b 26 45 53 c5 7d 42 00 00 80 3e 00 00 00 00 00 00 00 00 08 cc 84 43",""
2979,15066,"RPC","IN",122,2,"StopObject","id=122 bytes=2","a0 00",""
2980,15066,"RPC","IN",99,42,"MoveObject","id=99 bytes=42","a0 00 f8 e3 a1 c3 d7 9b 26 45 53 c5 7d 42 f8 e3 a1 c3 d7 9b 26 45 ed 5e 7b 42 00 00 80 3e 00 00 00 00 00 00 00 00 08 cc 84 43",""
2981,15066,"RPC","IN",122,2,"StopObject","id=122 bytes=2","a0 00",""
2982,15066,"RPC","IN",99,42,"MoveObject","id=99 bytes=42","a0 00 f8 e3 a1 c3 d7 9b 26 45 53 c5 7d 42 f8 e3 a1 c3 d7 9b 26 45 53 c5 7d 42 00 00 80 3e 00 00 00 00 00 00 00 00 08 cc 84 43",""
2983,15066,"RPC","IN",122,2,"StopObject","id=122 bytes=2","a0 00",""
2984,15066,"RPC","IN",99,42,"MoveObject","id=99 bytes=42","a0 00 f8 e3 a1 c3 d7 9b 26 45 53 c5 7d 42 f8 e3 a1 c3 d7 9b 26 45 ed 5e 7b 42 00 00 80 3e 00 00 00 00 00 00 00 00 08 cc 84 43",""
2985,15066,"RPC","IN",122,2,"StopObject","id=122 bytes=2","a0 00",""
2986,15066,"RPC","IN",99,42,"MoveObject","id=99 bytes=42","a0 00 f8 e3 a1 c3 d7 9b 26 45 53 c5 7d 42 f8 e3 a1 c3 d7 9b 26 45 53 c5 7d 42 00 00 80 3e 00 00 00 00 00 00 00 00 08 cc 84 43",""
2987,15066,"RPC","IN",122,2,"StopObject","id=122 bytes=2","a0 00",""
2988,15066,"RPC","IN",99,42,"MoveObject","id=99 bytes=42","a0 00 f8 e3 a1 c3 d7 9b 26 45 53 c5 7d 42 f8 e3 a1 c3 d7 9b 26 45 ed 5e 7b 42 00 00 80 3e 00 00 00 00 00 00 00 00 08 cc 84 43",""
2989,15066,"RPC","IN",122,2,"StopObject","id=122 bytes=2","a0 00",""
2990,15066,"RPC","IN",99,42,"MoveObject","id=99 bytes=42","a0 00 f8 e3 a1 c3 d7 9b 26 45 53 c5 7d 42 f8 e3 a1 c3 d7 9b 26 45 53 c5 7d 42 00 00 80 3e 00 00 00 00 00 00 00 00 08 cc 84 43",""
2991,15066,"PACKET","IN",207,45,"PlayerSync","id=207 bytes=45","cf 60 00 fe 7f e0 7f c0 00 28 99 e4 70 e1 12 49 91 5f f3 5e 90 84 00 00 00 03 32 89 c0 00 00 4a ba a0 f4 2c 0b 22 5b fd fd fc 04 04 80",""
2992,15067,"PACKET","IN",207,35,"PlayerSync","id=207 bytes=35","cf 97 00 00 00 3d e7 a8 30 e4 09 c9 d1 7b 67 1f 10 84 00 00 00 00 0f 03 e8 00 00 00 00 00 01 28 00 04 11",""
2993,15091,"PACKET","IN",207,45,"PlayerSync","id=207 bytes=45","cf 46 00 86 80 66 ff c0 00 1e 82 20 b0 fd d2 89 11 59 27 9f 50 84 00 00 00 03 79 7f c0 00 01 30 ad 84 fb 18 a1 73 69 35 9d ab 04 08 80",""
2994,15091,"PACKET","IN",207,45,"PlayerSync","id=207 bytes=45","cf 55 00 fb 7f e3 bf c0 00 07 dc e4 b0 da 21 89 91 42 dd df 90 84 00 00 00 00 cb 27 c0 00 01 37 3e 78 f6 ec 0d 45 87 fd fd c8 04 08 80",""
2995,15091,"PACKET","IN",207,45,"PlayerSync","id=207 bytes=45","cf 60 00 ff 7f e0 7f c0 00 14 dd 24 70 f4 d2 49 91 75 f3 5e 90 84 00 00 00 01 c2 85 c0 00 00 a0 32 90 f5 70 09 de 63 fd fd fc 04 04 80",""
2996,15092,"PACKET","IN",207,45,"PlayerSync","id=207 bytes=45","cf 60 00 ff ff e0 7f c0 00 27 e0 e4 70 ce 52 89 91 4f b3 9e 90 84 00 00 00 03 62 81 c0 00 00 ae fa 80 f6 d4 08 c2 6b fd fd fc 04 04 80",""
2997,15110,"PACKET","IN",200,44,"VehicleSync","id=200 bytes=44","c8 38 00 30 00 00 00 00 00 00 00 03 60 54 f0 1c ad 77 8c 3a 2c 33 9d f2 54 5e b6 f8 04 24 70 32 13 e9 2f 75 b5 26 a7 e5 a0 5d f0 00",""
2998,15110,"PACKET","IN",207,45,"PlayerSync","id=207 bytes=45","cf 55 00 fb 7f e3 bf c0 00 38 9f 64 b0 c4 e1 89 91 74 9b 1f 90 84 00 00 00 00 cb 27 c0 00 00 73 22 7c f6 30 12 15 85 5d c5 6c 04 04 80",""
2999,15151,"PACKET","IN",207,45,"PlayerSync","id=207 bytes=45","cf 46 00 86 80 66 ff c0 00 09 90 a0 b0 db 94 89 11 4c 3a 9f 10 84 00 00 00 03 79 7f c0 00 00 31 51 98 f8 38 af ff 5d 09 69 ab 04 08 80",""
3000,15152,"PACKET","IN",207,45,"PlayerSync","id=207 bytes=45","cf 55 00 fb 7f e3 bf c0 00 3e 23 64 b0 e5 21 49 91 6a d1 9f 90 84 00 00 00 00 cb 27 c0 00 03 ec 2e 94 f6 50 22 11 8a 61 71 6c 04 04 80",""
3001,15152,"PACKET","IN",207,43,"PlayerSync","id=207 bytes=43","cf 60 00 60 3f c0 00 0e 63 a4 70 e0 92 89 91 61 33 9e 90 84 00 00 00 01 06 81 c0 00 00 6d 9a 90 f7 74 0b be 6b fd fd fc 04 04 80",""
3002,15152,"PACKET","IN",207,41,"PlayerSync","id=207 bytes=41","cf 1a 00 00 00 37 9b ac 70 dc c2 09 d1 4d 10 a0 50 84 00 00 00 00 fb 5d 80 00 02 5f 13 30 f1 e8 2c 11 2f fd fd a5 04 04 80",""
3003,15152,"PACKET","IN",207,45,"PlayerSync","id=207 bytes=45","cf 46 00 86 80 66 ff c0 00 0a d4 e0 b0 e8 95 09 11 4c 69 df 10 84 00 00 00 03 79 7f c0 00 01 65 45 a0 fb 84 ac 93 5e 69 59 ab 04 08 80",""
3004,15152,"PACKET","IN",207,45,"PlayerSync","id=207 bytes=45","cf 55 00 fb 7f e3 bf c0 00 1e 26 24 b0 d0 61 49 91 40 89 1f 90 84 00 00 00 00 cb 27 c0 00 01 ab 16 a8 f6 90 32 15 8d 9d 41 6c 04 04 80",""
3005,15152,"PACKET","IN",207,45,"PlayerSync","id=207 bytes=45","cf 60 00 80 80 60 7f c0 00 31 a6 a4 70 f6 d2 89 91 75 73 9e 90 84 00 00 00 02 4e 7d c0 00 00 f6 32 74 f4 1c 0e b6 6f fd fd fc 04 04 80",""
3006,15173,"PACKET","IN",207,37,"PlayerSync","id=207 bytes=37","cf 85 00 c0 00 00 00 22 95 25 b0 fc 7f c9 91 6c 24 9f 10 80 00 00 00 02 33 51 80 00 00 00 00 00 01 28 00 04 11",""
3007,15173,"PACKET","IN",203,34,"AimSync","id=203 bytes=34","cb 85 00 04 aa cb 1f 3e 33 1e 78 bf 81 0a 43 be 81 7c 96 c3 f9 1e 27 45 b1 3f 80 42 00 00 00 00 3f c6",""
3008,15178,"PACKET","OUT",203,32,"AimSync","id=203 bytes=32","cb 00 00 00 39 05 00 00 00 00 00 00 00 00 00 00 00 40 01 00 00 00 80 3f 00 00 f3 04 b5 3f 39 05",""
3009,15194,"PACKET","IN",207,45,"PlayerSync","id=207 bytes=45","cf 55 00 fb 7f e3 bf c0 00 05 28 a4 b0 fd 61 09 91 46 ff 1f 50 84 00 00 00 00 cb 27 c0 00 03 9d b2 c4 f4 14 46 65 91 99 19 6c 04 04 80",""
3010,15194,"PACKET","IN",207,45,"PlayerSync","id=207 bytes=45","cf 60 00 80 80 60 7f c0 00 0e ea 64 70 d1 52 c9 91 4c b3 de 90 84 00 00 00 02 b6 7d c0 00 01 c4 42 9c f4 dc 0e 16 73 fd fd fc 04 04 80",""
3011,15194,"PACKET","IN",207,35,"PlayerSync","id=207 bytes=35","cf 7c 00 00 00 35 a2 e2 70 da 28 89 91 5f 9d de 90 80 00 00 00 01 98 6a 40 00 00 00 00 00 01 28 00 04 11",""
3012,15195,"PACKET","IN",200,44,"VehicleSync","id=200 bytes=44","c8 38 00 30 00 00 00 00 00 20 00 0d 50 72 10 29 3d 79 07 da 2c 3d 0d b2 54 5e 36 c8 04 20 b7 d0 e3 e2 7f 8e 75 3b 17 e5 a0 5d f0 00",""
3013,15195,"PACKET","IN",207,35,"PlayerSync","id=207 bytes=35","cf 70 00 00 00 1b a3 63 70 dc 97 c9 91 7d 23 1e 90 80 00 00 00 01 75 cb 00 00 00 00 00 00 01 00 00 00 80",""
3014,15195,"RPC","IN",86,27,"ApplyPlayerAnimation","id=86 bytes=27","1c 00 07 42 44 5f 46 49 52 45 07 77 61 73 68 5f 75 70 33 33 83 40 80 00 00 00 00",""
3015,15216,"PACKET","IN",207,45,"PlayerSync","id=207 bytes=45","cf 55 00 fb 7f e3 bf c0 00 1e 6b a4 b0 e4 e1 09 91 41 6e df 50 84 00 00 00 00 cb 27 c0 00 01 9f 0a ec f4 cc 5c 81 98 d4 ed 6c 04 04 80",""
3016,15216,"PACKET","IN",207,45,"PlayerSync","id=207 bytes=45","cf 60 00 80 80 60 7f c0 00 26 6d 24 70 e6 12 c9 91 5e b3 de 90 84 00 00 00 03 02 7d c0 00 03 24 46 c4 f4 c0 0d 96 73 fd fd fc 04 04 80",""
3017,15216,"PACKET","IN",207,35,"PlayerSync","id=207 bytes=35","cf 92 00 00 00 1b 0b 23 30 de 59 49 91 73 1f 1e 90 84 00 00 00 02 9b 21 c0 00 00 00 00 00 01 a5 04 04 80",""
3018,15217,"PACKET","IN",203,34,"AimSync","id=203 bytes=34","cb 92 00 04 bd a4 c5 be 6d c2 6a 3f 37 40 cd bd 3d d2 8b c3 b2 4a 26 45 84 9e 7d 42 00 00 00 00 3f 37",""
3019,15217,"PACKET","IN",207,35,"PlayerSync","id=207 bytes=35","cf 1a 00 00 80 02 1d ac 70 c2 c2 09 d1 64 11 60 50 84 00 00 00 00 fb 5d 80 00 04 00 00 00 01 fa 04 04 80",""
3020,15217,"PACKET","IN",203,34,"AimSync","id=203 bytes=34","cb 1a 00 04 07 da 53 3f 58 9f 0f bf 94 b3 a7 bc 32 6f b2 c3 7f 1d 27 45 62 90 82 42 00 00 00 00 3f 36",""
3021,15217,"PACKET","IN",207,45,"PlayerSync","id=207 bytes=45","cf 55 00 fb 7f e3 bf c0 00 0e ee 24 b0 d1 a1 09 91 55 1f df 50 84 00 00 00 00 cb 27 c0 00 03 28 63 14 f4 e0 71 75 9e c8 cd 6c 04 04 80",""
3022,15217,"PACKET","IN",207,45,"PlayerSync","id=207 bytes=45","cf 60 00 80 80 60 7f c0 00 17 b0 e4 70 c0 d3 09 91 76 73 de 90 84 00 00 00 03 22 7d c0 00 02 4b 32 e0 f4 ac 0d 3a 73 fd fd fc 04 04 80",""
3023,15237,"PACKET","IN",207,37,"PlayerSync","id=207 bytes=37","cf 1a 00 42 80 00 00 02 1d ac 70 c2 c2 09 d1 64 11 60 50 84 00 00 00 01 43 3d 80 00 04 00 00 00 01 fa 04 04 80",""
3024,15238,"PACKET","IN",207,35,"PlayerSync","id=207 bytes=35","cf 4d 00 00 00 02 00 23 30 e6 e4 09 91 70 1e 9e 90 84 00 00 00 03 da d0 80 00 00 00 00 00 01 28 00 04 11",""
3025,15260,"PACKET","IN",207,37,"PlayerSync","id=207 bytes=37","cf 1a 00 42 80 00 00 02 1d ac 70 c2 c2 09 d1 64 11 60 50 84 00 00 00 03 07 19 80 00 04 00 00 00 01 fa 04 04 80",""
3026,15260,"PACKET","IN",207,35,"PlayerSync","id=207 bytes=35","cf 2d 00 00 00 3c 58 68 30 c1 50 49 d1 7b 67 1f 10 84 00 00 00 02 aa b3 c0 00 00 00 00 00 01 28 00 04 11",""
3027,15261,"PACKET","IN",207,45,"PlayerSync","id=207 bytes=45","cf 46 00 ff 7f e6 ff c2 00 1c 2c a0 b0 fe 18 09 11 7d 2d 1e 90 84 00 00 00 03 79 7f c0 00 02 34 1d dc f9 b0 c5 9f 44 91 11 ac 04 64 80",""
3028,15261,"PACKET","IN",207,45,"PlayerSync","id=207 bytes=45","cf 60 00 80 80 60 7f c0 00 37 34 24 70 d9 53 09 91 55 74 1e 90 84 00 00 00 03 36 7d c0 00 02 57 32 e0 f4 a0 0d 0e 73 fd fd fc 04 04 80",""
3029,15284,"PACKET","IN",207,37,"PlayerSync","id=207 bytes=37","cf 1a 00 42 80 00 00 02 1d ac 70 c2 c2 09 d1 64 11 60 50 84 00 00 00 02 96 f5 80 00 04 00 00 00 01 fa 04 04 80",""
3030,15284,"PACKET","IN",200,44,"VehicleSync","id=200 bytes=44","c8 38 00 30 00 00 00 00 00 20 00 01 b0 b6 70 26 5d 71 a3 ca 2c 3e 0d 82 54 5b 56 98 04 21 80 ed e3 da 3f 93 55 8f b7 d5 a0 5d f0 00",""
3031,15284,"PACKET","IN",207,45,"PlayerSync","id=207 bytes=45","cf 46 00 ff 7f e6 ff c0 00 39 71 a0 b0 e7 98 c9 11 6f cb 9e 90 84 00 00 00 03 79 7f c0 00 00 83 a5 e8 fb 04 c8 17 42 99 01 ac 04 64 80",""
3032,15284,"PACKET","IN",207,45,"PlayerSync","id=207 bytes=45","cf 60 00 80 80 60 7f c0 00 0f b7 a4 70 f1 93 09 91 7c 34 1e 90 84 00 00 00 03 36 7d c0 00 03 51 de d8 f4 9c 0c f6 73 fd fd fc 04 04 80",""
3033,15284,"PACKET","IN",207,37,"PlayerSync","id=207 bytes=37","cf 1a 00 42 80 00 00 02 1d ac 70 c2 c2 09 d1 64 11 60 50 84 00 00 00 03 b6 cd 80 00 04 00 00 00 01 fa 04 04 80",""
3034,15284,"PACKET","IN",207,35,"PlayerSync","id=207 bytes=35","cf 53 00 00 00 29 67 a8 30 de 18 09 d1 7a e7 1f 10 84 00 00 00 02 ba 42 c0 00 00 00 00 00 01 a5 04 04 80",""
3035,15309,"PACKET","IN",207,39,"PlayerSync","id=207 bytes=39","cf 1a 00 86 80 7f 3f c0 00 02 1d ac 70 c2 c2 09 d1 64 11 60 50 84 00 00 00 02 9a f5 80 00 04 00 00 00 01 fa 04 04 80",""
3036,15309,"PACKET","IN",207,35,"PlayerSync","id=207 bytes=35","cf 29 00 00 00 28 26 a8 30 d1 15 49 d1 7b 67 1f 10 84 00 00 00 03 a9 ff c0 00 00 00 00 00 01 28 00 04 11",""
3037,15310,"PACKET","IN",207,45,"PlayerSync","id=207 bytes=45","cf 46 00 ff 7f e6 ff c0 00 19 37 20 b0 d9 d9 89 11 76 cb 1e 90 84 00 00 00 03 79 7f c0 00 03 ee ad 64 f8 68 9c 5f 73 fd fd ac 04 64 80",""
3038,15310,"PACKET","IN",207,45,"PlayerSync","id=207 bytes=45","cf 60 00 80 80 60 7f c0 00 1c 7b e4 70 d0 d3 49 91 6d 74 5e 90 84 00 00 00 03 36 7d c0 00 00 98 66 c8 f4 9c 0c f6 73 fd fd fc 04 04 80",""
3039,15310,"PACKET","IN",207,39,"PlayerSync","id=207 bytes=39","cf 1a 00 8b 80 7b 3f c0 00 02 1d ac 70 c2 c2 09 d1 64 11 60 50 84 00 00 00 03 43 19 80 00 04 00 00 00 01 fa 04 04 80",""
3040,15310,"PACKET","IN",207,45,"PlayerSync","id=207 bytes=45","cf 46 00 ff 7f e6 ff c0 00 01 bc 60 b0 c4 da 49 11 41 cb 9e 90 84 00 00 00 03 79 7f c0 00 01 9d 31 90 f8 68 9c 5f 73 fd fd ac 04 64 80",""
3041,15311,"PACKET","OUT",205,9,"UNKNOWN_PACKET","id=205 bytes=9","cd b8 4a 04 00 00 00 00 00",""
3042,15328,"PACKET","IN",207,35,"PlayerSync","id=207 bytes=35","cf 02 00 00 00 2d a2 e3 70 ee 9a 89 91 77 a3 1e 90 80 00 00 00 00 8a aa c0 00 00 00 00 00 01 28 00 04 11",""
3043,15328,"PACKET","IN",207,45,"PlayerSync","id=207 bytes=45","cf 55 00 fb 7f e3 bf c0 00 3d b8 64 b0 f8 60 49 91 73 0d 1f 10 84 00 00 00 00 cb 27 c0 00 01 31 b4 94 f5 21 fc 20 ba c0 75 6c 04 04 80",""
3044,15329,"PACKET","IN",207,45,"PlayerSync","id=207 bytes=45","cf 60 00 81 80 60 7f c0 00 38 bf 24 70 e9 13 49 91 54 34 9e 90 84 00 00 00 00 e6 79 c0 00 02 41 fe b4 f4 9c 0c f6 73 fd fd fc 04 04 80",""
3045,15350,"PACKET","IN",200,44,"VehicleSync","id=200 bytes=44","c8 38 00 30 00 00 00 00 00 20 00 0a b0 c0 a0 32 cd 74 01 5a 2c 35 2d 72 54 57 96 68 04 28 df 3b 03 dc 7f af 75 bc 37 c5 a0 5d f0 00",""
3046,15350,"PACKET","IN",203,34,"AimSync","id=203 bytes=34","cb 38 00 12 1b c8 56 3f 2f f1 d9 be 86 8d ad be b8 cf a7 c3 53 34 26 45 a9 93 8d 42 00 00 00 00 3f c6",""
3047,15350,"PACKET","IN",207,45,"PlayerSync","id=207 bytes=45","cf 46 00 ff 7f e6 ff c0 00 35 41 20 f0 e9 1a c9 11 4a 0b de 90 84 00 00 00 03 79 7f c0 00 02 89 0b c4 f4 68 9c 5f 73 fd fd ac 04 64 80",""
3048,15350,"PACKET","IN",207,35,"PlayerSync","id=207 bytes=35","cf 51 00 00 00 1b 0a e3 30 cf a8 49 91 58 dd 9e 90 84 00 00 00 01 37 17 c0 00 00 00 00 00 01 28 00 04 11",""
3049,15373,"PACKET","IN",207,39,"PlayerSync","id=207 bytes=39","cf 1a 00 8d 00 79 7f c0 00 02 1d ac 70 c2 c2 09 d1 64 11 60 50 84 00 00 00 01 6b 3d 80 00 04 00 00 00 01 fa 04 04 80",""
3050,15373,"PACKET","IN",207,45,"PlayerSync","id=207 bytes=45","cf 46 00 ff 7f e6 ff c0 00 3a 83 20 f0 ec 1b 09 11 67 8b de 90 84 00 00 00 03 79 7f c0 00 02 54 a3 40 f4 68 9c 5f 73 fd fd ac 04 64 80",""
3051,15373,"PACKET","IN",207,45,"PlayerSync","id=207 bytes=45","cf 55 00 fb 7f e3 bf c0 00 3d b8 64 b0 f8 60 49 91 72 82 9f 10 84 00 00 00 00 cb 27 c0 00 02 60 b4 84 f7 fd ff fd fc 00 01 6c 04 04 80",""
3052,15374,"PACKET","IN",207,45,"PlayerSync","id=207 bytes=45","cf 60 00 83 00 60 7f c0 00 07 c2 a4 b0 c2 d3 89 91 78 b4 9e 90 84 00 00 00 03 4e 6d c0 00 01 ab fe 9c f6 74 0c ce 7b fd fd fc 04 04 80",""
3053,15374,"PACKET","IN",207,35,"PlayerSync","id=207 bytes=35","cf 1a 00 00 00 02 1d ac 70 c2 c2 09 d1 64 11 60 50 84 00 00 00 01 0b 5d 80 00 04 00 00 00 01 fa 04 04 80",""
3054,15374,"RPC","IN",87,2,"ClearPlayerAnimation","id=87 bytes=2","97 00",""
3055,15374,"RPC","IN",86,29,"ApplyPlayerAnimation","id=86 bytes=29","97 00 05 43 41 52 52 59 0b 63 72 72 79 5f 70 72 74 69 61 6c 33 33 83 40 00 00 00 00 00",""
3056,15394,"PACKET","IN",207,45,"PlayerSync","id=207 bytes=45","cf 46 00 fb 7f e6 bf c2 00 02 85 a0 f0 f7 db 49 11 48 8c 1e 90 84 00 00 00 03 79 af c0 00 00 eb ff d4 f4 68 9c 5f 73 fd fd ac 04 64 80",""
3057,15395,"PACKET","IN",207,45,"PlayerSync","id=207 bytes=45","cf 55 00 fb 7f e3 bf c0 00 3e f8 64 b0 df e0 49 91 56 78 9e d0 84 00 00 00 00 cb 27 c0 00 03 65 28 a4 f6 51 ff a4 f5 84 49 6c 04 04 80",""
3058,15395,"PACKET","IN",207,45,"PlayerSync","id=207 bytes=45","cf 60 00 85 00 60 7f c0 00 20 c5 a4 b0 dd 53 89 91 58 b4 de 90 84 00 00 00 02 56 61 c0 00 01 88 a6 94 f5 74 10 92 87 fd fd fc 04 04 80",""
3059,15395,"RPC","IN",87,2,"ClearPlayerAnimation","id=87 bytes=2","53 00",""
3060,15395,"RPC","IN",86,29,"ApplyPlayerAnimation","id=86 bytes=29","53 00 05 43 41 52 52 59 0b 63 72 72 79 5f 70 72 74 69 61 6c 33 33 83 40 00 00 00 00 00",""
3061,15395,"PACKET","IN",207,35,"PlayerSync","id=207 bytes=35","cf 1f 00 00 00 26 a3 e3 70 c2 1d 89 91 42 a3 5e 90 80 00 00 00 02 c2 27 00 00 00 00 00 00 01 28 00 04 11",""
3062,15395,"PACKET","IN",207,45,"PlayerSync","id=207 bytes=45","cf 55 00 80 80 63 bf c0 00 3f b8 64 b0 cc e0 49 91 42 ad de d0 84 00 00 00 00 cb 27 c0 00 01 4b 08 98 f7 0d fe 4d 33 20 29 ac 04 64 80",""
3063,15419,"PACKET","IN",207,45,"PlayerSync","id=207 bytes=45","cf 46 00 fb 7f e6 bf c2 00 29 c8 a0 f0 cd 1b c9 11 76 cc 1e 90 84 00 00 00 03 61 af c0 00 01 6d bb dc f4 b0 7a 2f 4b fd fd ac 04 64 80",""
3064,15420,"PACKET","IN",207,35,"PlayerSync","id=207 bytes=35","cf 5b 00 00 00 0e fc 66 b0 e8 7d 89 91 7b 67 1f 10 84 00 00 00 01 0a e2 00 00 00 00 00 00 01 28 00 04 11",""
3065,15420,"PACKET","IN",207,45,"PlayerSync","id=207 bytes=45","cf 60 00 88 00 60 bf c0 00 00 08 e4 b0 fb 93 89 91 76 34 de 90 84 00 00 00 02 4a 4d c0 00 01 3e 5e 84 f5 e8 14 32 97 fd fd fc 04 04 80",""
3066,15420,"PACKET","OUT",207,69,"PlayerSync","id=207 bytes=69","cf 00 00 00 00 00 00 67 0a 9b c3 6b 06 27 45 ed 9c 7c 42 11 b2 39 3f 00 00 00 80 00 00 00 00 14 38 30 bf 64 00 04 00 00 00 00 00 00 00 00 00 00 00 00 00 00 00 00 00 00 00 00 00 00 00 00 00 00 00 28 00 04 11",""
3067,15443,"PACKET","IN",200,44,"VehicleSync","id=200 bytes=44","c8 38 00 30 00 00 00 00 00 20 00 05 90 d4 a0 4b 8d 6f be ea 1c 3f dd 52 54 56 76 18 04 29 74 16 a3 d3 9f c8 f6 1f d7 a5 a0 5d f0 00",""
3068,15443,"PACKET","IN",207,45,"PlayerSync","id=207 bytes=45","cf 46 00 fb 7f e6 bf c2 00 01 cb e0 f0 e0 9c 09 11 64 0c 5e 90 84 00 00 00 03 85 af c0 00 00 2f ff ec f4 c0 7a 3f 4b fd fd ac 04 64 80",""
3069,15443,"PACKET","IN",203,34,"AimSync","id=203 bytes=34","cb 46 00 04 a5 4c 30 bf 43 b6 34 3f ff 98 29 be 46 46 81 c3 27 32 24 45 dc 26 80 42 00 00 00 00 23 37",""
3070,15444,"PACKET","IN",207,45,"PlayerSync","id=207 bytes=45","cf 55 00 80 80 63 bf c0 00 3f f8 64 b0 c2 a0 49 91 78 62 1e d0 84 00 00 00 00 cb 27 c0 00 00 fc cc d8 f7 b9 fc 79 90 48 0d ac 04 64 80",""
3071,15444,"PACKET","IN",207,45,"PlayerSync","id=207 bytes=45","cf 46 00 fb 7f e6 bf c2 00 2d ce 60 f0 e8 dc 49 11 4b 4c 9e 90 84 00 00 00 03 dd af c0 00 00 ea b7 f0 f4 a8 7a 23 4b fd fd ac 04 64 80",""
3072,15444,"PACKET","IN",207,45,"PlayerSync","id=207 bytes=45","cf 55 00 80 80 63 bf c0 00 3f f8 64 b0 fa 60 09 91 7e 53 1e d0 84 00 00 00 00 cb 27 c0 00 02 b3 e1 50 f7 e5 fe 65 b8 c0 05 ac 04 64 80",""
3073,15444,"PACKET","IN",207,45,"PlayerSync","id=207 bytes=45","cf 60 00 8b 00 60 ff c0 00 07 4b a4 b0 db 53 c9 91 4b b5 1e 90 84 00 00 00 01 92 39 c0 00 03 41 c2 74 f5 a8 1f b6 ab fd fd fc 04 04 80",""
3074,15464,"PACKET","IN",207,35,"PlayerSync","id=207 bytes=35","cf 1a 00 00 00 02 1d ac 70 c2 c2 09 d1 64 11 60 50 84 00 00 00 01 23 d9 80 00 04 00 00 00 01 fa 04 04 80",""
3075,15464,"PACKET","IN",207,45,"PlayerSync","id=207 bytes=45","cf 46 00 fa 7f e6 bf c2 00 02 91 20 f0 ee 5c 89 11 71 0c 9e 90 84 00 00 00 01 4d bb c0 00 00 ec cb f4 f4 68 79 d7 4b fd fd ac 04 64 80",""
3076,15464,"PACKET","IN",207,45,"PlayerSync","id=207 bytes=45","cf 60 00 8b 80 60 ff c0 00 26 ce 64 b0 c1 54 09 91 5d b5 1e 90 84 00 00 00 01 8a 35 c0 00 03 6b fe 54 f6 a8 27 2e c3 fd fd fc 04 04 80",""
3077,15464,"PACKET","IN",207,35,"PlayerSync","id=207 bytes=35","cf 7e 00 00 00 13 27 28 30 cd 86 09 d1 7b 67 1f 10 84 00 00 00 01 42 b3 94 00 00 00 00 00 01 a5 04 e8 80",""
3078,15464,"PACKET","IN",207,35,"PlayerSync","id=207 bytes=35","cf 97 00 00 00 3d e7 a8 30 e4 09 c9 d1 7b 67 1f 10 84 00 00 00 00 0f 03 e8 00 00 00 00 00 01 a5 04 e8 80",""
3079,15465,"PACKET","IN",207,45,"PlayerSync","id=207 bytes=45","cf 55 00 80 80 63 bf c0 00 3f f8 64 b0 fa 60 09 91 6a c1 de d0 84 00 00 00 00 cb 27 c0 00 01 76 59 dc f7 fd ff fd fc 00 01 ac 04 64 80",""
3080,15490,"PACKET","IN",207,45,"PlayerSync","id=207 bytes=45","cf 46 00 f9 ff e6 bf c2 00 26 d3 a0 f0 f2 9c c9 11 58 0c de 90 84 00 00 00 02 51 bf c0 00 01 56 a7 ec f5 c4 71 cf 43 fd fd ac 04 64 80",""
3081,15490,"PACKET","IN",207,45,"PlayerSync","id=207 bytes=45","cf 55 00 80 80 63 bf c0 00 3f f8 64 b0 fa 60 09 91 77 70 9e 90 84 00 00 00 00 cb 27 c0 00 00 cf 72 2c f7 fd ff fd fc 00 01 ac 04 64 80",""
3082,15491,"PACKET","IN",207,45,"PlayerSync","id=207 bytes=45","cf 46 00 f9 7f e6 bf c2 00 08 16 e0 f0 c1 dd 49 11 46 0d 1e 90 84 00 00 00 03 75 c3 c0 00 03 23 2f e8 f6 4c 6d 73 3f fd fd ac 04 64 80",""
3083,15491,"PACKET","IN",207,45,"PlayerSync","id=207 bytes=45","cf 60 00 8c 00 60 ff c0 00 3d 91 24 b0 e7 d4 09 91 6e 75 1e 90 84 00 00 00 01 12 31 c0 00 02 a4 1e 64 f4 84 2b a6 c7 fd fd fc 04 04 80",""
3084,15526,"PACKET","IN",200,44,"VehicleSync","id=200 bytes=44","c8 38 00 30 00 00 00 00 00 20 00 04 20 de 20 43 ad 6e 1d aa 1c 36 ad 52 54 5e 45 d8 04 21 cf d0 13 d4 6f d6 26 63 d7 a5 a0 5d f0 00",""
3085,15527,"PACKET","IN",207,39,"PlayerSync","id=207 bytes=39","cf 55 00 80 80 63 bf c0 00 3f f8 64 b0 fa 60 09 91 7c b0 1e 90 84 00 00 00 00 cb 27 c0 00 02 a6 b3 fc bd ac 04 64 80",""
3086,15527,"PACKET","IN",207,45,"PlayerSync","id=207 bytes=45","cf 60 00 8c 00 60 ff c0 00 32 14 64 b0 d4 94 49 91 40 35 5e 90 84 00 00 00 03 9a 2d c0 00 03 d5 12 84 f6 a4 28 8e cf fd fd fc 04 04 80",""
3087,15527,"PACKET","IN",207,35,"PlayerSync","id=207 bytes=35","cf 1c 00 00 00 2d 1d 28 30 f6 cc c9 d1 7b 67 1f 10 84 00 00 00 00 65 93 00 00 00 00 00 00 01 28 00 04 11",""
3088,15527,"PACKET","IN",203,34,"AimSync","id=203 bytes=34","cb 1c 00 04 ed 2e 26 bf 2a ac 2f bf f3 06 a8 be e5 51 9f c3 48 5a 27 45 c6 cd 81 42 00 00 00 00 3f 55",""
3089,15528,"PACKET","IN",207,45,"PlayerSync","id=207 bytes=45","cf 46 00 f8 ff e6 bf c2 00 26 d9 a0 f0 c8 dd 89 11 70 0d 1e 90 84 00 00 00 00 ed cb c0 00 02 f8 fb cc f6 c4 68 f3 3b fd fd ac 04 64 80",""
3090,15528,"PACKET","IN",207,45,"PlayerSync","id=207 bytes=45","cf 55 00 80 80 63 bf c0 00 03 fb e4 b0 e1 20 09 91 69 b0 5e 90 84 00 00 00 00 cb 27 c0 00 02 c4 27 1c f6 60 0f 79 87 fd fd ac 04 64 80",""
3091,15528,"PACKET","IN",207,35,"PlayerSync","id=207 bytes=35","cf 1a 00 00 00 02 1d ac 70 c2 c2 09 d1 64 11 60 50 80 00 00 00 03 df fd 80 00 04 00 00 00 01 fa 04 04 80",""
3092,15558,"PACKET","IN",207,45,"PlayerSync","id=207 bytes=45","cf 46 00 f8 ff e6 7f c2 00 3a dc e0 f0 d9 1d c9 11 61 0d 5e 90 84 00 00 00 01 81 cb c0 00 02 5c 77 c0 f7 14 64 17 37 fd fd ac 04 64 80",""
3093,15559,"PACKET","IN",207,45,"PlayerSync","id=207 bytes=45","cf 55 00 80 80 63 bf c0 00 31 3d e4 b0 d0 60 09 91 47 b0 9e 90 84 00 00 00 00 cb 27 c0 00 01 46 82 34 f6 60 0f 79 87 fd fd ac 04 64 80",""
3094,15559,"PACKET","IN",207,45,"PlayerSync","id=207 bytes=45","cf 60 00 8b 80 60 ff c0 00 2f d7 64 b0 fe 94 49 91 50 b5 5e 90 84 00 00 00 00 f2 31 c0 00 02 b2 ea ac f7 58 2a 2a cf fd fd fc 04 04 80",""
3095,15560,"PACKET","IN",207,35,"PlayerSync","id=207 bytes=35","cf 54 00 00 00 05 77 63 70 c5 21 c9 91 65 24 1e 90 80 00 00 00 00 12 8e c0 00 00 00 00 00 01 28 00 04 11",""
3096,15560,"PACKET","IN",207,39,"PlayerSync","id=207 bytes=39","cf 85 00 c0 00 60 3f c0 00 22 95 25 b0 fc 7f c9 91 6c 24 9f 10 80 00 00 00 02 33 51 80 00 00 00 00 00 01 28 00 04 11",""
3097,15560,"PACKET","IN",207,45,"PlayerSync","id=207 bytes=45","cf 55 00 80 80 63 bf c0 00 21 40 24 f0 ff 5f c9 91 66 30 9e 90 84 00 00 00 00 cb 27 c0 00 00 ec 52 04 f6 60 0f 79 87 fd fd ac 04 64 80",""
3098,15560,"PACKET","IN",207,45,"PlayerSync","id=207 bytes=45","cf 60 00 8a 80 60 bf c0 00 22 db 24 b0 f2 54 89 91 65 35 5e 90 84 00 00 00 02 2a 35 c0 00 00 25 d6 e0 f6 b0 28 b2 cf fd fd fc 04 04 80",""
3099,15561,"PACKET","IN",207,35,"PlayerSync","id=207 bytes=35","cf 63 00 00 00 35 23 63 70 dd 23 09 91 54 21 9e 90 80 00 00 00 02 22 63 80 00 00 00 00 00 01 28 00 04 11",""
3100,15587,"PACKET","IN",200,44,"VehicleSync","id=200 bytes=44","c8 38 00 30 00 00 00 00 00 00 00 0c e0 c1 50 5e ad 5c bd 0a 1c 30 3d 52 54 59 55 c8 04 23 8c 5a 23 cd ce fc a4 17 17 f5 a0 5d f0 00",""
3101,15588,"PACKET","IN",207,35,"PlayerSync","id=207 bytes=35","cf 3d 00 00 00 32 67 a8 30 d0 79 49 91 7b 67 1f 10 84 00 00 00 00 e6 f1 c0 00 00 00 00 00 01 28 00 04 11",""
3102,15589,"PACKET","IN",207,45,"PlayerSync","id=207 bytes=45","cf 46 00 f8 7f e6 7f c2 00 28 e3 20 f0 ed 5e 49 11 7c 0d 9e 90 84 00 00 00 00 d9 d3 c0 00 03 6d 87 84 f5 b8 66 4b 33 fd fd ac 04 64 80",""
3103,15590,"PACKET","IN",207,45,"PlayerSync","id=207 bytes=45","cf 46 00 f8 7f e6 7f c2 00 21 a5 e0 f0 ec 9e 89 11 64 0d de 90 84 00 00 00 02 8d d3 c0 00 02 bc df 78 f5 c8 60 f7 2f fd fd ac 04 64 80",""
3104,15590,"PACKET","IN",207,45,"PlayerSync","id=207 bytes=45","cf 55 00 80 80 63 bf c0 00 39 01 e4 f0 f1 1f c9 91 7f b0 9e 90 84 00 00 00 00 cb 27 c0 00 00 11 09 c4 f6 60 0f 79 87 fd fd ac 04 64 80",""
3105,15590,"PACKET","IN",207,45,"PlayerSync","id=207 bytes=45","cf 60 00 89 80 60 bf c0 00 08 df 64 b0 ea 54 c9 91 7e 35 5e 90 84 00 00 00 02 3a 39 c0 00 02 5b 33 10 f4 3c 2a f2 c7 fd fd fc 04 04 80",""
3106,15590,"PACKET","IN",207,35,"PlayerSync","id=207 bytes=35","cf 76 00 00 00 0e 87 a2 f0 c1 28 c9 91 5a 1c 1e 90 84 00 00 00 03 6c 9f 40 00 00 00 00 00 01 00 00 00 80",""
3107,15628,"PACKET","IN",207,45,"PlayerSync","id=207 bytes=45","cf 55 00 80 80 63 bf c0 00 17 83 e4 f0 e2 9f c9 91 59 70 de 90 84 00 00 00 00 cb 27 c0 00 00 1d 09 c4 f6 60 0f 79 87 fd fd ac 04 64 80",""
3108,15629,"RPC","IN",105,19,"TextDrawSetString","id=105 bytes=19","2f 01 0f 00 30 39 20 41 67 75 73 74 75 73 20 32 30 32 36",""
3109,15629,"RPC","IN",105,12,"TextDrawSetString","id=105 bytes=12","30 01 08 00 31 32 3a 30 32 3a 30 32",""
3110,15629,"PACKET","IN",207,45,"PlayerSync","id=207 bytes=45","cf 60 00 86 80 60 7f c0 00 35 22 a4 b0 d7 55 09 91 53 b5 9e 90 84 00 00 00 03 86 49 c0 00 02 73 33 10 f6 5c 26 72 c3 fd fd fc 04 04 80",""
3111,15630,"PACKET","IN",207,35,"PlayerSync","id=207 bytes=35","cf 1a 00 00 00 02 1d ac 70 c2 c2 09 d1 64 11 60 50 80 00 00 00 01 6f fd 80 00 04 00 00 00 01 fa 04 04 80",""
3112,15690,"RPC","IN",86,27,"ApplyPlayerAnimation","id=86 bytes=27","76 00 07 42 44 5f 46 49 52 45 07 77 61 73 68 5f 75 70 33 33 83 40 80 00 00 00 00",""
3113,15691,"PACKET","IN",207,45,"PlayerSync","id=207 bytes=45","cf 46 00 f7 ff e6 7f c2 00 2a ea e0 f0 e0 5f 09 11 6e 0e 1e 90 84 00 00 00 02 39 db c0 00 02 0d 97 88 f7 80 5d cb 2b fd fd ac 04 64 80",""
3114,15691,"PACKET","IN",207,35,"PlayerSync","id=207 bytes=35","cf 76 00 00 01 0e 87 a2 f0 c1 28 c9 91 5a 1c 1e 90 84 00 00 00 03 6c 9f 40 00 00 00 00 00 01 00 00 00 80",""
3115,15692,"PACKET","IN",200,44,"VehicleSync","id=200 bytes=44","c8 38 00 30 00 00 00 00 00 00 00 03 d0 b8 70 5f 4d 59 9c 7a 1c 34 ed 42 54 54 35 d8 04 25 3b f9 b3 c3 4e 5c 43 18 78 45 a0 5d f0 00",""
3116,15692,"PACKET","IN",207,45,"PlayerSync","id=207 bytes=45","cf 46 00 f6 ff e6 7f c2 00 3c 6b a0 f0 f2 9f 09 11 7a 0e 1e 90 84 00 00 00 00 55 e7 c0 00 00 b3 ff a4 f7 b0 58 5f 27 fd fd ac 04 64 80",""
3117,15692,"PACKET","IN",207,45,"PlayerSync","id=207 bytes=45","cf 60 00 85 80 60 7f c0 00 28 a6 e4 b0 c8 15 49 91 73 f5 9e 90 84 00 00 00 03 be 4d c0 00 02 02 6f 08 f6 c8 1e e2 af fd fd fc 04 04 80",""
3118,15692,"PACKET","IN",207,35,"PlayerSync","id=207 bytes=35","cf 76 00 00 00 0e 87 a2 f0 c1 28 c9 91 5a 1c 1e 90 84 00 00 00 03 6c 9f 40 00 00 00 00 00 01 00 00 00 80",""
3119,15693,"PACKET","IN",207,45,"PlayerSync","id=207 bytes=45","cf 46 00 f6 ff e6 7f c2 00 15 6e a0 f0 ef 1f 49 11 64 0e 5e 90 84 00 00 00 00 cd e7 c0 00 03 7f fb a4 f5 40 56 e7 1b fd fd ac 04 64 80",""
3120,15693,"PACKET","IN",207,45,"PlayerSync","id=207 bytes=45","cf 46 00 f6 ff e6 7f ca 00 29 b1 e0 f0 f5 9f 89 11 55 4e 9e 90 84 00 00 00 02 81 e7 c0 00 00 11 cf d4 f4 f4 56 73 1b fd fd ac 04 64 80",""
3121,15694,"PACKET","IN",207,45,"PlayerSync","id=207 bytes=45","cf 60 00 83 80 60 7f c0 00 2d 6a 64 b0 ef d5 49 91 4f b5 de 90 84 00 00 00 02 1a 59 c0 00 02 49 ba f8 f5 0c 1e 06 ab fd fd fc 04 04 80",""
3122,15707,"PACKET","OUT",203,32,"AimSync","id=203 bytes=32","cb 00 00 00 39 05 00 00 00 00 00 00 00 00 00 00 00 40 01 00 00 00 80 3f 00 00 f3 04 b5 3f 39 05",""
3123,15722,"PACKET","IN",207,45,"PlayerSync","id=207 bytes=45","cf 55 00 81 00 64 ff c2 00 0f 0f 64 f0 d1 9f 89 91 74 31 5e 90 84 00 00 00 02 fb 1b c0 00 02 9d 6e 54 f6 ec 0a cd 97 fd fd c8 04 04 80",""
3124,15723,"PACKET","IN",207,45,"PlayerSync","id=207 bytes=45","cf 60 00 83 00 60 7f c0 00 0b 2e a4 b0 da 95 89 91 73 b5 de 90 84 00 00 00 03 46 59 c0 00 03 42 02 e4 f4 f8 19 f2 9f fd fd fc 04 04 80",""
3125,15723,"PACKET","IN",207,45,"PlayerSync","id=207 bytes=45","cf 60 00 82 80 60 7f c0 00 23 31 e4 b0 fc d5 89 91 51 36 1e 90 84 00 00 00 00 6a 5d c0 00 00 ce 66 dc f4 84 18 8e 9f fd fd fc 04 04 80",""
3126,15723,"PACKET","IN",207,35,"PlayerSync","id=207 bytes=35","cf 7c 00 00 00 35 a2 e2 70 da 28 89 91 5f 9d de 90 80 00 00 00 01 98 6a 40 00 00 00 00 00 01 28 00 04 11",""
3127,15723,"RPC","IN",99,42,"MoveObject","id=99 bytes=42","a0 00 f8 e3 a1 c3 d7 9b 26 45 53 c5 7d 42 f8 e3 a1 c3 d7 9b 26 45 ed 5e 7b 42 00 00 80 3e 00 00 00 00 00 00 00 00 08 cc 84 43",""
3128,15723,"RPC","IN",122,2,"StopObject","id=122 bytes=2","a0 00",""
3129,15723,"RPC","IN",99,42,"MoveObject","id=99 bytes=42","a0 00 f8 e3 a1 c3 d7 9b 26 45 53 c5 7d 42 f8 e3 a1 c3 d7 9b 26 45 53 c5 7d 42 00 00 80 3e 00 00 00 00 00 00 00 00 08 cc 84 43",""
3130,15723,"RPC","IN",122,2,"StopObject","id=122 bytes=2","a0 00",""
3131,15724,"RPC","IN",99,42,"MoveObject","id=99 bytes=42","a0 00 f8 e3 a1 c3 d7 9b 26 45 53 c5 7d 42 f8 e3 a1 c3 d7 9b 26 45 ed 5e 7b 42 00 00 80 3e 00 00 00 00 00 00 00 00 08 cc 84 43",""
3132,15724,"RPC","IN",122,2,"StopObject","id=122 bytes=2","a0 00",""
3133,15724,"RPC","IN",99,42,"MoveObject","id=99 bytes=42","a0 00 f8 e3 a1 c3 d7 9b 26 45 53 c5 7d 42 f8 e3 a1 c3 d7 9b 26 45 53 c5 7d 42 00 00 80 3e 00 00 00 00 00 00 00 00 08 cc 84 43",""
3134,15724,"RPC","IN",122,2,"StopObject","id=122 bytes=2","a0 00",""
3135,15724,"RPC","IN",99,42,"MoveObject","id=99 bytes=42","a0 00 f8 e3 a1 c3 d7 9b 26 45 53 c5 7d 42 f8 e3 a1 c3 d7 9b 26 45 ed 5e 7b 42 00 00 80 3e 00 00 00 00 00 00 00 00 08 cc 84 43",""
3136,15724,"RPC","IN",122,2,"StopObject","id=122 bytes=2","a0 00",""
3137,15724,"RPC","IN",99,42,"MoveObject","id=99 bytes=42","a0 00 f8 e3 a1 c3 d7 9b 26 45 53 c5 7d 42 f8 e3 a1 c3 d7 9b 26 45 53 c5 7d 42 00 00 80 3e 00 00 00 00 00 00 00 00 08 cc 84 43",""
3138,15724,"RPC","IN",122,2,"StopObject","id=122 bytes=2","a0 00",""
3139,15724,"RPC","IN",99,42,"MoveObject","id=99 bytes=42","a0 00 f8 e3 a1 c3 d7 9b 26 45 53 c5 7d 42 f8 e3 a1 c3 d7 9b 26 45 ed 5e 7b 42 00 00 80 3e 00 00 00 00 00 00 00 00 08 cc 84 43",""
3140,15724,"RPC","IN",122,2,"StopObject","id=122 bytes=2","a0 00",""
3141,15724,"RPC","IN",99,42,"MoveObject","id=99 bytes=42","a0 00 f8 e3 a1 c3 d7 9b 26 45 53 c5 7d 42 f8 e3 a1 c3 d7 9b 26 45 53 c5 7d 42 00 00 80 3e 00 00 00 00 00 00 00 00 08 cc 84 43",""
3142,15724,"RPC","IN",122,2,"StopObject","id=122 bytes=2","a0 00",""
3143,15724,"RPC","IN",99,42,"MoveObject","id=99 bytes=42","a0 00 f8 e3 a1 c3 d7 9b 26 45 53 c5 7d 42 f8 e3 a1 c3 d7 9b 26 45 ed 5e 7b 42 00 00 80 3e 00 00 00 00 00 00 00 00 08 cc 84 43",""
3144,15725,"RPC","IN",122,2,"StopObject","id=122 bytes=2","a0 00",""
3145,15725,"RPC","IN",99,42,"MoveObject","id=99 bytes=42","a0 00 f8 e3 a1 c3 d7 9b 26 45 53 c5 7d 42 f8 e3 a1 c3 d7 9b 26 45 53 c5 7d 42 00 00 80 3e 00 00 00 00 00 00 00 00 08 cc 84 43",""
3146,15746,"PACKET","IN",200,44,"VehicleSync","id=200 bytes=44","c8 38 00 30 00 00 00 00 00 00 00 0c 00 92 80 50 3d 6d 0c 0a 1c 3a 6d 32 54 59 35 e8 04 29 11 29 63 cc 7d d1 42 9c a8 55 a0 5d f0 00",""
3147,15747,"PACKET","IN",207,45,"PlayerSync","id=207 bytes=45","cf 46 00 f6 7f e6 7f c0 00 12 35 e0 f0 c7 a0 09 11 4f 0e de 90 84 00 00 00 02 81 e7 c0 00 00 b6 7b ec f7 e4 50 d7 1b fd fd ae 04 08 80",""
3148,15747,"PACKET","IN",207,45,"PlayerSync","id=207 bytes=45","cf 55 00 81 00 64 ff c2 00 1e 11 e4 f0 c0 5f 89 91 56 31 9e 90 84 00 00 00 02 ef 1b c0 00 00 af 52 5c f6 ec 0a cd 97 fd fd c8 04 04 80",""
3149,15747,"PACKET","IN",207,35,"PlayerSync","id=207 bytes=35","cf 1a 00 00 80 02 1d ac 70 c2 c2 09 d1 64 11 60 50 80 00 00 00 01 6f fd 80 00 04 00 00 00 01 a5 04 04 80",""
3150,15747,"PACKET","IN",207,45,"PlayerSync","id=207 bytes=45","cf 46 00 f6 7f e6 7f c0 00 0b 79 a0 f0 d5 e0 49 11 45 cf 1e 90 84 00 00 00 02 81 e7 c0 00 01 15 77 c8 f7 e4 50 d7 1b fd fd ae 04 08 80",""
3151,15748,"PACKET","IN",207,35,"PlayerSync","id=207 bytes=35","cf 76 00 00 00 0e 87 a2 f0 c1 28 c9 91 5a 1c 1e 90 84 00 00 00 03 6c 9f 40 00 00 00 00 00 01 28 00 04 11",""
3152,15769,"PACKET","IN",207,35,"PlayerSync","id=207 bytes=35","cf 1a 00 00 00 02 1d ac 70 c2 c2 09 d1 64 11 60 50 80 00 00 00 01 6f fd 80 00 04 00 00 00 01 a5 04 04 80",""
3153,15770,"PACKET","IN",207,45,"PlayerSync","id=207 bytes=45","cf 55 00 81 00 64 ff c2 00 24 54 24 f0 f1 1f 49 91 74 71 9e 90 84 00 00 00 02 db 1b c0 00 00 8a 3e 5c f6 e8 0a dd 97 fd fd c8 04 04 80",""
3154,15770,"PACKET","IN",207,45,"PlayerSync","id=207 bytes=45","cf 46 00 f6 7f e6 7f c0 00 0d fd 60 f0 e4 e0 89 11 7d 4f 1e 90 84 00 00 00 02 81 e7 c0 00 02 cd 93 84 f7 e4 50 d7 1b fd fd ae 04 08 80",""
3155,15770,"PACKET","IN",207,45,"PlayerSync","id=207 bytes=45","cf 60 00 83 00 60 7f c0 00 36 f8 24 b0 fd 95 c9 91 49 76 5e 90 84 00 00 00 02 82 55 c0 00 02 f5 26 c4 f4 a8 18 fa 9f fd fd fc 04 04 80",""
3156,15793,"PACKET","IN",207,35,"PlayerSync","id=207 bytes=35","cf 2d 00 00 00 3c 58 68 30 c1 50 49 d1 7b 67 1f 10 84 00 00 00 02 aa b3 c0 00 00 00 00 00 01 28 00 04 11",""
3157,15793,"PACKET","IN",207,45,"PlayerSync","id=207 bytes=45","cf 55 00 81 00 64 ff c2 00 1c d7 64 f0 db 9f 49 91 5f 31 de 90 84 00 00 00 02 c7 1b c0 00 01 53 9e 74 f6 e0 0a fd 97 fd fd c8 04 04 80",""
3158,15794,"PACKET","IN",207,45,"PlayerSync","id=207 bytes=45","cf 46 00 f6 7f e6 7f c0 00 38 7f a0 f0 d7 a0 c9 11 61 0f 5e 90 84 00 00 00 02 81 e7 c0 00 00 9f db 50 f7 e4 50 d7 1b fd fd ae 04 08 80",""
3159,15794,"PACKET","IN",207,35,"PlayerSync","id=207 bytes=35","cf 4d 00 00 00 02 00 23 30 e6 e4 09 91 70 1e 9e 90 84 00 00 00 03 da d0 80 00 00 00 00 00 01 28 00 04 11",""
3160,15794,"PACKET","IN",207,35,"PlayerSync","id=207 bytes=35","cf 92 00 00 00 1b 0b 23 30 de 59 49 91 73 1f 1e 90 84 00 00 00 02 9b 21 c0 00 00 00 00 00 01 a5 04 04 80",""
3161,15813,"PACKET","IN",207,45,"PlayerSync","id=207 bytes=45","cf 46 00 f6 7f e6 7f c0 00 33 01 e1 30 c6 61 09 11 41 8f 9e 90 84 00 00 00 02 81 e7 c0 00 02 ba 2b 20 f7 e4 50 d7 1b fd fd ae 04 08 80",""
3162,15813,"PACKET","IN",207,45,"PlayerSync","id=207 bytes=45","cf 55 00 81 00 64 ff c2 00 2f 99 e4 f0 ca 5f 49 91 41 72 1e 90 84 00 00 00 02 9f 1b c0 00 02 7a 76 a0 f6 d8 0b 1d 97 fd fd c8 04 04 80",""
3163,15813,"PACKET","IN",207,45,"PlayerSync","id=207 bytes=45","cf 60 00 83 80 60 7f c0 00 38 3b 64 b0 e0 56 09 91 65 36 5e 90 84 00 00 00 02 1e 51 c0 00 01 8f e6 b0 f6 58 1a 26 a3 fd fd fc 04 04 80",""
3164,15814,"PACKET","IN",200,44,"VehicleSync","id=200 bytes=44","c8 38 00 30 00 00 00 00 00 00 00 05 50 8c 50 31 7d 6e ab 9a 1c 3e 3d 22 54 5d 65 f8 04 24 68 88 c3 c0 3d a1 22 59 c8 35 a0 5d f0 00",""
3165,15814,"PACKET","IN",207,45,"PlayerSync","id=207 bytes=45","cf 46 00 f6 7f e6 7f c0 00 12 44 21 30 f2 e1 09 11 61 0f 9e 90 84 00 00 00 02 81 e7 c0 00 03 7f f2 f0 f7 e4 50 d7 1b fd fd ae 04 08 80",""
3166,15814,"PACKET","IN",207,45,"PlayerSync","id=207 bytes=45","cf 55 00 81 00 64 ff c2 00 3a dc a4 f0 f7 9f 09 91 66 b2 1e 90 84 00 00 00 02 7b 1b c0 00 01 04 b6 c0 f6 cc 0b 5d 97 fd fd c8 04 04 80",""
3167,15841,"PACKET","IN",207,45,"PlayerSync","id=207 bytes=45","cf 60 00 83 80 60 7f c0 00 32 3e a4 b0 c4 16 49 91 7f 36 5e 90 84 00 00 00 01 1e 51 c0 00 02 3b 32 98 f4 18 1f 4a a7 fd fd fc 04 04 80",""
3168,15841,"PACKET","IN",207,35,"PlayerSync","id=207 bytes=35","cf 29 00 00 00 28 26 a8 30 d1 15 49 d1 7b 67 1f 10 84 00 00 00 03 a9 ff c0 00 00 00 00 00 01 28 00 04 11",""
3169,15841,"PACKET","IN",207,45,"PlayerSync","id=207 bytes=45","cf 46 00 f6 7f e6 7f c0 00 1f 06 21 30 dd e1 49 11 7f 4f 9e 90 84 00 00 00 02 81 e7 c0 00 00 90 b2 b0 f7 e4 50 d7 1b fd fd ae 04 08 80",""
3170,15841,"PACKET","IN",207,45,"PlayerSync","id=207 bytes=45","cf 55 00 81 00 64 ff c2 00 25 9f a4 f0 e4 1f 09 91 4d 72 5e 90 84 00 00 00 02 57 1b c0 00 02 61 c2 d4 f6 c0 0b 91 97 fd fd c8 04 04 80",""
3171,15860,"PACKET","IN",207,45,"PlayerSync","id=207 bytes=45","cf 60 00 83 80 60 7f c0 00 03 81 a4 f0 e3 96 49 91 55 f6 9e 90 84 00 00 00 00 32 51 c0 00 00 6a aa 80 f4 7c 1c 6e ab fd fd fc 04 04 80",""
3172,15860,"PACKET","IN",207,45,"PlayerSync","id=207 bytes=45","cf 46 00 f6 7f e6 7f c0 00 13 c8 61 30 cc 21 89 11 5f cf de 90 84 00 00 00 02 81 e7 c0 00 02 99 ea a0 f7 e4 50 d7 1b fd fd ae 04 08 80",""
3173,15860,"PACKET","IN",207,45,"PlayerSync","id=207 bytes=45","cf 55 00 81 00 64 ff c2 00 2c e2 64 f0 d1 9f 09 91 72 32 5e 90 84 00 00 00 02 2f 1b c0 00 01 6e d2 c0 f6 b4 0b c9 97 fd fd c8 04 04 80",""
3174,15882,"PACKET","IN",207,45,"PlayerSync","id=207 bytes=45","cf 46 00 f6 7f e6 7f c0 00 1c 8a a1 30 fc 21 89 11 41 90 1e 90 84 00 00 00 02 81 e7 c0 00 02 85 ea a0 f7 e4 50 d7 1b fd fd ae 04 08 80",""
3175,15882,"PACKET","IN",207,45,"PlayerSync","id=207 bytes=45","cf 55 00 81 00 64 ff c2 00 32 e5 24 f0 ff 1e c9 91 57 32 9e 90 84 00 00 00 02 07 1b c0 00 03 e0 9a c4 f6 a8 08 09 9b fd fd c8 04 04 80",""
3176,15882,"PACKET","IN",207,45,"PlayerSync","id=207 bytes=45","cf 60 00 83 00 60 7f c0 00 18 84 a4 f0 c6 16 89 91 6e b6 9e 90 84 00 00 00 02 b2 51 c0 00 02 23 de 84 f4 dc 1d 7e ab fd fd fc 04 04 80",""
3177,15882,"RPC","IN",86,27,"ApplyPlayerAnimation","id=86 bytes=27","7e 00 07 42 44 5f 46 49 52 45 07 77 61 73 68 5f 75 70 33 33 83 40 80 00 00 00 00",""
3178,15906,"PACKET","IN",200,44,"VehicleSync","id=200 bytes=44","c8 38 00 30 00 00 00 00 00 00 00 05 10 76 e0 22 5d 67 4b 4a 1c 34 6d 22 54 51 f6 08 04 2b a0 88 13 c1 2d c1 52 70 78 05 a0 5d f0 00",""
3179,15907,"PACKET","IN",207,35,"PlayerSync","id=207 bytes=35","cf 53 00 00 00 29 67 a8 30 de 18 09 d1 7a e7 1f 10 84 00 00 00 02 ba 42 c0 00 00 00 00 00 01 a5 04 04 80",""
3180,15907,"PACKET","IN",207,45,"PlayerSync","id=207 bytes=45","cf 60 00 83 00 60 7f c0 00 0e 87 a4 f0 e6 96 89 91 46 f6 de 90 84 00 00 00 01 e6 51 c0 00 01 ec 26 8c f7 dc 1a 9a a7 fd fd fc 04 04 80",""
3181,15907,"PACKET","IN",207,45,"PlayerSync","id=207 bytes=45","cf 55 00 81 00 64 ff c2 00 1f 68 24 f0 eb de c9 91 7d f2 9e 90 84 00 00 00 01 df 1b c0 00 02 15 f6 bc f6 9c 08 45 9b fd fd c8 04 04 80",""
3182,15907,"PACKET","IN",207,35,"PlayerSync","id=207 bytes=35","cf 02 00 00 00 2d a2 e3 70 ee 9a 89 91 77 a3 1e 90 80 00 00 00 00 8a aa c0 00 00 00 00 00 01 28 00 04 11",""
3183,15907,"PACKET","IN",207,45,"PlayerSync","id=207 bytes=45","cf 46 00 f6 7f e6 7f c0 00 24 4c e1 30 eb e1 c9 11 63 10 1e 90 84 00 00 00 02 81 e7 c0 00 02 99 ea a0 f7 e4 50 d7 1b fd fd ae 04 08 80",""
3184,15928,"PACKET","IN",207,45,"PlayerSync","id=207 bytes=45","cf 46 00 f6 7f e6 7f c0 00 31 93 21 30 f0 22 49 11 58 af 1e 90 84 00 00 00 02 81 e7 c0 00 02 22 49 f8 fb 28 81 d2 f9 da e9 ab 04 08 80",""
3185,15928,"PACKET","IN",207,35,"PlayerSync","id=207 bytes=35","cf 51 00 00 00 1b 0a e3 30 cf a8 49 91 58 dd 9e 90 84 00 00 00 01 37 17 c0 00 00 00 00 00 01 28 00 04 11",""
3186,15928,"PACKET","IN",207,45,"PlayerSync","id=207 bytes=45","cf 55 00 81 00 64 ff c2 00 19 2a e4 f0 d9 de c9 91 62 32 de 90 84 00 00 00 01 af 1b c0 00 03 f8 ea c4 f6 90 08 85 9b fd fd c8 04 04 80",""
3187,15928,"PACKET","IN",207,35,"PlayerSync","id=207 bytes=35","cf 5b 00 00 00 0e fc 66 b0 e8 7d 89 91 7b 67 1f 10 84 00 00 00 01 0a e2 00 00 00 00 00 00 01 28 00 04 11",""
3188,15928,"PACKET","IN",207,45,"PlayerSync","id=207 bytes=45","cf 60 00 83 00 60 7f c0 00 39 8a 24 f0 c4 16 c9 91 5c b6 de 90 84 00 00 00 01 2a 51 c0 00 02 df fe 6c f4 2c 1f 86 a7 fd fd fc 04 04 80",""
3189,15949,"PACKET","IN",207,45,"PlayerSync","id=207 bytes=45","cf 55 00 81 00 64 ff c2 00 30 6d a4 f0 c7 1e c9 91 47 b3 1e 90 84 00 00 00 01 87 1b c0 00 00 10 46 cc f6 80 08 cd 9b fd fd df 04 02 80",""
3190,15949,"PACKET","IN",207,45,"PlayerSync","id=207 bytes=45","cf 60 00 83 00 60 7f c0 00 38 8d 64 f0 e8 56 c9 91 76 b6 de 90 84 00 00 00 00 82 51 c0 00 00 a6 66 a8 f4 78 1c 62 ab fd fd fc 04 04 80",""
3191,15949,"PACKET","IN",207,45,"PlayerSync","id=207 bytes=45","cf 46 00 f6 7f e6 7f c0 00 19 58 61 30 dc 62 c9 11 5d 06 de d0 84 00 00 00 02 81 e7 c0 00 03 8c 51 ec fa 54 7c fe fe 42 dd ab 04 08 80",""
3192,15950,"PACKET","OUT",207,69,"PlayerSync","id=207 bytes=69","cf 00 00 00 00 00 00 67 0a 9b c3 6b 06 27 45 ed 9c 7c 42 11 b2 39 3f 00 00 00 80 00 00 00 00 14 38 30 bf 64 00 04 00 00 00 00 00 00 00 00 00 00 00 00 00 00 00 00 00 00 00 00 00 00 00 00 00 00 00 28 00 04 11",""
3193,15975,"PACKET","IN",207,45,"PlayerSync","id=207 bytes=45","cf 46 00 f6 7f e6 7f c0 00 02 63 21 30 fc 23 89 11 41 33 1e d0 84 00 00 00 02 81 e7 c0 00 00 81 a1 d0 f8 c8 77 43 00 ce c5 ab 04 08 80",""
3194,15976,"PACKET","IN",207,45,"PlayerSync","id=207 bytes=45","cf 55 00 81 00 64 ff c2 00 0a b0 a4 f0 f4 5e 89 91 6d 73 1e 90 84 00 00 00 01 5b 1b c0 00 01 82 9a d8 f6 74 09 0d 9b fd fd e9 04 02 80",""
3195,15976,"PACKET","IN",207,45,"PlayerSync","id=207 bytes=45","cf 60 00 83 00 60 7f c0 00 1c 90 e4 f0 ce 57 09 91 51 f7 1e 90 84 00 00 00 03 ca 4d c0 00 02 aa 9a cc f4 bc 1d 26 ab fd fd fc 04 04 80",""
3196,15976,"PACKET","IN",203,34,"AimSync","id=203 bytes=34","cb 60 00 04 e8 cf 74 bf 77 a9 93 3e 89 43 45 bd b8 96 91 c3 0b 4c 26 45 4f ef 7d 42 00 00 00 00 3f 36",""
3197,15996,"PACKET","IN",200,44,"VehicleSync","id=200 bytes=44","c8 38 00 30 00 00 00 00 00 00 00 04 20 68 20 12 fd 65 8a ea 1c 3a bd 12 54 58 35 f8 04 2c 85 e6 33 c2 3e 45 b3 06 c7 c5 a0 5d f0 00",""
3198,15997,"PACKET","IN",207,35,"PlayerSync","id=207 bytes=35","cf 1f 00 00 00 26 a3 e3 70 c2 1d 89 91 42 a3 5e 90 80 00 00 00 02 c2 27 00 00 00 00 00 00 01 28 00 04 11",""
3199,15997,"PACKET","IN",207,45,"PlayerSync","id=207 bytes=45","cf 46 00 f6 7f e6 7f c0 00 14 69 21 30 fb a4 09 11 43 c9 1f 10 84 00 00 00 02 81 e7 c0 00 01 97 cd c0 fb ac 6e 9b 05 6e b5 ab 04 08 80",""
3200,16024,"PACKET","IN",207,35,"PlayerSync","id=207 bytes=35","cf 1a 00 00 00 02 1d ac 70 c2 c2 09 d1 64 11 60 50 80 00 00 00 01 6f fd 80 00 00 00 00 00 01 a5 04 04 80",""
3201,16024,"PACKET","IN",207,45,"PlayerSync","id=207 bytes=45","cf 60 00 83 00 60 7f c0 00 1a 54 64 f0 f5 97 09 91 6d b7 1e 90 84 00 00 00 03 16 4d c0 00 01 eb 32 e0 f5 08 1d f6 ab fd fd fc 04 04 80",""
3202,16024,"PACKET","IN",207,35,"PlayerSync","id=207 bytes=35","cf 70 00 00 00 1b a3 63 70 dc 97 c9 91 7d 23 1e 90 80 00 00 00 01 75 cb 00 00 00 00 00 00 01 00 00 00 80",""
3203,16024,"PACKET","IN",203,34,"AimSync","id=203 bytes=34","cb 70 00 04 19 cb 39 3f 4c 9d f2 3e 93 5a ff be 30 7a 8e c3 1f 4c 26 45 74 04 81 42 00 00 00 00 3f c6",""
3204,16024,"PACKET","IN",207,45,"PlayerSync","id=207 bytes=45","cf 46 00 f6 7f e6 7f c0 00 11 2f e1 30 c9 24 c9 11 41 de df 10 84 00 00 00 02 81 e7 c0 00 02 51 b1 b4 fa 58 6a 1b 0b a2 a1 ab 04 08 80",""
3205,16025,"PACKET","IN",207,45,"PlayerSync","id=207 bytes=45","cf 60 00 83 00 60 7f c0 00 20 d7 e4 f0 dd 97 49 91 49 b7 5e 90 84 00 00 00 02 5a 4d c0 00 01 f3 32 e0 f5 54 1e ca ab fd fd fc 04 04 80",""
3206,16044,"PACKET","IN",207,35,"PlayerSync","id=207 bytes=35","cf 7e 00 00 00 13 27 28 30 cd 86 09 d1 7b 67 1f 10 84 00 00 00 01 42 b3 94 00 00 00 00 00 01 28 00 04 11",""
3207,16044,"PACKET","IN",207,35,"PlayerSync","id=207 bytes=35","cf 97 00 00 00 3d e7 a8 30 e4 09 c9 d1 7b 67 1f 10 84 00 00 00 00 0f 03 e8 00 00 00 00 00 01 a5 04 e8 80",""
3208,16045,"PACKET","IN",200,44,"VehicleSync","id=200 bytes=44","c8 38 00 30 00 00 00 00 00 00 00 09 90 55 d0 13 1d 64 4a 9a 1c 34 4d 12 54 5a b5 e8 04 25 a7 54 a3 c2 de e0 13 f8 e7 b5 a0 5d f0 00",""
3209,16045,"PACKET","IN",207,45,"PlayerSync","id=207 bytes=45","cf 46 00 f6 7f e6 7f c0 00 34 76 21 30 cf 25 49 11 73 30 df 10 84 00 00 00 02 81 e7 c0 00 02 01 91 a8 f9 b0 65 2b 0e 12 91 ab 04 08 80",""
3210,16045,"PACKET","IN",207,45,"PlayerSync","id=207 bytes=45","cf 60 00 83 00 60 7f c0 00 1f 5b 24 f0 c2 97 89 91 62 f7 5e 90 84 00 00 00 01 9e 4d c0 00 03 56 8e d0 f5 9c 1f 9e ab fd fd fc 04 04 80",""
3211,16066,"PACKET","IN",207,45,"PlayerSync","id=207 bytes=45","cf 46 00 f6 7f e6 7f c0 00 3a bc e1 30 dd 65 c9 11 43 01 9f 50 84 00 00 00 02 81 e7 c0 00 02 96 15 9c f9 38 60 17 12 be 7d ab 04 08 80",""
3212,16066,"PACKET","IN",207,35,"PlayerSync","id=207 bytes=35","cf 54 00 00 00 05 77 63 70 c5 21 c9 91 65 24 1e 90 80 00 00 00 00 12 8e c0 00 00 00 00 00 01 28 00 04 11",""
3213,16089,"PACKET","IN",207,45,"PlayerSync","id=207 bytes=45","cf 60 00 83 80 60 7f c0 00 15 5e a4 f0 ea 17 89 91 7e 37 5e 90 84 00 00 00 01 a2 49 c0 00 00 b6 fe c0 f5 ec 1c 7a af fd fd fc 04 04 80",""
3214,16089,"PACKET","IN",207,45,"PlayerSync","id=207 bytes=45","cf 55 00 81 00 64 ff c2 00 35 7f a4 f0 d1 9e 49 91 75 f3 de 90 84 00 00 00 00 6b 1b c0 00 02 4b 6a e0 f6 28 0a 7d 9b fd fd e9 04 02 80",""
3215,16089,"PACKET","IN",203,34,"AimSync","id=203 bytes=34","cb 55 00 04 77 71 70 bf a6 30 56 be bd 5d 8b be de e3 91 c3 27 88 26 45 76 d1 80 42 00 00 00 00 3f 44",""
3216,16089,"RPC","IN",16,16,"PlaySound","id=16 bytes=16","92 7e 00 00 00 00 00 00 00 00 00 00 00 00 00 00",""
3217,16090,"RPC","IN",134,80,"ShowTextDraw","id=134 bytes=80","37 08 11 9a 99 19 3f 00 00 00 40 1a ff 00 aa 00 00 cc 42 00 00 a0 41 00 00 00 32 00 01 00 00 00 ff 04 00 00 00 59 43 00 00 b8 43 00 00 00 00 00 00 00 00 00 00 00 00 00 00 00 00 80 3f ff ff ff ff 0d 00 6c 64 5f 64 75 61 6c 3a 77 68 69 74 65",""
3218,16110,"PACKET","IN",207,35,"PlayerSync","id=207 bytes=35","cf 1c 00 00 00 2d 1d 28 30 f6 cc c9 d1 7b 67 1f 10 84 00 00 00 00 65 93 00 00 00 00 00 00 01 28 00 04 11",""
3219,16110,"PACKET","IN",207,45,"PlayerSync","id=207 bytes=45","cf 55 00 81 00 64 ff c2 00 1b 82 a5 30 fe de 09 91 72 34 1e 90 84 00 00 00 00 3f 1b c0 00 01 80 9e d8 f6 18 0a c1 9b fd fd e9 04 02 80",""
3220,16110,"PACKET","IN",207,45,"PlayerSync","id=207 bytes=45","cf 60 00 84 00 60 7f c0 00 34 a1 a4 f0 ce d7 c9 91 55 b7 9e 90 84 00 00 00 01 92 45 c0 00 02 6a 62 b0 f7 94 1d 0e b3 fd fd fc 04 04 80",""
3221,16110,"PACKET","IN",207,39,"PlayerSync","id=207 bytes=39","cf 85 00 c0 00 60 3f c0 00 22 95 25 b0 fc 7f c9 91 6c 24 9f 10 80 00 00 00 02 33 51 80 00 00 00 00 00 01 28 00 04 11",""
3222,16110,"RPC","IN",105,7,"TextDrawSetString","id=105 bytes=7","26 08 03 00 31 30 30",""
3223,16110,"RPC","IN",105,5,"TextDrawSetString","id=105 bytes=5","27 08 01 00 30",""
3224,16110,"RPC","IN",105,6,"TextDrawSetString","id=105 bytes=6","28 08 02 00 34 38",""
3225,16110,"RPC","IN",105,5,"TextDrawSetString","id=105 bytes=5","29 08 01 00 37",""
3226,16110,"RPC","IN",105,7,"TextDrawSetString","id=105 bytes=7","2a 08 03 00 31 30 30",""
3227,16110,"PACKET","IN",207,45,"PlayerSync","id=207 bytes=45","cf 55 00 81 00 64 ff c2 00 14 c5 a5 30 eb 9e 09 91 78 b4 5e 90 84 00 00 00 00 13 1b c0 00 02 9e ba ec f6 0c 0b 05 9b fd fd e9 04 02 80",""
3228,16150,"PACKET","IN",200,44,"VehicleSync","id=200 bytes=44","c8 38 00 30 00 00 00 00 00 00 00 06 90 59 80 13 0d 6a 8a 3a 1c 3f 5d 02 54 5f 45 d8 04 2d 13 33 43 c2 df 9d f5 62 67 d5 a0 5d f0 00",""
3229,16150,"PACKET","IN",207,45,"PlayerSync","id=207 bytes=45","cf 55 00 81 00 64 ff c2 00 27 08 a5 30 d7 de 09 91 40 f4 de 90 84 00 00 00 03 e7 17 c0 00 02 b4 f7 00 f5 fc 0b 4d 9b fd fd e9 04 02 80",""
3230,16150,"PACKET","IN",207,45,"PlayerSync","id=207 bytes=45","cf 60 00 84 80 60 7f c2 00 08 22 24 f0 cd 18 09 91 64 37 5e 90 84 00 00 00 01 86 41 c0 00 02 40 e8 a4 f7 65 a8 f3 fb fd fd ff 04 02 80",""
3231,16150,"PACKET","IN",207,35,"PlayerSync","id=207 bytes=35","cf 63 00 00 00 35 23 63 70 dd 23 09 91 54 21 9e 90 80 00 00 00 02 22 63 80 00 00 00 00 00 01 28 00 04 11",""
3232,16150,"PACKET","IN",207,35,"PlayerSync","id=207 bytes=35","cf 3d 00 00 00 32 67 a8 30 d0 79 49 91 7b 67 1f 10 84 00 00 00 00 e6 f1 c0 00 00 00 00 00 01 28 00 04 11",""
3233,16150,"PACKET","IN",207,45,"PlayerSync","id=207 bytes=45","cf 55 00 81 00 64 ff c2 00 30 cb e5 30 c2 de 09 91 4e 75 1e 90 84 00 00 00 03 b7 17 c0 00 02 55 1b 34 f5 f0 0b 95 9b fd fd e9 04 02 80",""
3234,16170,"PACKET","IN",207,45,"PlayerSync","id=207 bytes=45","cf 60 00 85 80 60 7f c2 00 2d 62 a4 f0 c8 98 49 91 7b 37 1e 90 84 00 00 00 01 3e 39 c0 00 02 6d 29 5c f4 51 5b bf e3 fd fd 03 05 02 80",""
3235,16170,"PACKET","IN",207,45,"PlayerSync","id=207 bytes=45","cf 46 00 f6 7f e6 7f c0 00 16 dd e1 70 cf 28 89 11 50 ec 1f 50 84 00 00 00 02 81 e7 c0 00 00 bf fd 78 f8 68 54 7f 19 36 19 ab 04 08 80",""
3236,16170,"PACKET","IN",207,45,"PlayerSync","id=207 bytes=45","cf 55 00 81 00 64 ff c2 00 1c 4f 25 30 ee 9d c9 91 59 35 5e 90 84 00 00 00 03 87 17 c0 00 02 8d 9b 44 f5 e0 0b dd 9b fd fd e9 04 02 80",""
3237,16191,"PACKET","IN",207,45,"PlayerSync","id=207 bytes=45","cf 60 00 86 80 60 7f c2 00 2c 24 64 f0 e2 18 89 91 4b 77 1e 90 84 00 00 00 00 96 31 c0 00 03 1c a2 14 f5 20 f2 7b b3 fd fd 03 05 02 80",""
3238,16192,"PACKET","IN",200,44,"VehicleSync","id=200 bytes=44","c8 38 00 30 00 00 00 00 00 00 00 0d 90 5e a0 12 cd 6f 89 ea 1c 3c cd 02 54 5b 75 d8 04 2f de a2 63 cd 4f ed 16 e9 d7 e5 a0 5d f0 00",""
3239,16192,"PACKET","IN",207,45,"PlayerSync","id=207 bytes=45","cf 46 00 f6 7f e6 7f c0 00 17 e3 61 70 c2 a9 09 11 54 2c df 50 84 00 00 00 02 81 e7 c0 00 03 21 f1 78 fb f0 50 cf 1b 6a 05 ab 04 08 80",""
3240,16192,"PACKET","IN",207,45,"PlayerSync","id=207 bytes=45","cf 55 00 81 00 64 ff c2 00 1b 12 65 30 d9 dd c9 91 65 b5 9e 90 84 00 00 00 03 5b 17 c0 00 00 f7 ab 54 f5 d4 08 25 9f fd fd e9 04 02 80",""
3241,16212,"RPC","IN",86,28,"ApplyPlayerAnimation","id=86 bytes=28","97 00 09 50 4c 41 59 49 44 4c 45 53 06 73 74 72 6c 65 67 48 e1 6a 40 60 00 00 00 00",""
3242,16213,"PACKET","IN",207,45,"PlayerSync","id=207 bytes=45","cf 55 00 81 00 64 ff c2 00 33 d5 a5 30 c4 9d c9 91 74 75 de 90 84 00 00 00 03 2b 17 c0 00 00 5d c3 4c f5 c4 08 69 9f fd fd e9 04 02 80",""
3243,16213,"PACKET","IN",207,45,"PlayerSync","id=207 bytes=45","cf 60 00 87 80 60 7f c0 00 13 66 a4 f0 e2 18 c9 91 79 76 de 90 84 00 00 00 01 ce 25 c0 00 03 26 62 58 f4 94 88 27 5f fd fd 03 05 02 80",""
3244,16213,"PACKET","IN",207,37,"PlayerSync","id=207 bytes=37","cf 85 00 c0 00 00 00 22 95 25 b0 fc 7f c9 91 6c 24 9f 10 80 00 00 00 02 33 51 80 00 00 00 00 00 01 28 00 04 11",""
3245,16214,"PACKET","IN",203,34,"AimSync","id=203 bytes=34","cb 85 00 04 3e c2 11 3e c3 7f 78 bf 36 3f 46 be 00 79 96 c3 05 1f 27 45 de 42 80 42 00 00 00 00 3f c6",""
3246,16234,"PACKET","OUT",203,32,"AimSync","id=203 bytes=32","cb 00 00 00 39 05 00 00 00 00 00 00 00 00 00 00 00 40 01 00 00 00 80 3f 00 00 f3 04 b5 3f 39 05",""
3247,16238,"PACKET","IN",207,45,"PlayerSync","id=207 bytes=45","cf 60 00 88 80 60 bf c0 00 25 a8 e4 f0 c4 d9 09 91 44 37 1e 90 84 00 00 00 02 ca 19 c0 00 03 87 96 7c f4 28 30 ca db fd fd 03 05 02 80",""
3248,16238,"PACKET","IN",207,45,"PlayerSync","id=207 bytes=45","cf 55 00 81 00 64 ff c2 00 2a 98 e5 30 f0 5d 89 91 7f f6 1e 90 84 00 00 00 02 fb 17 c0 00 03 5a b3 48 f5 b8 08 b1 9f fd fd e9 04 02 80",""
3249,16260,"PACKET","IN",207,45,"PlayerSync","id=207 bytes=45","cf 46 00 f6 7f e6 7f c0 00 0a 70 61 70 d2 6a 09 11 7b 26 df 50 84 00 00 00 02 81 e7 c0 00 01 1d 6d 78 f8 e0 54 33 19 61 dd ab 04 08 80",""
3250,16260,"PACKET","IN",207,45,"PlayerSync","id=207 bytes=45","cf 55 00 81 00 64 ff c2 00 11 dc 25 30 dc 5d 89 91 4a 36 9e 90 84 00 00 00 02 cb 17 c0 00 00 92 23 3c f5 a8 08 fd 9f fd fd e9 04 02 80",""
3251,16260,"PACKET","IN",207,45,"PlayerSync","id=207 bytes=45","cf 60 00 89 80 60 bf c0 00 3b 2b 64 f0 ee 19 09 91 4e 37 1e 90 84 00 00 00 00 ba 11 c0 00 02 74 6e 90 f5 d0 34 7e e7 fd fd 03 05 02 80",""
3252,16261,"RPC","IN",137,15,"ServerJoin","id=137 bytes=15","4f 00 00 00 00 00 00 07 4d 61 72 75 66 6a 72",""
3253,16261,"RPC","IN",72,6,"SetPlayerColor","id=72 bytes=6","4f 00 ff 83 7f 7f",""
3254,16280,"PACKET","IN",200,44,"VehicleSync","id=200 bytes=44","c8 38 00 30 00 00 00 00 00 00 00 0e 60 65 c0 22 6d 60 b9 aa 1c 3c 0d 02 54 56 05 d8 04 2b 7d 41 a3 cb cf f5 08 75 a7 c5 a0 5d f0 00",""
3255,16281,"PACKET","IN",207,45,"PlayerSync","id=207 bytes=45","cf 46 00 f6 7f e6 7f c0 00 33 7c 61 70 d1 ab 09 11 49 98 5f 50 84 00 00 00 02 81 e7 c0 00 00 a6 61 7c f8 58 59 eb 16 4d b5 ab 04 08 80",""
3256,16281,"PACKET","IN",207,45,"PlayerSync","id=207 bytes=45","cf 55 00 81 00 64 ff c2 00 02 5f 65 30 c8 5d 89 91 54 f6 de 90 84 00 00 00 02 9b 17 c0 00 03 f4 77 3c f5 98 09 49 9f fd fd e9 04 02 80",""
3257,16281,"PACKET","IN",207,45,"PlayerSync","id=207 bytes=45","cf 60 00 89 80 60 bf c0 00 2a 2e 64 f0 df 99 49 91 56 f7 1e 90 84 00 00 00 01 3e 0d c0 00 00 7f 46 b8 f7 30 3a fa ef fd fd 03 05 02 80",""
3258,16307,"RPC","IN",154,4,"PlayerExitVehicle","id=154 bytes=4","38 00 30 00",""
3259,16307,"PACKET","IN",207,45,"PlayerSync","id=207 bytes=45","cf 55 00 81 00 64 ff c2 00 04 e2 a5 30 f3 dd 49 91 61 77 1e 90 84 00 00 00 02 6b 17 c0 00 01 db 73 44 f5 8c 09 91 9f fd fd e9 04 02 80",""
3260,16307,"PACKET","IN",207,35,"PlayerSync","id=207 bytes=35","cf 7c 00 00 00 35 a2 e2 70 da 28 89 91 5f 9d de 90 80 00 00 00 01 98 6a 40 00 00 00 00 00 01 28 00 04 11",""
3261,16326,"PACKET","IN",207,45,"PlayerSync","id=207 bytes=45","cf 46 00 f6 7f e6 7f c0 00 15 c6 e1 b0 eb ab c9 11 5e c4 df 50 84 00 00 00 02 81 e7 c0 00 01 1a b5 84 f9 34 5e bb 11 c1 95 ab 04 08 80",""
3262,16326,"PACKET","IN",207,45,"PlayerSync","id=207 bytes=45","cf 60 00 8a 00 60 bf ca 00 2d f1 64 f0 d3 99 89 91 5f 37 1e 90 84 00 00 00 02 4e 05 c0 00 03 d2 9a e0 f5 1c 3e 92 f3 fd fd 03 05 02 80",""
3263,16327,"PACKET","IN",207,35,"PlayerSync","id=207 bytes=35","cf 4d 00 00 00 02 00 23 30 e6 e4 09 91 70 1e 9e 90 84 00 00 00 03 da d0 80 00 00 00 00 00 01 28 00 04 11",""
3264,16327,"PACKET","IN",207,45,"PlayerSync","id=207 bytes=45","cf 55 00 81 00 64 ff c2 00 1d e5 e5 30 de dd 49 91 6f f7 5e 90 84 00 00 00 02 37 17 c0 00 02 5a 97 50 f5 7c 09 dd 9f fd fd e9 04 02 80",""
3265,16327,"PACKET","IN",207,35,"PlayerSync","id=207 bytes=35","cf 97 00 00 00 3d e7 a8 30 e4 09 c9 d1 7b 67 1f 10 84 00 00 00 00 0f 03 e8 00 00 00 00 00 01 10 05 03 16",""
3266,16327,"PACKET","IN",207,35,"PlayerSync","id=207 bytes=35","cf 2d 00 00 00 3c 58 68 30 c1 50 49 d1 7b 67 1f 10 84 00 00 00 02 aa b3 c0 00 00 00 00 00 01 28 00 04 11",""
3267,16327,"PACKET","IN",207,45,"PlayerSync","id=207 bytes=45","cf 46 00 f6 7f e6 7f c0 00 2a 4b e1 b0 d6 6c 49 11 78 f8 df 10 84 00 00 00 02 81 e7 c0 00 03 ac 1d 8c f8 2c 60 c7 12 3d 85 ab 04 08 80",""
3268,16327,"PACKET","IN",207,45,"PlayerSync","id=207 bytes=45","cf 55 00 81 00 64 ff c2 00 02 a9 65 30 c9 9d 49 91 7f b7 9e 90 84 00 00 00 02 03 17 c0 00 02 6d 1b 5c f5 6c 0a 2d 9f fd fd e9 04 02 80",""
3269,16327,"PACKET","IN",207,45,"PlayerSync","id=207 bytes=45","cf 60 00 8a 00 60 bf c0 00 0b b4 e4 f0 cf d9 c9 91 66 37 1e 90 84 00 00 00 02 4e 05 c0 00 02 8a cb 04 f4 fc 41 a2 fb fd fd ae 04 08 80",""
3270,16327,"PACKET","IN",207,35,"PlayerSync","id=207 bytes=35","cf 92 00 00 00 1b 0b 23 30 de 59 49 91 73 1f 1e 90 84 00 00 00 02 9b 21 c0 00 00 00 00 00 01 a5 04 04 80",""
3271,16328,"PACKET","OUT",205,9,"UNKNOWN_PACKET","id=205 bytes=9","cd b8 4a 04 00 00 00 00 00",""
3272,16347,"RPC","IN",87,2,"ClearPlayerAnimation","id=87 bytes=2","85 00",""
3273,16348,"RPC","IN",86,29,"ApplyPlayerAnimation","id=86 bytes=29","85 00 05 43 41 52 52 59 0b 63 72 72 79 5f 70 72 74 69 61 6c 33 33 83 40 00 00 00 00 00",""
3274,16374,"PACKET","IN",207,45,"PlayerSync","id=207 bytes=45","cf 46 00 f6 7f e6 7f c0 00 15 52 21 b0 d7 ec c9 11 6c a8 1f 10 84 00 00 00 02 81 e7 c0 00 02 83 d9 90 f8 40 66 1b 0f d5 71 ab 04 08 80",""
3275,16374,"PACKET","IN",207,45,"PlayerSync","id=207 bytes=45","cf 55 00 81 00 64 ff c2 00 21 ec e5 30 f3 1d 09 91 54 38 1e 90 84 00 00 00 01 d3 17 c0 00 03 b1 03 90 f5 5c 0a 79 9f fd fd e9 04 02 80",""
3276,16375,"PACKET","IN",207,45,"PlayerSync","id=207 bytes=45","cf 60 00 8a 00 60 bf c0 00 36 f8 e4 f0 da 5a 09 91 6e f7 1e 90 84 00 00 00 02 4e 05 c0 00 02 9b 13 04 f4 fc 41 a2 fb fd fd ae 04 08 80",""
3277,16375,"RPC","IN",99,42,"MoveObject","id=99 bytes=42","a0 00 f8 e3 a1 c3 d7 9b 26 45 53 c5 7d 42 f8 e3 a1 c3 d7 9b 26 45 ed 5e 7b 42 00 00 80 3e 00 00 00 00 00 00 00 00 08 cc 84 43",""
3278,16375,"RPC","IN",122,2,"StopObject","id=122 bytes=2","a0 00",""
3279,16375,"RPC","IN",99,42,"MoveObject","id=99 bytes=42","a0 00 f8 e3 a1 c3 d7 9b 26 45 53 c5 7d 42 f8 e3 a1 c3 d7 9b 26 45 53 c5 7d 42 00 00 80 3e 00 00 00 00 00 00 00 00 08 cc 84 43",""
3280,16375,"RPC","IN",122,2,"StopObject","id=122 bytes=2","a0 00",""
3281,16375,"RPC","IN",99,42,"MoveObject","id=99 bytes=42","a0 00 f8 e3 a1 c3 d7 9b 26 45 53 c5 7d 42 f8 e3 a1 c3 d7 9b 26 45 ed 5e 7b 42 00 00 80 3e 00 00 00 00 00 00 00 00 08 cc 84 43",""
3282,16376,"RPC","IN",122,2,"StopObject","id=122 bytes=2","a0 00",""
3283,16376,"RPC","IN",99,42,"MoveObject","id=99 bytes=42","a0 00 f8 e3 a1 c3 d7 9b 26 45 53 c5 7d 42 f8 e3 a1 c3 d7 9b 26 45 53 c5 7d 42 00 00 80 3e 00 00 00 00 00 00 00 00 08 cc 84 43",""
3284,16376,"RPC","IN",122,2,"StopObject","id=122 bytes=2","a0 00",""
3285,16376,"RPC","IN",99,42,"MoveObject","id=99 bytes=42","a0 00 f8 e3 a1 c3 d7 9b 26 45 53 c5 7d 42 f8 e3 a1 c3 d7 9b 26 45 ed 5e 7b 42 00 00 80 3e 00 00 00 00 00 00 00 00 08 cc 84 43",""
3286,16376,"RPC","IN",122,2,"StopObject","id=122 bytes=2","a0 00",""
3287,16376,"RPC","IN",99,42,"MoveObject","id=99 bytes=42","a0 00 f8 e3 a1 c3 d7 9b 26 45 53 c5 7d 42 f8 e3 a1 c3 d7 9b 26 45 53 c5 7d 42 00 00 80 3e 00 00 00 00 00 00 00 00 08 cc 84 43",""
3288,16376,"RPC","IN",122,2,"StopObject","id=122 bytes=2","a0 00",""
3289,16376,"RPC","IN",99,42,"MoveObject","id=99 bytes=42","a0 00 f8 e3 a1 c3 d7 9b 26 45 53 c5 7d 42 f8 e3 a1 c3 d7 9b 26 45 ed 5e 7b 42 00 00 80 3e 00 00 00 00 00 00 00 00 08 cc 84 43",""
3290,16377,"RPC","IN",122,2,"StopObject","id=122 bytes=2","a0 00",""
3291,16377,"RPC","IN",99,42,"MoveObject","id=99 bytes=42","a0 00 f8 e3 a1 c3 d7 9b 26 45 53 c5 7d 42 f8 e3 a1 c3 d7 9b 26 45 53 c5 7d 42 00 00 80 3e 00 00 00 00 00 00 00 00 08 cc 84 43",""
3292,16377,"RPC","IN",122,2,"StopObject","id=122 bytes=2","a0 00",""
3293,16377,"RPC","IN",99,42,"MoveObject","id=99 bytes=42","a0 00 f8 e3 a1 c3 d7 9b 26 45 53 c5 7d 42 f8 e3 a1 c3 d7 9b 26 45 ed 5e 7b 42 00 00 80 3e 00 00 00 00 00 00 00 00 08 cc 84 43",""
3294,16377,"RPC","IN",122,2,"StopObject","id=122 bytes=2","a0 00",""
3295,16377,"RPC","IN",99,42,"MoveObject","id=99 bytes=42","a0 00 f8 e3 a1 c3 d7 9b 26 45 53 c5 7d 42 f8 e3 a1 c3 d7 9b 26 45 53 c5 7d 42 00 00 80 3e 00 00 00 00 00 00 00 00 08 cc 84 43",""
3296,16396,"PACKET","IN",207,41,"PlayerSync","id=207 bytes=41","cf 97 00 00 00 3c e7 a8 30 e4 09 c9 d1 7b 67 1f 10 84 00 00 00 00 0f 03 e8 00 00 f3 fc 38 e5 db 38 83 97 fd fd 10 05 03 16",""
3297,16423,"PACKET","IN",207,35,"PlayerSync","id=207 bytes=35","cf 29 00 00 00 28 26 a8 30 d1 15 49 d1 7b 67 1f 10 84 00 00 00 03 a9 ff c0 00 00 00 00 00 01 28 00 04 11",""
3298,16423,"PACKET","IN",207,45,"PlayerSync","id=207 bytes=45","cf 46 00 f6 7f e6 7f c0 00 3e 9e 61 b0 dc ad c9 11 75 3f 1e d0 84 00 00 00 02 81 e7 c0 00 03 7f 19 a4 f9 dc 6f cf 04 65 51 ab 04 08 80",""
3299,16423,"PACKET","IN",207,45,"PlayerSync","id=207 bytes=45","cf 60 00 8a 00 60 bf c0 00 11 7c e4 f0 df 1a 49 91 77 37 1e 90 84 00 00 00 02 4e 05 c0 00 02 92 76 ec f4 fc 41 a2 fb fd fd ae 04 08 80",""
3300,16423,"RPC","IN",86,27,"ApplyPlayerAnimation","id=86 bytes=27","97 00 07 42 44 5f 46 49 52 45 07 77 61 73 68 5f 75 70 33 33 83 40 80 00 00 00 00",""
3301,16423,"PACKET","IN",207,45,"PlayerSync","id=207 bytes=45","cf 46 00 f6 7f e6 7f c0 00 37 64 a1 b0 df 2e 49 11 50 27 1e d0 84 00 00 00 02 81 e7 c0 00 01 de 89 b0 fb 48 70 3f 07 8d 3d ab 04 08 80",""
3302,16423,"RPC","IN",86,27,"ApplyPlayerAnimation","id=86 bytes=27","53 00 07 42 44 5f 46 49 52 45 07 77 61 73 68 5f 75 70 33 33 83 40 80 00 00 00 00",""
3303,16462,"PACKET","IN",207,45,"PlayerSync","id=207 bytes=45","cf 46 00 f6 7f e6 7f c0 00 2a e9 e1 b0 cc 6e c9 11 70 11 1e d0 84 00 00 00 02 81 e7 c0 00 03 58 f5 bc f8 14 79 17 01 f5 31 ab 04 08 80",""
3304,16463,"PACKET","IN",203,34,"AimSync","id=203 bytes=34","cb 46 00 04 d4 46 52 bf bb 7f 10 3f 44 c4 a7 bd de 59 84 c3 89 88 24 45 ec 80 7f 42 00 00 00 00 23 37",""
3305,16463,"PACKET","IN",207,45,"PlayerSync","id=207 bytes=45","cf 46 00 f4 ff e6 7f c2 00 2d 6f a1 b0 c5 6f 49 11 63 76 de 90 84 00 00 00 02 81 e7 c0 00 02 a1 65 c8 f9 a4 7d 72 ff 79 21 ac 04 64 80",""
3306,16463,"PACKET","IN",207,45,"PlayerSync","id=207 bytes=45","cf 55 00 81 00 64 ff c2 00 3d 81 25 70 f5 dc 89 91 6f b9 de 90 84 00 00 00 00 bb 17 c0 00 03 47 23 e8 f5 0c 08 1d a3 fd fd c8 04 02 80",""
3307,16463,"PACKET","IN",207,45,"PlayerSync","id=207 bytes=45","cf 60 00 8a 00 60 bf c0 00 02 c1 25 30 ea 1a 89 91 40 37 5e 90 84 00 00 00 02 4e 05 c0 00 02 ed 46 d0 f4 fc 41 a2 fb fd fd ae 04 08 80",""
3308,16464,"PACKET","OUT",207,69,"PlayerSync","id=207 bytes=69","cf 00 00 00 00 00 00 67 0a 9b c3 6b 06 27 45 ed 9c 7c 42 11 b2 39 3f 00 00 00 80 00 00 00 00 14 38 30 bf 64 00 04 00 00 00 00 00 00 00 00 00 00 00 00 00 00 00 00 00 00 00 00 00 00 00 00 00 00 00 28 00 04 11",""
3309,16483,"PACKET","IN",207,45,"PlayerSync","id=207 bytes=45","cf 60 00 8a 00 60 bf c0 00 34 c4 e5 30 f0 9a c9 91 48 77 5e 90 84 00 00 00 02 4e 05 c0 00 01 34 be a4 f4 fc 41 a2 fb fd fd ae 04 08 80",""
3310,16510,"PACKET","IN",207,35,"PlayerSync","id=207 bytes=35","cf 02 00 00 00 2d a2 e3 70 ee 9a 89 91 77 a3 1e 90 80 00 00 00 00 8a aa c0 00 00 00 00 00 01 28 00 04 11",""
3311,16510,"PACKET","IN",207,45,"PlayerSync","id=207 bytes=45","cf 46 00 f4 ff e6 7f c0 00 10 f5 e1 b0 c6 2f c9 11 78 19 9e 90 84 00 00 00 02 81 e7 c0 00 00 49 95 68 fb e4 50 d7 1b fd fd ac 04 64 80",""
3312,16511,"PACKET","IN",207,35,"PlayerSync","id=207 bytes=35","cf 51 00 00 00 1b 0a e3 30 cf a8 49 91 58 dd 9e 90 84 00 00 00 01 37 17 c0 00 00 00 00 00 01 28 00 04 11",""
3313,16511,"PACKET","IN",207,35,"PlayerSync","id=207 bytes=35","cf 53 00 00 00 29 67 a8 30 de 18 09 d1 7a e7 1f 10 84 00 00 00 02 ba 42 c0 00 00 00 00 00 01 a5 04 04 80",""
3314,16511,"PACKET","IN",207,45,"PlayerSync","id=207 bytes=45","cf 55 00 81 00 64 ff c2 00 0f 85 65 70 dd 1c 89 91 4e ba 5e 90 84 00 00 00 00 7f 17 c0 00 03 04 77 dc f4 fc 08 79 a3 fd fd c8 04 02 80",""
3315,16511,"PACKET","IN",207,45,"PlayerSync","id=207 bytes=45","cf 60 00 8a 00 60 bf c0 00 1f c7 e5 30 e4 db 09 91 4e 77 5e 90 84 00 00 00 02 4e 05 c0 00 01 a1 ee a0 f4 fc 41 a2 fb fd fd ae 04 08 80",""
3316,16511,"PACKET","IN",207,41,"PlayerSync","id=207 bytes=41","cf 97 00 00 00 3a 27 a8 30 e4 c9 c9 d1 7b 67 1f 10 84 00 00 00 00 0f 03 e8 00 00 50 51 d8 e7 e1 bf f7 fb fd fd 28 00 04 11",""
3317,16511,"PACKET","IN",207,45,"PlayerSync","id=207 bytes=45","cf 55 00 81 00 64 ff c2 00 32 49 a5 70 c2 9c 89 91 41 c4 9f 10 84 00 00 00 00 43 17 c0 00 02 2d 8b c8 f4 ec 08 d1 a3 fd fd c8 04 02 80",""
3318,16531,"PACKET","IN",207,45,"PlayerSync","id=207 bytes=45","cf 46 00 f4 ff e6 7f c0 00 1c bf 21 b0 c9 70 89 11 5d 1a 5e 90 84 00 00 00 02 81 e7 c0 00 02 1a 09 e0 fb e4 50 d7 1b fd fd ac 04 64 80",""
3319,16531,"PACKET","IN",207,45,"PlayerSync","id=207 bytes=45","cf 55 00 81 00 64 ff c2 00 25 8d 65 70 ec 5c 49 91 43 44 5f 10 84 00 00 00 03 ff 13 c0 00 03 5c 9b a8 f4 d8 09 31 a3 fd fd c8 04 02 80",""
3320,16557,"PACKET","IN",207,45,"PlayerSync","id=207 bytes=45","cf 46 00 f4 ff e6 7f c0 00 33 44 61 f0 f9 70 c9 11 41 9a de 90 84 00 00 00 02 81 e7 c0 00 01 eb b8 cc fb e4 50 d7 1b fd fd ac 04 64 80",""
3321,16557,"PACKET","IN",207,35,"PlayerSync","id=207 bytes=35","cf 1f 00 00 00 26 a3 e3 70 c2 1d 89 91 42 a3 5e 90 80 00 00 00 02 c2 27 00 00 00 00 00 00 01 28 00 04 11",""
3322,16557,"PACKET","IN",207,45,"PlayerSync","id=207 bytes=45","cf 60 00 8a 00 60 bf c0 00 07 53 65 30 f0 9b c9 91 45 5d 5e d0 84 00 00 00 02 4e 05 c0 00 01 41 21 d4 f8 4c 74 fa de 2e ed ab 04 08 80",""
3323,16557,"RPC","IN",87,2,"ClearPlayerAnimation","id=87 bytes=2","29 00",""
3324,16558,"RPC","IN",86,29,"ApplyPlayerAnimation","id=86 bytes=29","29 00 05 43 41 52 52 59 0b 63 72 72 79 5f 70 72 74 69 61 6c 33 33 83 40 00 00 00 00 00",""
3325,16577,"PACKET","IN",207,45,"PlayerSync","id=207 bytes=45","cf 46 00 f4 ff e6 7f c0 00 11 ca 61 f0 f4 b1 49 11 70 5b 1e 90 84 00 00 00 02 81 e7 c0 00 02 1d 07 c4 f7 e4 50 d7 1b fd fd ac 04 64 80",""
3326,16577,"PACKET","IN",207,45,"PlayerSync","id=207 bytes=45","cf 55 00 81 00 64 ff c2 00 31 50 e5 70 d7 1c 49 91 48 04 1f 10 84 00 00 00 03 c3 13 c0 00 00 fb 5f 94 f4 c4 09 99 a3 fd fd c8 04 02 80",""
3327,16577,"PACKET","IN",207,41,"PlayerSync","id=207 bytes=41","cf 97 00 00 00 3d 27 a8 30 e5 89 c9 d1 7b 67 1f 10 84 00 00 00 00 0f 03 e8 00 02 a5 e4 84 e4 04 07 e1 bf fd fd 28 00 04 11",""
3328,16577,"PACKET","IN",207,35,"PlayerSync","id=207 bytes=35","cf 54 00 00 00 05 77 63 70 c5 21 c9 91 65 24 1e 90 80 00 00 00 00 12 8e c0 00 00 00 00 00 01 28 00 04 11",""
3329,16578,"PACKET","IN",207,45,"PlayerSync","id=207 bytes=45","cf 60 00 8a 00 60 bf c0 00 22 1a a5 30 f4 1c 49 91 46 bd 9e d0 84 00 00 00 02 4e 05 c0 00 01 95 3d c0 f8 c8 6d 2a e1 0a dd ab 04 08 80",""
3330,16600,"PACKET","IN",207,45,"PlayerSync","id=207 bytes=45","cf 46 00 f4 ff e6 7f c0 00 2a 8b 61 f0 cb b1 89 11 44 db 5e 90 84 00 00 00 02 81 e7 c0 00 02 76 7c d4 f7 e4 50 d7 1b fd fd ac 04 64 80",""
3331,16601,"PACKET","IN",207,45,"PlayerSync","id=207 bytes=45","cf 55 00 81 00 64 ff c2 00 32 16 25 70 f7 9c 09 91 70 03 9f 10 84 00 00 00 03 8b 13 c0 00 02 f5 57 78 f4 b4 09 f1 a3 fd fd c8 04 02 80",""
3332,16601,"PACKET","IN",207,35,"PlayerSync","id=207 bytes=35","cf 7e 00 00 00 13 27 28 30 cd 86 09 d1 7b 67 1f 10 84 00 00 00 01 42 b3 94 00 00 00 00 00 01 28 00 04 11",""
3333,16627,"PACKET","IN",207,45,"PlayerSync","id=207 bytes=45","cf 46 00 f4 ff e6 3f c2 00 09 ce a1 f0 cd 31 c9 11 7f db 5e 90 84 00 00 00 02 c6 1f c0 00 00 8b fb d4 f7 e4 50 d7 1b fd fd ac 04 64 80",""
3334,16627,"PACKET","IN",207,45,"PlayerSync","id=207 bytes=45","cf 55 00 81 00 64 ff c2 00 3a 1b 25 70 d9 9c 09 91 5b 83 5f 10 84 00 00 00 03 33 13 c0 00 00 75 e3 80 f4 a4 0a 49 a3 fd fd c8 04 02 80",""
3335,16627,"PACKET","IN",207,45,"PlayerSync","id=207 bytes=45","cf 60 00 8a 00 60 bf c0 00 12 25 25 30 ee 9d 09 91 68 24 df 10 84 00 00 00 02 4e 05 c0 00 01 87 81 a4 fa a8 62 d6 e6 f2 c1 ab 04 08 80",""
3336,16649,"PACKET","IN",207,39,"PlayerSync","id=207 bytes=39","cf 1a 00 ff ff fe bf c0 00 02 1d ac 70 c2 c2 09 d1 64 11 60 50 80 00 00 00 03 eb f5 80 00 00 00 00 00 01 c8 04 04 80",""
3337,16649,"PACKET","IN",203,34,"AimSync","id=203 bytes=34","cb 1a 00 04 9f 0c 48 3f 46 a1 1f bf f7 16 bc bc 71 7c b2 c3 39 22 27 45 17 77 82 42 00 00 00 00 3f 36",""
3338,16649,"PACKET","IN",207,45,"PlayerSync","id=207 bytes=45","cf 1a 00 fe ff f9 3f c0 00 0a 5d 6c 70 e7 81 c9 d1 4a 91 a0 50 80 00 00 00 03 67 ed 80 00 01 55 1c 18 f7 3e 7c 10 13 fd fd c8 04 04 80",""
3339,16650,"PACKET","IN",207,45,"PlayerSync","id=207 bytes=45","cf 46 00 f4 ff e6 3f c2 00 2c d2 e1 f0 d1 b2 09 11 50 1b de 90 84 00 00 00 00 e2 43 c0 00 03 3a af e0 f7 bc 30 46 e3 fd fd ac 04 64 80",""
3340,16650,"PACKET","IN",207,45,"PlayerSync","id=207 bytes=45","cf 60 00 8a 00 60 bf c0 00 10 ad 25 30 fd 5d 89 91 4d bf 5f 10 84 00 00 00 02 4e 05 c0 00 00 75 e5 94 fb 74 5a da e9 92 ad ab 04 08 80",""
3341,16650,"PACKET","IN",207,41,"PlayerSync","id=207 bytes=41","cf 97 00 00 00 3d e7 a8 30 e5 89 c9 d1 7b 67 1f 10 84 00 00 00 00 0f 03 e8 00 02 6e ea 0c dc 38 00 d1 f3 fd fd 28 00 04 11",""
3342,16650,"PACKET","IN",207,45,"PlayerSync","id=207 bytes=45","cf 1a 00 fd 7f f5 bf c0 00 3b 1c ec 70 cd 41 c9 d1 66 91 a0 50 80 00 00 00 03 db e1 80 00 02 1d 54 18 f4 8e b4 e4 23 fd fd c8 04 04 80",""
3343,16651,"PACKET","IN",207,35,"PlayerSync","id=207 bytes=35","cf 3d 00 00 00 32 67 a8 30 d0 79 49 91 7b 67 1f 10 84 00 00 00 00 e6 f1 c0 00 00 00 00 00 01 28 00 04 11",""
3344,16651,"PACKET","IN",207,45,"PlayerSync","id=207 bytes=45","cf 55 00 81 00 64 ff c2 00 3e e0 a5 70 f8 db c9 91 40 03 1f 10 84 00 00 00 02 e3 13 c0 00 00 6b fb a4 f4 8c 0a d1 a3 fd fd c8 04 02 80",""
3345,16651,"PACKET","IN",207,35,"PlayerSync","id=207 bytes=35","cf 5b 00 00 00 0e fc 66 b0 e8 7d 89 91 7b 67 1f 10 84 00 00 00 01 0a e2 00 00 00 00 00 00 01 28 00 04 11",""
3346,16652,"PACKET","IN",207,45,"PlayerSync","id=207 bytes=45","cf 60 00 8a 00 60 bf c0 00 2e 74 65 30 c1 1e 49 91 6b 94 5f 50 84 00 00 00 02 4e 05 c0 00 02 c3 5d 84 f9 5c 56 3e ec da 99 ab 04 08 80",""
3347,16674,"PACKET","IN",207,45,"PlayerSync","id=207 bytes=45","cf 46 00 f4 ff e6 3f c2 00 32 58 21 f0 d3 f2 49 11 6f 1c 1e 90 84 00 00 00 01 aa 43 c0 00 02 49 13 f0 f7 5c 22 fa bb fd fd ac 04 64 80",""
3348,16674,"PACKET","IN",207,35,"PlayerSync","id=207 bytes=35","cf 63 00 00 00 35 23 63 70 dd 23 09 91 54 21 9e 90 80 00 00 00 02 22 63 80 00 00 00 00 00 01 28 00 04 11",""
3349,16674,"RPC","IN",105,19,"TextDrawSetString","id=105 bytes=19","2f 01 0f 00 30 39 20 41 67 75 73 74 75 73 20 32 30 32 36",""
3350,16674,"RPC","IN",105,12,"TextDrawSetString","id=105 bytes=12","30 01 08 00 31 32 3a 30 32 3a 30 33",""
3351,16674,"PACKET","IN",207,45,"PlayerSync","id=207 bytes=45","cf 1a 00 fc 7f f0 bf c0 00 15 5c ac 70 f4 41 89 d1 78 91 a0 50 80 00 00 00 01 53 d5 80 00 02 c1 7c 18 f7 d6 e7 80 37 fd fd c8 04 04 80",""
3352,16674,"PACKET","IN",207,45,"PlayerSync","id=207 bytes=45","cf 46 00 f4 ff e6 3f c2 00 23 dc 21 f0 c5 32 89 11 76 1c 5e 90 84 00 00 00 02 ea 43 c0 00 00 0c c7 f4 f7 04 22 1a bb fd fd ac 04 64 80",""
3353,16674,"PACKET","IN",207,45,"PlayerSync","id=207 bytes=45","cf 55 00 81 00 64 ff c2 00 18 26 a5 70 d6 5b c9 91 60 82 9f 10 84 00 00 00 02 8f 13 c0 00 02 7d 7b e0 f4 74 0b 4d a3 fd fd c8 04 02 80",""
3354,16675,"PACKET","IN",207,45,"PlayerSync","id=207 bytes=45","cf 60 00 8a 00 60 bf c0 00 00 7b a5 30 ff 5e 89 91 79 65 9f 50 84 00 00 00 02 4e 05 c0 00 03 e7 09 78 f8 1c 51 2e f0 1a 85 ab 04 08 80",""
3355,16694,"PACKET","IN",207,45,"PlayerSync","id=207 bytes=45","cf 1a 00 fb 7f ee bf c0 00 1a 1c 2c 70 dc c1 89 d1 7f 91 a0 50 80 00 00 00 03 d3 c1 80 00 01 41 94 18 f4 47 1b 88 53 fd fd c8 04 04 80",""
3356,16714,"PACKET","IN",207,45,"PlayerSync","id=207 bytes=45","cf 1a 00 fb 7f ea ff c0 00 0a db ac 70 c7 01 89 d1 7c 11 a0 50 80 00 00 00 03 6f ad 80 00 00 81 98 18 f5 7f 44 c8 77 fd fd c8 04 04 80",""
3357,16714,"PACKET","IN",207,35,"PlayerSync","id=207 bytes=35","cf 29 00 00 00 28 26 a8 30 d1 15 49 d1 7b 67 1f 10 84 00 00 00 03 a9 ff c0 00 00 00 00 00 01 a5 04 e8 80",""
3358,16715,"PACKET","IN",207,45,"PlayerSync","id=207 bytes=45","cf 46 00 f4 ff e6 3f c2 00 22 9f a1 f0 f0 72 89 11 74 dc 9e 90 84 00 00 00 00 7e 47 c0 00 03 e1 d7 ec f6 78 20 b2 bb fd fd ac 04 64 80",""
3359,16715,"PACKET","IN",207,45,"PlayerSync","id=207 bytes=45","cf 55 00 81 00 64 ff c2 00 04 ab a5 70 f9 9b 89 91 50 42 5f 10 84 00 00 00 02 37 13 c0 00 00 74 90 00 f8 5c 0b cd a3 fd fd c8 04 02 80",""
3360,16715,"PACKET","IN",207,45,"PlayerSync","id=207 bytes=45","cf 60 00 8a 00 60 bf c0 00 2c 82 25 70 f6 9f 09 91 67 f3 5f 50 84 00 00 00 02 4e 05 c0 00 00 b0 ed 70 fb c4 4b 9e f3 ca 6d ab 04 08 80",""
3361,16740,"PACKET","IN",207,45,"PlayerSync","id=207 bytes=45","cf 46 00 f4 ff e6 3f c2 00 1a e2 e1 f0 d7 f2 c9 11 65 9c de 90 84 00 00 00 02 52 47 c0 00 02 bb 2b e8 f5 c8 22 ea b7 fd fd ac 04 64 80",""
3362,16740,"PACKET","IN",207,45,"PlayerSync","id=207 bytes=45","cf 55 00 81 00 64 ff c2 00 2c 2f a5 70 e1 5b 89 91 4c 82 1f 10 84 00 00 00 01 ef 13 c0 00 03 ef f8 00 f8 44 08 51 a7 fd fd c8 04 02 80",""
3363,16741,"PACKET","IN",207,45,"PlayerSync","id=207 bytes=45","cf 60 00 8a 00 60 bf c0 00 31 89 e5 70 c1 5f c9 91 7c 3f 9f 50 84 00 00 00 02 4e 05 c0 00 01 37 0d 64 fb 88 45 fa f7 5a 55 ab 04 08 80",""
3364,16741,"PACKET","IN",207,41,"PlayerSync","id=207 bytes=41","cf 97 00 00 00 3d e7 a8 30 e5 89 c9 d1 7b 67 1f 10 84 00 00 00 00 0f 03 e8 00 00 d6 72 04 dd 30 95 43 6b fd fd 28 00 04 11",""
3365,16741,"PACKET","IN",207,45,"PlayerSync","id=207 bytes=45","cf 1a 00 fb 7f e9 ff c0 00 29 da ec 70 f3 81 49 d1 6d 91 a0 50 80 00 00 00 00 3b 99 80 00 00 51 88 18 f6 c7 6e c4 9b fd fd c8 04 04 80",""
3366,16741,"PACKET","IN",207,45,"PlayerSync","id=207 bytes=45","cf 46 00 f4 ff e6 3f c2 00 05 26 21 f0 fe 32 c9 11 4f 5d 1e 90 84 00 00 00 00 12 4b c0 00 01 f1 53 cc f5 00 20 d6 b7 fd fd ac 04 64 80",""
3367,16741,"PACKET","IN",207,45,"PlayerSync","id=207 bytes=45","cf 55 00 81 00 64 ff c2 00 16 33 e5 70 c9 1b 89 91 48 41 df 10 84 00 00 00 01 b3 13 c0 00 03 e3 f8 00 f8 30 08 c1 a7 fd fd c8 04 02 80",""
3368,16760,"PACKET","OUT",203,32,"AimSync","id=203 bytes=32","cb 00 00 00 39 05 00 00 00 00 00 00 00 00 00 00 00 40 01 00 00 00 80 3f 00 00 f3 04 b5 3f 39 05",""
3369,16760,"PACKET","IN",207,41,"PlayerSync","id=207 bytes=41","cf 1a 00 00 00 2f da 2c 70 e1 41 49 d1 53 91 a0 50 80 00 00 00 01 b7 81 80 00 01 79 64 18 f7 9f 90 fc c7 fd fd a5 04 04 80",""
3370,16779,"PACKET","IN",207,45,"PlayerSync","id=207 bytes=45","cf 46 00 f5 ff e6 3f c2 00 01 6e 61 f0 e0 f3 49 11 7c 5d 5e 90 84 00 00 00 00 de 4b c0 00 03 6f fb a4 f5 18 21 16 b7 fd fd ac 04 64 80",""
3371,16780,"PACKET","IN",207,45,"PlayerSync","id=207 bytes=45","cf 60 00 8a 00 60 bf c0 00 24 92 a5 70 dc e0 49 91 42 09 1f 90 84 00 00 00 02 4e 05 c0 00 00 0e 85 5c fb f8 43 f6 f7 26 39 ab 04 08 80",""
3372,16805,"PACKET","IN",207,45,"PlayerSync","id=207 bytes=45","cf 60 00 8a 00 60 bf c0 00 3f 58 e5 70 ce 60 c9 91 5b 4d 5f 90 84 00 00 00 02 4e 05 c0 00 00 e6 01 58 fa 38 40 f2 fa 22 25 ab 04 08 80",""
3373,16805,"PACKET","IN",207,45,"PlayerSync","id=207 bytes=45","cf 46 00 f6 7f e6 3f c2 00 39 71 21 f0 c4 33 89 11 63 dd 9e 90 84 00 00 00 03 7a 47 c0 00 01 ac e7 80 f7 e8 1d ea b3 fd fd ac 04 64 80",""
3374,16805,"PACKET","IN",207,35,"PlayerSync","id=207 bytes=35","cf 97 00 00 00 3d e7 a8 30 e5 89 c9 d1 7b 67 1f 10 84 00 00 00 00 0f 03 e8 00 00 00 00 00 01 28 00 04 11",""
3375,16825,"PACKET","IN",207,45,"PlayerSync","id=207 bytes=45","cf 46 00 f6 7f e6 3f c2 00 1d 74 e1 f0 ef b3 89 11 54 1d de 90 84 00 00 00 02 12 47 c0 00 00 a1 9b 78 f4 80 23 82 b3 fd fd ac 04 64 80",""
3376,16825,"PACKET","IN",207,35,"PlayerSync","id=207 bytes=35","cf 76 00 00 00 0e 87 a2 f0 c1 28 c9 91 5a 1c 1e 90 84 00 00 00 03 6c 9f 40 00 00 00 00 00 01 28 00 04 11",""
3377,16826,"PACKET","IN",203,34,"AimSync","id=203 bytes=34","cb 76 00 04 7b f1 6f bf d6 96 4d 3e d1 e5 91 be 5a 0d 8a c3 b5 9b 26 45 7d 6e 7f 42 00 00 00 00 3f ff",""
3378,16846,"PACKET","IN",207,41,"PlayerSync","id=207 bytes=41","cf 1a 00 00 00 29 56 ec 70 de 81 09 d1 7d d0 e0 50 80 00 00 00 01 b7 81 80 00 02 61 cb 2c f3 db ac f4 ef fd fd a5 04 04 80",""
3379,16846,"PACKET","IN",207,45,"PlayerSync","id=207 bytes=45","cf 55 00 81 00 64 bf c2 00 2f 07 25 b0 da 5b 09 91 52 40 9f 10 84 00 00 00 00 97 13 c0 00 03 7e 5f b4 f7 e0 06 79 a7 fd fd c8 04 02 80",""
3380,16847,"PACKET","IN",207,35,"PlayerSync","id=207 bytes=35","cf 7c 00 00 00 35 a2 e2 70 da 28 89 91 5f 9d de 90 80 00 00 00 01 98 6a 40 00 00 00 00 00 01 28 00 04 11",""
3381,16871,"PACKET","IN",207,45,"PlayerSync","id=207 bytes=45","cf 46 00 f6 ff e6 3f c2 00 2b fb 61 f0 fe 73 c9 11 6a de 1e 90 84 00 00 00 03 16 4b c0 00 03 5c ff 94 f4 08 22 42 b3 fd fd ac 04 64 80",""
3382,16871,"PACKET","IN",207,35,"PlayerSync","id=207 bytes=35","cf 4d 00 00 00 02 00 23 30 e6 e4 09 91 70 1e 9e 90 84 00 00 00 03 da d0 80 00 00 00 00 00 01 28 00 04 11",""
3383,16872,"PACKET","IN",207,45,"PlayerSync","id=207 bytes=45","cf 55 00 81 00 64 bf c2 00 0b ca e5 b0 c5 db 09 91 59 00 5f 10 84 00 00 00 00 5b 13 c0 00 03 a0 fb a0 f7 d0 06 d1 a7 fd fd c8 04 02 80",""
3384,16872,"PACKET","IN",207,45,"PlayerSync","id=207 bytes=45","cf 60 00 8a 00 60 bf c0 00 09 6e a5 70 cf 62 49 91 6b c9 5f 90 84 00 00 00 02 4e 05 c0 00 02 01 c5 54 f9 fc 41 12 f9 9d dd ab 04 08 80",""
3385,16872,"PACKET","IN",207,35,"PlayerSync","id=207 bytes=35","cf 92 00 00 00 1b 0b 23 30 de 59 49 91 73 1f 1e 90 84 00 00 00 02 9b 21 c0 00 00 00 00 00 01 a5 04 04 80",""
3386,16872,"PACKET","IN",207,35,"PlayerSync","id=207 bytes=35","cf 1c 00 00 00 2d 1d 28 30 f6 cc c9 d1 7b 67 1f 10 84 00 00 00 00 65 93 00 00 00 00 00 00 01 28 00 04 11",""
3387,16872,"PACKET","IN",203,34,"AimSync","id=203 bytes=34","cb 1c 00 04 1a 08 17 bf e0 93 3e bf f3 11 a0 be 6a 6c 9f c3 8a 5d 27 45 de b1 81 42 00 00 00 00 3f 55",""
3388,16891,"PACKET","IN",207,45,"PlayerSync","id=207 bytes=45","cf 46 00 f6 ff e6 3f c2 00 2f bf 21 f0 ea 74 09 11 5d 1e 5e 90 84 00 00 00 01 ae 4b c0 00 03 ab fb a4 f6 f8 1f 62 af fd fd ac 04 64 80",""
3389,16892,"PACKET","IN",207,45,"PlayerSync","id=207 bytes=45","cf 55 00 81 80 64 bf c2 00 35 4e a5 b0 ef da c9 91 5b c0 1f 10 84 00 00 00 01 1f 0f c0 00 03 5e 5f 9c f7 c0 07 31 a7 fd fd c8 04 02 80",""
3390,16892,"PACKET","IN",207,45,"PlayerSync","id=207 bytes=45","cf 60 00 8a 00 60 bf c0 00 14 76 e5 70 e3 a2 c9 91 61 40 1f 90 84 00 00 00 02 4e 05 c0 00 01 38 b9 58 f8 48 47 ca f5 d9 c1 ab 04 08 80",""
3391,16913,"PACKET","IN",207,35,"PlayerSync","id=207 bytes=35","cf 2d 00 00 00 3c 58 68 30 c1 50 49 d1 7b 67 1f 10 84 00 00 00 02 aa b3 c0 00 00 00 00 00 01 28 00 04 11",""
3392,16913,"PACKET","IN",207,45,"PlayerSync","id=207 bytes=45","cf 55 00 82 00 64 bf c2 00 0c 52 65 b0 dc da c9 91 67 7f de d0 84 00 00 00 01 d7 0b c0 00 00 7e 63 9c f6 e8 04 21 af fd fd c8 04 02 80",""
3393,16913,"PACKET","IN",207,41,"PlayerSync","id=207 bytes=41","cf 1a 00 00 00 23 95 6c 70 ff 80 c9 d1 78 10 a0 50 80 00 00 00 01 b7 81 80 00 01 d3 9a 7c ef db ac f4 ef fd fd a5 04 04 80",""
3394,16914,"PACKET","IN",207,45,"PlayerSync","id=207 bytes=45","cf 46 00 f7 7f e6 3f c2 00 06 c6 62 30 fd 74 49 11 7b 1e 9e 90 84 00 00 00 03 06 4b c0 00 00 9d 9b ec f6 70 1d e6 af fd fd ac 04 64 80",""
3395,16914,"PACKET","IN",207,45,"PlayerSync","id=207 bytes=45","cf 60 00 8a 00 60 bf c0 00 26 7f 25 70 f8 63 49 91 56 32 9f 50 84 00 00 00 02 4e 05 c0 00 01 72 35 5c fb e0 45 ca f6 71 a5 ab 04 08 80",""
3396,16939,"PACKET","IN",207,45,"PlayerSync","id=207 bytes=45","cf 55 00 82 00 64 bf c2 00 03 16 65 b0 c9 1a c9 91 70 7f 9e d0 84 00 00 00 01 97 0b c0 00 01 1e 63 9c f6 1c 05 1d b3 fd fd c8 04 02 80",""
3397,16959,"PACKET","IN",207,45,"PlayerSync","id=207 bytes=45","cf 55 00 82 00 64 bf c2 00 2b 1a 25 b0 f5 9a 89 91 79 ff 5e d0 84 00 00 00 01 47 0b c0 00 00 ac af a8 f6 0c 05 81 b3 fd fd c8 04 02 80",""
3398,16981,"PACKET","IN",207,45,"PlayerSync","id=207 bytes=45","cf 46 00 f8 7f e6 3f c2 00 2f 0d e2 30 d6 34 c9 11 60 5f 1e 90 84 00 00 00 03 7e 4b c0 00 01 9b fc 00 fa 18 1c fa af fd fd ac 04 64 80",""
3399,16981,"PACKET","IN",207,45,"PlayerSync","id=207 bytes=45","cf 55 00 82 80 64 7f c2 00 2d 5e 25 b0 e1 da 89 91 42 ff 5e d0 84 00 00 00 02 0b 07 c0 00 02 6f fb d4 f5 f8 05 f9 b3 fd fd c8 04 02 80",""
3400,16982,"PACKET","IN",207,45,"PlayerSync","id=207 bytes=45","cf 46 00 f8 ff e6 3f ca 00 04 92 62 30 c8 b5 09 11 5a 1f 5e 90 84 00 00 00 01 ea 4b c0 00 03 3b b8 00 fa cc 1e ee af fd fd ac 04 64 80",""
3401,16982,"PACKET","IN",207,45,"PlayerSync","id=207 bytes=45","cf 55 00 82 80 64 7f c2 00 02 62 25 b0 d0 1a 89 91 50 bf 1e d0 84 00 00 00 01 ab 07 c0 00 03 59 df e4 f5 3c 06 e1 b7 fd fd c8 04 02 80",""
3402,16982,"PACKET","OUT",207,69,"PlayerSync","id=207 bytes=69","cf 00 00 00 00 00 00 67 0a 9b c3 6b 06 27 45 ed 9c 7c 42 11 b2 39 3f 00 00 00 80 00 00 00 00 14 38 30 bf 64 00 04 00 00 00 00 00 00 00 00 00 00 00 00 00 00 00 00 00 00 00 00 00 00 00 00 00 00 00 28 00 04 11",""
3403,17006,"PACKET","IN",207,45,"PlayerSync","id=207 bytes=45","cf 1a 00 8c 80 42 40 00 00 00 d4 ec 70 ef 40 c9 d1 62 10 a0 50 80 00 00 00 02 27 b1 80 00 03 92 0f e4 f3 3f 8f 74 bf fd fd c8 04 04 80",""
3404,17006,"PACKET","IN",207,45,"PlayerSync","id=207 bytes=45","cf 55 00 83 00 64 7f c2 00 24 26 25 b0 fd 1a 49 91 5b 7e de d0 84 00 00 00 02 43 03 c0 00 03 0b fb ec f5 28 07 71 b7 fd fd c8 04 02 80",""
3405,17007,"PACKET","IN",203,34,"AimSync","id=203 bytes=34","cb 55 00 04 9f f1 7a bf 05 82 3b be 89 fe 98 bd b4 88 94 c3 38 76 26 45 20 a3 7f 42 00 00 00 00 3f 44",""
3406,17007,"PACKET","IN",207,35,"PlayerSync","id=207 bytes=35","cf 5b 00 00 00 0e fc 66 b0 e8 7d 89 91 7b 67 1f 10 84 00 00 00 01 0a e2 00 00 00 00 00 00 01 28 00 04 11",""
3407,17026,"RPC","IN",99,42,"MoveObject","id=99 bytes=42","a0 00 f8 e3 a1 c3 d7 9b 26 45 53 c5 7d 42 f8 e3 a1 c3 d7 9b 26 45 ed 5e 7b 42 00 00 80 3e 00 00 00 00 00 00 00 00 08 cc 84 43",""
3408,17026,"RPC","IN",122,2,"StopObject","id=122 bytes=2","a0 00",""
3409,17026,"RPC","IN",99,42,"MoveObject","id=99 bytes=42","a0 00 f8 e3 a1 c3 d7 9b 26 45 53 c5 7d 42 f8 e3 a1 c3 d7 9b 26 45 53 c5 7d 42 00 00 80 3e 00 00 00 00 00 00 00 00 08 cc 84 43",""
3410,17026,"RPC","IN",122,2,"StopObject","id=122 bytes=2","a0 00",""
3411,17027,"RPC","IN",99,42,"MoveObject","id=99 bytes=42","a0 00 f8 e3 a1 c3 d7 9b 26 45 53 c5 7d 42 f8 e3 a1 c3 d7 9b 26 45 ed 5e 7b 42 00 00 80 3e 00 00 00 00 00 00 00 00 08 cc 84 43",""
3412,17027,"RPC","IN",122,2,"StopObject","id=122 bytes=2","a0 00",""
3413,17027,"RPC","IN",99,42,"MoveObject","id=99 bytes=42","a0 00 f8 e3 a1 c3 d7 9b 26 45 53 c5 7d 42 f8 e3 a1 c3 d7 9b 26 45 53 c5 7d 42 00 00 80 3e 00 00 00 00 00 00 00 00 08 cc 84 43",""
3414,17027,"RPC","IN",122,2,"StopObject","id=122 bytes=2","a0 00",""
3415,17027,"RPC","IN",99,42,"MoveObject","id=99 bytes=42","a0 00 f8 e3 a1 c3 d7 9b 26 45 53 c5 7d 42 f8 e3 a1 c3 d7 9b 26 45 ed 5e 7b 42 00 00 80 3e 00 00 00 00 00 00 00 00 08 cc 84 43",""
3416,17027,"RPC","IN",122,2,"StopObject","id=122 bytes=2","a0 00",""
3417,17027,"RPC","IN",99,42,"MoveObject","id=99 bytes=42","a0 00 f8 e3 a1 c3 d7 9b 26 45 53 c5 7d 42 f8 e3 a1 c3 d7 9b 26 45 53 c5 7d 42 00 00 80 3e 00 00 00 00 00 00 00 00 08 cc 84 43",""
3418,17028,"RPC","IN",122,2,"StopObject","id=122 bytes=2","a0 00",""
3419,17028,"RPC","IN",99,42,"MoveObject","id=99 bytes=42","a0 00 f8 e3 a1 c3 d7 9b 26 45 53 c5 7d 42 f8 e3 a1 c3 d7 9b 26 45 ed 5e 7b 42 00 00 80 3e 00 00 00 00 00 00 00 00 08 cc 84 43",""
3420,17028,"RPC","IN",122,2,"StopObject","id=122 bytes=2","a0 00",""
3421,17028,"RPC","IN",99,42,"MoveObject","id=99 bytes=42","a0 00 f8 e3 a1 c3 d7 9b 26 45 53 c5 7d 42 f8 e3 a1 c3 d7 9b 26 45 53 c5 7d 42 00 00 80 3e 00 00 00 00 00 00 00 00 08 cc 84 43",""
3422,17028,"RPC","IN",122,2,"StopObject","id=122 bytes=2","a0 00",""
3423,17028,"RPC","IN",99,42,"MoveObject","id=99 bytes=42","a0 00 f8 e3 a1 c3 d7 9b 26 45 53 c5 7d 42 f8 e3 a1 c3 d7 9b 26 45 ed 5e 7b 42 00 00 80 3e 00 00 00 00 00 00 00 00 08 cc 84 43",""
3424,17029,"RPC","IN",122,2,"StopObject","id=122 bytes=2","a0 00",""
3425,17029,"RPC","IN",99,42,"MoveObject","id=99 bytes=42","a0 00 f8 e3 a1 c3 d7 9b 26 45 53 c5 7d 42 f8 e3 a1 c3 d7 9b 26 45 53 c5 7d 42 00 00 80 3e 00 00 00 00 00 00 00 00 08 cc 84 43",""
3426,17029,"PACKET","IN",207,45,"PlayerSync","id=207 bytes=45","cf 1a 00 94 00 43 80 00 00 2d d4 2c 70 dc c0 c9 d1 56 50 a0 50 80 00 00 00 02 1f c5 80 00 00 16 4f e4 f1 cf 69 bc 97 fd fd c8 04 04 80",""
3427,17029,"PACKET","IN",207,45,"PlayerSync","id=207 bytes=45","cf 46 00 f8 ff e6 3f c0 00 13 57 22 30 c1 35 49 11 59 9f 9e 90 84 00 00 00 01 ea 4b c0 00 03 3b fb ec f7 78 1c ba b3 fd fd ad 04 08 80",""
3428,17029,"PACKET","IN",207,35,"PlayerSync","id=207 bytes=35","cf 51 00 00 00 1b 0a e3 30 cf a8 49 91 58 dd 9e 90 84 00 00 00 01 37 17 c0 00 00 00 00 00 01 28 00 04 11",""
3429,17029,"PACKET","IN",207,45,"PlayerSync","id=207 bytes=45","cf 46 00 f8 ff e6 3f c0 00 07 9a 62 30 e6 f5 49 11 44 1f de 90 84 00 00 00 01 ea 4b c0 00 03 97 03 b4 f7 78 1c ba b3 fd fd ad 04 08 80",""
3430,17030,"PACKET","IN",207,45,"PlayerSync","id=207 bytes=45","cf 55 00 83 80 64 7f c2 00 39 a9 e5 b0 ec da 49 91 6e 3e 9e d0 84 00 00 00 02 c2 ff c0 00 00 98 a3 f4 f4 74 04 95 bf fd fd c8 04 02 80",""
3431,17030,"PACKET","IN",207,35,"PlayerSync","id=207 bytes=35","cf 70 00 00 00 1b a3 63 70 dc 97 c9 91 7d 23 1e 90 80 00 00 00 01 75 cb 00 00 00 00 00 00 01 00 00 00 80",""
3432,17030,"PACKET","IN",203,34,"AimSync","id=203 bytes=34","cb 70 00 04 de 74 24 3f 65 fa 14 3f ec 4e ff be f3 67 8e c3 b4 46 26 45 27 20 81 42 00 00 00 00 3f c6",""
3433,17050,"PACKET","IN",207,45,"PlayerSync","id=207 bytes=45","cf 1a 00 9e 80 45 c0 00 00 2b 53 ac 70 c8 80 c9 d1 54 10 a0 50 80 00 00 00 03 3b d5 80 00 01 96 67 e4 f0 2f 40 78 73 fd fd c8 04 04 80",""
3434,17051,"PACKET","IN",207,45,"PlayerSync","id=207 bytes=45","cf 46 00 f9 7f e6 3f c0 00 2d 5d 62 30 cb f5 89 11 6e 1f de 90 84 00 00 00 01 ea 4b c0 00 00 05 4b 88 f7 78 1c ba b3 fd fd ad 04 08 80",""
3435,17051,"PACKET","IN",207,45,"PlayerSync","id=207 bytes=45","cf 55 00 83 80 64 7f c2 00 0f 6e 25 b0 dc da 49 91 41 7e 9e d0 84 00 00 00 02 46 ff c0 00 01 15 d3 f0 f7 c8 01 d5 c3 fd fd c8 04 02 80",""
3436,17076,"PACKET","IN",207,45,"PlayerSync","id=207 bytes=45","cf 1a 00 a1 80 46 40 00 00 3a d3 2c 70 f2 80 89 d1 5b 90 a0 50 80 00 00 00 01 77 e5 80 00 03 1e 5b e4 f2 a7 13 e8 4f fd fd c8 04 04 80",""
3437,17076,"RPC","IN",87,2,"ClearPlayerAnimation","id=87 bytes=2","51 00",""
3438,17076,"RPC","IN",86,29,"ApplyPlayerAnimation","id=86 bytes=29","51 00 05 43 41 52 52 59 0b 63 72 72 79 5f 70 72 74 69 61 6c 33 33 83 40 00 00 00 00 00",""
3439,17076,"PACKET","IN",207,35,"PlayerSync","id=207 bytes=35","cf 02 00 00 00 2d a2 e3 70 ee 9a 89 91 77 a3 1e 90 80 00 00 00 00 8a aa c0 00 00 00 00 00 01 28 00 04 11",""
3440,17077,"PACKET","IN",207,45,"PlayerSync","id=207 bytes=45","cf 1a 00 a6 80 47 40 00 00 1e 52 ec 70 db 00 89 d1 6d 50 a0 50 80 00 00 00 00 af f1 80 00 01 06 2f e4 f1 92 e0 5c 37 fd fd c8 04 04 80",""
3441,17077,"PACKET","IN",207,45,"PlayerSync","id=207 bytes=45","cf 46 00 f9 7f e6 3f c0 00 24 20 62 30 ee f5 89 11 55 20 1e 90 84 00 00 00 01 ea 4b c0 00 03 8b 37 58 f7 78 1c ba b3 fd fd ad 04 08 80",""
3442,17077,"PACKET","IN",207,45,"PlayerSync","id=207 bytes=45","cf 55 00 83 80 64 7f c2 00 37 71 e5 b0 cd da 49 91 57 be 5e d0 84 00 00 00 01 b2 ff c0 00 03 c3 2f e8 f7 b0 02 8d c3 fd fd c8 04 02 80",""
3443,17097,"PACKET","IN",207,35,"PlayerSync","id=207 bytes=35","cf 53 00 00 00 29 67 a8 30 de 18 09 d1 7a e7 1f 10 84 00 00 00 02 ba 42 c0 00 00 00 00 00 01 a5 04 04 80",""
3444,17098,"PACKET","IN",207,37,"PlayerSync","id=207 bytes=37","cf 85 00 c0 00 00 00 22 95 25 b0 fc 7f c9 91 6c 24 9f 10 80 00 00 00 02 33 51 80 00 00 00 00 00 01 c8 04 e8 80",""
3445,17098,"PACKET","IN",207,41,"PlayerSync","id=207 bytes=41","cf 1a 00 00 00 17 52 ac 70 c2 80 89 d1 48 90 e0 50 80 00 00 00 00 d7 f9 80 00 02 5d 43 e4 f1 be ae 60 1f fd fd a5 04 04 80",""
3446,17098,"PACKET","IN",207,45,"PlayerSync","id=207 bytes=45","cf 46 00 f9 7f e6 3f c0 00 2e e3 62 30 d2 b5 c9 11 7d a0 1e 90 84 00 00 00 01 ea 4b c0 00 00 f6 77 34 f7 78 1c ba b3 fd fd ad 04 08 80",""
3447,17098,"PACKET","IN",207,45,"PlayerSync","id=207 bytes=45","cf 55 00 83 80 64 7f c2 00 2e 36 25 b0 fd da 09 91 6a fe 1e d0 84 00 00 00 01 16 ff c0 00 03 af e3 d0 f7 98 03 69 c3 fd fd c8 04 02 80",""
3448,17098,"PACKET","IN",207,45,"PlayerSync","id=207 bytes=45","cf 60 00 fa ff e0 bf c0 00 11 af e5 b0 de 26 c9 91 72 a1 5f 10 84 00 00 00 02 4e 05 c0 00 00 a6 b0 d4 f8 fc 41 a2 fb fd fd ac 04 64 80",""
3449,17098,"PACKET","IN",203,34,"AimSync","id=203 bytes=34","cb 60 00 04 ef e2 60 bf 50 91 f4 3e b6 58 3d 3c 1c cc 94 c3 56 79 26 45 72 39 7f 42 00 00 00 00 3f 36",""
3450,17123,"PACKET","IN",207,35,"PlayerSync","id=207 bytes=35","cf 1f 00 00 00 26 a3 e3 70 c2 1d 89 91 42 a3 5e 90 80 00 00 00 02 c2 27 00 00 00 00 00 00 01 28 00 04 11",""
3451,17123,"PACKET","IN",207,35,"PlayerSync","id=207 bytes=35","cf 54 00 00 00 05 77 63 70 c5 21 c9 91 65 24 1e 90 80 00 00 00 00 12 8e c0 00 00 00 00 00 01 28 00 04 11",""
3452,17123,"PACKET","IN",207,45,"PlayerSync","id=207 bytes=45","cf 55 00 84 00 64 7f c2 00 30 39 e5 b0 ef da 09 91 43 fe 1e d0 84 00 00 00 01 4a fb c0 00 00 aa 17 c4 f7 7c 00 55 c7 fd fd c8 04 02 80",""
3453,17123,"RPC","IN",87,2,"ClearPlayerAnimation","id=87 bytes=2","3d 00",""
3454,17124,"RPC","IN",86,29,"ApplyPlayerAnimation","id=86 bytes=29","3d 00 05 43 41 52 52 59 0b 63 72 72 79 5f 70 72 74 69 61 6c 33 33 83 40 00 00 00 00 00",""
3455,17144,"PACKET","IN",207,45,"PlayerSync","id=207 bytes=45","cf 46 00 f9 7f e6 3f c0 00 03 66 e2 30 f9 f5 c9 11 69 a0 5e 90 84 00 00 00 01 ea 4b c0 00 02 ed 37 0c f7 78 1c ba b3 fd fd ad 04 08 80",""
3456,17144,"PACKET","IN",207,45,"PlayerSync","id=207 bytes=45","cf 85 00 c0 00 60 3f c0 00 33 d5 65 b0 f7 3f c9 91 6c 24 9f 10 80 00 00 00 00 f3 d9 80 00 02 40 11 cc ef 50 34 7d 1b fd fd c8 04 e8 80",""
3457,17144,"RPC","IN",135,2,"HideTextDraw","id=135 bytes=2","f0 00",""
3458,17144,"RPC","IN",135,2,"HideTextDraw","id=135 bytes=2","37 08",""
3459,17144,"RPC","IN",135,2,"HideTextDraw","id=135 bytes=2","38 08",""
3460,17144,"RPC","IN",87,2,"ClearPlayerAnimation","id=87 bytes=2","a8 00",""
3461,17144,"RPC","IN",86,29,"ApplyPlayerAnimation","id=86 bytes=29","a8 00 05 43 41 52 52 59 0b 63 72 72 79 5f 70 72 74 69 61 6c 33 33 83 40 00 00 00 00 00",""
3462,17144,"RPC","IN",88,1,"SetPlayerSpecialAction","id=88 bytes=1","00",""
3463,17144,"RPC","IN",15,1,"TogglePlayerControllable","id=15 bytes=1","01",""
3464,17144,"RPC","IN",16,16,"PlaySound","id=16 bytes=16","d5 9d 00 00 00 00 00 00 00 00 00 00 00 00 00 00",""
3465,17145,"RPC","IN",134,67,"ShowTextDraw","id=134 bytes=67","2b 08 10 9a 99 d9 3e 33 33 b3 3f 32 32 32 ff 00 00 c8 43 00 00 88 41 32 32 32 ff 00 00 32 32 32 ff 01 00 00 80 76 44 00 00 d9 42 00 00 00 00 00 00 00 00 00 00 00 00 00 00 00 00 80 3f ff ff ff ff 00 00",""
3466,17145,"RPC","IN",134,80,"ShowTextDraw","id=134 bytes=80","2c 08 10 8f c2 f5 3e 29 5c 8f 3f 00 00 00 66 00 00 50 42 00 00 88 42 80 80 80 80 00 00 00 00 00 66 04 00 00 80 a2 43 00 00 a1 43 00 00 00 00 00 00 00 00 00 00 00 00 00 00 00 00 80 3f ff ff ff ff 0d 00 4c 44 5f 53 50 41 43 3a 77 68 69 74 65",""
3467,17145,"RPC","IN",134,68,"ShowTextDraw","id=134 bytes=68","2d 08 00 8f c2 f5 3e 29 5c 8f 3f ff ff ff ff 00 00 30 42 00 00 44 42 80 80 80 80 00 00 00 00 00 00 05 00 00 80 a4 43 00 80 a5 43 88 41 00 00 00 00 00 00 00 00 00 00 00 00 00 00 80 3f 00 00 00 00 01 00 5f",""
3468,17145,"RPC","IN",134,77,"ShowTextDraw","id=134 bytes=77","2e 08 10 93 18 04 3e 9a 99 59 3f ff ff ff e6 00 00 a0 44 00 00 a0 44 80 80 80 80 00 00 ff ff ff e6 01 00 00 00 a3 43 00 00 a1 43 00 00 00 00 00 00 00 00 00 00 00 00 00 00 00 00 80 3f ff ff ff ff 0a 00 52 65 6d 6f 76 65 64 20 35 78",""
3469,17145,"RPC","IN",134,71,"ShowTextDraw","id=134 bytes=71","2f 08 18 93 18 04 3e 9a 99 59 3f ff ff ff e6 00 00 a0 44 00 00 a0 44 80 80 80 80 00 00 ff ff ff e6 01 00 00 00 b0 43 00 00 bb 43 00 00 00 00 00 00 00 00 00 00 00 00 00 00 00 00 80 3f ff ff ff ff 04 00 41 79 61 6d",""
3470,17145,"RPC","IN",134,80,"ShowTextDraw","id=134 bytes=80","30 08 10 8f c2 f5 3e 29 5c 8f 3f 1a ff 00 aa 00 00 50 42 00 00 40 40 80 80 80 80 00 00 ff ff ff e6 04 00 00 80 a2 43 00 00 c2 43 00 00 00 00 00 00 00 00 00 00 00 00 00 00 00 00 80 3f ff ff ff ff 0d 00 4c 44 5f 53 50 41 43 3a 77 68 69 74 65",""
3471,17146,"RPC","IN",135,2,"HideTextDraw","id=135 bytes=2","2b 08",""
3472,17146,"RPC","IN",135,2,"HideTextDraw","id=135 bytes=2","2c 08",""
3473,17146,"RPC","IN",135,2,"HideTextDraw","id=135 bytes=2","2d 08",""
3474,17146,"RPC","IN",135,2,"HideTextDraw","id=135 bytes=2","2e 08",""
3475,17146,"RPC","IN",135,2,"HideTextDraw","id=135 bytes=2","2f 08",""
3476,17146,"RPC","IN",135,2,"HideTextDraw","id=135 bytes=2","30 08",""
3477,17146,"RPC","IN",16,16,"PlaySound","id=16 bytes=16","d5 9d 00 00 00 00 00 00 00 00 00 00 00 00 00 00",""
3478,17146,"RPC","IN",134,67,"ShowTextDraw","id=134 bytes=67","2b 08 10 9a 99 d9 3e 33 33 b3 3f 32 32 32 ff 00 00 c8 43 00 00 88 41 32 32 32 ff 00 00 32 32 32 ff 01 00 00 80 76 44 00 00 d9 42 00 00 00 00 00 00 00 00 00 00 00 00 00 00 00 00 80 3f ff ff ff ff 00 00",""
3479,17146,"RPC","IN",134,80,"ShowTextDraw","id=134 bytes=80","2c 08 10 8f c2 f5 3e 29 5c 8f 3f 00 00 00 66 00 00 50 42 00 00 88 42 80 80 80 80 00 00 00 00 00 66 04 00 00 80 a2 43 00 00 a1 43 00 00 00 00 00 00 00 00 00 00 00 00 00 00 00 00 80 3f ff ff ff ff 0d 00 4c 44 5f 53 50 41 43 3a 77 68 69 74 65",""
3480,17146,"RPC","IN",134,68,"ShowTextDraw","id=134 bytes=68","2d 08 00 8f c2 f5 3e 29 5c 8f 3f ff ff ff ff 00 00 30 42 00 00 44 42 80 80 80 80 00 00 00 00 00 00 05 00 00 80 a4 43 00 80 a5 43 f4 0a 00 00 00 00 00 00 00 00 00 00 00 00 00 00 80 3f 00 00 00 00 01 00 5f",""
3481,17147,"RPC","IN",134,78,"ShowTextDraw","id=134 bytes=78","2e 08 10 93 18 04 3e 9a 99 59 3f ff ff ff e6 00 00 a0 44 00 00 a0 44 80 80 80 80 00 00 ff ff ff e6 01 00 00 00 a3 43 00 00 a1 43 00 00 00 00 00 00 00 00 00 00 00 00 00 00 00 00 80 3f ff ff ff ff 0b 00 52 65 63 65 69 76 65 64 20 38 78",""
3482,17147,"RPC","IN",134,78,"ShowTextDraw","id=134 bytes=78","2f 08 18 93 18 04 3e 9a 99 59 3f ff ff ff e6 00 00 a0 44 00 00 a0 44 80 80 80 80 00 00 ff ff ff e6 01 00 00 00 b0 43 00 00 bb 43 00 00 00 00 00 00 00 00 00 00 00 00 00 00 00 00 80 3f ff ff ff ff 0b 00 41 79 61 6d 20 50 6f 74 6f 6e 67",""
3483,17147,"RPC","IN",134,80,"ShowTextDraw","id=134 bytes=80","30 08 10 8f c2 f5 3e 29 5c 8f 3f 1a ff 00 aa 00 00 50 42 00 00 40 40 80 80 80 80 00 00 ff ff ff e6 04 00 00 80 a2 43 00 00 c2 43 00 00 00 00 00 00 00 00 00 00 00 00 00 00 00 00 80 3f ff ff ff ff 0d 00 4c 44 5f 53 50 41 43 3a 77 68 69 74 65",""
3484,17147,"RPC","IN",134,67,"ShowTextDraw","id=134 bytes=67","31 08 10 9a 99 d9 3e 33 33 b3 3f 32 32 32 ff 00 00 c8 43 00 00 88 41 32 32 32 ff 00 00 32 32 32 ff 01 00 00 20 82 44 00 00 d9 42 00 00 00 00 00 00 00 00 00 00 00 00 00 00 00 00 80 3f ff ff ff ff 00 00",""
3485,17148,"RPC","IN",134,80,"ShowTextDraw","id=134 bytes=80","32 08 10 8f c2 f5 3e 29 5c 8f 3f 00 00 00 66 00 00 50 42 00 00 88 42 80 80 80 80 00 00 00 00 00 66 04 00 00 00 be 43 00 00 a1 43 00 00 00 00 00 00 00 00 00 00 00 00 00 00 00 00 80 3f ff ff ff ff 0d 00 4c 44 5f 53 50 41 43 3a 77 68 69 74 65",""
3486,17148,"RPC","IN",134,68,"ShowTextDraw","id=134 bytes=68","33 08 00 8f c2 f5 3e 29 5c 8f 3f ff ff ff ff 00 00 30 42 00 00 44 42 80 80 80 80 00 00 00 00 00 00 05 00 00 00 c0 43 00 80 a5 43 88 41 00 00 00 00 00 00 00 00 00 00 00 00 00 00 80 3f 00 00 00 00 01 00 5f",""
3487,17148,"RPC","IN",134,77,"ShowTextDraw","id=134 bytes=77","34 08 10 93 18 04 3e 9a 99 59 3f ff ff ff e6 00 00 a0 44 00 00 a0 44 80 80 80 80 00 00 ff ff ff e6 01 00 00 80 be 43 00 00 a1 43 00 00 00 00 00 00 00 00 00 00 00 00 00 00 00 00 80 3f ff ff ff ff 0a 00 52 65 6d 6f 76 65 64 20 35 78",""
3488,17148,"RPC","IN",134,71,"ShowTextDraw","id=134 bytes=71","35 08 18 93 18 04 3e 9a 99 59 3f ff ff ff e6 00 00 a0 44 00 00 a0 44 80 80 80 80 00 00 ff ff ff e6 01 00 00 80 cb 43 00 00 bb 43 00 00 00 00 00 00 00 00 00 00 00 00 00 00 00 00 80 3f ff ff ff ff 04 00 41 79 61 6d",""
3489,17148,"RPC","IN",134,80,"ShowTextDraw","id=134 bytes=80","36 08 10 8f c2 f5 3e 29 5c 8f 3f 1a ff 00 aa 00 00 50 42 00 00 40 40 80 80 80 80 00 00 ff ff ff e6 04 00 00 00 be 43 00 00 c2 43 00 00 00 00 00 00 00 00 00 00 00 00 00 00 00 00 80 3f ff ff ff ff 0d 00 4c 44 5f 53 50 41 43 3a 77 68 69 74 65",""
3490,17204,"PACKET","IN",207,35,"PlayerSync","id=207 bytes=35","cf 7e 00 00 00 13 27 28 30 cd 86 09 d1 7b 67 1f 10 84 00 00 00 01 42 b3 94 00 00 00 00 00 01 28 00 04 11",""
3491,17204,"RPC","IN",105,7,"TextDrawSetString","id=105 bytes=7","26 08 03 00 31 30 30",""
3492,17204,"RPC","IN",105,5,"TextDrawSetString","id=105 bytes=5","27 08 01 00 30",""
3493,17204,"RPC","IN",105,6,"TextDrawSetString","id=105 bytes=6","28 08 02 00 34 38",""
3494,17204,"RPC","IN",105,5,"TextDrawSetString","id=105 bytes=5","29 08 01 00 37",""
3495,17204,"RPC","IN",105,7,"TextDrawSetString","id=105 bytes=7","2a 08 03 00 31 30 30",""
3496,17204,"PACKET","IN",207,41,"PlayerSync","id=207 bytes=41","cf 1a 00 00 00 1f 52 6c 70 ed 80 09 d1 6a 11 60 50 84 00 00 00 02 b7 f9 80 00 03 28 3a d8 f0 61 d2 34 03 fd fd a5 04 04 80",""
3497,17205,"PACKET","IN",207,45,"PlayerSync","id=207 bytes=45","cf 60 00 fa ff e0 bf c0 00 30 42 e5 f0 f3 a8 09 91 7b 67 1f 10 84 00 00 00 02 4e 05 c0 00 02 96 7c 14 f8 fc 41 a2 fb fd fd ac 04 64 80",""
3498,17205,"PACKET","OUT",207,69,"PlayerSync","id=207 bytes=69","cf 00 00 00 00 00 00 67 0a 9b c3 6b 06 27 45 ed 9c 7c 42 11 b2 39 3f 00 00 00 80 00 00 00 00 14 38 30 bf 64 00 04 00 00 00 00 00 00 00 00 00 00 00 00 00 00 00 00 00 00 00 00 00 00 00 00 00 00 00 a5 04 e8 80",""
3499,17224,"PACKET","IN",207,35,"PlayerSync","id=207 bytes=35","cf 63 00 00 00 35 23 63 70 dd 23 09 91 54 21 9e 90 80 00 00 00 02 22 63 80 00 00 00 00 00 01 28 00 04 11",""
3500,17224,"PACKET","IN",207,35,"PlayerSync","id=207 bytes=35","cf 3d 00 00 00 32 67 a8 30 d0 79 49 91 7b 67 1f 10 84 00 00 00 00 e6 f1 c0 00 00 00 00 00 01 28 00 04 11",""
3501,17225,"PACKET","IN",207,45,"PlayerSync","id=207 bytes=45","cf 55 00 86 80 64 7f c2 00 3b cc 25 f0 fd 19 c9 91 7d c0 1f 10 84 00 00 00 01 9a e7 c0 00 03 9f 6b 88 f4 ec 01 05 e3 fd fd c8 04 02 80",""
3502,17274,"PACKET","IN",207,41,"PlayerSync","id=207 bytes=41","cf 1a 00 00 00 31 93 2c 70 ee ff c9 91 78 92 20 50 84 00 00 00 00 5b b9 80 00 02 a9 b1 10 f1 40 ce 0c 67 fd fd a5 04 04 80",""
3503,17274,"PACKET","IN",203,34,"AimSync","id=203 bytes=34","cb 1a 00 04 59 3b 6a 3f 3a 26 ce be 9a 84 db bc b3 84 b2 c3 07 12 27 45 77 9e 82 42 00 00 00 00 3f 36",""
3504,17274,"PACKET","IN",207,45,"PlayerSync","id=207 bytes=45","cf 46 00 f9 7f e6 3f c0 00 25 c4 62 70 d6 f7 49 11 7f a2 9e d0 84 00 00 00 01 ea 4b c0 00 02 65 a9 e4 f8 6c 4c 32 a0 36 d9 ab 04 08 80",""
3505,17274,"PACKET","IN",207,45,"PlayerSync","id=207 bytes=45","cf 55 00 87 00 64 7f c2 00 2e 10 25 f0 f6 d9 c9 91 6c 80 1f 10 84 00 00 00 01 5a e3 c0 00 03 6f ff a4 f4 9c 02 e1 e7 fd fd c8 04 02 80",""
3506,17274,"PACKET","IN",207,45,"PlayerSync","id=207 bytes=45","cf 60 00 90 00 61 7f c0 00 38 cb 25 f0 c7 a8 c9 91 7b 67 1f 10 84 00 00 00 00 41 b9 c0 00 03 12 77 4c f4 fc 41 a2 fb fd fd fc 04 64 80",""
3507,17274,"PACKET","IN",207,35,"PlayerSync","id=207 bytes=35","cf 0b 00 00 00 26 cb 68 30 e8 bd c9 91 7b 67 1f 10 84 00 00 00 02 2e 5f c0 00 00 00 00 00 01 a5 04 e8 80",""
3508,17274,"PACKET","IN",207,45,"PlayerSync","id=207 bytes=45","cf 55 00 87 80 64 7f c2 00 05 54 65 f0 f2 19 c9 91 5f 40 1f 10 84 00 00 00 00 fa df c0 00 02 ec a7 d4 f4 58 01 09 ef fd fd c8 04 02 80",""
3509,17274,"PACKET","IN",207,45,"PlayerSync","id=207 bytes=45","cf 85 00 c0 00 60 3f c0 00 1c 56 65 b0 fc ff 89 91 6c 24 9f 10 80 00 00 00 00 a7 fd 80 00 02 85 86 b4 f3 39 19 f0 37 fd fd c8 04 e8 80",""
3510,17275,"PACKET","IN",203,34,"AimSync","id=203 bytes=34","cb 85 00 04 74 5c 0b 3e d1 a1 78 bf 63 2b 48 be e7 7c 96 c3 94 1e 27 45 3e 48 80 42 00 00 00 00 3f c6",""
3511,17275,"PACKET","IN",207,35,"PlayerSync","id=207 bytes=35","cf 29 00 00 00 28 26 a8 30 d1 15 49 d1 7b 67 1f 10 84 00 00 00 03 a9 ff c0 00 00 00 00 00 01 a5 04 e8 80",""
3512,17275,"PACKET","IN",207,45,"PlayerSync","id=207 bytes=45","cf 46 00 f9 7f e6 3f c0 00 28 4b 62 70 e9 77 89 11 4b bc 5e d0 84 00 00 00 01 ea 4b c0 00 02 ae 15 d4 fa 28 46 7e a1 42 c9 ab 04 08 80",""
3513,17275,"PACKET","IN",207,35,"PlayerSync","id=207 bytes=35","cf 51 00 00 00 1b 0a e3 30 cf a8 49 91 58 dd 9e 90 84 00 00 00 01 37 17 c0 00 00 00 00 00 01 a5 04 e8 80",""
3514,17275,"PACKET","IN",207,45,"PlayerSync","id=207 bytes=45","cf 60 00 91 00 61 7f c0 00 03 cf 25 f0 e4 69 09 91 7b 67 1f 10 84 00 00 00 03 6d 89 c0 00 00 4a 43 34 f5 40 6a f7 37 fd fd fc 04 64 80",""
3515,17286,"PACKET","OUT",203,32,"AimSync","id=203 bytes=32","cb 00 00 00 39 05 00 00 00 00 00 00 00 00 00 00 00 40 01 00 00 00 80 3f 00 00 f3 04 b5 3f 39 05",""
3516,17293,"PACKET","IN",207,35,"PlayerSync","id=207 bytes=35","cf 3d 00 00 00 32 67 a8 30 d0 79 49 91 7b 67 1f 10 84 00 00 00 00 e6 f1 c0 00 00 00 00 00 01 a5 04 e8 80",""
3517,17294,"PACKET","IN",207,45,"PlayerSync","id=207 bytes=45","cf 55 00 89 00 64 3f c2 00 03 18 65 f0 ee d9 c9 91 56 00 1f 10 84 00 00 00 02 a2 d3 c0 00 03 ba 47 e8 f4 28 03 4d f3 fd fd c8 04 02 80",""
3518,17294,"PACKET","IN",207,35,"PlayerSync","id=207 bytes=35","cf 70 00 00 00 1b a3 63 70 dc 97 c9 91 7d 23 1e 90 80 00 00 00 01 75 cb 00 00 00 00 00 00 01 00 00 00 80",""
3519,17318,"PACKET","IN",207,45,"PlayerSync","id=207 bytes=45","cf 46 00 f9 7f e6 3f c0 00 23 98 22 70 ff 38 09 11 7f a4 df 10 84 00 00 00 01 ea 4b c0 00 00 c8 89 bc fb 84 3a 66 a4 62 ad ab 04 08 80",""
3520,17318,"PACKET","IN",207,45,"PlayerSync","id=207 bytes=45","cf 55 00 8a 00 64 3f c2 00 22 1c e5 f0 ef 59 c9 91 57 80 1f 10 84 00 00 00 02 de cb c0 00 03 eb fc 00 f8 00 02 06 03 fd fd c8 04 02 80",""
3521,17318,"PACKET","IN",207,43,"PlayerSync","id=207 bytes=43","cf 1a 00 43 80 00 00 01 d3 ec 70 df bf c9 91 4b 12 a0 50 84 00 00 00 02 97 59 80 00 02 49 7d ec ed c0 45 fc ff fd fd c8 04 04 80",""
3522,17318,"PACKET","IN",207,45,"PlayerSync","id=207 bytes=45","cf 55 00 8b 00 64 3f c2 00 05 e1 25 f0 f2 99 c9 91 60 80 1f 10 84 00 00 00 02 aa c3 c0 00 03 fb fc 00 f8 28 00 ea 0f fd fd c8 04 02 80",""
3523,17347,"PACKET","IN",207,35,"PlayerSync","id=207 bytes=35","cf 0b 00 00 00 26 cb 68 30 e8 bd c9 91 7b 67 1f 10 84 00 00 00 02 2e 5f c0 00 00 00 00 00 01 28 00 04 11",""
3524,17347,"PACKET","IN",207,43,"PlayerSync","id=207 bytes=43","cf 1a 00 43 80 00 00 0e d4 ac 70 d4 3f c9 91 6a d2 e0 50 84 00 00 00 02 ab 39 80 00 00 f2 94 14 f4 1c 2c 15 33 fd fd e9 04 04 80",""
3525,17347,"PACKET","IN",207,45,"PlayerSync","id=207 bytes=45","cf 46 00 f9 7f e6 3f c0 00 16 1f e2 70 d9 b8 89 11 6c 79 9f 10 84 00 00 00 01 ea 4b c0 00 03 f2 e1 ac f9 ac 34 8e a9 de 99 ab 04 08 80",""
3526,17347,"PACKET","IN",207,45,"PlayerSync","id=207 bytes=45","cf 85 00 c0 00 60 3f c0 00 2b d6 65 b0 f8 7f 49 91 6c 24 9f 10 84 00 00 00 01 d3 e1 80 00 02 5a 65 24 f3 dd 60 60 1b fd fd c8 04 e8 80",""
3527,17347,"PACKET","IN",207,43,"PlayerSync","id=207 bytes=43","cf 1a 00 43 80 00 00 23 d5 6c 70 cb bf c9 91 47 13 60 50 84 00 00 00 00 63 19 80 00 01 fa c4 14 f4 24 18 9d 67 fd fd e9 04 04 80",""
3528,17348,"PACKET","IN",207,45,"PlayerSync","id=207 bytes=45","cf 55 00 8b 80 64 3f c2 00 3c 25 25 f0 f9 19 c9 91 72 c0 1f 10 84 00 00 00 01 9a bf c0 00 03 4b f0 00 f8 90 00 4e 1b fd fd c8 04 02 80",""
3529,17348,"PACKET","OUT",205,9,"UNKNOWN_PACKET","id=205 bytes=9","cd b8 4a 04 00 00 00 00 00",""
3530,17366,"PACKET","IN",207,43,"PlayerSync","id=207 bytes=43","cf 1a 00 43 80 00 00 03 16 6c 70 c5 ff c9 91 61 13 a0 50 84 00 00 00 03 06 f1 80 00 01 f7 04 14 f6 18 0a d1 9b fd fd e9 04 04 80",""
3531,17367,"PACKET","IN",207,45,"PlayerSync","id=207 bytes=45","cf 60 00 94 00 61 ff c0 00 10 da e5 f0 f1 ea 89 91 7b 67 1f 10 84 00 00 00 03 c1 69 c0 00 00 c4 cf 34 f5 88 a8 9b 7f fd fd fc 04 64 80",""
3532,17367,"PACKET","IN",207,45,"PlayerSync","id=207 bytes=45","cf 55 00 8d 00 64 3f c2 00 33 29 65 f0 c1 5a 09 91 49 c0 5f 10 84 00 00 00 01 de b3 c0 00 03 67 ff ec f4 f4 03 42 1f fd fd c8 04 02 80",""
3533,17391,"RPC","IN",86,27,"ApplyPlayerAnimation","id=86 bytes=27","85 00 07 42 44 5f 46 49 52 45 07 77 61 73 68 5f 75 70 33 33 83 40 80 00 00 00 00",""
3534,17392,"PACKET","IN",207,45,"PlayerSync","id=207 bytes=45","cf 1a 00 fd ff c4 c0 00 00 21 97 2c 70 c3 7f c9 91 73 93 e0 50 84 00 00 00 00 26 cd 80 00 03 87 50 14 f5 f4 03 49 d3 fd fd e9 04 04 80",""
3535,17392,"PACKET","IN",207,45,"PlayerSync","id=207 bytes=45","cf 46 00 f9 7f e6 3f c0 00 1e e8 22 70 fb 38 c9 11 6f cc 9f 50 84 00 00 00 01 ea 4b c0 00 02 41 cd a0 fb fc 2e a6 a9 1e 85 ab 04 08 80",""
3536,17392,"PACKET","IN",207,35,"PlayerSync","id=207 bytes=35","cf 4d 00 00 00 02 00 23 30 e6 e4 09 91 70 1e 9e 90 84 00 00 00 03 da d0 80 00 00 00 00 00 01 28 00 04 11",""
3537,17392,"PACKET","IN",207,45,"PlayerSync","id=207 bytes=45","cf 55 00 8d 80 64 3f c2 00 31 ed e5 f0 ce 9a 09 91 6e c0 5f 10 84 00 00 00 00 32 af c0 00 01 eb 67 dc f6 2c 03 3a 2f fd fd c8 04 02 80",""
3538,17392,"PACKET","IN",207,45,"PlayerSync","id=207 bytes=45","cf 60 00 94 00 61 ff c0 00 21 1d 25 f0 c5 2b 09 91 7b 67 1f 10 84 00 00 00 00 2d 69 c0 00 00 c8 cf 34 f7 f4 aa c7 7f fd fd fc 04 64 80",""
3539,17392,"PACKET","IN",207,35,"PlayerSync","id=207 bytes=35","cf 7c 00 00 00 35 a2 e2 70 da 28 89 91 5f 9d de 90 80 00 00 00 01 98 6a 40 00 00 00 00 00 01 28 00 04 11",""
3540,17392,"PACKET","IN",207,45,"PlayerSync","id=207 bytes=45","cf 1a 00 f9 ff c6 80 00 00 01 d8 2c 70 c3 ff c9 91 40 94 60 50 84 00 00 00 02 fe a1 80 00 03 8f a4 14 f4 1c 03 1e 0b fd fd e9 04 04 80",""
3541,17393,"PACKET","IN",207,35,"PlayerSync","id=207 bytes=35","cf 76 00 00 00 0e 87 a2 f0 c1 28 c9 91 5a 1c 1e 90 84 00 00 00 03 6c 9f 40 00 00 00 00 00 01 28 00 04 11",""
3542,17393,"PACKET","IN",207,43,"PlayerSync","id=207 bytes=43","cf 85 00 c0 00 00 00 0d d7 25 b0 d8 bf 49 91 6c 24 9f 10 84 00 00 00 02 77 a5 80 00 01 5b c9 2c f3 b0 cb 38 67 fd fd c8 04 e8 80",""
3543,17415,"PACKET","IN",207,41,"PlayerSync","id=207 bytes=41","cf 1a 00 00 00 20 d8 ec 70 c7 bf c9 91 46 14 a0 50 84 00 00 00 03 b2 75 80 00 00 80 00 18 f4 68 07 0a 43 fd fd a5 04 04 80",""
3544,17416,"PACKET","IN",207,45,"PlayerSync","id=207 bytes=45","cf 55 00 8e 00 64 7f c2 00 3f 71 e5 f0 dc 9a 09 91 56 00 9f 10 84 00 00 00 01 32 a7 c0 00 03 aa 63 cc f6 f0 02 d2 37 fd fd c8 04 02 80",""
3545,17441,"PACKET","IN",207,45,"PlayerSync","id=207 bytes=45","cf 46 00 f9 7f e6 3f c0 00 0b bb e2 70 e2 b9 c9 11 7b 27 5f 50 84 00 00 00 01 ea 4b c0 00 02 85 c1 88 f9 7c 26 82 ac c6 51 ab 04 08 80",""
3546,17441,"PACKET","IN",207,35,"PlayerSync","id=207 bytes=35","cf 92 00 00 00 1b 0b 23 30 de 59 49 91 73 1f 1e 90 84 00 00 00 02 9b 21 c0 00 00 00 00 00 01 a5 04 04 80",""
3547,17442,"PACKET","IN",207,45,"PlayerSync","id=207 bytes=45","cf 46 00 f9 7f e6 3f c0 00 3c 04 a2 b0 cb fa 49 11 57 ef df 50 84 00 00 00 01 ea 4b c0 00 02 8a 3d 80 fa 54 23 aa af da 35 ab 04 08 80",""
3548,17442,"PACKET","IN",207,45,"PlayerSync","id=207 bytes=45","cf 55 00 8f 00 64 7f c2 00 3c 75 a5 f0 eb 9a 09 91 7f c0 9f 10 84 00 00 00 03 b6 9b c0 00 03 c2 db b4 f4 08 04 22 43 fd fd c8 04 02 80",""
3549,17464,"PACKET","IN",207,35,"PlayerSync","id=207 bytes=35","cf 2d 00 00 00 3c 58 68 30 c1 50 49 d1 7b 67 1f 10 84 00 00 00 02 aa b3 c0 00 00 00 00 00 01 28 00 04 11",""
3550,17465,"PACKET","IN",207,45,"PlayerSync","id=207 bytes=45","cf 55 00 8f 00 64 7f c2 00 1c fa e5 f0 c4 5a 49 91 45 01 1f 10 84 00 00 00 00 b2 9b c0 00 02 dd c7 a8 f5 c0 04 96 4f fd fd c8 04 02 80",""
3551,17491,"PACKET","IN",207,45,"PlayerSync","id=207 bytes=45","cf 55 00 8f 80 64 3f c2 00 2f 3e 65 f0 d6 9a 49 91 78 81 1f 10 84 00 00 00 01 ca 93 c0 00 00 5e 63 9c f6 5c 04 82 53 fd fd c8 04 02 80",""
3552,17491,"PACKET","IN",207,45,"PlayerSync","id=207 bytes=45","cf 46 00 f9 7f e6 3f c0 00 33 d2 e2 b0 f3 3a c9 11 60 f5 df 50 84 00 00 00 01 ea 4b c0 00 03 f2 d9 78 fb ac 1c a6 b3 42 0d ab 04 08 80",""
3553,17492,"PACKET","IN",203,34,"AimSync","id=203 bytes=34","cb 46 00 04 15 ad 6b bf 4f c6 c7 3e 9c 52 7a bc 64 7d 87 c3 25 c6 24 45 ab 3e 80 42 00 00 00 00 23 37",""
3554,17510,"PACKET","IN",207,41,"PlayerSync","id=207 bytes=41","cf 1a 00 00 00 04 9c 6c 70 fc 3f c9 91 44 55 60 50 84 00 00 00 01 71 bd 80 00 03 fb 53 34 f2 e4 6e 37 3f fd fd a5 04 04 80",""
3555,17510,"PACKET","IN",207,45,"PlayerSync","id=207 bytes=45","cf 55 00 8f 80 64 3f c2 00 3b 41 e6 30 ea da 49 91 71 01 5f 10 84 00 00 00 02 6e 8f c0 00 03 8e 5f 9c f7 dc 05 6e 5b fd fd c8 04 02 80",""
3556,17510,"PACKET","IN",207,43,"PlayerSync","id=207 bytes=43","cf 85 00 c0 00 00 00 3f 59 25 b0 f4 3f 09 91 6c 24 9f 10 84 00 00 00 00 af 05 80 00 01 01 12 b0 f1 54 18 e9 63 fd fd 28 00 04 11",""
3557,17510,"PACKET","IN",207,45,"PlayerSync","id=207 bytes=45","cf 46 00 f9 7f e6 3f c0 00 1c 99 22 b0 fb bb 09 11 5e b5 9f 50 84 00 00 00 01 ea 4b c0 00 01 d5 6d 78 fb 78 1c ba b1 75 fd ab 04 08 80",""
3558,17511,"PACKET","IN",207,35,"PlayerSync","id=207 bytes=35","cf 5b 00 00 00 0e fc 66 b0 e8 7d 89 91 7b 67 1f 10 84 00 00 00 01 0a e2 00 00 00 00 00 00 01 28 00 04 11",""
3559,17533,"PACKET","IN",207,45,"PlayerSync","id=207 bytes=45","cf 46 00 f9 7f e6 3f c0 00 0e 5f 62 b0 c4 bb 89 11 42 73 9f 50 84 00 00 00 01 ea 4b c0 00 03 b9 11 78 fb d8 1c 96 b3 89 e9 ab 04 08 80",""
3560,17559,"PACKET","IN",207,45,"PlayerSync","id=207 bytes=45","cf 46 00 f9 7f e6 3f c0 00 0a 26 62 b0 d6 fb c9 11 45 ee df 50 84 00 00 00 01 ea 4b c0 00 00 65 fd 78 f8 f8 20 2a b3 61 d5 ab 04 08 80",""
3561,17560,"PACKET","IN",207,41,"PlayerSync","id=207 bytes=41","cf 1a 00 00 00 19 1d ec 70 e4 00 09 d1 7c 15 60 50 84 00 00 00 01 71 bd 80 00 02 5e e5 d4 f2 e4 6e 37 3f fd fd a5 04 04 80",""
3562,17580,"PACKET","IN",207,35,"PlayerSync","id=207 bytes=35","cf 02 00 00 00 2d a2 e3 70 ee 9a 89 91 77 a3 1e 90 80 00 00 00 00 8a aa c0 00 00 00 00 00 01 28 00 04 11",""
3563,17580,"PACKET","IN",207,45,"PlayerSync","id=207 bytes=45","cf 46 00 f9 7f e6 3f c0 00 02 6e e2 b0 fa bc 09 11 4d 25 9f 50 84 00 00 00 01 ea 4b c0 00 03 6c ed 7c fb 54 23 4e af 1d bd ab 04 08 80",""
3564,17581,"PACKET","IN",207,45,"PlayerSync","id=207 bytes=45","cf 60 00 8c 80 60 ff c0 00 31 ac 65 f0 e2 ad c9 91 7b 67 1f 10 84 00 00 00 03 74 cd c0 00 00 b8 cf 34 f4 b9 1e c7 cb fd fd fc 04 64 80",""
3565,17581,"PACKET","IN",207,43,"PlayerSync","id=207 bytes=43","cf 85 00 c0 00 08 00 28 9d 25 b0 e2 bf 09 91 6c 24 9f 10 84 00 00 00 00 af 05 80 00 00 a5 ec 7c f4 f4 04 f1 bb fd fd 28 00 04 11",""
3566,17606,"PACKET","IN",207,45,"PlayerSync","id=207 bytes=45","cf 46 00 f9 7f e6 3f c0 00 11 f5 22 b0 c4 fc 89 11 7e 9c 9f 50 84 00 00 00 01 ea 4b c0 00 00 24 71 80 f9 c8 26 66 ad 45 ad ab 04 08 80",""
3567,17607,"PACKET","IN",207,45,"PlayerSync","id=207 bytes=45","cf 60 00 89 00 60 bf c0 00 29 6e 25 f0 e1 ee 49 91 7b 67 1f 10 84 00 00 00 02 f8 bd c0 00 01 8f a7 30 f4 d5 35 f3 d7 fd fd fc 04 64 80",""
3568,17607,"RPC","IN",86,27,"ApplyPlayerAnimation","id=86 bytes=27","29 00 07 42 44 5f 46 49 52 45 07 77 61 73 68 5f 75 70 33 33 83 40 80 00 00 00 00",""
3569,17607,"PACKET","IN",207,35,"PlayerSync","id=207 bytes=35","cf 54 00 00 00 05 77 63 70 c5 21 c9 91 65 24 1e 90 80 00 00 00 00 12 8e c0 00 00 00 00 00 01 28 00 04 11",""
3570,17626,"PACKET","IN",207,45,"PlayerSync","id=207 bytes=45","cf 46 00 f9 7f e6 3f c0 00 24 fd 62 b0 e6 fc c9 11 7f cd 9f 50 84 00 00 00 01 ea 4b c0 00 03 c6 b9 84 f9 d8 28 e6 ae 21 95 ab 04 08 80",""
3571,17626,"PACKET","IN",207,45,"PlayerSync","id=207 bytes=45","cf 55 00 91 00 63 ff c2 00 29 15 26 30 ed 1a c9 91 5d 82 df 10 84 00 00 00 02 9a 73 c0 00 02 97 f3 ec f6 28 0f 8e 77 fd fd c8 04 02 80",""
3572,17626,"PACKET","IN",207,45,"PlayerSync","id=207 bytes=45","cf 60 00 87 80 60 7f c0 00 3c 6f a5 f0 e1 ee c9 91 7b 67 1f 10 84 00 00 00 02 7c a5 c0 00 00 2d cf 30 f4 59 44 5f df fd fd fc 04 64 80",""
3573,17627,"PACKET","IN",207,45,"PlayerSync","id=207 bytes=45","cf 55 00 91 80 63 ff c2 00 24 98 e6 30 cc 1b 09 91 73 43 1f 10 84 00 00 00 02 fe 6b c0 00 00 5e d3 f0 f4 64 10 8e 83 fd fd c8 04 02 80",""
3574,17648,"PACKET","IN",207,45,"PlayerSync","id=207 bytes=45","cf 46 00 f9 7f e6 3f c0 00 28 44 62 f0 f9 7d 09 11 75 be 9f 10 84 00 00 00 01 ea 4b c0 00 01 89 7d 8c f9 fc 2f 62 ab 15 81 ab 04 08 80",""
3575,17648,"PACKET","IN",207,45,"PlayerSync","id=207 bytes=45","cf 60 00 86 00 60 7f c0 00 3c 31 25 f0 ef 6f 49 91 7b 67 1f 10 84 00 00 00 00 d0 8d c0 00 01 95 7f 2c f7 b5 58 eb e7 fd fd fc 04 64 80",""
3576,17648,"PACKET","IN",207,43,"PlayerSync","id=207 bytes=43","cf 85 00 c0 00 08 00 0d e1 a5 b0 ce ff 09 91 6c 24 9f 10 84 00 00 00 00 af 05 80 00 01 59 54 48 f4 f4 04 f1 bb fd fd 28 00 04 11",""
3577,17673,"PACKET","IN",207,35,"PlayerSync","id=207 bytes=35","cf 1a 00 00 00 15 de 2c 70 ea 00 09 d1 44 95 a0 50 84 00 00 00 01 71 bd 80 00 00 00 00 00 01 a5 04 04 80",""
3578,17674,"PACKET","IN",207,45,"PlayerSync","id=207 bytes=45","cf 55 00 92 80 63 ff c2 00 25 9c e6 30 ef db 09 91 57 43 9f 10 84 00 00 00 00 52 63 c0 00 02 c8 bb f4 f6 e4 11 ce 8b fd fd c8 04 02 80",""
3579,17674,"PACKET","IN",207,45,"PlayerSync","id=207 bytes=45","cf 46 00 f9 7f e6 3f c0 00 1a 4b 22 f0 c8 3d 89 11 67 ae 1f 10 84 00 00 00 01 ea 4b c0 00 02 25 25 94 fa 7c 31 ba a9 59 71 ab 04 08 80",""
3580,17674,"PACKET","IN",207,45,"PlayerSync","id=207 bytes=45","cf 55 00 92 80 63 ff c2 00 1c 20 e6 30 d6 db 49 91 44 04 1f 10 84 00 00 00 03 be 5b c0 00 02 63 67 e8 f6 a4 16 9a 97 fd fd c8 04 02 80",""
3581,17674,"RPC","IN",99,42,"MoveObject","id=99 bytes=42","a0 00 f8 e3 a1 c3 d7 9b 26 45 53 c5 7d 42 f8 e3 a1 c3 d7 9b 26 45 ed 5e 7b 42 00 00 80 3e 00 00 00 00 00 00 00 00 08 cc 84 43",""
3582,17674,"RPC","IN",122,2,"StopObject","id=122 bytes=2","a0 00",""
3583,17674,"RPC","IN",99,42,"MoveObject","id=99 bytes=42","a0 00 f8 e3 a1 c3 d7 9b 26 45 53 c5 7d 42 f8 e3 a1 c3 d7 9b 26 45 53 c5 7d 42 00 00 80 3e 00 00 00 00 00 00 00 00 08 cc 84 43",""
3584,17674,"RPC","IN",122,2,"StopObject","id=122 bytes=2","a0 00",""
3585,17674,"RPC","IN",99,42,"MoveObject","id=99 bytes=42","a0 00 f8 e3 a1 c3 d7 9b 26 45 53 c5 7d 42 f8 e3 a1 c3 d7 9b 26 45 ed 5e 7b 42 00 00 80 3e 00 00 00 00 00 00 00 00 08 cc 84 43",""
3586,17675,"RPC","IN",122,2,"StopObject","id=122 bytes=2","a0 00",""
3587,17675,"RPC","IN",99,42,"MoveObject","id=99 bytes=42","a0 00 f8 e3 a1 c3 d7 9b 26 45 53 c5 7d 42 f8 e3 a1 c3 d7 9b 26 45 53 c5 7d 42 00 00 80 3e 00 00 00 00 00 00 00 00 08 cc 84 43",""
3588,17675,"RPC","IN",122,2,"StopObject","id=122 bytes=2","a0 00",""
3589,17675,"RPC","IN",99,42,"MoveObject","id=99 bytes=42","a0 00 f8 e3 a1 c3 d7 9b 26 45 53 c5 7d 42 f8 e3 a1 c3 d7 9b 26 45 ed 5e 7b 42 00 00 80 3e 00 00 00 00 00 00 00 00 08 cc 84 43",""
3590,17675,"RPC","IN",122,2,"StopObject","id=122 bytes=2","a0 00",""
3591,17675,"RPC","IN",99,42,"MoveObject","id=99 bytes=42","a0 00 f8 e3 a1 c3 d7 9b 26 45 53 c5 7d 42 f8 e3 a1 c3 d7 9b 26 45 53 c5 7d 42 00 00 80 3e 00 00 00 00 00 00 00 00 08 cc 84 43",""
3592,17675,"RPC","IN",122,2,"StopObject","id=122 bytes=2","a0 00",""
3593,17675,"RPC","IN",99,42,"MoveObject","id=99 bytes=42","a0 00 f8 e3 a1 c3 d7 9b 26 45 53 c5 7d 42 f8 e3 a1 c3 d7 9b 26 45 ed 5e 7b 42 00 00 80 3e 00 00 00 00 00 00 00 00 08 cc 84 43",""
3594,17675,"RPC","IN",122,2,"StopObject","id=122 bytes=2","a0 00",""
3595,17675,"RPC","IN",99,42,"MoveObject","id=99 bytes=42","a0 00 f8 e3 a1 c3 d7 9b 26 45 53 c5 7d 42 f8 e3 a1 c3 d7 9b 26 45 53 c5 7d 42 00 00 80 3e 00 00 00 00 00 00 00 00 08 cc 84 43",""
3596,17675,"RPC","IN",122,2,"StopObject","id=122 bytes=2","a0 00",""
3597,17675,"RPC","IN",99,42,"MoveObject","id=99 bytes=42","a0 00 f8 e3 a1 c3 d7 9b 26 45 53 c5 7d 42 f8 e3 a1 c3 d7 9b 26 45 ed 5e 7b 42 00 00 80 3e 00 00 00 00 00 00 00 00 08 cc 84 43",""
3598,17675,"RPC","IN",122,2,"StopObject","id=122 bytes=2","a0 00",""
3599,17676,"RPC","IN",99,42,"MoveObject","id=99 bytes=42","a0 00 f8 e3 a1 c3 d7 9b 26 45 53 c5 7d 42 f8 e3 a1 c3 d7 9b 26 45 53 c5 7d 42 00 00 80 3e 00 00 00 00 00 00 00 00 08 cc 84 43",""
3600,17676,"RPC","IN",137,14,"ServerJoin","id=137 bytes=14","9a 00 00 00 00 00 00 06 6e 69 6b 6b 79 62",""
3601,17696,"RPC","IN",72,6,"SetPlayerColor","id=72 bytes=6","9a 00 ff 83 7f 7f",""
3602,17696,"PACKET","IN",207,35,"PlayerSync","id=207 bytes=35","cf 1f 00 00 00 26 a3 e3 70 c2 1d 89 91 42 a3 5e 90 80 00 00 00 02 c2 27 00 00 00 00 00 00 01 28 00 04 11",""
3603,17696,"PACKET","IN",207,45,"PlayerSync","id=207 bytes=45","cf 46 00 f9 7f e6 3f c0 00 0d 91 62 f0 d1 3d c9 11 6e dc df 10 84 00 00 00 01 ea 4b c0 00 00 79 45 9c fb 1c 34 06 a9 5d 61 ab 04 08 80",""
3604,17697,"PACKET","IN",207,35,"PlayerSync","id=207 bytes=35","cf 53 00 00 00 29 67 a8 30 de 18 09 d1 7a e7 1f 10 84 00 00 00 02 ba 42 c0 00 00 00 00 00 01 a5 04 04 80",""
3605,17697,"PACKET","IN",207,45,"PlayerSync","id=207 bytes=45","cf 55 00 92 80 63 ff c2 00 18 24 66 30 fa 9b 49 91 68 84 5f 10 84 00 00 00 02 fe 57 c0 00 02 20 4b e0 f4 58 18 02 9f fd fd c8 04 02 80",""
3606,17697,"PACKET","IN",207,45,"PlayerSync","id=207 bytes=45","cf 60 00 84 00 60 7f c0 00 35 f2 25 f0 dd af c9 91 7b 67 1f 10 84 00 00 00 00 78 75 c0 00 00 b1 ab 28 f4 81 74 9f ef fd fd fc 04 64 80",""
3607,17697,"PACKET","IN",207,43,"PlayerSync","id=207 bytes=43","cf 85 00 c0 00 00 00 0a e3 65 b0 c7 3f 09 91 6c 24 9f 10 84 00 00 00 00 af 05 80 00 02 46 67 e4 f0 f4 04 f1 bb fd fd 28 00 04 11",""
3608,17697,"PACKET","IN",207,45,"PlayerSync","id=207 bytes=45","cf 46 00 8a 00 66 3f c0 00 2f 97 e2 f0 df 3e 09 11 57 88 5f 10 84 00 00 00 01 ea 4b c0 00 02 cb 01 a4 f8 78 3e 0e a4 c9 51 ab 04 08 80",""
3609,17697,"PACKET","IN",207,45,"PlayerSync","id=207 bytes=45","cf 60 00 83 00 60 7f c0 00 08 b3 65 f0 f1 b0 49 91 7b 67 1f 10 84 00 00 00 00 38 65 c0 00 03 04 8f 24 f4 45 8e bf f3 fd fd fc 04 64 80",""
3610,17722,"PACKET","IN",207,45,"PlayerSync","id=207 bytes=45","cf 46 00 8a 80 66 3f c0 00 35 99 a2 f0 f3 fe 09 11 6e c2 9f 10 84 00 00 00 01 ea 4b c0 00 00 6d cd a8 f9 fc 3d 82 a4 71 4d ab 04 08 80",""
3611,17722,"PACKET","IN",207,45,"PlayerSync","id=207 bytes=45","cf 55 00 92 80 63 ff c2 00 18 ab a6 30 c8 db c9 91 43 05 5f 10 84 00 00 00 01 b2 4f c0 00 00 06 33 b0 f7 e0 1a a2 a7 fd fd c8 04 02 80",""
3612,17723,"PACKET","IN",207,45,"PlayerSync","id=207 bytes=45","cf 60 00 82 00 60 7f c0 00 19 b4 25 f0 f5 30 c9 91 7b 67 1f 10 84 00 00 00 00 f0 55 c0 00 01 88 d7 1c f4 3d 9e 2f f7 fd fd fc 04 64 80",""
3613,17723,"PACKET","OUT",207,69,"PlayerSync","id=207 bytes=69","cf 00 00 00 00 00 00 67 0a 9b c3 6b 06 27 45 ed 9c 7c 42 11 b2 39 3f 00 00 00 80 00 00 00 00 14 38 30 bf 64 00 04 00 00 00 00 00 00 00 00 00 00 00 00 00 00 00 00 00 00 00 00 00 00 00 00 00 00 00 a5 04 e8 80",""
3614,17743,"RPC","IN",105,19,"TextDrawSetString","id=105 bytes=19","2f 01 0f 00 30 39 20 41 67 75 73 74 75 73 20 32 30 32 36",""
3615,17743,"RPC","IN",105,12,"TextDrawSetString","id=105 bytes=12","30 01 08 00 31 32 3a 30 32 3a 30 34",""
3616,17743,"PACKET","IN",207,45,"PlayerSync","id=207 bytes=45","cf 46 00 8a 80 66 3f c0 00 1d df e2 f0 fc 7e 49 11 68 2d 1e d0 84 00 00 00 01 ea 4b c0 00 00 dc 0d b4 fb 68 43 82 a1 b1 3d ab 04 08 80",""
3617,17743,"PACKET","IN",207,45,"PlayerSync","id=207 bytes=45","cf 55 00 91 80 63 ff c2 00 0e 2f 66 30 f3 5b c9 91 7a 45 9f 10 84 00 00 00 03 c6 4f c0 00 02 5b 8b a0 f5 e4 1c 62 af fd fd c8 04 02 80",""
3618,17743,"PACKET","IN",207,45,"PlayerSync","id=207 bytes=45","cf 60 00 81 00 60 7f c0 00 00 34 e5 f0 f1 71 49 91 7b 67 1f 10 84 00 00 00 01 84 4d c0 00 01 c7 0b 10 f7 55 a8 ef fb fd fd fc 04 64 80",""
3619,17743,"PACKET","IN",207,35,"PlayerSync","id=207 bytes=35","cf 7e 00 00 00 13 27 28 30 cd 86 09 d1 7b 67 1f 10 84 00 00 00 01 42 b3 94 00 00 00 00 00 01 28 00 04 11",""
3620,17743,"PACKET","IN",207,35,"PlayerSync","id=207 bytes=35","cf 97 00 00 00 3d e7 a8 30 e5 89 c9 d1 7b 67 1f 10 84 00 00 00 00 0f 03 e8 00 00 00 00 00 01 28 00 04 11",""
3621,17744,"PACKET","IN",203,34,"AimSync","id=203 bytes=34","cb 97 00 04 9c ee 4f bf c4 17 d2 3e 33 47 d4 be 38 08 a0 c3 11 1e 27 45 74 b5 80 42 00 00 00 00 3f 36",""
3622,17762,"PACKET","IN",207,45,"PlayerSync","id=207 bytes=45","cf 46 00 8a 80 66 3f c2 00 25 66 22 f0 c6 7e c9 11 7f 95 1e d0 84 00 00 00 01 ea 4b c0 00 03 db 65 bc f9 40 49 5a a3 29 2d ac 04 64 80",""
3623,17762,"PACKET","IN",207,35,"PlayerSync","id=207 bytes=35","cf 63 00 00 00 35 23 63 70 dd 23 09 91 54 21 9e 90 80 00 00 00 02 22 63 80 00 00 00 00 00 01 28 00 04 11",""
3624,17762,"PACKET","IN",207,43,"PlayerSync","id=207 bytes=43","cf 85 00 c0 00 00 00 13 a6 e5 b0 f7 7e c9 91 6c 24 9f 10 84 00 00 00 00 af 05 80 00 02 76 64 04 f4 f4 04 f1 bb fd fd 28 00 04 11",""
3625,17789,"PACKET","IN",207,35,"PlayerSync","id=207 bytes=35","cf 29 00 00 00 28 26 a8 30 d1 15 49 d1 7b 67 1f 10 84 00 00 00 03 a9 ff c0 00 00 00 00 00 01 28 00 04 11",""
3626,17790,"PACKET","IN",207,45,"PlayerSync","id=207 bytes=45","cf 55 00 91 00 63 bf c2 00 18 b2 a6 30 d8 5c 09 91 61 06 1f 10 84 00 00 00 03 06 4f c0 00 00 2f eb 74 f5 0c 1d fe ab fd fd c8 04 02 80",""
3627,17790,"PACKET","IN",207,45,"PlayerSync","id=207 bytes=45","cf 60 00 80 80 60 7f c0 00 1a 35 65 f0 ef b1 c9 91 7b 67 1f 10 84 00 00 00 02 6c 45 c0 00 02 87 9f 04 f6 ad b2 1f fb fd fd fc 04 64 80",""
3628,17790,"PACKET","IN",207,45,"PlayerSync","id=207 bytes=45","cf 46 00 8a 80 66 3f c0 00 03 6d 22 f0 d7 3f 09 11 47 b8 de 90 84 00 00 00 01 ea 4b c0 00 00 a6 b5 68 fb 78 1c ba b3 fd fd ac 04 64 80",""
3629,17790,"PACKET","IN",207,45,"PlayerSync","id=207 bytes=45","cf 55 00 90 80 63 bf c2 00 09 b6 26 30 ff 5c 09 91 4d c6 9f 10 84 00 00 00 01 aa 4f c0 00 01 d8 5b 7c f5 58 1e da ab fd fd c8 04 02 80",""
3630,17790,"PACKET","IN",207,43,"PlayerSync","id=207 bytes=43","cf 85 00 c0 00 08 00 0b 67 65 b0 f5 7e c9 91 6c 24 9f 10 84 00 00 00 00 af 05 80 00 01 4a 9f f8 ec f4 04 f1 bb fd fd 28 00 04 11",""
3631,17809,"PACKET","IN",207,35,"PlayerSync","id=207 bytes=35","cf 3d 00 00 00 32 67 a8 30 d0 79 49 91 7b 67 1f 10 84 00 00 00 00 e6 f1 c0 00 00 00 00 00 01 a5 04 e8 80",""
3632,17810,"PACKET","IN",207,45,"PlayerSync","id=207 bytes=45","cf 46 00 8a 80 66 3f c0 00 27 f4 a2 f0 f1 3f 49 11 43 ba 1e 90 84 00 00 00 01 ea 4b c0 00 01 34 e9 a0 fb 78 1c ba b3 fd fd ac 04 64 80",""
3633,17810,"PACKET","IN",207,45,"PlayerSync","id=207 bytes=45","cf 55 00 90 00 63 7f c2 00 0b f9 66 30 e4 9c 49 91 75 c6 df 10 84 00 00 00 01 26 4f c0 00 00 c1 83 80 f5 e8 1c 6a af fd fd c8 04 02 80",""
3634,17810,"PACKET","IN",207,43,"PlayerSync","id=207 bytes=43","cf 60 00 60 7f c0 00 16 f5 e5 f0 e0 32 49 91 7b 67 1f 10 84 00 00 00 01 e0 41 c0 00 02 e8 13 04 f5 b9 bb 23 fb fd fd fc 04 64 80",""
3635,17810,"RPC","IN",87,2,"ClearPlayerAnimation","id=87 bytes=2","2d 00",""
3636,17810,"RPC","IN",86,29,"ApplyPlayerAnimation","id=86 bytes=29","2d 00 05 43 41 52 52 59 0b 63 72 72 79 5f 70 72 74 69 61 6c 33 33 83 40 00 00 00 00 00",""
3637,17810,"PACKET","IN",207,35,"PlayerSync","id=207 bytes=35","cf 1c 00 00 00 2d 1d 28 30 f6 cc c9 d1 7b 67 1f 10 84 00 00 00 00 65 93 00 00 00 00 00 00 01 28 00 04 11",""
3638,17810,"PACKET","IN",203,34,"AimSync","id=203 bytes=34","cb 1c 00 04 c1 57 75 3e b9 31 6c bf c9 bd 9a be 0a e0 a0 c3 86 67 27 45 48 9f 81 42 00 00 00 00 3f 55",""
3639,17813,"PACKET","OUT",203,32,"AimSync","id=203 bytes=32","cb 00 00 00 39 05 00 00 00 00 00 00 00 00 00 00 00 40 01 00 00 00 80 3f 00 00 f3 04 b5 3f 39 05",""
3640,17850,"PACKET","IN",207,45,"PlayerSync","id=207 bytes=45","cf 46 00 8a 80 66 3f c0 00 3f fb a2 f0 c4 bf c9 11 68 bb 1e 90 84 00 00 00 01 ea 4b c0 00 03 5b 41 98 fb 78 1c ba b3 fd fd ac 04 64 80",""
3641,17850,"PACKET","IN",207,45,"PlayerSync","id=207 bytes=45","cf 55 00 8f 00 63 7f c2 00 1d bc a6 30 ca dc 89 91 61 47 5f 10 84 00 00 00 03 76 4f c0 00 00 b4 3b a0 f6 1c 1d 02 af fd fd c8 04 02 80",""
3642,17851,"PACKET","IN",207,43,"PlayerSync","id=207 bytes=43","cf 60 00 60 7f c0 00 06 f6 65 f0 cc 72 c9 91 7b 67 1f 10 84 00 00 00 03 f0 39 c0 00 01 64 2e fc f6 41 bf bf fb fd fd fc 04 64 80",""
3643,17851,"RPC","IN",24,18,"SetVehicleParamsEx","id=24 bytes=18","30 00 01 00 ff 00 ff ff ff ff ff ff ff ff ff ff ff ff",""
3644,17851,"RPC","IN",24,18,"SetVehicleParamsEx","id=24 bytes=18","30 00 00 00 ff 00 ff ff ff ff ff ff ff ff ff ff ff ff",""
3645,17851,"RPC","IN",59,46,"ChatBubble","id=59 bytes=46","38 00 aa ff bb ff 00 00 f0 41 88 13 00 00 1f 2a 20 4d 65 6d 61 74 69 6b 61 6e 20 6d 65 73 69 6e 20 6b 65 6e 64 61 72 61 61 6e 6e 79 61 2e",""
3646,17851,"PACKET","IN",207,37,"PlayerSync","id=207 bytes=37","cf 38 00 60 3f c0 00 36 60 e8 30 c7 7a c9 51 54 11 1f 90 80 00 00 00 00 db 5b 7c 00 00 00 00 00 01 a2 04 e8 80",""
3647,17851,"PACKET","IN",203,34,"AimSync","id=203 bytes=34","cb 38 00 04 e2 ab 7d bf b2 a6 c2 bd 73 1b c3 bd 60 b6 9e c3 a6 f0 25 45 cf 06 81 42 00 00 00 00 3f c6",""
3648,17851,"PACKET","IN",207,35,"PlayerSync","id=207 bytes=35","cf 51 00 00 00 1b 0a e3 30 cf a8 49 91 58 dd 9e 90 84 00 00 00 01 37 17 c0 00 00 00 00 00 01 a5 04 e8 80",""
3649,17852,"PACKET","IN",207,45,"PlayerSync","id=207 bytes=45","cf 55 00 8e 00 63 3f c2 00 02 00 26 70 f1 1c 89 91 4c 07 df 10 84 00 00 00 02 d2 53 c0 00 02 a5 9f ac f5 2c 1e 5a ab fd fd c8 04 02 80",""
3650,17852,"PACKET","IN",207,43,"PlayerSync","id=207 bytes=43","cf 60 00 60 3f c0 00 37 36 a5 f0 c3 b3 49 91 7b 67 1f 10 84 00 00 00 03 70 35 c0 00 02 19 e6 f4 f4 25 c4 7b ff fd fd fc 04 64 80",""
3651,17872,"PACKET","IN",207,45,"PlayerSync","id=207 bytes=45","cf 46 00 8a 80 66 3f c0 00 2e 40 e3 30 c1 80 09 51 7e bb de 90 84 00 00 00 01 ea 4b c0 00 02 5e 18 10 fb 78 1c ba b3 fd fd ac 04 64 80",""
3652,17872,"PACKET","IN",207,37,"PlayerSync","id=207 bytes=37","cf 85 00 c0 00 00 00 0b 67 65 b0 f5 7e c9 91 6c 24 9f 10 84 00 00 00 00 af 05 80 00 00 00 00 00 01 28 00 04 11",""
3653,17873,"PACKET","IN",207,45,"PlayerSync","id=207 bytes=45","cf 55 00 8d 80 62 ff c2 00 05 03 e6 70 da 9c c9 91 40 08 5f 10 84 00 00 00 02 d2 53 c0 00 00 ba 4f e4 f7 d0 1a 76 a7 fd fd c8 04 02 80",""
3654,17873,"PACKET","IN",207,43,"PlayerSync","id=207 bytes=43","cf 60 00 60 7f c0 00 1d 77 25 f0 f9 33 89 91 7b 67 1f 10 84 00 00 00 03 a0 31 c0 00 00 ca 6f 08 f4 a1 c8 fb ff fd fd fc 04 64 80",""
3655,17873,"PACKET","IN",207,35,"PlayerSync","id=207 bytes=35","cf 0b 00 00 00 26 cb 68 30 e8 bd c9 91 7b 67 1f 10 84 00 00 00 02 2e 5f c0 00 00 00 00 00 01 28 00 04 11",""
3656,17873,"PACKET","IN",207,45,"PlayerSync","id=207 bytes=45","cf 46 00 8a 80 66 3f c0 00 0d c4 e3 30 ef 00 09 51 5e bc 9e 90 84 00 00 00 01 ea 4b c0 00 01 50 e3 c4 f7 78 1c ba b3 fd fd ac 04 64 80",""
3657,17873,"PACKET","IN",207,45,"PlayerSync","id=207 bytes=45","cf 55 00 8c 00 62 ff c2 00 12 87 e6 70 c7 1d 09 91 7c 48 9f 10 84 00 00 00 00 ba 5b c0 00 03 ca 97 f4 f7 d0 1a 76 a7 fd fd c8 04 02 80",""
3658,17893,"PACKET","IN",207,45,"PlayerSync","id=207 bytes=45","cf 46 00 8a 80 66 3f c0 00 07 45 63 30 f4 80 09 51 72 3c 9e 90 84 00 00 00 01 ea 4b c0 00 00 be 1d a0 f3 78 1c ba b3 fd fd ac 04 64 80",""
3659,17893,"PACKET","IN",207,35,"PlayerSync","id=207 bytes=35","cf 7c 00 00 00 35 a2 e2 70 da 28 89 91 5f 9d de 90 80 00 00 00 01 98 6a 40 00 00 00 00 00 01 28 00 04 11",""
3660,17914,"PACKET","IN",207,35,"PlayerSync","id=207 bytes=35","cf 2d 00 00 00 3c 58 68 30 c1 50 49 d1 7b 67 1f 10 84 00 00 00 02 aa b3 c0 00 00 00 00 00 01 a5 04 e8 80",""
3661,17914,"PACKET","IN",207,43,"PlayerSync","id=207 bytes=43","cf 38 00 60 3f c0 00 33 a0 68 30 f9 7a 89 51 5e 91 1f 90 80 00 00 00 01 97 cb 7c 00 03 de 34 94 f3 33 4c f8 7f fd fd cc 04 e8 80",""
3662,17939,"PACKET","IN",207,45,"PlayerSync","id=207 bytes=45","cf 46 00 8a 80 67 3f c2 00 02 c9 63 30 e3 40 49 51 56 bd 5e 90 84 00 00 00 03 c2 0b c0 00 02 e3 d3 d4 f7 78 1c ba b3 fd fd ac 04 64 80",""
3663,17940,"PACKET","IN",207,43,"PlayerSync","id=207 bytes=43","cf 60 00 60 7f c0 00 1e 78 25 f0 c6 b5 09 91 7b 67 1f 10 84 00 00 00 00 fc 2d c0 00 00 47 6b 08 f5 61 d1 db ff fd fd fc 04 64 80",""
3664,17958,"PACKET","IN",207,45,"PlayerSync","id=207 bytes=45","cf 46 00 8a 80 67 3f c2 00 28 4d a3 30 ef 80 89 51 4a be 1e 90 84 00 00 00 00 0d c3 c0 00 00 85 57 e4 f5 ec 3c 16 f7 fd fd ac 04 64 80",""
3665,17958,"PACKET","IN",207,43,"PlayerSync","id=207 bytes=43","cf 60 00 60 7f c0 00 37 b8 65 f0 c5 75 89 91 7b 67 1f 10 84 00 00 00 03 d0 29 c0 00 03 79 03 00 f7 09 d2 03 ff fd fd fc 04 64 80",""
3666,17977,"PACKET","IN",207,35,"PlayerSync","id=207 bytes=35","cf 4d 00 00 00 02 00 23 30 e6 e4 09 91 70 1e 9e 90 84 00 00 00 03 da d0 80 00 00 00 00 00 01 28 00 04 11",""
3667,17978,"PACKET","IN",207,35,"PlayerSync","id=207 bytes=35","cf 76 00 00 00 0e 87 a2 f0 c1 28 c9 91 5a 1c 1e 90 84 00 00 00 03 6c 9f 40 00 00 00 00 00 01 28 00 04 11",""
