sequence,elapsed_ms,type,direction,id,bytes,name,details,hex,marker
1,5,"PACKET","IN",207,41,"PlayerSync","id=207 bytes=41","cf 5e 00 00 00 3a 66 68 30 cf 44 89 d1 7b 67 1f 10 80 00 00 00 03 c3 ff 40 00 01 f4 1c c4 ed b2 14 74 03 fd fd 73 04 08 80",""
2,5,"PACKET","IN",207,45,"PlayerSync","id=207 bytes=45","cf 76 00 99 80 62 ff c0 00 1d be a2 f0 cc d7 89 91 61 1e 9e 90 80 00 00 00 03 14 d3 40 00 03 1a ff 70 f7 1a c9 fb d7 fd fd 00 00 00 80",""
3,5,"PACKET","IN",207,45,"PlayerSync","id=207 bytes=45","cf 88 00 fe 7f eb 7f c0 00 3a 90 26 30 d5 8c 49 51 7c 2b 5f 50 80 00 00 00 00 fb a2 80 00 03 d2 50 8c f4 f7 96 b8 c7 fd fd c8 04 04 80",""
4,32,"PACKET","IN",207,45,"PlayerSync","id=207 bytes=45","cf 88 00 85 00 6e bf c0 00 25 8f 26 30 f6 0c 09 51 47 2a 9f 50 80 00 00 00 01 e7 be 80 00 00 c0 cc 98 f7 e7 6f ec 9b fd fd c8 04 04 80",""
5,32,"PACKET","OUT",207,69,"PlayerSync","id=207 bytes=69","cf 00 00 00 00 00 00 04 8d a0 c3 f8 22 27 45 ed 9c 7c 42 35 df 41 3f 00 00 00 80 00 00 00 00 7d 2e 27 bf 64 00 04 00 00 00 00 00 00 00 00 00 00 00 00 00 00 00 00 00 00 00 00 00 00 00 00 00 00 00 a5 04 08 80",""
6,55,"PACKET","IN",207,35,"PlayerSync","id=207 bytes=35","cf 43 00 00 00 0a b5 62 f0 c0 68 49 91 71 de 1e 90 84 00 00 00 01 28 53 00 00 00 00 00 00 01 28 00 04 11",""
7,55,"PACKET","IN",207,35,"PlayerSync","id=207 bytes=35","cf 54 00 00 00 38 c3 63 30 ca de 89 91 59 1e de 90 84 00 00 00 01 da 3e c0 00 00 00 00 00 01 28 00 04 11",""
8,55,"PACKET","IN",207,35,"PlayerSync","id=207 bytes=35","cf 63 00 00 00 32 ca a3 30 d3 66 89 91 6c 9f 1e 90 84 00 00 00 00 aa c4 40 00 00 00 00 00 01 28 00 04 11",""
9,55,"PACKET","IN",203,34,"AimSync","id=203 bytes=34","cb 63 00 04 5e 2b 7e bf 6b a5 44 3d b1 d6 df bd 4b 39 8b c3 d7 98 26 45 cf b7 7d 42 00 00 00 00 3f 1a",""
10,55,"PACKET","IN",207,35,"PlayerSync","id=207 bytes=35","cf 4f 00 00 00 23 be 26 b0 e1 f7 49 91 7b 67 1f 10 80 00 00 00 02 58 c5 c0 00 00 00 00 00 01 28 00 04 11",""
11,81,"PACKET","IN",207,35,"PlayerSync","id=207 bytes=35","cf 1f 00 00 00 05 25 a8 30 e1 ff 09 91 7b 67 1f 10 84 00 00 00 03 0b 6f 00 00 00 00 00 00 01 28 00 04 11",""
12,81,"PACKET","IN",207,45,"PlayerSync","id=207 bytes=45","cf 76 00 99 80 62 ff c0 00 26 3a 22 f0 c3 18 c9 91 6c 9e 5e 90 80 00 00 00 03 00 e7 40 00 03 67 fd 7c f5 36 dd bb cf fd fd 00 00 00 80",""
13,82,"PACKET","IN",207,45,"PlayerSync","id=207 bytes=45","cf 88 00 90 00 79 3f c0 00 22 4d e6 30 c0 cc 09 51 72 28 df 50 80 00 00 00 01 17 e2 80 00 01 ed 98 48 f7 97 10 80 53 fd fd c8 04 04 80",""
14,82,"PACKET","IN",207,35,"PlayerSync","id=207 bytes=35","cf 1b 00 00 00 26 4a e3 30 df 1b c9 91 70 9f 1e 90 84 00 00 00 00 c6 de c0 00 00 00 00 00 01 a5 04 e8 80",""
15,82,"PACKET","IN",207,45,"PlayerSync","id=207 bytes=45","cf 88 00 95 80 41 40 00 00 0d 4d a6 30 ed 0b c9 51 5e 28 5f 50 80 00 00 00 02 b7 ea 80 00 03 59 fc 2c f6 22 f0 e0 3f fd fd c8 04 04 80",""
16,105,"RPC","IN",87,2,"ClearPlayerAnimation","id=87 bytes=2","02 00",""
17,106,"RPC","IN",86,29,"ApplyPlayerAnimation","id=86 bytes=29","02 00 05 43 41 52 52 59 0b 63 72 72 79 5f 70 72 74 69 61 6c 33 33 83 40 00 00 00 00 00",""
18,131,"PACKET","IN",207,41,"PlayerSync","id=207 bytes=41","cf 5e 00 00 00 37 26 68 30 c6 04 89 d1 7b 67 1f 10 80 00 00 00 03 cb ff 40 00 03 09 9e 58 e9 b2 14 74 03 fd fd 73 04 08 80",""
19,131,"RPC","IN",86,27,"ApplyPlayerAnimation","id=86 bytes=27","5e 00 07 42 44 5f 46 49 52 45 07 77 61 73 68 5f 75 70 33 33 83 40 80 00 00 00 00",""
20,153,"PACKET","IN",207,45,"PlayerSync","id=207 bytes=45","cf 76 00 99 80 62 ff c0 00 12 35 a2 f0 e3 59 c9 91 77 1e 1e 90 80 00 00 00 03 04 fb 40 00 00 c9 99 78 f7 c2 ec 63 c7 fd fd 00 00 00 80",""
21,153,"PACKET","IN",207,41,"PlayerSync","id=207 bytes=41","cf 88 00 00 00 15 0c e6 30 de 8b 89 51 5b 26 1f 50 80 00 00 00 03 0b fe 80 00 00 f0 b8 30 f4 62 5b ac 07 fd fd a5 04 04 80",""
22,166,"PACKET","OUT",203,32,"AimSync","id=203 bytes=32","cb 00 00 00 39 05 00 00 00 00 00 00 00 00 00 00 00 40 01 00 00 00 80 3f 00 00 f3 04 b5 3f 39 05",""
23,179,"PACKET","IN",207,35,"PlayerSync","id=207 bytes=35","cf 7c 00 00 00 34 2e 22 70 cc 29 09 91 53 dd 1e 90 84 00 00 00 02 b8 32 40 00 00 00 00 00 01 28 00 04 11",""
24,182,"PACKET","IN",207,35,"PlayerSync","id=207 bytes=35","cf 92 00 00 00 19 24 63 70 da e4 c9 91 47 23 5e 90 80 00 00 00 03 07 35 c0 00 00 00 00 00 01 a5 04 04 80",""
25,182,"PACKET","IN",207,41,"PlayerSync","id=207 bytes=41","cf 5e 00 00 00 37 26 68 30 c6 84 89 d1 7b 67 1f 10 80 00 00 00 03 cb ff 40 00 00 bb 41 e8 eb dd eb 97 ff fd fd 73 04 08 80",""
26,201,"PACKET","IN",207,35,"PlayerSync","id=207 bytes=35","cf 02 00 00 00 21 de e2 b0 cc 69 09 91 7d 9a 1e 90 84 00 00 00 00 2c 23 80 00 00 00 00 00 01 a5 04 e8 80",""
27,229,"PACKET","IN",207,35,"PlayerSync","id=207 bytes=35","cf 27 00 00 00 32 0b 23 30 f3 e2 09 91 73 1f 1e 90 84 00 00 00 03 bf 3e 80 00 00 00 00 00 01 28 00 04 11",""
28,229,"PACKET","IN",207,41,"PlayerSync","id=207 bytes=41","cf 88 00 00 00 24 0b 66 30 dd 0b 49 51 6a a4 1f 50 84 00 00 00 02 6b ee 80 00 00 6b 82 20 f0 67 20 f4 5b fd fd a5 04 04 80",""
29,249,"PACKET","IN",207,45,"PlayerSync","id=207 bytes=45","cf 76 00 99 80 62 ff c0 00 38 30 22 f0 d4 db 09 91 78 1d de 90 80 00 00 00 01 99 0f 40 00 00 c9 9a c0 f4 c7 02 f3 bb fd fd 00 00 00 80",""
30,268,"PACKET","IN",207,35,"PlayerSync","id=207 bytes=35","cf 77 00 00 00 08 22 9a b0 84 f1 49 51 7a 03 60 10 84 00 00 00 03 ab fe 00 00 00 00 00 00 01 a5 04 04 80",""
31,295,"PACKET","IN",207,35,"PlayerSync","id=207 bytes=35","cf 4b 00 00 00 14 e1 e6 30 c3 4a 49 51 5c 9d 9f 50 80 00 00 00 02 8f fe 00 00 00 00 00 00 01 a5 04 04 80",""
32,296,"PACKET","IN",207,35,"PlayerSync","id=207 bytes=35","cf 5e 00 00 00 38 a6 68 30 cb 04 89 d1 7b 67 1f 10 80 00 00 00 03 cb ff 40 00 00 00 00 00 01 28 00 04 11",""
33,296,"PACKET","IN",207,35,"PlayerSync","id=207 bytes=35","cf 60 00 00 00 26 94 e5 b0 f3 00 49 d1 6c 24 9f 10 80 00 00 00 02 2a 1d c0 00 00 00 00 00 01 28 00 04 11",""
34,296,"PACKET","IN",207,41,"PlayerSync","id=207 bytes=41","cf 88 00 00 00 03 4b 26 30 fb cb 09 51 74 a3 1f 50 84 00 00 00 00 7f 96 80 00 03 40 74 f8 ee ff 50 4c 83 fd fd a5 04 04 80",""
35,336,"PACKET","IN",207,45,"PlayerSync","id=207 bytes=45","cf 76 00 99 80 62 ff c0 00 3f 2a 22 f0 cd dc 49 91 72 1d 9e 90 80 00 00 00 00 71 23 40 00 03 ec ca ec f5 63 10 e3 b3 fd fd 00 00 00 80",""
36,336,"PACKET","IN",207,35,"PlayerSync","id=207 bytes=35","cf 57 00 00 00 02 e3 63 70 d2 da c9 91 7b a3 1e 90 80 00 00 00 01 ce b5 80 00 00 00 00 00 01 a5 04 e8 80",""
37,337,"PACKET","IN",207,41,"PlayerSync","id=207 bytes=41","cf 76 00 00 00 2b a8 e2 f0 cf dc 89 91 62 9d 9e 90 80 00 00 00 00 71 23 40 00 03 ca 32 f8 f4 c3 16 bf af fd fd 00 00 00 80",""
38,361,"PACKET","IN",207,35,"PlayerSync","id=207 bytes=35","cf 55 00 00 00 0a e6 e8 30 db d3 c9 d1 7b 67 1f 10 84 00 00 00 00 13 15 80 00 00 00 00 00 01 a5 04 e8 80",""
39,362,"PACKET","IN",207,35,"PlayerSync","id=207 bytes=35","cf 83 00 00 00 08 58 a5 b0 cc 06 09 d1 6c 24 9f 10 80 00 00 00 02 4a 06 40 00 00 00 00 00 01 28 00 04 11",""
40,362,"PACKET","IN",203,34,"AimSync","id=203 bytes=34","cb 83 00 04 a2 85 73 3f 14 8b 9d 3e b1 86 a9 bc 89 89 97 c3 3f 0c 27 45 8b 2c 7f 42 00 00 00 00 3f c6",""
41,383,"PACKET","IN",207,41,"PlayerSync","id=207 bytes=41","cf 88 00 00 00 15 0b 26 30 fa cb 09 51 6e 23 1f 50 84 00 00 00 02 27 12 80 00 03 b7 4c 08 ee 34 0a 45 9b fd fd a5 04 04 80",""
42,383,"RPC","IN",86,27,"ApplyPlayerAnimation","id=86 bytes=27","1a 00 07 42 44 5f 46 49 52 45 07 77 61 73 68 5f 75 70 33 33 83 40 80 00 00 00 00",""
43,422,"PACKET","IN",207,41,"PlayerSync","id=207 bytes=41","cf 76 00 00 00 2b 23 a2 f0 d5 5d 89 91 64 dd 5e 90 80 00 00 00 00 71 23 40 00 02 ee f9 c4 f4 c3 16 bf af fd fd 00 00 00 80",""
44,422,"PACKET","IN",203,34,"AimSync","id=203 bytes=34","cb 76 00 04 97 99 19 3e 21 89 78 3f 1b 7a 3f be 5e d3 8b c3 52 44 26 45 d8 30 7f 42 00 00 00 00 3f ff",""
45,469,"PACKET","IN",207,49,"PlayerSync","id=207 bytes=49","cf 5d 00 00 00 2f c2 a6 f0 db c5 09 d1 7b 67 1f 10 84 00 00 00 00 1b 0f e0 00 00 00 00 00 03 ff fe 00 00 00 00 00 00 00 00 00 00 00 01 00 00 00 80",""
46,469,"PACKET","IN",207,35,"PlayerSync","id=207 bytes=35","cf 7e 00 00 00 06 2c 66 b0 e3 c4 49 d1 7b 67 1f 10 84 00 00 00 01 0e 83 94 00 00 00 00 00 01 28 00 04 11",""
47,469,"PACKET","IN",207,35,"PlayerSync","id=207 bytes=35","cf b2 00 00 00 01 e5 62 f0 f2 25 c9 91 76 5d 5e 90 84 00 00 00 00 94 12 80 00 00 00 00 00 01 28 00 04 11",""
48,469,"PACKET","IN",207,35,"PlayerSync","id=207 bytes=35","cf 0b 00 00 00 26 e3 e3 70 fb 2c c9 91 58 1f 9e 90 80 00 00 00 02 ce f7 c0 00 00 00 00 00 01 28 00 04 11",""
49,470,"PACKET","IN",207,35,"PlayerSync","id=207 bytes=35","cf 63 00 00 00 32 ca a3 30 d3 66 89 91 6c 9f 1e 90 84 00 00 00 00 aa c4 40 00 00 00 00 00 01 28 00 04 11",""
50,470,"PACKET","IN",203,34,"AimSync","id=203 bytes=34","cb 63 00 04 4e fc 20 bf 75 cd 44 3f 95 72 ee bd ce 91 8b c3 ed 82 26 45 bc c5 7d 42 00 00 00 00 3f 1a",""
51,470,"PACKET","IN",207,35,"PlayerSync","id=207 bytes=35","cf 88 00 00 00 16 0b 26 30 fa cb 09 51 6e 63 1f 50 84 00 00 00 02 27 12 80 00 00 00 00 00 01 a5 04 04 80",""
52,470,"PACKET","IN",207,49,"PlayerSync","id=207 bytes=49","cf ab 00 00 00 0a da a5 b0 d8 cd 09 d1 6c 24 9f 10 80 00 00 00 03 ef 77 c0 00 00 00 00 00 03 ff fe 00 00 00 00 00 00 00 00 00 00 00 01 28 00 04 11",""
53,490,"RPC","IN",86,27,"ApplyPlayerAnimation","id=86 bytes=27","1b 00 07 42 44 5f 46 49 52 45 07 77 61 73 68 5f 75 70 33 33 83 40 80 00 00 00 00",""
54,514,"PACKET","IN",207,35,"PlayerSync","id=207 bytes=35","cf 85 00 00 00 27 4d 62 f0 cc e9 09 91 55 da de 90 84 00 00 00 00 1e 8d 80 00 00 00 00 00 01 28 00 04 11",""
55,514,"PACKET","IN",203,34,"AimSync","id=203 bytes=34","cb 85 00 04 93 be 3d 3e 96 84 77 3f 00 cf 33 be 47 62 8b c3 11 87 26 45 5a 24 7e 42 00 00 00 00 3f c6",""
56,514,"PACKET","IN",207,41,"PlayerSync","id=207 bytes=41","cf 76 00 00 00 33 a0 a2 f0 e9 1e 09 91 42 1d 5e 90 80 00 00 00 00 71 23 40 00 03 8f 7f dc f0 c3 16 bf af fd fd 00 00 00 80",""
57,515,"RPC","IN",105,19,"TextDrawSetString","id=105 bytes=19 | TextDrawID=303 length=15 text=""09 Agustus 2026""","2f 01 0f 00 30 39 20 41 67 75 73 74 75 73 20 32 30 32 36",""
58,515,"RPC","IN",105,12,"TextDrawSetString","id=105 bytes=12 | TextDrawID=304 length=8 text=""12:27:11""","30 01 08 00 31 32 3a 32 37 3a 31 31",""
59,533,"PACKET","IN",207,35,"PlayerSync","id=207 bytes=35","cf 43 00 00 00 0a b5 62 f0 c0 68 49 91 71 de 1e 90 84 00 00 00 01 28 53 00 00 00 00 00 00 01 28 00 04 11",""
60,552,"PACKET","IN",207,35,"PlayerSync","id=207 bytes=35","cf 27 00 00 00 32 0b 23 30 f3 e2 09 91 73 1f 1e 90 84 00 00 00 03 bf 3e 80 00 00 00 00 00 01 a5 04 e8 80",""
61,578,"PACKET","IN",207,35,"PlayerSync","id=207 bytes=35","cf 54 00 00 00 38 c3 63 30 ca de 89 91 59 1e de 90 84 00 00 00 01 da 3e c0 00 00 00 00 00 01 28 00 04 11",""
62,598,"PACKET","IN",207,35,"PlayerSync","id=207 bytes=35","cf 1f 00 00 00 05 25 a8 30 e1 ff 09 91 7b 67 1f 10 84 00 00 00 03 0b 6f 00 00 00 00 00 00 01 28 00 04 11",""
63,598,"PACKET","IN",207,41,"PlayerSync","id=207 bytes=41","cf 76 00 00 00 0e df e2 f0 d5 de 49 91 77 9d 1e 90 80 00 00 00 00 71 23 40 00 02 e8 22 14 e8 c3 16 bf af fd fd 00 00 00 80",""
64,598,"PACKET","OUT",207,69,"PlayerSync","id=207 bytes=69","cf 00 00 00 00 00 00 04 8d a0 c3 f8 22 27 45 ed 9c 7c 42 35 df 41 3f 00 00 00 80 00 00 00 00 7d 2e 27 bf 64 00 04 00 00 00 00 00 00 00 00 00 00 00 00 00 00 00 00 00 00 00 00 00 00 00 00 00 00 00 a5 04 08 80",""
65,619,"PACKET","IN",207,35,"PlayerSync","id=207 bytes=35","cf 1b 00 00 00 26 4a e3 30 df 1b c9 91 70 9f 1e 90 84 00 00 00 00 c6 de c0 00 00 00 00 00 01 28 00 04 11",""
66,619,"PACKET","IN",207,35,"PlayerSync","id=207 bytes=35","cf 4f 00 00 00 23 be 26 b0 e1 f7 49 91 7b 67 1f 10 80 00 00 00 02 58 c5 c0 00 00 00 00 00 01 28 00 04 11",""
67,647,"PACKET","IN",207,35,"PlayerSync","id=207 bytes=35","cf 46 00 00 00 1b 70 e6 b0 e7 7f 49 91 7b 67 1f 10 84 00 00 00 00 f1 9b c0 00 00 00 00 00 01 28 00 04 11",""
68,647,"PACKET","IN",203,34,"AimSync","id=203 bytes=34","cb 46 00 04 34 26 6a bf 01 75 a1 3e ed 81 81 be e0 d6 98 c3 62 e8 26 45 8f a2 81 42 00 00 00 00 23 37",""
69,647,"PACKET","OUT",205,9,"UNKNOWN_PACKET","id=205 bytes=9","cd b8 4a 04 00 00 00 00 00",""
70,669,"PACKET","IN",207,35,"PlayerSync","id=207 bytes=35","cf 76 00 00 00 0e df e2 f0 d5 de 49 91 77 9d 1e 90 80 00 00 00 00 71 23 40 00 00 00 00 00 01 00 00 00 80",""
71,693,"PACKET","OUT",203,32,"AimSync","id=203 bytes=32","cb 00 00 00 39 05 00 00 00 00 00 00 00 00 00 00 00 40 01 00 00 00 80 3f 00 00 f3 04 b5 3f 39 05",""
72,695,"PACKET","IN",207,35,"PlayerSync","id=207 bytes=35","cf ae 00 00 00 15 54 e5 b0 e3 79 09 91 6c 24 9f 10 80 00 00 00 00 c6 db 00 00 00 00 00 00 01 28 00 04 11",""
73,697,"PACKET","IN",203,34,"AimSync","id=203 bytes=34","cb ae 00 04 73 2f c8 be 68 9c 66 3f 8f 54 41 be ce f8 95 c3 7b ca 26 45 6b 2b 80 42 00 00 00 00 3f 3a",""
74,697,"RPC","IN",122,2,"StopObject","id=122 bytes=2","38 00",""
75,697,"RPC","IN",99,42,"MoveObject","id=99 bytes=42","38 00 f8 e3 a1 c3 d7 9b 26 45 52 32 7c 42 f8 e3 a1 c3 d7 9b 26 45 53 c5 7d 42 00 00 80 3e 00 00 00 00 00 00 00 00 08 cc 84 43",""
76,698,"PACKET","IN",207,35,"PlayerSync","id=207 bytes=35","cf 7c 00 00 00 34 2e 22 70 cc 29 09 91 53 dd 1e 90 84 00 00 00 02 b8 32 40 00 00 00 00 00 01 28 00 04 11",""
77,716,"RPC","IN",86,27,"ApplyPlayerAnimation","id=86 bytes=27","55 00 07 42 44 5f 46 49 52 45 07 77 61 73 68 5f 75 70 33 33 83 40 80 00 00 00 00",""
78,735,"PACKET","IN",207,35,"PlayerSync","id=207 bytes=35","cf 92 00 00 00 19 24 63 70 da e4 c9 91 47 23 5e 90 80 00 00 00 03 07 35 c0 00 00 00 00 00 01 a5 04 04 80",""
79,763,"PACKET","IN",207,35,"PlayerSync","id=207 bytes=35","cf 02 00 00 00 21 de e2 b0 cc 69 09 91 7d 9a 1e 90 84 00 00 00 00 2c 23 80 00 00 00 00 00 01 a5 04 e8 80",""
80,763,"PACKET","IN",207,35,"PlayerSync","id=207 bytes=35","cf a6 00 00 00 32 2a 23 30 fa d3 c9 91 60 20 9e 90 84 00 00 00 00 88 0f c0 00 00 00 00 00 01 28 00 04 11",""
81,763,"PACKET","IN",203,34,"AimSync","id=203 bytes=34","cb a6 00 04 fe 34 c9 be 37 4d 46 3f 2e b4 fd be 93 2a 8c c3 d1 30 26 45 00 f1 80 42 00 00 00 00 3f 36",""
82,783,"PACKET","IN",207,35,"PlayerSync","id=207 bytes=35","cf 4b 00 00 00 14 e1 e6 30 c3 4a 49 51 5c 9d 9f 50 80 00 00 00 02 8f fe 00 00 00 00 00 00 01 a5 04 04 80",""
83,805,"PACKET","IN",207,35,"PlayerSync","id=207 bytes=35","cf 77 00 00 00 08 22 9a b0 84 f1 49 51 7a 03 60 10 84 00 00 00 03 ab fe 00 00 00 00 00 00 01 a5 04 04 80",""
84,805,"PACKET","IN",207,35,"PlayerSync","id=207 bytes=35","cf 55 00 00 00 0a e6 e8 30 db d3 c9 d1 7b 67 1f 10 84 00 00 00 00 13 15 80 00 00 00 00 00 01 28 00 04 11",""
85,831,"PACKET","IN",200,38,"VehicleSync","id=200 bytes=38","c8 2d 00 3d 00 00 00 00 00 00 00 38 e0 42 c0 9b 30 8b 48 ea cc 3c 74 12 74 5f ad f7 f4 20 00 00 00 0e 80 3f 00 00",""
86,832,"PACKET","IN",203,34,"AimSync","id=203 bytes=34","cb 2d 00 12 29 55 5d 3f 83 33 ee be 4f 70 42 be d0 c3 b2 c3 aa ac 27 45 5c 0f 8b 42 00 00 00 00 3f 28",""
87,832,"PACKET","IN",207,35,"PlayerSync","id=207 bytes=35","cf 60 00 00 00 26 94 e5 b0 f3 00 49 d1 6c 24 9f 10 80 00 00 00 02 2a 1d c0 00 00 00 00 00 01 28 00 04 11",""
88,832,"PACKET","OUT",207,69,"PlayerSync","id=207 bytes=69","cf 00 00 00 00 00 04 04 8d a0 c3 f8 22 27 45 ed 9c 7c 42 35 df 41 3f 00 00 00 80 00 00 00 00 7d 2e 27 bf 64 00 04 00 00 00 00 00 00 00 00 00 00 00 00 00 00 00 00 00 00 00 00 00 00 00 00 00 00 00 a5 04 08 80",""
89,854,"RPC","IN",87,2,"ClearPlayerAnimation","id=87 bytes=2","1f 00",""
90,854,"RPC","IN",86,29,"ApplyPlayerAnimation","id=86 bytes=29","1f 00 05 43 41 52 52 59 0b 63 72 72 79 5f 70 72 74 69 61 6c 33 33 83 40 00 00 00 00 00",""
91,882,"RPC","IN",134,80,"ShowTextDraw","id=134 bytes=80","f0 00 13 9a 99 19 3f 00 00 00 40 00 00 00 66 00 00 cc 42 00 00 a0 41 00 00 00 32 00 01 00 00 00 66 04 00 00 00 59 43 00 00 b8 43 00 00 00 00 00 00 00 00 00 00 00 00 00 00 00 00 80 3f ff ff ff ff 0d 00 6c 64 5f 64 75 61 6c 3a 77 68 69 74 65",""
92,882,"RPC","IN",134,80,"ShowTextDraw","id=134 bytes=80","2c 08 11 9a 99 19 3f 00 00 00 40 1a ff 00 aa 5c 8f 82 3f 00 00 a0 41 00 00 00 32 00 01 00 00 00 ff 04 00 00 00 59 43 00 00 b8 43 00 00 00 00 00 00 00 00 00 00 00 00 00 00 00 00 80 3f ff ff ff ff 0d 00 6c 64 5f 64 75 61 6c 3a 77 68 69 74 65",""
93,882,"RPC","IN",134,75,"ShowTextDraw","id=134 bytes=75","2d 08 18 56 99 59 3e 33 33 b3 3f ff ff ff e6 00 00 a0 44 00 00 a0 44 00 00 00 32 00 00 00 00 00 ff 01 00 00 00 86 43 00 c0 b9 43 00 00 00 00 00 00 00 00 00 00 00 00 00 00 00 00 80 3f ff ff ff ff 08 00 4d 45 4e 47 45 4d 41 53",""
94,882,"RPC","IN",86,27,"ApplyPlayerAnimation","id=86 bytes=27","80 00 07 42 44 5f 46 49 52 45 07 77 61 73 68 5f 75 70 33 33 83 40 80 00 00 00 00",""
95,883,"RPC","IN",135,2,"HideTextDraw","id=135 bytes=2","4d 00",""
96,883,"RPC","IN",135,2,"HideTextDraw","id=135 bytes=2","4e 00",""
97,883,"RPC","IN",135,2,"HideTextDraw","id=135 bytes=2","4f 00",""
98,883,"RPC","IN",135,2,"HideTextDraw","id=135 bytes=2","2b 08",""
99,883,"PACKET","IN",207,49,"PlayerSync","id=207 bytes=49","cf 30 00 00 00 05 42 e6 f0 f1 d7 49 d1 7b 67 1f 10 84 00 00 00 02 42 33 00 00 00 00 00 00 03 ff fe 00 00 00 00 00 00 00 00 00 00 00 01 28 00 04 11",""
100,883,"PACKET","IN",207,35,"PlayerSync","id=207 bytes=35","cf 57 00 00 00 02 e3 63 70 d2 da c9 91 7b a3 1e 90 80 00 00 00 01 ce b5 80 00 00 00 00 00 01 28 00 04 11",""
101,908,"PACKET","IN",207,35,"PlayerSync","id=207 bytes=35","cf 1f 00 00 00 05 25 a8 30 e1 ff 09 91 7b 67 1f 10 84 00 00 00 03 0b 6f 00 00 00 00 00 00 01 a5 04 e8 80",""
102,909,"PACKET","OUT",207,69,"PlayerSync","id=207 bytes=69","cf 00 00 00 00 00 04 04 8d a0 c3 f8 22 27 45 ed 9c 7c 42 35 df 41 3f 00 00 00 80 00 00 00 00 7d 2e 27 bf 64 00 04 00 00 00 00 00 00 00 00 00 00 00 00 00 00 00 00 00 00 00 00 00 00 00 00 00 00 00 28 00 04 11",""
103,930,"PACKET","IN",207,35,"PlayerSync","id=207 bytes=35","cf 83 00 00 00 08 58 a5 b0 cc 06 09 d1 6c 24 9f 10 80 00 00 00 02 4a 06 40 00 00 00 00 00 01 28 00 04 11",""
104,952,"RPC","IN",24,18,"SetVehicleParamsEx","id=24 bytes=18","3d 00 00 00 ff 00 ff 00 ff ff ff ff ff ff ff ff ff ff",""
105,978,"PACKET","IN",207,35,"PlayerSync","id=207 bytes=35","cf 63 00 00 00 32 ca a3 30 d3 66 89 91 6c 9f 1e 90 84 00 00 00 00 aa c4 40 00 00 00 00 00 01 28 00 04 11",""
106,978,"RPC","IN",105,7,"TextDrawSetString","id=105 bytes=7 | TextDrawID=2086 length=3 text=""100""","26 08 03 00 31 30 30",""
107,978,"RPC","IN",105,5,"TextDrawSetString","id=105 bytes=5 | TextDrawID=2087 length=1 text=""0""","27 08 01 00 30",""
108,978,"RPC","IN",105,6,"TextDrawSetString","id=105 bytes=6 | TextDrawID=2088 length=2 text=""46""","28 08 02 00 34 36",""
109,978,"RPC","IN",105,5,"TextDrawSetString","id=105 bytes=5 | TextDrawID=2089 length=1 text=""2""","29 08 01 00 32",""
110,978,"RPC","IN",105,7,"TextDrawSetString","id=105 bytes=7 | TextDrawID=2090 length=3 text=""100""","2a 08 03 00 31 30 30",""
111,998,"PACKET","IN",207,35,"PlayerSync","id=207 bytes=35","cf 7e 00 00 00 06 2c 66 b0 e3 c4 49 d1 7b 67 1f 10 84 00 00 00 01 0e 83 94 00 00 00 00 00 01 28 00 04 11",""
112,998,"PACKET","OUT",207,69,"PlayerSync","id=207 bytes=69","cf 00 00 00 00 00 00 04 8d a0 c3 f8 22 27 45 ed 9c 7c 42 35 df 41 3f 00 00 00 80 00 00 00 00 7d 2e 27 bf 64 00 04 00 00 00 00 00 00 00 00 00 00 00 00 00 00 00 00 00 00 00 00 00 00 00 00 00 00 00 28 00 04 11",""
113,1024,"PACKET","IN",207,49,"PlayerSync","id=207 bytes=49","cf 5d 00 00 00 2f c2 a6 f0 db c5 09 d1 7b 67 1f 10 84 00 00 00 00 1b 0f e0 00 00 00 00 00 03 ff fe 00 00 00 00 00 00 00 00 00 00 00 01 00 00 00 80",""
114,1024,"PACKET","IN",207,35,"PlayerSync","id=207 bytes=35","cf b2 00 00 00 01 e5 62 f0 f2 25 c9 91 76 5d 5e 90 84 00 00 00 00 94 12 80 00 00 00 00 00 01 28 00 04 11",""
115,1048,"PACKET","IN",207,49,"PlayerSync","id=207 bytes=49","cf ab 00 00 00 0a da a5 b0 d8 cd 09 d1 6c 24 9f 10 80 00 00 00 03 ef 77 c0 00 00 00 00 00 03 ff fe 00 00 00 00 00 00 00 00 00 00 00 01 28 00 04 11",""
116,1049,"PACKET","IN",203,34,"AimSync","id=203 bytes=34","cb ab 00 04 1f 96 4b 3f 18 c9 bc be 1d 67 f6 be 00 3f 97 c3 b9 40 27 45 be 7f 81 42 00 00 00 00 3f ff",""
117,1049,"RPC","IN",16,16,"PlaySound","id=16 bytes=16","42 51 00 00 00 00 00 00 00 00 00 00 00 00 00 00",""
118,1049,"RPC","IN",134,80,"ShowTextDraw","id=134 bytes=80","2c 08 11 9a 99 19 3f 00 00 00 40 1a ff 00 aa 33 33 23 42 00 00 a0 41 00 00 00 32 00 01 00 00 00 ff 04 00 00 00 59 43 00 00 b8 43 00 00 00 00 00 00 00 00 00 00 00 00 00 00 00 00 80 3f ff ff ff ff 0d 00 6c 64 5f 64 75 61 6c 3a 77 68 69 74 65",""
119,1049,"PACKET","IN",207,35,"PlayerSync","id=207 bytes=35","cf 85 00 00 00 27 4d 62 f0 cc e9 09 91 55 da de 90 84 00 00 00 00 1e 8d 80 00 00 00 00 00 01 28 00 04 11",""
120,1072,"RPC","IN",87,2,"ClearPlayerAnimation","id=87 bytes=2","63 00",""
121,1072,"RPC","IN",86,29,"ApplyPlayerAnimation","id=86 bytes=29","63 00 05 43 41 52 52 59 0b 63 72 72 79 5f 70 72 74 69 61 6c 33 33 83 40 00 00 00 00 00",""
122,1072,"PACKET","IN",207,35,"PlayerSync","id=207 bytes=35","cf 54 00 00 00 38 c3 63 30 ca de 89 91 59 1e de 90 84 00 00 00 01 da 3e c0 00 00 00 00 00 01 28 00 04 11",""
123,1099,"PACKET","IN",207,39,"PlayerSync","id=207 bytes=39","cf 76 00 83 80 7f bf c0 00 0e df e2 f0 d5 de 49 91 77 9d 1e 90 80 00 00 00 01 21 57 40 00 00 00 00 00 01 00 00 00 80",""
124,1100,"PACKET","IN",207,35,"PlayerSync","id=207 bytes=35","cf 27 00 00 00 32 0b 23 30 f3 e2 09 91 73 1f 1e 90 84 00 00 00 03 bf 3e 80 00 00 00 00 00 01 28 00 04 11",""
125,1100,"PACKET","IN",207,45,"PlayerSync","id=207 bytes=45","cf 76 00 8a 00 7e ff c0 00 26 df a2 f0 dc 1e 49 91 75 9d 1e 90 80 00 00 00 00 d9 8b 40 00 01 66 64 64 f1 a3 42 57 8f fd fd 00 00 00 80",""
126,1122,"RPC","IN",86,27,"ApplyPlayerAnimation","id=86 bytes=27","02 00 07 42 44 5f 46 49 52 45 07 77 61 73 68 5f 75 70 33 33 83 40 80 00 00 00 00",""
127,1122,"PACKET","IN",207,35,"PlayerSync","id=207 bytes=35","cf 1b 00 00 00 26 4a e3 30 df 1b c9 91 70 9f 1e 90 84 00 00 00 00 c6 de c0 00 00 00 00 00 01 28 00 04 11",""
128,1123,"PACKET","IN",207,35,"PlayerSync","id=207 bytes=35","cf 43 00 00 00 0a b5 62 f0 c0 68 49 91 71 de 1e 90 84 00 00 00 01 28 53 00 00 00 00 00 00 01 28 00 04 11",""
129,1123,"PACKET","IN",207,45,"PlayerSync","id=207 bytes=45","cf 76 00 91 80 7e 3f c0 00 39 df 62 f0 e1 9e 49 91 73 9d 1e 90 80 00 00 00 03 55 bb 40 00 01 16 64 64 f2 cb 69 43 6b fd fd 00 00 00 80",""
130,1123,"PACKET","IN",207,45,"PlayerSync","id=207 bytes=45","cf 76 00 96 80 7c ff c0 00 3c 1f 22 f0 e7 de 49 91 70 9d 1e 90 80 00 00 00 00 91 ef 40 00 00 b9 48 fc f3 9f 8c 0b 43 fd fd 00 00 00 80",""
131,1166,"PACKET","IN",207,35,"PlayerSync","id=207 bytes=35","cf 4f 00 00 00 23 be 26 b0 e1 f7 49 91 7b 67 1f 10 80 00 00 00 02 58 c5 c0 00 00 00 00 00 01 28 00 04 11",""
132,1166,"PACKET","IN",207,45,"PlayerSync","id=207 bytes=45","cf 76 00 9c 00 7b 7f c0 00 1e 1e a2 f0 f2 de 49 91 69 9d 1e 90 80 00 00 00 02 ba 2b 40 00 03 6b 51 dc f0 ef ca f2 e7 fd fd 00 00 00 80",""
133,1187,"PACKET","IN",207,35,"PlayerSync","id=207 bytes=35","cf 5e 00 00 00 38 a6 68 30 cb 04 89 d1 7b 67 1f 10 80 00 00 00 03 cb ff 40 00 00 00 00 00 01 28 00 04 11",""
134,1188,"PACKET","IN",203,34,"AimSync","id=203 bytes=34","cb 5e 00 04 07 4e 76 3f bf 93 89 be 99 03 3c bd 87 6f a2 c3 91 22 27 45 94 b6 7f 42 00 00 00 00 3f 3a",""
135,1188,"PACKET","IN",207,45,"PlayerSync","id=207 bytes=45","cf 76 00 9f 80 7a 3f c0 00 00 1e 62 f0 f8 1e 49 91 65 1d 1e 90 80 00 00 00 03 ce 3b 40 00 02 e2 61 e4 f2 43 d3 7a d3 fd fd 00 00 00 80",""
136,1214,"PACKET","IN",207,35,"PlayerSync","id=207 bytes=35","cf 46 00 00 00 1b 70 e6 b0 e7 7f 49 91 7b 67 1f 10 84 00 00 00 00 f1 9b c0 00 00 00 00 00 01 28 00 04 11",""
137,1215,"PACKET","IN",207,45,"PlayerSync","id=207 bytes=45","cf 76 00 a3 80 78 bf c0 00 3e 9d a2 f0 fe 9e 49 91 5f 5d 1e 90 80 00 00 00 03 26 4b 40 00 02 18 e6 a8 f2 57 d8 ae c3 fd fd 00 00 00 80",""
138,1215,"RPC","IN",87,2,"ClearPlayerAnimation","id=87 bytes=2","4f 00",""
139,1215,"RPC","IN",86,29,"ApplyPlayerAnimation","id=86 bytes=29","4f 00 05 43 41 52 52 59 0b 63 72 72 79 5f 70 72 74 69 61 6c 33 33 83 40 00 00 00 00 00",""
140,1215,"PACKET","IN",207,35,"PlayerSync","id=207 bytes=35","cf 02 00 00 00 21 de e2 b0 cc 69 09 91 7d 9a 1e 90 84 00 00 00 00 2c 23 80 00 00 00 00 00 01 28 00 04 11",""
141,1215,"PACKET","IN",207,45,"PlayerSync","id=207 bytes=45","cf 76 00 a8 00 76 ff c0 00 38 5d 22 f0 c4 9e 89 91 59 1d 1e 90 80 00 00 00 02 f6 57 40 00 00 a7 32 b0 f1 07 e3 52 af fd fd 00 00 00 80",""
142,1219,"PACKET","OUT",203,32,"AimSync","id=203 bytes=32","cb 00 00 00 39 05 00 00 00 00 00 00 00 00 00 00 00 40 01 00 00 00 80 3f 00 00 f3 04 b5 3f 39 05",""
143,1238,"PACKET","IN",207,45,"PlayerSync","id=207 bytes=45","cf 76 00 ab 00 75 3f c0 00 08 dc e2 f0 c9 5e 89 91 54 1d 1e 90 80 00 00 00 00 26 5f 40 00 02 2e c2 34 f1 cb e5 a6 a3 fd fd 00 00 00 80",""
144,1258,"RPC","IN",137,13,"ServerJoin","id=137 bytes=13","66 00 00 00 00 00 00 05 45 61 7a 69 69",""
145,1258,"RPC","IN",72,6,"SetPlayerColor","id=72 bytes=6","66 00 ff 83 7f 7f",""
146,1258,"PACKET","IN",207,45,"PlayerSync","id=207 bytes=45","cf 76 00 ad 00 73 7f c0 00 19 5c 62 f0 cd de 89 91 4f 1d 1e 90 80 00 00 00 00 d2 5f 40 00 02 ac ca 2c f3 cb e7 8a 9b fd fd 00 00 00 80",""
147,1259,"PACKET","IN",207,35,"PlayerSync","id=207 bytes=35","cf ae 00 00 00 15 54 e5 b0 e3 79 09 91 6c 24 9f 10 80 00 00 00 00 c6 db 00 00 00 00 00 00 01 28 00 04 11",""
148,1259,"PACKET","IN",207,45,"PlayerSync","id=207 bytes=45","cf 76 00 ae 00 72 7f c0 00 0b 1c 22 f0 d0 de 89 91 4b 5d 1e 90 80 00 00 00 02 ba 63 40 00 01 88 81 18 f0 0b ea be 9b fd fd 00 00 00 80",""
149,1281,"PACKET","IN",207,35,"PlayerSync","id=207 bytes=35","cf 4b 00 00 00 14 e1 e6 30 c3 4a 49 51 5c 9d 9f 50 80 00 00 00 02 8f fe 00 00 00 00 00 00 01 a5 04 04 80",""
150,1281,"PACKET","IN",207,45,"PlayerSync","id=207 bytes=45","cf 76 00 ad 00 70 7f c0 00 3e 9b a2 f0 d3 de 89 91 47 dd 1e 90 80 00 00 00 02 2a 53 40 00 00 ff fc fc f2 33 eb be 93 fd fd 00 00 00 80",""
151,1281,"PACKET","IN",207,35,"PlayerSync","id=207 bytes=35","cf 92 00 00 00 19 24 63 70 da e4 c9 91 47 23 5e 90 80 00 00 00 03 07 35 c0 00 00 00 00 00 01 a5 04 04 80",""
152,1281,"PACKET","IN",207,35,"PlayerSync","id=207 bytes=35","cf a6 00 00 00 32 2a 23 30 fa d3 c9 91 60 20 9e 90 84 00 00 00 00 88 0f c0 00 00 00 00 00 01 28 00 04 11",""
153,1282,"RPC","IN",87,2,"ClearPlayerAnimation","id=87 bytes=2","60 00",""
154,1282,"RPC","IN",86,29,"ApplyPlayerAnimation","id=86 bytes=29","60 00 05 43 41 52 52 59 0b 63 72 72 79 5f 70 72 74 69 61 6c 33 33 83 40 00 00 00 00 00",""
155,1305,"PACKET","IN",207,45,"PlayerSync","id=207 bytes=45","cf 76 00 ad 00 6f bf c0 00 29 5b 62 f0 d7 9e 89 91 44 1d 1e 90 80 00 00 00 00 4a 57 40 00 02 8a 25 68 f3 e7 e3 3a a7 fd fd 00 00 00 80",""
156,1328,"PACKET","IN",207,35,"PlayerSync","id=207 bytes=35","cf 4f 00 00 00 23 be 26 b0 e1 f7 49 91 7b 67 1f 10 80 00 00 00 02 58 c5 c0 00 00 00 00 00 01 a5 04 e8 80",""
157,1328,"PACKET","IN",207,45,"PlayerSync","id=207 bytes=45","cf 76 00 ab 80 6d bf c0 00 3a da a2 f0 df 5e 89 91 7c 1c de 90 80 00 00 00 02 a6 47 40 00 03 1d 95 94 f0 d7 e3 d6 af fd fd 00 00 00 80",""
158,1347,"PACKET","IN",207,35,"PlayerSync","id=207 bytes=35","cf 55 00 00 00 0a e6 e8 30 db d3 c9 d1 7b 67 1f 10 84 00 00 00 00 13 15 80 00 00 00 00 00 01 28 00 04 11",""
159,1348,"PACKET","IN",207,45,"PlayerSync","id=207 bytes=45","cf 76 00 a9 00 6c 3f c0 00 22 1a 62 f0 e3 9e 89 91 78 1c de 90 80 00 00 00 03 a6 2f 40 00 02 39 95 98 f3 1f dc 76 b7 fd fd 00 00 00 80",""
160,1368,"RPC","IN",87,2,"ClearPlayerAnimation","id=87 bytes=2","ae 00",""
161,1368,"RPC","IN",86,29,"ApplyPlayerAnimation","id=86 bytes=29","ae 00 05 43 41 52 52 59 0b 63 72 72 79 5f 70 72 74 69 61 6c 33 33 83 40 00 00 00 00 00",""
162,1369,"PACKET","IN",207,35,"PlayerSync","id=207 bytes=35","cf 60 00 00 00 26 94 e5 b0 f3 00 49 d1 6c 24 9f 10 80 00 00 00 02 2a 1d c0 00 00 00 00 00 01 fb 04 e8 80",""
163,1369,"PACKET","IN",207,45,"PlayerSync","id=207 bytes=45","cf 76 00 a6 00 6a 7f c0 00 05 1a 22 f0 e8 9e 89 91 73 9c de 90 80 00 00 00 02 5e 13 40 00 01 9c 91 dc f0 ab d6 1e cf fd fd 00 00 00 80",""
164,1395,"PACKET","IN",207,45,"PlayerSync","id=207 bytes=45","cf 76 00 a3 00 68 7f c0 00 2a 19 a2 f0 ee 9e 89 91 6f 9c de 90 80 00 00 00 02 4d f3 40 00 03 26 61 e4 f1 af c5 4a ef fd fd 00 00 00 80",""
165,1395,"PACKET","IN",207,45,"PlayerSync","id=207 bytes=45","cf 76 00 a1 00 67 3f c0 00 3b 59 22 f0 f7 1e 89 91 6a 9c de 90 80 00 00 00 03 35 df 40 00 03 0d 2e 74 f3 53 b1 7f 0f fd fd 00 00 00 80",""
166,1395,"PACKET","IN",203,34,"AimSync","id=203 bytes=34","cb 76 00 04 95 a2 c1 3e 76 c6 65 3f 11 0f 68 be 1e e7 8b c3 5d 54 26 45 f7 46 7f 42 00 00 00 00 3f ff",""
167,1415,"PACKET","IN",207,45,"PlayerSync","id=207 bytes=45","cf 76 00 9f 80 65 ff c0 00 0c 58 e2 f0 c0 9e c9 91 65 5c de 90 80 00 00 00 03 61 cf 40 00 02 f0 ca 8c f3 7b a7 bb 1f fd fd 00 00 00 80",""
168,1437,"PACKET","IN",207,35,"PlayerSync","id=207 bytes=35","cf 63 00 00 00 32 ca a3 30 d3 66 89 91 6c 9f 1e 90 84 00 00 00 00 aa c4 40 00 00 00 00 00 01 a5 04 e8 80",""
169,1437,"PACKET","IN",207,35,"PlayerSync","id=207 bytes=35","cf 88 00 00 00 16 0b 26 30 fa cb 09 51 6e 63 1f 50 84 00 00 00 02 27 12 80 00 00 00 00 00 01 a5 04 04 80",""
170,1437,"PACKET","IN",203,34,"AimSync","id=203 bytes=34","cb 88 00 04 46 ad 68 3f e8 5e 14 be 50 37 c8 be 57 bb 99 c3 dd 34 25 45 31 a8 82 42 00 00 00 00 3f 36",""
171,1437,"PACKET","IN",207,35,"PlayerSync","id=207 bytes=35","cf ae 00 00 00 15 54 e5 b0 e3 79 09 91 6c 24 9f 10 80 00 00 00 00 c6 db 00 00 00 00 00 00 01 a5 04 e8 80",""
172,1438,"PACKET","IN",207,35,"PlayerSync","id=207 bytes=35","cf 57 00 00 00 02 e3 63 70 d2 da c9 91 7b a3 1e 90 80 00 00 00 01 ce b5 80 00 00 00 00 00 01 28 00 04 11",""
173,1438,"PACKET","IN",207,45,"PlayerSync","id=207 bytes=45","cf 76 00 9e 00 64 bf c0 00 25 98 62 f0 ca 1e c9 91 60 9c de 90 80 00 00 00 03 d5 bf 40 00 03 31 16 6c f1 37 9e 4b 2f fd fd 00 00 00 80",""
174,1461,"PACKET","IN",207,49,"PlayerSync","id=207 bytes=49","cf 30 00 00 00 05 42 e6 f0 f1 d7 49 d1 7b 67 1f 10 84 00 00 00 02 42 33 00 00 00 00 00 00 03 ff fe 00 00 00 00 00 00 00 00 00 00 00 01 28 00 04 11",""
175,1462,"PACKET","IN",207,45,"PlayerSync","id=207 bytes=45","cf 76 00 9c 80 63 bf c0 00 02 98 22 f0 d3 de c9 91 5c 1c de 90 80 00 00 00 02 45 b3 40 00 00 9a 66 64 f2 bb 90 23 3f fd fd 00 00 00 80",""
176,1462,"PACKET","IN",207,35,"PlayerSync","id=207 bytes=35","cf 1f 00 00 00 05 25 a8 30 e1 ff 09 91 7b 67 1f 10 84 00 00 00 03 0b 6f 00 00 00 00 00 00 01 a5 04 e8 80",""
177,1462,"PACKET","IN",207,45,"PlayerSync","id=207 bytes=45","cf 76 00 9b 00 63 7f c0 00 1a 57 a2 f0 de 9e c9 91 57 5c de 90 80 00 00 00 01 71 ab 40 00 00 20 26 94 f1 47 8b cf 47 fd fd 00 00 00 80",""
178,1462,"RPC","IN",87,2,"ClearPlayerAnimation","id=87 bytes=2","92 00",""
179,1462,"RPC","IN",86,29,"ApplyPlayerAnimation","id=86 bytes=29","92 00 05 43 41 52 52 59 0b 63 72 72 79 5f 70 72 74 69 61 6c 33 33 83 40 00 00 00 00 00",""
180,1481,"PACKET","IN",207,45,"PlayerSync","id=207 bytes=45","cf 76 00 9a 00 63 3f c0 00 32 17 22 f0 e9 de c9 91 52 9c de 90 80 00 00 00 03 9d a3 40 00 02 13 fe 9c f2 fb 83 3b 4f fd fd 00 00 00 80",""
181,1501,"PACKET","IN",207,35,"PlayerSync","id=207 bytes=35","cf 83 00 00 00 08 58 a5 b0 cc 06 09 d1 6c 24 9f 10 80 00 00 00 02 4a 06 40 00 00 00 00 00 01 28 00 04 11",""
182,1502,"PACKET","IN",203,34,"AimSync","id=203 bytes=34","cb 83 00 04 a2 85 73 3f 14 8b 9d 3e b1 86 a9 bc 89 89 97 c3 3f 0c 27 45 8b 2c 7f 42 00 00 00 00 3f c6",""
183,1532,"PACKET","IN",207,35,"PlayerSync","id=207 bytes=35","cf 0b 00 00 00 26 e3 e3 70 fb 2c c9 91 58 1f 9e 90 80 00 00 00 02 ce f7 c0 00 00 00 00 00 01 28 00 04 11",""
184,1532,"PACKET","IN",203,34,"AimSync","id=203 bytes=34","cb 0b 00 04 6d e2 f8 3e 51 3c 5f 3f b0 25 6b bd 09 3b 8e c3 7c 8d 26 45 c2 86 7d 42 00 00 00 00 3f 36",""
185,1533,"PACKET","IN",207,45,"PlayerSync","id=207 bytes=45","cf 76 00 97 00 62 7f c0 00 2f 56 62 f0 ff de c9 91 49 9c de 90 80 00 00 00 03 09 8f 40 00 00 21 9a 78 f3 cf 77 b7 5b fd fd 00 00 00 80",""
186,1533,"PACKET","IN",207,35,"PlayerSync","id=207 bytes=35","cf b2 00 00 00 01 e5 62 f0 f2 25 c9 91 76 5d 5e 90 84 00 00 00 00 94 12 80 00 00 00 00 00 01 28 00 04 11",""
187,1554,"RPC","IN",86,27,"ApplyPlayerAnimation","id=86 bytes=27","ae 00 07 42 44 5f 46 49 52 45 07 77 61 73 68 5f 75 70 33 33 83 40 80 00 00 00 00",""
188,1555,"PACKET","IN",207,45,"PlayerSync","id=207 bytes=45","cf 76 00 95 80 62 3f c0 00 2d d5 e2 f0 cf 9f 09 91 43 9c de 90 80 00 00 00 01 1d 87 40 00 00 43 b3 68 f3 7f 6c 7b 67 fd fd 00 00 00 80",""
189,1555,"PACKET","IN",207,35,"PlayerSync","id=207 bytes=35","cf ae 00 00 01 15 54 e5 b0 e3 79 09 91 6c 24 9f 10 80 00 00 00 00 c6 db 00 00 00 00 00 00 01 a5 04 e8 80",""
190,1555,"PACKET","IN",207,45,"PlayerSync","id=207 bytes=45","cf 76 00 92 80 61 bf c0 00 09 94 e2 f0 f5 5f 09 91 76 1c 9e 90 80 00 00 00 00 b5 73 40 00 03 6a 00 1c f4 13 63 b7 73 fd fd 00 00 00 80",""
191,1555,"PACKET","IN",207,35,"PlayerSync","id=207 bytes=35","cf ae 00 00 00 15 54 e5 b0 e3 79 09 91 6c 24 9f 10 80 00 00 00 00 c6 db 00 00 00 00 00 00 01 a5 04 e8 80",""
192,1555,"RPC","IN",105,19,"TextDrawSetString","id=105 bytes=19 | TextDrawID=303 length=15 text=""09 Agustus 2026""","2f 01 0f 00 30 39 20 41 67 75 73 74 75 73 20 32 30 32 36",""
193,1555,"RPC","IN",105,12,"TextDrawSetString","id=105 bytes=12 | TextDrawID=304 length=8 text=""12:27:12""","30 01 08 00 31 32 3a 32 37 3a 31 32",""
194,1581,"PACKET","IN",207,45,"PlayerSync","id=207 bytes=45","cf 76 00 90 80 61 7f c0 00 2d 54 22 f0 ca df 49 91 6f 1c 9e 90 80 00 00 00 02 b1 63 40 00 01 92 64 34 f7 fb 57 37 7b fd fd 00 00 00 80",""
195,1582,"PACKET","IN",207,35,"PlayerSync","id=207 bytes=35","cf 7e 00 00 00 06 2c 66 b0 e3 c4 49 d1 7b 67 1f 10 84 00 00 00 01 0e 83 94 00 00 00 00 00 01 28 00 04 11",""
196,1582,"PACKET","IN",207,35,"PlayerSync","id=207 bytes=35","cf 85 00 00 00 27 4d 62 f0 cc e9 09 91 55 da de 90 84 00 00 00 00 1e 8d 80 00 00 00 00 00 01 28 00 04 11",""
197,1582,"PACKET","IN",203,34,"AimSync","id=203 bytes=34","cb 85 00 04 93 be 3d 3e 96 84 77 3f 00 cf 33 be 47 62 8b c3 11 87 26 45 5a 24 7e 42 00 00 00 00 3f c6",""
198,1583,"PACKET","OUT",207,69,"PlayerSync","id=207 bytes=69","cf 00 00 00 00 00 00 04 8d a0 c3 f8 22 27 45 ed 9c 7c 42 35 df 41 3f 00 00 00 80 00 00 00 00 7d 2e 27 bf 64 00 04 00 00 00 00 00 00 00 00 00 00 00 00 00 00 00 00 00 00 00 00 00 00 00 00 00 00 00 28 00 04 11",""
199,1606,"PACKET","IN",207,35,"PlayerSync","id=207 bytes=35","cf 54 00 00 00 38 c3 63 30 ca de 89 91 59 1e de 90 84 00 00 00 01 da 3e c0 00 00 00 00 00 01 28 00 04 11",""
200,1607,"PACKET","IN",207,49,"PlayerSync","id=207 bytes=49","cf 5d 00 00 00 2f c2 a6 f0 db c5 09 d1 7b 67 1f 10 84 00 00 00 00 1b 0f e0 00 00 00 00 00 03 ff fe 00 00 00 00 00 00 00 00 00 00 00 01 00 00 00 80",""
201,1607,"PACKET","IN",207,45,"PlayerSync","id=207 bytes=45","cf 76 00 8f 00 61 3f c0 00 12 93 a2 f0 e1 5f 49 91 68 1c 9e 90 80 00 00 00 00 31 5b 40 00 01 5b a4 40 f4 bb 4d 1f 87 fd fd 00 00 00 80",""
202,1607,"PACKET","IN",207,45,"PlayerSync","id=207 bytes=45","cf 76 00 8e 80 61 3f c0 00 3a 12 e2 f0 f8 9f 49 91 61 1c 9e 90 80 00 00 00 01 dd 57 40 00 00 a9 98 48 f4 2b 44 4b 8f fd fd 00 00 00 80",""
203,1607,"PACKET","IN",207,35,"PlayerSync","id=207 bytes=35","cf 77 00 00 00 08 22 9a b0 84 f1 49 51 7a 03 60 10 84 00 00 00 03 ab fe 00 00 00 00 00 00 01 a5 04 04 80",""
204,1631,"PACKET","IN",207,45,"PlayerSync","id=207 bytes=45","cf 76 00 8d 00 60 ff c0 00 1e 51 e2 f0 e4 5f 89 91 54 1c 9e 90 80 00 00 00 03 39 4b 40 00 02 f9 ea 24 f6 3f 41 db 8f fd fd 00 00 00 80",""
205,1631,"PACKET","IN",207,35,"PlayerSync","id=207 bytes=35","cf ae 00 00 00 15 54 e5 b0 e3 79 09 91 6c 24 9f 10 80 00 00 00 00 c6 db 00 00 00 00 00 00 01 28 00 04 11",""
206,1654,"PACKET","IN",207,35,"PlayerSync","id=207 bytes=35","cf 1b 00 00 00 26 4a e3 30 df 1b c9 91 70 9f 1e 90 84 00 00 00 00 c6 de c0 00 00 00 00 00 01 28 00 04 11",""
207,1655,"PACKET","OUT",205,9,"UNKNOWN_PACKET","id=205 bytes=9","cd b8 4a 04 00 00 00 00 00",""
208,1675,"RPC","IN",72,6,"SetPlayerColor","id=72 bytes=6","37 00 ff ff ff ff",""
209,1675,"RPC","IN",72,6,"SetPlayerColor","id=72 bytes=6","37 00 ff ff ff ff",""
210,1675,"RPC","IN",11,17,"SetPlayerName","id=11 bytes=17","37 00 0d 57 69 6c 69 61 6d 5f 42 65 6b 6b 65 72 01",""
211,1675,"PACKET","IN",207,45,"PlayerSync","id=207 bytes=45","cf 76 00 8b 00 60 bf c0 00 07 90 a2 f0 dc df c9 91 44 5c 9e 90 80 00 00 00 02 31 3f 40 00 00 b5 98 18 f5 17 33 2b 9b fd fd 00 00 00 80",""
212,1675,"PACKET","IN",207,35,"PlayerSync","id=207 bytes=35","cf 27 00 00 00 32 0b 23 30 f3 e2 09 91 73 1f 1e 90 84 00 00 00 03 bf 3e 80 00 00 00 00 00 01 28 00 04 11",""
213,1676,"PACKET","IN",207,35,"PlayerSync","id=207 bytes=35","cf 43 00 00 00 0a b5 62 f0 c0 68 49 91 71 de 1e 90 84 00 00 00 01 28 53 00 00 00 00 00 00 01 28 00 04 11",""
214,1736,"PACKET","IN",207,35,"PlayerSync","id=207 bytes=35","cf 7c 00 00 00 34 2e 22 70 cc 29 09 91 53 dd 1e 90 84 00 00 00 02 b8 32 40 00 00 00 00 00 01 28 00 04 11",""
215,1737,"PACKET","IN",203,34,"AimSync","id=203 bytes=34","cb 7c 00 04 5b f9 66 bf bf d9 c6 be 6a e6 3f be fd 86 89 c3 de a6 26 45 77 2d 7d 42 00 00 00 00 3f 20",""
216,1743,"PACKET","OUT",203,32,"AimSync","id=203 bytes=32","cb 00 00 00 39 05 00 00 00 00 00 00 00 00 00 00 00 40 01 00 00 00 80 3f 00 00 f3 04 b5 3f 39 05",""
217,1759,"PACKET","IN",207,35,"PlayerSync","id=207 bytes=35","cf 02 00 00 00 21 de e2 b0 cc 69 09 91 7d 9a 1e 90 84 00 00 00 00 2c 23 80 00 00 00 00 00 01 28 00 04 11",""
218,1759,"PACKET","IN",207,45,"PlayerSync","id=207 bytes=45","cf 76 00 8b 00 60 bf c0 00 03 8d 22 f0 f5 20 49 91 5b 1c 5e 90 80 00 00 00 00 45 47 40 00 01 8f 33 f0 f2 ab 31 fb 9b fd fd 00 00 00 80",""
219,1793,"PACKET","IN",207,35,"PlayerSync","id=207 bytes=35","cf 46 00 00 00 1b 70 e6 b0 e7 7f 49 91 7b 67 1f 10 84 00 00 00 00 f1 9b c0 00 00 00 00 00 01 28 00 04 11",""
220,1793,"PACKET","IN",207,35,"PlayerSync","id=207 bytes=35","cf a6 00 00 00 32 2a 23 30 fa d3 c9 91 60 20 9e 90 84 00 00 00 00 88 0f c0 00 00 00 00 00 01 28 00 04 11",""
221,1815,"PACKET","IN",207,35,"PlayerSync","id=207 bytes=35","cf 92 00 00 00 19 24 63 70 da e4 c9 91 47 23 5e 90 80 00 00 00 03 07 35 c0 00 00 00 00 00 01 a5 04 04 80",""
222,1816,"RPC","IN",24,18,"SetVehicleParamsEx","id=24 bytes=18","3d 00 01 00 ff 00 ff 00 ff ff ff ff ff ff ff ff ff ff",""
223,1816,"PACKET","IN",207,45,"PlayerSync","id=207 bytes=45","cf 76 00 8b 00 60 bf c0 00 24 49 a2 f0 c3 a1 09 91 73 9c 1e 90 80 00 00 00 01 3d 4b 40 00 02 09 89 60 f7 03 36 b3 97 fd fd 00 00 00 80",""
224,1816,"PACKET","IN",207,35,"PlayerSync","id=207 bytes=35","cf 77 00 00 00 08 22 9a b0 84 f1 49 51 7a 03 60 10 84 00 00 00 03 ab fe 00 00 00 00 00 00 01 a5 04 04 80",""
225,1837,"PACKET","IN",200,38,"VehicleSync","id=200 bytes=38","c8 2d 00 3d 00 00 00 00 00 00 00 38 e0 42 c0 9b 30 8b 48 ea cc 3c 74 12 74 5f ad f7 f4 20 00 00 00 0e 80 3f 00 00",""
226,1837,"PACKET","IN",203,34,"AimSync","id=203 bytes=34","cb 2d 00 12 ac 5a 21 3f 93 90 00 3f a1 90 17 bf 2f 15 b1 c3 65 ce 26 45 29 9c 96 42 00 00 00 00 3f 28",""
227,1862,"PACKET","IN",207,37,"PlayerSync","id=207 bytes=37","cf 4b 00 80 80 00 00 14 e1 e6 30 c3 4a 49 51 5c 9d 9f 50 80 00 00 00 01 d7 f2 00 00 00 00 00 00 01 a5 04 04 80",""
228,1862,"RPC","IN",86,27,"ApplyPlayerAnimation","id=86 bytes=27","1f 00 07 42 44 5f 46 49 52 45 07 77 61 73 68 5f 75 70 33 33 83 40 80 00 00 00 00",""
229,1883,"PACKET","IN",207,45,"PlayerSync","id=207 bytes=45","cf 4b 00 96 80 43 c0 00 00 35 e1 26 30 c9 ca 09 51 73 1b df 50 80 00 00 00 02 db fe 00 00 03 de 68 14 f7 42 a4 14 1f fd fd a5 04 04 80",""
230,1883,"PACKET","IN",207,35,"PlayerSync","id=207 bytes=35","cf 60 00 00 00 26 94 e5 b0 f3 00 49 d1 6c 24 9f 10 80 00 00 00 02 2a 1d c0 00 00 00 00 00 01 fb 04 e8 80",""
231,1905,"PACKET","IN",207,35,"PlayerSync","id=207 bytes=35","cf 4f 00 00 00 23 be 26 b0 e1 f7 49 91 7b 67 1f 10 80 00 00 00 02 58 c5 c0 00 00 00 00 00 01 a5 04 e8 80",""
232,1906,"PACKET","IN",207,35,"PlayerSync","id=207 bytes=35","cf 55 00 00 00 0a e6 e8 30 db d3 c9 d1 7b 67 1f 10 84 00 00 00 00 13 15 80 00 00 00 00 00 01 28 00 04 11",""
233,1930,"PACKET","IN",207,45,"PlayerSync","id=207 bytes=45","cf 76 00 8b 80 60 ff c0 00 16 85 a2 f0 eb 21 89 91 44 1c 1e 90 80 00 00 00 01 c9 53 40 00 00 79 9a c0 f6 8b 3b fb 93 fd fd 00 00 00 80",""
234,1930,"PACKET","IN",207,45,"PlayerSync","id=207 bytes=45","cf 4b 00 b6 00 4a c0 00 00 36 60 e6 30 f6 09 89 51 51 99 9f 50 84 00 00 00 03 a3 fe 00 00 00 d2 30 14 f4 2a 32 44 03 fd fd a5 04 04 80",""
235,1931,"PACKET","IN",207,45,"PlayerSync","id=207 bytes=45","cf 76 00 8c 80 60 ff c0 00 2b 04 22 f0 e4 21 c9 91 73 5b de 90 80 00 00 00 02 21 5b 40 00 00 71 9a c0 f6 df 3c 8f 93 fd fd 00 00 00 80",""
236,1952,"PACKET","IN",207,35,"PlayerSync","id=207 bytes=35","cf 57 00 00 00 02 e3 63 70 d2 da c9 91 7b a3 1e 90 80 00 00 00 01 ce b5 80 00 00 00 00 00 01 28 00 04 11",""
237,1952,"PACKET","IN",207,45,"PlayerSync","id=207 bytes=45","cf 76 00 8e 80 61 3f c0 00 38 02 a2 f0 dc 62 09 91 62 5b de 90 80 00 00 00 02 ad 6b 40 00 00 59 9a c0 f5 bf 46 fb 8b fd fd 00 00 00 80",""
238,1980,"PACKET","IN",207,35,"PlayerSync","id=207 bytes=35","cf 1f 00 00 00 05 25 a8 30 e1 ff 09 91 7b 67 1f 10 84 00 00 00 03 0b 6f 00 00 00 00 00 00 01 28 00 04 11",""
239,1981,"PACKET","IN",203,34,"AimSync","id=203 bytes=34","cb 1f 00 04 fe 86 3f 3f 6c 5f 12 3f 11 60 ac be 89 c1 a1 c3 ec df 26 45 ac 9c 81 42 00 00 00 00 3f 22",""
240,1981,"PACKET","IN",207,45,"PlayerSync","id=207 bytes=45","cf 76 00 91 80 61 bf c0 00 32 81 22 f0 d3 62 49 91 50 9b de 90 80 00 00 00 03 75 83 40 00 00 59 9a c0 f7 2b 53 87 7f fd fd 00 00 00 80",""
241,1981,"PACKET","IN",207,35,"PlayerSync","id=207 bytes=35","cf 63 00 00 00 32 ca a3 30 d3 66 89 91 6c 9f 1e 90 84 00 00 00 00 aa c4 40 00 00 00 00 00 01 a5 04 e8 80",""
242,1981,"PACKET","IN",203,34,"AimSync","id=203 bytes=34","cb 63 00 04 21 c1 67 bf 0a 81 d7 3e 2e d2 6a bd 98 4e 8b c3 81 8d 26 45 a3 52 7d 42 00 00 00 00 3f 1a",""
243,1982,"PACKET","IN",207,45,"PlayerSync","id=207 bytes=45","cf 76 00 92 80 61 bf c0 00 1b ff a2 b0 c7 22 89 91 7d db 9e 90 80 00 00 00 03 e1 8b 40 00 00 15 9a c0 f6 a3 65 63 6f fd fd 00 00 00 80",""
244,1982,"PACKET","IN",207,45,"PlayerSync","id=207 bytes=45","cf 4b 00 b9 00 4e 00 00 00 18 a1 26 30 e5 09 49 51 4a 97 5f 50 84 00 00 00 01 8b fe 00 00 01 fd 78 18 f5 15 e4 b4 03 fd fd a5 04 04 80",""
245,2004,"PACKET","IN",207,45,"PlayerSync","id=207 bytes=45","cf 76 00 96 00 62 7f c0 00 22 7c 62 b0 e9 22 c9 91 58 1b 9e 90 80 00 00 00 02 f5 ab 40 00 01 8f 32 b0 f5 8f 79 cf 5b fd fd 00 00 00 80",""
246,2030,"PACKET","IN",207,35,"PlayerSync","id=207 bytes=35","cf 0b 00 00 00 26 e3 e3 70 fb 2c c9 91 58 1f 9e 90 80 00 00 00 02 ce f7 c0 00 00 00 00 00 01 28 00 04 11",""
247,2030,"PACKET","IN",207,45,"PlayerSync","id=207 bytes=45","cf 4b 00 b7 00 50 00 00 00 25 e1 66 30 df c9 09 51 5a 95 5f 50 84 00 00 00 01 cf fa 00 00 00 0f 70 64 f5 55 b8 e4 07 fd fd a5 04 04 80",""
248,2030,"RPC","IN",105,7,"TextDrawSetString","id=105 bytes=7 | TextDrawID=2086 length=3 text=""100""","26 08 03 00 31 30 30",""
249,2030,"RPC","IN",105,5,"TextDrawSetString","id=105 bytes=5 | TextDrawID=2087 length=1 text=""0""","27 08 01 00 30",""
250,2030,"RPC","IN",105,6,"TextDrawSetString","id=105 bytes=6 | TextDrawID=2088 length=2 text=""46""","28 08 02 00 34 36",""
251,2030,"RPC","IN",105,5,"TextDrawSetString","id=105 bytes=5 | TextDrawID=2089 length=1 text=""2""","29 08 01 00 32",""
252,2031,"RPC","IN",105,7,"TextDrawSetString","id=105 bytes=7 | TextDrawID=2090 length=3 text=""100""","2a 08 03 00 31 30 30",""
253,2031,"PACKET","IN",200,38,"VehicleSync","id=200 bytes=38","c8 2d 00 3d 00 d1 ff 00 00 00 00 38 c0 43 10 9b 30 8b 48 ea cc 3c 74 12 74 5f ad f7 f4 20 00 00 00 0e 80 3f 00 00",""
254,2031,"PACKET","IN",207,45,"PlayerSync","id=207 bytes=45","cf 76 00 99 80 62 ff c0 00 2e 38 a2 b0 cb a3 49 91 6c 9b 5e 90 80 00 00 00 01 1d cb 40 00 02 e4 ca ec f7 df 8f bb 3f fd fd 00 00 00 80",""
255,2054,"PACKET","IN",207,45,"PlayerSync","id=207 bytes=45","cf 4b 00 b6 00 50 c0 00 00 20 e1 e6 30 db 08 c9 51 71 93 5f 50 84 00 00 00 03 47 f6 00 00 03 0b 94 64 f4 59 90 50 0f fd fd a5 04 04 80",""
256,2054,"PACKET","IN",207,45,"PlayerSync","id=207 bytes=45","cf 76 00 9a 80 63 3f c0 00 2e 36 a2 b0 fb e3 49 91 55 1b 5e 90 80 00 00 00 03 65 d3 40 00 02 43 3b 08 f5 0b 9b ef 33 fd fd 00 00 00 80",""
257,2054,"PACKET","IN",207,35,"PlayerSync","id=207 bytes=35","cf 83 00 00 00 08 58 a5 b0 cc 06 09 d1 6c 24 9f 10 80 00 00 00 02 4a 06 40 00 00 00 00 00 01 28 00 04 11",""
258,2054,"PACKET","IN",207,49,"PlayerSync","id=207 bytes=49","cf ab 00 00 00 0a da a5 b0 d8 cd 09 d1 6c 24 9f 10 80 00 00 00 03 ef 77 c0 00 00 00 00 00 03 ff fe 00 00 00 00 00 00 00 00 00 00 00 01 28 00 04 11",""
259,2054,"PACKET","IN",203,34,"AimSync","id=203 bytes=34","cb ab 00 04 9b 8f 4b 3f 0e c3 bc be 43 81 f6 be fd 3e 97 c3 b8 40 27 45 f3 7f 81 42 00 00 00 00 3f ff",""
260,2079,"PACKET","IN",207,45,"PlayerSync","id=207 bytes=45","cf 76 00 9b 80 63 7f c0 00 23 b4 a2 b0 ea e3 89 91 7d 1b 1e 90 80 00 00 00 01 e1 df 40 00 00 2e 67 0c f7 db 9e a7 2b fd fd 00 00 00 80",""
261,2079,"RPC","IN",86,27,"ApplyPlayerAnimation","id=86 bytes=27","63 00 07 42 44 5f 46 49 52 45 07 77 61 73 68 5f 75 70 33 33 83 40 80 00 00 00 00",""
262,2099,"PACKET","IN",207,35,"PlayerSync","id=207 bytes=35","cf 7e 00 00 00 06 2c 66 b0 e3 c4 49 d1 7b 67 1f 10 84 00 00 00 01 0e 83 94 00 00 00 00 00 01 28 00 04 11",""
263,2099,"PACKET","IN",207,35,"PlayerSync","id=207 bytes=35","cf 85 00 00 00 27 4d 62 f0 cc e9 09 91 55 da de 90 84 00 00 00 00 1e 8d 80 00 00 00 00 00 01 28 00 04 11",""
264,2099,"RPC","IN",16,16,"PlaySound","id=16 bytes=16","42 51 00 00 00 00 00 00 00 00 00 00 00 00 00 00",""
265,2099,"RPC","IN",134,80,"ShowTextDraw","id=134 bytes=80","2c 08 11 9a 99 19 3f 00 00 00 40 1a ff 00 aa cd cc 74 42 00 00 a0 41 00 00 00 32 00 01 00 00 00 ff 04 00 00 00 59 43 00 00 b8 43 00 00 00 00 00 00 00 00 00 00 00 00 00 00 00 00 80 3f ff ff ff ff 0d 00 6c 64 5f 64 75 61 6c 3a 77 68 69 74 65",""
266,2099,"PACKET","IN",207,45,"PlayerSync","id=207 bytes=45","cf 4b 00 b5 80 51 40 00 00 39 22 66 30 d3 c8 89 51 78 11 5f 50 84 00 00 00 03 ab f2 00 00 03 2f ac 64 f7 d1 79 58 13 fd fd a5 04 04 80",""
267,2099,"PACKET","IN",207,49,"PlayerSync","id=207 bytes=49","cf 5d 00 00 00 2f c2 a6 f0 db c5 09 d1 7b 67 1f 10 84 00 00 00 00 1b 0f e0 00 00 00 00 00 03 ff fe 00 00 00 00 00 00 00 00 00 00 00 01 00 00 00 80",""
268,2099,"PACKET","IN",207,45,"PlayerSync","id=207 bytes=45","cf 76 00 9c 00 63 bf c0 00 22 32 a2 b0 d6 e3 c9 91 65 9b 1e 90 80 00 00 00 01 61 e7 40 00 03 c4 d6 f0 f6 a3 a4 f7 23 fd fd 00 00 00 80",""
269,2100,"PACKET","IN",207,35,"PlayerSync","id=207 bytes=35","cf b2 00 00 00 01 e5 62 f0 f2 25 c9 91 76 5d 5e 90 84 00 00 00 00 94 12 80 00 00 00 00 00 01 28 00 04 11",""
270,2122,"RPC","IN",87,2,"ClearPlayerAnimation","id=87 bytes=2","0b 00",""
271,2122,"RPC","IN",86,29,"ApplyPlayerAnimation","id=86 bytes=29","0b 00 05 43 41 52 52 59 0b 63 72 72 79 5f 70 72 74 69 61 6c 33 33 83 40 00 00 00 00 00",""
272,2147,"PACKET","IN",200,44,"VehicleSync","id=200 bytes=44","c8 2d 00 3d 00 c7 ff 00 00 20 00 3c 90 43 40 9b 80 89 28 ea cc 39 14 12 74 52 5d 27 f4 27 d4 20 43 c5 68 8f 32 27 f2 8e 80 3f 00 00",""
273,2147,"PACKET","IN",207,45,"PlayerSync","id=207 bytes=45","cf 4b 00 b5 80 51 80 00 00 14 63 26 30 d7 48 49 51 4c 8f df 50 84 00 00 00 02 43 ee 00 00 03 90 ef e0 f3 89 60 7c 1b fd fd a5 04 04 80",""
274,2147,"PACKET","IN",203,34,"AimSync","id=203 bytes=34","cb 4b 00 04 ce 73 7c 3f 4e df 08 3e dc 43 c9 bd 7e 2c 9a c3 46 1a 25 45 09 79 80 42 00 00 00 00 3f 22",""
275,2148,"PACKET","OUT",207,69,"PlayerSync","id=207 bytes=69","cf 00 00 00 00 00 00 04 8d a0 c3 f8 22 27 45 ed 9c 7c 42 35 df 41 3f 00 00 00 80 00 00 00 00 7d 2e 27 bf 64 00 04 00 00 00 00 00 00 00 00 00 00 00 00 00 00 00 00 00 00 00 00 00 00 00 00 00 00 00 28 00 04 11",""
276,2170,"PACKET","IN",207,35,"PlayerSync","id=207 bytes=35","cf 1b 00 00 00 26 4a e3 30 df 1b c9 91 70 9f 1e 90 84 00 00 00 00 c6 de c0 00 00 00 00 00 01 28 00 04 11",""
277,2170,"PACKET","IN",207,35,"PlayerSync","id=207 bytes=35","cf 5e 00 00 00 38 a6 68 30 cb 04 89 d1 7b 67 1f 10 80 00 00 00 03 cb ff 40 00 00 00 00 00 01 28 00 04 11",""
278,2170,"PACKET","IN",203,34,"AimSync","id=203 bytes=34","cb 5e 00 04 de 8c c0 3d 5e 3f 7a bf fb 32 41 be 91 cd a0 c3 57 55 27 45 83 20 81 42 00 00 00 00 3f 3a",""
279,2195,"PACKET","IN",207,35,"PlayerSync","id=207 bytes=35","cf 0b 00 00 00 26 e3 e3 70 fb 2c c9 91 58 1f 9e 90 80 00 00 00 02 ce f7 c0 00 00 00 00 00 01 a5 04 e8 80",""
280,2196,"PACKET","IN",207,35,"PlayerSync","id=207 bytes=35","cf 43 00 00 00 0a b5 62 f0 c0 68 49 91 71 de 1e 90 84 00 00 00 01 28 53 00 00 00 00 00 00 01 28 00 04 11",""
281,2196,"PACKET","IN",207,45,"PlayerSync","id=207 bytes=45","cf 4b 00 b5 80 51 00 00 00 12 23 e6 30 da 88 09 51 61 4e 1f 50 84 00 00 00 00 43 ea 00 00 01 18 13 fc f1 89 47 24 23 fd fd a5 04 04 80",""
282,2196,"PACKET","IN",207,45,"PlayerSync","id=207 bytes=45","cf 76 00 9c 00 63 bf c0 00 0d 28 e2 b0 e0 64 89 91 72 9a 9e 90 80 00 00 00 02 35 f7 40 00 01 1b 32 c8 f7 7b b1 3b 0f fd fd 00 00 00 80",""
283,2217,"PACKET","IN",207,35,"PlayerSync","id=207 bytes=35","cf 27 00 00 00 32 0b 23 30 f3 e2 09 91 73 1f 1e 90 84 00 00 00 03 bf 3e 80 00 00 00 00 00 01 28 00 04 11",""
284,2217,"PACKET","IN",207,45,"PlayerSync","id=207 bytes=45","cf 4b 00 b6 00 50 c0 00 00 07 64 e6 30 d8 07 c9 51 4f cc 5f 50 84 00 00 00 03 cf de 00 00 03 73 44 50 f5 e5 2a e8 2f fd fd a5 04 04 80",""
285,2217,"PACKET","IN",207,35,"PlayerSync","id=207 bytes=35","cf 54 00 00 00 38 c3 63 30 ca de 89 91 59 1e de 90 84 00 00 00 01 da 3e c0 00 00 00 00 00 01 28 00 04 11",""
286,2217,"PACKET","IN",207,35,"PlayerSync","id=207 bytes=35","cf 63 00 00 00 32 ca a3 30 d3 66 89 91 6c 9f 1e 90 84 00 00 00 00 aa c4 40 00 00 00 00 00 01 28 00 04 11",""
287,2239,"PACKET","IN",200,44,"VehicleSync","id=200 bytes=44","c8 2d 00 3d 00 c4 ff 00 00 20 00 34 60 52 b0 99 90 86 18 da cc 37 64 02 74 59 0b a7 f4 27 17 e9 83 ca f9 1e 20 29 36 be 80 3f 00 00",""
288,2239,"PACKET","IN",207,35,"PlayerSync","id=207 bytes=35","cf 7c 00 00 00 34 2e 22 70 cc 29 09 91 53 dd 1e 90 84 00 00 00 02 b8 32 40 00 00 00 00 00 01 28 00 04 11",""
289,2239,"RPC","IN",86,27,"ApplyPlayerAnimation","id=86 bytes=27","4f 00 07 42 44 5f 46 49 52 45 07 77 61 73 68 5f 75 70 33 33 83 40 80 00 00 00 00",""
290,2265,"PACKET","IN",207,45,"PlayerSync","id=207 bytes=45","cf 4b 00 b6 80 50 40 00 00 34 a5 e6 30 d3 87 89 51 73 8a 5f 50 84 00 00 00 02 3f d6 00 00 02 4d 84 b4 f5 4d 0b 58 3f fd fd a5 04 04 80",""
291,2265,"PACKET","IN",207,45,"PlayerSync","id=207 bytes=45","cf 76 00 9c 00 63 bf c0 00 09 5e e2 b0 db 65 49 91 7d 1a 1e 90 80 00 00 00 01 5e 0b 40 00 01 d2 52 bc f6 87 be 7e fb fd fd 00 00 00 80",""
292,2265,"RPC","IN",72,6,"SetPlayerColor","id=72 bytes=6","3f 00 ff ff ff ff",""
293,2265,"RPC","IN",72,6,"SetPlayerColor","id=72 bytes=6","3f 00 ff ff ff ff",""
294,2265,"RPC","IN",11,18,"SetPlayerName","id=11 bytes=18","3f 00 0e 4d 61 72 63 5f 4a 65 66 66 65 72 73 6f 6e 01",""
295,2265,"PACKET","IN",207,35,"PlayerSync","id=207 bytes=35","cf 02 00 00 00 21 de e2 b0 cc 69 09 91 7d 9a 1e 90 84 00 00 00 00 2c 23 80 00 00 00 00 00 01 28 00 04 11",""
296,2269,"PACKET","OUT",203,32,"AimSync","id=203 bytes=32","cb 00 00 00 39 05 00 00 00 00 00 00 00 00 00 00 00 40 01 00 00 00 80 3f 00 00 f3 04 b5 3f 39 05",""
297,2315,"PACKET","IN",207,35,"PlayerSync","id=207 bytes=35","cf 46 00 00 00 1b 70 e6 b0 e7 7f 49 91 7b 67 1f 10 84 00 00 00 00 f1 9b c0 00 00 00 00 00 01 28 00 04 11",""
298,2315,"PACKET","IN",207,41,"PlayerSync","id=207 bytes=41","cf 4b 00 00 00 2b a7 e6 30 f2 07 09 51 52 47 df 50 84 00 00 00 02 3f d6 00 00 03 8e c1 18 f6 60 e9 c8 53 fd fd a5 04 04 80",""
299,2315,"PACKET","IN",207,45,"PlayerSync","id=207 bytes=45","cf 76 00 9b 80 63 7f c0 00 0a 99 22 b0 fe 25 89 91 4a 1a 1e 90 80 00 00 00 00 7a 13 40 00 03 39 96 90 f5 07 c6 86 ef fd fd 00 00 00 80",""
300,2315,"PACKET","IN",207,35,"PlayerSync","id=207 bytes=35","cf a6 00 00 00 32 2a 23 30 fa d3 c9 91 60 20 9e 90 84 00 00 00 00 88 0f c0 00 00 00 00 00 01 28 00 04 11",""
301,2316,"RPC","IN",86,27,"ApplyPlayerAnimation","id=86 bytes=27","60 00 07 42 44 5f 46 49 52 45 07 77 61 73 68 5f 75 70 33 33 83 40 80 00 00 00 00",""
302,2316,"PACKET","IN",207,45,"PlayerSync","id=207 bytes=45","cf 76 00 9a 80 63 3f c0 00 3e 17 22 b0 dc a5 c9 91 6a 9a 1e 90 80 00 00 00 00 a6 0f 40 00 03 84 b2 78 f4 a7 c7 3e ef fd fd 00 00 00 80",""
303,2316,"PACKET","IN",207,35,"PlayerSync","id=207 bytes=35","cf 92 00 00 00 19 24 63 70 da e4 c9 91 47 23 5e 90 80 00 00 00 03 07 35 c0 00 00 00 00 00 01 a5 04 04 80",""
304,2341,"PACKET","IN",200,44,"VehicleSync","id=200 bytes=44","c8 2d 00 3d 00 c4 ff 00 00 00 00 30 c0 52 40 91 90 80 98 ba cc 3b f3 e2 74 53 6b e7 f4 27 ca 2a c3 cf 69 6b 60 29 f8 ce 80 3f 00 00",""
305,2342,"PACKET","IN",203,34,"AimSync","id=203 bytes=34","cb 2d 00 12 b2 3a 6c 3e cd ce 23 3f 40 a8 3b bf ba 33 ae c3 32 ac 26 45 53 96 9a 42 00 00 00 00 3f 28",""
306,2365,"PACKET","IN",207,45,"PlayerSync","id=207 bytes=45","cf 76 00 98 00 62 bf c0 00 29 93 a2 b0 da e6 09 91 6b 9a 5e 90 80 00 00 00 03 36 03 40 00 00 c1 d6 7c f4 d7 c2 52 f7 fd fd 00 00 00 80",""
307,2388,"PACKET","IN",207,35,"PlayerSync","id=207 bytes=35","cf 4f 00 00 00 23 be 26 b0 e1 f7 49 91 7b 67 1f 10 80 00 00 00 02 58 c5 c0 00 00 00 00 00 01 28 00 04 11",""
308,2388,"PACKET","IN",207,45,"PlayerSync","id=207 bytes=45","cf 76 00 95 00 62 3f c0 00 1e d1 e2 b0 fb 66 09 91 4c 1a 9e 90 80 00 00 00 00 a5 f3 40 00 02 47 2e 80 f5 3f bc c2 ff fd fd 00 00 00 80",""
309,2388,"PACKET","IN",207,45,"PlayerSync","id=207 bytes=45","cf 76 00 90 80 61 7f c0 00 3a 8f e2 b0 e1 26 49 91 6e 9a 9e 90 80 00 00 00 02 51 cb 40 00 02 4a 1a b0 f6 53 b3 1b 0f fd fd 00 00 00 80",""
310,2414,"PACKET","IN",207,41,"PlayerSync","id=207 bytes=41","cf 4b 00 00 00 30 ab 26 30 d0 06 89 51 50 03 df 50 84 00 00 00 02 3f d6 00 00 00 ce 77 d4 f2 60 e9 c8 53 fd fd a5 04 04 80",""
311,2415,"PACKET","IN",207,35,"PlayerSync","id=207 bytes=35","cf 55 00 00 00 0a e6 e8 30 db d3 c9 d1 7b 67 1f 10 84 00 00 00 00 13 15 80 00 00 00 00 00 01 28 00 04 11",""
312,2415,"RPC","IN",87,2,"ClearPlayerAnimation","id=87 bytes=2","85 00",""
313,2415,"RPC","IN",86,29,"ApplyPlayerAnimation","id=86 bytes=29","85 00 05 43 41 52 52 59 0b 63 72 72 79 5f 70 72 74 69 61 6c 33 33 83 40 00 00 00 00 00",""
314,2415,"PACKET","IN",200,44,"VehicleSync","id=200 bytes=44","c8 2d 00 3d 00 c4 ff 00 00 20 00 3c 10 42 60 99 e0 70 68 9a cc 35 a3 d2 74 56 6c a7 f4 25 33 5b e3 cd 69 4a 50 25 b8 fe 80 3f 00 00",""
315,2415,"PACKET","IN",207,45,"PlayerSync","id=207 bytes=45","cf 76 00 81 80 60 7f c0 00 31 8b 22 b0 e5 26 c9 91 45 9b 1e 90 80 00 00 00 01 25 67 40 00 01 c8 90 74 fa 6b 75 33 5f fd fd 00 00 00 80",""
316,2415,"PACKET","IN",203,34,"AimSync","id=203 bytes=34","cb 76 00 04 e7 d5 0f 3f f8 15 50 3f 11 5c 1d be 3b 2f 8b c3 b2 6d 26 45 f6 e8 7e 42 00 00 00 00 3f ff",""
317,2439,"PACKET","IN",207,45,"PlayerSync","id=207 bytes=45","cf 76 00 ff ff e0 7f c0 00 2f 89 62 b0 e6 27 09 91 65 5b 1e 90 80 00 00 00 00 e5 33 40 00 02 7b 33 40 f6 b7 4f 6b 83 fd fd 00 00 00 80",""
318,2463,"PACKET","IN",207,35,"PlayerSync","id=207 bytes=35","cf 60 00 00 00 26 94 e5 b0 f3 00 49 d1 6c 24 9f 10 80 00 00 00 02 2a 1d c0 00 00 00 00 00 01 28 00 04 11",""
319,2464,"PACKET","IN",207,41,"PlayerSync","id=207 bytes=41","cf 76 00 00 00 07 88 a2 b0 d0 27 49 91 75 db 1e 90 80 00 00 00 02 31 17 40 00 02 25 95 d8 f7 0f 21 33 a7 fd fd 00 00 00 80",""
320,2483,"PACKET","IN",207,35,"PlayerSync","id=207 bytes=35","cf 88 00 00 00 16 0b 26 30 fa cb 09 51 6e 63 1f 50 84 00 00 00 02 27 12 80 00 00 00 00 00 01 a5 04 04 80",""
321,2483,"PACKET","IN",203,34,"AimSync","id=203 bytes=34","cb 88 00 04 1d a9 68 3f 42 5c 14 be 22 4b c8 be 51 bb 99 c3 dd 34 25 45 80 a8 82 42 00 00 00 00 3f 36",""
322,2507,"RPC","IN",137,16,"ServerJoin","id=137 bytes=16","9a 00 00 00 00 00 00 08 43 75 65 70 63 75 65 70",""
323,2507,"RPC","IN",72,6,"SetPlayerColor","id=72 bytes=6","9a 00 ff 83 7f 7f",""
324,2507,"PACKET","IN",207,35,"PlayerSync","id=207 bytes=35","cf 85 00 00 00 27 4d 62 f0 cc e9 09 91 55 da de 90 84 00 00 00 00 1e 8d 80 00 00 00 00 00 01 a5 04 e8 80",""
325,2508,"PACKET","IN",203,34,"AimSync","id=203 bytes=34","cb 85 00 04 93 be 3d 3e 96 84 77 3f 00 cf 33 be 47 62 8b c3 11 87 26 45 5a 24 7e 42 00 00 00 00 3f c6",""
326,2508,"RPC","IN",86,27,"ApplyPlayerAnimation","id=86 bytes=27","92 00 07 42 44 5f 46 49 52 45 07 77 61 73 68 5f 75 70 33 33 83 40 80 00 00 00 00",""
327,2508,"PACKET","IN",200,44,"VehicleSync","id=200 bytes=44","c8 2d 00 3d 00 c0 ff 00 00 20 00 36 e0 51 c0 9e f0 6d c8 5a cc 31 33 b2 74 5e 3d 27 f4 29 05 00 f3 db 59 5e e0 16 d8 4e 80 3f 00 00",""
328,2508,"PACKET","IN",207,41,"PlayerSync","id=207 bytes=41","cf 4b 00 00 00 19 ac a6 30 ca 06 49 51 78 c3 df 50 84 00 00 00 02 3f d6 00 00 03 2f f0 28 f2 60 e9 c8 53 fd fd a5 04 04 80",""
329,2550,"PACKET","IN",207,35,"PlayerSync","id=207 bytes=35","cf 1f 00 00 00 05 25 a8 30 e1 ff 09 91 7b 67 1f 10 84 00 00 00 03 0b 6f 00 00 00 00 00 00 01 28 00 04 11",""
330,2551,"PACKET","IN",207,41,"PlayerSync","id=207 bytes=41","cf 76 00 00 00 0b c4 22 b0 f9 e8 09 91 47 5b 9e 90 80 00 00 00 02 31 17 40 00 03 8d 58 58 f7 bb 08 67 b7 fd fd 00 00 00 80",""
331,2597,"PACKET","IN",200,44,"VehicleSync","id=200 bytes=44","c8 2d 00 3d 00 b9 ff 00 00 20 00 3a 60 51 50 92 e0 6b f8 2a cc 3d 93 82 74 5d dd 47 f4 2d 3d 72 c3 d6 09 6f a0 14 48 1e 80 3f 00 00",""
332,2597,"PACKET","IN",207,35,"PlayerSync","id=207 bytes=35","cf 7e 00 00 00 06 2c 66 b0 e3 c4 49 d1 7b 67 1f 10 84 00 00 00 01 0e 83 94 00 00 00 00 00 01 28 00 04 11",""
333,2597,"PACKET","IN",207,49,"PlayerSync","id=207 bytes=49","cf 30 00 00 00 05 42 e6 f0 f1 d7 49 d1 7b 67 1f 10 84 00 00 00 02 42 33 00 00 00 00 00 00 03 ff fe 00 00 00 00 00 00 00 00 00 00 00 01 28 00 04 11",""
334,2597,"PACKET","IN",207,35,"PlayerSync","id=207 bytes=35","cf 4b 00 00 00 28 ac a6 30 c7 06 49 51 7a 83 df 50 84 00 00 00 02 3f d6 00 00 00 00 00 00 01 a5 04 04 80",""
335,2622,"PACKET","IN",207,35,"PlayerSync","id=207 bytes=35","cf 57 00 00 00 02 e3 63 70 d2 da c9 91 7b a3 1e 90 80 00 00 00 01 ce b5 80 00 00 00 00 00 01 28 00 04 11",""
336,2622,"PACKET","IN",207,35,"PlayerSync","id=207 bytes=35","cf 83 00 00 00 08 58 a5 b0 cc 06 09 d1 6c 24 9f 10 80 00 00 00 02 4a 06 40 00 00 00 00 00 01 28 00 04 11",""
337,2622,"PACKET","IN",203,34,"AimSync","id=203 bytes=34","cb 83 00 04 a2 85 73 3f 14 8b 9d 3e b1 86 a9 bc 89 89 97 c3 3f 0c 27 45 8b 2c 7f 42 00 00 00 00 3f c6",""
338,2622,"RPC","IN",105,19,"TextDrawSetString","id=105 bytes=19 | TextDrawID=303 length=15 text=""09 Agustus 2026""","2f 01 0f 00 30 39 20 41 67 75 73 74 75 73 20 32 30 32 36",""
339,2622,"RPC","IN",105,12,"TextDrawSetString","id=105 bytes=12 | TextDrawID=304 length=8 text=""12:27:13""","30 01 08 00 31 32 3a 32 37 3a 31 33",""
340,2623,"PACKET","IN",207,41,"PlayerSync","id=207 bytes=41","cf 76 00 00 00 3f 04 e2 b0 ef 68 89 91 76 1b 5e 90 80 00 00 00 02 31 17 40 00 00 62 8e 6c f2 21 a8 bb fb fd fd 00 00 00 80",""
341,2623,"PACKET","IN",207,49,"PlayerSync","id=207 bytes=49","cf ab 00 00 00 0a da a5 b0 d8 cd 09 d1 6c 24 9f 10 80 00 00 00 03 ef 77 c0 00 00 00 00 00 03 ff fe 00 00 00 00 00 00 00 00 00 00 00 01 28 00 04 11",""
342,2646,"PACKET","IN",207,35,"PlayerSync","id=207 bytes=35","cf 54 00 00 00 38 c3 63 30 ca de 89 91 59 1e de 90 84 00 00 00 01 da 3e c0 00 00 00 00 00 01 28 00 04 11",""
343,2668,"PACKET","IN",207,49,"PlayerSync","id=207 bytes=49","cf 5d 00 00 00 2f c2 a6 f0 db c5 09 d1 7b 67 1f 10 84 00 00 00 00 1b 0f e0 00 00 00 00 00 03 ff fe 00 00 00 00 00 00 00 00 00 00 00 01 00 00 00 80",""
344,2668,"PACKET","IN",207,35,"PlayerSync","id=207 bytes=35","cf b2 00 00 00 01 e5 62 f0 f2 25 c9 91 76 5d 5e 90 84 00 00 00 00 94 12 80 00 00 00 00 00 01 28 00 04 11",""
345,2669,"PACKET","OUT",205,9,"UNKNOWN_PACKET","id=205 bytes=9","cd b8 4a 04 00 00 00 00 00",""
346,2669,"PACKET","OUT",203,32,"AimSync","id=203 bytes=32","cb 04 c6 0c 5d bf 97 c6 10 bd 6b ce 00 bf c7 19 9f c3 de 24 27 45 f8 e2 82 42 00 00 00 00 3f c6",""
347,2695,"PACKET","IN",207,35,"PlayerSync","id=207 bytes=35","cf 0b 00 00 00 26 e3 e3 70 fb 2c c9 91 58 1f 9e 90 80 00 00 00 02 ce f7 c0 00 00 00 00 00 01 a5 04 e8 80",""
348,2695,"PACKET","IN",200,44,"VehicleSync","id=200 bytes=44","c8 2d 00 3d 00 b2 ff 00 00 00 00 31 a0 50 d0 9d 80 4e 57 da cc 3a d3 52 74 5d 5d 67 f4 28 61 71 d3 d8 29 86 20 2f f8 1e 80 3f 00 00",""
349,2695,"PACKET","IN",207,35,"PlayerSync","id=207 bytes=35","cf ae 00 00 00 15 54 e5 b0 e3 79 09 91 6c 24 9f 10 80 00 00 00 00 c6 db 00 00 00 00 00 00 01 28 00 04 11",""
350,2695,"PACKET","IN",203,34,"AimSync","id=203 bytes=34","cb ae 00 04 73 2f c8 be 68 9c 66 3f 8f 54 41 be ce f8 95 c3 7b ca 26 45 6b 2b 80 42 00 00 00 00 3f 3a",""
351,2695,"RPC","IN",87,2,"ClearPlayerAnimation","id=87 bytes=2","83 00",""
352,2695,"RPC","IN",86,29,"ApplyPlayerAnimation","id=86 bytes=29","83 00 05 43 41 52 52 59 0b 63 72 72 79 5f 70 72 74 69 61 6c 33 33 83 40 00 00 00 00 00",""
353,2695,"PACKET","IN",207,41,"PlayerSync","id=207 bytes=41","cf 76 00 00 00 32 04 e2 b0 d9 28 c9 91 77 1b 5e 90 80 00 00 00 02 31 17 40 00 01 9e 09 48 e9 59 c9 0f ff fd fd 00 00 00 80",""
354,2735,"PACKET","IN",207,35,"PlayerSync","id=207 bytes=35","cf 1b 00 00 00 26 4a e3 30 df 1b c9 91 70 9f 1e 90 84 00 00 00 00 c6 de c0 00 00 00 00 00 01 28 00 04 11",""
355,2756,"PACKET","IN",207,35,"PlayerSync","id=207 bytes=35","cf 43 00 00 00 0a b5 62 f0 c0 68 49 91 71 de 1e 90 84 00 00 00 01 28 53 00 00 00 00 00 00 01 28 00 04 11",""
356,2781,"PACKET","IN",200,44,"VehicleSync","id=200 bytes=44","c8 2d 00 3d 00 a5 ff 00 00 20 00 37 10 50 60 98 90 34 b7 9a cc 3c 13 22 74 51 5d d7 f4 2d 15 43 83 db 69 88 10 2f 78 4e 80 3f 00 00",""
357,2781,"PACKET","IN",207,39,"PlayerSync","id=207 bytes=39","cf 88 00 81 80 7f 7f c0 00 16 0b 26 30 fa cb 09 51 6e 63 1f 50 84 00 00 00 03 f7 2a 80 00 00 00 00 00 01 c8 04 04 80",""
358,2796,"PACKET","OUT",203,32,"AimSync","id=203 bytes=32","cb 00 00 00 39 05 00 00 00 00 00 00 00 00 00 00 00 40 01 00 00 00 80 3f 00 00 f3 04 b5 3f 39 05",""
359,2801,"PACKET","IN",207,35,"PlayerSync","id=207 bytes=35","cf 27 00 00 00 32 0b 23 30 f3 e2 09 91 73 1f 1e 90 84 00 00 00 03 bf 3e 80 00 00 00 00 00 01 28 00 04 11",""
360,2801,"PACKET","IN",207,35,"PlayerSync","id=207 bytes=35","cf 76 00 00 00 32 04 e2 b0 d9 28 c9 91 77 1b 5e 90 80 00 00 00 02 31 17 40 00 00 00 00 00 01 00 00 00 80",""
361,2801,"PACKET","IN",207,35,"PlayerSync","id=207 bytes=35","cf 7c 00 00 00 34 2e 22 70 cc 29 09 91 53 dd 1e 90 84 00 00 00 02 b8 32 40 00 00 00 00 00 01 28 00 04 11",""
362,2802,"PACKET","IN",207,45,"PlayerSync","id=207 bytes=45","cf 88 00 84 80 7d 7f c0 00 37 8c 26 30 ef cb 09 51 70 a2 df 50 84 00 00 00 03 cb 56 80 00 02 d1 58 18 f5 70 1c dd 57 fd fd c8 04 04 80",""
363,2802,"PACKET","IN",207,45,"PlayerSync","id=207 bytes=45","cf 88 00 85 00 7c bf c0 00 13 4d 26 30 e3 cb 09 51 67 e2 9f 50 84 00 00 00 03 1b 76 80 00 01 25 38 18 f6 0c 28 c5 37 fd fd c8 04 04 80",""
364,2821,"PACKET","IN",207,45,"PlayerSync","id=207 bytes=45","cf 88 00 87 80 7b 7f c0 00 20 4d a6 30 d9 8b 09 51 66 a2 5f 50 84 00 00 00 02 bb 8a 80 00 00 c8 f0 18 f4 e4 47 74 ff fd fd c8 04 04 80",""
365,2822,"PACKET","IN",207,35,"PlayerSync","id=207 bytes=35","cf a6 00 00 00 32 2a 23 30 fa d3 c9 91 60 20 9e 90 84 00 00 00 00 88 0f c0 00 00 00 00 00 01 28 00 04 11",""
366,2847,"PACKET","IN",207,45,"PlayerSync","id=207 bytes=45","cf 88 00 88 00 7a ff c0 00 22 ce 26 30 ce 4b 09 51 5d 62 1f 50 84 00 00 00 00 6f 9e 80 00 02 cc b4 18 f6 a8 59 14 df fd fd c8 04 04 80",""
367,2847,"PACKET","IN",207,45,"PlayerSync","id=207 bytes=45","cf 88 00 8a 00 79 ff c0 00 18 8e a6 30 c2 4b 09 51 4e 21 df 50 84 00 00 00 00 1b ae 80 00 01 78 78 18 f6 60 71 6c bf fd fd c8 04 04 80",""
368,2867,"PACKET","IN",200,44,"VehicleSync","id=200 bytes=44","c8 2d 00 3d 00 a4 ff 00 00 20 00 31 20 6f 40 8b a0 15 67 3a cc 30 f2 f2 74 5f 3e 57 f4 2c ba 85 f3 d3 69 99 50 25 58 4e 80 3f 00 00",""
369,2868,"PACKET","IN",207,35,"PlayerSync","id=207 bytes=35","cf 46 00 00 00 1b 70 e6 b0 e7 7f 49 91 7b 67 1f 10 84 00 00 00 00 f1 9b c0 00 00 00 00 00 01 28 00 04 11",""
370,2868,"PACKET","IN",207,39,"PlayerSync","id=207 bytes=39","cf 76 00 fe ff ff bf c0 00 32 04 e2 b0 d9 28 c9 91 77 1b 5e 90 80 00 00 00 00 b4 e3 40 00 00 00 00 00 01 00 00 00 80",""
371,2868,"PACKET","IN",207,35,"PlayerSync","id=207 bytes=35","cf 77 00 00 00 08 22 9a b0 84 f1 49 51 7a 03 60 10 84 00 00 00 03 ab fe 00 00 00 00 00 00 01 a5 04 04 80",""
372,2868,"PACKET","IN",207,45,"PlayerSync","id=207 bytes=45","cf 88 00 8a 80 79 bf c0 00 37 4e e6 30 f7 0a c9 51 42 a1 9f 50 84 00 00 00 00 83 ba 80 00 03 24 38 18 f7 54 88 e4 a3 fd fd c8 04 04 80",""
373,2869,"RPC","IN",87,2,"ClearPlayerAnimation","id=87 bytes=2","7e 00",""
374,2869,"RPC","IN",86,29,"ApplyPlayerAnimation","id=86 bytes=29","7e 00 05 43 41 52 52 59 0b 63 72 72 79 5f 70 72 74 69 61 6c 33 33 83 40 00 00 00 00 00",""
375,2869,"PACKET","IN",207,45,"PlayerSync","id=207 bytes=45","cf 88 00 8c 80 78 3f c0 00 32 cf a6 30 dc 0a c9 51 4b 20 df 50 84 00 00 00 00 67 d2 80 00 03 6b c8 14 f7 6c b8 04 77 fd fd c8 04 04 80",""
376,2894,"PACKET","IN",207,45,"PlayerSync","id=207 bytes=45","cf 76 00 f9 7f fd ff c0 00 37 44 e2 b0 df e8 c9 91 76 9b 5e 90 80 00 00 00 02 c8 ab 40 00 01 38 b0 18 f3 b5 cd b7 ff fd fd 00 00 00 80",""
377,2895,"PACKET","IN",207,45,"PlayerSync","id=207 bytes=45","cf 88 00 8d 00 78 3f c0 00 0d 10 26 30 cc 0a c9 51 5d 20 5f 50 84 00 00 00 03 83 da 80 00 03 2b 88 14 f5 c8 d8 f8 5f fd fd c8 04 04 80",""
378,2895,"PACKET","IN",203,34,"AimSync","id=203 bytes=34","cb 88 00 04 3a a7 da 3e fd 4f 43 bf 47 7d f8 be 52 d8 98 c3 56 4e 25 45 8e b5 82 42 00 00 00 00 3f 36",""
379,2895,"PACKET","IN",207,35,"PlayerSync","id=207 bytes=35","cf 92 00 00 00 19 24 63 70 da e4 c9 91 47 23 5e 90 80 00 00 00 03 07 35 c0 00 00 00 00 00 01 a5 04 04 80",""
380,2914,"PACKET","IN",207,45,"PlayerSync","id=207 bytes=45","cf 76 00 f6 7f fc bf c0 00 3b c4 e2 b0 e7 28 c9 91 76 9b 5e 90 80 00 00 00 03 fc 73 40 00 00 0b ec 34 f0 61 da 73 ff fd fd 00 00 00 80",""
381,2914,"PACKET","IN",207,45,"PlayerSync","id=207 bytes=45","cf 88 00 8d 00 77 ff c0 00 1c 90 66 30 fb 4a 89 51 69 1f df 50 84 00 00 00 01 1b e6 80 00 02 c3 48 14 f6 c0 fb a8 47 fd fd c8 04 04 80",""
382,2937,"PACKET","IN",207,37,"PlayerSync","id=207 bytes=37","cf 4b 00 81 80 00 00 28 ac a6 30 c7 06 49 51 7a 83 df 50 84 00 00 00 03 8b ae 00 00 00 00 00 00 01 a5 04 04 80",""
383,2937,"PACKET","IN",207,41,"PlayerSync","id=207 bytes=41","cf 76 00 00 00 03 45 22 b0 fa 68 c9 91 76 1b 5e 90 80 00 00 00 02 04 07 40 00 01 df 3c f4 f3 e1 eb 97 ff fd fd 00 00 00 80",""
384,2937,"PACKET","IN",207,45,"PlayerSync","id=207 bytes=45","cf 88 00 8d 00 76 ff c0 00 25 10 e6 30 d5 4a 89 51 5f 1e df 50 84 00 00 00 03 4f f2 80 00 02 5c 00 68 f6 a5 40 4c 27 fd fd c8 04 04 80",""
385,2937,"PACKET","IN",207,35,"PlayerSync","id=207 bytes=35","cf 4f 00 00 00 23 be 26 b0 e1 f7 49 91 7b 67 1f 10 80 00 00 00 02 58 c5 c0 00 00 00 00 00 01 28 00 04 11",""
386,2938,"PACKET","IN",207,45,"PlayerSync","id=207 bytes=45","cf 88 00 8d 00 76 bf c0 00 1e 91 26 30 ff 4a 49 51 43 9e 5f 50 84 00 00 00 00 db fa 80 00 02 d3 d0 64 f5 49 61 34 1b fd fd c8 04 04 80",""
387,2962,"PACKET","IN",200,44,"VehicleSync","id=200 bytes=44","c8 2d 00 3d 00 a1 ff 00 00 20 00 24 00 6e 60 8b e0 00 b6 ca cc 36 52 a2 74 56 fe e7 f4 27 00 e8 33 d1 19 85 40 25 68 3e 80 3f 00 00",""
388,2962,"PACKET","IN",207,45,"PlayerSync","id=207 bytes=45","cf 4b 00 98 00 7f bf c0 00 21 ad e6 30 e0 c6 09 51 65 04 1f 50 84 00 00 00 01 37 a6 00 00 03 79 8c 18 f5 68 92 8c 9b fd fd a5 04 04 80",""
389,2962,"PACKET","IN",207,35,"PlayerSync","id=207 bytes=35","cf 55 00 00 00 0a e6 e8 30 db d3 c9 d1 7b 67 1f 10 84 00 00 00 00 13 15 80 00 00 00 00 00 01 28 00 04 11",""
390,2963,"PACKET","IN",207,45,"PlayerSync","id=207 bytes=45","cf 88 00 8d 00 75 bf c0 00 22 11 66 30 d5 ca 49 51 5b 9d 1f 50 84 00 00 00 01 ff fe 80 00 00 6f 80 64 f6 79 a7 e0 07 fd fd c8 04 04 80",""
391,2984,"PACKET","IN",207,45,"PlayerSync","id=207 bytes=45","cf 88 00 8d 00 75 3f c0 00 37 51 66 30 c0 ca 49 51 45 1c 9f 50 84 00 00 00 02 37 fe 80 00 02 97 68 64 f4 65 c3 f4 03 fd fd c8 04 04 80",""
392,3010,"RPC","IN",99,42,"MoveObject","id=99 bytes=42","38 00 f8 e3 a1 c3 d7 9b 26 45 53 c5 7d 42 f8 e3 a1 c3 d7 9b 26 45 ed 5e 7b 42 00 00 80 3e 00 00 00 00 00 00 00 00 08 cc 84 43",""
393,3010,"RPC","IN",122,2,"StopObject","id=122 bytes=2","38 00",""
394,3011,"RPC","IN",99,42,"MoveObject","id=99 bytes=42","38 00 f8 e3 a1 c3 d7 9b 26 45 53 c5 7d 42 f8 e3 a1 c3 d7 9b 26 45 53 c5 7d 42 00 00 80 3e 00 00 00 00 00 00 00 00 08 cc 84 43",""
395,3011,"RPC","IN",122,2,"StopObject","id=122 bytes=2","38 00",""
396,3011,"RPC","IN",99,42,"MoveObject","id=99 bytes=42","38 00 f8 e3 a1 c3 d7 9b 26 45 53 c5 7d 42 f8 e3 a1 c3 d7 9b 26 45 ed 5e 7b 42 00 00 80 3e 00 00 00 00 00 00 00 00 08 cc 84 43",""
397,3011,"RPC","IN",122,2,"StopObject","id=122 bytes=2","38 00",""
398,3011,"RPC","IN",99,42,"MoveObject","id=99 bytes=42","38 00 f8 e3 a1 c3 d7 9b 26 45 53 c5 7d 42 f8 e3 a1 c3 d7 9b 26 45 53 c5 7d 42 00 00 80 3e 00 00 00 00 00 00 00 00 08 cc 84 43",""
399,3011,"RPC","IN",122,2,"StopObject","id=122 bytes=2","38 00",""
400,3011,"RPC","IN",99,42,"MoveObject","id=99 bytes=42","38 00 f8 e3 a1 c3 d7 9b 26 45 53 c5 7d 42 f8 e3 a1 c3 d7 9b 26 45 ed 5e 7b 42 00 00 80 3e 00 00 00 00 00 00 00 00 08 cc 84 43",""
401,3011,"RPC","IN",122,2,"StopObject","id=122 bytes=2","38 00",""
402,3011,"RPC","IN",99,42,"MoveObject","id=99 bytes=42","38 00 f8 e3 a1 c3 d7 9b 26 45 53 c5 7d 42 f8 e3 a1 c3 d7 9b 26 45 53 c5 7d 42 00 00 80 3e 00 00 00 00 00 00 00 00 08 cc 84 43",""
403,3011,"RPC","IN",122,2,"StopObject","id=122 bytes=2","38 00",""
404,3012,"RPC","IN",99,42,"MoveObject","id=99 bytes=42","38 00 f8 e3 a1 c3 d7 9b 26 45 53 c5 7d 42 f8 e3 a1 c3 d7 9b 26 45 ed 5e 7b 42 00 00 80 3e 00 00 00 00 00 00 00 00 08 cc 84 43",""
405,3012,"RPC","IN",122,2,"StopObject","id=122 bytes=2","38 00",""
406,3012,"RPC","IN",99,42,"MoveObject","id=99 bytes=42","38 00 f8 e3 a1 c3 d7 9b 26 45 53 c5 7d 42 f8 e3 a1 c3 d7 9b 26 45 53 c5 7d 42 00 00 80 3e 00 00 00 00 00 00 00 00 08 cc 84 43",""
407,3012,"RPC","IN",122,2,"StopObject","id=122 bytes=2","38 00",""
408,3012,"RPC","IN",99,42,"MoveObject","id=99 bytes=42","38 00 f8 e3 a1 c3 d7 9b 26 45 53 c5 7d 42 f8 e3 a1 c3 d7 9b 26 45 ed 5e 7b 42 00 00 80 3e 00 00 00 00 00 00 00 00 08 cc 84 43",""
409,3012,"RPC","IN",122,2,"StopObject","id=122 bytes=2","38 00",""
410,3012,"RPC","IN",99,42,"MoveObject","id=99 bytes=42","38 00 f8 e3 a1 c3 d7 9b 26 45 53 c5 7d 42 f8 e3 a1 c3 d7 9b 26 45 53 c5 7d 42 00 00 80 3e 00 00 00 00 00 00 00 00 08 cc 84 43",""
411,3012,"PACKET","IN",207,45,"PlayerSync","id=207 bytes=45","cf 4b 00 b7 80 7b bf c0 00 1e 2f 26 30 fe 05 c9 51 51 04 5f 50 84 00 00 00 03 9f ba 00 00 01 ed 8c 18 f7 dc 7d 7c af fd fd a5 04 04 80",""
412,3012,"PACKET","IN",207,35,"PlayerSync","id=207 bytes=35","cf 60 00 00 00 26 94 e5 b0 f3 00 49 d1 6c 24 9f 10 80 00 00 00 02 2a 1d c0 00 00 00 00 00 01 28 00 04 11",""
413,3012,"PACKET","IN",207,35,"PlayerSync","id=207 bytes=35","cf 83 00 00 00 08 58 a5 b0 cc 06 09 d1 6c 24 9f 10 80 00 00 00 02 4a 06 40 00 00 00 00 00 01 a5 04 e8 80",""
414,3013,"PACKET","IN",207,45,"PlayerSync","id=207 bytes=45","cf 88 00 8d 00 74 3f c0 00 06 11 e6 30 ed c9 c9 51 72 1a 1f 50 84 00 00 00 02 3f fe 80 00 03 e7 64 64 f4 0d c7 84 03 fd fd c8 04 04 80",""
415,3013,"PACKET","IN",207,45,"PlayerSync","id=207 bytes=45","cf 4b 00 be 80 7a bf c0 00 30 30 26 30 d8 05 c9 51 74 c4 5f 50 84 00 00 00 00 43 be 00 00 01 55 90 18 f4 a4 a8 2c 87 fd fd a5 04 04 80",""
416,3013,"PACKET","IN",207,35,"PlayerSync","id=207 bytes=35","cf 63 00 00 00 32 ca a3 30 d3 66 89 91 6c 9f 1e 90 84 00 00 00 00 aa c4 40 00 00 00 00 00 01 28 00 04 11",""
417,3013,"PACKET","IN",203,34,"AimSync","id=203 bytes=34","cb 63 00 04 fd 53 6e bf 11 08 b8 3e 89 2b 83 bd 58 48 8b c3 5f 8f 26 45 be 5f 7d 42 00 00 00 00 3f 1a",""
418,3032,"PACKET","IN",207,41,"PlayerSync","id=207 bytes=41","cf 76 00 00 00 24 45 62 b0 c6 29 09 91 6f 1b 5e 90 84 00 00 00 03 09 0b 40 00 03 ce 86 6c ec 00 03 fd ff fd fd 00 00 00 80",""
419,3033,"PACKET","IN",207,45,"PlayerSync","id=207 bytes=45","cf 88 00 8d 00 74 3f c0 01 2a 91 e6 30 c8 89 c9 51 67 59 1f 50 84 00 00 00 01 c7 fe 80 00 02 ff 68 64 f7 ed bc 04 07 fd fd c8 04 04 80",""
420,3052,"PACKET","IN",200,44,"VehicleSync","id=200 bytes=44","c8 2d 00 3d 00 a1 ff 00 00 20 00 25 d0 6e 10 85 10 33 36 5a cc 3c 52 52 74 57 2f 67 f4 27 cd a9 23 da d9 61 30 28 88 3e 80 3f 00 00",""
421,3053,"PACKET","IN",207,45,"PlayerSync","id=207 bytes=45","cf 4b 00 bf 00 7a ff c0 00 03 71 66 30 f1 c5 89 51 58 84 9f 50 84 00 00 00 00 1f ba 00 00 01 79 90 18 f5 fc aa f8 83 fd fd a5 04 04 80",""
422,3053,"PACKET","IN",207,45,"PlayerSync","id=207 bytes=45","cf 88 00 8d 00 74 3f c0 01 3d 91 e6 30 f6 89 89 51 66 58 9f 50 84 00 00 00 01 93 fe 80 00 00 c8 53 e0 f0 f5 bc 68 07 fd fd c8 04 04 80",""
423,3079,"PACKET","IN",207,35,"PlayerSync","id=207 bytes=35","cf 85 00 00 00 27 4d 62 f0 cc e9 09 91 55 da de 90 84 00 00 00 00 1e 8d 80 00 00 00 00 00 01 a5 04 e8 80",""
424,3079,"PACKET","IN",207,45,"PlayerSync","id=207 bytes=45","cf 88 00 8d 00 73 ff c0 01 1f 92 26 30 d7 89 89 51 48 97 df 50 84 00 00 00 01 7b fe 80 00 03 44 53 e0 f3 0d b8 a8 07 fd fd c8 04 04 80",""
425,3079,"PACKET","IN",207,45,"PlayerSync","id=207 bytes=45","cf 4b 00 bf 00 7b 3f c0 00 13 f2 a6 30 c5 05 89 51 45 04 df 50 84 00 00 00 03 8f b2 00 00 02 2a 7c 54 f5 98 a2 ac 8b fd fd a5 04 04 80",""
426,3079,"PACKET","IN",207,45,"PlayerSync","id=207 bytes=45","cf 88 00 8d 00 73 ff c0 01 05 92 66 30 f6 49 49 51 5a 96 df 50 84 00 00 00 01 23 fe 80 00 01 94 5b e0 f2 31 b5 58 07 fd fd c8 04 04 80",""
427,3079,"RPC","IN",105,7,"TextDrawSetString","id=105 bytes=7 | TextDrawID=2086 length=3 text=""100""","26 08 03 00 31 30 30",""
428,3080,"RPC","IN",105,5,"TextDrawSetString","id=105 bytes=5 | TextDrawID=2087 length=1 text=""0""","27 08 01 00 30",""
429,3080,"RPC","IN",105,6,"TextDrawSetString","id=105 bytes=6 | TextDrawID=2088 length=2 text=""46""","28 08 02 00 34 36",""
430,3080,"RPC","IN",105,5,"TextDrawSetString","id=105 bytes=5 | TextDrawID=2089 length=1 text=""2""","29 08 01 00 32",""
431,3080,"RPC","IN",105,7,"TextDrawSetString","id=105 bytes=7 | TextDrawID=2090 length=3 text=""100""","2a 08 03 00 31 30 30",""
432,3099,"PACKET","IN",207,41,"PlayerSync","id=207 bytes=41","cf 76 00 00 00 27 85 e2 b0 ca a9 09 91 65 db 5e 90 84 00 00 00 00 a9 6f 40 00 02 66 a5 20 ec 00 03 fd ff fd fd 00 00 00 80",""
433,3120,"PACKET","IN",207,45,"PlayerSync","id=207 bytes=45","cf 4b 00 bf 00 7b ff c0 00 27 33 e6 30 da 05 49 51 72 84 df 50 84 00 00 00 02 e3 aa 00 00 00 4b 28 68 f4 c8 9b 24 93 fd fd a5 04 04 80",""
434,3121,"PACKET","IN",207,41,"PlayerSync","id=207 bytes=41","cf 88 00 00 00 3d d2 66 30 c9 09 49 51 57 15 9f 50 84 00 00 00 00 d7 fe 80 00 02 04 63 e0 f3 fd ae 48 07 fd fd a5 04 04 80",""
435,3121,"RPC","IN",86,27,"ApplyPlayerAnimation","id=86 bytes=27","0b 00 07 42 44 5f 46 49 52 45 07 77 61 73 68 5f 75 70 33 33 83 40 80 00 00 00 00",""
436,3149,"RPC","IN",16,16,"PlaySound","id=16 bytes=16","42 51 00 00 00 00 00 00 00 00 00 00 00 00 00 00",""
437,3149,"RPC","IN",134,80,"ShowTextDraw","id=134 bytes=80","2c 08 11 9a 99 19 3f 00 00 00 40 1a ff 00 aa 33 33 a3 42 00 00 a0 41 00 00 00 32 00 01 00 00 00 ff 04 00 00 00 59 43 00 00 b8 43 00 00 00 00 00 00 00 00 00 00 00 00 00 00 00 00 80 3f ff ff ff ff 0d 00 6c 64 5f 64 75 61 6c 3a 77 68 69 74 65",""
438,3175,"PACKET","IN",200,44,"VehicleSync","id=200 bytes=44","c8 2d 00 3d 00 a1 ff 00 00 20 00 2b 90 6e 80 8b 60 63 95 da cc 3c 01 f2 74 53 e0 18 04 25 57 1a 53 df 59 3a 20 11 d8 4e 80 3f 00 00",""
439,3175,"PACKET","IN",207,45,"PlayerSync","id=207 bytes=45","cf 4b 00 bf 00 7c 3f c0 00 16 35 a6 30 e7 c5 09 51 6d 85 1f 50 84 00 00 00 00 d3 a6 00 00 02 ab 24 68 f5 3c 8b 20 a3 fd fd a5 04 04 80",""
440,3176,"PACKET","IN",203,34,"AimSync","id=203 bytes=34","cb 4b 00 04 29 aa e0 3e 39 db 30 bf 5d 1a 13 bf ab 87 99 c3 d2 37 25 45 b0 63 83 42 00 00 00 00 3f 22",""
441,3176,"PACKET","IN",207,35,"PlayerSync","id=207 bytes=35","cf 7e 00 00 00 06 2c 66 b0 e3 c4 49 d1 7b 67 1f 10 84 00 00 00 01 0e 83 94 00 00 00 00 00 01 28 00 04 11",""
442,3176,"PACKET","IN",207,35,"PlayerSync","id=207 bytes=35","cf 54 00 00 00 38 c3 63 30 ca de 89 91 59 1e de 90 84 00 00 00 01 da 3e c0 00 00 00 00 00 01 28 00 04 11",""
443,3197,"PACKET","IN",207,49,"PlayerSync","id=207 bytes=49","cf 30 00 00 00 05 42 e6 f0 f1 d7 49 d1 7b 67 1f 10 84 00 00 00 02 42 33 00 00 00 00 00 00 03 ff fe 00 00 00 00 00 00 00 00 00 00 00 01 28 00 04 11",""
444,3197,"PACKET","IN",207,41,"PlayerSync","id=207 bytes=41","cf 4b 00 00 00 35 f7 26 30 fa 44 c9 51 6c 05 5f 50 84 00 00 00 00 d3 a6 00 00 01 9b 24 68 f7 38 7e 38 af fd fd a5 04 04 80",""
445,3197,"PACKET","IN",207,49,"PlayerSync","id=207 bytes=49","cf 5d 00 00 00 2f c2 a6 f0 db c5 09 d1 7b 67 1f 10 84 00 00 00 00 1b 0f e0 00 00 00 00 00 03 ff fe 00 00 00 00 00 00 00 00 00 00 00 01 00 00 00 80",""
446,3197,"PACKET","IN",207,41,"PlayerSync","id=207 bytes=41","cf 76 00 00 00 16 06 22 b0 cc a9 09 91 62 9b 5e 90 84 00 00 00 00 a9 6f 40 00 01 09 15 9c e7 3c aa 1f 7f fd fd 00 00 00 80",""
447,3197,"PACKET","IN",207,41,"PlayerSync","id=207 bytes=41","cf 88 00 00 00 39 d2 e6 30 e7 48 c9 51 5c 52 df 50 84 00 00 00 00 d7 fe 80 00 03 12 22 a8 f3 fd ae 48 07 fd fd a5 04 04 80",""
448,3198,"PACKET","OUT",207,69,"PlayerSync","id=207 bytes=69","cf 00 00 00 00 00 00 04 8d a0 c3 f8 22 27 45 ed 9c 7c 42 35 df 41 3f 00 00 00 80 00 00 00 00 7d 2e 27 bf 64 00 04 00 00 00 00 00 00 00 00 00 00 00 00 00 00 00 00 00 00 00 00 00 00 00 00 00 00 00 28 00 04 11",""
449,3218,"PACKET","IN",207,35,"PlayerSync","id=207 bytes=35","cf 5e 00 00 00 38 a6 68 30 cb 04 89 d1 7b 67 1f 10 80 00 00 00 03 cb ff 40 00 00 00 00 00 01 28 00 04 11",""
450,3218,"PACKET","IN",203,34,"AimSync","id=203 bytes=34","cb 5e 00 04 40 97 75 bf 42 0a f1 3c 45 ba 8f be 7c 8a 9e c3 26 10 27 45 02 eb 81 42 00 00 00 00 3f 3a",""
451,3218,"PACKET","IN",207,49,"PlayerSync","id=207 bytes=49","cf ab 00 00 00 0a da a5 b0 d8 cd 09 d1 6c 24 9f 10 80 00 00 00 03 ef 77 c0 00 00 00 00 00 03 ff fe 00 00 00 00 00 00 00 00 00 00 00 01 28 00 04 11",""
452,3247,"PACKET","IN",207,35,"PlayerSync","id=207 bytes=35","cf 1b 00 00 00 26 4a e3 30 df 1b c9 91 70 9f 1e 90 84 00 00 00 00 c6 de c0 00 00 00 00 00 01 28 00 04 11",""
453,3247,"PACKET","IN",200,44,"VehicleSync","id=200 bytes=44","c8 2d 00 3d 00 a1 ff 00 00 20 00 21 d0 7f 70 88 d0 aa c5 5a cc 30 11 92 74 58 e0 88 04 24 34 eb 73 d8 f9 02 60 15 98 4e 80 3f 00 00",""
454,3287,"PACKET","IN",207,35,"PlayerSync","id=207 bytes=35","cf 0b 00 00 00 26 e3 e3 70 fb 2c c9 91 58 1f 9e 90 80 00 00 00 02 ce f7 c0 00 00 00 00 00 01 28 00 04 11",""
455,3287,"PACKET","IN",207,35,"PlayerSync","id=207 bytes=35","cf 76 00 00 00 16 06 22 b0 cc a9 09 91 62 9b 5e 90 84 00 00 00 00 a9 6f 40 00 00 00 00 00 01 00 00 00 80",""
456,3288,"PACKET","IN",207,41,"PlayerSync","id=207 bytes=41","cf 88 00 00 00 08 53 66 30 e8 c8 89 51 5d 91 1f 50 84 00 00 00 00 d7 fe 80 00 02 45 bc d8 f3 fd ae 48 07 fd fd a5 04 04 80",""
457,3288,"PACKET","IN",207,35,"PlayerSync","id=207 bytes=35","cf 4b 00 00 00 1b b7 66 30 f6 04 c9 51 72 45 5f 50 84 00 00 00 00 d3 a6 00 00 00 00 00 00 01 a5 04 04 80",""
458,3288,"PACKET","IN",207,39,"PlayerSync","id=207 bytes=39","cf 76 00 80 80 7f bf c0 00 16 06 22 b0 cc a9 09 91 62 9b 5e 90 84 00 00 00 00 c5 3b 40 00 00 00 00 00 01 00 00 00 80",""
459,3313,"PACKET","IN",207,35,"PlayerSync","id=207 bytes=35","cf 02 00 00 00 21 de e2 b0 cc 69 09 91 7d 9a 1e 90 84 00 00 00 00 2c 23 80 00 00 00 00 00 01 28 00 04 11",""
460,3314,"PACKET","IN",203,34,"AimSync","id=203 bytes=34","cb 02 00 04 e3 63 72 bf 43 3d 16 be 61 97 92 be b4 00 8a c3 93 a6 26 45 86 f8 7d 42 00 00 00 00 3f 36",""
461,3322,"PACKET","OUT",203,32,"AimSync","id=203 bytes=32","cb 00 00 00 39 05 00 00 00 00 00 00 00 00 00 00 00 40 01 00 00 00 80 3f 00 00 f3 04 b5 3f 39 05",""
462,3338,"PACKET","IN",200,44,"VehicleSync","id=200 bytes=44","c8 2d 00 3d 00 a1 ff 00 00 00 00 2f 60 6f 50 82 80 ef 14 fa cc 3f e1 22 74 51 50 f8 04 2a e2 ca f3 df 78 dd 60 05 a8 4e 80 3f 00 00",""
463,3344,"PACKET","IN",203,34,"AimSync","id=203 bytes=34","cb 2d 00 12 8d 35 b1 3e 86 1f f4 3e 27 d9 4e bf 19 cc ae c3 72 a5 26 45 e6 ee 9c 42 00 00 00 00 3f 28",""
464,3344,"PACKET","IN",207,45,"PlayerSync","id=207 bytes=45","cf 76 00 8b 00 79 3f c0 00 19 c6 62 b0 cc a9 09 91 5d 9b 5e 90 84 00 00 00 02 60 cf 40 00 02 cb 5a 58 ec 00 03 fd ff fd fd 00 00 00 80",""
465,3345,"PACKET","IN",207,35,"PlayerSync","id=207 bytes=35","cf 43 00 00 00 0a b5 62 f0 c0 68 49 91 71 de 1e 90 84 00 00 00 01 28 53 00 00 00 00 00 00 01 28 00 04 11",""
466,3345,"PACKET","IN",207,35,"PlayerSync","id=207 bytes=35","cf 57 00 00 00 02 e3 63 70 d2 da c9 91 7b a3 1e 90 80 00 00 00 01 ce b5 80 00 00 00 00 00 01 28 00 04 11",""
467,3345,"PACKET","IN",207,45,"PlayerSync","id=207 bytes=45","cf 76 00 91 80 74 ff c0 00 38 c6 62 b0 cc a9 09 91 5b 9b 5e 90 84 00 00 00 00 34 9b 40 00 03 02 ca 58 ec 00 03 fd ff fd fd 00 00 00 80",""
468,3345,"PACKET","IN",207,41,"PlayerSync","id=207 bytes=41","cf 88 00 00 00 26 13 66 30 d1 88 89 51 77 50 5f 50 84 00 00 00 00 d7 fe 80 00 03 15 87 20 eb fd ae 48 07 fd fd a5 04 04 80",""
469,3364,"PACKET","IN",207,35,"PlayerSync","id=207 bytes=35","cf 27 00 00 00 32 0b 23 30 f3 e2 09 91 73 1f 1e 90 84 00 00 00 03 bf 3e 80 00 00 00 00 00 01 28 00 04 11",""
470,3364,"PACKET","IN",207,45,"PlayerSync","id=207 bytes=45","cf 76 00 93 80 73 7f c0 00 10 06 a2 b0 cc a9 09 91 59 db 5e 90 84 00 00 00 01 90 63 40 00 03 03 15 84 ec 00 03 fd ff fd fd 00 00 00 80",""
471,3364,"PACKET","IN",207,35,"PlayerSync","id=207 bytes=35","cf 7c 00 00 00 34 2e 22 70 cc 29 09 91 53 dd 1e 90 84 00 00 00 02 b8 32 40 00 00 00 00 00 01 28 00 04 11",""
472,3384,"PACKET","IN",207,45,"PlayerSync","id=207 bytes=45","cf 76 00 96 80 71 ff c0 00 23 46 a2 b0 cc a9 09 91 58 9b 5e 90 84 00 00 00 02 7c 2b 40 00 02 87 40 e8 ec 00 03 fd ff fd fd 00 00 00 80",""
473,3411,"PACKET","IN",207,35,"PlayerSync","id=207 bytes=35","cf a6 00 00 00 32 2a 23 30 fa d3 c9 91 60 20 9e 90 84 00 00 00 00 88 0f c0 00 00 00 00 00 01 28 00 04 11",""
474,3411,"PACKET","IN",207,45,"PlayerSync","id=207 bytes=45","cf 76 00 9c 00 6f bf c0 00 28 46 a2 b0 cc a9 09 91 58 1b 5e 90 80 00 00 00 00 38 47 40 00 02 24 ec 24 eb ff ff fd ff fd fd 00 00 00 80",""
475,3412,"PACKET","IN",203,34,"AimSync","id=203 bytes=34","cb 76 00 04 2e 63 50 3e 8d 05 75 3f 2a 24 53 be 75 4b 8a c3 7f 87 26 45 8a 5f 7e 42 00 00 00 00 3f ff",""
476,3434,"PACKET","IN",200,44,"VehicleSync","id=200 bytes=44","c8 2d 00 3d 00 00 00 00 00 00 00 21 80 72 e0 94 a1 1a d4 da cc 3e 10 c2 74 5b c1 68 04 20 18 3a 83 df 87 f1 d0 07 38 5e 80 3f 00 00",""
477,3435,"PACKET","IN",207,35,"PlayerSync","id=207 bytes=35","cf 46 00 00 00 1b 70 e6 b0 e7 7f 49 91 7b 67 1f 10 84 00 00 00 00 f1 9b c0 00 00 00 00 00 01 28 00 04 11",""
478,3435,"PACKET","IN",207,45,"PlayerSync","id=207 bytes=45","cf 76 00 9c 00 6f 7f c0 00 15 46 a2 b0 cc a9 09 91 59 9b 5e 90 80 00 00 00 03 24 7b 40 00 03 f7 2c dc ef ff ff fd ff fd fd 00 00 00 80",""
479,3435,"PACKET","IN",207,41,"PlayerSync","id=207 bytes=41","cf 76 00 00 00 39 46 62 b0 cc a9 09 91 5b 9b 5e 90 80 00 00 00 01 b0 b3 40 00 00 e4 a6 20 ef ff ff fd ff fd fd 00 00 00 80",""
480,3436,"PACKET","IN",207,35,"PlayerSync","id=207 bytes=35","cf 88 00 00 00 26 53 66 30 d1 48 89 51 75 90 5f 50 84 00 00 00 00 d7 fe 80 00 00 00 00 00 01 a5 04 04 80",""
481,3461,"RPC","IN",86,27,"ApplyPlayerAnimation","id=86 bytes=27","85 00 07 42 44 5f 46 49 52 45 07 77 61 73 68 5f 75 70 33 33 83 40 80 00 00 00 00",""
482,3461,"PACKET","IN",207,35,"PlayerSync","id=207 bytes=35","cf 1f 00 00 00 05 25 a8 30 e1 ff 09 91 7b 67 1f 10 84 00 00 00 03 0b 6f 00 00 00 00 00 00 01 28 00 04 11",""
483,3461,"PACKET","IN",203,34,"AimSync","id=203 bytes=34","cb 1f 00 04 e6 5b 38 3f 8a ef 20 bf a2 4c 96 be 1f cc a1 c3 5c 1e 27 45 30 7b 81 42 00 00 00 00 3f 22",""
484,3461,"PACKET","IN",207,35,"PlayerSync","id=207 bytes=35","cf 55 00 00 00 0a e6 e8 30 db d3 c9 d1 7b 67 1f 10 84 00 00 00 00 13 15 80 00 00 00 00 00 01 28 00 04 11",""
485,3461,"PACKET","IN",207,35,"PlayerSync","id=207 bytes=35","cf 7e 00 00 00 06 2c 66 b0 e3 c4 49 d1 7b 67 1f 10 84 00 00 00 01 0e 83 94 00 00 00 00 00 01 a5 04 e8 80",""
486,3481,"PACKET","IN",207,35,"PlayerSync","id=207 bytes=35","cf 4f 00 00 00 23 be 26 b0 e1 f7 49 91 7b 67 1f 10 80 00 00 00 02 58 c5 c0 00 00 00 00 00 01 28 00 04 11",""
487,3520,"PACKET","IN",200,44,"VehicleSync","id=200 bytes=44","c8 2d 00 3d 00 00 00 00 00 00 00 25 e0 79 f0 9c b1 2d f5 0a cc 3d 80 62 74 5d e1 f8 04 2f fb 2a 03 d3 c7 3c b0 04 b8 6e 80 3f 00 00",""
488,3520,"PACKET","IN",207,37,"PlayerSync","id=207 bytes=37","cf 4b 00 7f ff c0 00 1b b7 66 30 f6 04 c9 51 72 45 5f 50 84 00 00 00 01 83 ce 00 00 00 00 00 00 01 a5 04 04 80",""
489,3546,"PACKET","IN",207,41,"PlayerSync","id=207 bytes=41","cf 76 00 00 00 3f 05 a2 b0 cc a9 09 91 68 9b 5e 90 80 00 00 00 00 11 bb 40 00 02 88 db 40 ef ff ff fd ff fd fd 00 00 00 80",""
490,3546,"PACKET","IN",207,35,"PlayerSync","id=207 bytes=35","cf 92 00 00 00 19 24 63 70 da e4 c9 91 47 23 5e 90 80 00 00 00 03 07 35 c0 00 00 00 00 00 01 a5 04 04 80",""
491,3572,"PACKET","IN",207,45,"PlayerSync","id=207 bytes=45","cf 4b 00 f9 ff f8 7f c0 00 23 38 66 30 c8 c4 c9 51 5c 85 9f 50 84 00 00 00 02 3f ea 00 00 03 fd 8c 18 f6 18 d2 78 63 fd fd a5 04 04 80",""
492,3572,"PACKET","IN",207,35,"PlayerSync","id=207 bytes=35","cf 60 00 00 00 26 94 e5 b0 f3 00 49 d1 6c 24 9f 10 80 00 00 00 02 2a 1d c0 00 00 00 00 00 01 28 00 04 11",""
493,3572,"PACKET","IN",207,35,"PlayerSync","id=207 bytes=35","cf 83 00 00 00 08 58 a5 b0 cc 06 09 d1 6c 24 9f 10 80 00 00 00 02 4a 06 40 00 00 00 00 00 01 a5 04 e8 80",""
494,3573,"PACKET","IN",203,34,"AimSync","id=203 bytes=34","cb 83 00 04 a2 85 73 3f 14 8b 9d 3e b1 86 a9 bc 89 89 97 c3 3f 0c 27 45 8b 2c 7f 42 00 00 00 00 3f c6",""
495,3596,"PACKET","IN",207,41,"PlayerSync","id=207 bytes=41","cf 4b 00 00 00 08 f9 26 30 d9 84 89 51 75 85 9f 50 84 00 00 00 02 3f fa 00 00 01 9d 94 18 f6 8d 33 04 2b fd fd a5 04 04 80",""
496,3615,"PACKET","IN",200,44,"VehicleSync","id=200 bytes=44","c8 2d 00 3d 00 00 00 00 00 08 00 24 b0 7b b0 93 f1 38 15 6a cc 34 50 12 74 5f c2 88 04 2a 05 48 a3 dd e6 f3 00 19 28 6e 80 3f 00 00",""
497,3615,"PACKET","IN",207,35,"PlayerSync","id=207 bytes=35","cf 76 00 00 00 23 c5 22 b0 cc a9 09 91 73 9b 5e 90 80 00 00 00 00 05 c3 40 00 01 86 98 c8 d9 00 00 00 80",""
498,3616,"PACKET","IN",207,35,"PlayerSync","id=207 bytes=35","cf 85 00 00 00 27 4d 62 f0 cc e9 09 91 55 da de 90 84 00 00 00 00 1e 8d 80 00 00 00 00 00 01 28 00 04 11",""
499,3616,"PACKET","IN",203,34,"AimSync","id=203 bytes=34","cb 85 00 04 93 be 3d 3e 96 84 77 3f 00 cf 33 be 47 62 8b c3 11 87 26 45 5a 24 7e 42 00 00 00 00 3f c6",""
500,3663,"RPC","IN",105,19,"TextDrawSetString","id=105 bytes=19 | TextDrawID=303 length=15 text=""09 Agustus 2026""","2f 01 0f 00 30 39 20 41 67 75 73 74 75 73 20 32 30 32 36",""
501,3663,"RPC","IN",105,12,"TextDrawSetString","id=105 bytes=12 | TextDrawID=304 length=8 text=""12:27:14""","30 01 08 00 31 32 3a 32 37 3a 31 34",""
502,3682,"PACKET","IN",207,41,"PlayerSync","id=207 bytes=41","cf 4b 00 00 00 2a b9 e6 30 cf c4 89 51 5c 45 df 50 80 00 00 00 00 bf e6 00 00 03 f8 d5 c4 eb c9 04 2c 43 fd fd a5 04 04 80",""
503,3682,"PACKET","OUT",205,9,"UNKNOWN_PACKET","id=205 bytes=9","cd b8 4a 04 00 00 00 00 00",""
504,3705,"PACKET","IN",207,41,"PlayerSync","id=207 bytes=41","cf 76 00 00 00 06 05 22 b0 cc a9 09 91 75 db 5e 90 80 00 00 00 00 05 c3 40 00 01 40 d5 1c e6 db 93 f7 3b fd fd 00 00 00 80",""
505,3730,"PACKET","IN",200,44,"VehicleSync","id=200 bytes=44","c8 2d 00 3d 00 0a 00 00 00 00 00 26 90 76 30 95 91 3d 75 ca cc 35 df c2 64 56 73 28 04 2e 99 78 03 d4 56 a1 e0 22 08 8e 80 3f 00 00",""
506,3730,"RPC","IN",86,27,"ApplyPlayerAnimation","id=86 bytes=27","83 00 07 42 44 5f 46 49 52 45 07 77 61 73 68 5f 75 70 33 33 83 40 80 00 00 00 00",""
507,3730,"PACKET","IN",207,49,"PlayerSync","id=207 bytes=49","cf ab 00 00 00 0a da a5 b0 d8 cd 09 d1 6c 24 9f 10 80 00 00 00 03 ef 77 c0 00 00 00 00 00 03 ff fe 00 00 00 00 00 00 00 00 00 00 00 01 28 00 04 11",""
508,3731,"PACKET","IN",207,35,"PlayerSync","id=207 bytes=35","cf ae 00 00 00 15 54 e5 b0 e3 79 09 91 6c 24 9f 10 80 00 00 00 00 c6 db 00 00 00 00 00 00 01 28 00 04 11",""
509,3731,"PACKET","IN",203,34,"AimSync","id=203 bytes=34","cb ae 00 04 01 31 46 be 8b f5 74 3f 02 d9 5d be 2e 1f 96 c3 51 c4 26 45 18 66 80 42 00 00 00 00 3f 3a",""
510,3750,"RPC","IN",99,42,"MoveObject","id=99 bytes=42","38 00 f8 e3 a1 c3 d7 9b 26 45 53 c5 7d 42 f8 e3 a1 c3 d7 9b 26 45 ed 5e 7b 42 00 00 80 3e 00 00 00 00 00 00 00 00 08 cc 84 43",""
511,3751,"RPC","IN",122,2,"StopObject","id=122 bytes=2","38 00",""
512,3751,"RPC","IN",99,42,"MoveObject","id=99 bytes=42","38 00 f8 e3 a1 c3 d7 9b 26 45 53 c5 7d 42 f8 e3 a1 c3 d7 9b 26 45 53 c5 7d 42 00 00 80 3e 00 00 00 00 00 00 00 00 08 cc 84 43",""
513,3751,"RPC","IN",122,2,"StopObject","id=122 bytes=2","38 00",""
514,3752,"RPC","IN",99,42,"MoveObject","id=99 bytes=42","38 00 f8 e3 a1 c3 d7 9b 26 45 53 c5 7d 42 f8 e3 a1 c3 d7 9b 26 45 ed 5e 7b 42 00 00 80 3e 00 00 00 00 00 00 00 00 08 cc 84 43",""
515,3752,"RPC","IN",122,2,"StopObject","id=122 bytes=2","38 00",""
516,3752,"RPC","IN",99,42,"MoveObject","id=99 bytes=42","38 00 f8 e3 a1 c3 d7 9b 26 45 53 c5 7d 42 f8 e3 a1 c3 d7 9b 26 45 53 c5 7d 42 00 00 80 3e 00 00 00 00 00 00 00 00 08 cc 84 43",""
517,3752,"RPC","IN",122,2,"StopObject","id=122 bytes=2","38 00",""
518,3752,"RPC","IN",99,42,"MoveObject","id=99 bytes=42","38 00 f8 e3 a1 c3 d7 9b 26 45 53 c5 7d 42 f8 e3 a1 c3 d7 9b 26 45 ed 5e 7b 42 00 00 80 3e 00 00 00 00 00 00 00 00 08 cc 84 43",""
519,3752,"RPC","IN",122,2,"StopObject","id=122 bytes=2","38 00",""
520,3752,"RPC","IN",99,42,"MoveObject","id=99 bytes=42","38 00 f8 e3 a1 c3 d7 9b 26 45 53 c5 7d 42 f8 e3 a1 c3 d7 9b 26 45 53 c5 7d 42 00 00 80 3e 00 00 00 00 00 00 00 00 08 cc 84 43",""
521,3752,"RPC","IN",122,2,"StopObject","id=122 bytes=2","38 00",""
522,3753,"RPC","IN",99,42,"MoveObject","id=99 bytes=42","38 00 f8 e3 a1 c3 d7 9b 26 45 53 c5 7d 42 f8 e3 a1 c3 d7 9b 26 45 ed 5e 7b 42 00 00 80 3e 00 00 00 00 00 00 00 00 08 cc 84 43",""
523,3753,"RPC","IN",122,2,"StopObject","id=122 bytes=2","38 00",""
524,3753,"RPC","IN",99,42,"MoveObject","id=99 bytes=42","38 00 f8 e3 a1 c3 d7 9b 26 45 53 c5 7d 42 f8 e3 a1 c3 d7 9b 26 45 53 c5 7d 42 00 00 80 3e 00 00 00 00 00 00 00 00 08 cc 84 43",""
525,3753,"RPC","IN",122,2,"StopObject","id=122 bytes=2","38 00",""
526,3753,"RPC","IN",99,42,"MoveObject","id=99 bytes=42","38 00 f8 e3 a1 c3 d7 9b 26 45 53 c5 7d 42 f8 e3 a1 c3 d7 9b 26 45 ed 5e 7b 42 00 00 80 3e 00 00 00 00 00 00 00 00 08 cc 84 43",""
527,3753,"RPC","IN",122,2,"StopObject","id=122 bytes=2","38 00",""
528,3753,"RPC","IN",99,42,"MoveObject","id=99 bytes=42","38 00 f8 e3 a1 c3 d7 9b 26 45 53 c5 7d 42 f8 e3 a1 c3 d7 9b 26 45 53 c5 7d 42 00 00 80 3e 00 00 00 00 00 00 00 00 08 cc 84 43",""
529,3753,"PACKET","IN",207,35,"PlayerSync","id=207 bytes=35","cf b2 00 00 00 01 e5 62 f0 f2 25 c9 91 76 5d 5e 90 84 00 00 00 00 94 12 80 00 00 00 00 00 01 28 00 04 11",""
530,3753,"PACKET","IN",203,34,"AimSync","id=203 bytes=34","cb b2 00 04 72 7e d0 3e 2c c0 65 3f 60 95 2d be 7b 14 8c c3 aa 74 26 45 b6 84 7e 42 00 00 00 00 3f 36",""
531,3780,"PACKET","IN",207,49,"PlayerSync","id=207 bytes=49","cf 30 00 00 00 05 42 e6 f0 f1 d7 49 d1 7b 67 1f 10 84 00 00 00 02 42 33 00 00 00 00 00 00 03 ff fe 00 00 00 00 00 00 00 00 00 00 00 01 28 00 04 11",""
532,3780,"PACKET","IN",207,35,"PlayerSync","id=207 bytes=35","cf 54 00 00 00 38 c3 63 30 ca de 89 91 59 1e de 90 84 00 00 00 01 da 3e c0 00 00 00 00 00 01 28 00 04 11",""
533,3780,"PACKET","IN",200,44,"VehicleSync","id=200 bytes=44","c8 2d 00 3d 00 43 00 00 00 00 00 28 e0 71 40 90 b1 36 46 2a cc 33 7f 92 64 5a d3 98 04 2b c4 c7 23 d2 76 2d f0 33 f8 9e 80 3f 00 00",""
534,3780,"PACKET","IN",207,41,"PlayerSync","id=207 bytes=41","cf 4b 00 00 00 1d f9 26 30 ca 04 89 51 78 05 9f 50 80 00 00 00 01 cb 66 00 00 01 4e 27 b0 ec 07 90 70 c3 fd fd a5 04 04 80",""
535,3780,"PACKET","IN",207,49,"PlayerSync","id=207 bytes=49","cf 5d 00 00 00 2f c2 a6 f0 db c5 09 d1 7b 67 1f 10 84 00 00 00 00 1b 0f e0 00 00 00 00 00 03 ff fe 00 00 00 00 00 00 00 00 00 00 00 01 00 00 00 80",""
536,3780,"PACKET","IN",207,35,"PlayerSync","id=207 bytes=35","cf 76 00 00 00 06 05 22 b0 cc a9 09 91 75 db 5e 90 80 00 00 00 00 05 c3 40 00 00 00 00 00 01 00 00 00 80",""
537,3781,"PACKET","OUT",207,69,"PlayerSync","id=207 bytes=69","cf 00 00 00 00 00 00 04 8d a0 c3 f8 22 27 45 ed 9c 7c 42 35 df 41 3f 00 00 00 80 00 00 00 00 7d 2e 27 bf 64 00 04 00 00 00 00 00 00 00 00 00 00 00 00 00 00 00 00 00 00 00 00 00 00 00 00 00 00 00 28 00 04 11",""
538,3802,"PACKET","IN",207,35,"PlayerSync","id=207 bytes=35","cf 1b 00 00 00 26 4a e3 30 df 1b c9 91 70 9f 1e 90 84 00 00 00 00 c6 de c0 00 00 00 00 00 01 28 00 04 11",""
539,3803,"PACKET","IN",207,39,"PlayerSync","id=207 bytes=39","cf 76 00 fd 7f fc 3f c0 00 06 05 22 b0 cc a9 09 91 75 db 5e 90 80 00 00 00 01 9d 8f 40 00 00 00 00 00 01 00 00 00 80",""
540,3831,"PACKET","IN",207,35,"PlayerSync","id=207 bytes=35","cf 0b 00 00 00 26 e3 e3 70 fb 2c c9 91 58 1f 9e 90 80 00 00 00 02 ce f7 c0 00 00 00 00 00 01 28 00 04 11",""
541,3831,"PACKET","IN",207,45,"PlayerSync","id=207 bytes=45","cf 76 00 fb 7f f9 ff c0 00 06 05 22 b0 cc a9 09 91 75 db 5e 90 80 00 00 00 02 35 5b 40 00 01 25 17 d4 df 6a 0b db ff fd fd 00 00 00 80",""
542,3848,"PACKET","OUT",203,32,"AimSync","id=203 bytes=32","cb 00 00 00 39 05 00 00 00 00 00 00 00 00 00 00 00 40 01 00 00 00 80 3f 00 00 f3 04 b5 3f 39 05",""
543,3855,"PACKET","IN",200,44,"VehicleSync","id=200 bytes=44","c8 2d 00 3d 00 75 00 00 00 00 00 28 60 7e 10 8f c1 1f 66 9a cc 32 ff 62 64 57 54 18 04 28 4d 95 e3 d9 15 7f 30 6d 88 9e 80 3f 00 00",""
544,3855,"PACKET","IN",207,45,"PlayerSync","id=207 bytes=45","cf 76 00 f8 ff f6 7f c0 00 06 05 22 b0 cc a9 09 91 75 db 5e 90 80 00 00 00 01 e1 27 40 00 00 a5 47 a4 df be 0f bf ff fd fd 00 00 00 80",""
545,3855,"PACKET","IN",207,35,"PlayerSync","id=207 bytes=35","cf 83 00 00 00 08 58 a5 b0 cc 06 09 d1 6c 24 9f 10 80 00 00 00 02 4a 06 40 00 00 00 00 00 01 28 00 04 11",""
546,3856,"PACKET","IN",207,35,"PlayerSync","id=207 bytes=35","cf 02 00 00 00 21 de e2 b0 cc 69 09 91 7d 9a 1e 90 84 00 00 00 00 2c 23 80 00 00 00 00 00 01 28 00 04 11",""
547,3856,"PACKET","IN",207,45,"PlayerSync","id=207 bytes=45","cf 76 00 f6 ff f3 ff c0 00 06 05 22 b0 cc a9 09 91 75 db 5e 90 80 00 00 00 00 c0 f3 40 00 03 6b 68 8c e3 ca 0b db ff fd fd 00 00 00 80",""
548,3879,"PACKET","IN",207,35,"PlayerSync","id=207 bytes=35","cf 4b 00 00 00 1d b9 26 30 ca 04 89 51 78 05 9f 50 80 00 00 00 02 87 3e 00 00 00 00 00 00 01 a5 04 04 80",""
549,3879,"PACKET","IN",207,41,"PlayerSync","id=207 bytes=41","cf 76 00 00 00 06 05 22 b0 cc a9 09 91 75 db 5e 90 80 00 00 00 02 98 bb 40 00 01 41 a4 5c e0 42 0f d7 ff fd fd 00 00 00 80",""
550,3899,"RPC","IN",86,27,"ApplyPlayerAnimation","id=86 bytes=27","7e 00 07 42 44 5f 46 49 52 45 07 77 61 73 68 5f 75 70 33 33 83 40 80 00 00 00 00",""
551,3899,"PACKET","IN",207,35,"PlayerSync","id=207 bytes=35","cf 57 00 00 00 02 e3 63 70 d2 da c9 91 7b a3 1e 90 80 00 00 00 01 ce b5 80 00 00 00 00 00 01 28 00 04 11",""
552,3921,"PACKET","IN",207,35,"PlayerSync","id=207 bytes=35","cf a6 00 00 00 32 2a 23 30 fa d3 c9 91 60 20 9e 90 84 00 00 00 00 88 0f c0 00 00 00 00 00 01 28 00 04 11",""
553,3922,"RPC","IN",87,2,"ClearPlayerAnimation","id=87 bytes=2","b2 00",""
554,3922,"RPC","IN",86,29,"ApplyPlayerAnimation","id=86 bytes=29","b2 00 05 43 41 52 52 59 0b 63 72 72 79 5f 70 72 74 69 61 6c 33 33 83 40 00 00 00 00 00",""
555,3946,"PACKET","IN",200,44,"VehicleSync","id=200 bytes=44","c8 2d 00 3d 00 75 00 00 00 00 00 26 60 7b f0 8b 00 ff 67 4a cc 38 7f 22 64 5f 94 a8 04 24 cb 64 43 d0 15 2e e0 88 c8 9e 80 3f 00 00",""
556,3947,"PACKET","IN",207,35,"PlayerSync","id=207 bytes=35","cf 7c 00 00 00 34 2e 22 70 cc 29 09 91 53 dd 1e 90 84 00 00 00 02 b8 32 40 00 00 00 00 00 01 28 00 04 11",""
557,3947,"PACKET","IN",207,35,"PlayerSync","id=207 bytes=35","cf 43 00 00 00 0a b5 62 f0 c0 68 49 91 71 de 1e 90 84 00 00 00 01 28 53 00 00 00 00 00 00 01 28 00 04 11",""
558,3967,"RPC","IN",26,5,"PlayerEnterVehicle","id=26 bytes=5","4b 00 78 00 01",""
559,3967,"PACKET","IN",207,35,"PlayerSync","id=207 bytes=35","cf 55 00 00 00 0a e6 e8 30 db d3 c9 d1 7b 67 1f 10 84 00 00 00 00 13 15 80 00 00 00 00 00 01 28 00 04 11",""
560,3967,"PACKET","IN",207,41,"PlayerSync","id=207 bytes=41","cf 76 00 00 00 0b 45 22 b0 cc a9 09 91 75 9b 5e 90 84 00 00 00 00 f0 4f 40 00 02 e3 65 20 e8 00 03 fd ff fd fd 00 00 00 80",""
561,3967,"RPC","IN",87,2,"ClearPlayerAnimation","id=87 bytes=2","7c 00",""
562,3968,"RPC","IN",86,29,"ApplyPlayerAnimation","id=86 bytes=29","7c 00 05 43 41 52 52 59 0b 63 72 72 79 5f 70 72 74 69 61 6c 33 33 83 40 00 00 00 00 00",""
563,3997,"PACKET","IN",207,35,"PlayerSync","id=207 bytes=35","cf 27 00 00 00 32 0b 23 30 f3 e2 09 91 73 1f 1e 90 84 00 00 00 03 bf 3e 80 00 00 00 00 00 01 28 00 04 11",""
564,3997,"PACKET","IN",207,35,"PlayerSync","id=207 bytes=35","cf 46 00 00 00 1b 70 e6 b0 e7 7f 49 91 7b 67 1f 10 84 00 00 00 00 f1 9b c0 00 00 00 00 00 01 28 00 04 11",""
565,3997,"PACKET","IN",207,35,"PlayerSync","id=207 bytes=35","cf 4b 00 00 00 1d b9 26 30 ca 04 89 51 78 05 9f 50 80 00 00 00 02 87 3e 00 00 0c 00 00 00 01 a5 04 04 80",""
566,3997,"PACKET","IN",207,39,"PlayerSync","id=207 bytes=39","cf 88 00 ff ff ff ff c0 00 26 53 66 30 d1 48 89 51 75 90 5f 50 84 00 00 00 02 df fe 80 00 00 00 00 00 01 c8 04 04 80",""
567,3998,"PACKET","IN",203,34,"AimSync","id=203 bytes=34","cb 88 00 04 a7 c0 7c 3e 03 58 59 bf dc 34 ef be 9c ba 98 c3 23 51 25 45 6a 0d 83 42 00 00 00 00 3f 36",""
568,3998,"PACKET","IN",207,45,"PlayerSync","id=207 bytes=45","cf 88 00 ff 7f ff 3f c0 00 37 13 66 30 ee 88 49 51 7b 8f 5f 50 80 00 00 00 03 bf fe 80 00 01 2e 38 14 f7 79 ec 44 03 fd fd c8 04 04 80",""
569,3998,"PACKET","IN",207,35,"PlayerSync","id=207 bytes=35","cf b2 00 00 00 01 e5 62 f0 f2 25 c9 91 76 5d 5e 90 84 00 00 00 00 94 12 80 00 00 00 00 00 01 a5 04 e8 80",""
570,4020,"PACKET","IN",207,35,"PlayerSync","id=207 bytes=35","cf 7c 00 00 00 34 2e 22 70 cc 29 09 91 53 dd 1e 90 84 00 00 00 02 b8 32 40 00 00 00 00 00 01 fb 04 e8 80",""
571,4021,"PACKET","IN",207,35,"PlayerSync","id=207 bytes=35","cf 7e 00 00 00 06 2c 66 b0 e3 c4 49 d1 7b 67 1f 10 84 00 00 00 01 0e 83 94 00 00 00 00 00 01 a5 04 e8 80",""
572,4021,"PACKET","IN",200,44,"VehicleSync","id=200 bytes=44","c8 2d 00 3d 00 76 00 00 00 00 00 25 a0 7b 10 88 70 dc e7 da cc 3a fe f2 64 52 55 28 04 2e 9d 42 f3 db f5 10 30 95 68 9e 80 3f 00 00",""
573,4021,"PACKET","IN",207,45,"PlayerSync","id=207 bytes=45","cf 88 00 fd ff fe 3f c0 00 1a 53 66 30 c4 08 49 51 46 8e 5f 50 80 00 00 00 02 5b fa 80 00 03 52 30 14 f5 6a 40 30 07 fd fd c8 04 04 80",""
574,4044,"PACKET","IN",207,41,"PlayerSync","id=207 bytes=41","cf 76 00 00 00 2c 45 22 b0 cc a9 09 91 73 1b 5e 90 84 00 00 00 00 f0 4f 40 00 00 9b 70 cc e8 00 03 fd ff fd fd 00 00 00 80",""
575,4045,"PACKET","IN",207,45,"PlayerSync","id=207 bytes=45","cf 88 00 fd ff fd bf c0 00 3e 93 26 30 f3 c8 09 51 4f 4d df 50 80 00 00 00 02 4f f6 80 00 01 76 40 14 f6 9a 6b 38 0b fd fd c8 04 04 80",""
576,4064,"PACKET","IN",207,35,"PlayerSync","id=207 bytes=35","cf 4f 00 00 00 23 be 26 b0 e1 f7 49 91 7b 67 1f 10 80 00 00 00 02 58 c5 c0 00 00 00 00 00 01 28 00 04 11",""
577,4065,"PACKET","IN",207,45,"PlayerSync","id=207 bytes=45","cf 88 00 fc ff fd 3f c0 00 1b 93 26 30 e4 48 09 51 5d 0d 5f 50 80 00 00 00 01 63 f2 80 00 00 fa 54 14 f7 16 8b 40 13 fd fd c8 04 04 80",""
578,4086,"PACKET","IN",207,35,"PlayerSync","id=207 bytes=35","cf 4b 00 00 00 2a f9 a6 30 e1 04 89 51 44 86 df 50 80 00 00 00 01 76 ca 00 00 0c 00 00 00 01 a5 04 04 80",""
579,4087,"PACKET","IN",207,35,"PlayerSync","id=207 bytes=35","cf 60 00 00 00 26 94 e5 b0 f3 00 49 d1 6c 24 9f 10 80 00 00 00 02 2a 1d c0 00 00 00 00 00 01 28 00 04 11",""
580,4087,"PACKET","IN",207,35,"PlayerSync","id=207 bytes=35","cf 63 00 00 00 32 ca a3 30 d3 66 89 91 6c 9f 1e 90 84 00 00 00 00 aa c4 40 00 00 00 00 00 01 28 00 04 11",""
581,4087,"PACKET","IN",203,34,"AimSync","id=203 bytes=34","cb 63 00 04 3f 6c 70 bf 03 ca ac 3e 88 2b 83 bd 59 46 8b c3 0a 90 26 45 be 5f 7d 42 00 00 00 00 3f 1a",""
582,4087,"PACKET","IN",207,45,"PlayerSync","id=207 bytes=45","cf 88 00 fb ff fc 7f c0 00 20 12 66 30 ef 07 c9 51 50 8b df 50 80 00 00 00 03 1b d6 80 00 01 d2 c4 14 f7 32 f1 70 3f fd fd c8 04 04 80",""
583,4114,"PACKET","IN",207,45,"PlayerSync","id=207 bytes=45","cf 88 00 fb ff fc 3f c0 00 19 92 26 30 e1 47 c9 51 68 cb 5f 50 80 00 00 00 01 67 ce 80 00 00 3a f8 14 f7 0b 10 24 53 fd fd c8 04 04 80",""
584,4135,"PACKET","IN",200,44,"VehicleSync","id=200 bytes=44","c8 2d 00 3d 00 76 00 00 00 00 00 25 30 7b 50 85 c0 b0 18 6a cc 3f ee c2 64 5d e5 88 04 23 67 81 b3 d2 95 37 80 85 08 9e 80 3f 00 00",""
585,4135,"PACKET","IN",207,41,"PlayerSync","id=207 bytes=41","cf 76 00 00 00 37 05 22 b0 cc e9 09 91 72 5b 5e 90 84 00 00 00 00 f0 4f 40 00 01 58 8d 10 e7 45 b2 37 fb fd fd 00 00 00 80",""
586,4135,"PACKET","IN",207,45,"PlayerSync","id=207 bytes=45","cf 88 00 fb 7f fb bf c0 00 0b 91 26 30 f9 07 89 51 75 0a 1f 50 80 00 00 00 01 5f b2 80 00 00 85 48 58 f7 6b 63 78 8f fd fd c8 04 04 80",""
587,4136,"PACKET","IN",207,35,"PlayerSync","id=207 bytes=35","cf 92 00 00 00 19 24 63 70 da e4 c9 91 47 23 5e 90 80 00 00 00 03 07 35 c0 00 00 00 00 00 01 a5 04 04 80",""
588,4136,"PACKET","IN",207,35,"PlayerSync","id=207 bytes=35","cf 85 00 00 00 27 4d 62 f0 cc e9 09 91 55 da de 90 84 00 00 00 00 1e 8d 80 00 00 00 00 00 01 28 00 04 11",""
589,4136,"RPC","IN",105,7,"TextDrawSetString","id=105 bytes=7 | TextDrawID=2086 length=3 text=""100""","26 08 03 00 31 30 30",""
590,4136,"RPC","IN",105,5,"TextDrawSetString","id=105 bytes=5 | TextDrawID=2087 length=1 text=""0""","27 08 01 00 30",""
591,4136,"RPC","IN",105,6,"TextDrawSetString","id=105 bytes=6 | TextDrawID=2088 length=2 text=""46""","28 08 02 00 34 36",""
592,4136,"RPC","IN",105,5,"TextDrawSetString","id=105 bytes=5 | TextDrawID=2089 length=1 text=""2""","29 08 01 00 32",""
593,4136,"RPC","IN",105,7,"TextDrawSetString","id=105 bytes=7 | TextDrawID=2090 length=3 text=""100""","2a 08 03 00 31 30 30",""
594,4161,"PACKET","IN",207,45,"PlayerSync","id=207 bytes=45","cf 88 00 fb 7f fb 3f c0 00 30 cf 66 30 c3 c7 89 51 5a 88 9f 50 80 00 00 00 01 5f ba 80 00 01 80 d0 68 f7 b3 58 2c 8b fd fd c8 04 04 80",""
595,4181,"RPC","IN",16,16,"PlaySound","id=16 bytes=16","42 51 00 00 00 00 00 00 00 00 00 00 00 00 00 00",""
596,4181,"RPC","IN",134,80,"ShowTextDraw","id=134 bytes=80","2c 08 11 9a 99 19 3f 00 00 00 40 1a ff 00 aa 00 00 cc 42 00 00 a0 41 00 00 00 32 00 01 00 00 00 ff 04 00 00 00 59 43 00 00 b8 43 00 00 00 00 00 00 00 00 00 00 00 00 00 00 00 00 80 3f ff ff ff ff 0d 00 6c 64 5f 64 75 61 6c 3a 77 68 69 74 65",""
597,4181,"PACKET","IN",207,35,"PlayerSync","id=207 bytes=35","cf 4b 00 00 00 0a ba a6 30 fc 84 89 51 48 c6 5f 50 88 3c 00 44 01 62 ca 00 00 0c 00 00 00 01 a5 04 04 80",""
598,4181,"PACKET","IN",203,34,"AimSync","id=203 bytes=34","cb 4b 00 04 36 29 22 3f 4a fb fc be 45 72 18 bf 34 d1 99 c3 82 29 25 45 a2 25 83 42 00 00 00 00 3f 22",""
599,4181,"PACKET","IN",207,45,"PlayerSync","id=207 bytes=45","cf 88 00 fb 7f fb 3f c0 00 3a ce 26 30 d9 c7 49 51 57 87 5f 50 80 00 00 00 01 07 ba 80 00 03 18 d0 68 f4 53 5c c0 8b fd fd c8 04 04 80",""
600,4204,"PACKET","IN",207,35,"PlayerSync","id=207 bytes=35","cf 76 00 00 00 37 05 22 b0 cc e9 09 91 72 5b 5e 90 84 00 00 00 00 f0 4f 40 00 00 00 00 00 01 00 00 00 80",""
601,4205,"PACKET","IN",207,45,"PlayerSync","id=207 bytes=45","cf 88 00 fb 7f fb 3f c0 00 2d 0d 66 30 fe 07 09 51 42 06 9f 50 80 00 00 00 00 af ba 80 00 00 a8 d4 68 f4 ff 5d 60 8b fd fd c8 04 04 80",""
602,4231,"PACKET","IN",200,44,"VehicleSync","id=200 bytes=44","c8 2d 00 3d 00 76 00 00 00 00 00 24 70 7c 90 85 a0 92 28 da cc 38 be a2 64 50 25 f8 04 24 84 10 73 d2 a5 5c 00 77 88 9e 80 3f 00 00",""
603,4231,"PACKET","IN",207,35,"PlayerSync","id=207 bytes=35","cf 54 00 00 00 38 c3 63 30 ca de 89 91 59 1e de 90 84 00 00 00 01 da 3e c0 00 00 00 00 00 01 28 00 04 11",""
604,4232,"PACKET","IN",207,35,"PlayerSync","id=207 bytes=35","cf 5e 00 00 00 38 a6 68 30 cb 04 89 d1 7b 67 1f 10 80 00 00 00 03 cb ff 40 00 00 00 00 00 01 28 00 04 11",""
605,4232,"PACKET","IN",203,34,"AimSync","id=203 bytes=34","cb 5e 00 04 57 77 75 bf ac db 2a 3d 3f c8 8f be c1 8a 9e c3 4d 0f 27 45 36 eb 81 42 00 00 00 00 3f 3a",""
606,4232,"PACKET","IN",207,45,"PlayerSync","id=207 bytes=45","cf 88 00 fb 7f fb 3f c0 00 3f 4c e6 30 ef 47 09 51 50 86 1f 50 80 00 00 00 00 77 ba 80 00 01 c0 d4 68 f5 4b 5d a4 8b fd fd c8 04 04 80",""
607,4256,"PACKET","IN",207,45,"PlayerSync","id=207 bytes=45","cf 88 00 fb ff fb 3f c0 01 2d cc 26 30 d3 47 09 51 79 45 1f 50 80 00 00 00 03 b7 be 80 00 02 d0 d4 68 f5 bb 5e 10 8b fd fd c8 04 04 80",""
608,4256,"PACKET","IN",207,45,"PlayerSync","id=207 bytes=45","cf 88 00 fb ff fb 3f c0 01 3c 0b 66 30 f9 c6 c9 51 76 04 5f 50 80 00 00 00 02 cf be 80 00 02 5a 5f e0 f3 d7 4d 88 7f fd fd c8 04 04 80",""
609,4279,"PACKET","IN",207,49,"PlayerSync","id=207 bytes=49","cf 30 00 00 00 05 42 e6 f0 f1 d7 49 d1 7b 67 1f 10 84 00 00 00 02 42 33 00 00 00 00 00 00 03 ff fe 00 00 00 00 00 00 00 00 00 00 00 01 28 00 04 11",""
610,4280,"PACKET","IN",207,45,"PlayerSync","id=207 bytes=45","cf 88 00 fc ff fb 7f c0 01 1a 0b 26 30 eb c6 c9 51 4a 84 1f 50 80 00 00 00 02 87 ca 80 00 01 72 63 e0 f0 9f 52 34 7f fd fd c8 04 04 80",""
611,4280,"RPC","IN",87,2,"ClearPlayerAnimation","id=87 bytes=2","46 00",""
612,4280,"RPC","IN",86,29,"ApplyPlayerAnimation","id=86 bytes=29","46 00 05 43 41 52 52 59 0b 63 72 72 79 5f 70 72 74 69 61 6c 33 33 83 40 00 00 00 00 00",""
613,4280,"PACKET","IN",207,35,"PlayerSync","id=207 bytes=35","cf 1b 00 00 00 26 4a e3 30 df 1b c9 91 70 9f 1e 90 84 00 00 00 00 c6 de c0 00 00 00 00 00 01 28 00 04 11",""
614,4280,"PACKET","IN",207,35,"PlayerSync","id=207 bytes=35","cf 4b 00 00 00 1b 7b 66 30 c5 84 c9 51 51 04 df 50 88 f0 01 48 01 66 ca 00 00 0c 00 00 00 01 a5 04 04 80",""
615,4281,"PACKET","IN",207,45,"PlayerSync","id=207 bytes=45","cf 88 00 fc ff fb 7f c0 01 1b 0a e6 30 e1 46 c9 51 7b 03 9f 50 80 00 00 00 02 3b ca 80 00 00 d1 fb e0 f1 77 34 1c 6b fd fd c8 04 04 80",""
616,4281,"PACKET","IN",207,49,"PlayerSync","id=207 bytes=49","cf ab 00 00 00 0a da a5 b0 d8 cd 09 d1 6c 24 9f 10 80 00 00 00 03 ef 77 c0 00 00 00 00 00 03 ff fe 00 00 00 00 00 00 00 00 00 00 00 01 28 00 04 11",""
617,4303,"PACKET","IN",207,45,"PlayerSync","id=207 bytes=45","cf 88 00 fd ff fb ff c0 01 33 8a 26 30 c5 c6 c9 51 69 82 df 50 80 00 00 00 00 2f d6 80 00 01 b9 ff e0 f2 c7 35 18 6b fd fd c8 04 04 80",""
618,4329,"PACKET","IN",200,44,"VehicleSync","id=200 bytes=44","c8 2d 00 3d 00 76 00 00 00 00 00 23 70 7e 50 8a 80 7d 89 2a cc 37 9e 82 64 54 d6 48 04 2b 6b 9e 63 c0 65 71 f0 7b 48 9e 80 3f 00 00",""
619,4330,"PACKET","IN",207,45,"PlayerSync","id=207 bytes=45","cf 88 00 fe 7f fc 3f c0 01 17 89 a6 30 e9 06 89 51 50 02 1f 50 80 00 00 00 01 97 da 80 00 01 39 bb e0 f3 67 23 04 5b fd fd c8 04 04 80",""
620,4330,"PACKET","IN",207,49,"PlayerSync","id=207 bytes=49","cf 5d 00 00 00 2f c2 a6 f0 db c5 09 d1 7b 67 1f 10 84 00 00 00 00 1b 0f e0 00 00 00 00 00 03 ff fe 00 00 00 00 00 00 00 00 00 00 00 01 00 00 00 80",""
621,4330,"PACKET","OUT",207,69,"PlayerSync","id=207 bytes=69","cf 00 00 00 00 00 00 04 8d a0 c3 f8 22 27 45 ed 9c 7c 42 35 df 41 3f 00 00 00 80 00 00 00 00 7d 2e 27 bf 64 00 04 00 00 00 00 00 00 00 00 00 00 00 00 00 00 00 00 00 00 00 00 00 00 00 00 00 00 00 28 00 04 11",""
622,4352,"PACKET","IN",207,45,"PlayerSync","id=207 bytes=45","cf 88 00 ff 7f fc bf c0 01 3f c8 e6 30 ca 86 89 51 6a 01 1f 50 80 00 00 00 03 c3 de 80 00 03 ae 67 cc f2 bb 13 f0 4f fd fd c8 04 04 80",""
623,4375,"PACKET","OUT",203,32,"AimSync","id=203 bytes=32","cb 00 00 00 39 05 00 00 00 00 00 00 00 00 00 00 00 40 01 00 00 00 80 3f 00 00 f3 04 b5 3f 39 05",""
624,4383,"PACKET","IN",207,35,"PlayerSync","id=207 bytes=35","cf 4b 00 00 00 25 7c 26 30 ce 44 c9 51 60 c3 5f 50 89 a8 02 34 01 6a ca 00 00 0c 00 00 00 01 a5 04 04 80",""
625,4383,"PACKET","IN",207,35,"PlayerSync","id=207 bytes=35","cf 46 00 02 00 1b 70 e6 b0 e7 7f 49 91 7b 67 1f 10 84 00 00 00 00 f1 9b c0 00 00 00 00 00 01 a5 04 e8 80",""
626,4383,"PACKET","IN",207,35,"PlayerSync","id=207 bytes=35","cf 83 00 00 00 08 58 a5 b0 cc 06 09 d1 6c 24 9f 10 80 00 00 00 02 4a 06 40 00 00 00 00 00 01 28 00 04 11",""
627,4383,"PACKET","IN",203,34,"AimSync","id=203 bytes=34","cb 83 00 04 a2 85 73 3f 14 8b 9d 3e b1 86 a9 bc 89 89 97 c3 3f 0c 27 45 8b 2c 7f 42 00 00 00 00 3f c6",""
628,4383,"PACKET","IN",207,45,"PlayerSync","id=207 bytes=45","cf 88 00 80 80 7e 7f c0 01 17 48 66 30 dc 86 49 51 53 7f df 10 80 00 00 00 01 73 f6 80 00 01 d6 eb dc f3 62 b0 74 23 fd fd c8 04 04 80",""
629,4405,"PACKET","IN",207,35,"PlayerSync","id=207 bytes=35","cf 0b 00 00 00 26 e3 e3 70 fb 2c c9 91 58 1f 9e 90 80 00 00 00 02 ce f7 c0 00 00 00 00 00 01 28 00 04 11",""
630,4405,"PACKET","IN",200,44,"VehicleSync","id=200 bytes=44","c8 2d 00 3d 00 76 00 00 00 08 00 2c c0 6d 30 88 40 68 09 6a cc 30 7e 72 64 5f 86 78 04 21 8d e5 33 c9 95 ba a0 5a 68 9e 80 3f 00 00",""
631,4405,"PACKET","IN",203,34,"AimSync","id=203 bytes=34","cb 2d 00 12 b2 5d fa 3e c8 c5 09 3e 07 a2 5c bf 9e 17 b0 c3 d2 c8 26 45 ec d1 9e 42 00 00 00 00 3f 28",""
632,4405,"PACKET","IN",207,45,"PlayerSync","id=207 bytes=45","cf 88 00 82 80 7f 7f c0 01 16 c8 26 30 fd 86 09 51 6f 7e df 10 80 00 00 00 01 0f fe 80 00 03 b8 37 e0 f2 46 70 e8 0f fd fd c8 04 04 80",""
633,4406,"RPC","IN",87,2,"ClearPlayerAnimation","id=87 bytes=2","5e 00",""
634,4406,"RPC","IN",86,29,"ApplyPlayerAnimation","id=86 bytes=29","5e 00 05 43 41 52 52 59 0b 63 72 72 79 5f 70 72 74 69 61 6c 33 33 83 40 00 00 00 00 00",""
635,4430,"PACKET","IN",207,35,"PlayerSync","id=207 bytes=35","cf 02 00 00 00 21 de e2 b0 cc 69 09 91 7d 9a 1e 90 84 00 00 00 00 2c 23 80 00 00 00 00 00 01 28 00 04 11",""
636,4430,"PACKET","IN",207,35,"PlayerSync","id=207 bytes=35","cf 77 00 00 00 08 22 9a b0 84 f1 49 51 7a 03 60 10 84 00 00 00 03 ab fe 00 00 00 00 00 00 01 a5 04 04 80",""
637,4430,"PACKET","IN",207,41,"PlayerSync","id=207 bytes=41","cf 88 00 00 00 36 47 e6 30 cb 06 09 51 49 7d 9f 10 84 00 00 00 03 7b fe 80 00 03 4c 17 e0 f2 16 00 00 03 fd fd a5 04 04 80",""
638,4430,"PACKET","IN",207,35,"PlayerSync","id=207 bytes=35","cf a6 00 00 00 32 2a 23 30 fa d3 c9 91 60 20 9e 90 84 00 00 00 00 88 0f c0 00 00 00 00 00 01 28 00 04 11",""
639,4450,"PACKET","IN",207,35,"PlayerSync","id=207 bytes=35","cf 43 00 00 00 0a b5 62 f0 c0 68 49 91 71 de 1e 90 84 00 00 00 01 28 53 00 00 00 00 00 00 01 28 00 04 11",""
640,4478,"RPC","IN",99,42,"MoveObject","id=99 bytes=42","38 00 f8 e3 a1 c3 d7 9b 26 45 53 c5 7d 42 f8 e3 a1 c3 d7 9b 26 45 ed 5e 7b 42 00 00 80 3e 00 00 00 00 00 00 00 00 08 cc 84 43",""
641,4478,"RPC","IN",122,2,"StopObject","id=122 bytes=2","38 00",""
642,4478,"RPC","IN",99,42,"MoveObject","id=99 bytes=42","38 00 f8 e3 a1 c3 d7 9b 26 45 53 c5 7d 42 f8 e3 a1 c3 d7 9b 26 45 53 c5 7d 42 00 00 80 3e 00 00 00 00 00 00 00 00 08 cc 84 43",""
643,4478,"RPC","IN",122,2,"StopObject","id=122 bytes=2","38 00",""
644,4478,"RPC","IN",99,42,"MoveObject","id=99 bytes=42","38 00 f8 e3 a1 c3 d7 9b 26 45 53 c5 7d 42 f8 e3 a1 c3 d7 9b 26 45 ed 5e 7b 42 00 00 80 3e 00 00 00 00 00 00 00 00 08 cc 84 43",""
645,4478,"RPC","IN",122,2,"StopObject","id=122 bytes=2","38 00",""
646,4478,"RPC","IN",99,42,"MoveObject","id=99 bytes=42","38 00 f8 e3 a1 c3 d7 9b 26 45 53 c5 7d 42 f8 e3 a1 c3 d7 9b 26 45 53 c5 7d 42 00 00 80 3e 00 00 00 00 00 00 00 00 08 cc 84 43",""
647,4478,"RPC","IN",122,2,"StopObject","id=122 bytes=2","38 00",""
648,4478,"RPC","IN",99,42,"MoveObject","id=99 bytes=42","38 00 f8 e3 a1 c3 d7 9b 26 45 53 c5 7d 42 f8 e3 a1 c3 d7 9b 26 45 ed 5e 7b 42 00 00 80 3e 00 00 00 00 00 00 00 00 08 cc 84 43",""
649,4479,"RPC","IN",122,2,"StopObject","id=122 bytes=2","38 00",""
650,4479,"RPC","IN",99,42,"MoveObject","id=99 bytes=42","38 00 f8 e3 a1 c3 d7 9b 26 45 53 c5 7d 42 f8 e3 a1 c3 d7 9b 26 45 53 c5 7d 42 00 00 80 3e 00 00 00 00 00 00 00 00 08 cc 84 43",""
651,4479,"RPC","IN",122,2,"StopObject","id=122 bytes=2","38 00",""
652,4479,"RPC","IN",99,42,"MoveObject","id=99 bytes=42","38 00 f8 e3 a1 c3 d7 9b 26 45 53 c5 7d 42 f8 e3 a1 c3 d7 9b 26 45 ed 5e 7b 42 00 00 80 3e 00 00 00 00 00 00 00 00 08 cc 84 43",""
653,4479,"RPC","IN",122,2,"StopObject","id=122 bytes=2","38 00",""
654,4479,"RPC","IN",99,42,"MoveObject","id=99 bytes=42","38 00 f8 e3 a1 c3 d7 9b 26 45 53 c5 7d 42 f8 e3 a1 c3 d7 9b 26 45 53 c5 7d 42 00 00 80 3e 00 00 00 00 00 00 00 00 08 cc 84 43",""
655,4479,"RPC","IN",122,2,"StopObject","id=122 bytes=2","38 00",""
656,4479,"RPC","IN",99,42,"MoveObject","id=99 bytes=42","38 00 f8 e3 a1 c3 d7 9b 26 45 53 c5 7d 42 f8 e3 a1 c3 d7 9b 26 45 ed 5e 7b 42 00 00 80 3e 00 00 00 00 00 00 00 00 08 cc 84 43",""
657,4479,"RPC","IN",122,2,"StopObject","id=122 bytes=2","38 00",""
658,4479,"RPC","IN",99,42,"MoveObject","id=99 bytes=42","38 00 f8 e3 a1 c3 d7 9b 26 45 53 c5 7d 42 f8 e3 a1 c3 d7 9b 26 45 53 c5 7d 42 00 00 80 3e 00 00 00 00 00 00 00 00 08 cc 84 43",""
659,4479,"PACKET","IN",200,44,"VehicleSync","id=200 bytes=44","c8 2d 00 3d 00 76 00 00 00 08 00 23 e0 6a 70 84 10 65 a9 7a cc 30 ce 72 64 55 46 88 04 26 9b 8a 43 bf f5 8e 6f 97 17 ee 80 3f 00 00",""
660,4480,"PACKET","IN",207,35,"PlayerSync","id=207 bytes=35","cf 4b 00 00 00 33 fc e6 30 d7 04 c9 51 66 c1 df 50 8a 60 03 2c 01 6a ca 00 00 0c 00 00 00 01 a5 04 04 80",""
661,4480,"PACKET","IN",207,35,"PlayerSync","id=207 bytes=35","cf 5e 00 00 00 38 a6 68 30 cb 04 89 d1 7b 67 1f 10 80 00 00 00 03 cb ff 40 00 00 00 00 00 01 a5 04 e8 80",""
662,4480,"PACKET","IN",207,35,"PlayerSync","id=207 bytes=35","cf 1f 00 00 00 05 25 a8 30 e1 ff 09 91 7b 67 1f 10 84 00 00 00 03 0b 6f 00 00 00 00 00 00 01 28 00 04 11",""
663,4480,"PACKET","IN",203,34,"AimSync","id=203 bytes=34","cb 1f 00 04 8e e0 79 bf 00 56 83 3d 1c b6 54 be d5 f1 9e c3 13 f9 26 45 6d e7 80 42 00 00 00 00 3f 22",""
664,4480,"PACKET","IN",207,35,"PlayerSync","id=207 bytes=35","cf 27 00 00 00 32 0b 23 30 f3 e2 09 91 73 1f 1e 90 84 00 00 00 03 bf 3e 80 00 00 00 00 00 01 28 00 04 11",""
665,4480,"PACKET","IN",207,35,"PlayerSync","id=207 bytes=35","cf 55 00 00 00 0a e6 e8 30 db d3 c9 d1 7b 67 1f 10 84 00 00 00 00 13 15 80 00 00 00 00 00 01 28 00 04 11",""
666,4480,"PACKET","IN",207,35,"PlayerSync","id=207 bytes=35","cf 7c 00 00 00 34 2e 22 70 cc 29 09 91 53 dd 1e 90 84 00 00 00 02 b8 32 40 00 00 00 00 00 01 fb 04 e8 80",""
667,4520,"PACKET","IN",207,41,"PlayerSync","id=207 bytes=41","cf 88 00 00 00 37 48 a6 30 ef 85 89 51 4e 7d 9f 10 84 00 00 00 02 9f da 80 00 03 75 ea c0 f0 39 13 9c 3b fd fd a5 04 04 80",""
668,4570,"PACKET","IN",200,44,"VehicleSync","id=200 bytes=44","c8 2d 00 3d 00 76 00 00 00 08 00 29 00 68 20 86 e0 61 69 6a cc 3e 1e 72 64 5c 46 68 04 23 89 d8 33 c7 29 bc 4f c1 27 8e 80 3f 00 00",""
669,4570,"PACKET","IN",207,35,"PlayerSync","id=207 bytes=35","cf 7c 00 00 00 34 2e 22 70 cc 29 09 91 53 dd 1e 90 84 00 00 00 02 b8 32 40 00 00 00 00 00 01 fb 04 e8 80",""
670,4570,"PACKET","IN",207,35,"PlayerSync","id=207 bytes=35","cf 4b 00 00 00 09 3d e6 30 e0 44 c9 51 5e c0 5f 50 8b 1c 00 28 05 6e ca 00 00 0c 00 00 00 01 a5 04 04 80",""
671,4570,"PACKET","IN",207,35,"PlayerSync","id=207 bytes=35","cf b2 00 00 00 01 e5 62 f0 f2 25 c9 91 76 5d 5e 90 84 00 00 00 00 94 12 80 00 00 00 00 00 01 a5 04 e8 80",""
672,4591,"PACKET","IN",207,35,"PlayerSync","id=207 bytes=35","cf 63 00 00 00 32 ca a3 30 d3 66 89 91 6c 9f 1e 90 84 00 00 00 00 aa c4 40 00 00 00 00 00 01 28 00 04 11",""
673,4591,"PACKET","IN",207,41,"PlayerSync","id=207 bytes=41","cf 88 00 00 00 17 ca 26 30 ff c5 49 51 7c bd 9f 10 84 00 00 00 03 73 72 80 00 03 df 55 08 f0 f0 53 b0 eb fd fd a5 04 04 80",""
674,4613,"PACKET","IN",207,35,"PlayerSync","id=207 bytes=35","cf 4f 00 00 00 23 be 26 b0 e1 f7 49 91 7b 67 1f 10 80 00 00 00 02 58 c5 c0 00 00 00 00 00 01 28 00 04 11",""
675,4614,"PACKET","IN",207,35,"PlayerSync","id=207 bytes=35","cf 7e 00 00 00 06 2c 66 b0 e3 c4 49 d1 7b 67 1f 10 84 00 00 00 01 0e 83 94 00 00 00 00 00 01 a5 04 e8 80",""
676,4654,"PACKET","IN",200,44,"VehicleSync","id=200 bytes=44","c8 2d 00 3d 00 76 00 00 00 08 00 2f 20 67 f0 86 60 72 e9 2a cc 3b 7e 92 64 56 36 28 04 20 8e 4e 63 cf ba 10 8f b7 47 6e 80 3f 00 00",""
677,4654,"PACKET","IN",207,35,"PlayerSync","id=207 bytes=35","cf 60 00 00 00 26 94 e5 b0 f3 00 49 d1 6c 24 9f 10 80 00 00 00 02 2a 1d c0 00 00 00 00 00 01 28 00 04 11",""
678,4655,"PACKET","IN",207,35,"PlayerSync","id=207 bytes=35","cf 85 00 00 00 27 4d 62 f0 cc e9 09 91 55 da de 90 84 00 00 00 00 1e 8d 80 00 00 00 00 00 01 28 00 04 11",""
679,4655,"PACKET","IN",203,34,"AimSync","id=203 bytes=34","cb 85 00 04 93 be 3d 3e 96 84 77 3f 00 cf 33 be 47 62 8b c3 11 87 26 45 5a 24 7e 42 00 00 00 00 3f c6",""
680,4675,"PACKET","IN",207,35,"PlayerSync","id=207 bytes=35","cf 4b 00 00 00 3b be 26 30 da 04 c9 51 62 3f 1f 10 8b dc 01 24 05 6e ca 00 00 0c 00 00 00 01 a5 04 04 80",""
681,4696,"PACKET","IN",207,41,"PlayerSync","id=207 bytes=41","cf 88 00 00 00 1d 8a e6 30 f6 c5 49 51 5c 3d df 10 84 00 00 00 02 c6 ce 80 00 02 a2 0c 28 ec 88 00 69 eb fd fd a5 04 04 80",""
682,4696,"PACKET","IN",207,35,"PlayerSync","id=207 bytes=35","cf 92 00 00 00 19 24 63 70 da e4 c9 91 47 23 5e 90 80 00 00 00 03 07 35 c0 00 00 00 00 00 01 a5 04 04 80",""
683,4696,"PACKET","OUT",205,9,"UNKNOWN_PACKET","id=205 bytes=9","cd b8 4a 04 00 00 00 00 00",""
684,4715,"PACKET","IN",207,35,"PlayerSync","id=207 bytes=35","cf ae 00 00 00 15 54 e5 b0 e3 79 09 91 6c 24 9f 10 80 00 00 00 00 c6 db 00 00 00 00 00 00 01 28 00 04 11",""
685,4715,"PACKET","IN",203,34,"AimSync","id=203 bytes=34","cb ae 00 04 d3 39 f8 3d 74 1f 4c 3f d8 59 17 bf 95 74 96 c3 35 c9 26 45 53 05 82 42 00 00 00 00 3f 3a",""
686,4715,"RPC","IN",105,19,"TextDrawSetString","id=105 bytes=19 | TextDrawID=303 length=15 text=""09 Agustus 2026""","2f 01 0f 00 30 39 20 41 67 75 73 74 75 73 20 32 30 32 36",""
687,4715,"RPC","IN",105,12,"TextDrawSetString","id=105 bytes=12 | TextDrawID=304 length=8 text=""12:27:15""","30 01 08 00 31 32 3a 32 37 3a 31 35",""
688,4715,"RPC","IN",87,2,"ClearPlayerAnimation","id=87 bytes=2","54 00",""
689,4715,"RPC","IN",86,29,"ApplyPlayerAnimation","id=86 bytes=29","54 00 05 43 41 52 52 59 0b 63 72 72 79 5f 70 72 74 69 61 6c 33 33 83 40 00 00 00 00 00",""
690,4755,"PACKET","IN",200,44,"VehicleSync","id=200 bytes=44","c8 2d 00 3d 00 76 00 00 00 08 00 20 a0 78 e0 8e d0 87 28 ca cc 30 8e c2 64 56 a5 c8 04 2e 06 51 a3 dd 5a 69 0f 92 d7 6e 80 3f 00 00",""
691,4756,"PACKET","IN",207,35,"PlayerSync","id=207 bytes=35","cf 88 00 00 00 21 4a e6 30 f6 c5 49 51 5c fd df 10 84 00 00 00 03 86 72 80 00 00 00 00 00 01 a5 04 04 80",""
692,4779,"PACKET","IN",207,35,"PlayerSync","id=207 bytes=35","cf 4b 00 00 00 36 3e 26 30 c1 c4 c9 51 5c 3f 1f 10 88 90 06 14 05 72 ca 00 00 0c 00 00 00 01 a5 04 04 80",""
693,4818,"PACKET","IN",207,35,"PlayerSync","id=207 bytes=35","cf 88 00 00 00 21 4a e6 30 f6 c5 49 51 5c bd df 10 84 00 00 00 03 86 72 80 00 00 00 00 00 01 a5 04 04 80",""
694,4839,"RPC","IN",137,14,"ServerJoin","id=137 bytes=14","9e 00 00 00 00 00 00 06 57 69 69 6e 7a 7a",""
695,4839,"RPC","IN",72,6,"SetPlayerColor","id=72 bytes=6","9e 00 ff 83 7f 7f",""
696,4839,"PACKET","IN",207,35,"PlayerSync","id=207 bytes=35","cf 54 00 00 00 38 c3 63 30 ca de 89 91 59 1e de 90 84 00 00 00 01 da 3e c0 00 00 00 00 00 01 28 00 04 11",""
697,4839,"PACKET","IN",207,49,"PlayerSync","id=207 bytes=49","cf 5d 00 00 00 2f c2 a6 f0 db c5 09 d1 7b 67 1f 10 84 00 00 00 00 1b 0f e0 00 00 00 00 00 03 ff fe 00 00 00 00 00 00 00 00 00 00 00 01 00 00 00 80",""
698,4864,"PACKET","IN",207,35,"PlayerSync","id=207 bytes=35","cf 1b 00 00 00 26 4a e3 30 df 1b c9 91 70 9f 1e 90 84 00 00 00 00 c6 de c0 00 00 00 00 00 01 28 00 04 11",""
699,4864,"PACKET","IN",200,44,"VehicleSync","id=200 bytes=44","c8 2d 00 3d 00 76 00 00 00 08 00 22 10 7a 30 84 50 b8 c8 3a cc 35 9e f2 64 51 65 48 04 2c 3b 44 03 d8 aa 9b 4f 8a b7 6e 80 3f 00 00",""
700,4864,"PACKET","IN",207,49,"PlayerSync","id=207 bytes=49","cf 30 00 00 00 05 42 e6 f0 f1 d7 49 d1 7b 67 1f 10 84 00 00 00 02 42 33 00 00 00 00 00 00 03 ff fe 00 00 00 00 00 00 00 00 00 00 00 01 28 00 04 11",""
701,4864,"PACKET","IN",207,35,"PlayerSync","id=207 bytes=35","cf 4b 00 00 00 30 3e 26 30 e7 c4 89 51 55 ff 1f 10 89 50 07 14 05 72 ca 00 00 0c 00 00 00 01 a5 04 04 80",""
702,4864,"PACKET","IN",207,35,"PlayerSync","id=207 bytes=35","cf 57 00 00 00 02 e3 63 70 d2 da c9 91 7b a3 1e 90 80 00 00 00 01 ce b5 80 00 00 00 00 00 01 28 00 04 11",""
703,4864,"PACKET","IN",207,49,"PlayerSync","id=207 bytes=49","cf ab 00 00 00 0a da a5 b0 d8 cd 09 d1 6c 24 9f 10 80 00 00 00 03 ef 77 c0 00 00 00 00 00 03 ff fe 00 00 00 00 00 00 00 00 00 00 00 01 28 00 04 11",""
704,4885,"PACKET","OUT",207,69,"PlayerSync","id=207 bytes=69","cf 00 00 00 00 00 00 04 8d a0 c3 f8 22 27 45 ed 9c 7c 42 35 df 41 3f 00 00 00 80 00 00 00 00 7d 2e 27 bf 64 00 04 00 00 00 00 00 00 00 00 00 00 00 00 00 00 00 00 00 00 00 00 00 00 00 00 00 00 00 28 00 04 11",""
705,4903,"PACKET","OUT",203,32,"AimSync","id=203 bytes=32","cb 00 00 00 39 05 00 00 00 00 00 00 00 00 00 00 00 40 01 00 00 00 80 3f 00 00 f3 04 b5 3f 39 05",""
706,4911,"PACKET","IN",207,35,"PlayerSync","id=207 bytes=35","cf 54 00 00 00 38 c3 63 30 ca de 89 91 59 1e de 90 84 00 00 00 01 da 3e c0 00 00 00 00 00 01 a5 04 04 80",""
707,4930,"PACKET","IN",207,35,"PlayerSync","id=207 bytes=35","cf 7e 00 00 00 06 2c 66 b0 e3 c4 49 d1 7b 67 1f 10 84 00 00 00 01 0e 83 94 00 00 00 00 00 01 28 00 04 11",""
708,4950,"PACKET","IN",200,44,"VehicleSync","id=200 bytes=44","c8 2d 00 3d 00 76 00 00 00 08 00 23 f0 7a 50 8e 90 d3 57 9a cc 3e ff 22 64 54 74 b8 04 2e f1 06 23 d1 1a cd 0f 7c 07 6e 80 3f 00 00",""
709,4950,"PACKET","IN",207,35,"PlayerSync","id=207 bytes=35","cf a6 00 00 00 32 2a 23 30 fa d3 c9 91 60 20 9e 90 84 00 00 00 00 88 0f c0 00 00 00 00 00 01 28 00 04 11",""
710,4951,"RPC","IN",86,27,"ApplyPlayerAnimation","id=86 bytes=27","b2 00 07 42 44 5f 46 49 52 45 07 77 61 73 68 5f 75 70 33 33 83 40 80 00 00 00 00",""
711,4971,"PACKET","IN",207,35,"PlayerSync","id=207 bytes=35","cf 46 00 02 00 1b 70 e6 b0 e7 7f 49 91 7b 67 1f 10 84 00 00 00 00 f1 9b c0 00 00 00 00 00 01 a5 04 e8 80",""
712,4971,"PACKET","IN",207,35,"PlayerSync","id=207 bytes=35","cf 4b 00 00 00 2a 3e 26 30 ce 84 89 51 4f ff 1f 10 8a 0c 04 10 09 72 ca 00 00 0c 00 00 00 01 a5 04 04 80",""
713,4971,"PACKET","IN",207,35,"PlayerSync","id=207 bytes=35","cf 76 00 00 00 37 05 22 b0 cc e9 09 91 72 5b 5e 90 84 00 00 00 00 f0 4f 40 00 00 00 00 00 01 00 00 00 80",""
714,4971,"PACKET","IN",203,34,"AimSync","id=203 bytes=34","cb 76 00 04 b7 2c 5a 3e f0 7f 74 3f 72 ef 52 be 0d 48 8a c3 83 87 26 45 27 60 7e 42 00 00 00 00 3f ff",""
715,4971,"RPC","IN",87,2,"ClearPlayerAnimation","id=87 bytes=2","55 00",""
716,4971,"RPC","IN",86,29,"ApplyPlayerAnimation","id=86 bytes=29","55 00 05 43 41 52 52 59 0b 63 72 72 79 5f 70 72 74 69 61 6c 33 33 83 40 00 00 00 00 00",""
717,4997,"PACKET","IN",207,35,"PlayerSync","id=207 bytes=35","cf 02 00 00 00 21 de e2 b0 cc 69 09 91 7d 9a 1e 90 84 00 00 00 00 2c 23 80 00 00 00 00 00 01 28 00 04 11",""
718,4997,"PACKET","IN",207,35,"PlayerSync","id=207 bytes=35","cf 0b 00 00 00 26 e3 e3 70 fb 2c c9 91 58 1f 9e 90 80 00 00 00 02 ce f7 c0 00 00 00 00 00 01 28 00 04 11",""
719,4997,"PACKET","IN",207,35,"PlayerSync","id=207 bytes=35","cf 43 00 00 00 0a b5 62 f0 c0 68 49 91 71 de 1e 90 84 00 00 00 01 28 53 00 00 00 00 00 00 01 28 00 04 11",""
720,4997,"PACKET","IN",207,35,"PlayerSync","id=207 bytes=35","cf 83 00 00 00 08 58 a5 b0 cc 06 09 d1 6c 24 9f 10 80 00 00 00 02 4a 06 40 00 00 00 00 00 01 28 00 04 11",""
721,4997,"RPC","IN",72,6,"SetPlayerColor","id=72 bytes=6","4d 00 ff ff ff ff",""
722,4998,"RPC","IN",72,6,"SetPlayerColor","id=72 bytes=6","4d 00 ff ff ff ff",""
723,4998,"RPC","IN",11,17,"SetPlayerName","id=11 bytes=17","4d 00 0d 44 69 62 6f 6f 5f 4f 78 6c 61 6e 63 65 01",""
724,5019,"RPC","IN",87,2,"ClearPlayerAnimation","id=87 bytes=2","30 00",""
725,5019,"RPC","IN",86,29,"ApplyPlayerAnimation","id=86 bytes=29","30 00 05 43 41 52 52 59 0b 63 72 72 79 5f 70 72 74 69 61 6c 33 33 83 40 00 00 00 00 00",""
726,5019,"RPC","IN",86,27,"ApplyPlayerAnimation","id=86 bytes=27","7c 00 07 42 44 5f 46 49 52 45 07 77 61 73 68 5f 75 70 33 33 83 40 80 00 00 00 00",""
727,5046,"PACKET","IN",200,44,"VehicleSync","id=200 bytes=44","c8 2d 00 3d 00 76 00 00 00 08 00 25 a0 78 60 8f 81 0b 56 ca cc 30 1f 72 64 5e e4 08 04 21 eb 68 13 db ca ec 5f 66 87 6e 80 3f 00 00",""
728,5047,"PACKET","IN",207,35,"PlayerSync","id=207 bytes=35","cf 55 00 00 00 0a e6 e8 30 db d3 c9 d1 7b 67 1f 10 84 00 00 00 00 13 15 80 00 00 00 00 00 01 a5 04 e8 80",""
729,5069,"PACKET","IN",207,35,"PlayerSync","id=207 bytes=35","cf 27 00 00 00 32 0b 23 30 f3 e2 09 91 73 1f 1e 90 84 00 00 00 03 bf 3e 80 00 00 00 00 00 01 28 00 04 11",""
730,5070,"PACKET","IN",207,35,"PlayerSync","id=207 bytes=35","cf 88 00 00 00 21 4a e6 30 f6 c5 49 51 5c fd df 10 84 00 00 00 03 86 72 80 00 00 00 00 00 01 a5 04 04 80",""
731,5070,"PACKET","IN",203,34,"AimSync","id=203 bytes=34","cb 88 00 04 60 ff 87 3e 23 59 5f bf b5 06 d2 be 4e a2 98 c3 8f 46 25 45 fb 8b 82 42 00 00 00 00 3f 36",""
732,5070,"PACKET","IN",207,35,"PlayerSync","id=207 bytes=35","cf 4b 00 00 00 24 3e 26 30 f5 04 49 51 49 bf 1f 10 8a cc 05 0c 09 72 ca 00 00 0c 00 00 00 01 a5 04 04 80",""
733,5070,"PACKET","IN",207,35,"PlayerSync","id=207 bytes=35","cf b2 00 00 00 01 e5 62 f0 f2 25 c9 91 76 5d 5e 90 84 00 00 00 00 94 12 80 00 00 00 00 00 01 28 00 04 11",""
734,5095,"PACKET","IN",207,49,"PlayerSync","id=207 bytes=49","cf 30 00 00 00 05 42 e6 f0 f1 d7 49 d1 7b 67 1f 10 84 00 00 00 02 42 33 00 00 00 00 00 00 03 ff fe 00 00 00 00 00 00 00 00 00 00 00 01 00 00 00 80",""
735,5114,"PACKET","IN",200,44,"VehicleSync","id=200 bytes=44","c8 2d 00 3d 00 76 00 00 00 08 00 26 b0 75 40 8d 91 35 c6 0a cc 3d 0f a2 64 5e 93 68 04 28 b1 28 f3 d1 5b 1c df 53 47 6e 80 3f 00 00",""
736,5115,"PACKET","IN",207,35,"PlayerSync","id=207 bytes=35","cf 63 00 00 00 32 ca a3 30 d3 66 89 91 6c 9f 1e 90 84 00 00 00 00 aa c4 40 00 00 00 00 00 01 28 00 04 11",""
737,5133,"PACKET","IN",207,35,"PlayerSync","id=207 bytes=35","cf 7c 00 00 00 34 2e 22 70 cc 29 09 91 53 dd 1e 90 84 00 00 00 02 b8 32 40 00 00 00 00 00 01 28 00 04 11",""
738,5134,"PACKET","IN",207,45,"PlayerSync","id=207 bytes=45","cf 88 00 84 80 40 80 00 00 14 cb e6 30 fc 45 49 51 48 fe 1f 10 84 00 00 00 01 62 be 80 00 03 a5 74 18 f4 78 08 ce 5f fd fd c8 04 04 80",""
739,5162,"PACKET","IN",207,45,"PlayerSync","id=207 bytes=45","cf 88 00 8d 00 41 80 00 00 24 0c e6 30 fd 45 49 51 78 7e 1f 10 84 00 00 00 03 9a ea 80 00 01 69 78 18 f4 08 01 f5 fb fd fd c8 04 04 80",""
740,5162,"PACKET","IN",207,35,"PlayerSync","id=207 bytes=35","cf 4b 00 00 00 1f 3e 26 30 df 04 49 51 44 7f 1f 10 8b 70 05 e8 09 6e ca 00 00 0c 00 00 00 01 a5 04 04 80",""
741,5183,"PACKET","IN",207,35,"PlayerSync","id=207 bytes=35","cf 4f 00 00 00 23 be 26 b0 e1 f7 49 91 7b 67 1f 10 80 00 00 00 02 58 c5 c0 00 00 00 00 00 01 28 00 04 11",""
742,5183,"PACKET","IN",207,35,"PlayerSync","id=207 bytes=35","cf 5e 00 00 00 38 a6 68 30 cb 04 89 d1 7b 67 1f 10 80 00 00 00 03 cb ff 40 00 00 00 00 00 01 a5 04 e8 80",""
743,5183,"PACKET","IN",203,34,"AimSync","id=203 bytes=34","cb 5e 00 04 31 42 4d bf b9 0a 17 3f 1b 87 c2 bd ac e5 9e c3 0d ea 26 45 55 50 80 42 00 00 00 00 3f 3a",""
744,5183,"PACKET","IN",207,35,"PlayerSync","id=207 bytes=35","cf 60 00 00 00 26 94 e5 b0 f3 00 49 d1 6c 24 9f 10 80 00 00 00 02 2a 1d c0 00 00 00 00 00 01 28 00 04 11",""
745,5184,"PACKET","IN",207,45,"PlayerSync","id=207 bytes=45","cf 88 00 90 00 42 40 00 00 38 8d 66 30 fc 05 49 51 51 be 5f 10 84 00 00 00 02 6e da 80 00 02 5d 78 18 f5 1c 02 29 df fd fd c8 04 04 80",""
746,5184,"RPC","IN",105,7,"TextDrawSetString","id=105 bytes=7 | TextDrawID=2086 length=3 text=""100""","26 08 03 00 31 30 30",""
747,5184,"RPC","IN",105,5,"TextDrawSetString","id=105 bytes=5 | TextDrawID=2087 length=1 text=""0""","27 08 01 00 30",""
748,5184,"RPC","IN",105,6,"TextDrawSetString","id=105 bytes=6 | TextDrawID=2088 length=2 text=""46""","28 08 02 00 34 36",""
749,5184,"RPC","IN",105,5,"TextDrawSetString","id=105 bytes=5 | TextDrawID=2089 length=1 text=""2""","29 08 01 00 32",""
750,5184,"RPC","IN",105,7,"TextDrawSetString","id=105 bytes=7 | TextDrawID=2090 length=3 text=""100""","2a 08 03 00 31 30 30",""
751,5211,"PACKET","IN",200,44,"VehicleSync","id=200 bytes=44","c8 2d 00 3d 00 76 00 00 00 08 00 29 c0 7f e0 7a 21 73 84 fa cc 3b 3f f2 64 5a e2 98 04 2a 54 09 f3 d5 eb 45 ef 41 27 6e 80 3f 00 00",""
752,5211,"PACKET","IN",207,41,"PlayerSync","id=207 bytes=41","cf 88 00 00 00 16 4e a6 30 fc 05 49 51 43 3e 9f 10 84 00 00 00 00 76 d2 80 00 01 11 78 18 f4 04 01 16 07 fd fd a5 04 04 80",""
753,5232,"RPC","IN",99,42,"MoveObject","id=99 bytes=42","38 00 f8 e3 a1 c3 d7 9b 26 45 53 c5 7d 42 f8 e3 a1 c3 d7 9b 26 45 ed 5e 7b 42 00 00 80 3e 00 00 00 00 00 00 00 00 08 cc 84 43",""
754,5232,"RPC","IN",122,2,"StopObject","id=122 bytes=2","38 00",""
755,5233,"RPC","IN",99,42,"MoveObject","id=99 bytes=42","38 00 f8 e3 a1 c3 d7 9b 26 45 53 c5 7d 42 f8 e3 a1 c3 d7 9b 26 45 53 c5 7d 42 00 00 80 3e 00 00 00 00 00 00 00 00 08 cc 84 43",""
756,5233,"RPC","IN",122,2,"StopObject","id=122 bytes=2","38 00",""
757,5233,"RPC","IN",99,42,"MoveObject","id=99 bytes=42","38 00 f8 e3 a1 c3 d7 9b 26 45 53 c5 7d 42 f8 e3 a1 c3 d7 9b 26 45 ed 5e 7b 42 00 00 80 3e 00 00 00 00 00 00 00 00 08 cc 84 43",""
758,5233,"RPC","IN",122,2,"StopObject","id=122 bytes=2","38 00",""
759,5233,"RPC","IN",99,42,"MoveObject","id=99 bytes=42","38 00 f8 e3 a1 c3 d7 9b 26 45 53 c5 7d 42 f8 e3 a1 c3 d7 9b 26 45 53 c5 7d 42 00 00 80 3e 00 00 00 00 00 00 00 00 08 cc 84 43",""
760,5233,"RPC","IN",122,2,"StopObject","id=122 bytes=2","38 00",""
761,5233,"RPC","IN",99,42,"MoveObject","id=99 bytes=42","38 00 f8 e3 a1 c3 d7 9b 26 45 53 c5 7d 42 f8 e3 a1 c3 d7 9b 26 45 ed 5e 7b 42 00 00 80 3e 00 00 00 00 00 00 00 00 08 cc 84 43",""
762,5233,"RPC","IN",122,2,"StopObject","id=122 bytes=2","38 00",""
763,5233,"RPC","IN",99,42,"MoveObject","id=99 bytes=42","38 00 f8 e3 a1 c3 d7 9b 26 45 53 c5 7d 42 f8 e3 a1 c3 d7 9b 26 45 53 c5 7d 42 00 00 80 3e 00 00 00 00 00 00 00 00 08 cc 84 43",""
764,5234,"RPC","IN",122,2,"StopObject","id=122 bytes=2","38 00",""
765,5234,"RPC","IN",99,42,"MoveObject","id=99 bytes=42","38 00 f8 e3 a1 c3 d7 9b 26 45 53 c5 7d 42 f8 e3 a1 c3 d7 9b 26 45 ed 5e 7b 42 00 00 80 3e 00 00 00 00 00 00 00 00 08 cc 84 43",""
766,5234,"RPC","IN",122,2,"StopObject","id=122 bytes=2","38 00",""
767,5234,"RPC","IN",99,42,"MoveObject","id=99 bytes=42","38 00 f8 e3 a1 c3 d7 9b 26 45 53 c5 7d 42 f8 e3 a1 c3 d7 9b 26 45 53 c5 7d 42 00 00 80 3e 00 00 00 00 00 00 00 00 08 cc 84 43",""
768,5234,"RPC","IN",122,2,"StopObject","id=122 bytes=2","38 00",""
769,5234,"RPC","IN",99,42,"MoveObject","id=99 bytes=42","38 00 f8 e3 a1 c3 d7 9b 26 45 53 c5 7d 42 f8 e3 a1 c3 d7 9b 26 45 ed 5e 7b 42 00 00 80 3e 00 00 00 00 00 00 00 00 08 cc 84 43",""
770,5234,"RPC","IN",122,2,"StopObject","id=122 bytes=2","38 00",""
771,5234,"RPC","IN",99,42,"MoveObject","id=99 bytes=42","38 00 f8 e3 a1 c3 d7 9b 26 45 53 c5 7d 42 f8 e3 a1 c3 d7 9b 26 45 53 c5 7d 42 00 00 80 3e 00 00 00 00 00 00 00 00 08 cc 84 43",""
772,5235,"PACKET","IN",207,35,"PlayerSync","id=207 bytes=35","cf 92 00 00 00 19 24 63 70 da e4 c9 91 47 23 5e 90 80 00 00 00 03 07 35 c0 00 00 00 00 00 01 a5 04 04 80",""
773,5235,"RPC","IN",135,2,"HideTextDraw","id=135 bytes=2","f0 00",""
774,5235,"RPC","IN",135,2,"HideTextDraw","id=135 bytes=2","2c 08",""
775,5235,"RPC","IN",135,2,"HideTextDraw","id=135 bytes=2","2d 08",""
776,5235,"RPC","IN",87,2,"ClearPlayerAnimation","id=87 bytes=2","80 00",""
777,5235,"RPC","IN",86,29,"ApplyPlayerAnimation","id=86 bytes=29","80 00 05 43 41 52 52 59 0b 63 72 72 79 5f 70 72 74 69 61 6c 33 33 83 40 00 00 00 00 00",""
778,5235,"RPC","IN",88,1,"SetPlayerSpecialAction","id=88 bytes=1","00",""
779,5236,"RPC","IN",15,1,"TogglePlayerControllable","id=15 bytes=1","01",""
780,5236,"RPC","IN",16,16,"PlaySound","id=16 bytes=16","d5 9d 00 00 00 00 00 00 00 00 00 00 00 00 00 00",""
781,5236,"RPC","IN",134,67,"ShowTextDraw","id=134 bytes=67","2b 08 10 9a 99 d9 3e 33 33 b3 3f 32 32 32 ff 00 00 c8 43 00 00 88 41 32 32 32 ff 00 00 32 32 32 ff 01 00 00 80 76 44 00 00 d9 42 00 00 00 00 00 00 00 00 00 00 00 00 00 00 00 00 80 3f ff ff ff ff 00 00",""
782,5236,"RPC","IN",134,80,"ShowTextDraw","id=134 bytes=80","2c 08 10 8f c2 f5 3e 29 5c 8f 3f 00 00 00 66 00 00 50 42 00 00 88 42 80 80 80 80 00 00 00 00 00 66 04 00 00 80 a2 43 00 00 a1 43 00 00 00 00 00 00 00 00 00 00 00 00 00 00 00 00 80 3f ff ff ff ff 0d 00 4c 44 5f 53 50 41 43 3a 77 68 69 74 65",""
783,5237,"RPC","IN",134,68,"ShowTextDraw","id=134 bytes=68","2d 08 00 8f c2 f5 3e 29 5c 8f 3f ff ff ff ff 00 00 30 42 00 00 44 42 80 80 80 80 00 00 00 00 00 00 05 00 00 80 a4 43 00 80 a5 43 f4 0a 00 00 00 00 00 00 00 00 00 00 00 00 00 00 80 3f 00 00 00 00 01 00 5f",""
784,5237,"RPC","IN",134,77,"ShowTextDraw","id=134 bytes=77","2e 08 10 93 18 04 3e 9a 99 59 3f ff ff ff e6 00 00 a0 44 00 00 a0 44 80 80 80 80 00 00 ff ff ff e6 01 00 00 00 a3 43 00 00 a1 43 00 00 00 00 00 00 00 00 00 00 00 00 00 00 00 00 80 3f ff ff ff ff 0a 00 52 65 6d 6f 76 65 64 20 38 78",""
785,5237,"RPC","IN",134,78,"ShowTextDraw","id=134 bytes=78","2f 08 18 93 18 04 3e 9a 99 59 3f ff ff ff e6 00 00 a0 44 00 00 a0 44 80 80 80 80 00 00 ff ff ff e6 01 00 00 00 b0 43 00 00 bb 43 00 00 00 00 00 00 00 00 00 00 00 00 00 00 00 00 80 3f ff ff ff ff 0b 00 41 79 61 6d 20 50 6f 74 6f 6e 67",""
786,5238,"RPC","IN",134,80,"ShowTextDraw","id=134 bytes=80","30 08 10 8f c2 f5 3e 29 5c 8f 3f 1a ff 00 aa 00 00 50 42 00 00 40 40 80 80 80 80 00 00 ff ff ff e6 04 00 00 80 a2 43 00 00 c2 43 00 00 00 00 00 00 00 00 00 00 00 00 00 00 00 00 80 3f ff ff ff ff 0d 00 4c 44 5f 53 50 41 43 3a 77 68 69 74 65",""
787,5238,"RPC","IN",135,2,"HideTextDraw","id=135 bytes=2","2b 08",""
788,5238,"RPC","IN",135,2,"HideTextDraw","id=135 bytes=2","2c 08",""
789,5238,"RPC","IN",135,2,"HideTextDraw","id=135 bytes=2","2d 08",""
790,5238,"RPC","IN",135,2,"HideTextDraw","id=135 bytes=2","2e 08",""
791,5238,"RPC","IN",135,2,"HideTextDraw","id=135 bytes=2","2f 08",""
792,5238,"RPC","IN",135,2,"HideTextDraw","id=135 bytes=2","30 08",""
793,5238,"RPC","IN",16,16,"PlaySound","id=16 bytes=16","d5 9d 00 00 00 00 00 00 00 00 00 00 00 00 00 00",""
794,5238,"RPC","IN",134,67,"ShowTextDraw","id=134 bytes=67","2b 08 10 9a 99 d9 3e 33 33 b3 3f 32 32 32 ff 00 00 c8 43 00 00 88 41 32 32 32 ff 00 00 32 32 32 ff 01 00 00 80 76 44 00 00 d9 42 00 00 00 00 00 00 00 00 00 00 00 00 00 00 00 00 80 3f ff ff ff ff 00 00",""
795,5238,"RPC","IN",134,80,"ShowTextDraw","id=134 bytes=80","2c 08 10 8f c2 f5 3e 29 5c 8f 3f 00 00 00 66 00 00 50 42 00 00 88 42 80 80 80 80 00 00 00 00 00 66 04 00 00 80 a2 43 00 00 a1 43 00 00 00 00 00 00 00 00 00 00 00 00 00 00 00 00 80 3f ff ff ff ff 0d 00 4c 44 5f 53 50 41 43 3a 77 68 69 74 65",""
796,5238,"RPC","IN",134,68,"ShowTextDraw","id=134 bytes=68","2d 08 00 8f c2 f5 3e 29 5c 8f 3f ff ff ff ff 00 00 30 42 00 00 44 42 80 80 80 80 00 00 00 00 00 00 05 00 00 80 a4 43 00 80 a5 43 d0 0a 00 00 00 00 00 00 00 00 00 00 00 00 00 00 80 3f 00 00 00 00 01 00 5f",""
797,5238,"RPC","IN",134,78,"ShowTextDraw","id=134 bytes=78","2e 08 10 93 18 04 3e 9a 99 59 3f ff ff ff e6 00 00 a0 44 00 00 a0 44 80 80 80 80 00 00 ff ff ff e6 01 00 00 00 a3 43 00 00 a1 43 00 00 00 00 00 00 00 00 00 00 00 00 00 00 00 00 80 3f ff ff ff ff 0b 00 52 65 63 65 69 76 65 64 20 38 78",""
798,5239,"RPC","IN",134,77,"ShowTextDraw","id=134 bytes=77","2f 08 18 93 18 04 3e 9a 99 59 3f ff ff ff e6 00 00 a0 44 00 00 a0 44 80 80 80 80 00 00 ff ff ff e6 01 00 00 00 b0 43 00 00 bb 43 00 00 00 00 00 00 00 00 00 00 00 00 00 00 00 00 80 3f ff ff ff ff 0a 00 41 79 61 6d 20 4b 65 6d 61 73",""
799,5239,"RPC","IN",134,80,"ShowTextDraw","id=134 bytes=80","30 08 10 8f c2 f5 3e 29 5c 8f 3f 1a ff 00 aa 00 00 50 42 00 00 40 40 80 80 80 80 00 00 ff ff ff e6 04 00 00 80 a2 43 00 00 c2 43 00 00 00 00 00 00 00 00 00 00 00 00 00 00 00 00 80 3f ff ff ff ff 0d 00 4c 44 5f 53 50 41 43 3a 77 68 69 74 65",""
800,5239,"RPC","IN",134,67,"ShowTextDraw","id=134 bytes=67","31 08 10 9a 99 d9 3e 33 33 b3 3f 32 32 32 ff 00 00 c8 43 00 00 88 41 32 32 32 ff 00 00 32 32 32 ff 01 00 00 20 82 44 00 00 d9 42 00 00 00 00 00 00 00 00 00 00 00 00 00 00 00 00 80 3f ff ff ff ff 00 00",""
801,5239,"RPC","IN",134,80,"ShowTextDraw","id=134 bytes=80","32 08 10 8f c2 f5 3e 29 5c 8f 3f 00 00 00 66 00 00 50 42 00 00 88 42 80 80 80 80 00 00 00 00 00 66 04 00 00 00 be 43 00 00 a1 43 00 00 00 00 00 00 00 00 00 00 00 00 00 00 00 00 80 3f ff ff ff ff 0d 00 4c 44 5f 53 50 41 43 3a 77 68 69 74 65",""
802,5239,"RPC","IN",134,68,"ShowTextDraw","id=134 bytes=68","33 08 00 8f c2 f5 3e 29 5c 8f 3f ff ff ff ff 00 00 30 42 00 00 44 42 80 80 80 80 00 00 00 00 00 00 05 00 00 00 c0 43 00 80 a5 43 f4 0a 00 00 00 00 00 00 00 00 00 00 00 00 00 00 80 3f 00 00 00 00 01 00 5f",""
803,5239,"RPC","IN",134,77,"ShowTextDraw","id=134 bytes=77","34 08 10 93 18 04 3e 9a 99 59 3f ff ff ff e6 00 00 a0 44 00 00 a0 44 80 80 80 80 00 00 ff ff ff e6 01 00 00 80 be 43 00 00 a1 43 00 00 00 00 00 00 00 00 00 00 00 00 00 00 00 00 80 3f ff ff ff ff 0a 00 52 65 6d 6f 76 65 64 20 38 78",""
804,5239,"RPC","IN",134,78,"ShowTextDraw","id=134 bytes=78","35 08 18 93 18 04 3e 9a 99 59 3f ff ff ff e6 00 00 a0 44 00 00 a0 44 80 80 80 80 00 00 ff ff ff e6 01 00 00 80 cb 43 00 00 bb 43 00 00 00 00 00 00 00 00 00 00 00 00 00 00 00 00 80 3f ff ff ff ff 0b 00 41 79 61 6d 20 50 6f 74 6f 6e 67",""
805,5239,"RPC","IN",134,80,"ShowTextDraw","id=134 bytes=80","36 08 10 8f c2 f5 3e 29 5c 8f 3f 1a ff 00 aa 00 00 50 42 00 00 40 40 80 80 80 80 00 00 ff ff ff e6 04 00 00 00 be 43 00 00 c2 43 00 00 00 00 00 00 00 00 00 00 00 00 00 00 00 00 80 3f ff ff ff ff 0d 00 4c 44 5f 53 50 41 43 3a 77 68 69 74 65",""
806,5239,"PACKET","IN",207,35,"PlayerSync","id=207 bytes=35","cf 85 00 00 00 27 4d 62 f0 cc e9 09 91 55 da de 90 84 00 00 00 00 1e 8d 80 00 00 00 00 00 01 28 00 04 11",""
807,5240,"PACKET","IN",203,34,"AimSync","id=203 bytes=34","cb 85 00 04 93 be 3d 3e 96 84 77 3f 00 cf 33 be 47 62 8b c3 11 87 26 45 5a 24 7e 42 00 00 00 00 3f c6",""
808,5316,"PACKET","IN",207,41,"PlayerSync","id=207 bytes=41","cf 88 00 00 00 0a 52 26 30 fd 45 49 51 5d 3f 1f 10 84 00 00 00 00 76 d2 80 00 03 20 ff 54 f0 04 01 16 07 fd fd a5 04 04 80",""
809,5317,"PACKET","IN",200,44,"VehicleSync","id=200 bytes=44","c8 2d 00 3d 00 76 00 00 00 08 00 2b 30 7a 30 70 51 ce 53 9a cc 34 20 52 74 5e 21 a8 04 2d 61 ab 03 dd 1b 84 ef 29 57 6e 80 3f 00 00",""
810,5317,"RPC","IN",86,27,"ApplyPlayerAnimation","id=86 bytes=27","46 00 07 42 44 5f 46 49 52 45 07 77 61 73 68 5f 75 70 33 33 83 40 80 00 00 00 00",""
811,5317,"PACKET","OUT",207,69,"PlayerSync","id=207 bytes=69","cf 00 00 00 00 00 00 04 8d a0 c3 f8 22 27 45 ed 9c 7c 42 35 df 41 3f 00 00 00 80 00 00 00 00 7d 2e 27 bf 64 00 04 00 00 00 00 00 00 00 00 00 00 00 00 00 00 00 00 00 00 00 00 00 00 00 00 00 00 00 a5 04 e8 80",""
812,5393,"PACKET","IN",207,49,"PlayerSync","id=207 bytes=49","cf 5d 00 00 00 2f c2 a6 f0 db c5 09 d1 7b 67 1f 10 84 00 00 00 00 1b 0f e0 00 00 00 00 00 03 ff fe 00 00 00 00 00 00 00 00 00 00 00 01 00 00 00 80",""
813,5394,"PACKET","IN",207,41,"PlayerSync","id=207 bytes=41","cf 88 00 00 00 3f 54 66 30 fd 85 49 51 4a 7f 9f 10 84 00 00 00 00 76 d2 80 00 01 cb c9 94 f0 04 01 16 07 fd fd a5 04 04 80",""
814,5394,"PACKET","IN",200,44,"VehicleSync","id=200 bytes=44","c8 2d 00 3d 00 76 00 00 00 08 00 2a a0 75 c0 7c b2 0e 52 0a cc 32 80 b2 74 5f c0 b8 04 20 91 5c 13 d4 4b d0 af 04 27 7e 80 3f 00 00",""
815,5394,"PACKET","IN",203,34,"AimSync","id=203 bytes=34","cb 2d 00 12 a7 0f 00 3f ce d7 83 3e 5d a3 53 bf 58 c1 af c3 ef cd 26 45 86 7a 9d 42 00 00 00 00 3f 28",""
816,5394,"PACKET","IN",207,49,"PlayerSync","id=207 bytes=49","cf ab 00 00 00 0a da a5 b0 d8 cd 09 d1 6c 24 9f 10 80 00 00 00 03 ef 77 c0 00 00 00 00 00 03 ff fe 00 00 00 00 00 00 00 00 00 00 00 01 28 00 04 11",""
817,5427,"PACKET","OUT",203,32,"AimSync","id=203 bytes=32","cb 00 00 00 39 05 00 00 00 00 00 00 00 00 00 00 00 40 01 00 00 00 80 3f 00 00 f3 04 b5 3f 39 05",""
818,5437,"PACKET","IN",207,35,"PlayerSync","id=207 bytes=35","cf 88 00 00 00 23 d5 26 30 fd 85 49 51 66 bf 9f 10 84 00 00 00 00 76 d2 80 00 00 00 00 00 01 a5 04 04 80",""
819,5438,"RPC","IN",86,27,"ApplyPlayerAnimation","id=86 bytes=27","5e 00 07 42 44 5f 46 49 52 45 07 77 61 73 68 5f 75 70 33 33 83 40 80 00 00 00 00",""
820,5438,"PACKET","IN",207,35,"PlayerSync","id=207 bytes=35","cf a6 00 00 00 32 2a 23 30 fa d3 c9 91 60 20 9e 90 84 00 00 00 00 88 0f c0 00 00 00 00 00 01 28 00 04 11",""
821,5463,"PACKET","IN",207,35,"PlayerSync","id=207 bytes=35","cf 1b 00 00 00 26 4a e3 30 df 1b c9 91 70 9f 1e 90 84 00 00 00 00 c6 de c0 00 00 00 00 00 01 28 00 04 11",""
822,5464,"PACKET","IN",207,35,"PlayerSync","id=207 bytes=35","cf 76 00 00 00 37 05 22 b0 cc e9 09 91 72 5b 5e 90 84 00 00 00 00 f0 4f 40 00 00 00 00 00 01 00 00 00 80",""
823,5484,"PACKET","IN",200,44,"VehicleSync","id=200 bytes=44","c8 2d 00 3d 00 76 00 00 00 08 00 29 c0 72 10 73 62 65 a0 2a cc 3a d1 12 74 5a 2f 67 f4 29 45 3d 23 d1 6c 24 0e d1 57 7e 80 3f 00 00",""
824,5485,"PACKET","IN",207,35,"PlayerSync","id=207 bytes=35","cf 46 00 02 00 1b 70 e6 b0 e7 7f 49 91 7b 67 1f 10 84 00 00 00 00 f1 9b c0 00 00 00 00 00 01 28 00 04 11",""
825,5485,"PACKET","IN",207,35,"PlayerSync","id=207 bytes=35","cf 54 00 00 00 38 c3 63 30 ca de 89 91 59 1e de 90 84 00 00 00 01 da 3e c0 00 00 00 00 00 01 a5 04 04 80",""
826,5511,"PACKET","IN",207,35,"PlayerSync","id=207 bytes=35","cf 1f 00 00 00 05 25 a8 30 e1 ff 09 91 7b 67 1f 10 84 00 00 00 03 0b 6f 00 00 00 00 00 00 01 28 00 04 11",""
827,5512,"PACKET","IN",203,34,"AimSync","id=203 bytes=34","cb 1f 00 04 6b aa 5b bf 9d b3 24 be 4d b3 f9 be af 25 9f c3 29 05 27 45 38 c7 82 42 00 00 00 00 3f 22",""
828,5512,"PACKET","IN",207,35,"PlayerSync","id=207 bytes=35","cf 46 00 00 00 1b 70 e6 b0 e7 7f 49 91 7b 67 1f 10 84 00 00 00 00 f1 9b c0 00 00 00 00 00 01 28 00 04 11",""
829,5512,"PACKET","IN",207,35,"PlayerSync","id=207 bytes=35","cf 5e 00 00 00 38 a6 68 30 cb 04 89 d1 7b 67 1f 10 80 00 00 00 03 cb ff 40 00 00 00 00 00 01 28 00 04 11",""
830,5533,"PACKET","IN",207,35,"PlayerSync","id=207 bytes=35","cf 7e 00 00 00 06 2c 66 b0 e3 c4 49 d1 7b 67 1f 10 84 00 00 00 01 0e 83 94 00 00 00 00 00 01 28 00 04 11",""
831,5533,"PACKET","IN",207,35,"PlayerSync","id=207 bytes=35","cf 83 00 00 00 08 58 a5 b0 cc 06 09 d1 6c 24 9f 10 80 00 00 00 02 4a 06 40 00 00 00 00 00 01 28 00 04 11",""
832,5533,"PACKET","IN",203,34,"AimSync","id=203 bytes=34","cb 83 00 04 a2 85 73 3f 14 8b 9d 3e b1 86 a9 bc 89 89 97 c3 3f 0c 27 45 8b 2c 7f 42 00 00 00 00 3f c6",""
833,5560,"PACKET","IN",207,35,"PlayerSync","id=207 bytes=35","cf 02 00 00 00 21 de e2 b0 cc 69 09 91 7d 9a 1e 90 84 00 00 00 00 2c 23 80 00 00 00 00 00 01 28 00 04 11",""
834,5561,"PACKET","IN",207,35,"PlayerSync","id=207 bytes=35","cf 0b 00 00 00 26 e3 e3 70 fb 2c c9 91 58 1f 9e 90 80 00 00 00 02 ce f7 c0 00 00 00 00 00 01 28 00 04 11",""
835,5561,"PACKET","IN",200,44,"VehicleSync","id=200 bytes=44","c8 2d 00 3d 00 76 00 00 00 08 00 29 10 7f 90 69 82 af 9e 7a bc 3d a1 62 74 53 5d a7 f4 2f 22 0d f3 d6 5c 52 4e ba 67 6e 80 3f 00 00",""
836,5601,"RPC","IN",87,2,"ClearPlayerAnimation","id=87 bytes=2","a6 00",""
837,5601,"RPC","IN",86,29,"ApplyPlayerAnimation","id=86 bytes=29","a6 00 05 43 41 52 52 59 0b 63 72 72 79 5f 70 72 74 69 61 6c 33 33 83 40 00 00 00 00 00",""
838,5621,"PACKET","IN",207,35,"PlayerSync","id=207 bytes=35","cf 27 00 00 00 32 0b 23 30 f3 e2 09 91 73 1f 1e 90 84 00 00 00 03 bf 3e 80 00 00 00 00 00 01 28 00 04 11",""
839,5621,"PACKET","IN",207,35,"PlayerSync","id=207 bytes=35","cf 43 00 00 00 0a b5 62 f0 c0 68 49 91 71 de 1e 90 84 00 00 00 01 28 53 00 00 00 00 00 00 01 28 00 04 11",""
840,5621,"PACKET","IN",207,35,"PlayerSync","id=207 bytes=35","cf 55 00 00 00 0a e6 e8 30 db d3 c9 d1 7b 67 1f 10 84 00 00 00 00 13 15 80 00 00 00 00 00 01 a5 04 e8 80",""
841,5646,"PACKET","IN",207,35,"PlayerSync","id=207 bytes=35","cf b2 00 00 00 01 e5 62 f0 f2 25 c9 91 76 5d 5e 90 84 00 00 00 00 94 12 80 00 00 00 00 00 01 28 00 04 11",""
842,5668,"PACKET","IN",200,44,"VehicleSync","id=200 bytes=44","c8 2d 00 3d 00 76 00 00 00 08 00 26 f0 7a 90 63 53 13 5b da bc 38 31 e2 74 5c ea c7 f4 27 3d cf 63 d4 ec ac 1e 72 f7 6e 80 3f 00 00",""
843,5689,"PACKET","IN",207,49,"PlayerSync","id=207 bytes=49","cf 30 00 00 00 05 42 e6 f0 f1 d7 49 d1 7b 67 1f 10 84 00 00 00 02 42 33 00 00 00 00 00 00 03 ff fe 00 00 00 00 00 00 00 00 00 00 00 01 00 00 00 80",""
844,5689,"PACKET","IN",207,35,"PlayerSync","id=207 bytes=35","cf 7c 00 00 00 34 2e 22 70 cc 29 09 91 53 dd 1e 90 84 00 00 00 02 b8 32 40 00 00 00 00 00 01 28 00 04 11",""
845,5713,"RPC","IN",86,27,"ApplyPlayerAnimation","id=86 bytes=27","76 00 07 42 44 5f 46 49 52 45 07 77 61 73 68 5f 75 70 33 33 83 40 80 00 00 00 00",""
846,5713,"PACKET","IN",207,35,"PlayerSync","id=207 bytes=35","cf 63 00 00 00 32 ca a3 30 d3 66 89 91 6c 9f 1e 90 84 00 00 00 00 aa c4 40 00 00 00 00 00 01 28 00 04 11",""
847,5714,"PACKET","IN",207,35,"PlayerSync","id=207 bytes=35","cf 76 00 00 01 37 05 22 b0 cc e9 09 91 72 5b 5e 90 84 00 00 00 00 f0 4f 40 00 00 00 00 00 01 00 00 00 80",""
848,5714,"PACKET","OUT",205,9,"UNKNOWN_PACKET","id=205 bytes=9","cd b8 4a 04 00 00 00 00 00",""
849,5734,"PACKET","IN",207,35,"PlayerSync","id=207 bytes=35","cf 76 00 00 00 37 05 22 b0 cc e9 09 91 72 5b 5e 90 84 00 00 00 00 f0 4f 40 00 00 00 00 00 01 00 00 00 80",""
850,5734,"PACKET","IN",207,35,"PlayerSync","id=207 bytes=35","cf a6 00 00 00 32 2a 23 30 fa d3 c9 91 60 20 9e 90 84 00 00 00 00 88 0f c0 00 00 00 00 00 01 a5 04 e8 80",""
851,5734,"PACKET","IN",207,35,"PlayerSync","id=207 bytes=35","cf ae 00 00 00 15 54 e5 b0 e3 79 09 91 6c 24 9f 10 80 00 00 00 00 c6 db 00 00 00 00 00 00 01 28 00 04 11",""
852,5734,"PACKET","IN",203,34,"AimSync","id=203 bytes=34","cb ae 00 04 f0 c5 4a 3d 87 b0 56 3f b6 dd 0a bf ec 60 96 c3 cb c7 26 45 c5 cf 81 42 00 00 00 00 3f 3a",""
853,5734,"PACKET","IN",207,35,"PlayerSync","id=207 bytes=35","cf 4f 00 00 00 23 be 26 b0 e1 f7 49 91 7b 67 1f 10 80 00 00 00 02 58 c5 c0 00 00 00 00 00 01 28 00 04 11",""
854,5762,"RPC","IN",86,27,"ApplyPlayerAnimation","id=86 bytes=27","54 00 07 42 44 5f 46 49 52 45 07 77 61 73 68 5f 75 70 33 33 83 40 80 00 00 00 00",""
855,5762,"PACKET","IN",200,44,"VehicleSync","id=200 bytes=44","c8 2d 00 3d 00 00 00 00 00 00 00 2b e0 77 70 62 43 83 68 da bc 35 22 62 74 56 57 c7 f4 2b 61 af 83 d4 7c c5 4e 65 d7 6e 80 3f 00 00",""
856,5763,"PACKET","IN",207,35,"PlayerSync","id=207 bytes=35","cf 4b 00 00 00 1f 3e 26 30 df 04 49 51 44 7f 1f 10 8b 70 05 e8 09 6e ca 00 00 0c 00 00 00 01 a5 04 04 80",""
857,5763,"PACKET","IN",203,34,"AimSync","id=203 bytes=34","cb 4b 00 04 c9 5e 1b 3f 09 49 03 bf 8b 6f 1b bf 95 d5 99 c3 c7 28 25 45 0b 26 83 42 00 00 00 00 3f 22",""
858,5763,"PACKET","IN",207,35,"PlayerSync","id=207 bytes=35","cf 57 00 00 00 02 e3 63 70 d2 da c9 91 7b a3 1e 90 80 00 00 00 01 ce b5 80 00 00 00 00 00 01 28 00 04 11",""
859,5763,"PACKET","IN",207,35,"PlayerSync","id=207 bytes=35","cf 60 00 00 00 26 94 e5 b0 f3 00 49 d1 6c 24 9f 10 80 00 00 00 02 2a 1d c0 00 00 00 00 00 01 28 00 04 11",""
860,5763,"PACKET","IN",207,35,"PlayerSync","id=207 bytes=35","cf 85 00 00 00 27 4d 62 f0 cc e9 09 91 55 da de 90 84 00 00 00 00 1e 8d 80 00 00 00 00 00 01 28 00 04 11",""
861,5763,"PACKET","IN",207,35,"PlayerSync","id=207 bytes=35","cf 92 00 00 00 19 24 63 70 da e4 c9 91 47 23 5e 90 80 00 00 00 03 07 35 c0 00 00 00 00 00 01 a5 04 04 80",""
862,5786,"RPC","IN",105,19,"TextDrawSetString","id=105 bytes=19 | TextDrawID=303 length=15 text=""09 Agustus 2026""","2f 01 0f 00 30 39 20 41 67 75 73 74 75 73 20 32 30 32 36",""
863,5786,"RPC","IN",105,12,"TextDrawSetString","id=105 bytes=12 | TextDrawID=304 length=8 text=""12:27:16""","30 01 08 00 31 32 3a 32 37 3a 31 36",""
864,5810,"PACKET","IN",207,35,"PlayerSync","id=207 bytes=35","cf 76 00 00 00 37 05 22 b0 cc e9 09 91 72 5b 5e 90 84 00 00 00 00 f0 4f 40 00 00 00 00 00 01 28 00 04 11",""
865,5836,"PACKET","IN",207,35,"PlayerSync","id=207 bytes=35","cf 88 00 00 00 23 d5 26 30 fd 85 49 51 66 ff 9f 10 84 00 00 00 00 76 d2 80 00 00 00 00 00 01 a5 04 04 80",""
866,5862,"PACKET","IN",200,44,"VehicleSync","id=200 bytes=44","c8 2d 00 3d 00 00 00 00 00 00 00 27 20 72 80 7a 33 c8 a5 fa bc 3a 32 e2 74 55 24 d7 f4 21 18 3f c3 db 1c 64 ce ac 07 6e 80 3f 00 00",""
867,5862,"PACKET","IN",211,27,"PassengerSync","id=211 bytes=27","d3 4b 00 78 00 02 00 3e 00 00 00 00 00 00 00 d9 b7 98 c3 86 02 25 45 c8 6f 7b 42",""
868,5862,"PACKET","IN",207,49,"PlayerSync","id=207 bytes=49","cf 5d 00 00 00 2f c2 a6 f0 db c5 09 d1 7b 67 1f 10 84 00 00 00 00 1b 0f e0 00 00 00 00 00 03 ff fe 00 00 00 00 00 00 00 00 00 00 00 01 00 00 00 80",""
