sequence,elapsed_ms,type,direction,id,bytes,name,details,hex,marker
1,21,"PACKET","IN",207,35,"PlayerSync","id=207 bytes=35","cf 1a 00 00 00 09 dc ec 70 fa 45 c9 d1 74 c8 a0 50 84 00 00 00 01 f9 f5 80 00 04 00 00 00 01 87 04 08 80",""
2,46,"PACKET","IN",207,35,"PlayerSync","id=207 bytes=35","cf 63 00 00 00 35 23 63 70 dd 23 09 91 54 21 9e 90 80 00 00 00 02 22 63 80 00 00 00 00 00 01 28 00 04 11",""
3,46,"PACKET","IN",207,35,"PlayerSync","id=207 bytes=35","cf 0b 00 00 00 26 cb 68 30 e8 bd c9 91 7b 67 1f 10 84 00 00 00 02 2e 5f c0 00 00 00 00 00 01 28 00 04 11",""
4,47,"PACKET","IN",207,35,"PlayerSync","id=207 bytes=35","cf 1a 00 00 80 09 dc ec 70 fa 45 c9 d1 74 c8 a0 50 84 00 00 00 01 f9 f5 80 00 04 00 00 00 01 a5 04 04 80",""
5,47,"PACKET","IN",200,44,"VehicleSync","id=200 bytes=44","c8 55 00 46 00 81 ff 00 00 08 00 03 80 6a 30 8c 3f 5b 86 29 9c 3c 4f a2 34 51 9b 37 c4 22 74 d0 f3 e8 fd bc 72 64 98 6d 50 3f 00 00",""
6,47,"PACKET","IN",207,45,"PlayerSync","id=207 bytes=45","cf 60 00 83 00 60 7f c0 00 39 aa a8 f0 e3 64 09 91 53 b7 5f 10 84 00 00 00 02 e5 61 c0 00 00 5b 02 dc f6 4c b0 4f 87 fd fd ac 04 64 80",""
7,74,"PACKET","IN",207,35,"PlayerSync","id=207 bytes=35","cf 1a 00 00 00 09 dc ec 70 fa 45 c9 d1 74 c8 a0 50 84 00 00 00 01 f9 f5 80 00 04 00 00 00 01 a5 04 04 80",""
8,74,"PACKET","IN",207,45,"PlayerSync","id=207 bytes=45","cf 60 00 83 00 60 7f c0 00 05 ec 68 f0 dd 64 49 91 79 b6 df 10 84 00 00 00 02 19 61 c0 00 00 60 22 d8 f7 18 b0 ff 87 fd fd ac 04 64 80",""
9,75,"PACKET","IN",200,44,"VehicleSync","id=200 bytes=44","c8 38 00 30 00 00 00 00 00 00 00 78 e0 78 00 3b 6f 5e 44 3a 9c 39 79 b2 74 52 76 b7 e4 25 b0 59 53 c5 13 b4 51 4c f8 75 a0 5d f0 00",""
10,75,"PACKET","IN",207,45,"PlayerSync","id=207 bytes=45","cf 60 00 82 80 60 7f c0 00 30 ae a8 f0 f8 24 89 91 6c b6 5f 10 84 00 00 00 01 35 65 c0 00 03 02 06 c4 f7 b8 b1 87 87 fd fd ac 04 64 80",""
11,103,"PACKET","IN",207,43,"PlayerSync","id=207 bytes=43","cf 7e 00 60 3f c2 00 12 cf e8 f0 cb 9f 4a 51 40 30 1e 90 80 00 00 00 00 98 ff 94 00 03 f0 90 a4 f8 ca f5 af c3 fd fd ac 04 64 80",""
12,103,"PACKET","IN",207,35,"PlayerSync","id=207 bytes=35","cf 1c 00 00 00 2d 1d 28 30 f6 cc c9 d1 7b 67 1f 10 84 00 00 00 00 65 93 00 00 00 00 00 00 01 28 00 04 11",""
13,103,"PACKET","IN",207,45,"PlayerSync","id=207 bytes=45","cf 60 00 81 80 60 7f c0 00 26 70 28 f0 ee 24 c9 91 5a b6 1f 10 84 00 00 00 03 bd 69 c0 00 01 bb fa a8 f5 34 b3 5f 83 fd fd ac 04 64 80",""
14,103,"PACKET","IN",207,45,"PlayerSync","id=207 bytes=45","cf 60 00 81 00 60 7f c0 00 03 f1 e8 f0 e8 65 09 91 45 b5 df 10 84 00 00 00 02 ed 6d c0 00 03 1d d6 a4 f7 f4 aa c7 7f fd fd ac 04 64 80",""
15,128,"PACKET","IN",200,44,"VehicleSync","id=200 bytes=44","c8 55 00 46 00 81 ff 00 00 08 00 05 b0 6e c0 83 2f 2c 42 a9 9c 39 9f 42 34 52 6c d7 c4 24 2c 91 73 e1 4e 2e 42 db 28 4d 50 3f 00 00",""
16,128,"PACKET","IN",207,35,"PlayerSync","id=207 bytes=35","cf 70 00 00 00 2a a3 e3 70 fe e5 c9 91 41 e3 5e 90 80 00 00 00 03 5b 53 00 00 00 00 00 00 01 28 00 04 11",""
17,155,"RPC","IN",138,3,"ServerQuit","id=138 bytes=3","9a 00 00",""
18,155,"PACKET","IN",207,35,"PlayerSync","id=207 bytes=35","cf 1a 00 00 00 09 dc ec 70 fa 45 c9 d1 74 c8 a0 50 84 00 00 00 01 f9 f5 80 00 00 00 00 00 01 a5 04 04 80",""
19,155,"PACKET","IN",200,44,"VehicleSync","id=200 bytes=44","c8 38 00 30 00 00 00 00 00 00 00 79 a0 7e 60 3b 4f 57 c4 8a 9c 3b 79 a2 74 51 96 f7 e4 2b 39 47 13 c8 03 81 41 64 88 75 a0 5d f0 00",""
20,156,"PACKET","IN",207,43,"PlayerSync","id=207 bytes=43","cf 60 00 60 7f c0 00 32 f4 e8 f0 d7 e5 89 91 69 b5 1f 10 84 00 00 00 01 51 75 c0 00 03 1a 5e 8c f7 ec a3 7b 77 fd fd ac 04 64 80",""
21,156,"PACKET","IN",207,35,"PlayerSync","id=207 bytes=35","cf 7c 00 00 00 35 a2 e2 70 da 28 89 91 5f 9d de 90 80 00 00 00 01 98 6a 40 00 00 00 00 00 01 28 00 04 11",""
22,181,"RPC","IN",99,42,"MoveObject","id=99 bytes=42","a0 00 f8 e3 a1 c3 d7 9b 26 45 53 c5 7d 42 f8 e3 a1 c3 d7 9b 26 45 ed 5e 7b 42 00 00 80 3e 00 00 00 00 00 00 00 00 08 cc 84 43",""
23,181,"RPC","IN",122,2,"StopObject","id=122 bytes=2","a0 00",""
24,181,"RPC","IN",99,42,"MoveObject","id=99 bytes=42","a0 00 f8 e3 a1 c3 d7 9b 26 45 53 c5 7d 42 f8 e3 a1 c3 d7 9b 26 45 53 c5 7d 42 00 00 80 3e 00 00 00 00 00 00 00 00 08 cc 84 43",""
25,182,"RPC","IN",122,2,"StopObject","id=122 bytes=2","a0 00",""
26,182,"RPC","IN",99,42,"MoveObject","id=99 bytes=42","a0 00 f8 e3 a1 c3 d7 9b 26 45 53 c5 7d 42 f8 e3 a1 c3 d7 9b 26 45 ed 5e 7b 42 00 00 80 3e 00 00 00 00 00 00 00 00 08 cc 84 43",""
27,182,"RPC","IN",122,2,"StopObject","id=122 bytes=2","a0 00",""
28,182,"RPC","IN",99,42,"MoveObject","id=99 bytes=42","a0 00 f8 e3 a1 c3 d7 9b 26 45 53 c5 7d 42 f8 e3 a1 c3 d7 9b 26 45 53 c5 7d 42 00 00 80 3e 00 00 00 00 00 00 00 00 08 cc 84 43",""
29,182,"RPC","IN",122,2,"StopObject","id=122 bytes=2","a0 00",""
30,182,"RPC","IN",99,42,"MoveObject","id=99 bytes=42","a0 00 f8 e3 a1 c3 d7 9b 26 45 53 c5 7d 42 f8 e3 a1 c3 d7 9b 26 45 ed 5e 7b 42 00 00 80 3e 00 00 00 00 00 00 00 00 08 cc 84 43",""
31,182,"RPC","IN",122,2,"StopObject","id=122 bytes=2","a0 00",""
32,182,"RPC","IN",99,42,"MoveObject","id=99 bytes=42","a0 00 f8 e3 a1 c3 d7 9b 26 45 53 c5 7d 42 f8 e3 a1 c3 d7 9b 26 45 53 c5 7d 42 00 00 80 3e 00 00 00 00 00 00 00 00 08 cc 84 43",""
33,182,"RPC","IN",122,2,"StopObject","id=122 bytes=2","a0 00",""
34,182,"RPC","IN",99,42,"MoveObject","id=99 bytes=42","a0 00 f8 e3 a1 c3 d7 9b 26 45 53 c5 7d 42 f8 e3 a1 c3 d7 9b 26 45 ed 5e 7b 42 00 00 80 3e 00 00 00 00 00 00 00 00 08 cc 84 43",""
35,183,"RPC","IN",122,2,"StopObject","id=122 bytes=2","a0 00",""
36,183,"RPC","IN",99,42,"MoveObject","id=99 bytes=42","a0 00 f8 e3 a1 c3 d7 9b 26 45 53 c5 7d 42 f8 e3 a1 c3 d7 9b 26 45 53 c5 7d 42 00 00 80 3e 00 00 00 00 00 00 00 00 08 cc 84 43",""
37,183,"RPC","IN",122,2,"StopObject","id=122 bytes=2","a0 00",""
38,183,"RPC","IN",99,42,"MoveObject","id=99 bytes=42","a0 00 f8 e3 a1 c3 d7 9b 26 45 53 c5 7d 42 f8 e3 a1 c3 d7 9b 26 45 ed 5e 7b 42 00 00 80 3e 00 00 00 00 00 00 00 00 08 cc 84 43",""
39,183,"RPC","IN",122,2,"StopObject","id=122 bytes=2","a0 00",""
40,183,"RPC","IN",99,42,"MoveObject","id=99 bytes=42","a0 00 f8 e3 a1 c3 d7 9b 26 45 53 c5 7d 42 f8 e3 a1 c3 d7 9b 26 45 53 c5 7d 42 00 00 80 3e 00 00 00 00 00 00 00 00 08 cc 84 43",""
41,183,"PACKET","IN",207,45,"PlayerSync","id=207 bytes=45","cf 60 00 ff 7f e0 7f c0 00 3f 36 68 f0 cd 65 c9 91 60 74 df 10 84 00 00 00 00 65 7d c0 00 01 48 12 98 f4 5c a7 e3 77 fd fd ac 04 64 80",""
42,183,"PACKET","IN",207,43,"PlayerSync","id=207 bytes=43","cf 7e 00 60 3f c2 00 2d c3 e8 f0 c6 e2 0a 51 40 30 1e 90 80 00 00 00 00 98 ff 94 00 00 28 03 60 f4 ca f5 af c3 fd fd ac 04 64 80",""
43,183,"PACKET","IN",200,44,"VehicleSync","id=200 bytes=44","c8 55 00 46 00 81 ff 00 00 08 00 0d 40 55 a0 8b ae ef cf 69 8c 3a 5e f2 34 5c 0d 97 c4 2e 9f d1 d3 e9 7e 7d a3 43 28 2d 50 3f 00 00",""
44,184,"PACKET","IN",207,45,"PlayerSync","id=207 bytes=45","cf 60 00 fe 7f e0 7f c0 00 38 b7 e8 f0 fe e5 c9 91 60 34 9f 10 84 00 00 00 03 85 81 c0 00 02 1f 96 84 f6 d0 9e ab 73 fd fd ac 04 64 80",""
45,206,"PACKET","OUT",205,9,"UNKNOWN_PACKET","id=205 bytes=9","cd b8 4a 04 00 00 00 00 00",""
46,231,"PACKET","IN",207,45,"PlayerSync","id=207 bytes=45","cf 60 00 fd 7f e0 7f c0 00 1d 39 a8 f0 f4 66 09 91 5e b4 5f 10 84 00 00 00 02 b9 89 c0 00 01 f2 26 70 f5 48 99 53 6f fd fd ac 04 64 80",""
47,232,"RPC","IN",87,2,"ClearPlayerAnimation","id=87 bytes=2","1c 00",""
48,232,"RPC","IN",86,29,"ApplyPlayerAnimation","id=86 bytes=29","1c 00 05 43 41 52 52 59 0b 63 72 72 79 5f 70 72 74 69 61 6c 33 33 83 40 00 00 00 00 00",""
49,232,"PACKET","IN",200,44,"VehicleSync","id=200 bytes=44","c8 38 00 30 00 00 00 00 00 08 00 79 d0 78 f0 4b 2f 55 24 da 9c 3d 29 92 74 5b 37 27 e4 2d 0e da 53 c1 c3 84 91 66 28 65 a0 5d f0 00",""
50,232,"PACKET","IN",207,35,"PlayerSync","id=207 bytes=35","cf 3d 00 00 00 32 67 a8 30 d0 79 49 91 7b 67 1f 10 84 00 00 00 00 e6 f1 c0 00 00 00 00 00 01 28 00 04 11",""
51,233,"PACKET","IN",207,45,"PlayerSync","id=207 bytes=45","cf 60 00 fb 7f e0 7f c0 00 0d 7b e8 f0 f9 a6 49 91 4f 34 1f 10 84 00 00 00 01 51 99 c0 00 00 b2 9e a4 f7 c4 93 d7 67 fd fd ac 04 64 80",""
52,255,"PACKET","IN",207,35,"PlayerSync","id=207 bytes=35","cf 4d 00 00 00 02 00 23 30 e6 e4 09 91 70 1e 9e 90 84 00 00 00 03 da d0 80 00 00 00 00 00 01 a5 04 04 80",""
53,255,"PACKET","IN",200,44,"VehicleSync","id=200 bytes=44","c8 55 00 46 00 81 ff 00 00 08 00 0b 30 51 c0 68 2e a1 2b 99 8c 37 9e a2 34 52 1d 77 c4 23 54 d2 03 e7 ae c1 43 c5 07 ed 50 3f 00 00",""
54,256,"PACKET","IN",207,45,"PlayerSync","id=207 bytes=45","cf 60 00 f9 7f e0 7f c0 00 16 ff a8 f0 e8 66 c9 91 67 33 9f 10 84 00 00 00 00 11 a9 c0 00 02 ff 2a e0 f7 64 82 77 57 fd fd ac 04 64 80",""
55,256,"PACKET","IN",207,43,"PlayerSync","id=207 bytes=43","cf 7e 00 60 3f c2 00 1a f9 e8 b0 d6 e4 4a 51 40 30 1e 90 80 00 00 00 00 98 ff 94 00 00 03 00 a0 f8 ca f5 af c3 fd fd ac 04 64 80",""
56,280,"PACKET","IN",207,35,"PlayerSync","id=207 bytes=35","cf 02 00 00 00 2d a2 e3 70 ee 9a 89 91 77 a3 1e 90 80 00 00 00 00 8a aa c0 00 00 00 00 00 01 a5 04 e8 80",""
57,281,"PACKET","IN",207,35,"PlayerSync","id=207 bytes=35","cf 1f 00 00 00 26 a3 e3 70 c2 1d 89 91 42 a3 5e 90 80 00 00 00 02 c2 27 00 00 00 00 00 00 01 28 00 04 11",""
58,281,"PACKET","IN",207,35,"PlayerSync","id=207 bytes=35","cf 46 00 00 00 2c 6b a2 f0 e4 28 c9 91 41 1d de 90 80 00 00 00 00 00 03 c0 00 00 00 00 00 01 28 00 04 11",""
59,281,"PACKET","IN",207,35,"PlayerSync","id=207 bytes=35","cf 92 00 00 00 1b 0b 23 30 de 59 49 91 73 1f 1e 90 84 00 00 00 02 9b 21 c0 00 00 00 00 00 01 a5 04 04 80",""
60,303,"PACKET","IN",207,45,"PlayerSync","id=207 bytes=45","cf 60 00 f8 7f e0 bf c0 00 09 43 69 30 ce a7 49 91 57 33 5f 10 84 00 00 00 00 75 b1 c0 00 01 a3 2e e0 f7 2c 79 1b 4f fd fd ac 04 64 80",""
61,326,"PACKET","IN",200,44,"VehicleSync","id=200 bytes=44","c8 38 00 30 00 00 00 00 00 08 00 7a 60 77 60 5a ef 52 65 5a 9c 35 b9 82 74 55 47 87 e4 28 51 50 23 dd 13 8d 01 57 b8 65 a0 5d f0 00",""
62,326,"PACKET","IN",207,35,"PlayerSync","id=207 bytes=35","cf 51 00 00 00 1b 0a e3 30 cf a8 49 91 58 dd 9e 90 84 00 00 00 01 37 17 c0 00 00 00 00 00 01 28 00 04 11",""
63,327,"PACKET","IN",207,35,"PlayerSync","id=207 bytes=35","cf 54 00 00 00 05 77 63 70 c5 21 c9 91 65 24 1e 90 80 00 00 00 00 12 8e c0 00 00 00 00 00 01 a5 04 04 80",""
64,327,"PACKET","IN",207,35,"PlayerSync","id=207 bytes=35","cf 5b 00 00 00 0e fc 66 b0 e8 7d 89 91 7b 67 1f 10 84 00 00 00 01 0a e2 00 00 00 00 00 00 01 a5 04 e8 80",""
65,327,"RPC","IN",72,6,"SetPlayerColor","id=72 bytes=6","2a 00 aa 00 00 ff",""
66,327,"PACKET","IN",207,35,"PlayerSync","id=207 bytes=35","cf 76 00 00 00 0e 87 a2 f0 c1 28 c9 91 5a 1c 1e 90 84 00 00 00 03 6c 9f 40 00 00 00 00 00 01 28 00 04 11",""
67,327,"PACKET","IN",207,37,"PlayerSync","id=207 bytes=37","cf 85 00 c0 00 00 00 08 ef 25 f0 c5 4b 89 91 51 57 de d0 80 00 00 00 03 cf bd 80 00 00 00 00 00 01 c8 04 08 80",""
68,354,"PACKET","IN",207,45,"PlayerSync","id=207 bytes=45","cf 60 00 f7 7f e0 bf c0 00 19 87 29 30 f3 67 89 91 56 33 1f 10 84 00 00 00 00 e9 b9 c0 00 00 e3 fe cc f6 88 72 bf 43 fd fd ac 04 64 80",""
69,355,"PACKET","IN",207,43,"PlayerSync","id=207 bytes=43","cf 7e 00 60 3f c2 00 1b ef e8 b0 e2 66 8a 51 40 30 1e 90 80 00 00 00 00 98 ff 94 00 00 02 00 8c f8 ca f5 af c3 fd fd ac 04 64 80",""
70,379,"PACKET","IN",207,35,"PlayerSync","id=207 bytes=35","cf 27 00 00 00 33 42 a6 f0 cc 4f c9 d1 7b 67 1f 10 84 00 00 00 02 9e de 80 00 00 00 00 00 01 a8 04 04 18",""
71,380,"PACKET","IN",200,44,"VehicleSync","id=200 bytes=44","c8 55 00 46 00 81 ff 00 00 08 00 0a 30 59 b0 34 1e 62 07 b9 8c 32 2e 62 34 53 9c a7 c4 2a 8e 22 33 e8 8f 1f e4 48 17 cd 50 3f 00 00",""
72,402,"PACKET","IN",207,39,"PlayerSync","id=207 bytes=39","cf 29 00 80 80 7e bf c0 00 3d a7 68 30 eb d5 49 d1 7b 67 1f 10 84 00 00 00 02 fa 3f c0 00 00 00 00 00 01 c8 04 04 80",""
73,402,"PACKET","IN",203,34,"AimSync","id=203 bytes=34","cb 29 00 04 06 55 08 bf 8a 67 52 3f 66 0e 4f be 29 e3 9f c3 a6 31 27 45 64 9d 80 42 00 00 00 00 3f 06",""
74,403,"PACKET","IN",200,44,"VehicleSync","id=200 bytes=44","c8 38 00 30 00 00 00 00 00 00 00 76 e0 76 a0 5b 0f 5f 35 ca 9c 3e 29 62 74 54 c7 e7 e4 2d cb 30 03 de 73 8c a1 50 78 75 a0 5d f0 00",""
75,403,"PACKET","IN",207,45,"PlayerSync","id=207 bytes=45","cf 60 00 f5 ff e0 bf c0 00 1f 8a e9 30 d3 68 09 91 63 b2 df 10 84 00 00 00 01 6d c5 c0 00 02 2f fe b4 f4 88 6f 37 3b fd fd ac 04 64 80",""
76,403,"PACKET","IN",200,44,"VehicleSync","id=200 bytes=44","c8 55 00 46 00 81 ff 00 00 08 00 01 a0 59 c0 17 de 18 53 99 8c 36 ce 22 34 5b 7b c7 c4 23 c6 02 83 e5 ff 65 e4 f7 87 dd 50 3f 00 00",""
77,429,"PACKET","IN",207,45,"PlayerSync","id=207 bytes=45","cf 29 00 82 00 7b 3f c0 00 05 67 a8 30 eb d5 49 d1 7b 67 1f 10 84 00 00 00 00 81 db c0 00 02 35 88 2c e8 14 01 7e 0b fd fd c8 04 04 80",""
78,430,"PACKET","IN",207,43,"PlayerSync","id=207 bytes=43","cf 85 00 c0 00 00 00 20 ae 25 f0 f1 8b 49 91 59 d7 9e d0 80 00 00 00 02 bf 41 80 00 02 25 5a 28 f1 7f a5 58 df fd fd c8 04 08 80",""
79,430,"PACKET","IN",207,45,"PlayerSync","id=207 bytes=45","cf 60 00 f4 ff e0 ff c0 00 39 4f a9 30 c8 e8 89 91 78 b2 9f 10 84 00 00 00 03 d1 cd c0 00 02 ae 4a 9c f6 58 67 23 33 fd fd ac 04 64 80",""
80,430,"PACKET","IN",207,43,"PlayerSync","id=207 bytes=43","cf 7e 00 60 3f c2 00 36 65 a8 b0 f6 e8 ca 51 40 30 1e 90 80 00 00 00 00 98 ff 94 00 02 c6 21 a0 f8 ca f5 af c3 fd fd ac 04 64 80",""
81,431,"RPC","IN",86,27,"ApplyPlayerAnimation","id=86 bytes=27","92 00 07 42 44 5f 46 49 52 45 07 77 61 73 68 5f 75 70 33 33 83 40 80 00 00 00 00",""
82,431,"PACKET","OUT",207,69,"PlayerSync","id=207 bytes=69","cf 00 00 00 00 00 00 73 61 95 c3 e9 46 26 45 82 99 7b 42 03 3f bf 3e 00 00 00 00 00 00 00 00 71 78 6d 3f 64 00 04 00 00 00 00 00 00 00 00 00 00 00 00 00 00 00 00 00 00 00 00 00 00 00 00 00 00 00 a5 04 04 80",""
83,453,"PACKET","IN",207,45,"PlayerSync","id=207 bytes=45","cf 29 00 82 80 76 7f c0 00 07 27 a8 30 eb d5 49 d1 7b 67 1f 10 84 00 00 00 00 09 73 c0 00 01 81 84 28 e4 18 02 82 0b fd fd c8 04 04 80",""
84,454,"PACKET","IN",200,44,"VehicleSync","id=200 bytes=44","c8 38 00 30 00 00 00 00 00 00 00 7e 80 65 70 4b 7f 52 66 5a 9c 35 59 52 74 53 88 57 e4 23 df ae 43 c3 a3 99 f1 5b 38 75 a0 5d f0 00",""
85,454,"PACKET","IN",207,45,"PlayerSync","id=207 bytes=45","cf 85 00 c0 00 60 3f c0 00 2f 6c a5 f0 e1 8b 49 91 6d 17 5e d0 80 00 00 00 01 9e e9 80 00 00 e9 12 e8 f3 77 e3 81 57 fd fd c8 04 08 80",""
86,479,"PACKET","IN",200,44,"VehicleSync","id=200 bytes=44","c8 55 00 46 00 81 ff 00 00 08 00 2c 10 40 b0 02 4d c7 3f 39 7c 36 2d f2 34 53 bb 57 c4 20 16 72 d3 e4 bf a3 e5 ad 87 ed 50 3f 00 00",""
87,479,"PACKET","IN",207,45,"PlayerSync","id=207 bytes=45","cf 60 00 f4 ff e0 ff c0 00 37 13 e9 30 eb a8 c9 91 61 f2 9f 10 84 00 00 00 03 3d d1 c0 00 02 2a b6 84 f5 38 60 2b 2f fd fd ac 04 64 80",""
88,479,"PACKET","IN",207,41,"PlayerSync","id=207 bytes=41","cf 29 00 00 00 01 a7 a8 30 eb d5 49 d1 7b 67 1f 10 84 00 00 00 03 31 0b c0 00 03 d6 0b 74 e7 f3 fd 65 fb fd fd a5 04 04 80",""
89,504,"PACKET","IN",207,35,"PlayerSync","id=207 bytes=35","cf 1c 00 00 00 2d 1d 28 30 f6 cc c9 d1 7b 67 1f 10 84 00 00 00 00 65 93 00 00 00 00 00 00 01 a5 04 e8 80",""
90,505,"PACKET","IN",207,45,"PlayerSync","id=207 bytes=45","cf 60 00 f4 ff e0 ff c0 00 1c d8 29 30 ca a9 49 91 51 32 9f 10 84 00 00 00 03 71 d5 c0 00 01 6e be 58 f6 cc 5c cb 2b fd fd ac 04 64 80",""
91,505,"PACKET","IN",207,43,"PlayerSync","id=207 bytes=43","cf 7e 00 60 3f c2 00 13 d9 28 b0 dd ab ca 51 40 30 1e 90 80 00 00 00 00 98 ff 94 00 00 19 01 98 f8 ca f5 af c3 fd fd ac 04 64 80",""
92,514,"PACKET","OUT",203,32,"AimSync","id=203 bytes=32","cb 00 00 00 39 05 00 00 00 00 00 00 00 00 00 00 00 40 01 00 00 00 80 3f 00 00 f3 04 b5 3f 39 05",""
93,529,"PACKET","IN",207,35,"PlayerSync","id=207 bytes=35","cf 97 00 00 00 3d e7 a8 30 e5 89 c9 d1 7b 67 1f 10 84 00 00 00 00 0f 03 e8 00 00 00 00 00 01 28 00 04 11",""
94,529,"PACKET","IN",207,45,"PlayerSync","id=207 bytes=45","cf 60 00 f4 ff e0 ff c0 00 2b 9a 29 30 f9 29 49 91 4b b2 9f 10 84 00 00 00 01 91 d9 c0 00 00 9d 12 5c f5 7c 5e ef 27 fd fd ac 04 64 80",""
95,551,"PACKET","IN",200,44,"VehicleSync","id=200 bytes=44","c8 38 00 30 00 00 00 00 00 08 00 79 80 6c 10 3b bf 58 e6 ca 9c 3e a9 32 74 5c d8 b7 e4 27 db de 53 c4 e3 ae 51 48 28 75 a0 5d f0 00",""
96,552,"PACKET","IN",207,45,"PlayerSync","id=207 bytes=45","cf 85 00 c0 00 60 3f c0 00 34 2a e5 f0 e4 8b 49 91 75 97 5e d0 80 00 00 00 00 3e 21 80 00 00 2b 2d 30 f2 ef f7 d2 5f fd fd c8 04 08 80",""
97,552,"PACKET","IN",203,34,"AimSync","id=203 bytes=34","cb 85 00 04 23 63 64 bf 20 2a a5 3e 64 ee a1 be d5 67 96 c3 b6 1e 26 45 de b1 80 42 00 00 00 00 3f c6",""
98,552,"PACKET","IN",207,41,"PlayerSync","id=207 bytes=41","cf 29 00 00 00 04 67 a8 30 e9 95 49 d1 7b 67 1f 10 84 00 00 00 00 88 e3 c0 00 02 12 d4 88 ef d4 2f e9 27 fd fd a5 04 04 80",""
99,552,"PACKET","IN",200,44,"VehicleSync","id=200 bytes=44","c8 55 00 46 00 81 ff 00 00 08 00 2d 60 34 50 15 cd 4c 49 59 7c 3b 3d c2 34 54 5b 07 c4 2a 26 83 63 ef 8f d5 06 97 c7 fd 50 3f 00 00",""
100,552,"PACKET","IN",207,45,"PlayerSync","id=207 bytes=45","cf 60 00 f4 ff e0 ff c0 00 3e 1c 29 30 e7 69 89 91 47 b2 9f 10 84 00 00 00 03 b5 d9 c0 00 02 42 66 64 f4 1c 5c fb 27 fd fd ac 04 64 80",""
101,575,"PACKET","IN",207,35,"PlayerSync","id=207 bytes=35","cf 0b 00 00 00 26 cb 68 30 e8 bd c9 91 7b 67 1f 10 84 00 00 00 02 2e 5f c0 00 00 00 00 00 01 28 00 04 11",""
102,576,"PACKET","IN",207,45,"PlayerSync","id=207 bytes=45","cf 60 00 f4 ff e0 ff c0 00 14 1e e9 30 e0 a9 c9 91 44 b2 9f 10 84 00 00 00 01 dd dd c0 00 02 68 e2 90 f6 b8 5a fb 23 fd fd ac 04 64 80",""
103,604,"RPC","IN",105,19,"TextDrawSetString","id=105 bytes=19","2f 01 0f 00 30 39 20 41 67 75 73 74 75 73 20 32 30 32 36",""
104,604,"RPC","IN",105,12,"TextDrawSetString","id=105 bytes=12","30 01 08 00 31 32 3a 30 32 3a 33 32",""
105,604,"PACKET","IN",207,37,"PlayerSync","id=207 bytes=37","cf 1a 00 43 80 00 00 09 dc ec 70 fa 45 c9 d1 74 c8 a0 50 84 00 00 00 02 2e 25 80 00 00 00 00 00 01 c8 04 04 80",""
106,604,"PACKET","IN",207,45,"PlayerSync","id=207 bytes=45","cf 60 00 f5 7f e0 ff c0 00 30 21 29 30 d4 2a 09 91 44 f2 9f 10 84 00 00 00 00 e5 dd c0 00 00 7b 2a b0 f5 58 58 fb 23 fd fd ac 04 64 80",""
107,604,"PACKET","IN",207,43,"PlayerSync","id=207 bytes=43","cf 7e 00 60 3f c2 00 35 8f 28 b0 e1 ae 0a 51 40 30 1e 90 80 00 00 00 00 98 ff 94 00 02 1e 87 d0 f4 ca f5 af c3 fd fd ac 04 64 80",""
108,605,"PACKET","IN",203,34,"AimSync","id=203 bytes=34","cb 7e 00 04 13 a2 ed 3e b5 44 5a 3f bd d8 75 be 14 27 a3 c3 bd 82 29 45 6f 41 80 42 00 00 00 00 3f c6",""
109,605,"PACKET","IN",207,43,"PlayerSync","id=207 bytes=43","cf 1a 00 43 80 00 00 14 dd ac 70 c6 06 09 d1 62 88 e0 50 84 00 00 00 00 7e 55 80 00 02 80 e8 18 f7 f8 2c 62 db fd fd c8 04 04 80",""
110,605,"PACKET","IN",207,35,"PlayerSync","id=207 bytes=35","cf 53 00 00 00 23 e6 e8 30 e9 d8 09 d1 7a e7 1f 10 84 00 00 00 02 ba 42 c0 00 00 00 00 00 01 a5 04 04 80",""
111,605,"PACKET","IN",207,45,"PlayerSync","id=207 bytes=45","cf 60 00 f5 ff e0 bf c0 00 13 23 69 30 c3 2a 49 91 43 b2 9f 10 84 00 00 00 03 05 d9 c0 00 02 5a 66 dc f5 f8 59 e3 23 fd fd ac 04 64 80",""
112,605,"PACKET","IN",203,34,"AimSync","id=203 bytes=34","cb 60 00 04 8d e9 37 bf 20 42 31 3f db a5 88 bd 51 4a a3 c3 3a 82 26 45 c5 0f 80 42 00 00 00 00 3f 36",""
113,605,"PACKET","IN",207,35,"PlayerSync","id=207 bytes=35","cf 63 00 00 00 35 23 63 70 dd 23 09 91 54 21 9e 90 80 00 00 00 02 22 63 80 00 00 00 00 00 01 28 00 04 11",""
114,629,"PACKET","IN",207,43,"PlayerSync","id=207 bytes=43","cf 1a 00 43 80 00 00 29 1e 6c 70 cf 06 09 d1 59 09 20 50 84 00 00 00 01 16 81 80 00 00 60 9c 18 f7 24 18 82 a7 fd fd c8 04 04 80",""
115,630,"PACKET","IN",200,44,"VehicleSync","id=200 bytes=44","c8 38 00 30 00 00 00 00 00 00 00 7c d0 6a d0 4b 7f 5b c7 5a 9c 31 e9 22 74 55 09 37 e4 2a 97 e0 73 d4 e3 b3 61 4e 78 65 a0 5d f0 00",""
116,630,"PACKET","IN",203,34,"AimSync","id=203 bytes=34","cb 38 00 12 b4 de 2f 3e 0a bf 75 3f 75 af 62 be 9c 9b aa c3 a0 c1 26 45 1b 3e 89 42 00 00 00 00 3f c6",""
117,630,"PACKET","IN",207,43,"PlayerSync","id=207 bytes=43","cf 1a 00 43 80 00 00 05 5f 6c 70 d5 06 09 d1 59 09 60 50 84 00 00 00 00 12 ad 80 00 02 bc 44 18 f4 14 0e 9e 6f fd fd c8 04 04 80",""
118,630,"PACKET","IN",207,45,"PlayerSync","id=207 bytes=45","cf 85 00 c0 00 60 3f c0 00 1b 29 a5 f0 c1 0b 89 91 45 97 de d0 80 00 00 00 02 c9 25 80 00 02 6a 41 2c f1 03 7d ff 57 fd fd c8 04 08 80",""
119,654,"PACKET","IN",200,44,"VehicleSync","id=200 bytes=44","c8 55 00 46 00 81 ff 00 00 08 00 27 90 10 80 28 1c b8 13 49 7c 35 4d b2 34 56 ca 87 c4 2b 2b a3 f3 ec 2f f6 37 87 77 ed 50 3f 00 00",""
120,655,"PACKET","IN",203,34,"AimSync","id=203 bytes=34","cb 55 00 12 39 18 c4 3e c3 2f 5e bf bd ef a1 be 2a a2 98 c3 45 37 24 45 2a e9 85 42 00 00 00 00 3f 44",""
121,655,"PACKET","IN",207,43,"PlayerSync","id=207 bytes=43","cf 1a 00 43 80 00 00 25 20 2c 70 d8 06 09 d1 60 89 a0 50 84 00 00 00 01 ca c9 80 00 01 2b ec 14 f6 f4 02 fe 37 fd fd c8 04 04 80",""
122,655,"PACKET","IN",207,41,"PlayerSync","id=207 bytes=41","cf 29 00 00 00 10 e7 a8 30 e7 95 49 d1 7b 67 1f 10 84 00 00 00 00 88 e3 c0 00 02 5b fd 30 ef 74 00 91 c7 fd fd a5 04 04 80",""
123,655,"PACKET","IN",207,43,"PlayerSync","id=207 bytes=43","cf 7e 00 60 3f c2 00 2a 85 a8 b0 d2 f0 4a 51 40 30 1e 90 80 00 00 00 00 98 ff 94 00 03 fa fc a0 f8 ca f5 af c3 fd fd ac 04 64 80",""
124,681,"PACKET","IN",207,43,"PlayerSync","id=207 bytes=43","cf 1a 00 43 80 00 00 04 e1 2c 70 d8 c6 09 d1 6c 89 e0 50 84 00 00 00 00 0a d1 80 00 00 d3 ac 14 f4 34 02 6e 0f fd fd c8 04 04 80",""
125,681,"PACKET","IN",207,45,"PlayerSync","id=207 bytes=45","cf 60 00 f9 7f e0 7f c0 00 27 29 e9 30 d7 ea c9 91 70 b2 5f 10 84 00 00 00 03 51 c5 c0 00 02 7f 33 10 f5 fc 61 3b 2f fd fd ac 04 64 80",""
126,681,"PACKET","IN",207,35,"PlayerSync","id=207 bytes=35","cf 70 00 00 00 2a a3 e3 70 fe e5 c9 91 41 e3 5e 90 80 00 00 00 03 5b 53 00 00 00 00 00 00 01 28 00 04 11",""
127,681,"PACKET","IN",207,35,"PlayerSync","id=207 bytes=35","cf 7c 00 00 00 35 a2 e2 70 da 28 89 91 5f 9d de 90 80 00 00 00 01 98 6a 40 00 00 00 00 00 01 28 00 04 11",""
128,682,"RPC","IN",86,27,"ApplyPlayerAnimation","id=86 bytes=27","02 00 07 42 44 5f 46 49 52 45 07 77 61 73 68 5f 75 70 33 33 83 40 80 00 00 00 00",""
129,682,"PACKET","IN",207,45,"PlayerSync","id=207 bytes=45","cf 60 00 f9 ff e0 7f c0 00 05 2c 69 30 d1 6b 09 91 5a b2 5f 10 84 00 00 00 01 91 c5 c0 00 02 27 33 10 f4 28 69 87 37 fd fd ac 04 64 80",""
130,704,"PACKET","IN",207,45,"PlayerSync","id=207 bytes=45","cf 1a 00 fd 7f c2 40 00 00 26 21 ec 70 d9 06 09 d1 7a 8a 20 50 84 00 00 00 02 de a5 80 00 03 27 9c 14 f4 08 01 ae 07 fd fd c8 04 04 80",""
131,705,"PACKET","IN",207,45,"PlayerSync","id=207 bytes=45","cf 85 00 c0 00 60 3f c0 00 3f e8 a5 f0 fd 8b 89 91 6d d8 5e d0 80 00 00 00 01 88 11 80 00 00 b7 92 4c f2 f2 9e af e7 fd fd c8 04 08 80",""
132,705,"PACKET","IN",207,45,"PlayerSync","id=207 bytes=45","cf 1a 00 f7 7f ff bf c0 00 05 a2 ec 70 dc 86 09 d1 7d 0a 60 50 84 00 00 00 03 b6 79 80 00 00 4b f8 14 f7 c0 01 ea 3f fd fd c8 04 04 80",""
133,705,"PACKET","IN",207,35,"PlayerSync","id=207 bytes=35","cf 2d 00 00 00 3c 58 68 30 c1 50 49 d1 7b 67 1f 10 84 00 00 00 02 aa b3 c0 00 00 00 00 00 01 28 00 04 11",""
134,705,"PACKET","IN",203,34,"AimSync","id=203 bytes=34","cb 2d 00 04 f3 d0 56 3f 6e d6 cf be bc 5f b9 be 88 d5 a1 c3 7d 57 27 45 f8 02 82 42 00 00 00 00 3f 28",""
135,705,"PACKET","IN",200,44,"VehicleSync","id=200 bytes=44","c8 38 00 30 00 00 00 00 00 00 00 7f c0 62 e0 5b 4f 57 c7 ea 9c 36 29 02 74 55 29 a7 e4 29 f5 8f 23 c5 63 c8 e1 3c 68 65 a0 5d f0 00",""
136,705,"PACKET","IN",207,45,"PlayerSync","id=207 bytes=45","cf 60 00 fa ff e0 7f c0 00 0a 2e e9 30 cf 2b 49 91 41 b2 5f 10 84 00 00 00 00 4d c1 c0 00 00 a2 47 04 f5 54 6b 13 37 fd fd ac 04 64 80",""
137,728,"PACKET","IN",207,41,"PlayerSync","id=207 bytes=41","cf 1a 00 00 00 22 63 ac 70 e3 06 09 d1 61 8a a0 50 84 00 00 00 02 ba 4d 80 00 02 75 14 1c f5 a0 0d 56 77 fd fd a5 04 04 80",""
138,754,"PACKET","IN",207,45,"PlayerSync","id=207 bytes=45","cf 60 00 fd ff e0 7f c0 00 20 f3 a9 30 c9 6b c9 91 44 32 1f 10 84 00 00 00 02 b9 ad c0 00 01 47 fe e4 f4 88 70 43 43 fd fd ac 04 64 80",""
139,754,"PACKET","IN",207,43,"PlayerSync","id=207 bytes=43","cf 7e 00 60 3f c2 00 24 7c 28 70 c2 f2 8a 51 40 30 1e 90 80 00 00 00 00 98 ff 94 00 02 30 10 78 f8 ca f5 af c3 fd fd ac 04 64 80",""
140,778,"RPC","IN",137,15,"ServerJoin","id=137 bytes=15","45 00 00 00 00 00 00 07 48 61 6d 7a 43 65 6f",""
141,778,"RPC","IN",72,6,"SetPlayerColor","id=72 bytes=6","45 00 ff 83 7f 7f",""
142,778,"PACKET","IN",207,35,"PlayerSync","id=207 bytes=35","cf 02 00 00 00 2d a2 e3 70 ee 9a 89 91 77 a3 1e 90 80 00 00 00 00 8a aa c0 00 00 00 00 00 01 28 00 04 11",""
143,778,"PACKET","IN",207,35,"PlayerSync","id=207 bytes=35","cf 29 00 00 00 10 e7 a8 30 e7 95 49 d1 7b 67 1f 10 84 00 00 00 00 88 e3 c0 00 00 00 00 00 01 a5 04 04 80",""
144,778,"PACKET","IN",207,35,"PlayerSync","id=207 bytes=35","cf 3d 00 00 00 32 67 a8 30 d0 79 49 91 7b 67 1f 10 84 00 00 00 00 e6 f1 c0 00 00 00 00 00 01 28 00 04 11",""
145,778,"PACKET","IN",200,44,"VehicleSync","id=200 bytes=44","c8 55 00 46 00 81 ff 00 00 08 00 6f a0 0d 10 2a 2c 1f 7d 39 6c 38 6d b2 34 51 89 97 c4 24 47 d4 93 ea ff f2 58 86 47 cd 50 3f 00 00",""
146,778,"PACKET","IN",207,45,"PlayerSync","id=207 bytes=45","cf 60 00 fe 7f e0 7f c0 00 33 76 29 30 cf 2c 09 91 51 b1 df 10 84 00 00 00 00 75 ad c0 00 01 64 d2 e0 f5 38 7a cf 4b fd fd ac 04 64 80",""
147,779,"PACKET","IN",200,44,"VehicleSync","id=200 bytes=44","c8 38 00 30 00 00 00 00 00 00 00 7f f0 6e 80 4b 5f 5b b8 4a 9c 32 08 f2 74 55 a9 f7 e4 2a 3e 2d a3 c3 53 d0 41 3c 78 65 a0 5d f0 00",""
148,779,"PACKET","IN",207,45,"PlayerSync","id=207 bytes=45","cf 85 00 c0 00 60 3f c0 00 0d a8 e5 f0 ff 8c 09 91 59 59 de d0 84 00 00 00 00 e0 19 80 00 02 2e 58 70 f7 1d e7 63 ff fd fd c8 04 08 80",""
149,804,"PACKET","IN",207,45,"PlayerSync","id=207 bytes=45","cf 60 00 ff 7f e0 7f c0 00 2f f8 a9 30 d3 2c 49 91 5e f1 9f 10 84 00 00 00 02 c9 a5 c0 00 02 99 ee d8 f6 d4 78 b3 4f fd fd ac 04 64 80",""
150,804,"PACKET","IN",207,41,"PlayerSync","id=207 bytes=41","cf 1a 00 00 00 0f e7 2c 70 e5 46 49 d1 5f ca e0 50 84 00 00 00 02 01 55 80 00 00 7f 13 34 f3 f4 90 07 6b fd fd a5 04 04 80",""
151,805,"PACKET","IN",200,44,"VehicleSync","id=200 bytes=44","c8 55 00 46 00 81 ff 00 00 08 00 63 00 24 40 46 8b 68 76 d9 6c 34 3d d2 34 5a 17 57 c4 20 30 75 23 ed af d6 89 68 87 9d 50 3f 00 00",""
152,830,"PACKET","IN",207,35,"PlayerSync","id=207 bytes=35","cf 4d 00 00 00 02 00 23 30 e6 e4 09 91 70 1e 9e 90 84 00 00 00 03 da d0 80 00 00 00 00 00 01 a5 04 04 80",""
153,831,"PACKET","IN",207,43,"PlayerSync","id=207 bytes=43","cf 60 00 60 7f c0 00 21 bb 29 30 d7 ac 89 91 66 b1 5f 10 84 00 00 00 00 c9 a1 c0 00 01 6b fa cc f6 ec 7d 6f 53 fd fd ac 04 64 80",""
154,831,"PACKET","IN",207,35,"PlayerSync","id=207 bytes=35","cf 92 00 00 00 1b 0b 23 30 de 59 49 91 73 1f 1e 90 84 00 00 00 02 9b 21 c0 00 00 00 00 00 01 a5 04 04 80",""
155,831,"PACKET","IN",207,35,"PlayerSync","id=207 bytes=35","cf 51 00 00 00 1b 0a e3 30 cf a8 49 91 58 dd 9e 90 84 00 00 00 01 37 17 c0 00 00 00 00 00 01 28 00 04 11",""
156,831,"PACKET","IN",207,35,"PlayerSync","id=207 bytes=35","cf 54 00 00 00 05 77 63 70 c5 21 c9 91 65 24 1e 90 80 00 00 00 00 12 8e c0 00 00 00 00 00 01 a5 04 04 80",""
157,831,"PACKET","IN",207,43,"PlayerSync","id=207 bytes=43","cf 7e 00 60 3f c2 00 23 f3 28 70 d4 34 8a 51 40 30 1e 90 80 00 00 00 00 98 ff 94 00 02 66 29 94 f8 ca f5 af c3 fd fd ac 04 64 80",""
158,831,"RPC","IN",99,42,"MoveObject","id=99 bytes=42","a0 00 f8 e3 a1 c3 d7 9b 26 45 53 c5 7d 42 f8 e3 a1 c3 d7 9b 26 45 ed 5e 7b 42 00 00 80 3e 00 00 00 00 00 00 00 00 08 cc 84 43",""
159,832,"RPC","IN",122,2,"StopObject","id=122 bytes=2","a0 00",""
160,832,"RPC","IN",99,42,"MoveObject","id=99 bytes=42","a0 00 f8 e3 a1 c3 d7 9b 26 45 53 c5 7d 42 f8 e3 a1 c3 d7 9b 26 45 53 c5 7d 42 00 00 80 3e 00 00 00 00 00 00 00 00 08 cc 84 43",""
161,855,"RPC","IN",122,2,"StopObject","id=122 bytes=2","a0 00",""
162,855,"RPC","IN",99,42,"MoveObject","id=99 bytes=42","a0 00 f8 e3 a1 c3 d7 9b 26 45 53 c5 7d 42 f8 e3 a1 c3 d7 9b 26 45 ed 5e 7b 42 00 00 80 3e 00 00 00 00 00 00 00 00 08 cc 84 43",""
163,855,"RPC","IN",122,2,"StopObject","id=122 bytes=2","a0 00",""
164,855,"RPC","IN",99,42,"MoveObject","id=99 bytes=42","a0 00 f8 e3 a1 c3 d7 9b 26 45 53 c5 7d 42 f8 e3 a1 c3 d7 9b 26 45 53 c5 7d 42 00 00 80 3e 00 00 00 00 00 00 00 00 08 cc 84 43",""
165,855,"RPC","IN",122,2,"StopObject","id=122 bytes=2","a0 00",""
166,855,"RPC","IN",99,42,"MoveObject","id=99 bytes=42","a0 00 f8 e3 a1 c3 d7 9b 26 45 53 c5 7d 42 f8 e3 a1 c3 d7 9b 26 45 ed 5e 7b 42 00 00 80 3e 00 00 00 00 00 00 00 00 08 cc 84 43",""
167,855,"RPC","IN",122,2,"StopObject","id=122 bytes=2","a0 00",""
168,856,"RPC","IN",99,42,"MoveObject","id=99 bytes=42","a0 00 f8 e3 a1 c3 d7 9b 26 45 53 c5 7d 42 f8 e3 a1 c3 d7 9b 26 45 53 c5 7d 42 00 00 80 3e 00 00 00 00 00 00 00 00 08 cc 84 43",""
169,856,"RPC","IN",122,2,"StopObject","id=122 bytes=2","a0 00",""
170,856,"RPC","IN",99,42,"MoveObject","id=99 bytes=42","a0 00 f8 e3 a1 c3 d7 9b 26 45 53 c5 7d 42 f8 e3 a1 c3 d7 9b 26 45 ed 5e 7b 42 00 00 80 3e 00 00 00 00 00 00 00 00 08 cc 84 43",""
171,856,"RPC","IN",122,2,"StopObject","id=122 bytes=2","a0 00",""
172,856,"RPC","IN",99,42,"MoveObject","id=99 bytes=42","a0 00 f8 e3 a1 c3 d7 9b 26 45 53 c5 7d 42 f8 e3 a1 c3 d7 9b 26 45 53 c5 7d 42 00 00 80 3e 00 00 00 00 00 00 00 00 08 cc 84 43",""
173,856,"RPC","IN",122,2,"StopObject","id=122 bytes=2","a0 00",""
174,856,"RPC","IN",99,42,"MoveObject","id=99 bytes=42","a0 00 f8 e3 a1 c3 d7 9b 26 45 53 c5 7d 42 f8 e3 a1 c3 d7 9b 26 45 ed 5e 7b 42 00 00 80 3e 00 00 00 00 00 00 00 00 08 cc 84 43",""
175,856,"RPC","IN",122,2,"StopObject","id=122 bytes=2","a0 00",""
176,856,"RPC","IN",99,42,"MoveObject","id=99 bytes=42","a0 00 f8 e3 a1 c3 d7 9b 26 45 53 c5 7d 42 f8 e3 a1 c3 d7 9b 26 45 53 c5 7d 42 00 00 80 3e 00 00 00 00 00 00 00 00 08 cc 84 43",""
177,856,"PACKET","IN",207,35,"PlayerSync","id=207 bytes=35","cf 1f 00 00 00 26 a3 e3 70 c2 1d 89 91 42 a3 5e 90 80 00 00 00 02 c2 27 00 00 00 00 00 00 01 28 00 04 11",""
178,857,"PACKET","IN",207,45,"PlayerSync","id=207 bytes=45","cf 60 00 81 00 60 7f c0 00 15 7d e9 30 e5 6c c9 91 61 31 1f 10 84 00 00 00 02 85 99 c0 00 03 ee ca b8 f7 48 82 57 57 fd fd ac 04 64 80",""
179,857,"PACKET","IN",200,44,"VehicleSync","id=200 bytes=44","c8 38 00 30 00 00 00 00 00 00 00 7f f0 65 b0 4b 6f 53 c8 ba 9c 3c d8 d2 74 5b 3a 47 e4 26 9a eb e3 c1 93 e7 b1 2d 88 65 a0 5d f0 00",""
180,857,"PACKET","IN",207,35,"PlayerSync","id=207 bytes=35","cf 46 00 00 00 2c 6b a2 f0 e4 28 c9 91 41 1d de 90 80 00 00 00 00 00 03 c0 00 00 00 00 00 01 28 00 04 11",""
181,857,"PACKET","IN",207,45,"PlayerSync","id=207 bytes=45","cf 60 00 82 00 60 7f c0 00 32 3f a9 30 dc 6d 09 91 6b f0 df 10 84 00 00 00 00 0d 95 c0 00 01 3e 0e a8 f7 e4 87 67 5b fd fd ac 04 64 80",""
182,858,"PACKET","IN",207,45,"PlayerSync","id=207 bytes=45","cf 85 00 c0 00 60 3f c0 00 07 69 25 f0 d4 0c c9 91 78 1b 5e d0 84 00 00 00 00 e0 19 80 00 03 14 c4 48 f7 1d e7 63 ff fd fd c8 04 08 80",""
183,880,"PACKET","IN",207,45,"PlayerSync","id=207 bytes=45","cf 60 00 82 00 60 7f c0 00 0a 41 69 70 cc ed 49 91 79 30 9f 10 84 00 00 00 00 89 95 c0 00 00 cb 2a 98 f4 b8 8c 8b 63 fd fd ac 04 64 80",""
184,881,"PACKET","IN",207,35,"PlayerSync","id=207 bytes=35","cf 1a 00 00 00 2c 27 ec 70 cf 06 89 d1 7b ca a0 50 84 00 00 00 03 6c 79 80 00 00 00 00 00 01 a5 04 04 80",""
185,881,"PACKET","IN",203,34,"AimSync","id=203 bytes=34","cb 1a 00 04 06 9d 7c 3f 82 38 e9 3d fc 51 ec bd c5 9e b2 c3 93 16 27 45 e5 d0 82 42 00 00 00 00 3f 36",""
186,881,"PACKET","IN",200,44,"VehicleSync","id=200 bytes=44","c8 55 00 46 00 81 ff 00 00 08 00 60 60 27 00 51 da b9 90 99 6c 38 0e 02 34 59 e4 e7 c4 27 4c 95 83 e2 1f af 0a 5c 67 ad 50 3f 00 00",""
187,881,"PACKET","IN",207,35,"PlayerSync","id=207 bytes=35","cf 5b 00 00 00 0e fc 66 b0 e8 7d 89 91 7b 67 1f 10 84 00 00 00 01 0a e2 00 00 00 00 00 00 01 a5 04 e8 80",""
188,881,"PACKET","IN",207,45,"PlayerSync","id=207 bytes=45","cf 60 00 85 00 60 7f c0 00 2b 82 e9 70 fe 6d 49 91 45 b0 9f 10 84 00 00 00 02 99 7d c0 00 00 3e 32 88 f4 58 8c 2b 63 fd fd ac 04 64 80",""
189,881,"PACKET","IN",207,35,"PlayerSync","id=207 bytes=35","cf 27 00 00 00 33 42 a6 f0 cc 4f c9 d1 7b 67 1f 10 84 00 00 00 02 9e de 80 00 00 00 00 00 01 a8 04 04 18",""
190,903,"PACKET","IN",207,45,"PlayerSync","id=207 bytes=45","cf 60 00 86 00 60 7f c0 00 20 44 69 70 ee ed 89 91 47 70 5f 10 84 00 00 00 03 55 75 c0 00 01 aa 56 7c f5 18 9d 07 73 fd fd ac 04 64 80",""
191,904,"PACKET","IN",207,43,"PlayerSync","id=207 bytes=43","cf 7e 00 60 3f c2 00 35 26 68 70 fd f7 4a 51 40 30 1e 90 80 00 00 00 00 98 ff 94 00 00 82 4d 70 f8 ca f5 af c3 fd fd ac 04 64 80",""
192,931,"PACKET","IN",207,45,"PlayerSync","id=207 bytes=45","cf 60 00 87 00 60 7f c0 00 37 45 e9 70 e5 6d c9 91 7e 2f df 10 84 00 00 00 03 e9 6d c0 00 02 fb 2a 88 f6 c4 a2 67 77 fd fd ac 04 64 80",""
193,932,"PACKET","IN",207,35,"PlayerSync","id=207 bytes=35","cf 76 00 00 00 0e 87 a2 f0 c1 28 c9 91 5a 1c 1e 90 84 00 00 00 03 6c 9f 40 00 00 00 00 00 01 28 00 04 11",""
194,932,"PACKET","IN",200,44,"VehicleSync","id=200 bytes=44","c8 38 00 30 00 00 00 00 00 00 00 72 00 72 b0 4b 6f 5e 69 0a 9c 3a 18 c2 74 56 ea 97 e4 2d ff ea 13 c9 43 e3 21 2e 38 65 a0 5d f0 00",""
195,932,"PACKET","IN",207,45,"PlayerSync","id=207 bytes=45","cf 85 00 c0 00 60 3f c0 00 3b e9 25 f0 cd 4d 49 91 4b 5c de d0 80 00 00 00 01 e4 31 80 00 03 37 ab fc f1 e5 e3 1b ff fd fd c8 04 08 80",""
196,932,"PACKET","IN",207,45,"PlayerSync","id=207 bytes=45","cf 60 00 87 80 60 7f c0 00 2b 07 69 70 d8 ee 09 91 74 af 9f 10 84 00 00 00 00 01 6d c0 00 03 05 82 90 f4 a4 ab cf 7b fd fd ac 04 64 80",""
197,955,"PACKET","IN",207,35,"PlayerSync","id=207 bytes=35","cf 1a 00 00 00 2c 27 ec 70 cf 06 89 d1 7b ca a0 50 80 00 00 00 00 dc 31 80 00 00 00 00 00 01 a5 04 04 80",""
198,955,"PACKET","IN",200,44,"VehicleSync","id=200 bytes=44","c8 55 00 46 00 81 ff 00 00 08 00 62 e0 06 f0 51 e9 ea 99 f9 5c 3f fe 52 34 5b b3 47 c4 2a f9 96 03 e2 6f 3c eb 7f 37 cd 50 3f 00 00",""
199,955,"PACKET","IN",207,45,"PlayerSync","id=207 bytes=45","cf 60 00 87 80 60 7f c0 00 15 48 e9 70 cb ee 49 91 69 ef 5f 10 84 00 00 00 03 b5 69 c0 00 01 80 1a 78 f7 c0 aa 97 7f fd fd ac 04 64 80",""
200,981,"PACKET","IN",207,35,"PlayerSync","id=207 bytes=35","cf 1c 00 00 00 2d 1d 28 30 f6 cc c9 d1 7b 67 1f 10 84 00 00 00 00 65 93 00 00 00 00 00 00 01 a5 04 e8 80",""
201,981,"PACKET","IN",207,45,"PlayerSync","id=207 bytes=45","cf 60 00 89 80 60 bf c0 00 2f 8a 29 70 fc ae 49 91 62 af 1f 10 84 00 00 00 03 d9 59 c0 00 00 cf ea 6c f7 fc aa cf 7f fd fd ac 04 64 80",""
202,1005,"PACKET","IN",207,45,"PlayerSync","id=207 bytes=45","cf 60 00 8a 00 60 bf c0 00 1c 8b a9 70 f3 ae 89 91 4a 2e df 10 84 00 00 00 03 8d 55 c0 00 02 18 32 ac f4 d0 b9 d3 8b fd fd ac 04 64 80",""
203,1005,"PACKET","IN",207,43,"PlayerSync","id=207 bytes=43","cf 7e 00 60 3f c2 00 2d 1b 68 70 ea 79 ca 51 40 30 1e 90 80 00 00 00 01 05 53 94 00 03 d6 bb e4 f7 73 1f af a7 fd fd ac 04 64 80",""
204,1006,"PACKET","IN",200,44,"VehicleSync","id=200 bytes=44","c8 38 00 30 00 00 00 00 00 00 00 75 b0 76 20 4b 3f 59 f9 5a 9c 3a 78 b2 74 56 6a d7 e4 24 8b f8 53 c8 73 e3 a1 2e 68 65 a0 5d f0 00",""
205,1006,"PACKET","IN",207,45,"PlayerSync","id=207 bytes=45","cf 60 00 8a 80 60 bf c0 00 0f 8d 29 70 ec 6e c9 91 6c ae 5f 10 84 00 00 00 03 21 51 c0 00 01 50 aa bc f4 58 bc bb 8f fd fd ac 04 64 80",""
206,1007,"PACKET","OUT",207,69,"PlayerSync","id=207 bytes=69","cf 00 00 00 00 00 00 73 61 95 c3 e9 46 26 45 82 99 7b 42 03 3f bf 3e 00 00 00 00 00 00 00 00 71 78 6d 3f 64 00 04 00 00 00 00 00 00 00 00 00 00 00 00 00 00 00 00 00 00 00 00 00 00 00 00 00 00 00 a5 04 04 80",""
207,1032,"PACKET","IN",207,45,"PlayerSync","id=207 bytes=45","cf 85 00 c0 00 60 3f c2 00 08 66 a5 f0 c4 ce c9 91 64 60 de d0 80 00 00 00 00 19 3d 80 00 03 64 2a ec f5 ba ad 9b e3 fd fd df 04 02 80",""
208,1033,"RPC","IN",105,7,"TextDrawSetString","id=105 bytes=7","26 08 03 00 31 30 30",""
209,1033,"RPC","IN",105,5,"TextDrawSetString","id=105 bytes=5","27 08 01 00 30",""
210,1033,"RPC","IN",105,6,"TextDrawSetString","id=105 bytes=6","28 08 02 00 34 38",""
211,1033,"RPC","IN",105,5,"TextDrawSetString","id=105 bytes=5","29 08 01 00 37",""
212,1033,"RPC","IN",105,7,"TextDrawSetString","id=105 bytes=7","2a 08 03 00 31 30 30",""
213,1033,"PACKET","IN",207,45,"PlayerSync","id=207 bytes=45","cf 60 00 8b 80 60 ff c0 00 3b 8e a9 70 ef 2f 09 91 7c ad df 10 84 00 00 00 02 29 49 c0 00 00 9b ee d8 f4 00 c3 ab 8f fd fd ac 04 64 80",""
214,1033,"PACKET","IN",207,45,"PlayerSync","id=207 bytes=45","cf 7e 00 c0 00 60 3f c2 00 01 54 e8 70 e3 fa ca 51 40 30 1e 90 80 00 00 00 02 71 b3 94 00 03 fc fc 90 fb 43 58 37 7b fd fd ac 04 64 80",""
215,1041,"PACKET","OUT",203,32,"AimSync","id=203 bytes=32","cb 00 00 00 39 05 00 00 00 00 00 00 00 00 00 00 00 40 01 00 00 00 80 3f 00 00 f3 04 b5 3f 39 05",""
216,1057,"PACKET","IN",207,39,"PlayerSync","id=207 bytes=39","cf 1a 00 f8 ff fd bf c0 00 2c 27 ec 70 cf 06 89 d1 7b ca a0 50 80 00 00 00 00 ac 69 80 00 00 00 00 00 01 c8 04 04 80",""
217,1057,"PACKET","IN",200,44,"VehicleSync","id=200 bytes=44","c8 55 00 46 00 00 00 00 00 08 00 26 c0 20 50 30 39 25 23 d9 5c 39 ae c2 34 5c a1 f7 c4 28 66 36 d3 e4 af 05 7b db d7 cd 50 3f 00 00",""
218,1058,"PACKET","IN",207,45,"PlayerSync","id=207 bytes=45","cf 60 00 8b 80 60 ff c0 00 35 d0 29 70 ec 6f 49 91 51 2d 9f 10 84 00 00 00 01 01 49 c0 00 02 97 06 e0 f7 74 c5 87 97 fd fd ac 04 64 80",""
219,1058,"PACKET","IN",207,45,"PlayerSync","id=207 bytes=45","cf 1a 00 f5 7f fb ff c0 00 3e 67 ac 70 ea 86 89 d1 78 ca 60 50 80 00 00 00 00 74 a1 80 00 01 bc 1c 18 f4 1e 69 4b f7 fd fd c8 04 04 80",""
220,1058,"PACKET","IN",207,45,"PlayerSync","id=207 bytes=45","cf 60 00 8c 00 60 ff c0 00 31 11 a9 70 ea 2f 89 91 63 ed 1f 10 84 00 00 00 00 15 45 c0 00 01 e3 06 e0 f4 6c ca 47 97 fd fd ac 04 64 80",""
221,1082,"PACKET","IN",207,45,"PlayerSync","id=207 bytes=45","cf 1a 00 ed ff f7 3f c0 00 39 27 6c 70 c5 06 c9 d1 72 8a 20 50 80 00 00 00 03 80 d5 80 00 01 b7 f0 14 f6 7a 9e d7 e7 fd fd c8 04 04 80",""
222,1082,"PACKET","IN",207,35,"PlayerSync","id=207 bytes=35","cf 97 00 00 00 3d e7 a8 30 e5 89 c9 d1 7b 67 1f 10 84 00 00 00 00 0f 03 e8 00 00 00 00 00 01 28 00 04 11",""
223,1083,"PACKET","IN",207,41,"PlayerSync","id=207 bytes=41","cf 1a 00 00 00 1c 67 2c 70 de c6 c9 d1 68 89 e0 50 80 00 00 00 02 35 0d 80 00 02 17 cc 14 f6 ae d2 a3 d3 fd fd a5 04 04 80",""
224,1083,"PACKET","IN",207,45,"PlayerSync","id=207 bytes=45","cf 60 00 8c 80 60 ff c0 00 24 d3 29 70 e8 2f c9 91 73 6c 9f 10 84 00 00 00 03 09 3d c0 00 03 17 02 e0 f4 8c cd 6b 9b fd fd ac 04 64 80",""
225,1083,"PACKET","IN",207,45,"PlayerSync","id=207 bytes=45","cf 85 00 c0 00 60 3f c2 00 17 5e a5 f0 c7 cf c9 91 77 e3 9e d0 80 00 00 00 03 a2 21 80 00 00 3c b3 3c f7 8f 89 13 47 fd fd e9 04 02 80",""
226,1106,"PACKET","IN",200,44,"VehicleSync","id=200 bytes=44","c8 38 00 30 00 00 00 00 00 00 00 78 c0 79 f0 4b 1f 57 79 9a 9c 3d f8 a2 74 59 ab 07 e4 2a e1 f5 33 cc 73 da d1 2e 28 65 a0 5d f0 00",""
227,1107,"PACKET","IN",207,45,"PlayerSync","id=207 bytes=45","cf 60 00 8d 00 60 ff c0 00 0f 94 a9 70 e5 f0 09 91 41 2c 5f 10 84 00 00 00 01 e1 39 c0 00 02 78 fa d0 f4 d4 d0 97 9f fd fd ac 04 64 80",""
228,1137,"PACKET","IN",207,45,"PlayerSync","id=207 bytes=45","cf 60 00 8e 00 61 3f c0 00 21 d6 29 70 eb f0 49 91 7c ab 9f 10 84 00 00 00 00 01 31 c0 00 00 05 82 cc f5 38 d7 c7 9f fd fd ac 04 64 80",""
229,1138,"PACKET","IN",207,45,"PlayerSync","id=207 bytes=45","cf 7e 00 c0 00 60 3f c2 00 35 00 e8 70 f0 bc 0a 51 40 30 1e 90 80 00 00 00 01 66 a7 94 00 02 a7 28 88 fb bf ea 8a 8f fd fd ac 04 64 80",""
230,1138,"PACKET","IN",207,43,"PlayerSync","id=207 bytes=43","cf 85 00 60 3f c2 00 08 99 a5 f0 d4 90 09 91 4e a4 9e d0 80 00 00 00 00 11 b5 80 00 01 f2 0e f0 f6 bb cf 1e db fd fd e9 04 02 80",""
231,1163,"PACKET","IN",200,44,"VehicleSync","id=200 bytes=44","c8 55 00 46 00 00 00 00 00 08 00 00 20 62 00 14 08 a6 2d c9 4c 36 0f 32 34 5f 70 07 c4 2b 22 67 a3 e6 5e fd 2b ec 87 ad 50 3f 00 00",""
232,1163,"PACKET","IN",207,45,"PlayerSync","id=207 bytes=45","cf 60 00 8f 00 61 3f c0 00 2e 97 69 70 e8 70 89 91 45 2b 5f 10 84 00 00 00 02 89 25 c0 00 03 23 c6 b4 f5 ac dd bb a7 fd fd ac 04 64 80",""
233,1163,"PACKET","IN",207,35,"PlayerSync","id=207 bytes=35","cf 0b 00 00 00 26 cb 68 30 e8 bd c9 91 7b 67 1f 10 84 00 00 00 02 2e 5f c0 00 00 00 00 00 01 28 00 04 11",""
234,1164,"PACKET","IN",207,41,"PlayerSync","id=207 bytes=41","cf 1a 00 00 00 35 e5 6c 70 eb c7 09 d1 6a 48 e0 50 80 00 00 00 03 89 39 80 00 03 23 d3 0c f0 2f 2e bf 9f fd fd a5 04 04 80",""
235,1164,"PACKET","IN",200,44,"VehicleSync","id=200 bytes=44","c8 38 00 30 00 00 00 00 00 00 00 79 b0 7a 70 4b 0f 5f d9 ba 9c 35 d8 a2 74 5a db 27 e4 2c 5f c2 33 c4 63 c9 91 3d e8 65 a0 5d f0 00",""
236,1164,"PACKET","IN",207,45,"PlayerSync","id=207 bytes=45","cf 60 00 90 00 61 7f c0 00 32 58 e9 70 f1 f0 c9 91 6f 2a 9f 10 84 00 00 00 00 45 1d c0 00 00 dc f2 b0 f5 e4 e7 43 ab fd fd ac 04 64 80",""
237,1164,"PACKET","IN",207,35,"PlayerSync","id=207 bytes=35","cf 63 00 00 00 35 23 63 70 dd 23 09 91 54 21 9e 90 80 00 00 00 02 22 63 80 00 00 00 00 00 01 28 00 04 11",""
238,1188,"PACKET","IN",207,45,"PlayerSync","id=207 bytes=45","cf 60 00 90 80 61 7f c0 00 30 9a a9 70 ca 71 49 91 74 29 df 10 84 00 00 00 02 09 15 c0 00 01 27 be 9c f6 e4 ed 13 b3 fd fd ac 04 64 80",""
239,1189,"PACKET","IN",200,44,"VehicleSync","id=200 bytes=44","c8 55 00 46 00 00 00 00 00 08 00 08 e0 ad 90 56 98 5f 76 c9 4c 34 bf b2 34 5d dc c7 b4 20 2f d8 33 ef ae e6 5b f1 57 9d 50 3f 00 00",""
240,1189,"PACKET","IN",207,45,"PlayerSync","id=207 bytes=45","cf 60 00 91 00 61 7f c0 00 1b 5c 29 70 d4 71 89 91 55 29 5f 10 84 00 00 00 02 f1 0d c0 00 01 f3 1e 90 f4 64 f4 7f b7 fd fd ac 04 64 80",""
241,1189,"PACKET","IN",207,45,"PlayerSync","id=207 bytes=45","cf 7e 00 c0 00 60 3f c2 00 04 70 a8 30 c9 3c 4a 51 40 30 1e 90 80 00 00 00 03 fa cf 94 00 03 49 38 6c fb f3 fd c2 07 fd fd ac 04 64 80",""
242,1189,"PACKET","IN",207,43,"PlayerSync","id=207 bytes=43","cf 85 00 60 3f c2 00 09 50 e5 f0 f3 11 09 91 6f 27 9e d0 80 00 00 00 00 74 cd 80 00 01 f0 bb 14 f4 cb 33 5f 9b fd fd e9 04 02 80",""
243,1214,"PACKET","IN",207,35,"PlayerSync","id=207 bytes=35","cf 53 00 00 00 23 e6 e8 30 e9 d8 09 d1 7a e7 1f 10 84 00 00 00 02 ba 42 c0 00 00 00 00 00 01 a5 04 04 80",""
244,1215,"PACKET","IN",207,45,"PlayerSync","id=207 bytes=45","cf 60 00 91 00 61 7f c0 00 19 5d 69 70 d7 71 c9 91 59 29 1f 10 84 00 00 00 03 e1 09 c0 00 00 f4 42 8c f6 b4 f8 4b bb fd fd ac 04 64 80",""
245,1215,"PACKET","IN",207,35,"PlayerSync","id=207 bytes=35","cf 7c 00 00 00 35 a2 e2 70 da 28 89 91 5f 9d de 90 80 00 00 00 01 98 6a 40 00 00 00 00 00 01 28 00 04 11",""
246,1237,"PACKET","IN",207,35,"PlayerSync","id=207 bytes=35","cf 2d 00 00 00 3c 58 68 30 c1 50 49 d1 7b 67 1f 10 84 00 00 00 02 aa b3 c0 00 00 00 00 00 01 28 00 04 11",""
247,1238,"PACKET","IN",200,44,"VehicleSync","id=200 bytes=44","c8 38 00 30 00 00 00 00 00 00 00 79 20 78 80 4b 1f 52 49 ea 9c 3f 28 92 74 56 1b 47 e4 2c f6 1d a3 b1 a3 9a 61 5e 78 65 a0 5d f0 00",""
248,1238,"PACKET","IN",207,45,"PlayerSync","id=207 bytes=45","cf 60 00 91 00 61 7f c0 00 25 de 69 70 d0 b2 09 91 64 28 df 10 84 00 00 00 01 01 09 c0 00 00 ed 8e 78 f5 70 fd e7 bb fd fd ac 04 64 80",""
249,1238,"PACKET","IN",207,35,"PlayerSync","id=207 bytes=35","cf 70 00 00 00 2a a3 e3 70 fe e5 c9 91 41 e3 5e 90 80 00 00 00 03 5b 53 00 00 00 00 00 00 01 28 00 04 11",""
250,1238,"PACKET","IN",207,41,"PlayerSync","id=207 bytes=41","cf 1a 00 00 00 30 63 ec 70 ef 07 49 d1 47 88 20 50 80 00 00 00 03 89 39 80 00 01 f6 79 d0 f0 2f 2e bf 9f fd fd a5 04 04 80",""
251,1238,"PACKET","IN",207,45,"PlayerSync","id=207 bytes=45","cf 60 00 91 80 61 7f c0 00 33 df e9 70 e6 f2 49 91 50 a8 9f 10 84 00 00 00 02 bd 01 c0 00 00 3f fe 64 f4 01 03 67 bb fd fd ac 04 64 80",""
252,1239,"PACKET","IN",207,43,"PlayerSync","id=207 bytes=43","cf 7e 00 60 3f c2 00 0b 68 28 30 c0 7c 8a 51 40 30 1e 90 80 00 00 00 03 a6 9b 94 00 00 84 15 00 f5 66 a1 e3 e7 fd fd ac 04 64 80",""
253,1239,"PACKET","OUT",205,9,"UNKNOWN_PACKET","id=205 bytes=9","cd b8 4a 04 00 00 00 00 00",""
254,1264,"RPC","IN",86,27,"ApplyPlayerAnimation","id=86 bytes=27","1c 00 07 42 44 5f 46 49 52 45 07 77 61 73 68 5f 75 70 33 33 83 40 80 00 00 00 00",""
255,1288,"PACKET","IN",207,35,"PlayerSync","id=207 bytes=35","cf 3d 00 00 00 32 67 a8 30 d0 79 49 91 7b 67 1f 10 84 00 00 00 00 e6 f1 c0 00 00 00 00 00 01 28 00 04 11",""
256,1288,"PACKET","IN",200,44,"VehicleSync","id=200 bytes=44","c8 55 00 46 00 00 00 00 00 08 00 05 30 d6 10 87 f8 3c d1 c9 4c 30 90 12 44 5d ca 07 b4 23 98 18 83 e0 ee f2 5b f1 d7 8d 50 3f 00 00",""
257,1288,"PACKET","IN",207,45,"PlayerSync","id=207 bytes=45","cf 60 00 91 80 61 bf c0 00 29 a0 e9 70 dd b2 89 91 58 28 5f 10 84 00 00 00 01 98 fd c0 00 00 cb f2 54 f5 a5 06 9b bf fd fd ac 04 64 80",""
258,1288,"PACKET","IN",207,45,"PlayerSync","id=207 bytes=45","cf 60 00 92 00 61 bf c0 00 30 a1 e9 70 d9 b2 c9 91 56 a8 1f 10 84 00 00 00 03 3c f5 c0 00 00 2f de 60 f6 49 09 2f c3 fd fd ac 04 64 80",""
259,1313,"PACKET","IN",207,43,"PlayerSync","id=207 bytes=43","cf 85 00 60 3f c2 00 0d 88 a5 f0 e8 53 c9 91 7f ef 1e d0 80 00 00 00 03 c8 ad 80 00 02 a8 8b cc f5 2e ad cf e3 fd fd e9 04 02 80",""
260,1313,"PACKET","IN",207,41,"PlayerSync","id=207 bytes=41","cf 1a 00 00 00 27 63 6c 70 c6 87 89 d1 77 87 a0 50 80 00 00 00 03 89 39 80 00 02 c8 9e 3c ec 2f 2e bf 9f fd fd a5 04 04 80",""
261,1313,"PACKET","IN",200,44,"VehicleSync","id=200 bytes=44","c8 38 00 30 00 00 00 00 00 00 00 77 a0 76 f0 4b 2f 57 f9 fa 9c 3b 58 92 74 56 8b 57 e4 27 83 b5 43 b4 93 01 e1 c4 f8 75 a0 5d f0 00",""
262,1341,"PACKET","IN",207,35,"PlayerSync","id=207 bytes=35","cf 02 00 00 00 2d a2 e3 70 ee 9a 89 91 77 a3 1e 90 80 00 00 00 00 8a aa c0 00 00 00 00 00 01 28 00 04 11",""
263,1342,"PACKET","IN",200,44,"VehicleSync","id=200 bytes=44","c8 55 00 46 00 00 00 00 00 08 00 04 10 f8 10 a0 58 27 c9 f9 3c 3c e0 92 44 50 45 37 b4 22 c8 98 f3 e8 5e f3 3b e3 37 7d 50 3f 00 00",""
264,1342,"PACKET","IN",207,45,"PlayerSync","id=207 bytes=45","cf 60 00 92 00 61 bf c0 00 28 e4 29 70 e0 b3 49 91 76 67 5f 10 84 00 00 00 01 d4 f1 c0 00 00 1a e6 94 f6 9d 11 a3 c7 fd fd ac 04 64 80",""
265,1342,"PACKET","IN",207,43,"PlayerSync","id=207 bytes=43","cf 7e 00 60 3f c2 00 07 20 a8 30 cf be 8a 51 40 30 1e 90 80 00 00 00 00 29 cb 94 00 02 40 a0 80 f9 92 1f 23 ff fd fd ac 04 64 80",""
266,1342,"PACKET","IN",209,70,"UnoccupiedSync","id=209 bytes=70","d1 7e 00 3b 00 00 8f 11 7f 3f ce 8a ae bd 75 b5 d3 39 f7 8a ae 3d 8b 11 7f 3f ca 4b 51 ba 6c 7c 9f c3 cb 0e 2a 45 63 a0 7c 42 fe cc 16 3b 1f 47 3c ba ee 1c 0c 3a e2 ff ca b9 86 c3 f5 b8 0b 1b 7c 3a e7 33 44 44",""
267,1368,"PACKET","IN",207,35,"PlayerSync","id=207 bytes=35","cf 51 00 00 00 1b 0a e3 30 cf a8 49 91 58 dd 9e 90 84 00 00 00 01 37 17 c0 00 00 00 00 00 01 28 00 04 11",""
268,1368,"PACKET","IN",207,45,"PlayerSync","id=207 bytes=45","cf 60 00 92 00 61 bf c0 00 2e a5 29 70 df f3 89 91 68 e7 1f 10 84 00 00 00 02 64 ed c0 00 01 c3 2e a4 f5 01 16 df c7 fd fd ac 04 64 80",""
269,1368,"PACKET","IN",207,35,"PlayerSync","id=207 bytes=35","cf 4d 00 00 00 02 00 23 30 e6 e4 09 91 70 1e 9e 90 84 00 00 00 03 da d0 80 00 00 00 00 00 01 a5 04 04 80",""
270,1368,"PACKET","IN",207,35,"PlayerSync","id=207 bytes=35","cf 54 00 00 00 05 77 63 70 c5 21 c9 91 65 24 1e 90 80 00 00 00 00 12 8e c0 00 00 00 00 00 01 a5 04 04 80",""
271,1369,"PACKET","IN",207,45,"PlayerSync","id=207 bytes=45","cf 60 00 92 00 61 bf c0 00 08 e6 a9 70 f5 33 c9 91 7c a6 9f 10 84 00 00 00 03 a8 e9 c0 00 01 22 4a dc f4 25 18 7f cb fd fd ac 04 64 80",""
272,1393,"PACKET","IN",207,35,"PlayerSync","id=207 bytes=35","cf 5b 00 00 00 0e fc 66 b0 e8 7d 89 91 7b 67 1f 10 84 00 00 00 01 0a e2 00 00 00 00 00 00 01 a5 04 e8 80",""
273,1394,"PACKET","IN",207,35,"PlayerSync","id=207 bytes=35","cf 1f 00 00 00 26 a3 e3 70 c2 1d 89 91 42 a3 5e 90 80 00 00 00 02 c2 27 00 00 00 00 00 00 01 28 00 04 11",""
274,1394,"PACKET","IN",200,38,"VehicleSync","id=200 bytes=38","c8 38 00 30 00 00 00 00 00 00 00 76 80 77 f0 4b 2f 5a 19 fa 9c 3b 08 92 74 58 1b 57 e4 20 00 00 00 05 a0 5d f0 00",""
275,1424,"PACKET","IN",207,35,"PlayerSync","id=207 bytes=35","cf 1a 00 00 00 27 63 6c 70 c6 87 89 d1 77 87 a0 50 80 00 00 00 03 89 39 80 00 00 00 00 00 01 a5 04 04 80",""
276,1424,"PACKET","IN",207,45,"PlayerSync","id=207 bytes=45","cf 60 00 92 00 61 bf c0 00 37 28 29 70 e0 74 49 91 71 a6 1f 10 84 00 00 00 00 18 e9 c0 00 02 e3 12 fc f6 a5 19 bf cb fd fd ac 04 64 80",""
277,1425,"PACKET","IN",207,43,"PlayerSync","id=207 bytes=43","cf 7e 00 60 3f c0 00 37 61 68 30 f3 3f 4a 51 40 30 1e 90 80 00 00 00 01 6d cf 94 00 00 78 6a 84 f4 45 da 73 ff fd fd ac 04 64 80",""
278,1425,"PACKET","IN",207,43,"PlayerSync","id=207 bytes=43","cf 85 00 60 3f c2 00 11 80 65 f0 c5 96 c9 91 41 37 5e d0 80 00 00 00 03 78 ad 80 00 03 e4 98 20 f9 2e ad cf e3 fd fd e9 04 02 80",""
279,1425,"PACKET","IN",207,45,"PlayerSync","id=207 bytes=45","cf 60 00 92 00 61 bf c0 00 21 a9 e9 70 cc b4 c9 91 61 65 9f 10 84 00 00 00 03 84 e1 c0 00 00 0f 13 10 f5 ed 1f 63 cb fd fd ac 04 64 80",""
280,1425,"PACKET","IN",207,35,"PlayerSync","id=207 bytes=35","cf 92 00 00 00 1b 0b 23 30 de 59 49 91 73 1f 1e 90 84 00 00 00 02 9b 21 c0 00 00 00 00 00 01 a5 04 04 80",""
281,1451,"PACKET","IN",207,45,"PlayerSync","id=207 bytes=45","cf 60 00 92 00 61 bf c0 00 36 6b 29 70 e5 75 09 91 66 25 1f 10 84 00 00 00 02 c0 dd c0 00 01 1f 0f 10 f6 29 21 6f cf fd fd ac 04 64 80",""
282,1452,"RPC","IN",86,27,"ApplyPlayerAnimation","id=86 bytes=27","29 00 09 50 4c 41 59 49 44 4c 45 53 05 73 68 6c 64 72 48 e1 0a 40 60 00 00 00 00",""
283,1452,"RPC","IN",87,2,"ClearPlayerAnimation","id=87 bytes=2","97 00",""
284,1452,"RPC","IN",86,29,"ApplyPlayerAnimation","id=86 bytes=29","97 00 05 43 41 52 52 59 0b 63 72 72 79 5f 70 72 74 69 61 6c 33 33 83 40 00 00 00 00 00",""
285,1452,"PACKET","IN",207,35,"PlayerSync","id=207 bytes=35","cf 27 00 00 00 33 42 a6 f0 cc 4f c9 d1 7b 67 1f 10 84 00 00 00 02 9e de 80 00 00 00 00 00 01 a8 04 04 18",""
286,1452,"PACKET","IN",207,45,"PlayerSync","id=207 bytes=45","cf 60 00 92 00 61 bf c0 00 30 ac a9 70 ca 35 89 91 55 a4 9f 10 84 00 00 00 02 bc d9 c0 00 00 84 c7 08 f6 91 27 87 cf fd fd ac 04 64 80",""
287,1476,"PACKET","IN",207,35,"PlayerSync","id=207 bytes=35","cf 1c 00 00 00 2d 1d 28 30 f6 cc c9 d1 7b 67 1f 10 84 00 00 00 00 65 93 00 00 00 00 00 00 01 28 00 04 11",""
288,1477,"PACKET","IN",200,38,"VehicleSync","id=200 bytes=38","c8 38 00 30 00 00 00 00 00 00 00 76 60 7a 10 4b 1f 5a 19 fa 9c 3b 08 92 74 58 1b 57 e4 20 00 00 00 05 a0 5d f0 00",""
289,1477,"PACKET","IN",207,35,"PlayerSync","id=207 bytes=35","cf 46 00 00 00 2c 6b a2 f0 e4 28 c9 91 41 1d de 90 80 00 00 00 00 00 03 c0 00 00 00 00 00 01 28 00 04 11",""
290,1477,"PACKET","IN",207,45,"PlayerSync","id=207 bytes=45","cf 60 00 92 00 61 bf c0 00 34 ad e9 70 e2 75 c9 91 52 e4 1f 10 84 00 00 00 01 f8 d5 c0 00 00 a4 03 00 f6 4d 29 43 d3 fd fd ac 04 64 80",""
291,1477,"PACKET","IN",207,43,"PlayerSync","id=207 bytes=43","cf 85 00 60 3f c2 00 24 b9 e5 b0 cf 19 09 91 5c ba de d0 80 00 00 00 00 90 99 80 00 02 17 94 84 fa 16 a4 4b e7 fd fd e9 04 02 80",""
292,1505,"PACKET","IN",207,43,"PlayerSync","id=207 bytes=43","cf 7e 00 60 3f c0 00 3d 5e a8 30 f3 41 0a 91 40 30 1e 90 80 00 00 00 02 7d db 94 00 02 d2 8c 1c f8 8a a4 d3 e7 fd fd ac 04 64 80",""
293,1505,"PACKET","IN",209,70,"UnoccupiedSync","id=209 bytes=70","d1 7e 00 3b 00 00 a2 1b 7f 3f 93 d1 aa bd 23 13 01 ba 62 d1 aa 3d a0 1b 7f 3f 34 d7 3b ba 64 7b 9f c3 ca 0e 2a 45 e5 a1 7c 42 77 e9 65 3a 8e 0a 0d b9 a9 99 4d 39 b7 3b 1a 38 64 a5 ba 38 36 36 3e 39 e7 33 44 44",""
294,1505,"RPC","IN",99,42,"MoveObject","id=99 bytes=42","a0 00 f8 e3 a1 c3 d7 9b 26 45 53 c5 7d 42 f8 e3 a1 c3 d7 9b 26 45 ed 5e 7b 42 00 00 80 3e 00 00 00 00 00 00 00 00 08 cc 84 43",""
295,1505,"RPC","IN",122,2,"StopObject","id=122 bytes=2","a0 00",""
296,1505,"RPC","IN",99,42,"MoveObject","id=99 bytes=42","a0 00 f8 e3 a1 c3 d7 9b 26 45 53 c5 7d 42 f8 e3 a1 c3 d7 9b 26 45 53 c5 7d 42 00 00 80 3e 00 00 00 00 00 00 00 00 08 cc 84 43",""
297,1505,"RPC","IN",122,2,"StopObject","id=122 bytes=2","a0 00",""
298,1505,"RPC","IN",99,42,"MoveObject","id=99 bytes=42","a0 00 f8 e3 a1 c3 d7 9b 26 45 53 c5 7d 42 f8 e3 a1 c3 d7 9b 26 45 ed 5e 7b 42 00 00 80 3e 00 00 00 00 00 00 00 00 08 cc 84 43",""
299,1506,"RPC","IN",122,2,"StopObject","id=122 bytes=2","a0 00",""
300,1506,"RPC","IN",99,42,"MoveObject","id=99 bytes=42","a0 00 f8 e3 a1 c3 d7 9b 26 45 53 c5 7d 42 f8 e3 a1 c3 d7 9b 26 45 53 c5 7d 42 00 00 80 3e 00 00 00 00 00 00 00 00 08 cc 84 43",""
301,1506,"RPC","IN",122,2,"StopObject","id=122 bytes=2","a0 00",""
302,1506,"RPC","IN",99,42,"MoveObject","id=99 bytes=42","a0 00 f8 e3 a1 c3 d7 9b 26 45 53 c5 7d 42 f8 e3 a1 c3 d7 9b 26 45 ed 5e 7b 42 00 00 80 3e 00 00 00 00 00 00 00 00 08 cc 84 43",""
303,1506,"RPC","IN",122,2,"StopObject","id=122 bytes=2","a0 00",""
304,1506,"RPC","IN",99,42,"MoveObject","id=99 bytes=42","a0 00 f8 e3 a1 c3 d7 9b 26 45 53 c5 7d 42 f8 e3 a1 c3 d7 9b 26 45 53 c5 7d 42 00 00 80 3e 00 00 00 00 00 00 00 00 08 cc 84 43",""
305,1506,"RPC","IN",122,2,"StopObject","id=122 bytes=2","a0 00",""
306,1506,"RPC","IN",99,42,"MoveObject","id=99 bytes=42","a0 00 f8 e3 a1 c3 d7 9b 26 45 53 c5 7d 42 f8 e3 a1 c3 d7 9b 26 45 ed 5e 7b 42 00 00 80 3e 00 00 00 00 00 00 00 00 08 cc 84 43",""
307,1506,"RPC","IN",122,2,"StopObject","id=122 bytes=2","a0 00",""
308,1506,"RPC","IN",99,42,"MoveObject","id=99 bytes=42","a0 00 f8 e3 a1 c3 d7 9b 26 45 53 c5 7d 42 f8 e3 a1 c3 d7 9b 26 45 53 c5 7d 42 00 00 80 3e 00 00 00 00 00 00 00 00 08 cc 84 43",""
309,1506,"RPC","IN",122,2,"StopObject","id=122 bytes=2","a0 00",""
310,1507,"RPC","IN",99,42,"MoveObject","id=99 bytes=42","a0 00 f8 e3 a1 c3 d7 9b 26 45 53 c5 7d 42 f8 e3 a1 c3 d7 9b 26 45 ed 5e 7b 42 00 00 80 3e 00 00 00 00 00 00 00 00 08 cc 84 43",""
311,1507,"RPC","IN",122,2,"StopObject","id=122 bytes=2","a0 00",""
312,1507,"RPC","IN",99,42,"MoveObject","id=99 bytes=42","a0 00 f8 e3 a1 c3 d7 9b 26 45 53 c5 7d 42 f8 e3 a1 c3 d7 9b 26 45 53 c5 7d 42 00 00 80 3e 00 00 00 00 00 00 00 00 08 cc 84 43",""
313,1507,"PACKET","IN",207,45,"PlayerSync","id=207 bytes=45","cf 60 00 92 00 61 bf c0 00 31 af 29 70 fa f6 09 91 4b a3 9f 10 84 00 00 00 01 b0 d1 c0 00 02 db d2 e4 f6 b9 2f 47 d3 fd fd ac 04 64 80",""
314,1508,"PACKET","IN",207,35,"PlayerSync","id=207 bytes=35","cf 76 00 00 00 0e 87 a2 f0 c1 28 c9 91 5a 1c 1e 90 84 00 00 00 03 6c 9f 40 00 00 00 00 00 01 28 00 04 11",""
315,1508,"PACKET","IN",207,41,"PlayerSync","id=207 bytes=41","cf 7e 00 00 00 30 5e 68 30 f2 c1 8a 91 40 30 1e 90 80 00 00 00 02 7d db 94 00 00 e4 3f 54 f6 96 26 87 ff fd fd d2 04 64 80",""
316,1532,"PACKET","IN",200,44,"VehicleSync","id=200 bytes=44","c8 55 00 46 00 20 00 00 00 08 00 01 00 b3 d0 84 08 2b 99 19 2c 3d 11 b2 44 5f 5c c7 a4 2e bd 49 b3 ef df 1e cb 92 47 ad 50 3f 00 00",""
317,1533,"PACKET","IN",207,45,"PlayerSync","id=207 bytes=45","cf 60 00 92 00 61 bf c0 00 0a 70 a9 70 dd 76 89 91 70 62 df 10 84 00 00 00 01 38 cd c0 00 00 86 06 e0 f6 bd 31 0b d7 fd fd ac 04 64 80",""
318,1533,"PACKET","IN",207,35,"PlayerSync","id=207 bytes=35","cf 97 00 00 00 3d e7 a8 30 e5 89 c9 d1 7b 67 1f 10 84 00 00 00 00 0f 03 e8 00 00 00 00 00 01 a5 04 e8 80",""
319,1559,"PACKET","IN",207,45,"PlayerSync","id=207 bytes=45","cf 60 00 92 00 61 bf c0 00 17 31 a9 70 ec 36 c9 91 70 a2 5f 10 84 00 00 00 00 30 c9 c0 00 03 aa 32 dc f6 ed 36 db d7 fd fd ac 04 64 80",""
320,1559,"PACKET","IN",207,43,"PlayerSync","id=207 bytes=43","cf 85 00 60 3f c2 00 04 f4 a5 b0 ca db 49 91 5a 01 1f 10 80 00 00 00 02 8c 8d 80 00 02 d5 ec b0 f8 9e 93 23 eb fd fd c8 04 02 80",""
321,1560,"PACKET","IN",203,34,"AimSync","id=203 bytes=34","cb 85 00 04 76 fd 88 3e 4c ca 6e 3f ca 57 77 be 84 55 97 c3 07 34 26 45 63 df 80 42 00 00 00 00 3f c6",""
322,1560,"PACKET","IN",200,38,"VehicleSync","id=200 bytes=38","c8 38 00 30 00 00 00 00 00 00 00 76 30 7b 60 4b 1f 5a 19 fa 9c 3b 08 92 74 58 1b 57 e4 20 00 00 00 05 a0 5d f0 00",""
323,1560,"PACKET","OUT",207,69,"PlayerSync","id=207 bytes=69","cf 00 00 00 00 00 00 73 61 95 c3 e9 46 26 45 82 99 7b 42 03 3f bf 3e 00 00 00 00 00 00 00 00 71 78 6d 3f 64 00 04 00 00 00 00 00 00 00 00 00 00 00 00 00 00 00 00 00 00 00 00 00 00 00 00 00 00 00 a5 04 04 80",""
324,1566,"PACKET","OUT",203,32,"AimSync","id=203 bytes=32","cb 00 00 00 39 05 00 00 00 00 00 00 00 00 00 00 00 40 01 00 00 00 80 3f 00 00 f3 04 b5 3f 39 05",""
325,1591,"PACKET","IN",207,45,"PlayerSync","id=207 bytes=45","cf 60 00 92 00 61 bf c0 00 07 b2 e9 70 c7 f7 49 91 57 21 df 10 84 00 00 00 00 34 c5 c0 00 03 34 32 d0 f7 a9 38 db db fd fd ac 04 64 80",""
326,1592,"PACKET","IN",200,44,"VehicleSync","id=200 bytes=44","c8 55 00 46 00 58 00 00 00 08 00 08 40 7d b0 42 78 52 d0 29 2c 3f 42 32 44 5d 99 97 a4 25 04 5a 03 e9 6f 55 3b 23 67 bd 50 3f 00 00",""
327,1592,"PACKET","IN",207,41,"PlayerSync","id=207 bytes=41","cf 7e 00 20 00 07 e0 28 30 e5 42 0a 91 40 30 1e 90 80 00 00 00 02 7d db 94 00 03 39 14 80 f5 51 2e a3 d3 fd fd d2 04 64 80",""
328,1592,"PACKET","IN",203,34,"AimSync","id=203 bytes=34","cb 7e 00 04 67 f5 32 3f 7f a7 f8 3e 22 5c 06 bf 88 55 a1 c3 27 f5 29 45 8c 1b 81 42 00 00 00 00 3f c6",""
329,1592,"PACKET","IN",209,70,"UnoccupiedSync","id=209 bytes=70","d1 7e 00 3b 00 00 92 1c 7f 3f 8e 76 aa bd d0 62 52 ba 7d 76 aa 3d 98 1c 7f 3f 18 0c 4d b9 76 7a 9f c3 d0 0e 2a 45 e0 a2 7c 42 9c a5 f7 3a 84 44 51 3a 8c e0 75 b9 43 b4 13 39 58 5a 14 38 11 2c 12 b9 e7 33 44 44",""
330,1593,"PACKET","IN",207,41,"PlayerSync","id=207 bytes=41","cf 29 00 00 00 0e a7 a8 30 e7 15 49 d1 7b 67 1f 10 84 00 00 00 00 88 e3 c0 00 00 00 46 50 e4 0a ed a8 3b fd fd 0e 05 02 16",""
331,1593,"PACKET","IN",203,34,"AimSync","id=203 bytes=34","cb 29 00 04 22 6b 07 bf bb 72 53 3f f0 7f 47 be d7 e4 9f c3 6d 31 27 45 d7 92 80 42 00 00 00 00 3f 06",""
332,1593,"PACKET","IN",207,45,"PlayerSync","id=207 bytes=45","cf 60 00 92 00 61 bf c0 00 33 33 e9 70 e4 37 89 91 79 21 1f 10 84 00 00 00 03 80 bd c0 00 01 84 7e c4 f7 69 3e 63 db fd fd ac 04 64 80",""
333,1619,"PACKET","IN",207,45,"PlayerSync","id=207 bytes=45","cf 60 00 91 80 61 bf c0 00 09 b5 29 70 fc 37 c9 91 5e a0 9f 10 84 00 00 00 02 84 bd c0 00 02 2f c6 b4 f7 dd 40 2b df fd fd ac 04 64 80",""
334,1619,"PACKET","IN",203,34,"AimSync","id=203 bytes=34","cb 60 00 04 74 79 19 bf 47 2f 4c 3f 5e 49 88 bd 73 c8 a4 c3 50 b3 26 45 59 d7 7f 42 00 00 00 00 3f 36",""
335,1643,"RPC","IN",86,33,"ApplyPlayerAnimation","id=86 bytes=33","92 00 06 44 45 41 4c 45 52 0e 44 45 41 4c 45 52 5f 49 44 4c 45 5f 30 31 00 00 a0 40 60 00 00 00 00",""
336,1644,"PACKET","IN",200,38,"VehicleSync","id=200 bytes=38","c8 38 00 30 00 00 00 00 00 00 00 76 00 7c 00 4b 0f 5a 19 fa 9c 3b 08 92 74 58 1b 57 e4 20 00 00 00 05 a0 5d f0 00",""
337,1644,"PACKET","IN",203,34,"AimSync","id=203 bytes=34","cb 38 00 12 89 cf cd 3d da 2f 78 3f a5 fe 64 be 48 4f aa c3 df b5 26 45 7c 61 89 42 00 00 00 00 3f c6",""
338,1644,"PACKET","IN",207,45,"PlayerSync","id=207 bytes=45","cf 85 00 c0 7f e0 3f c2 00 09 b0 a5 b0 ce 9d 09 91 48 86 1f 10 80 00 00 00 01 24 0d 80 00 01 78 ff 18 f7 7e 85 bb ef fd fd c8 04 02 80",""
339,1674,"PACKET","IN",207,45,"PlayerSync","id=207 bytes=45","cf 60 00 91 80 61 7f c0 00 0f 76 29 70 cf 78 49 91 4b 60 1f 10 84 00 00 00 03 00 b9 c0 00 02 10 4a 9c f4 c9 44 8b df fd fd ac 04 64 80",""
340,1675,"RPC","IN",105,19,"TextDrawSetString","id=105 bytes=19","2f 01 0f 00 30 39 20 41 67 75 73 74 75 73 20 32 30 32 36",""
341,1675,"RPC","IN",105,12,"TextDrawSetString","id=105 bytes=12","30 01 08 00 31 32 3a 30 32 3a 33 34",""
342,1675,"PACKET","IN",207,45,"PlayerSync","id=207 bytes=45","cf 60 00 91 00 61 7f c0 00 2c 77 29 70 eb f8 89 91 64 9f 5f 10 84 00 00 00 02 58 b9 c0 00 03 59 72 8c f4 1d 49 d7 df fd fd ac 04 64 80",""
343,1675,"PACKET","IN",207,41,"PlayerSync","id=207 bytes=41","cf 7e 00 20 00 28 dc e8 30 c1 c3 4a 91 40 30 1e 90 80 00 00 00 02 7d db 94 00 02 20 dd e0 f5 f9 a8 b7 fb fd fd d2 04 64 80",""
344,1676,"PACKET","IN",203,34,"AimSync","id=203 bytes=34","cb 7e 00 04 f9 ad 31 3f 8d e0 f6 3e 7f da 08 bf cb 31 a1 c3 84 fc 29 45 15 dd 80 42 00 00 00 00 3f c6",""
345,1703,"PACKET","IN",200,44,"VehicleSync","id=200 bytes=44","c8 55 00 46 00 78 00 00 00 08 00 09 60 41 90 18 98 ba 56 19 1c 37 72 b2 44 53 07 47 a4 22 c1 da 43 ed 6f 81 7a af 87 cd 50 3f 00 00",""
346,1703,"PACKET","IN",203,34,"AimSync","id=203 bytes=34","cb 55 00 12 30 56 69 3f 83 8a 4c 3e 1d 1f b8 be 3f a5 94 c3 83 13 24 45 c9 65 85 42 00 00 00 00 3f 44",""
347,1703,"PACKET","IN",207,45,"PlayerSync","id=207 bytes=45","cf 60 00 90 80 61 7f c0 00 37 38 29 70 c2 f9 09 91 47 1e df 10 84 00 00 00 01 3c b9 c0 00 01 a3 52 7c f4 bd 4a 13 df fd fd ac 04 64 80",""
348,1704,"PACKET","IN",207,35,"PlayerSync","id=207 bytes=35","cf 0b 00 00 00 26 cb 68 30 e8 bd c9 91 7b 67 1f 10 84 00 00 00 02 2e 5f c0 00 00 00 00 00 01 28 00 04 11",""
349,1704,"PACKET","IN",207,41,"PlayerSync","id=207 bytes=41","cf 29 00 00 00 01 27 a8 30 e3 d5 49 d1 7b 67 1f 10 84 00 00 00 00 88 e3 c0 00 03 af e1 e0 e8 0a ed a8 3b fd fd 0e 05 02 16",""
350,1730,"PACKET","IN",200,38,"VehicleSync","id=200 bytes=38","c8 38 00 30 00 00 00 00 00 02 00 76 00 7c 30 4b 0f 5a 19 fa 9c 3b 08 92 74 58 1b 57 e4 20 00 00 00 05 a0 5d f0 00",""
351,1731,"PACKET","IN",207,45,"PlayerSync","id=207 bytes=45","cf 60 00 90 80 61 7f c0 00 01 f9 69 70 da 79 49 91 67 9e 1f 10 84 00 00 00 00 a0 b5 c0 00 02 9d 5e 90 f5 cd 4a 7b df fd fd ac 04 64 80",""
352,1731,"PACKET","IN",207,35,"PlayerSync","id=207 bytes=35","cf 63 00 00 00 35 23 63 70 dd 23 09 91 54 21 9e 90 80 00 00 00 02 22 63 80 00 00 00 00 00 01 28 00 04 11",""
353,1731,"PACKET","IN",207,45,"PlayerSync","id=207 bytes=45","cf 60 00 90 80 61 7f c0 00 11 fa 69 70 f6 39 89 91 7c 9d 5f 10 84 00 00 00 00 3c b1 c0 00 01 f4 3e 7c f6 31 4c 1f e3 fd fd ac 04 64 80",""
354,1731,"PACKET","IN",207,35,"PlayerSync","id=207 bytes=35","cf 7c 00 00 00 35 a2 e2 70 da 28 89 91 5f 9d de 90 80 00 00 00 01 98 6a 40 00 00 00 00 00 01 28 00 04 11",""
355,1731,"PACKET","IN",207,45,"PlayerSync","id=207 bytes=45","cf 85 00 c0 7f e0 3f c2 00 37 74 65 b0 cd df 49 91 4f cc 5f 10 84 00 00 00 01 25 15 80 00 00 6f 17 68 f7 59 22 03 cf fd fd c8 04 02 80",""
356,1754,"PACKET","IN",207,45,"PlayerSync","id=207 bytes=45","cf 60 00 90 80 61 7f c0 00 05 3b 69 70 ca ba 09 91 5a dc df 10 84 00 00 00 03 9c a9 c0 00 03 ef 72 7c f6 61 51 a7 e3 fd fd ac 04 64 80",""
357,1754,"PACKET","IN",207,35,"PlayerSync","id=207 bytes=35","cf 70 00 00 00 2a a3 e3 70 fe e5 c9 91 41 e3 5e 90 80 00 00 00 03 5b 53 00 00 00 00 00 00 01 28 00 04 11",""
358,1782,"PACKET","IN",200,44,"VehicleSync","id=200 bytes=44","c8 55 00 46 00 00 00 00 00 08 00 23 30 27 80 15 79 79 a8 39 0c 3d e3 22 44 56 d4 e7 a4 2a f7 6a a3 ee df cb c9 b6 77 dd 50 3f 00 00",""
359,1782,"PACKET","IN",207,41,"PlayerSync","id=207 bytes=41","cf 7e 00 20 00 36 9c e8 30 d9 04 4a 91 40 30 1e 90 80 00 00 00 02 7d db 94 00 00 3a 5d a0 f4 5a 31 b3 ff fd fd d2 04 64 80",""
360,1782,"PACKET","IN",209,70,"UnoccupiedSync","id=209 bytes=70","d1 7e 00 3b 00 00 b5 1a 7f 3f eb 22 ab bd 9f 8a d5 ba e8 22 ab 3d cd 1a 7f 3f b0 7d b4 b8 83 79 9f c3 d7 0e 2a 45 0f a4 7c 42 cd 61 e7 39 45 f3 76 b7 e9 f3 f6 38 20 c2 18 37 94 d8 b4 38 3e ca ed b4 e7 33 44 44",""
361,1782,"PACKET","IN",207,45,"PlayerSync","id=207 bytes=45","cf 60 00 90 80 61 7f c0 00 23 fc 69 70 f1 3a 49 91 52 1c 1f 10 84 00 00 00 03 78 a5 c0 00 02 bc 82 bc f6 cd 57 3b e3 fd fd ac 04 64 80",""
362,1783,"PACKET","IN",207,41,"PlayerSync","id=207 bytes=41","cf 7e 00 00 00 22 1c a8 30 dc c4 8a 91 40 30 1e 90 80 00 00 00 02 7d db 94 00 01 5b a1 e0 f6 f6 4d db fb fd fd d2 04 64 80",""
363,1783,"PACKET","IN",207,41,"PlayerSync","id=207 bytes=41","cf 92 00 00 00 1b 0b 23 30 de 59 49 91 73 1f 1e 90 84 00 00 00 02 9b 21 c0 00 00 6b 4d e0 e1 16 75 90 0f fd fd a5 04 04 80",""
364,1805,"PACKET","IN",207,41,"PlayerSync","id=207 bytes=41","cf 29 00 00 00 32 27 68 30 de d5 49 d1 7b 67 1f 10 84 00 00 00 00 88 e3 c0 00 00 b0 0e 0c e9 ca b3 dc 1f fd fd 0e 05 02 16",""
365,1806,"PACKET","IN",207,35,"PlayerSync","id=207 bytes=35","cf 53 00 00 00 23 e6 e8 30 e9 d8 09 d1 7a e7 1f 10 84 00 00 00 02 ba 42 c0 00 00 00 00 00 01 a5 04 04 80",""
366,1806,"PACKET","IN",207,45,"PlayerSync","id=207 bytes=45","cf 60 00 90 80 61 7f c0 00 24 bd 69 70 cf 7a c9 91 55 db 5f 10 84 00 00 00 02 f0 a1 c0 00 00 c7 e2 d8 f6 c1 58 97 e7 fd fd ac 04 64 80",""
367,1836,"PACKET","IN",207,35,"PlayerSync","id=207 bytes=35","cf 2d 00 00 00 3c 58 68 30 c1 50 49 d1 7b 67 1f 10 84 00 00 00 02 aa b3 c0 00 00 00 00 00 01 28 00 04 11",""
368,1836,"PACKET","IN",207,45,"PlayerSync","id=207 bytes=45","cf 60 00 90 80 61 7f c0 00 06 3e 69 70 e4 bb 09 91 68 1a 9f 10 84 00 00 00 02 f0 9d c0 00 01 46 de e0 f7 1d 5e 0f e7 fd fd ac 04 64 80",""
369,1836,"PACKET","IN",207,45,"PlayerSync","id=207 bytes=45","cf 60 00 90 80 61 7f c0 00 10 7f 69 70 cb fb 89 91 51 99 df 10 84 00 00 00 03 58 99 c0 00 01 86 da e0 f6 f9 63 53 e7 fd fd ac 04 64 80",""
370,1836,"PACKET","IN",207,45,"PlayerSync","id=207 bytes=45","cf 85 00 c0 7f e0 3f c2 00 15 02 65 f0 e4 a2 09 91 46 d7 1f 10 84 00 00 00 01 25 15 80 00 03 b0 6c 24 f9 2c f4 f7 b7 fd fd c8 04 02 80",""
371,1862,"PACKET","IN",207,45,"PlayerSync","id=207 bytes=45","cf 60 00 90 80 61 7f c0 00 10 40 69 b0 f1 bb c9 91 7a 98 df 10 84 00 00 00 02 f0 95 c0 00 02 e8 82 d4 f6 71 64 6b eb fd fd ac 04 64 80",""
372,1862,"PACKET","IN",207,41,"PlayerSync","id=207 bytes=41","cf 7e 00 00 00 0b 9a e8 30 eb c5 4a 91 40 30 1e 90 80 00 00 00 02 7d db 94 00 03 ee a0 64 f6 4a ad 67 e3 fd fd d2 04 64 80",""
373,1888,"PACKET","IN",207,45,"PlayerSync","id=207 bytes=45","cf 60 00 90 80 61 7f c0 00 2e 01 29 b0 cc bc 49 91 76 98 1f 10 84 00 00 00 02 78 91 c0 00 02 35 56 c8 f6 b1 69 bb eb fd fd ac 04 64 80",""
374,1889,"PACKET","IN",207,43,"PlayerSync","id=207 bytes=43","cf 85 00 60 3f c2 00 28 87 25 f0 e1 a3 09 91 4a d9 df 10 84 00 00 00 03 5c 9d 80 00 00 f2 94 90 f9 2c f4 f7 b7 fd fd c8 04 02 80",""
375,1889,"PACKET","IN",207,41,"PlayerSync","id=207 bytes=41","cf 29 00 00 00 18 a7 68 30 dd 15 49 d1 7b 67 1f 10 84 00 00 00 00 88 e3 c0 00 02 05 45 08 e8 9b d5 b9 33 fd fd 0e 05 02 16",""
376,1889,"PACKET","IN",207,35,"PlayerSync","id=207 bytes=35","cf 3d 00 00 00 32 67 a8 30 d0 79 49 91 7b 67 1f 10 84 00 00 00 00 e6 f1 c0 00 00 00 00 00 01 28 00 04 11",""
377,1889,"PACKET","IN",207,35,"PlayerSync","id=207 bytes=35","cf 51 00 00 00 1b 0a e3 30 cf a8 49 91 58 dd 9e 90 84 00 00 00 01 37 17 c0 00 00 00 00 00 01 28 00 04 11",""
378,1889,"PACKET","IN",207,35,"PlayerSync","id=207 bytes=35","cf 54 00 00 00 05 77 63 70 c5 21 c9 91 65 24 1e 90 80 00 00 00 00 12 8e c0 00 00 00 00 00 01 a5 04 04 80",""
379,1890,"PACKET","IN",200,44,"VehicleSync","id=200 bytes=44","c8 55 00 46 00 00 00 00 00 08 00 27 a0 0d d0 15 69 fa 2c 28 fc 3d b3 72 44 56 b2 d7 a4 24 52 bb 43 e8 bf dc 99 86 07 dd 50 3f 00 00",""
380,1890,"PACKET","IN",207,35,"PlayerSync","id=207 bytes=35","cf 5b 00 00 00 0e fc 66 b0 e8 7d 89 91 7b 67 1f 10 84 00 00 00 01 0a e2 00 00 00 00 00 00 01 a5 04 e8 80",""
381,1890,"PACKET","IN",207,41,"PlayerSync","id=207 bytes=41","cf 92 00 00 00 19 4b 23 30 dd 99 49 91 73 1f 1e 90 84 00 00 00 02 9b 21 c0 00 01 af 4e 44 e5 16 75 90 0f fd fd a5 04 04 80",""
382,1915,"PACKET","IN",207,35,"PlayerSync","id=207 bytes=35","cf 02 00 00 00 2d a2 e3 70 ee 9a 89 91 77 a3 1e 90 80 00 00 00 00 8a aa c0 00 00 00 00 00 01 28 00 04 11",""
383,1915,"PACKET","IN",207,35,"PlayerSync","id=207 bytes=35","cf 4d 00 00 00 02 00 23 30 e6 e4 09 91 70 1e 9e 90 84 00 00 00 03 da d0 80 00 00 00 00 00 01 a5 04 04 80",""
384,1915,"PACKET","IN",207,45,"PlayerSync","id=207 bytes=45","cf 60 00 90 80 61 7f c0 00 0f c2 29 b0 ec 3c 89 91 65 17 5f 10 84 00 00 00 02 68 8d c0 00 00 63 a2 b4 f7 05 6f 07 eb fd fd ac 04 64 80",""
385,1915,"PACKET","IN",200,44,"VehicleSync","id=200 bytes=44","c8 55 00 46 00 00 00 00 00 08 00 64 20 0d f0 12 5a 2d 73 98 fc 31 a3 b2 44 58 01 77 a4 2a d6 2b a3 ec 7f d9 49 78 67 dd 50 3f 00 00",""
386,1938,"PACKET","IN",207,45,"PlayerSync","id=207 bytes=45","cf 60 00 90 80 61 7f c0 00 21 82 e9 b0 c7 bd 09 91 58 d6 9f 10 84 00 00 00 02 0c 89 c0 00 01 8c c2 a4 f6 f5 70 2f ef fd fd ac 04 64 80",""
387,1939,"PACKET","IN",207,41,"PlayerSync","id=207 bytes=41","cf 7e 00 00 00 0e db a8 30 da c5 4a 91 40 30 1e 90 80 00 00 00 02 7d db 94 00 01 59 57 54 ef 80 5b dc db fd fd d2 04 64 80",""
388,1968,"PACKET","IN",207,45,"PlayerSync","id=207 bytes=45","cf 60 00 90 80 61 7f c0 00 26 43 a9 b0 e0 7d 49 91 4f 15 df 10 84 00 00 00 01 c8 85 c0 00 01 1b 6e 98 f7 31 75 5f ef fd fd ac 04 64 80",""
389,1968,"PACKET","IN",207,35,"PlayerSync","id=207 bytes=35","cf 1f 00 00 00 26 a3 e3 70 c2 1d 89 91 42 a3 5e 90 80 00 00 00 02 c2 27 00 00 00 00 00 00 01 28 00 04 11",""
390,1969,"PACKET","IN",207,35,"PlayerSync","id=207 bytes=35","cf 27 00 00 00 33 42 a6 f0 cc 4f c9 d1 7b 67 1f 10 84 00 00 00 02 9e de 80 00 00 00 00 00 01 a8 04 04 18",""
391,1969,"PACKET","IN",207,41,"PlayerSync","id=207 bytes=41","cf 29 00 00 00 39 e7 28 30 de d5 49 d1 7b 67 1f 10 84 00 00 00 00 88 e3 c0 00 02 7a bb 24 ea bf cf 12 db fd fd 0e 05 02 16",""
392,1992,"PACKET","IN",207,45,"PlayerSync","id=207 bytes=45","cf 60 00 90 80 61 7f c0 00 32 c4 69 b0 ff bd 89 91 72 94 df 10 84 00 00 00 01 a0 81 c0 00 03 bd 32 90 f7 59 7a 83 ef fd fd ac 04 64 80",""
393,1992,"PACKET","IN",207,45,"PlayerSync","id=207 bytes=45","cf 60 00 90 80 61 7f c0 00 18 85 29 b0 cf 7e 09 91 77 54 1f 10 84 00 00 00 01 24 7d c0 00 01 c4 8e 7c f7 65 7f 93 ef fd fd ac 04 64 80",""
394,1993,"PACKET","IN",207,43,"PlayerSync","id=207 bytes=43","cf 85 00 60 3f c2 00 0e 49 65 f0 c2 66 89 91 7a a3 1f 10 80 00 00 00 01 2c 79 80 00 03 0f d0 ec fa f6 47 0b fb fd fd c8 04 02 80",""
395,1993,"PACKET","IN",207,41,"PlayerSync","id=207 bytes=41","cf 92 00 00 00 17 0b 23 30 dc 19 49 91 73 1f 1e 90 84 00 00 00 02 9b 21 c0 00 01 2e 68 64 e5 16 75 90 0f fd fd a5 04 04 80",""
396,2022,"PACKET","IN",200,44,"VehicleSync","id=200 bytes=44","c8 55 00 46 00 00 00 00 00 08 00 67 50 0c 20 11 1a 4b 16 18 ec 30 54 02 44 57 af 67 94 2a 40 ac 43 ef 7f d9 19 69 c7 dd 50 3f 00 00",""
397,2023,"PACKET","IN",207,35,"PlayerSync","id=207 bytes=35","cf 1c 00 00 00 2d 1d 28 30 f6 cc c9 d1 7b 67 1f 10 84 00 00 00 00 65 93 00 00 00 00 00 00 01 28 00 04 11",""
398,2023,"PACKET","IN",207,45,"PlayerSync","id=207 bytes=45","cf 60 00 90 00 61 7f c0 00 21 c5 a9 b0 d3 fe 49 91 53 93 9f 10 84 00 00 00 01 30 7d c0 00 00 20 8a 74 f7 c5 80 b3 f3 fd fd ac 04 64 80",""
399,2053,"PACKET","IN",207,41,"PlayerSync","id=207 bytes=41","cf 29 00 00 00 35 66 e8 30 e4 d5 49 d1 7b 67 1f 10 84 00 00 00 00 88 e3 c0 00 01 dc 52 00 ed a3 91 83 3f fd fd 0e 05 02 16",""
400,2053,"PACKET","IN",207,41,"PlayerSync","id=207 bytes=41","cf 7e 00 00 00 1e 5c 68 30 c8 c5 4a 91 40 30 1e 90 80 00 00 00 02 7d db 94 00 00 c0 cb cc ef 80 5b dc db fd fd d2 04 64 80",""
401,2054,"PACKET","IN",207,45,"PlayerSync","id=207 bytes=45","cf 60 00 8f 80 61 7f c0 00 16 c6 69 b0 ee 7e 89 91 7b 12 9f 10 84 00 00 00 01 d8 7d c0 00 03 bf 9a 54 f7 bd 80 af f3 fd fd ac 04 64 80",""
402,2054,"PACKET","IN",207,45,"PlayerSync","id=207 bytes=45","cf 60 00 8f 00 61 3f c0 00 39 c6 e9 b0 ff 7e c9 91 79 d1 df 10 84 00 00 00 02 5c 7d c0 00 01 0a 16 60 f7 15 80 83 f3 fd fd ac 04 64 80",""
403,2054,"PACKET","IN",207,43,"PlayerSync","id=207 bytes=43","cf 85 00 60 3f c2 00 2f 85 25 f0 e3 a8 89 91 7b 67 1f 10 80 00 00 00 01 2c 79 80 00 03 66 d4 7c f8 52 79 a7 f3 fd fd c8 04 02 80",""
404,2077,"PACKET","IN",200,44,"VehicleSync","id=200 bytes=44","c8 55 00 46 00 00 00 00 00 08 00 60 b0 09 00 1a 5a 49 fb 88 dc 3c 14 32 44 5b 1d c7 94 2a 72 6c b3 e0 9f e2 e9 69 57 dd 50 3f 00 00",""
405,2078,"PACKET","IN",207,35,"PlayerSync","id=207 bytes=35","cf 76 00 00 00 0e 87 a2 f0 c1 28 c9 91 5a 1c 1e 90 84 00 00 00 03 6c 9f 40 00 00 00 00 00 01 28 00 04 11",""
406,2079,"RPC","IN",105,7,"TextDrawSetString","id=105 bytes=7","26 08 03 00 31 30 30",""
407,2079,"RPC","IN",105,5,"TextDrawSetString","id=105 bytes=5","27 08 01 00 30",""
408,2079,"RPC","IN",105,6,"TextDrawSetString","id=105 bytes=6","28 08 02 00 34 38",""
409,2079,"RPC","IN",105,5,"TextDrawSetString","id=105 bytes=5","29 08 01 00 37",""
410,2079,"RPC","IN",105,7,"TextDrawSetString","id=105 bytes=7","2a 08 03 00 31 30 30",""
411,2079,"PACKET","IN",207,41,"PlayerSync","id=207 bytes=41","cf 92 00 00 00 15 8b 23 30 db 99 49 91 73 1f 1e 90 84 00 00 00 02 9b 21 c0 00 00 a2 64 64 e5 16 75 90 0f fd fd a5 04 04 80",""
412,2094,"PACKET","OUT",203,32,"AimSync","id=203 bytes=32","cb 00 00 00 39 05 00 00 00 00 00 00 00 00 00 00 00 40 01 00 00 00 80 3f 00 00 f3 04 b5 3f 39 05",""
413,2111,"RPC","IN",87,2,"ClearPlayerAnimation","id=87 bytes=2","46 00",""
414,2111,"RPC","IN",86,29,"ApplyPlayerAnimation","id=86 bytes=29","46 00 05 43 41 52 52 59 0b 63 72 72 79 5f 70 72 74 69 61 6c 33 33 83 40 00 00 00 00 00",""
415,2112,"PACKET","IN",207,41,"PlayerSync","id=207 bytes=41","cf 29 00 00 00 14 66 a8 30 e9 d5 49 d1 7b 67 1f 10 84 00 00 00 00 88 e3 c0 00 02 50 f9 cc ef d7 ff 61 f3 fd fd 0e 05 02 16",""
416,2112,"PACKET","IN",203,34,"AimSync","id=203 bytes=34","cb 29 00 04 77 02 6d bf 59 a6 51 be 7b ab a2 be 6c 59 9f c3 88 5e 27 45 86 3a 81 42 00 00 00 00 3f 06",""
417,2112,"PACKET","IN",207,45,"PlayerSync","id=207 bytes=45","cf 60 00 8f 00 61 3f c0 00 1a 48 69 b0 f0 bf 89 91 50 90 5f 10 84 00 00 00 03 08 75 c0 00 01 46 c2 98 f6 3d 85 4f f3 fd fd ac 04 64 80",""
418,2112,"PACKET","IN",207,41,"PlayerSync","id=207 bytes=41","cf 7e 00 00 00 3b 1e a8 30 d4 85 0a 91 40 30 1e 90 80 00 00 00 02 7d db 94 00 00 37 36 e0 f3 80 5b dc db fd fd d2 04 64 80",""
419,2112,"PACKET","IN",207,43,"PlayerSync","id=207 bytes=43","cf 85 00 60 3f c0 00 0b 41 a5 f0 c5 aa 89 91 7b 67 1f 10 80 00 00 00 01 2c 79 80 00 02 33 d8 a8 f8 52 79 a7 f3 fd fd c8 04 02 80",""
420,2113,"PACKET","IN",207,35,"PlayerSync","id=207 bytes=35","cf 97 00 00 00 3d e7 a8 30 e5 89 c9 d1 7b 67 1f 10 84 00 00 00 00 0f 03 e8 00 00 00 00 00 01 a5 04 e8 80",""
421,2136,"PACKET","IN",207,45,"PlayerSync","id=207 bytes=45","cf 60 00 8f 00 61 3f c0 00 31 89 29 b0 e1 c0 09 d1 7b 8f 1f 10 84 00 00 00 03 20 71 c0 00 02 4f a2 cc f5 c1 8a 27 f3 fd fd ac 04 64 80",""
422,2137,"RPC","IN",99,42,"MoveObject","id=99 bytes=42","a0 00 f8 e3 a1 c3 d7 9b 26 45 53 c5 7d 42 f8 e3 a1 c3 d7 9b 26 45 ed 5e 7b 42 00 00 80 3e 00 00 00 00 00 00 00 00 08 cc 84 43",""
423,2137,"RPC","IN",122,2,"StopObject","id=122 bytes=2","a0 00",""
424,2137,"RPC","IN",99,42,"MoveObject","id=99 bytes=42","a0 00 f8 e3 a1 c3 d7 9b 26 45 53 c5 7d 42 f8 e3 a1 c3 d7 9b 26 45 53 c5 7d 42 00 00 80 3e 00 00 00 00 00 00 00 00 08 cc 84 43",""
425,2137,"RPC","IN",122,2,"StopObject","id=122 bytes=2","a0 00",""
426,2137,"RPC","IN",99,42,"MoveObject","id=99 bytes=42","a0 00 f8 e3 a1 c3 d7 9b 26 45 53 c5 7d 42 f8 e3 a1 c3 d7 9b 26 45 ed 5e 7b 42 00 00 80 3e 00 00 00 00 00 00 00 00 08 cc 84 43",""
427,2137,"RPC","IN",122,2,"StopObject","id=122 bytes=2","a0 00",""
428,2137,"RPC","IN",99,42,"MoveObject","id=99 bytes=42","a0 00 f8 e3 a1 c3 d7 9b 26 45 53 c5 7d 42 f8 e3 a1 c3 d7 9b 26 45 53 c5 7d 42 00 00 80 3e 00 00 00 00 00 00 00 00 08 cc 84 43",""
429,2138,"RPC","IN",122,2,"StopObject","id=122 bytes=2","a0 00",""
430,2138,"RPC","IN",99,42,"MoveObject","id=99 bytes=42","a0 00 f8 e3 a1 c3 d7 9b 26 45 53 c5 7d 42 f8 e3 a1 c3 d7 9b 26 45 ed 5e 7b 42 00 00 80 3e 00 00 00 00 00 00 00 00 08 cc 84 43",""
431,2138,"RPC","IN",122,2,"StopObject","id=122 bytes=2","a0 00",""
432,2138,"RPC","IN",99,42,"MoveObject","id=99 bytes=42","a0 00 f8 e3 a1 c3 d7 9b 26 45 53 c5 7d 42 f8 e3 a1 c3 d7 9b 26 45 53 c5 7d 42 00 00 80 3e 00 00 00 00 00 00 00 00 08 cc 84 43",""
433,2138,"RPC","IN",122,2,"StopObject","id=122 bytes=2","a0 00",""
434,2138,"RPC","IN",99,42,"MoveObject","id=99 bytes=42","a0 00 f8 e3 a1 c3 d7 9b 26 45 53 c5 7d 42 f8 e3 a1 c3 d7 9b 26 45 ed 5e 7b 42 00 00 80 3e 00 00 00 00 00 00 00 00 08 cc 84 43",""
435,2138,"RPC","IN",122,2,"StopObject","id=122 bytes=2","a0 00",""
436,2138,"RPC","IN",99,42,"MoveObject","id=99 bytes=42","a0 00 f8 e3 a1 c3 d7 9b 26 45 53 c5 7d 42 f8 e3 a1 c3 d7 9b 26 45 53 c5 7d 42 00 00 80 3e 00 00 00 00 00 00 00 00 08 cc 84 43",""
437,2138,"RPC","IN",122,2,"StopObject","id=122 bytes=2","a0 00",""
438,2138,"RPC","IN",99,42,"MoveObject","id=99 bytes=42","a0 00 f8 e3 a1 c3 d7 9b 26 45 53 c5 7d 42 f8 e3 a1 c3 d7 9b 26 45 ed 5e 7b 42 00 00 80 3e 00 00 00 00 00 00 00 00 08 cc 84 43",""
439,2138,"RPC","IN",122,2,"StopObject","id=122 bytes=2","a0 00",""
440,2138,"RPC","IN",99,42,"MoveObject","id=99 bytes=42","a0 00 f8 e3 a1 c3 d7 9b 26 45 53 c5 7d 42 f8 e3 a1 c3 d7 9b 26 45 53 c5 7d 42 00 00 80 3e 00 00 00 00 00 00 00 00 08 cc 84 43",""
441,2139,"PACKET","OUT",207,69,"PlayerSync","id=207 bytes=69","cf 00 00 00 00 00 00 73 61 95 c3 e9 46 26 45 82 99 7b 42 03 3f bf 3e 00 00 00 00 00 00 00 00 71 78 6d 3f 64 00 04 00 00 00 00 00 00 00 00 00 00 00 00 00 00 00 00 00 00 00 00 00 00 00 00 00 00 00 a5 04 04 80",""
442,2164,"PACKET","IN",200,44,"VehicleSync","id=200 bytes=44","c8 55 00 46 00 00 00 00 00 08 00 29 d0 05 d0 1e 8a 44 50 98 dc 39 64 72 44 57 3c 17 94 2c 12 9d 03 e1 2f ef 79 58 87 dd 50 3f 00 00",""
443,2164,"PACKET","IN",207,41,"PlayerSync","id=207 bytes=41","cf 29 00 00 00 02 a6 28 30 e9 95 49 d1 7b 67 1f 10 84 00 00 00 00 88 e3 c0 00 02 cb b2 88 ef f7 fe d5 fb fd fd 0e 05 02 16",""
444,2188,"PACKET","IN",207,45,"PlayerSync","id=207 bytes=45","cf 60 00 8e 80 61 3f c0 00 0e 8a e9 b0 c7 81 09 d1 7c 8c df 10 84 00 00 00 02 b4 6d c0 00 03 06 9f 10 f5 d1 93 ff f3 fd fd ac 04 64 80",""
445,2188,"PACKET","IN",207,41,"PlayerSync","id=207 bytes=41","cf 7e 00 00 00 08 20 28 30 f7 c4 ca 91 40 30 1e 90 80 00 00 00 02 7d db 94 00 01 18 9d b0 f0 7b a4 1f 27 fd fd d2 04 64 80",""
446,2212,"PACKET","IN",207,43,"PlayerSync","id=207 bytes=43","cf 85 00 60 3f c0 00 2c 3e a5 b0 c1 ac 09 91 7b 67 1f 10 80 00 00 00 01 2c 79 80 00 02 8b 42 78 f4 52 79 a7 f3 fd fd c8 04 02 80",""
447,2213,"RPC","IN",24,18,"SetVehicleParamsEx","id=24 bytes=18","3b 00 00 00 ff 00 ff 00 ff ff ff ff ff ff ff ff ff ff",""
448,2213,"RPC","IN",86,32,"ApplyPlayerAnimation","id=86 bytes=32","7e 00 07 57 45 41 50 4f 4e 53 0c 53 48 50 5f 41 72 5f 52 65 74 5f 53 33 33 83 40 60 00 00 00 00",""
449,2213,"PACKET","IN",207,45,"PlayerSync","id=207 bytes=45","cf 60 00 8e 80 61 3f c0 00 1c 4b a9 b0 fc 41 49 d1 56 0b df 10 84 00 00 00 02 64 69 c0 00 02 ee 9f 10 f5 ed 90 07 f7 fd fd ac 04 64 80",""
450,2213,"PACKET","IN",207,41,"PlayerSync","id=207 bytes=41","cf 7e 00 00 00 8f 1f a8 30 c2 45 0a 91 40 30 1e 90 80 00 00 00 02 7d db 94 00 01 04 ce 4c f0 7b a4 1f 27 fd fd d2 04 64 80",""
451,2236,"PACKET","IN",207,35,"PlayerSync","id=207 bytes=35","cf 92 00 00 00 15 4b 23 30 db 99 49 91 73 1f 1e 90 84 00 00 00 02 9b 21 c0 00 00 00 00 00 01 a5 04 04 80",""
452,2236,"PACKET","IN",207,35,"PlayerSync","id=207 bytes=35","cf 46 00 02 00 2c 6b a2 f0 e4 28 c9 91 41 1d de 90 80 00 00 00 00 00 03 c0 00 00 00 00 00 01 a5 04 e8 80",""
453,2237,"PACKET","IN",203,34,"AimSync","id=203 bytes=34","cb 46 00 04 c6 d7 38 bc 1c ec 77 3f 04 f1 7e be ac ab 8b c3 35 83 26 45 c4 f1 7e 42 00 00 00 00 23 37",""
454,2237,"PACKET","IN",207,45,"PlayerSync","id=207 bytes=45","cf 60 00 8e 80 61 3f c0 00 2c 8c 69 b0 f7 81 c9 d1 5a 4a 9f 10 84 00 00 00 02 20 65 c0 00 02 47 d3 04 f6 2d 94 ef f7 fd fd ac 04 64 80",""
455,2263,"PACKET","IN",207,41,"PlayerSync","id=207 bytes=41","cf 29 00 00 00 25 a5 68 30 e9 d5 49 d1 7b 67 1f 10 84 00 00 00 00 88 e3 c0 00 01 60 2e f4 ef d3 fd 16 0f fd fd 0e 05 02 16",""
456,2264,"PACKET","IN",207,35,"PlayerSync","id=207 bytes=35","cf 46 00 00 00 2c 6b a2 f0 e4 28 c9 91 41 1d de 90 80 00 00 00 00 00 03 c0 00 00 00 00 00 01 ad 04 08 80",""
457,2264,"PACKET","IN",207,39,"PlayerSync","id=207 bytes=39","cf 1a 00 f5 7f c0 40 00 00 27 63 6c 70 c6 87 89 d1 77 87 a0 50 80 00 00 00 01 a9 05 80 00 00 00 00 00 01 c8 04 04 80",""
458,2264,"PACKET","IN",203,34,"AimSync","id=203 bytes=34","cb 1a 00 04 ab 84 78 3f 15 80 55 3e f4 69 f3 bd 28 9f b2 c3 c2 16 27 45 03 d8 82 42 00 00 00 00 3f 36",""
459,2264,"PACKET","IN",207,45,"PlayerSync","id=207 bytes=45","cf 60 00 8e 00 61 3f c0 00 0e 0d 29 b0 db 42 49 d1 57 09 9f 10 84 00 00 00 01 68 65 c0 00 01 f6 1e f8 f6 5d 99 cf f7 fd fd ac 04 64 80",""
460,2264,"PACKET","IN",207,35,"PlayerSync","id=207 bytes=35","cf 63 00 00 00 35 23 63 70 dd 23 09 91 54 21 9e 90 80 00 00 00 02 22 63 80 00 00 00 00 00 01 28 00 04 11",""
461,2265,"PACKET","OUT",205,9,"UNKNOWN_PACKET","id=205 bytes=9","cd b8 4a 04 00 00 00 00 00",""
462,2288,"PACKET","IN",207,45,"PlayerSync","id=207 bytes=45","cf 1a 00 eb ff ff ff c0 00 38 e2 ec 70 de c7 89 d1 5d 87 60 50 80 00 00 00 03 2c cd 80 00 01 e2 e4 14 f4 fa fd 1f bf fd fd c8 04 04 80",""
463,2288,"PACKET","IN",200,44,"VehicleSync","id=200 bytes=44","c8 55 00 46 00 05 00 00 00 08 00 23 00 12 80 11 2a 53 a7 38 cc 3c e4 a2 44 5c 9a 97 94 2b 31 dd 43 e2 7f e7 a9 58 17 dd 50 3f 00 00",""
464,2288,"PACKET","IN",207,45,"PlayerSync","id=207 bytes=45","cf 60 00 8d 80 60 ff c0 00 1e 8d e9 b0 dc c2 c9 d1 45 88 5f 10 84 00 00 00 02 5c 65 c0 00 02 de 86 e4 f7 11 99 f3 f7 fd fd ac 04 64 80",""
465,2289,"PACKET","IN",207,35,"PlayerSync","id=207 bytes=35","cf 7c 00 00 00 35 a2 e2 70 da 28 89 91 5f 9d de 90 80 00 00 00 01 98 6a 40 00 00 00 00 00 01 28 00 04 11",""
466,2289,"PACKET","IN",207,35,"PlayerSync","id=207 bytes=35","cf 70 00 00 00 2a a3 e3 70 fe e5 c9 91 41 e3 5e 90 80 00 00 00 03 5b 53 00 00 00 00 00 00 01 28 00 04 11",""
467,2314,"PACKET","IN",207,45,"PlayerSync","id=207 bytes=45","cf 1a 00 e0 ff fe 7f c0 00 1e a2 6c 70 d3 47 c9 d1 78 06 a0 50 80 00 00 00 00 84 61 80 00 01 4f 7c 14 f6 66 95 67 eb fd fd c8 04 04 80",""
468,2314,"PACKET","IN",200,44,"VehicleSync","id=200 bytes=44","c8 55 00 46 00 00 00 00 00 08 00 2c 70 1a 50 08 ea 5f 76 78 bc 35 85 02 44 55 17 f7 94 28 4c 7d a3 e4 3f ed 39 47 c7 dd 50 3f 00 00",""
469,2314,"PACKET","IN",207,45,"PlayerSync","id=207 bytes=45","cf 60 00 8d 00 60 ff c0 00 3b 0e 69 b0 fd 03 09 d1 4b 87 5f 10 84 00 00 00 01 3c 65 c0 00 02 cd d2 dc f6 21 99 bf f7 fd fd ac 04 64 80",""
470,2314,"PACKET","IN",207,41,"PlayerSync","id=207 bytes=41","cf 7e 00 00 00 8c 1e 68 30 de 45 0a 91 40 30 1e 90 80 00 00 00 02 7d db 94 00 00 34 cf cc ef 80 5b dc db fd fd d2 04 64 80",""
471,2315,"PACKET","IN",207,43,"PlayerSync","id=207 bytes=43","cf 85 00 60 3f c0 00 31 3b 25 b0 ce 6d c9 91 6c 24 9f 10 80 00 00 00 01 2c 79 80 00 03 d9 c2 d8 f4 52 79 a7 f3 fd fd c8 04 02 80",""
472,2315,"PACKET","IN",207,41,"PlayerSync","id=207 bytes=41","cf 29 00 00 00 3f 24 a8 30 ea d5 49 d1 7b 67 1f 10 84 00 00 00 00 88 e3 c0 00 03 a8 42 e0 ef 63 fc c2 1b fd fd 0e 05 02 16",""
473,2315,"PACKET","IN",207,45,"PlayerSync","id=207 bytes=45","cf 60 00 8d 80 60 ff c0 00 0c 0f 29 b0 d7 43 89 d1 60 86 5f 10 84 00 00 00 01 9c 5d c0 00 00 82 02 d4 f7 3d 99 fb f7 fd fd ac 04 64 80",""
474,2339,"PACKET","IN",207,35,"PlayerSync","id=207 bytes=35","cf 46 00 00 00 2c 6b a2 f0 f5 28 c9 91 41 1d de 90 80 00 00 00 00 00 03 c0 00 01 80 12 a4 b9 ad 04 08 80",""
475,2339,"PACKET","IN",207,45,"PlayerSync","id=207 bytes=45","cf 85 00 c0 00 60 3f c0 00 07 7a 65 b0 c7 2e 49 91 6c 24 9f 10 80 00 00 00 01 50 e9 80 00 02 70 ce 48 f4 52 79 a7 f3 fd fd c8 04 02 80",""
476,2339,"PACKET","IN",207,45,"PlayerSync","id=207 bytes=45","cf 1a 00 df 7f fe 7f c0 00 34 62 2c 70 ef 07 c9 d1 6e 86 60 50 80 00 00 00 00 44 29 80 00 00 4f d4 14 f4 16 62 e3 f7 fd fd c8 04 04 80",""
477,2339,"PACKET","IN",207,45,"PlayerSync","id=207 bytes=45","cf 60 00 8c 80 60 ff c0 00 05 8f a9 b0 e9 43 c9 d1 45 05 9f 10 84 00 00 00 01 f4 61 c0 00 01 83 66 cc f6 c5 a3 6f f7 fd fd ac 04 64 80",""
478,2340,"PACKET","IN",207,41,"PlayerSync","id=207 bytes=41","cf 92 00 00 00 1b cb 23 30 df 59 49 91 73 1f 1e 90 84 00 00 00 02 9b 21 c0 00 02 56 64 64 ea e5 8a 6b f3 fd fd a5 04 04 80",""
479,2340,"PACKET","IN",203,34,"AimSync","id=203 bytes=34","cb 92 00 04 bd a4 c5 be 6d c2 6a 3f 37 40 cd bd 34 d2 8b c3 ab 4a 26 45 6a 9e 7d 42 00 00 00 00 3f 37",""
480,2370,"PACKET","IN",207,35,"PlayerSync","id=207 bytes=35","cf 3d 00 00 00 32 67 a8 30 d0 79 49 91 7b 67 1f 10 84 00 00 00 00 e6 f1 c0 00 00 00 00 00 01 28 00 04 11",""
481,2370,"PACKET","IN",207,45,"PlayerSync","id=207 bytes=45","cf 1a 00 de ff fe 3f c0 00 29 e2 2c 70 e7 c8 09 d1 72 05 e0 50 84 00 00 00 01 68 35 80 00 03 d4 84 18 f6 65 ef af ff fd fd c8 04 04 80",""
482,2370,"PACKET","IN",207,45,"PlayerSync","id=207 bytes=45","cf 60 00 8c 80 60 ff c0 00 1b d0 29 b0 ca 04 49 d1 46 04 9f 10 84 00 00 00 02 e0 5d c0 00 01 3f 72 b8 f6 79 9e 9f f7 fd fd ac 04 64 80",""
483,2371,"PACKET","IN",207,45,"PlayerSync","id=207 bytes=45","cf 1a 00 dd ff fe 3f c0 00 01 22 6c 70 c3 88 49 d1 7f 45 a0 50 84 00 00 00 01 ac 39 80 00 00 5c bc 18 f6 a5 c9 33 ff fd fd c8 04 04 80",""
484,2371,"PACKET","IN",207,41,"PlayerSync","id=207 bytes=41","cf 7e 00 00 00 3d 9e e8 30 ce c5 0a 91 40 30 1e 90 80 00 00 00 02 7d db 94 00 00 b4 cf cc ef 80 5b dc db fd fd d2 04 64 80",""
485,2394,"PACKET","IN",207,35,"PlayerSync","id=207 bytes=35","cf 0b 00 00 00 26 cb 68 30 e8 bd c9 91 7b 67 1f 10 84 00 00 00 02 2e 5f c0 00 00 00 00 00 01 28 00 04 11",""
486,2395,"PACKET","IN",203,34,"AimSync","id=203 bytes=34","cb 0b 00 04 fa 1f 37 bf e4 98 2a bf ae 53 57 be 2f ed 9e c3 f2 1c 27 45 6b fa 80 42 00 00 00 00 3f 36",""
487,2395,"PACKET","IN",207,41,"PlayerSync","id=207 bytes=41","cf 29 00 00 00 2a e4 28 30 f2 95 49 d1 7b 67 1f 10 84 00 00 00 00 88 e3 c0 00 00 9a e7 38 ef 67 8c 53 43 fd fd 0e 05 02 16",""
488,2395,"PACKET","IN",207,35,"PlayerSync","id=207 bytes=35","cf 53 00 00 00 23 e6 e8 30 e9 d8 09 d1 7a e7 1f 10 84 00 00 00 02 ba 42 c0 00 00 00 00 00 01 a5 04 04 80",""
489,2396,"PACKET","IN",200,44,"VehicleSync","id=200 bytes=44","c8 55 00 46 00 00 00 00 00 08 00 2d f0 18 30 0d 8a 55 47 48 ac 34 e5 52 44 5a a5 87 94 2a 8a de 03 e5 3f e7 29 47 f7 dd 50 3f 00 00",""
490,2396,"PACKET","IN",207,45,"PlayerSync","id=207 bytes=45","cf 60 00 8c 80 60 ff c0 00 37 10 a9 b0 f1 44 89 d1 73 03 5f 10 84 00 00 00 03 3c 59 c0 00 03 7b a6 a8 f5 81 a3 33 f7 fd fd ac 04 64 80",""
491,2396,"RPC","IN",24,18,"SetVehicleParamsEx","id=24 bytes=18","3b 00 00 00 ff 00 ff 00 ff ff ff ff ff ff ff ff ff ff",""
492,2420,"PACKET","IN",207,45,"PlayerSync","id=207 bytes=45","cf 1a 00 dc ff fd bf c0 00 1a a2 6c 70 df c8 49 d1 4c 05 a0 50 84 00 00 00 00 0c 31 80 00 00 55 e8 1c f6 65 c4 bf ff fd fd c8 04 04 80",""
493,2420,"PACKET","IN",207,35,"PlayerSync","id=207 bytes=35","cf 2d 00 00 00 3c 58 68 30 c1 50 49 d1 7b 67 1f 10 84 00 00 00 02 aa b3 c0 00 00 00 00 00 01 28 00 04 11",""
494,2420,"PACKET","IN",207,35,"PlayerSync","id=207 bytes=35","cf 46 00 00 00 2c 6b a2 f0 f5 28 c9 91 41 1d de 90 80 00 00 00 00 00 03 c0 00 00 00 00 00 01 ad 04 08 80",""
495,2421,"PACKET","IN",207,35,"PlayerSync","id=207 bytes=35","cf 54 00 00 00 05 77 63 70 c5 21 c9 91 65 24 1e 90 80 00 00 00 00 12 8e c0 00 00 00 00 00 01 a5 04 04 80",""
496,2421,"PACKET","IN",207,45,"PlayerSync","id=207 bytes=45","cf 60 00 8c 80 60 ff c0 00 00 51 69 b0 d0 85 09 d1 72 02 5f 10 84 00 00 00 03 60 55 c0 00 01 8e a2 98 f5 1d a7 db f7 fd fd ac 04 64 80",""
497,2421,"PACKET","IN",207,45,"PlayerSync","id=207 bytes=45","cf 1a 00 db ff fd 7f c0 00 32 e2 6c 70 c0 08 89 d1 50 05 60 50 84 00 00 00 02 5c 2d 80 00 03 82 28 68 f7 fd cd bb ff fd fd c8 04 04 80",""
498,2445,"PACKET","IN",207,45,"PlayerSync","id=207 bytes=45","cf 1a 00 db 7f fd 3f c0 00 0a 62 ac 70 e0 48 89 d1 53 85 20 50 84 00 00 00 00 34 2d 80 00 00 be 28 68 f5 ad d1 e3 ff fd fd c8 04 04 80",""
499,2445,"PACKET","IN",207,43,"PlayerSync","id=207 bytes=43","cf 85 00 60 3f c0 00 39 2d 65 b0 d7 f0 49 91 6c 24 9f 10 80 00 00 00 00 45 51 80 00 03 c2 47 38 f4 4b 8c 2b 47 fd fd c8 04 02 80",""
500,2446,"PACKET","IN",207,35,"PlayerSync","id=207 bytes=35","cf 5b 00 00 00 0e fc 66 b0 e8 7d 89 91 7b 67 1f 10 84 00 00 00 01 0a e2 00 00 00 00 00 00 01 a5 04 e8 80",""
501,2446,"PACKET","IN",207,45,"PlayerSync","id=207 bytes=45","cf 60 00 8c 80 60 ff c0 00 00 91 e9 b0 ed 45 49 d1 75 01 5f 10 84 00 00 00 03 d8 51 c0 00 00 71 ea 7c f4 ed a8 87 fb fd fd ac 04 64 80",""
502,2474,"PACKET","IN",207,45,"PlayerSync","id=207 bytes=45","cf 1a 00 da ff fc 7f c0 00 20 e2 ac 70 c0 c8 c9 d1 56 44 e0 50 84 00 00 00 01 54 1d 80 00 01 36 24 68 f7 d1 d2 13 ff fd fd c8 04 04 80",""
503,2474,"PACKET","IN",200,44,"VehicleSync","id=200 bytes=44","c8 55 00 46 00 00 00 00 00 08 00 2a d0 19 80 0f 2a 55 9b b8 9c 30 65 92 44 53 b3 c7 94 21 81 3e 53 e5 cf e4 59 4b 67 dd 50 3f 00 00",""
504,2475,"PACKET","IN",207,45,"PlayerSync","id=207 bytes=45","cf 60 00 8c 80 60 ff c0 00 3c 12 29 b0 ca 85 c9 d1 73 80 5f 10 84 00 00 00 00 58 51 c0 00 02 1c fa 88 f4 6d ad 1f fb fd fd ac 04 64 80",""
505,2475,"PACKET","IN",207,45,"PlayerSync","id=207 bytes=45","cf 1a 00 da ff fc 7f c0 00 2f a2 ac 70 e1 08 c9 d1 56 c4 a0 50 84 00 00 00 01 88 21 80 00 00 16 0c 68 f6 a9 e3 27 ff fd fd c8 04 04 80",""
506,2475,"PACKET","IN",207,35,"PlayerSync","id=207 bytes=35","cf 4d 00 00 00 02 00 23 30 e6 e4 09 91 70 1e 9e 90 84 00 00 00 03 da d0 80 00 00 00 00 00 01 a5 04 04 80",""
507,2475,"PACKET","IN",207,35,"PlayerSync","id=207 bytes=35","cf 51 00 00 00 1b 0a e3 30 cf a8 49 91 58 dd 9e 90 84 00 00 00 01 37 17 c0 00 00 00 00 00 01 28 00 04 11",""
508,2475,"PACKET","IN",207,45,"PlayerSync","id=207 bytes=45","cf 60 00 8c 80 60 ff c0 00 19 92 a9 b0 d4 46 09 d1 65 bf 9e d0 84 00 00 00 01 00 4d c0 00 02 6c fe 90 f7 e1 ad af fb fd fd ac 04 64 80",""
509,2476,"PACKET","IN",207,35,"PlayerSync","id=207 bytes=35","cf 7e 00 00 00 0e 5f 28 30 cd 45 0a 91 40 30 1e 90 80 00 00 00 02 7d db 94 00 00 00 00 00 01 9f 06 04 16",""
510,2476,"PACKET","IN",207,41,"PlayerSync","id=207 bytes=41","cf 92 00 00 00 1b cb 23 30 e6 d9 49 91 73 1f 1e 90 84 00 00 00 02 9b 21 c0 00 01 64 e2 a0 eb fd ff ff ff fd fd a5 04 04 80",""
511,2476,"RPC","IN",86,27,"ApplyPlayerAnimation","id=86 bytes=27","97 00 07 42 44 5f 46 49 52 45 07 77 61 73 68 5f 75 70 33 33 83 40 80 00 00 00 00",""
512,2501,"PACKET","IN",207,35,"PlayerSync","id=207 bytes=35","cf 02 00 00 00 2d a2 e3 70 ee 9a 89 91 77 a3 1e 90 80 00 00 00 00 8a aa c0 00 00 00 00 00 01 28 00 04 11",""
513,2501,"PACKET","IN",207,45,"PlayerSync","id=207 bytes=45","cf 1a 00 da ff fc 7f c0 00 00 a2 ec 70 c1 89 09 d1 57 84 60 50 84 00 00 00 01 e8 25 80 00 03 56 10 68 f6 79 de e3 ff fd fd c8 04 04 80",""
514,2502,"PACKET","IN",207,35,"PlayerSync","id=207 bytes=35","cf 1f 00 00 00 26 a3 e3 70 c2 1d 89 91 42 a3 5e 90 80 00 00 00 02 c2 27 00 00 00 00 00 00 01 28 00 04 11",""
515,2502,"PACKET","IN",207,45,"PlayerSync","id=207 bytes=45","cf 1a 00 da ff fc 7f c0 00 13 e2 ec 70 e1 c9 09 d1 59 c4 20 50 84 00 00 00 02 78 29 80 00 02 aa 18 68 f6 1d da 97 ff fd fd c8 04 04 80",""
516,2502,"PACKET","IN",207,35,"PlayerSync","id=207 bytes=35","cf 27 00 00 00 33 42 a6 f0 cc 4f c9 d1 7b 67 1f 10 84 00 00 00 02 9e de 80 00 00 00 00 00 01 a8 04 04 18",""
517,2502,"PACKET","IN",207,41,"PlayerSync","id=207 bytes=41","cf 29 00 00 00 31 23 a8 30 f3 d5 49 d1 7b 67 1f 10 84 00 00 00 00 88 e3 c0 00 00 df e4 90 ed bb fc 12 33 fd fd 0e 05 02 16",""
518,2503,"PACKET","IN",207,45,"PlayerSync","id=207 bytes=45","cf 60 00 8c 00 60 ff c0 00 34 52 e9 b0 df 06 49 d1 52 fe de d0 84 00 00 00 02 64 4d c0 00 00 72 2a 70 f7 35 b2 33 fb fd fd ac 04 64 80",""
519,2532,"PACKET","IN",207,45,"PlayerSync","id=207 bytes=45","cf 1a 00 da ff fb ff c0 00 29 62 ec 70 c2 09 49 d1 5c 83 e0 50 84 00 00 00 02 20 21 80 00 02 5e 20 68 f5 8d d6 3b ff fd fd c8 04 04 80",""
520,2532,"PACKET","IN",207,45,"PlayerSync","id=207 bytes=45","cf 60 00 8c 00 60 ff c0 00 26 93 69 b0 fb 46 89 d1 4f fd de d0 84 00 00 00 03 c4 49 c0 00 03 08 42 88 f5 d1 b1 fb fb fd fd ac 04 64 80",""
521,2532,"RPC","IN",87,2,"ClearPlayerAnimation","id=87 bytes=2","70 00",""
522,2532,"RPC","IN",86,29,"ApplyPlayerAnimation","id=86 bytes=29","70 00 05 43 41 52 52 59 0b 63 72 72 79 5f 70 72 74 69 61 6c 33 33 83 40 00 00 00 00 00",""
523,2533,"PACKET","IN",207,41,"PlayerSync","id=207 bytes=41","cf 46 00 00 00 2c 6b a2 f0 ed e8 c9 91 40 28 df 10 80 00 00 00 00 00 03 c0 00 00 47 88 28 fb fd fd 7d fb f3 fd 2a 04 04 80",""
524,2533,"PACKET","IN",207,45,"PlayerSync","id=207 bytes=45","cf 1a 00 da ff fb ff c0 00 37 62 ec 70 dc 09 49 d1 6a 43 a0 50 84 00 00 00 02 f4 25 80 00 03 c8 97 e4 f1 e1 de db ff fd fd c8 04 04 80",""
525,2533,"PACKET","IN",207,45,"PlayerSync","id=207 bytes=45","cf 60 00 8c 00 60 ff c0 00 11 93 e9 b0 d4 c7 09 d1 52 7c de d0 84 00 00 00 00 ac 49 c0 00 02 24 22 bc f4 6d b6 63 fb fd fd ac 04 64 80",""
526,2559,"PACKET","IN",207,45,"PlayerSync","id=207 bytes=45","cf 1a 00 da ff fb 3f c0 00 07 23 2c 70 f6 09 49 d1 78 83 60 50 84 00 00 00 00 78 19 80 00 00 e8 a7 e4 f1 11 da 83 ff fd fd c8 04 04 80",""
527,2559,"PACKET","IN",200,44,"VehicleSync","id=200 bytes=44","c8 55 00 46 00 00 00 00 00 08 00 2a f0 05 e0 00 2a 69 cb c8 8c 31 e5 e2 44 55 b1 f7 94 2b af 0e a3 e6 2f e2 d9 47 27 ed 50 3f 00 00",""
528,2559,"PACKET","IN",207,43,"PlayerSync","id=207 bytes=43","cf 85 00 60 3f c0 00 14 64 e5 b0 d0 f2 89 91 6c 24 9f 10 80 00 00 00 01 2c 79 80 00 02 8e 4f 9c f4 52 79 a7 f3 fd fd c8 04 02 80",""
529,2560,"PACKET","IN",203,34,"AimSync","id=203 bytes=34","cb 85 00 04 ab 90 69 3e 12 80 71 3f 7a b5 76 be 7f f9 96 c3 6f 95 26 45 4a 2c 81 42 00 00 00 00 3f c6",""
530,2560,"PACKET","IN",207,45,"PlayerSync","id=207 bytes=45","cf 1a 00 da ff fa 7f c0 00 11 e3 2c 70 d2 09 89 d1 40 83 60 50 84 00 00 00 02 48 09 80 00 02 19 04 14 f7 85 e7 67 ff fd fd c8 04 04 80",""
531,2560,"PACKET","IN",207,45,"PlayerSync","id=207 bytes=45","cf 60 00 8b 80 60 ff c0 00 09 94 69 b0 fd 87 49 d1 67 3b 9e d0 84 00 00 00 01 dc 49 c0 00 00 61 ee d8 f7 7d b6 d3 fb fd fd ac 04 64 80",""
532,2591,"PACKET","IN",207,45,"PlayerSync","id=207 bytes=45","cf 1a 00 dc 7f f8 3f c0 00 16 a3 2c 70 ef c9 89 d1 43 03 20 50 80 00 00 00 01 b0 2d 80 00 00 e1 b4 38 f5 b1 f7 e3 ff fd fd c8 04 04 80",""
533,2591,"PACKET","IN",207,41,"PlayerSync","id=207 bytes=41","cf 29 00 00 00 27 63 a8 30 f4 95 49 d1 7b 67 1f 10 84 00 00 00 00 88 e3 c0 00 01 43 78 9c eb 10 a6 5b 7b fd fd 0e 05 02 16",""
534,2592,"PACKET","IN",207,41,"PlayerSync","id=207 bytes=41","cf 46 00 00 00 2c 6b a2 f0 e8 a8 c9 91 50 51 df 90 80 00 00 00 00 00 03 c0 00 01 c0 ad f0 f7 fd fd 99 fb f3 fd 2a 04 04 80",""
535,2592,"PACKET","IN",207,45,"PlayerSync","id=207 bytes=45","cf 60 00 8b 80 60 ff c0 00 3f 14 a9 b0 e2 87 c9 d1 47 3a 9e d0 84 00 00 00 02 bc 45 c0 00 00 e2 7e e0 f6 51 b6 ab fb fd fd ac 04 64 80",""
536,2592,"PACKET","IN",207,35,"PlayerSync","id=207 bytes=35","cf 70 00 00 00 2a a3 e3 70 fe e5 c9 91 41 e3 5e 90 80 00 00 00 03 5b 53 00 00 00 00 00 00 01 00 00 00 80",""
537,2592,"PACKET","IN",207,43,"PlayerSync","id=207 bytes=43","cf 85 00 60 3f c0 00 12 61 e5 b0 de f4 09 91 6c 24 9f 10 80 00 00 00 01 2c 79 80 00 01 5b c3 d0 f4 52 79 a7 f3 fd fd c8 04 02 80",""
538,2592,"PACKET","IN",207,41,"PlayerSync","id=207 bytes=41","cf 92 00 00 00 1b cb 23 30 f1 d9 49 91 73 1f 1e 90 84 00 00 00 02 9b 21 c0 00 03 df ef c8 eb fd ff ff ff fd fd a5 04 04 80",""
539,2592,"PACKET","IN",207,35,"PlayerSync","id=207 bytes=35","cf 97 00 00 00 3d e7 a8 30 e5 89 c9 d1 7b 67 1f 10 84 00 00 00 00 0f 03 e8 00 00 00 00 00 01 28 00 04 11",""
540,2620,"PACKET","IN",207,45,"PlayerSync","id=207 bytes=45","cf 1a 00 dd 7f f7 7f c0 00 3f e2 ec 70 cf 89 c9 d1 77 82 a0 50 80 00 00 00 01 5c 41 80 00 02 bf 98 5c f5 a2 2d f3 ff fd fd c8 04 04 80",""
541,2621,"PACKET","IN",207,45,"PlayerSync","id=207 bytes=45","cf 1a 00 dd ff f6 ff c0 00 1d 62 ec 70 f1 09 c9 d1 64 82 60 50 80 00 00 00 03 5c 49 80 00 00 e9 a8 84 f5 3a 43 cf fb fd fd c8 04 04 80",""
542,2621,"PACKET","IN",207,45,"PlayerSync","id=207 bytes=45","cf 60 00 8b 00 60 bf c0 00 09 d5 69 b0 df 48 49 d1 60 b9 1e d0 84 00 00 00 00 ac 49 c0 00 02 35 ea e0 f5 69 bb 1b fb fd fd ac 04 64 80",""
543,2621,"PACKET","IN",203,34,"AimSync","id=203 bytes=34","cb 60 00 04 63 82 9b be 57 0c 73 3f a2 84 a3 bd 29 cd a5 c3 26 ec 26 45 10 69 7f 42 00 00 00 00 3f 36",""
544,2622,"PACKET","OUT",203,32,"AimSync","id=203 bytes=32","cb 00 00 00 39 05 00 00 00 00 00 00 00 00 00 00 00 40 01 00 00 00 80 3f 00 00 f3 04 b5 3f 39 05",""
545,2647,"PACKET","IN",207,45,"PlayerSync","id=207 bytes=45","cf 1a 00 de 7f f6 7f c0 00 33 62 ac 70 d4 4a 09 d1 4b 02 20 50 80 00 00 00 01 54 55 80 00 00 79 e4 a8 f7 26 4a 6f fb fd fd c8 04 04 80",""
546,2647,"PACKET","IN",207,45,"PlayerSync","id=207 bytes=45","cf 60 00 8a 80 60 bf c0 00 0e 15 e9 b0 d3 08 c9 d1 55 77 de d0 84 00 00 00 01 e8 49 c0 00 01 17 4e cc f7 7d b6 d3 fb fd fd ac 04 64 80",""
547,2647,"PACKET","IN",207,45,"PlayerSync","id=207 bytes=45","cf 1a 00 de ff f5 ff c0 00 03 22 ac 70 f8 4a 09 d1 6d 81 a0 50 80 00 00 00 03 38 5d 80 00 02 f7 a8 b4 f5 06 54 df fb fd fd c8 04 04 80",""
548,2648,"PACKET","IN",200,44,"VehicleSync","id=200 bytes=44","c8 55 00 46 00 00 00 00 00 08 00 65 a0 00 70 00 9a 66 2b 58 7c 35 f6 32 44 50 d0 e7 94 28 dc 5f 03 e6 3f e3 39 44 07 fd 50 3f 00 00",""
549,2648,"PACKET","IN",207,35,"PlayerSync","id=207 bytes=35","cf 76 00 00 00 0e 87 a2 f0 c1 28 c9 91 5a 1c 1e 90 84 00 00 00 03 6c 9f 40 00 00 00 00 00 01 28 00 04 11",""
550,2672,"PACKET","IN",207,45,"PlayerSync","id=207 bytes=45","cf 1a 00 df 7f f5 bf c0 00 0c e2 6c 70 dc 4a 49 d1 4e 01 60 50 80 00 00 00 03 94 61 80 00 02 a7 a0 b8 f6 ce 5f 23 f7 fd fd c8 04 04 80",""
551,2672,"PACKET","IN",207,41,"PlayerSync","id=207 bytes=41","cf 29 00 00 00 0a 63 e8 30 f2 d5 49 d1 7b 67 1f 10 84 00 00 00 00 88 e3 c0 00 00 85 6f b8 ea 34 23 fd 47 fd fd 0e 05 02 16",""
552,2672,"PACKET","IN",207,45,"PlayerSync","id=207 bytes=45","cf 60 00 89 80 60 bf c0 00 01 16 69 b0 f5 c9 09 d1 7c 36 9e d0 84 00 00 00 03 1c 4d c0 00 00 72 3e bc f6 45 b6 a7 fb fd fd ac 04 64 80",""
553,2672,"PACKET","IN",207,45,"PlayerSync","id=207 bytes=45","cf 85 00 c0 7f e0 3f c0 00 10 9e a5 b0 ce 35 c9 91 6c 24 9f 10 80 00 00 00 02 e0 09 80 00 01 e5 cc 18 f8 52 79 a7 f3 fd fd c8 04 02 80",""
554,2672,"RPC","IN",24,18,"SetVehicleParamsEx","id=24 bytes=18","3b 00 01 00 ff 00 ff 00 ff ff ff ff ff ff ff ff ff ff",""
555,2672,"RPC","IN",24,18,"SetVehicleParamsEx","id=24 bytes=18","3b 00 01 01 ff 00 ff 00 ff ff ff ff ff ff ff ff ff ff",""
556,2702,"PACKET","IN",207,45,"PlayerSync","id=207 bytes=45","cf 1a 00 e0 7f f5 3f c0 00 14 e2 2c 70 ff ca 49 d1 6f 00 e0 50 80 00 00 00 01 14 71 80 00 03 53 60 b0 f7 1a 62 4f f7 fd fd c8 04 04 80",""
557,2702,"PACKET","IN",207,45,"PlayerSync","id=207 bytes=45","cf 60 00 89 00 60 bf c0 00 29 16 a9 b0 c9 09 89 d1 44 36 1e d0 84 00 00 00 00 70 51 c0 00 03 24 76 b4 f5 1d b1 df fb fd fd ac 04 64 80",""
558,2702,"PACKET","IN",207,35,"PlayerSync","id=207 bytes=35","cf 1c 00 00 00 2d 1d 28 30 f6 cc c9 d1 7b 67 1f 10 84 00 00 00 00 65 93 00 00 00 00 00 00 01 28 00 04 11",""
559,2703,"PACKET","IN",207,41,"PlayerSync","id=207 bytes=41","cf 46 00 00 00 2c 6b a2 f0 e4 68 c9 91 5d 66 df d0 80 00 00 00 00 00 03 c0 00 02 78 0a bc f3 fd fc f9 fb ef fd 2a 04 04 80",""
560,2703,"PACKET","IN",207,45,"PlayerSync","id=207 bytes=45","cf 1a 00 e0 ff f5 3f c0 00 15 a1 ec 70 e2 ca 89 d1 4e c0 a0 50 80 00 00 00 00 34 71 80 00 01 1c 94 ac f4 62 73 7f f3 fd fd c8 04 04 80",""
561,2703,"PACKET","IN",200,44,"VehicleSync","id=200 bytes=44","c8 55 00 46 00 0e 00 00 00 00 00 68 10 01 30 02 ca 6c cd 58 6c 3c 66 72 44 5e b0 57 94 28 6e 8f 23 e7 bf e9 b9 37 47 fd 50 3f 00 00",""
562,2703,"PACKET","IN",203,34,"AimSync","id=203 bytes=34","cb 55 00 12 6e 0b 6c 3f 50 9e 2d 3e 29 28 b2 be 14 7e 8a c3 ca 52 24 45 6e 83 84 42 00 00 00 00 00 44",""
563,2703,"PACKET","IN",207,45,"PlayerSync","id=207 bytes=45","cf 60 00 88 00 60 bf c0 00 18 17 29 b0 e0 89 c9 d1 4f 35 9e d0 84 00 00 00 01 d4 55 c0 00 03 9f da 9c f7 c9 ad ab fb fd fd ac 04 64 80",""
564,2703,"PACKET","IN",207,41,"PlayerSync","id=207 bytes=41","cf 92 00 00 00 1b cb 23 30 fc d9 49 91 73 1f 1e 90 84 00 00 00 02 9b 21 c0 00 03 9c b8 30 ef fd ff ff ff fd fd a5 04 04 80",""
565,2704,"RPC","IN",105,19,"TextDrawSetString","id=105 bytes=19","2f 01 0f 00 30 39 20 41 67 75 73 74 75 73 20 32 30 32 36",""
566,2704,"RPC","IN",105,12,"TextDrawSetString","id=105 bytes=12","30 01 08 00 31 32 3a 30 32 3a 33 35",""
567,2704,"PACKET","OUT",207,69,"PlayerSync","id=207 bytes=69","cf 00 00 00 00 00 00 73 61 95 c3 e9 46 26 45 82 99 7b 42 03 3f bf 3e 00 00 00 00 00 00 00 00 71 78 6d 3f 64 00 04 00 00 00 00 00 00 00 00 00 00 00 00 00 00 00 00 00 00 00 00 00 00 00 00 00 00 00 a5 04 04 80",""
568,2731,"PACKET","IN",207,45,"PlayerSync","id=207 bytes=45","cf 1a 00 e1 ff f4 7f c0 00 16 a1 ac 70 c6 0a c9 d1 6e 00 20 50 80 00 00 00 03 64 81 80 00 01 ec 18 b0 f7 8a 6f af f3 fd fd c8 04 04 80",""
569,2731,"PACKET","IN",207,45,"PlayerSync","id=207 bytes=45","cf 60 00 87 00 60 7f c0 00 0b 57 a9 b0 f5 8a 09 d1 61 35 1e d0 84 00 00 00 03 d0 59 c0 00 00 78 56 98 f6 71 a8 cb fb fd fd ac 04 64 80",""
570,2731,"PACKET","IN",207,45,"PlayerSync","id=207 bytes=45","cf 1a 00 e1 ff f3 ff c0 00 0b e1 6c 70 e9 8a c9 d1 48 bf e0 10 80 00 00 00 01 14 89 80 00 01 88 10 bc f6 4e 83 1f ef fd fd c8 04 04 80",""
571,2756,"PACKET","IN",207,45,"PlayerSync","id=207 bytes=45","cf 1a 00 e2 7f f3 7f c0 00 3c a0 ec 70 cd 8b 09 d1 60 bf 60 10 80 00 00 00 02 9c 91 80 00 01 24 88 cc f7 da 85 a3 ef fd fd c8 04 04 80",""
572,2757,"PACKET","IN",207,45,"PlayerSync","id=207 bytes=45","cf 60 00 86 00 60 7f c0 00 37 57 e9 b0 ff ca 49 d1 45 b4 de d0 84 00 00 00 01 70 61 c0 00 03 41 7a 90 f4 8d a7 c3 f7 fd fd ac 04 64 80",""
573,2786,"PACKET","IN",207,45,"PlayerSync","id=207 bytes=45","cf 1a 00 e2 ff f3 3f c0 00 25 20 ac 70 f2 8b 09 d1 73 7e e0 10 80 00 00 00 03 34 95 80 00 03 ef 90 dc f5 1a 92 ff eb fd fd c8 04 04 80",""
574,2786,"PACKET","IN",207,41,"PlayerSync","id=207 bytes=41","cf 29 00 00 00 0f a4 28 30 ef 55 49 d1 7b 67 1f 10 84 00 00 00 00 88 e3 c0 00 01 ac f7 d8 e8 78 26 35 43 fd fd 0e 05 02 16",""
575,2786,"PACKET","IN",207,41,"PlayerSync","id=207 bytes=41","cf 46 00 00 00 2c 6b a2 f0 e4 28 c9 91 71 ea 5f d0 80 00 00 00 00 00 03 c0 00 00 d0 cc 98 eb fd ff fd ff ff fd 2a 04 04 80",""
576,2787,"PACKET","IN",207,45,"PlayerSync","id=207 bytes=45","cf 60 00 85 80 60 7f c0 00 06 18 a9 b0 dc 4a c9 d1 57 b4 5e d0 84 00 00 00 03 38 65 c0 00 02 b5 9e 7c f6 fd 9e b7 f7 fd fd ac 04 64 80",""
577,2787,"PACKET","IN",207,45,"PlayerSync","id=207 bytes=45","cf 85 00 c0 7f e0 3f c0 00 0f 22 65 b0 c7 78 09 91 6c 24 9f 10 84 00 00 00 01 25 15 80 00 03 72 9f b8 f4 81 30 0f d7 fd fd c8 04 02 80",""
578,2787,"PACKET","IN",207,45,"PlayerSync","id=207 bytes=45","cf 1a 00 e3 7f f2 ff c0 00 0b 20 6c 70 d7 4b 49 d1 45 fe a0 10 80 00 00 00 03 d0 99 80 00 01 08 f4 e0 f5 8e 95 a7 eb fd fd c8 04 04 80",""
579,2787,"RPC","IN",99,42,"MoveObject","id=99 bytes=42","a0 00 f8 e3 a1 c3 d7 9b 26 45 53 c5 7d 42 f8 e3 a1 c3 d7 9b 26 45 ed 5e 7b 42 00 00 80 3e 00 00 00 00 00 00 00 00 08 cc 84 43",""
580,2787,"RPC","IN",122,2,"StopObject","id=122 bytes=2","a0 00",""
581,2787,"RPC","IN",99,42,"MoveObject","id=99 bytes=42","a0 00 f8 e3 a1 c3 d7 9b 26 45 53 c5 7d 42 f8 e3 a1 c3 d7 9b 26 45 53 c5 7d 42 00 00 80 3e 00 00 00 00 00 00 00 00 08 cc 84 43",""
582,2787,"RPC","IN",122,2,"StopObject","id=122 bytes=2","a0 00",""
583,2787,"RPC","IN",99,42,"MoveObject","id=99 bytes=42","a0 00 f8 e3 a1 c3 d7 9b 26 45 53 c5 7d 42 f8 e3 a1 c3 d7 9b 26 45 ed 5e 7b 42 00 00 80 3e 00 00 00 00 00 00 00 00 08 cc 84 43",""
584,2787,"RPC","IN",122,2,"StopObject","id=122 bytes=2","a0 00",""
585,2788,"RPC","IN",99,42,"MoveObject","id=99 bytes=42","a0 00 f8 e3 a1 c3 d7 9b 26 45 53 c5 7d 42 f8 e3 a1 c3 d7 9b 26 45 53 c5 7d 42 00 00 80 3e 00 00 00 00 00 00 00 00 08 cc 84 43",""
586,2788,"RPC","IN",122,2,"StopObject","id=122 bytes=2","a0 00",""
587,2788,"RPC","IN",99,42,"MoveObject","id=99 bytes=42","a0 00 f8 e3 a1 c3 d7 9b 26 45 53 c5 7d 42 f8 e3 a1 c3 d7 9b 26 45 ed 5e 7b 42 00 00 80 3e 00 00 00 00 00 00 00 00 08 cc 84 43",""
588,2788,"RPC","IN",122,2,"StopObject","id=122 bytes=2","a0 00",""
589,2788,"RPC","IN",99,42,"MoveObject","id=99 bytes=42","a0 00 f8 e3 a1 c3 d7 9b 26 45 53 c5 7d 42 f8 e3 a1 c3 d7 9b 26 45 53 c5 7d 42 00 00 80 3e 00 00 00 00 00 00 00 00 08 cc 84 43",""
590,2788,"RPC","IN",122,2,"StopObject","id=122 bytes=2","a0 00",""
591,2788,"RPC","IN",99,42,"MoveObject","id=99 bytes=42","a0 00 f8 e3 a1 c3 d7 9b 26 45 53 c5 7d 42 f8 e3 a1 c3 d7 9b 26 45 ed 5e 7b 42 00 00 80 3e 00 00 00 00 00 00 00 00 08 cc 84 43",""
592,2788,"RPC","IN",122,2,"StopObject","id=122 bytes=2","a0 00",""
593,2788,"RPC","IN",99,42,"MoveObject","id=99 bytes=42","a0 00 f8 e3 a1 c3 d7 9b 26 45 53 c5 7d 42 f8 e3 a1 c3 d7 9b 26 45 53 c5 7d 42 00 00 80 3e 00 00 00 00 00 00 00 00 08 cc 84 43",""
594,2788,"RPC","IN",122,2,"StopObject","id=122 bytes=2","a0 00",""
595,2788,"RPC","IN",99,42,"MoveObject","id=99 bytes=42","a0 00 f8 e3 a1 c3 d7 9b 26 45 53 c5 7d 42 f8 e3 a1 c3 d7 9b 26 45 ed 5e 7b 42 00 00 80 3e 00 00 00 00 00 00 00 00 08 cc 84 43",""
596,2788,"RPC","IN",122,2,"StopObject","id=122 bytes=2","a0 00",""
597,2789,"RPC","IN",99,42,"MoveObject","id=99 bytes=42","a0 00 f8 e3 a1 c3 d7 9b 26 45 53 c5 7d 42 f8 e3 a1 c3 d7 9b 26 45 53 c5 7d 42 00 00 80 3e 00 00 00 00 00 00 00 00 08 cc 84 43",""
598,2812,"PACKET","IN",200,44,"VehicleSync","id=200 bytes=44","c8 55 00 46 00 1f 00 00 00 00 00 2d 70 08 b0 0a 0a 7f 9c 58 5c 38 f6 c2 44 5b 5f a7 84 25 a6 8e d3 ef 0f e6 19 03 d7 fd 50 3f 00 00",""
599,2813,"PACKET","IN",207,45,"PlayerSync","id=207 bytes=45","cf 60 00 85 80 60 7f c0 00 1b 59 29 b0 f7 8b 09 d1 6f b3 de d0 84 00 00 00 01 14 71 c0 00 02 27 26 68 f5 49 99 97 f7 fd fd ac 04 64 80",""
600,2813,"PACKET","IN",207,45,"PlayerSync","id=207 bytes=45","cf 1a 00 e4 7f f2 3f c0 00 13 1f ac 70 e0 0b 89 d1 6b 3d a0 10 80 00 00 00 01 c4 a9 80 00 01 11 f8 d8 f6 46 98 2f eb fd fd c8 04 04 80",""
601,2813,"PACKET","IN",207,35,"PlayerSync","id=207 bytes=35","cf 63 00 00 00 35 23 63 70 dd 23 09 91 54 21 9e 90 80 00 00 00 02 22 63 80 00 00 00 00 00 01 28 00 04 11",""
602,2813,"PACKET","IN",207,35,"PlayerSync","id=207 bytes=35","cf 7e 00 00 00 0e 5f 28 30 cd 45 0a 91 40 30 1e 90 80 00 00 00 02 7d db 94 00 00 00 00 00 01 a5 04 08 80",""
603,2813,"PACKET","IN",203,34,"AimSync","id=203 bytes=34","cb 7e 00 04 69 6d 30 3f 66 9a 08 3f 62 fd fa be 5d 76 a1 c3 ff fb 29 45 e1 5a 81 42 00 00 00 00 3f c6",""
604,2813,"PACKET","IN",207,41,"PlayerSync","id=207 bytes=41","cf 92 00 00 00 1b cb 23 30 c8 19 89 91 73 1f 1e 90 84 00 00 00 02 9b 21 c0 00 01 df 58 08 ef fd ff ff ff fd fd a5 04 04 80",""
605,2836,"PACKET","IN",207,41,"PlayerSync","id=207 bytes=41","cf 29 00 00 00 15 a4 68 30 ec d5 49 d1 7b 67 1f 10 84 00 00 00 00 88 e3 c0 00 01 cb 35 0c ef 40 0f ed 83 fd fd 0e 05 02 16",""
606,2837,"PACKET","IN",207,45,"PlayerSync","id=207 bytes=45","cf 1a 00 e4 ff f2 3f c0 00 2e df 2c 70 c4 4b c9 d1 7b 3d 20 10 80 00 00 00 02 00 a9 80 00 00 e1 2c d8 f7 6e a7 d7 e3 fd fd c8 04 04 80",""
607,2837,"PACKET","IN",207,41,"PlayerSync","id=207 bytes=41","cf 46 00 00 00 2c 6b a2 f0 e4 28 c9 91 4c ea 9f d0 80 00 00 00 00 00 03 c0 00 03 37 32 b0 df fd ff fd ff ff fd 2a 04 04 80",""
608,2837,"PACKET","IN",207,35,"PlayerSync","id=207 bytes=35","cf 7c 00 00 00 35 a2 e2 70 da 28 89 91 5f 9d de 90 80 00 00 00 01 98 6a 40 00 00 00 00 00 01 28 00 04 11",""
609,2838,"PACKET","IN",207,45,"PlayerSync","id=207 bytes=45","cf 85 00 c0 7f e0 3f c0 00 34 a8 25 b0 fc 79 09 91 6c 24 9f 10 84 00 00 00 01 25 15 80 00 02 b0 6e e4 f5 2c f4 f7 b7 fd fd c8 04 02 80",""
610,2864,"PACKET","IN",207,45,"PlayerSync","id=207 bytes=45","cf 1a 00 e5 7f f1 bf c0 00 0d 1e ec 70 e7 8b c9 d1 4e 7c e0 10 80 00 00 00 03 2c b1 80 00 02 17 48 c8 f7 a6 a7 c3 e3 fd fd c8 04 04 80",""
611,2864,"PACKET","IN",207,35,"PlayerSync","id=207 bytes=35","cf 3d 00 00 00 32 67 a8 30 d0 79 49 91 7b 67 1f 10 84 00 00 00 00 e6 f1 c0 00 00 00 00 00 01 28 00 04 11",""
612,2864,"PACKET","IN",207,45,"PlayerSync","id=207 bytes=45","cf 60 00 85 00 60 7f c0 00 1c 1a a9 b0 f8 8b c9 d1 79 b3 1e d0 84 00 00 00 01 f4 a1 c0 00 01 fa 5a 64 f4 ad 79 c7 ef fd fd ac 04 64 80",""
613,2889,"PACKET","IN",207,45,"PlayerSync","id=207 bytes=45","cf 1a 00 e5 ff f1 7f c0 00 25 de 6c 70 ca 8c 09 d1 60 3c 60 10 80 00 00 00 03 f4 b5 80 00 01 b4 5c cc f4 66 b0 a3 e3 fd fd c8 04 04 80",""
614,2890,"PACKET","IN",200,44,"VehicleSync","id=200 bytes=44","c8 55 00 46 00 00 00 00 00 20 00 26 f0 20 00 19 0a 94 ec e8 4c 36 e7 02 44 56 3e c7 84 21 c1 9d e3 e0 4f fc 18 ff c7 ed 50 3f 00 00",""
615,2891,"PACKET","IN",207,45,"PlayerSync","id=207 bytes=45","cf 60 00 85 00 60 7f c0 00 0a 1b a9 b0 d3 0c 49 d1 43 b3 1e d0 84 00 00 00 03 8c bd c0 00 03 65 f6 90 f4 11 62 5f e7 fd fd ac 04 64 80",""
616,2891,"PACKET","IN",207,43,"PlayerSync","id=207 bytes=43","cf 85 00 60 3f c0 00 1b 2a e5 b0 c7 79 c9 91 6c 24 9f 10 84 00 00 00 00 bc 99 80 00 01 cd 36 ac f5 2c f4 f7 b7 fd fd c8 04 02 80",""
617,2891,"PACKET","IN",207,45,"PlayerSync","id=207 bytes=45","cf 1a 00 e7 7f f0 ff c0 00 3c 1d ec 70 ed 8c 09 d1 70 bb e0 10 80 00 00 00 02 94 c9 80 00 00 09 24 cc f4 f6 b6 ef df fd fd c8 04 04 80",""
618,2891,"PACKET","IN",207,45,"PlayerSync","id=207 bytes=45","cf 60 00 85 00 60 7f c0 00 3c 9c a9 b0 f4 0c 89 d1 65 72 de d0 84 00 00 00 01 ac e1 c0 00 00 62 9a b4 f7 d1 40 27 df fd fd ac 04 64 80",""
619,2920,"PACKET","IN",207,45,"PlayerSync","id=207 bytes=45","cf 1a 00 e7 ff f0 bf c0 00 08 dd ac 70 cf cc 49 d1 7f fb 60 10 80 00 00 00 03 80 cd 80 00 03 1a 14 c4 f6 96 c7 e7 d7 fd fd c8 04 04 80",""
620,2921,"PACKET","IN",203,34,"AimSync","id=203 bytes=34","cb 1a 00 04 fa 88 5e 3f d1 21 f4 3e 27 82 05 be f8 ab b2 c3 ee 1b 27 45 6b da 82 42 00 00 00 00 3f 36",""
621,2921,"PACKET","IN",207,41,"PlayerSync","id=207 bytes=41","cf 29 00 00 00 3b e4 a8 30 e7 d5 49 d1 7b 67 1f 10 84 00 00 00 00 88 e3 c0 00 00 c4 ce 4c ed 3c 30 e9 27 fd fd 0e 05 02 16",""
622,2921,"PACKET","IN",207,45,"PlayerSync","id=207 bytes=45","cf 1a 00 e8 ff f0 3f c0 00 12 9d 2c 70 f2 0c 49 d1 4e 3b 20 10 80 00 00 00 01 48 dd 80 00 03 f3 18 c4 f7 32 c9 ef d7 fd fd c8 04 04 80",""
623,2921,"PACKET","IN",207,35,"PlayerSync","id=207 bytes=35","cf 54 00 00 00 05 77 63 70 c5 21 c9 91 65 24 1e 90 80 00 00 00 00 12 8e c0 00 00 00 00 00 01 a5 04 04 80",""
624,2921,"PACKET","IN",207,35,"PlayerSync","id=207 bytes=35","cf 2d 00 00 00 3c 58 68 30 c1 50 49 d1 7b 67 1f 10 84 00 00 00 02 aa b3 c0 00 00 00 00 00 01 28 00 04 11",""
625,2921,"PACKET","IN",207,35,"PlayerSync","id=207 bytes=35","cf 46 00 00 00 2c 6b a2 f0 e4 28 c9 91 4d 6a 9f d0 80 00 00 00 00 00 03 c0 00 00 00 00 00 01 2a 04 04 80",""
626,2921,"PACKET","IN",203,34,"AimSync","id=203 bytes=34","cb 46 00 04 6d ca 3e bc 61 e6 7f 3f 13 3c d0 3c f9 a9 8b c3 f2 73 26 45 39 94 81 42 00 00 00 00 23 37",""
627,2921,"PACKET","IN",207,41,"PlayerSync","id=207 bytes=41","cf 92 00 00 00 1b cb 23 30 d3 d9 89 91 73 1f 1e 90 84 00 00 00 02 9b 21 c0 00 00 5d 2f 80 eb fd ff ff ff fd fd a5 04 04 80",""
628,2948,"PACKET","IN",207,45,"PlayerSync","id=207 bytes=45","cf 1a 00 e9 7f ef ff c0 00 13 9c ac 70 d4 4c 89 d1 59 3a a0 10 80 00 00 00 02 3c e1 80 00 03 07 d0 c8 f4 0e d8 2b d3 fd fd c8 04 04 80",""
629,2949,"RPC","IN",24,18,"SetVehicleParamsEx","id=24 bytes=18","3b 00 01 00 ff 00 ff 00 ff ff ff ff ff ff ff ff ff ff",""
630,2949,"PACKET","IN",207,35,"PlayerSync","id=207 bytes=35","cf 5b 00 00 00 0e fc 66 b0 e8 7d 89 91 7b 67 1f 10 84 00 00 00 01 0a e2 00 00 00 00 00 00 01 a5 04 e8 80",""
631,2949,"PACKET","IN",207,45,"PlayerSync","id=207 bytes=45","cf 60 00 85 00 60 7f c0 00 0b e1 29 b0 f1 0d 89 d1 7b b3 1e d0 84 00 00 00 02 81 2d c0 00 03 47 2b 10 f6 70 f3 4b b3 fd fd ac 04 64 80",""
632,2949,"PACKET","IN",207,43,"PlayerSync","id=207 bytes=43","cf 85 00 60 3f c0 00 1e ec a5 b0 e0 3b 09 91 6c 24 9f 10 80 00 00 00 03 d8 69 80 00 01 33 93 04 f6 05 e7 53 ff fd fd c8 04 02 80",""
633,2975,"PACKET","IN",207,45,"PlayerSync","id=207 bytes=45","cf 60 00 85 00 60 7f c0 00 09 22 a9 b0 f6 cd c9 d1 7d 33 5e d0 84 00 00 00 00 69 41 c0 00 00 1f 27 10 f6 f8 de 9f a7 fd fd ac 04 64 80",""
634,2976,"PACKET","IN",207,45,"PlayerSync","id=207 bytes=45","cf 1a 00 e9 ff ef bf c0 00 14 9b ec 70 c6 4c c9 d1 6c 39 e0 10 80 00 00 00 03 34 e5 80 00 02 62 dc d0 f4 a6 dd ff cf fd fd c8 04 04 80",""
635,2976,"PACKET","IN",207,41,"PlayerSync","id=207 bytes=41","cf 29 00 00 00 38 a5 28 30 e0 15 49 d1 7b 67 1f 10 84 00 00 00 00 88 e3 c0 00 02 1f 96 78 ef 6c 34 49 1b fd fd 0e 05 02 16",""
636,3003,"PACKET","IN",207,35,"PlayerSync","id=207 bytes=35","cf 53 00 00 00 23 e6 e8 30 e9 d8 09 d1 7a e7 1f 10 84 00 00 00 02 ba 42 c0 00 00 00 00 00 01 a5 04 04 80",""
637,3003,"PACKET","IN",207,45,"PlayerSync","id=207 bytes=45","cf 60 00 85 00 60 7f c0 00 0f e4 29 b0 f8 ce 09 d1 4b b3 de d0 84 00 00 00 02 dd 4d c0 00 03 2b bf 0c f7 a8 cf bb 9b fd fd ac 04 64 80",""
638,3004,"PACKET","IN",207,41,"PlayerSync","id=207 bytes=41","cf 1a 00 00 00 39 5a ec 70 fe 4c c9 d1 68 f9 20 10 80 00 00 00 03 34 e5 80 00 01 62 7c d4 f5 3e e3 c7 cb fd fd a5 04 04 80",""
639,3004,"PACKET","IN",207,45,"PlayerSync","id=207 bytes=45","cf 60 00 85 00 60 7f c0 00 28 e6 a9 b0 e2 8e 89 d1 5e 34 5e d0 84 00 00 00 00 a1 59 c0 00 00 50 b3 04 f7 88 c2 7b 93 fd fd ac 04 64 80",""
640,3029,"PACKET","IN",207,41,"PlayerSync","id=207 bytes=41","cf 92 00 00 00 1b cb 23 30 dc d9 89 91 73 1f 1e 90 84 00 00 00 02 9b 21 c0 00 00 81 2f 80 eb fd ff ff ff fd fd a5 04 04 80",""
641,3029,"PACKET","IN",207,35,"PlayerSync","id=207 bytes=35","cf 51 00 00 00 1b 0a e3 30 cf a8 49 91 58 dd 9e 90 84 00 00 00 01 37 17 c0 00 00 00 00 00 01 28 00 04 11",""
642,3030,"PACKET","IN",200,44,"VehicleSync","id=200 bytes=44","c8 55 00 46 00 00 00 00 00 20 00 22 40 41 80 28 ca c5 e5 d8 3c 3d 27 52 44 58 4d 37 84 21 3f 2b 13 e3 ef fd 38 df 57 ed 50 3f 00 00",""
643,3030,"PACKET","IN",207,45,"PlayerSync","id=207 bytes=45","cf 60 00 85 00 60 7f c0 00 0b a8 a9 b0 ec 4e c9 d1 4e f4 de d0 84 00 00 00 03 ed 61 c0 00 02 fe 12 e8 f7 74 bb ff 8b fd fd ac 04 64 80",""
644,3030,"PACKET","IN",207,43,"PlayerSync","id=207 bytes=43","cf 85 00 60 3f c0 00 3d a9 a5 b0 f0 bc 89 91 6c 24 9f 10 80 00 00 00 01 2c 79 80 00 01 82 d7 c8 f4 52 79 a7 f3 fd fd c8 04 02 80",""
645,3052,"PACKET","IN",207,35,"PlayerSync","id=207 bytes=35","cf 1f 00 00 00 26 a3 e3 70 c2 1d 89 91 42 a3 5e 90 80 00 00 00 02 c2 27 00 00 00 00 00 00 01 28 00 04 11",""
646,3052,"PACKET","IN",207,41,"PlayerSync","id=207 bytes=41","cf 29 00 00 00 01 e5 e8 30 d6 55 49 d1 7b 67 1f 10 84 00 00 00 00 88 e3 c0 00 00 ab 9b 04 ed d0 4b 24 f7 fd fd 0e 05 02 16",""
647,3052,"PACKET","IN",207,35,"PlayerSync","id=207 bytes=35","cf 4d 00 00 00 02 00 23 30 e6 e4 09 91 70 1e 9e 90 84 00 00 00 03 da d0 80 00 00 00 00 00 01 a5 04 04 80",""
648,3053,"PACKET","IN",207,45,"PlayerSync","id=207 bytes=45","cf 60 00 85 00 60 7f c0 00 1e 6a a9 b0 f9 8f 09 d1 52 75 5e d0 84 00 00 00 02 39 69 c0 00 01 60 92 e4 f6 40 b0 43 87 fd fd ac 04 64 80",""
649,3053,"PACKET","IN",207,35,"PlayerSync","id=207 bytes=35","cf 02 00 00 00 2d a2 e3 70 ee 9a 89 91 77 a3 1e 90 80 00 00 00 00 8a aa c0 00 00 00 00 00 01 28 00 04 11",""
650,3078,"PACKET","IN",207,41,"PlayerSync","id=207 bytes=41","cf 1a 00 00 00 31 18 ec 70 c3 0d 89 d1 59 b7 60 10 80 00 00 00 03 34 e5 80 00 02 9f 73 a8 f1 3e e3 c7 cb fd fd a5 04 04 80",""
651,3078,"PACKET","IN",207,45,"PlayerSync","id=207 bytes=45","cf 60 00 85 00 60 7f c0 00 31 ec 69 b0 fb cf 49 d1 49 f5 de d0 84 00 00 00 03 39 6d c0 00 00 92 3e dc f5 2c af db 7f fd fd ac 04 64 80",""
652,3103,"PACKET","IN",207,35,"PlayerSync","id=207 bytes=35","cf 27 00 00 00 33 42 a6 f0 cc 4f c9 d1 7b 67 1f 10 84 00 00 00 02 9e de 80 00 00 00 00 00 01 a8 04 04 18",""
653,3103,"PACKET","IN",200,44,"VehicleSync","id=200 bytes=44","c8 55 00 46 00 00 00 00 00 20 00 2d 30 3e 90 1e ca dc ad 28 2c 39 b7 72 44 58 6c c7 84 24 40 89 f3 e5 ef fa 08 c6 f7 fd 50 3f 00 00",""
654,3103,"PACKET","IN",207,45,"PlayerSync","id=207 bytes=45","cf 60 00 85 00 60 7f c0 00 1a ae a9 b0 c8 8f c9 d1 5a b6 5e d0 84 00 00 00 02 8d 71 c0 00 02 3f fa d0 f5 30 a8 4b 7f fd fd ac 04 64 80",""
655,3103,"RPC","IN",87,2,"ClearPlayerAnimation","id=87 bytes=2","51 00",""
656,3104,"RPC","IN",86,29,"ApplyPlayerAnimation","id=86 bytes=29","51 00 05 43 41 52 52 59 0b 63 72 72 79 5f 70 72 74 69 61 6c 33 33 83 40 00 00 00 00 00",""
657,3104,"PACKET","IN",207,45,"PlayerSync","id=207 bytes=45","cf 60 00 85 00 60 7f c0 00 1b f0 a9 b0 ce d0 09 d1 62 b6 de d0 84 00 00 00 01 59 75 c0 00 02 b3 1a c8 f6 8c a5 e7 7b fd fd ac 04 64 80",""
658,3104,"PACKET","IN",207,45,"PlayerSync","id=207 bytes=45","cf 85 00 c0 00 60 3f c0 00 35 e6 a5 b0 c1 be 49 91 6c 24 9f 10 80 00 00 00 00 19 01 80 00 03 2d f3 38 f4 52 79 a7 f3 fd fd c8 04 02 80",""
659,3130,"PACKET","IN",207,41,"PlayerSync","id=207 bytes=41","cf 29 00 00 00 2e 66 68 30 c7 d5 49 d1 7b 67 1f 10 84 00 00 00 00 88 e3 c0 00 03 2c b7 90 ed 6c 5a e4 df fd fd 0e 05 02 16",""
660,3130,"PACKET","IN",203,34,"AimSync","id=203 bytes=34","cb 29 00 04 42 74 c1 3e 40 f0 58 bf d4 f8 be be ee 1a a1 c3 6a 79 27 45 83 80 81 42 00 00 00 00 3f 06",""
661,3131,"PACKET","IN",207,41,"PlayerSync","id=207 bytes=41","cf 92 00 00 00 1b cb 23 30 e2 19 89 91 73 1f 1e 90 84 00 00 00 02 9b 21 c0 00 02 17 5a 08 eb fd ff ff ff fd fd a5 04 04 80",""
662,3131,"PACKET","IN",207,45,"PlayerSync","id=207 bytes=45","cf 60 00 85 00 60 7f c0 00 20 32 69 b0 cb d0 49 d1 5c b7 5e d0 84 00 00 00 03 31 75 c0 00 01 db d2 b4 f4 54 a7 db 77 fd fd ac 04 64 80",""
663,3131,"PACKET","IN",207,35,"PlayerSync","id=207 bytes=35","cf 70 00 00 00 2a a3 e3 70 fe e5 c9 91 41 e3 5e 90 80 00 00 00 03 5b 53 00 00 00 00 00 00 01 00 00 00 80",""
664,3131,"PACKET","IN",207,35,"PlayerSync","id=207 bytes=35","cf 97 00 00 00 3d e7 a8 30 e5 89 c9 d1 7b 67 1f 10 84 00 00 00 00 0f 03 e8 00 00 00 00 00 01 28 00 04 11",""
665,3147,"PACKET","OUT",203,32,"AimSync","id=203 bytes=32","cb 00 00 00 39 05 00 00 00 00 00 00 00 00 00 00 00 40 01 00 00 00 80 3f 00 00 f3 04 b5 3f 39 05",""
666,3158,"RPC","IN",105,7,"TextDrawSetString","id=105 bytes=7","26 08 03 00 31 30 30",""
667,3158,"RPC","IN",105,5,"TextDrawSetString","id=105 bytes=5","27 08 01 00 30",""
668,3158,"RPC","IN",105,6,"TextDrawSetString","id=105 bytes=6","28 08 02 00 34 38",""
669,3158,"RPC","IN",105,5,"TextDrawSetString","id=105 bytes=5","29 08 01 00 37",""
670,3158,"RPC","IN",105,7,"TextDrawSetString","id=105 bytes=7","2a 08 03 00 31 30 30",""
671,3158,"RPC","IN",86,27,"ApplyPlayerAnimation","id=86 bytes=27","46 00 07 42 44 5f 46 49 52 45 07 77 61 73 68 5f 75 70 33 33 83 40 80 00 00 00 00",""
672,3158,"PACKET","IN",207,45,"PlayerSync","id=207 bytes=45","cf 60 00 85 00 60 7f c0 00 03 f4 69 b0 cc d0 89 d1 5f b7 de d0 84 00 00 00 00 61 79 c0 00 00 0c da a8 f6 e0 a2 83 77 fd fd ac 04 64 80",""
673,3159,"RPC","IN",87,2,"ClearPlayerAnimation","id=87 bytes=2","3d 00",""
674,3159,"RPC","IN",86,29,"ApplyPlayerAnimation","id=86 bytes=29","3d 00 05 43 41 52 52 59 0b 63 72 72 79 5f 70 72 74 69 61 6c 33 33 83 40 00 00 00 00 00",""
675,3159,"PACKET","IN",207,45,"PlayerSync","id=207 bytes=45","cf 1a 00 80 80 42 00 00 00 0d d7 ec 70 cd 8d c9 d1 56 36 60 10 80 00 00 00 00 50 b1 80 00 00 93 c1 68 f1 3e e3 c7 cb fd fd f5 04 04 80",""
676,3182,"PACKET","IN",207,45,"PlayerSync","id=207 bytes=45","cf 1a 00 81 00 44 80 00 00 01 97 ac 70 e8 0d c9 d1 43 36 20 10 80 00 00 00 00 b0 79 80 00 00 db 58 14 f5 ae ad 9f e3 fd fd c8 04 04 80",""
677,3182,"PACKET","IN",207,35,"PlayerSync","id=207 bytes=35","cf 1c 00 00 00 2d 1d 28 30 f6 cc c9 d1 7b 67 1f 10 84 00 00 00 00 65 93 00 00 00 00 00 00 01 28 00 04 11",""
678,3182,"PACKET","IN",200,44,"VehicleSync","id=200 bytes=44","c8 55 00 46 00 00 00 00 00 20 00 20 80 35 f0 15 aa f0 b5 68 2c 30 d7 92 44 55 0c b7 84 23 25 58 b3 e7 ef f5 08 b1 38 0d 50 3f 00 00",""
679,3182,"PACKET","IN",207,45,"PlayerSync","id=207 bytes=45","cf 60 00 85 00 60 7f c0 00 02 f6 69 b0 d1 10 c9 d1 7d f8 5e d0 84 00 00 00 01 35 79 c0 00 01 2b 06 98 f5 f4 a1 a7 77 fd fd ac 04 64 80",""
680,3182,"PACKET","IN",207,45,"PlayerSync","id=207 bytes=45","cf 1a 00 80 80 45 80 00 00 0c d7 6c 70 c3 4e 09 d1 76 f5 a0 10 80 00 00 00 00 9c 41 80 00 01 ff ac 14 f7 da 75 c3 f3 fd fd c8 04 04 80",""
681,3182,"PACKET","IN",207,43,"PlayerSync","id=207 bytes=43","cf 85 00 c0 00 00 00 07 1f 65 b0 cd bf 89 91 6c 24 9f 10 80 00 00 00 03 35 ed 80 00 01 d0 57 14 f5 07 62 cf 73 fd fd c8 04 02 80",""
682,3208,"PACKET","IN",207,45,"PlayerSync","id=207 bytes=45","cf 60 00 85 00 60 7f c0 00 0c 78 29 b0 cd d1 09 d1 58 79 1e d0 84 00 00 00 01 b1 79 c0 00 03 f6 3e 7c f5 4c a1 0b 77 fd fd ac 04 64 80",""
683,3208,"PACKET","IN",207,45,"PlayerSync","id=207 bytes=45","cf 1a 00 fe ff c7 80 00 00 30 97 2c 70 df 0e 09 d1 72 35 60 10 80 00 00 00 00 ac 09 80 00 03 44 04 18 f4 7e 43 e7 fb fd fd c8 04 04 80",""
684,3208,"PACKET","IN",207,41,"PlayerSync","id=207 bytes=41","cf 29 00 00 00 22 a7 28 30 f5 d5 09 d1 7b 67 1f 10 84 00 00 00 00 88 e3 c0 00 03 cc a7 78 ee e8 64 18 cf fd fd 0e 05 02 16",""
685,3234,"PACKET","IN",207,35,"PlayerSync","id=207 bytes=35","cf 3d 00 00 00 32 67 a8 30 d0 79 49 91 7b 67 1f 10 84 00 00 00 00 e6 f1 c0 00 00 00 00 00 01 a5 04 e8 80",""
686,3234,"PACKET","IN",207,45,"PlayerSync","id=207 bytes=45","cf 60 00 85 00 60 7f c0 00 01 79 e9 b0 c7 d1 49 d1 6b b9 9e d0 84 00 00 00 01 e1 79 c0 00 03 99 32 84 f4 ec a0 ab 77 fd fd ac 04 64 80",""
687,3234,"RPC","IN",24,18,"SetVehicleParamsEx","id=24 bytes=18","3b 00 01 01 ff 00 ff 00 ff ff ff ff ff ff ff ff ff ff",""
688,3235,"PACKET","IN",207,45,"PlayerSync","id=207 bytes=45","cf 1a 00 f6 ff cb 80 00 00 01 d7 6c 70 d7 4e 49 d1 40 75 20 10 84 00 00 00 03 90 65 80 00 00 44 b4 18 f4 55 d1 c3 ff fd fd c8 04 04 80",""
689,3235,"PACKET","IN",207,35,"PlayerSync","id=207 bytes=35","cf 76 00 00 00 0e 87 a2 f0 c1 28 c9 91 5a 1c 1e 90 84 00 00 00 03 6c 9f 40 00 00 00 00 00 01 28 00 04 11",""
690,3235,"PACKET","IN",207,41,"PlayerSync","id=207 bytes=41","cf 92 00 00 00 1b cb 23 30 e4 99 89 91 73 1f 1e 90 84 00 00 00 02 9b 21 c0 00 01 8e 08 30 e3 fd fc 00 03 fd fd a5 04 04 80",""
691,3259,"PACKET","IN",200,44,"VehicleSync","id=200 bytes=44","c8 55 00 46 00 00 00 00 00 20 00 22 10 2c d0 0f 4b 08 cd e8 1c 34 67 a2 44 5b 6c d7 84 2a 47 56 93 e9 ef fc a8 96 58 0d 50 3f 00 00",""
692,3260,"PACKET","IN",207,45,"PlayerSync","id=207 bytes=45","cf 60 00 85 00 60 7f c0 00 05 3b e9 b0 cc 51 89 d1 59 ba 5e d0 84 00 00 00 01 e1 79 c0 00 03 7d 52 90 f4 c8 a0 8b 77 fd fd ac 04 64 80",""
693,3260,"PACKET","IN",207,45,"PlayerSync","id=207 bytes=45","cf 1a 00 f4 ff cc 00 00 00 2f 57 6c 70 f3 0e 49 d1 55 34 e0 10 84 00 00 00 03 7c 9d 80 00 03 8c fc 18 f4 f5 99 83 f7 fd fd c8 04 04 80",""
694,3260,"PACKET","IN",207,45,"PlayerSync","id=207 bytes=45","cf 60 00 85 00 60 7f c0 00 01 fd e9 b0 cf d1 c9 d1 45 3b 1e d0 84 00 00 00 01 a9 79 c0 00 00 bc 46 74 f4 c8 a0 8b 77 fd fd ac 04 64 80",""
695,3260,"PACKET","IN",207,37,"PlayerSync","id=207 bytes=37","cf 7e 00 c0 00 00 00 0e 5f 28 30 cd 45 0a 91 40 30 1e 90 80 00 00 00 03 12 23 94 00 00 00 00 00 01 c8 04 08 80",""
696,3261,"PACKET","OUT",207,69,"PlayerSync","id=207 bytes=69","cf 00 00 00 00 00 00 73 61 95 c3 e9 46 26 45 82 99 7b 42 03 3f bf 3e 00 00 00 00 00 00 00 00 71 78 6d 3f 64 00 04 00 00 00 00 00 00 00 00 00 00 00 00 00 00 00 00 00 00 00 00 00 00 00 00 00 00 00 a5 04 04 80",""
697,3288,"PACKET","IN",207,43,"PlayerSync","id=207 bytes=43","cf 85 00 c0 00 00 00 04 59 a5 b0 e1 c0 49 d1 6c 24 9f 10 80 00 00 00 03 06 bd 80 00 02 da ac 9c f4 7d 0e 63 c3 fd fd c8 04 02 80",""
698,3288,"PACKET","IN",207,41,"PlayerSync","id=207 bytes=41","cf 1a 00 00 00 34 97 ac 70 cd ce 89 d1 74 b4 a0 10 84 00 00 00 02 ac d5 80 00 03 2d 3c 18 f6 71 63 23 e7 fd fd a5 04 04 80",""
699,3288,"PACKET","IN",207,41,"PlayerSync","id=207 bytes=41","cf 29 00 00 00 0b 67 a8 30 e6 95 09 d1 7b 67 1f 10 84 00 00 00 00 88 e3 c0 00 03 21 ed 88 ee 71 6d 1c 17 fd fd 0e 05 02 16",""
700,3288,"PACKET","IN",207,45,"PlayerSync","id=207 bytes=45","cf 60 00 84 80 60 7f c0 00 13 ff 69 b0 c5 12 09 d1 4d 3b 9e d0 84 00 00 00 00 f9 7d c0 00 03 a1 ee 84 f4 f4 a0 b3 77 fd fd ac 04 64 80",""
701,3288,"PACKET","OUT",205,9,"UNKNOWN_PACKET","id=205 bytes=9","cd b8 4a 04 00 00 00 00 00",""
702,3315,"RPC","IN",24,18,"SetVehicleParamsEx","id=24 bytes=18","30 00 01 00 ff 00 ff 00 ff ff ff ff ff ff ff ff ff ff",""
703,3315,"RPC","IN",24,18,"SetVehicleParamsEx","id=24 bytes=18","30 00 00 00 ff 00 ff 00 ff ff ff ff ff ff ff ff ff ff",""
704,3315,"RPC","IN",59,46,"ChatBubble","id=59 bytes=46","38 00 aa ff bb ff 00 00 f0 41 88 13 00 00 1f 2a 20 4d 65 6d 61 74 69 6b 61 6e 20 6d 65 73 69 6e 20 6b 65 6e 64 61 72 61 61 6e 6e 79 61 2e",""
705,3315,"RPC","IN",86,27,"ApplyPlayerAnimation","id=86 bytes=27","85 00 07 42 44 5f 46 49 52 45 07 77 61 73 68 5f 75 70 33 33 83 40 80 00 00 00 00",""
706,3316,"RPC","IN",86,26,"ApplyPlayerAnimation","id=86 bytes=26","27 00 03 70 65 64 0a 70 68 6f 6e 65 5f 74 61 6c 6b 00 00 00 40 f0 10 00 00 00",""
707,3316,"RPC","IN",113,59,"SetPlayerAttachedObject","id=113 bytes=59","27 00 09 00 00 00 da a4 80 00 03 00 00 00 1d 65 50 9e cc cd 22 1e c6 cc e2 1e 00 00 00 00 00 00 00 00 49 8c 99 a1 80 00 40 1f 80 00 40 1f 80 00 40 1f 80 00 00 00 00 00 00 00 00",""
708,3316,"PACKET","IN",207,35,"PlayerSync","id=207 bytes=35","cf 38 00 00 00 07 ff ea 30 d8 58 c9 d1 49 31 1f 10 84 00 00 00 03 9b d7 7c 00 00 00 00 00 01 a2 04 e8 80",""
709,3316,"PACKET","IN",203,34,"AimSync","id=203 bytes=34","cb 38 00 04 0e 4d 11 bf 51 9d 3e 3f c4 e2 b3 be 88 f4 a7 c3 aa 37 27 45 52 29 82 42 00 00 00 00 3f c6",""
710,3316,"PACKET","IN",207,35,"PlayerSync","id=207 bytes=35","cf 51 00 00 00 1b 0a e3 30 cf a8 49 91 58 dd 9e 90 84 00 00 00 01 37 17 c0 00 00 00 00 00 01 a5 04 e8 80",""
711,3317,"PACKET","IN",207,45,"PlayerSync","id=207 bytes=45","cf 60 00 85 00 60 7f c0 00 22 81 a9 f0 d2 52 49 d1 55 bc 5e d0 84 00 00 00 00 dd 79 c0 00 00 0c 82 bc f6 5c 9e 3f 73 fd fd ac 04 64 80",""
712,3317,"PACKET","IN",207,43,"PlayerSync","id=207 bytes=43","cf 85 00 c0 00 00 01 0e 9b 65 b0 ee 40 49 d1 6c 24 9f 10 80 00 00 00 02 6b 1d 80 00 00 e0 e7 7c f3 94 08 46 6f fd fd c8 04 02 80",""
713,3342,"PACKET","IN",207,45,"PlayerSync","id=207 bytes=45","cf 60 00 84 80 60 7f c0 00 14 03 e9 f0 dd 12 89 d1 52 bd 1e d0 84 00 00 00 00 09 7d c0 00 03 f4 9a dc f5 94 a1 4b 77 fd fd ac 04 64 80",""
714,3342,"PACKET","IN",207,43,"PlayerSync","id=207 bytes=43","cf 7e 00 c0 00 00 00 39 5c 68 30 fe 05 0a 91 40 30 1e 90 80 00 00 00 01 9a eb 94 00 03 26 ad a4 f0 4e 96 0b eb fd fd c8 04 08 80",""
715,3342,"PACKET","IN",207,41,"PlayerSync","id=207 bytes=41","cf 1a 00 00 00 3a 59 6c 70 e4 4e c9 d1 5a 74 a0 10 84 00 00 00 03 15 a9 80 00 02 9e d3 88 f2 8c a2 33 77 fd fd a5 04 04 80",""
716,3342,"PACKET","IN",207,41,"PlayerSync","id=207 bytes=41","cf 46 00 00 00 2c 6b a2 f0 e4 28 c9 91 72 a5 df 90 80 00 00 00 00 00 03 c0 00 01 b4 8a 60 f7 fd ff fd fc 00 01 28 00 04 11",""
717,3342,"PACKET","IN",207,41,"PlayerSync","id=207 bytes=41","cf 85 00 00 01 13 5c a5 b0 fa c0 09 d1 6c 24 9f 10 80 00 00 00 00 ab 25 80 00 01 55 50 18 f6 90 c2 44 6f fd fd a5 04 04 80",""
718,3371,"PACKET","IN",207,41,"PlayerSync","id=207 bytes=41","cf 29 00 00 00 22 27 68 30 e1 95 09 d1 7b 67 1f 10 84 00 00 00 00 88 e3 c0 00 01 6b 1a f4 ed cb f8 95 b3 fd fd 0e 05 02 16",""
719,3372,"PACKET","IN",207,45,"PlayerSync","id=207 bytes=45","cf 60 00 84 80 60 7f c0 00 05 86 29 f0 e6 d2 c9 d1 51 3d de d0 84 00 00 00 03 65 79 c0 00 02 ea e2 e0 f7 18 9e ef 73 fd fd ac 04 64 80",""
720,3372,"PACKET","IN",207,35,"PlayerSync","id=207 bytes=35","cf 7c 00 00 00 35 a2 e2 70 da 28 89 91 5f 9d de 90 80 00 00 00 01 98 6a 40 00 00 00 00 00 01 28 00 04 11",""
721,3400,"PACKET","IN",207,45,"PlayerSync","id=207 bytes=45","cf 60 00 84 80 60 7f c0 00 01 c8 a9 f0 fa 93 09 d1 68 be 9e d0 84 00 00 00 02 ad 79 c0 00 03 3e e2 e0 f7 98 9f 6b 73 fd fd ac 04 64 80",""
722,3401,"PACKET","IN",207,35,"PlayerSync","id=207 bytes=35","cf 63 00 00 00 35 23 63 70 dd 23 09 91 54 21 9e 90 80 00 00 00 02 22 63 80 00 00 00 00 00 01 28 00 04 11",""
723,3401,"PACKET","IN",207,41,"PlayerSync","id=207 bytes=41","cf 85 00 00 00 16 98 25 b0 d8 00 09 d1 6c 24 9f 10 80 00 00 00 00 ab 25 80 00 01 ca e2 7c f5 a7 f3 a9 87 fd fd a5 04 04 80",""
724,3401,"PACKET","IN",207,35,"PlayerSync","id=207 bytes=35","cf 0b 00 00 00 26 cb 68 30 e8 bd c9 91 7b 67 1f 10 84 00 00 00 02 2e 5f c0 00 00 00 00 00 01 28 00 04 11",""
725,3401,"PACKET","IN",203,34,"AimSync","id=203 bytes=34","cb 0b 00 04 30 5c 77 bf b0 45 00 3e c8 7f 66 be ca 7c 9e c3 9e f0 26 45 fe 14 81 42 00 00 00 00 3f 36",""
726,3401,"PACKET","IN",207,45,"PlayerSync","id=207 bytes=45","cf 60 00 84 00 60 7f c0 00 23 4b 29 f0 d3 93 89 d1 4c 3f 9e d0 84 00 00 00 01 9d 7d c0 00 02 bc 4e d0 f4 28 a3 f3 73 fd fd ac 04 64 80",""
727,3427,"PACKET","IN",207,41,"PlayerSync","id=207 bytes=41","cf 1a 00 00 00 26 1b 6c 70 cb 0f 09 d1 73 34 e0 10 84 00 00 00 03 76 69 80 00 02 a1 c6 3c f0 c4 26 8a bf fd fd a5 04 04 80",""
728,3427,"PACKET","IN",200,44,"VehicleSync","id=200 bytes=44","c8 55 00 46 00 b6 ff 00 00 20 00 20 a0 1b e0 1c 7b 25 22 88 1c 3c 07 c2 44 50 dd 67 84 24 e0 50 53 ef ff d8 19 6f e8 0d 50 3f 00 00",""
729,3427,"PACKET","IN",207,43,"PlayerSync","id=207 bytes=43","cf 7e 00 c0 00 00 00 3c db 68 30 fb c5 0a 91 40 30 1e 90 80 00 00 00 00 bb 93 94 00 02 e7 de e0 ec 01 2b c8 2f fd fd c8 04 08 80",""
730,3427,"PACKET","IN",209,70,"UnoccupiedSync","id=209 bytes=70","d1 7e 00 3b 00 00 51 1b 7f 3f 56 ef aa bd 09 ee 3f ba 5a ef aa 3d 56 1b 7f 3f 28 9d 00 37 19 79 9f c3 d5 0e 2a 45 3a a4 7c 42 25 18 55 39 45 62 95 b8 54 e5 c9 b7 fc 0f f7 b6 92 bb 45 b8 eb 8c 29 37 e7 33 44 44",""
731,3428,"RPC","IN",99,42,"MoveObject","id=99 bytes=42","a0 00 f8 e3 a1 c3 d7 9b 26 45 53 c5 7d 42 f8 e3 a1 c3 d7 9b 26 45 ed 5e 7b 42 00 00 80 3e 00 00 00 00 00 00 00 00 08 cc 84 43",""
732,3428,"RPC","IN",122,2,"StopObject","id=122 bytes=2","a0 00",""
733,3428,"RPC","IN",99,42,"MoveObject","id=99 bytes=42","a0 00 f8 e3 a1 c3 d7 9b 26 45 53 c5 7d 42 f8 e3 a1 c3 d7 9b 26 45 53 c5 7d 42 00 00 80 3e 00 00 00 00 00 00 00 00 08 cc 84 43",""
734,3428,"RPC","IN",122,2,"StopObject","id=122 bytes=2","a0 00",""
735,3428,"RPC","IN",99,42,"MoveObject","id=99 bytes=42","a0 00 f8 e3 a1 c3 d7 9b 26 45 53 c5 7d 42 f8 e3 a1 c3 d7 9b 26 45 ed 5e 7b 42 00 00 80 3e 00 00 00 00 00 00 00 00 08 cc 84 43",""
736,3428,"RPC","IN",122,2,"StopObject","id=122 bytes=2","a0 00",""
737,3428,"RPC","IN",99,42,"MoveObject","id=99 bytes=42","a0 00 f8 e3 a1 c3 d7 9b 26 45 53 c5 7d 42 f8 e3 a1 c3 d7 9b 26 45 53 c5 7d 42 00 00 80 3e 00 00 00 00 00 00 00 00 08 cc 84 43",""
738,3428,"RPC","IN",122,2,"StopObject","id=122 bytes=2","a0 00",""
739,3428,"RPC","IN",99,42,"MoveObject","id=99 bytes=42","a0 00 f8 e3 a1 c3 d7 9b 26 45 53 c5 7d 42 f8 e3 a1 c3 d7 9b 26 45 ed 5e 7b 42 00 00 80 3e 00 00 00 00 00 00 00 00 08 cc 84 43",""
740,3428,"RPC","IN",122,2,"StopObject","id=122 bytes=2","a0 00",""
741,3429,"RPC","IN",99,42,"MoveObject","id=99 bytes=42","a0 00 f8 e3 a1 c3 d7 9b 26 45 53 c5 7d 42 f8 e3 a1 c3 d7 9b 26 45 53 c5 7d 42 00 00 80 3e 00 00 00 00 00 00 00 00 08 cc 84 43",""
742,3429,"RPC","IN",122,2,"StopObject","id=122 bytes=2","a0 00",""
743,3429,"RPC","IN",99,42,"MoveObject","id=99 bytes=42","a0 00 f8 e3 a1 c3 d7 9b 26 45 53 c5 7d 42 f8 e3 a1 c3 d7 9b 26 45 ed 5e 7b 42 00 00 80 3e 00 00 00 00 00 00 00 00 08 cc 84 43",""
744,3429,"RPC","IN",122,2,"StopObject","id=122 bytes=2","a0 00",""
745,3429,"RPC","IN",99,42,"MoveObject","id=99 bytes=42","a0 00 f8 e3 a1 c3 d7 9b 26 45 53 c5 7d 42 f8 e3 a1 c3 d7 9b 26 45 53 c5 7d 42 00 00 80 3e 00 00 00 00 00 00 00 00 08 cc 84 43",""
746,3429,"RPC","IN",122,2,"StopObject","id=122 bytes=2","a0 00",""
747,3429,"RPC","IN",99,42,"MoveObject","id=99 bytes=42","a0 00 f8 e3 a1 c3 d7 9b 26 45 53 c5 7d 42 f8 e3 a1 c3 d7 9b 26 45 ed 5e 7b 42 00 00 80 3e 00 00 00 00 00 00 00 00 08 cc 84 43",""
748,3429,"RPC","IN",122,2,"StopObject","id=122 bytes=2","a0 00",""
749,3429,"RPC","IN",99,42,"MoveObject","id=99 bytes=42","a0 00 f8 e3 a1 c3 d7 9b 26 45 53 c5 7d 42 f8 e3 a1 c3 d7 9b 26 45 53 c5 7d 42 00 00 80 3e 00 00 00 00 00 00 00 00 08 cc 84 43",""
750,3430,"PACKET","IN",207,35,"PlayerSync","id=207 bytes=35","cf 54 00 00 00 05 77 63 70 c5 21 c9 91 65 24 1e 90 80 00 00 00 00 12 8e c0 00 00 00 00 00 01 a5 04 04 80",""
751,3453,"PACKET","IN",207,45,"PlayerSync","id=207 bytes=45","cf 60 00 83 00 60 7f c0 00 38 4c e9 f0 d0 d3 c9 d1 6b 00 1f 10 84 00 00 00 00 3d 85 c0 00 00 c4 6a c0 f5 dc 9d c3 73 fd fd ac 04 64 80",""
752,3453,"PACKET","IN",207,41,"PlayerSync","id=207 bytes=41","cf 92 00 00 00 13 8b 23 30 df d9 89 91 72 df 1e 90 84 00 00 00 02 9b 21 c0 00 00 44 01 00 e9 16 75 90 0f fd fd a5 04 04 80",""
753,3453,"PACKET","IN",203,34,"AimSync","id=203 bytes=34","cb 92 00 04 bd a4 c5 be 6d c2 6a 3f 37 40 cd bd b7 d1 8b c3 a4 4b 26 45 a4 9f 7d 42 00 00 00 00 3f 37",""
754,3454,"PACKET","IN",207,41,"PlayerSync","id=207 bytes=41","cf 29 00 00 00 09 a7 a8 30 e0 d5 09 d1 7b 67 1f 10 84 00 00 00 00 88 e3 c0 00 00 70 e5 64 e9 dc 1c 4e af fd fd 0e 05 02 16",""
755,3454,"PACKET","IN",207,41,"PlayerSync","id=207 bytes=41","cf 46 00 00 00 2c 6b a2 f0 e4 28 c9 91 56 3c 9f 10 80 00 00 00 00 00 03 c0 00 01 8c 97 78 f7 fd ff fd fc 00 01 28 00 04 11",""
756,3454,"PACKET","IN",207,45,"PlayerSync","id=207 bytes=45","cf 60 00 82 00 60 7f c0 00 01 0f 69 f0 db 14 09 d1 74 00 df 10 84 00 00 00 02 dd 89 c0 00 02 98 b2 b4 f4 b8 98 c7 6f fd fd ac 04 64 80",""
757,3454,"PACKET","IN",207,37,"PlayerSync","id=207 bytes=37","cf 1a 00 44 80 00 00 00 5b ec 70 ce 4f 09 d1 4b b5 20 10 84 00 00 00 00 96 e9 80 00 00 00 00 00 01 c8 04 04 80",""
758,3454,"PACKET","IN",207,41,"PlayerSync","id=207 bytes=41","cf 85 00 00 00 3f 5a e5 b0 ce ff c9 91 6c 24 9f 10 80 00 00 00 00 ab 25 80 00 02 59 bd a4 f5 a7 f3 a9 87 fd fd 28 00 04 11",""
759,3480,"PACKET","IN",207,43,"PlayerSync","id=207 bytes=43","cf 1a 00 44 80 00 00 10 9c ac 70 cc cf 09 d1 57 35 60 10 84 00 00 00 02 0b 0d 80 00 02 ea 57 e0 f0 d8 02 91 e3 fd fd c8 04 04 80",""
760,3481,"PACKET","IN",207,35,"PlayerSync","id=207 bytes=35","cf 27 00 00 00 33 42 a6 f0 cc 4f c9 d1 7b 67 1f 10 84 00 00 00 02 9e de 80 00 00 00 00 00 01 a5 04 e8 80",""
761,3481,"PACKET","IN",207,43,"PlayerSync","id=207 bytes=43","cf 60 00 60 7f c0 00 25 91 69 f0 de d4 49 d1 72 81 9f 10 84 00 00 00 00 e9 99 c0 00 02 47 ae 9c f7 a8 93 b7 67 fd fd ac 04 64 80",""
762,3504,"PACKET","IN",207,43,"PlayerSync","id=207 bytes=43","cf 1a 00 44 80 00 00 1c dd 6c 70 c8 8f 09 d1 67 35 a0 10 84 00 00 00 00 ef 31 80 00 00 15 c7 e0 f3 24 06 b9 ab fd fd c8 04 04 80",""
763,3504,"PACKET","IN",207,35,"PlayerSync","id=207 bytes=35","cf 2d 00 00 00 3c 58 68 30 c1 50 49 d1 7b 67 1f 10 84 00 00 00 02 aa b3 c0 00 00 00 00 00 01 28 00 04 11",""
764,3505,"PACKET","IN",200,44,"VehicleSync","id=200 bytes=44","c8 55 00 46 00 a9 ff 00 00 20 00 2d 80 09 80 27 2b 26 7f c8 0c 3f a7 d2 44 5c 7d 87 84 21 71 9b a3 d3 5f ce 39 ee c8 0d 50 3f 00 00",""
765,3505,"RPC","IN",24,18,"SetVehicleParamsEx","id=24 bytes=18","3b 00 00 01 ff 00 ff 00 ff ff ff ff ff ff ff ff ff ff",""
766,3505,"RPC","IN",24,18,"SetVehicleParamsEx","id=24 bytes=18","3b 00 00 00 ff 00 ff 00 ff ff ff ff ff ff ff ff ff ff",""
767,3534,"PACKET","IN",207,43,"PlayerSync","id=207 bytes=43","cf 1a 00 44 80 00 00 25 9e 2c 70 c1 8f 09 d1 7c 35 e0 10 84 00 00 00 01 a3 51 80 00 02 79 47 e0 f3 70 10 39 77 fd fd c8 04 04 80",""
768,3534,"PACKET","IN",207,41,"PlayerSync","id=207 bytes=41","cf 46 00 00 00 2c 6b a2 f0 e4 28 c9 91 73 37 1e 90 80 00 00 00 00 00 03 c0 00 03 07 88 3c fb fd ff fd fc 00 01 28 00 04 11",""
769,3534,"PACKET","IN",207,45,"PlayerSync","id=207 bytes=45","cf 60 00 fd ff e0 7f c0 00 10 53 e9 f0 e6 d4 89 d1 4e 42 9f 10 84 00 00 00 02 a1 a9 c0 00 01 c9 6a 94 f5 14 88 af 5f fd fd ac 04 64 80",""
770,3535,"PACKET","IN",207,43,"PlayerSync","id=207 bytes=43","cf 7e 00 c0 00 00 00 3d 9c 28 30 f5 84 ca 91 40 30 1e 90 80 00 00 00 00 53 b7 94 00 02 82 76 68 f0 91 6a e4 17 fd fd c8 04 08 80",""
771,3535,"PACKET","IN",207,45,"PlayerSync","id=207 bytes=45","cf 1a 00 85 00 44 80 00 00 2c 1f ac 70 ef 4e c9 d1 6a b6 a0 10 84 00 00 00 02 3f 61 80 00 00 f9 0f e0 f0 98 1f 45 57 fd fd c8 04 04 80",""
772,3535,"PACKET","IN",207,41,"PlayerSync","id=207 bytes=41","cf 29 00 00 00 30 a7 28 30 e1 d5 09 d1 7b 67 1f 10 84 00 00 00 00 88 e3 c0 00 02 af ef 2c ef 73 ff 66 17 fd fd 0e 05 02 16",""
773,3535,"PACKET","IN",207,35,"PlayerSync","id=207 bytes=35","cf 53 00 00 00 23 e6 e8 30 e9 d8 09 d1 7a e7 1f 10 84 00 00 00 02 ba 42 c0 00 00 00 00 00 01 a5 04 04 80",""
774,3535,"PACKET","IN",207,45,"PlayerSync","id=207 bytes=45","cf 60 00 f9 7f e0 7f c0 00 20 16 29 f0 e6 94 c9 d1 65 c3 5f 10 84 00 00 00 01 f5 d5 c0 00 01 78 52 88 f4 24 7e 3f 4f fd fd ac 04 64 80",""
775,3535,"PACKET","IN",207,41,"PlayerSync","id=207 bytes=41","cf 7e 00 00 00 32 dc 68 30 de 44 ca 91 40 30 1e 90 80 00 00 00 00 53 b7 94 00 03 45 9a c0 f3 7d 73 a4 13 fd fd a5 04 04 80",""
776,3535,"PACKET","IN",207,41,"PlayerSync","id=207 bytes=41","cf 85 00 00 00 1d d7 65 b0 f2 bf 89 91 6c 24 9f 10 80 00 00 00 00 ab 25 80 00 01 07 6f d8 f1 a7 f3 a9 87 fd fd 28 00 04 11",""
777,3535,"PACKET","IN",203,34,"AimSync","id=203 bytes=34","cb 85 00 04 ab 90 69 3e 12 80 71 3f 7a b5 76 be 49 9e 96 c3 47 dd 26 45 70 8e 80 42 00 00 00 00 3f c6",""
778,3535,"PACKET","IN",207,41,"PlayerSync","id=207 bytes=41","cf 92 00 00 00 07 8b 23 30 d9 99 89 91 72 5f 1e 90 84 00 00 00 02 9b 21 c0 00 03 db fe fc e9 16 75 90 0f fd fd a5 04 04 80",""
779,3562,"RPC","IN",86,27,"ApplyPlayerAnimation","id=86 bytes=27","70 00 07 42 44 5f 46 49 52 45 07 77 61 73 68 5f 75 70 33 33 83 40 80 00 00 00 00",""
780,3562,"PACKET","IN",207,35,"PlayerSync","id=207 bytes=35","cf 4d 00 00 00 02 00 23 30 e6 e4 09 91 70 1e 9e 90 84 00 00 00 03 da d0 80 00 00 00 00 00 01 a5 04 04 80",""
781,3562,"PACKET","IN",200,44,"VehicleSync","id=200 bytes=44","c8 55 00 46 00 a3 ff 00 00 20 00 2f 90 0d 60 2e ab 18 4d f8 0c 30 67 f2 44 52 ed a7 84 2e b4 b4 93 d0 df a8 ba 69 88 0d 50 3f 00 00",""
782,3562,"PACKET","IN",207,45,"PlayerSync","id=207 bytes=45","cf 60 00 f7 ff e0 bf c0 00 26 58 a9 f0 df d5 09 d1 5e 84 5f 10 84 00 00 00 03 b9 f1 c0 00 01 00 3a 78 f6 74 5c 4f 2b fd fd ac 04 64 80",""
783,3592,"PACKET","IN",207,45,"PlayerSync","id=207 bytes=45","cf 1a 00 90 00 43 40 00 00 15 61 2c 70 d6 8e c9 d1 5c f7 60 10 84 00 00 00 00 e3 99 80 00 01 89 73 cc f1 00 4d ec f3 fd fd c8 04 04 80",""
784,3592,"PACKET","IN",207,35,"PlayerSync","id=207 bytes=35","cf 46 00 00 00 2c 6b a2 f0 e4 28 c9 91 41 1d de 90 80 00 00 00 00 00 03 c0 00 00 00 00 00 01 28 00 04 11",""
785,3593,"PACKET","IN",207,35,"PlayerSync","id=207 bytes=35","cf 1f 00 00 00 26 a3 e3 70 c2 1d 89 91 42 a3 5e 90 80 00 00 00 02 c2 27 00 00 00 00 00 00 01 28 00 04 11",""
786,3593,"PACKET","IN",207,45,"PlayerSync","id=207 bytes=45","cf 60 00 f4 7f e0 ff c0 00 3e 5d a9 f0 f8 95 49 d1 71 46 5f 10 84 00 00 00 01 8e 3d c0 00 03 b4 f2 60 f6 64 31 7e df fd fd ac 04 64 80",""
787,3616,"RPC","IN",72,6,"SetPlayerColor","id=72 bytes=6","4f 00 ff ff ff ff",""
788,3616,"RPC","IN",72,6,"SetPlayerColor","id=72 bytes=6","4f 00 ff ff ff ff",""
789,3616,"RPC","IN",11,17,"SetPlayerName","id=11 bytes=17","4f 00 0d 4b 65 6e 7a 69 5f 55 7a 75 6d 61 6b 69 01",""
790,3616,"PACKET","IN",207,45,"PlayerSync","id=207 bytes=45","cf 1a 00 93 80 42 80 00 00 35 61 ac 70 c6 ce c9 d1 76 37 a0 10 84 00 00 00 03 fb ad 80 00 03 9a 5b cc f1 44 6f d4 c3 fd fd c8 04 04 80",""
791,3616,"PACKET","IN",207,35,"PlayerSync","id=207 bytes=35","cf 85 00 00 00 2a 16 e5 b0 ef 3f 89 91 6c 24 9f 10 80 00 00 00 00 ab 25 80 00 00 00 00 00 01 28 00 04 11",""
792,3641,"PACKET","IN",207,41,"PlayerSync","id=207 bytes=41","cf 29 00 00 00 13 e7 68 30 e2 d5 09 d1 7b 67 1f 10 84 00 00 00 00 88 e3 c0 00 02 f2 72 34 ea 10 12 d2 87 fd fd 0e 05 02 16",""
793,3641,"PACKET","IN",200,44,"VehicleSync","id=200 bytes=44","c8 55 00 46 00 9e ff 00 00 20 00 25 b0 13 f0 29 2b 19 9d 58 0c 37 97 f2 44 54 dd a7 84 2a 58 63 e3 cb 0f 55 0b 27 c7 fd 50 3f 00 00",""
794,3642,"PACKET","IN",207,45,"PlayerSync","id=207 bytes=45","cf 60 00 f1 7f e1 3f c0 00 00 60 e9 f0 df 55 89 d1 79 87 9f 10 84 00 00 00 01 ae 6d c0 00 00 10 a6 78 f4 d8 26 ba bf fd fd ac 04 64 80",""
795,3642,"PACKET","IN",203,34,"AimSync","id=203 bytes=34","cb 60 00 04 e2 56 66 bf 8b 96 dd 3e 7b c7 64 bd a5 ee a5 c3 ac 3e 27 45 84 4d 7f 42 00 00 00 00 3f 36",""
796,3642,"PACKET","IN",207,41,"PlayerSync","id=207 bytes=41","cf 7e 00 00 00 17 1d 28 30 c1 c4 8a 91 40 30 1e 90 80 00 00 00 00 53 b7 94 00 01 71 42 58 f3 19 a7 c4 07 fd fd a5 04 04 80",""
797,3642,"PACKET","IN",209,70,"UnoccupiedSync","id=209 bytes=70","d1 7e 00 3b 00 00 c6 1b 7f 3f 31 c5 aa bd 50 40 50 b9 32 c5 aa 3d c7 1b 7f 3f 84 4c 4b 37 d2 78 9f c3 d5 0e 2a 45 00 a4 7c 42 6a e3 6e 39 c7 d0 5f b8 92 93 db b7 20 77 47 b6 92 0c 7a b8 f0 02 ee 36 e7 33 44 44",""
798,3642,"PACKET","IN",207,35,"PlayerSync","id=207 bytes=35","cf 02 00 00 00 2d a2 e3 70 ee 9a 89 91 77 a3 1e 90 80 00 00 00 00 8a aa c0 00 00 00 00 00 01 28 00 04 11",""
799,3642,"PACKET","IN",207,41,"PlayerSync","id=207 bytes=41","cf 1a 00 00 00 01 a2 ec 70 e6 0e 89 d1 59 38 60 10 84 00 00 00 02 93 d1 80 00 00 3c 93 e0 f2 30 91 c4 9b fd fd a5 04 04 80",""
800,3642,"PACKET","IN",207,41,"PlayerSync","id=207 bytes=41","cf 92 00 00 00 38 0a e3 30 d1 19 89 91 71 9f 1e 90 84 00 00 00 02 9b 21 c0 00 00 ac cf 4c e9 16 75 90 0f fd fd a5 04 04 80",""
801,3671,"PACKET","IN",207,45,"PlayerSync","id=207 bytes=45","cf 60 00 ec 7f e1 ff c0 00 03 a6 69 f0 c7 d5 c9 d1 73 8a 1f 10 84 00 00 00 01 b2 b5 c0 00 02 a6 da d4 f4 d8 0a ca 5f fd fd ac 04 64 80",""
802,3671,"PACKET","IN",207,35,"PlayerSync","id=207 bytes=35","cf 97 00 00 00 3d e7 a8 30 e5 89 c9 d1 7b 67 1f 10 84 00 00 00 00 0f 03 e8 00 00 00 00 00 01 28 00 04 11",""
803,3674,"PACKET","OUT",203,32,"AimSync","id=203 bytes=32","cb 00 00 00 39 05 00 00 00 00 00 00 00 00 00 00 00 40 01 00 00 00 80 3f 00 00 f3 04 b5 3f 39 05",""
804,3696,"PACKET","IN",207,41,"PlayerSync","id=207 bytes=41","cf 29 00 00 00 0d 66 e8 30 dd 55 09 d1 7b 67 1f 10 84 00 00 00 00 88 e3 c0 00 01 22 36 c0 ee 63 e4 19 63 fd fd 0e 05 02 16",""
805,3697,"PACKET","IN",200,44,"VehicleSync","id=200 bytes=44","c8 55 00 46 00 99 ff 00 00 20 00 2b f0 11 90 1c 9b 10 6d 98 0c 36 37 f2 44 51 9d a7 84 28 f5 78 03 c4 70 33 86 31 57 fd 50 3f 00 00",""
806,3697,"PACKET","IN",203,34,"AimSync","id=203 bytes=34","cb 55 00 12 aa de 6e 3f 6e a4 00 3e 7a 8b ac be 19 ea 83 c3 32 72 24 45 d6 45 84 42 00 00 00 00 00 44",""
807,3697,"PACKET","IN",207,45,"PlayerSync","id=207 bytes=45","cf 60 00 ea 7f e2 3f c0 00 0f ea a9 f0 d3 15 c9 d1 78 0c 1f 10 84 00 00 00 03 fa cd c0 00 01 79 d2 f4 f5 b8 02 0e 2b fd fd ac 04 64 80",""
808,3697,"PACKET","IN",207,35,"PlayerSync","id=207 bytes=35","cf 70 00 00 00 2a a3 e3 70 fe e5 c9 91 41 e3 5e 90 80 00 00 00 03 5b 53 00 00 00 00 00 00 01 28 00 04 11",""
809,3722,"PACKET","IN",207,41,"PlayerSync","id=207 bytes=41","cf 1a 00 00 00 39 23 ec 70 df 0e 49 d1 5c 39 60 10 84 00 00 00 00 57 fd 80 00 03 71 86 dc f3 ed 4f 38 1f fd fd a5 04 04 80",""
810,3723,"PACKET","IN",207,41,"PlayerSync","id=207 bytes=41","cf 7e 00 00 00 00 9c e8 30 cb 04 4a 91 40 30 1e 90 80 00 00 00 00 53 b7 94 00 03 ad 20 1c f2 b5 bc 2c 07 fd fd a5 04 04 80",""
811,3723,"PACKET","IN",203,34,"AimSync","id=203 bytes=34","cb 7e 00 04 07 f8 1c 3f b1 56 19 3f 3c d9 03 bf d5 29 a1 c3 da fa 29 45 72 f9 80 42 00 00 00 00 3f c6",""
812,3723,"PACKET","IN",207,45,"PlayerSync","id=207 bytes=45","cf 60 00 e8 7f e2 bf c0 00 06 ae e9 f0 d4 95 c9 d1 7c 8e 1f 10 84 00 00 00 00 3e ed c0 00 03 39 cb 10 f4 08 01 c2 07 fd fd ac 04 64 80",""
813,3751,"PACKET","IN",207,35,"PlayerSync","id=207 bytes=35","cf 1c 00 00 00 2d 1d 28 30 f6 cc c9 d1 7b 67 1f 10 84 00 00 00 00 65 93 00 00 00 00 00 00 01 28 00 04 11",""
814,3751,"PACKET","IN",207,45,"PlayerSync","id=207 bytes=45","cf 60 00 e5 ff e3 3f c0 00 0f b2 29 f0 cd 55 c9 d1 58 4f df 10 84 00 00 00 02 83 05 c0 00 01 21 bf 10 f5 2c 01 39 df fd fd ac 04 64 80",""
815,3776,"PACKET","IN",207,45,"PlayerSync","id=207 bytes=45","cf 60 00 e2 7f e4 3f c0 00 24 74 a9 f0 c1 55 c9 d1 62 91 1f 10 84 00 00 00 02 f3 21 c0 00 02 f6 c3 04 f5 58 06 29 b7 fd fd ac 04 64 80",""
816,3777,"PACKET","IN",207,41,"PlayerSync","id=207 bytes=41","cf 92 00 00 00 27 0a e3 30 c8 59 89 91 70 df 1e 90 84 00 00 00 02 9b 21 c0 00 02 52 66 64 e9 16 75 90 0f fd fd a5 04 04 80",""
817,3777,"RPC","IN",105,19,"TextDrawSetString","id=105 bytes=19","2f 01 0f 00 30 39 20 41 67 75 73 74 75 73 20 32 30 32 36",""
818,3777,"RPC","IN",105,12,"TextDrawSetString","id=105 bytes=12","30 01 08 00 31 32 3a 30 32 3a 33 36",""
819,3777,"PACKET","IN",207,41,"PlayerSync","id=207 bytes=41","cf 1a 00 00 00 2e a4 2c 70 e5 0e 09 d1 6a 39 e0 10 84 00 00 00 03 b3 fd 80 00 02 c2 c1 7c f3 f1 e4 90 03 fd fd a5 04 04 80",""
820,3777,"PACKET","IN",207,35,"PlayerSync","id=207 bytes=35","cf 29 00 00 00 08 a6 a8 30 da 95 09 d1 7b 67 1f 10 84 00 00 00 00 88 e3 c0 00 00 00 00 00 01 a5 04 04 80",""
821,3777,"PACKET","IN",207,45,"PlayerSync","id=207 bytes=45","cf 60 00 df ff e4 ff c0 00 39 b7 69 f0 eb d5 89 d1 56 12 9f 10 84 00 00 00 02 b7 35 c0 00 02 27 4f 00 f5 b0 0e 59 8b fd fd ac 04 64 80",""
822,3777,"PACKET","IN",207,41,"PlayerSync","id=207 bytes=41","cf 7e 00 00 00 0b dc e8 30 fe c4 0a 91 40 30 1e 90 80 00 00 00 00 53 b7 94 00 02 41 6d b0 ea 89 c7 38 03 fd fd a5 04 04 80",""
823,3778,"PACKET","IN",209,70,"UnoccupiedSync","id=209 bytes=70","d1 7e 00 3b 00 00 e6 1b 7f 3f cc b8 aa bd b1 39 da 38 cc b8 aa 3d e6 1b 7f 3f ba 95 cc 37 a6 78 9f c3 d5 0e 2a 45 db a3 7c 42 de ef 4e 38 f0 2e aa b6 f7 91 ba b6 cc 9b 99 b5 ce ca 3a b7 de 67 06 35 e7 33 44 44",""
824,3807,"PACKET","IN",207,35,"PlayerSync","id=207 bytes=35","cf 3d 00 00 00 32 67 a8 30 d0 79 49 91 7b 67 1f 10 84 00 00 00 00 e6 f1 c0 00 00 00 00 00 01 a5 04 e8 80",""
825,3808,"PACKET","IN",200,44,"VehicleSync","id=200 bytes=44","c8 55 00 46 00 97 ff 00 00 20 00 00 80 20 00 0d 8b 2d 0e 68 0c 3f 67 e2 44 56 4d 97 84 26 d1 22 33 dd c0 3c c6 03 c7 fd 50 3f 00 00",""
826,3808,"PACKET","IN",207,45,"PlayerSync","id=207 bytes=45","cf 60 00 de ff e5 3f c0 00 1e 3a 29 f0 d2 15 89 d1 76 93 df 10 84 00 00 00 01 93 41 c0 00 03 0f ea e4 f6 28 16 fd 6b fd fd ac 04 64 80",""
827,3808,"PACKET","IN",207,35,"PlayerSync","id=207 bytes=35","cf 76 00 00 00 0e 87 a2 f0 c1 28 c9 91 5a 1c 1e 90 84 00 00 00 03 6c 9f 40 00 00 00 00 00 01 28 00 04 11",""
828,3808,"PACKET","IN",207,37,"PlayerSync","id=207 bytes=37","cf 7e 00 c0 00 00 00 0b dc e8 30 fe c4 0a 91 40 30 1e 90 80 00 00 00 02 17 b3 94 00 00 00 00 00 01 c8 04 04 80",""
829,3838,"PACKET","IN",207,45,"PlayerSync","id=207 bytes=45","cf 60 00 dd ff e5 7f c0 00 1e fd 29 f0 f1 15 49 d1 4b 95 9f 10 84 00 00 00 03 db 49 c0 00 01 1b 9e e0 f7 d8 19 69 5b fd fd ac 04 64 80",""
830,3838,"PACKET","IN",200,44,"VehicleSync","id=200 bytes=44","c8 55 00 46 00 94 ff 00 00 20 00 02 70 2b 50 0b db 4a 0f c8 0c 34 57 e2 44 56 7d 87 84 24 e1 f7 73 de 50 3a b6 05 17 fd 50 3f 00 00",""
831,3838,"PACKET","OUT",207,69,"PlayerSync","id=207 bytes=69","cf 00 00 00 00 00 00 73 61 95 c3 e9 46 26 45 82 99 7b 42 03 3f bf 3e 00 00 00 00 00 00 00 00 71 78 6d 3f 64 00 04 00 00 00 00 00 00 00 00 00 00 00 00 00 00 00 00 00 00 00 00 00 00 00 00 00 00 00 a5 04 04 80",""
832,3866,"PACKET","IN",207,35,"PlayerSync","id=207 bytes=35","cf 38 00 00 00 07 ff ea 30 d8 58 c9 d1 49 31 1f 10 84 00 00 00 03 9b d7 7c 00 00 00 00 00 01 a2 04 e8 80",""
833,3867,"PACKET","IN",207,45,"PlayerSync","id=207 bytes=45","cf 60 00 dd 7f e5 7f c0 00 25 c0 aa 30 c5 d5 49 d1 43 17 df 10 84 00 00 00 03 77 51 c0 00 01 38 fe dc f5 f8 20 91 4b fd fd ac 04 64 80",""
834,3867,"PACKET","IN",207,41,"PlayerSync","id=207 bytes=41","cf 92 00 00 00 1c ca e3 30 c2 d9 89 91 70 5f 1e 90 84 00 00 00 02 9b 21 c0 00 01 71 99 98 e9 16 75 90 0f fd fd a5 04 04 80",""
835,3867,"RPC","IN",87,2,"ClearPlayerAnimation","id=87 bytes=2","2d 00",""
836,3867,"RPC","IN",86,29,"ApplyPlayerAnimation","id=86 bytes=29","2d 00 05 43 41 52 52 59 0b 63 72 72 79 5f 70 72 74 69 61 6c 33 33 83 40 00 00 00 00 00",""
837,3894,"PACKET","IN",207,41,"PlayerSync","id=207 bytes=41","cf 1a 00 00 00 39 64 2c 70 c8 ce 09 d1 6a 3a 20 10 84 00 00 00 03 b3 fd 80 00 00 9e 5b 6c eb f1 e4 90 03 fd fd a5 04 04 80",""
838,3895,"PACKET","IN",207,35,"PlayerSync","id=207 bytes=35","cf 51 00 00 00 1b 0a e3 30 cf a8 49 91 58 dd 9e 90 84 00 00 00 01 37 17 c0 00 00 00 00 00 01 a5 04 e8 80",""
839,3895,"PACKET","IN",207,45,"PlayerSync","id=207 bytes=45","cf 60 00 dd 7f e5 7f c0 00 12 c3 aa 30 df 15 09 d1 68 59 9f 10 84 00 00 00 02 23 59 c0 00 03 7a 1a cc f7 00 27 fd 3b fd fd ac 04 64 80",""
840,3895,"PACKET","IN",207,45,"PlayerSync","id=207 bytes=45","cf 60 00 dd 7f e5 7f c0 00 24 86 aa 30 f3 94 c9 d1 6a db 9f 10 84 00 00 00 03 bb 5d c0 00 02 20 ca c0 f7 c4 28 d5 33 fd fd ac 04 64 80",""
841,3895,"PACKET","IN",207,35,"PlayerSync","id=207 bytes=35","cf 7c 00 00 00 35 a2 e2 70 da 28 89 91 5f 9d de 90 80 00 00 00 01 98 6a 40 00 00 00 00 00 01 28 00 04 11",""
842,3917,"PACKET","IN",207,45,"PlayerSync","id=207 bytes=45","cf 60 00 dd 7f e5 7f c0 00 3d 48 ea 30 d0 94 c9 d1 77 dd 1f 10 84 00 00 00 01 9f 65 c0 00 02 c6 0e b4 f4 0c 33 71 27 fd fd ac 04 64 80",""
843,3918,"PACKET","IN",207,43,"PlayerSync","id=207 bytes=43","cf 7e 00 c0 00 00 00 3f 5c e8 30 db c3 ca 91 40 30 1e 90 80 00 00 00 02 17 b3 94 00 01 0e 46 ec f0 e5 f0 38 03 fd fd c8 04 04 80",""
844,3918,"PACKET","IN",209,70,"UnoccupiedSync","id=209 bytes=70","d1 7e 00 3b 00 00 e8 1b 7f 3f 10 b8 aa bd 73 ad 3f 39 10 b8 aa 3d e9 1b 7f 3f 62 32 aa 37 8f 78 9f c3 d5 0e 2a 45 c6 a3 7c 42 29 76 1c 39 d0 6c 06 b6 60 66 8d b7 86 94 36 b5 ec 2c 7f b7 32 bf 25 b5 e7 33 44 44",""
845,3942,"PACKET","IN",200,44,"VehicleSync","id=200 bytes=44","c8 55 00 46 00 92 ff 00 00 20 00 00 30 2d 20 0d 6b 81 c2 98 1c 3f 27 c2 44 59 1d 67 84 25 e7 ab 33 d2 60 3c 66 35 e7 fd 50 3f 00 00",""
846,3943,"PACKET","IN",207,41,"PlayerSync","id=207 bytes=41","cf 7e 00 00 00 00 5d 28 30 c2 83 ca 91 40 30 1e 90 80 00 00 00 02 17 b3 94 00 00 a8 67 00 f1 71 fc 00 03 fd fd a5 04 04 80",""
847,3943,"PACKET","IN",207,35,"PlayerSync","id=207 bytes=35","cf 2d 00 00 00 3c 58 68 30 c1 50 49 d1 7b 67 1f 10 84 00 00 00 02 aa b3 c0 00 00 00 00 00 01 a5 04 e8 80",""
848,3943,"PACKET","IN",207,45,"PlayerSync","id=207 bytes=45","cf 60 00 dd 7f e5 7f c0 00 2e 8b aa 30 e6 14 89 d1 44 1f 1f 10 84 00 00 00 02 17 69 c0 00 03 4e 4e 98 f4 d4 35 75 1f fd fd ac 04 64 80",""
849,3975,"PACKET","IN",207,45,"PlayerSync","id=207 bytes=45","cf 60 00 dd 7f e5 7f c0 00 26 8d ea 30 c1 94 89 d1 42 20 9f 10 84 00 00 00 03 57 6d c0 00 00 a4 d6 8c f4 ac 39 d9 17 fd fd ac 04 64 80",""
850,3975,"PACKET","IN",207,35,"PlayerSync","id=207 bytes=35","cf 63 00 00 00 35 23 63 70 dd 23 09 91 54 21 9e 90 80 00 00 00 02 22 63 80 00 00 00 00 00 01 28 00 04 11",""
851,3975,"PACKET","IN",207,41,"PlayerSync","id=207 bytes=41","cf 92 00 00 00 14 8a e3 30 fe 99 49 91 70 1f 1e 90 84 00 00 00 02 9b 21 c0 00 01 1d 99 98 e9 16 75 90 0f fd fd a5 04 04 80",""
852,3975,"PACKET","IN",207,35,"PlayerSync","id=207 bytes=35","cf 1a 00 00 00 39 64 2c 70 c8 ce 09 d1 6a 3a 20 10 84 00 00 00 03 b3 fd 80 00 00 00 00 00 01 a5 04 04 80",""
853,3975,"PACKET","IN",203,34,"AimSync","id=203 bytes=34","cb 1a 00 04 15 c7 7d 3f 98 89 a9 3b bf 87 06 be c3 05 b3 c3 b2 37 27 45 48 e1 82 42 00 00 00 00 3f 36",""
854,3976,"PACKET","IN",207,45,"PlayerSync","id=207 bytes=45","cf 60 00 dd 7f e5 7f c0 00 20 8f ea 30 df 94 49 d1 59 e1 df 10 84 00 00 00 03 a3 71 c0 00 03 b4 9e 7c f5 68 3c dd 0f fd fd ac 04 64 80",""
855,4003,"PACKET","IN",200,44,"VehicleSync","id=200 bytes=44","c8 55 00 46 00 91 ff 00 00 20 00 09 70 14 f0 00 3b d7 65 58 1c 3d 37 b2 44 5c fd 47 84 25 f6 2d c3 d3 30 25 c6 86 07 fd 50 3f 00 00",""
856,4004,"PACKET","IN",207,45,"PlayerSync","id=207 bytes=45","cf 60 00 dd 7f e5 bf c0 00 38 91 ea 30 fa 14 09 d1 48 a3 5f 10 84 00 00 00 00 8b 79 c0 00 03 50 f2 88 f5 7c 41 75 07 fd fd ac 04 64 80",""
857,4004,"PACKET","IN",207,45,"PlayerSync","id=207 bytes=45","cf 60 00 dd 7f e5 bf c0 00 2a 54 2a 30 d0 d4 09 d1 4d 24 df 10 84 00 00 00 00 5f 7d c0 00 00 13 ca 8c f6 58 44 fc ff fd fd ac 04 64 80",""
858,4004,"PACKET","IN",207,41,"PlayerSync","id=207 bytes=41","cf 7e 00 00 00 19 1c e8 30 e4 83 4a 91 40 30 1e 90 80 00 00 00 02 17 b3 94 00 03 04 a2 74 f3 f6 29 e4 03 fd fd a5 04 04 80",""
859,4027,"PACKET","IN",207,35,"PlayerSync","id=207 bytes=35","cf 27 00 00 00 33 42 a6 f0 cc 4f c9 d1 7b 67 1f 10 84 00 00 00 02 9e de 80 00 00 00 00 00 01 a5 04 e8 80",""
860,4028,"PACKET","IN",207,35,"PlayerSync","id=207 bytes=35","cf 5b 00 00 00 0e fc 66 b0 e8 7d 89 91 7b 67 1f 10 84 00 00 00 01 0a e2 00 00 00 00 00 00 01 a5 04 e8 80",""
861,4028,"PACKET","IN",203,34,"AimSync","id=203 bytes=34","cb 5b 00 04 f1 b8 49 bf d0 39 04 3f dc 95 ab be 83 e9 99 c3 05 e1 26 45 4e 42 81 42 00 00 00 00 23 27",""
862,4028,"PACKET","IN",207,45,"PlayerSync","id=207 bytes=45","cf 60 00 dd 7f e5 7f c0 00 11 d6 2a 30 eb d3 c9 d1 60 a6 1f 10 84 00 00 00 03 37 7d c0 00 03 24 a2 70 f6 50 4a 50 f7 fd fd ac 04 64 80",""
863,4052,"PACKET","IN",207,45,"PlayerSync","id=207 bytes=45","cf 60 00 dd ff e5 7f c0 00 25 97 ea 30 c7 53 c9 d1 68 a7 5f 10 84 00 00 00 01 13 81 c0 00 02 f3 8a 70 f5 60 4d 58 f3 fd fd ac 04 64 80",""
864,4052,"PACKET","IN",200,44,"VehicleSync","id=200 bytes=44","c8 55 00 46 00 90 ff 00 00 20 00 2e c0 06 b0 0a 7c 1a 88 68 1c 3d e7 a2 44 5d bd 27 84 27 8b 40 03 e3 50 17 46 e5 e7 fd 50 3f 00 00",""
865,4079,"PACKET","IN",207,35,"PlayerSync","id=207 bytes=35","cf 54 00 00 00 05 77 63 70 c5 21 c9 91 65 24 1e 90 80 00 00 00 00 12 8e c0 00 00 00 00 00 01 a5 04 04 80",""
866,4080,"PACKET","IN",207,45,"PlayerSync","id=207 bytes=45","cf 60 00 dd ff e5 7f c0 00 3c 99 ea 30 dd 13 89 d1 60 68 df 10 84 00 00 00 00 4b 85 c0 00 00 4a e2 b8 f7 68 4e 18 ef fd fd ac 04 64 80",""
867,4080,"PACKET","IN",207,35,"PlayerSync","id=207 bytes=35","cf 4d 00 00 00 02 00 23 30 e6 e4 09 91 70 1e 9e 90 84 00 00 00 03 da d0 80 00 00 00 00 00 01 a5 04 04 80",""
868,4080,"PACKET","IN",207,45,"PlayerSync","id=207 bytes=45","cf 60 00 dd ff e5 7f c0 00 36 dc 2a 30 ee 93 49 d1 74 2a 5f 10 84 00 00 00 03 87 85 c0 00 01 c9 3a c4 f7 08 50 74 eb fd fd ac 04 64 80",""
869,4081,"PACKET","IN",207,41,"PlayerSync","id=207 bytes=41","cf 92 00 00 00 11 8a e3 30 fd 59 49 91 6f df 1e 90 84 00 00 00 02 9b 21 c0 00 02 72 64 64 e5 16 75 90 0f fd fd a5 04 04 80",""
870,4104,"RPC","IN",99,42,"MoveObject","id=99 bytes=42","a0 00 f8 e3 a1 c3 d7 9b 26 45 53 c5 7d 42 f8 e3 a1 c3 d7 9b 26 45 ed 5e 7b 42 00 00 80 3e 00 00 00 00 00 00 00 00 08 cc 84 43",""
871,4104,"RPC","IN",122,2,"StopObject","id=122 bytes=2","a0 00",""
872,4104,"RPC","IN",99,42,"MoveObject","id=99 bytes=42","a0 00 f8 e3 a1 c3 d7 9b 26 45 53 c5 7d 42 f8 e3 a1 c3 d7 9b 26 45 53 c5 7d 42 00 00 80 3e 00 00 00 00 00 00 00 00 08 cc 84 43",""
873,4104,"RPC","IN",122,2,"StopObject","id=122 bytes=2","a0 00",""
874,4104,"RPC","IN",99,42,"MoveObject","id=99 bytes=42","a0 00 f8 e3 a1 c3 d7 9b 26 45 53 c5 7d 42 f8 e3 a1 c3 d7 9b 26 45 ed 5e 7b 42 00 00 80 3e 00 00 00 00 00 00 00 00 08 cc 84 43",""
875,4104,"RPC","IN",122,2,"StopObject","id=122 bytes=2","a0 00",""
876,4104,"RPC","IN",99,42,"MoveObject","id=99 bytes=42","a0 00 f8 e3 a1 c3 d7 9b 26 45 53 c5 7d 42 f8 e3 a1 c3 d7 9b 26 45 53 c5 7d 42 00 00 80 3e 00 00 00 00 00 00 00 00 08 cc 84 43",""
877,4104,"RPC","IN",122,2,"StopObject","id=122 bytes=2","a0 00",""
878,4105,"RPC","IN",99,42,"MoveObject","id=99 bytes=42","a0 00 f8 e3 a1 c3 d7 9b 26 45 53 c5 7d 42 f8 e3 a1 c3 d7 9b 26 45 ed 5e 7b 42 00 00 80 3e 00 00 00 00 00 00 00 00 08 cc 84 43",""
879,4105,"RPC","IN",122,2,"StopObject","id=122 bytes=2","a0 00",""
880,4105,"RPC","IN",99,42,"MoveObject","id=99 bytes=42","a0 00 f8 e3 a1 c3 d7 9b 26 45 53 c5 7d 42 f8 e3 a1 c3 d7 9b 26 45 53 c5 7d 42 00 00 80 3e 00 00 00 00 00 00 00 00 08 cc 84 43",""
881,4105,"RPC","IN",122,2,"StopObject","id=122 bytes=2","a0 00",""
882,4105,"RPC","IN",99,42,"MoveObject","id=99 bytes=42","a0 00 f8 e3 a1 c3 d7 9b 26 45 53 c5 7d 42 f8 e3 a1 c3 d7 9b 26 45 ed 5e 7b 42 00 00 80 3e 00 00 00 00 00 00 00 00 08 cc 84 43",""
883,4105,"RPC","IN",122,2,"StopObject","id=122 bytes=2","a0 00",""
884,4105,"RPC","IN",99,42,"MoveObject","id=99 bytes=42","a0 00 f8 e3 a1 c3 d7 9b 26 45 53 c5 7d 42 f8 e3 a1 c3 d7 9b 26 45 53 c5 7d 42 00 00 80 3e 00 00 00 00 00 00 00 00 08 cc 84 43",""
885,4105,"RPC","IN",122,2,"StopObject","id=122 bytes=2","a0 00",""
886,4105,"RPC","IN",99,42,"MoveObject","id=99 bytes=42","a0 00 f8 e3 a1 c3 d7 9b 26 45 53 c5 7d 42 f8 e3 a1 c3 d7 9b 26 45 ed 5e 7b 42 00 00 80 3e 00 00 00 00 00 00 00 00 08 cc 84 43",""
887,4105,"RPC","IN",122,2,"StopObject","id=122 bytes=2","a0 00",""
888,4105,"RPC","IN",99,42,"MoveObject","id=99 bytes=42","a0 00 f8 e3 a1 c3 d7 9b 26 45 53 c5 7d 42 f8 e3 a1 c3 d7 9b 26 45 53 c5 7d 42 00 00 80 3e 00 00 00 00 00 00 00 00 08 cc 84 43",""
889,4105,"PACKET","IN",207,45,"PlayerSync","id=207 bytes=45","cf 60 00 de 7f e5 3f c0 00 37 9e 6a 30 fe 53 09 d1 4f 2c 1f 10 84 00 00 00 00 57 89 c0 00 03 99 2e e0 f6 d0 56 c0 e3 fd fd ac 04 64 80",""
890,4106,"PACKET","IN",207,41,"PlayerSync","id=207 bytes=41","cf 7e 00 00 00 27 dc a8 30 f2 83 0a 91 40 30 1e 90 80 00 00 00 02 17 b3 94 00 00 9d 5c f8 f1 b6 49 54 07 fd fd a5 04 04 80",""
891,4106,"PACKET","IN",209,70,"UnoccupiedSync","id=209 bytes=70","d1 7e 00 3b 00 00 cf 1b 7f 3f da c1 aa bd f3 32 73 39 da c1 aa 3d d0 1b 7f 3f a0 0e c8 37 6e 78 9f c3 d5 0e 2a 45 aa a3 7c 42 f4 a1 fc 38 d1 96 9f 37 44 26 66 b7 9e 6b 2b 35 d2 7d 84 b6 16 06 7f b6 e7 33 44 44",""
892,4107,"PACKET","IN",207,35,"PlayerSync","id=207 bytes=35","cf 53 00 00 00 23 e6 e8 30 e9 d8 09 d1 7a e7 1f 10 84 00 00 00 02 ba 42 c0 00 00 00 00 00 01 a5 04 04 80",""
893,4107,"PACKET","IN",207,45,"PlayerSync","id=207 bytes=45","cf 60 00 de 7f e5 3f c0 00 0d e0 aa 30 d1 13 09 d1 4c ad 9f 10 84 00 00 00 03 af 89 c0 00 00 25 32 e0 f7 c4 55 50 e3 fd fd ac 04 64 80",""
894,4153,"PACKET","IN",207,45,"PlayerSync","id=207 bytes=45","cf 60 00 de ff e5 3f c0 00 25 e2 aa 30 e2 52 c9 d1 4e 2f 1f 10 84 00 00 00 01 2b 8d c0 00 02 a9 32 e0 f7 d4 5b 64 db fd fd ac 04 64 80",""
895,4153,"PACKET","IN",207,35,"PlayerSync","id=207 bytes=35","cf 85 00 00 00 2a 16 e5 b0 ef 3f 89 91 6c 24 9f 10 80 00 00 00 00 ab 25 80 00 00 00 00 00 01 28 00 04 11",""
896,4153,"RPC","IN",86,27,"ApplyPlayerAnimation","id=86 bytes=27","51 00 07 42 44 5f 46 49 52 45 07 77 61 73 68 5f 75 70 33 33 83 40 80 00 00 00 00",""
897,4154,"PACKET","IN",207,35,"PlayerSync","id=207 bytes=35","cf 02 00 00 00 2d a2 e3 70 ee 9a 89 91 77 a3 1e 90 80 00 00 00 00 8a aa c0 00 00 00 00 00 01 28 00 04 11",""
898,4154,"PACKET","IN",207,37,"PlayerSync","id=207 bytes=37","cf 1a 00 40 40 00 00 39 64 2c 70 c8 ce 09 d1 6a 3a 20 10 84 00 00 00 00 db fd 80 00 00 00 00 00 01 c8 04 04 80",""
899,4154,"PACKET","IN",207,35,"PlayerSync","id=207 bytes=35","cf 1f 00 00 00 26 a3 e3 70 c2 1d 89 91 42 a3 5e 90 80 00 00 00 02 c2 27 00 00 00 00 00 00 01 28 00 04 11",""
900,4154,"PACKET","IN",207,45,"PlayerSync","id=207 bytes=45","cf 60 00 de ff e5 3f c0 00 20 a4 ea 30 f0 12 89 d1 69 f0 9f 10 84 00 00 00 00 37 91 c0 00 00 71 72 d4 f5 ac 5c c4 db fd fd ac 04 64 80",""
901,4181,"PACKET","IN",207,43,"PlayerSync","id=207 bytes=43","cf 1a 00 40 40 00 00 1c 64 6c 70 ed 0d c9 d1 71 3a 60 10 84 00 00 00 02 eb f5 80 00 02 7b ec 14 f4 21 b2 44 07 fd fd c8 04 04 80",""
902,4181,"PACKET","IN",207,43,"PlayerSync","id=207 bytes=43","cf 1a 00 40 40 00 00 17 a4 ac 70 d1 cd c9 d1 7f ba a0 10 84 00 00 00 01 eb ed 80 00 02 1b 94 14 f5 39 7a 0c 13 fd fd c8 04 04 80",""
903,4181,"PACKET","IN",200,44,"VehicleSync","id=200 bytes=44","c8 55 00 46 00 8d ff 00 00 20 00 20 b0 04 40 16 7c 7c 9c 48 1c 31 c7 a2 44 55 ad 07 84 25 d7 91 43 e5 10 00 07 75 97 fd 50 3f 00 00",""
904,4181,"PACKET","IN",207,45,"PlayerSync","id=207 bytes=45","cf 60 00 df ff e4 bf c0 00 17 a7 2a 30 fc 92 49 d1 45 f2 5f 10 84 00 00 00 02 87 8d c0 00 00 2e 12 cc f5 90 63 58 d3 fd fd ac 04 64 80",""
905,4182,"PACKET","IN",207,35,"PlayerSync","id=207 bytes=35","cf 7e 00 00 00 1f 9c a8 30 f1 83 0a 91 40 30 1e 90 80 00 00 00 02 17 b3 94 00 00 00 00 00 01 a5 04 04 80",""
906,4182,"RPC","IN",87,2,"ClearPlayerAnimation","id=87 bytes=2","0b 00",""
907,4182,"RPC","IN",86,29,"ApplyPlayerAnimation","id=86 bytes=29","0b 00 05 43 41 52 52 59 0b 63 72 72 79 5f 70 72 74 69 61 6c 33 33 83 40 00 00 00 00 00",""
908,4182,"RPC","IN",86,27,"ApplyPlayerAnimation","id=86 bytes=27","3d 00 07 42 44 5f 46 49 52 45 07 77 61 73 68 5f 75 70 33 33 83 40 80 00 00 00 00",""
909,4199,"PACKET","OUT",203,32,"AimSync","id=203 bytes=32","cb 00 00 00 39 05 00 00 00 00 00 00 00 00 00 00 00 40 01 00 00 00 80 3f 00 00 f3 04 b5 3f 39 05",""
910,4206,"PACKET","IN",207,43,"PlayerSync","id=207 bytes=43","cf 1a 00 40 40 00 00 29 e4 ec 70 f7 cd 89 d1 53 bb 20 10 84 00 00 00 01 f3 e1 80 00 02 af 40 14 f7 d5 43 d4 23 fd fd c8 04 04 80",""
911,4206,"PACKET","IN",207,45,"PlayerSync","id=207 bytes=45","cf 60 00 e1 ff e4 3f c0 00 25 e9 6a 30 c7 d2 49 d1 71 33 df 10 84 00 00 00 01 cf 89 c0 00 00 10 6a b8 f7 68 5e 54 d7 fd fd ac 04 64 80",""
912,4206,"PACKET","IN",207,35,"PlayerSync","id=207 bytes=35","cf 92 00 00 00 11 4a e3 30 fd 19 49 91 6f df 1e 90 84 00 00 00 02 9b 21 c0 00 00 00 00 00 01 a5 04 04 80",""
913,4207,"PACKET","IN",207,35,"PlayerSync","id=207 bytes=35","cf 97 00 00 00 3d e7 a8 30 e5 89 c9 d1 7b 67 1f 10 84 00 00 00 00 0f 03 e8 00 00 00 00 00 01 28 00 04 11",""
914,4207,"RPC","IN",105,7,"TextDrawSetString","id=105 bytes=7","26 08 03 00 31 30 30",""
915,4207,"RPC","IN",105,5,"TextDrawSetString","id=105 bytes=5","27 08 01 00 30",""
916,4207,"RPC","IN",105,6,"TextDrawSetString","id=105 bytes=6","28 08 02 00 34 38",""
917,4207,"RPC","IN",105,5,"TextDrawSetString","id=105 bytes=5","29 08 01 00 37",""
918,4207,"RPC","IN",105,7,"TextDrawSetString","id=105 bytes=7","2a 08 03 00 31 30 30",""
919,4207,"PACKET","IN",200,44,"VehicleSync","id=200 bytes=44","c8 55 00 46 00 89 ff 00 00 20 00 6d e0 00 00 2d 1c d9 20 b8 2c 3e 57 92 44 54 ac e7 84 28 9c 82 73 e0 00 0f 47 f9 e7 fd 50 3f 00 00",""
920,4229,"PACKET","IN",207,45,"PlayerSync","id=207 bytes=45","cf 1a 00 80 80 7e ff c0 00 0f a5 ec 70 c8 0d 89 d1 49 3b e0 10 84 00 00 00 01 df e1 80 00 03 42 b8 14 f4 cc e0 20 5b fd fd c8 04 04 80",""
921,4229,"PACKET","IN",207,45,"PlayerSync","id=207 bytes=45","cf 60 00 e2 ff e3 ff c0 00 01 ab aa 30 d9 92 09 d1 73 b5 5f 10 84 00 00 00 01 37 89 c0 00 03 68 6a b0 f5 8c 5a b4 df fd fd ac 04 64 80",""
922,4253,"PACKET","IN",207,45,"PlayerSync","id=207 bytes=45","cf 1a 00 82 80 7a ff c0 00 38 26 2c 70 ef 4d 49 d1 62 3c 20 10 84 00 00 00 01 db ed 80 00 00 5a f8 14 f4 b5 13 58 3b fd fd c8 04 04 80",""
923,4253,"PACKET","IN",207,35,"PlayerSync","id=207 bytes=35","cf 70 00 00 00 2a a3 e3 70 fe e5 c9 91 41 e3 5e 90 80 00 00 00 03 5b 53 00 00 00 00 00 00 01 28 00 04 11",""
924,4277,"PACKET","IN",207,45,"PlayerSync","id=207 bytes=45","cf 1a 00 83 80 78 7f c0 00 0a e6 ac 70 d5 4d 49 d1 76 3c 60 10 84 00 00 00 02 df f5 80 00 02 53 40 14 f7 8d 43 ec 23 fd fd c8 04 04 80",""
925,4278,"PACKET","IN",207,35,"PlayerSync","id=207 bytes=35","cf 3d 00 00 00 32 67 a8 30 d0 79 49 91 7b 67 1f 10 84 00 00 00 00 e6 f1 c0 00 00 00 00 00 01 28 00 04 11",""
926,4278,"PACKET","IN",207,45,"PlayerSync","id=207 bytes=45","cf 60 00 e9 7f e2 7f c0 00 3e f0 ea 30 e6 91 89 d1 57 b9 5f 10 84 00 00 00 00 8b 75 c0 00 00 11 ae 90 f6 3c 4f f4 ef fd fd ac 04 64 80",""
927,4278,"PACKET","IN",207,45,"PlayerSync","id=207 bytes=45","cf 1a 00 85 00 74 ff c0 00 06 66 ec 70 fa 0d 09 d1 7e 7c a0 10 84 00 00 00 00 d3 fd 80 00 03 26 cc 18 f4 e1 7a 24 13 fd fd c8 04 04 80",""
928,4304,"PACKET","IN",207,35,"PlayerSync","id=207 bytes=35","cf 0b 00 00 00 26 cb 68 30 e8 bd c9 91 7b 67 1f 10 84 00 00 00 02 2e 5f c0 00 00 00 00 00 01 a5 04 e8 80",""
929,4305,"PACKET","IN",203,34,"AimSync","id=203 bytes=34","cb 0b 00 04 79 57 3a bf bc b9 92 3e 52 78 1f bf 8d e7 9e c3 96 e7 26 45 cc dd 83 42 00 00 00 00 3f 36",""
930,4305,"PACKET","IN",207,35,"PlayerSync","id=207 bytes=35","cf 51 00 00 00 1b 0a e3 30 cf a8 49 91 58 dd 9e 90 84 00 00 00 01 37 17 c0 00 00 00 00 00 01 28 00 04 11",""
931,4305,"PACKET","IN",200,44,"VehicleSync","id=200 bytes=44","c8 55 00 46 00 81 ff 00 00 20 00 6b 10 1a c0 2e bd 64 d7 18 2c 3b c7 a2 44 5d cc d7 84 26 a9 83 d3 ea e0 03 58 d1 48 0d 50 3f 00 00",""
932,4305,"PACKET","IN",207,41,"PlayerSync","id=207 bytes=41","cf 1a 00 00 00 2f 26 ec 70 da 0d 09 d1 49 bd 20 10 84 00 00 00 03 b3 fd 80 00 01 d9 94 68 f7 bd ae 50 07 fd fd a5 04 04 80",""
933,4305,"PACKET","IN",207,35,"PlayerSync","id=207 bytes=35","cf 1c 00 00 00 2d 1d 28 30 f6 cc c9 d1 7b 67 1f 10 84 00 00 00 00 65 93 00 00 00 00 00 00 01 28 00 04 11",""
934,4305,"RPC","IN",165,2,"WorldVehicleRemove","id=165 bytes=2","30 00",""
935,4306,"PACKET","OUT",205,9,"UNKNOWN_PACKET","id=205 bytes=9","cd b8 4a 04 00 00 00 00 00",""
936,4337,"PACKET","IN",207,41,"PlayerSync","id=207 bytes=41","cf 92 00 00 00 12 8a e3 30 fd 59 49 91 6f df 1e 90 84 00 00 00 02 9b 21 c0 00 02 02 64 64 e6 e5 8a 6b f3 fd fd a5 04 04 80",""
937,4337,"PACKET","IN",207,45,"PlayerSync","id=207 bytes=45","cf 60 00 ee 7f e1 bf c0 00 17 38 aa 30 df 11 09 d1 49 3e 9f 10 84 00 00 00 01 3b 69 c0 00 00 56 56 54 f6 e8 39 8d 13 fd fd ac 04 64 80",""
938,4363,"PACKET","IN",207,45,"PlayerSync","id=207 bytes=45","cf 60 00 ef ff e1 7f c0 00 0e 3a aa 30 ff 10 c9 d1 5b 3f df 10 84 00 00 00 02 53 5d c0 00 02 c7 72 5c f7 ec 37 51 17 fd fd ac 04 64 80",""
939,4387,"PACKET","IN",207,45,"PlayerSync","id=207 bytes=45","cf 60 00 f1 7f e1 3f c0 00 05 fc ea 30 de 50 c9 d1 51 81 5f 50 84 00 00 00 02 db 4d c0 00 03 a4 ae 64 f6 f4 2d c9 2b fd fd ac 04 64 80",""
940,4387,"RPC","IN",87,2,"ClearPlayerAnimation","id=87 bytes=2","63 00",""
941,4388,"RPC","IN",86,29,"ApplyPlayerAnimation","id=86 bytes=29","63 00 05 43 41 52 52 59 0b 63 72 72 79 5f 70 72 74 69 61 6c 33 33 83 40 00 00 00 00 00",""
942,4388,"PACKET","IN",207,41,"PlayerSync","id=207 bytes=41","cf 1a 00 00 00 04 e6 ec 70 f3 0c 89 d1 54 3d e0 10 80 00 00 00 00 2f ed 80 00 01 c7 2f 84 f1 72 44 b8 07 fd fd a5 04 04 80",""
943,4388,"PACKET","IN",200,44,"VehicleSync","id=200 bytes=44","c8 55 00 46 00 81 ff 00 00 20 00 61 10 20 90 3d be 02 0e 28 2c 33 e7 d2 44 51 9c f7 84 25 34 b5 13 e1 d0 31 29 c2 d8 0d 50 3f 00 00",""
944,4413,"PACKET","IN",207,35,"PlayerSync","id=207 bytes=35","cf 38 00 00 00 07 ff ea 30 d8 58 c9 d1 49 31 1f 10 84 00 00 00 03 9b d7 7c 00 00 00 00 00 01 a2 04 e8 80",""
945,4413,"PACKET","IN",203,34,"AimSync","id=203 bytes=34","cb 38 00 04 99 cc 75 bf 54 23 2a be 85 1d 66 be 30 3c a7 c3 22 6d 27 45 71 3b 81 42 00 00 00 00 3f c6",""
946,4414,"PACKET","IN",207,45,"PlayerSync","id=207 bytes=45","cf 60 00 f2 ff e1 3f c0 00 00 ff 2a 30 c2 10 c9 d1 40 82 df 50 84 00 00 00 03 03 39 c0 00 02 6a 2a 94 f7 e8 23 9d 43 fd fd ac 04 64 80",""
947,4414,"PACKET","IN",207,35,"PlayerSync","id=207 bytes=35","cf 76 00 00 00 0e 87 a2 f0 c1 28 c9 91 5a 1c 1e 90 84 00 00 00 03 6c 9f 40 00 00 00 00 00 01 28 00 04 11",""
948,4414,"PACKET","OUT",207,69,"PlayerSync","id=207 bytes=69","cf 00 00 00 00 00 00 73 61 95 c3 e9 46 26 45 82 99 7b 42 03 3f bf 3e 00 00 00 00 00 00 00 00 71 78 6d 3f 64 00 04 00 00 00 00 00 00 00 00 00 00 00 00 00 00 00 00 00 00 00 00 00 00 00 00 00 00 00 a5 04 04 80",""
949,4437,"PACKET","IN",207,45,"PlayerSync","id=207 bytes=45","cf 60 00 f3 ff e0 ff c0 00 1f 81 2a 70 ec 50 89 d1 53 44 1f 50 84 00 00 00 01 f7 25 c0 00 02 61 ba 9c f4 50 18 11 67 fd fd ac 04 64 80",""
950,4438,"PACKET","IN",207,45,"PlayerSync","id=207 bytes=45","cf 60 00 f3 ff e0 ff c0 00 37 43 aa 70 d7 d0 89 d1 65 05 9f 50 84 00 00 00 00 cb 19 c0 00 01 a0 6e dc f6 d4 0d 9d 87 fd fd ac 04 64 80",""
951,4438,"PACKET","IN",207,45,"PlayerSync","id=207 bytes=45","cf 60 00 f3 ff e0 ff c0 00 3e 46 2a 70 c7 50 89 d1 65 87 1f 50 84 00 00 00 02 47 0d c0 00 01 80 d6 e8 f6 38 0a 31 9b fd fd ac 04 64 80",""
952,4438,"PACKET","IN",207,35,"PlayerSync","id=207 bytes=35","cf 7c 00 00 00 35 a2 e2 70 da 28 89 91 5f 9d de 90 80 00 00 00 01 98 6a 40 00 00 00 00 00 01 28 00 04 11",""
953,4466,"RPC","IN",32,50,"WorldPlayerAdd","id=32 bytes=50","4f 00 ff 3c 00 00 00 9c e4 8d c3 66 82 26 45 68 91 7c 42 15 e8 85 43 ff ff ff ff 04 01 00 e8 03 e8 03 e8 03 01 00 e8 03 01 00 e8 03 e8 03 e8 03 2d 01",""
954,4468,"PACKET","IN",207,35,"PlayerSync","id=207 bytes=35","cf 1a 00 00 00 08 26 2c 70 c3 4c 89 d1 47 3e 20 10 80 00 00 00 02 77 89 80 00 00 00 00 00 01 a5 04 04 80",""
955,4468,"PACKET","IN",207,45,"PlayerSync","id=207 bytes=45","cf 60 00 f3 ff e0 ff c0 00 3b 09 2a 70 f7 10 49 d1 65 c8 df 50 84 00 00 00 01 e3 05 c0 00 00 85 2b 10 f7 34 06 5d ab fd fd ac 04 64 80",""
956,4469,"PACKET","IN",207,35,"PlayerSync","id=207 bytes=35","cf 63 00 00 00 35 23 63 70 dd 23 09 91 54 21 9e 90 80 00 00 00 02 22 63 80 00 00 00 00 00 01 a5 04 e8 80",""
957,4494,"PACKET","IN",207,45,"PlayerSync","id=207 bytes=45","cf 60 00 f3 ff e0 ff c0 00 0c 8b ea 70 eb 50 49 d1 62 4a 5f 50 84 00 00 00 03 86 fd c0 00 00 01 33 10 f5 34 07 1d b7 fd fd ac 04 64 80",""
958,4495,"PACKET","IN",207,35,"PlayerSync","id=207 bytes=35","cf 46 00 00 00 2c 6b a2 f0 e4 28 c9 91 41 1d de 90 80 00 00 00 00 00 03 c0 00 00 00 00 00 01 28 00 04 11",""
959,4495,"PACKET","IN",203,34,"AimSync","id=203 bytes=34","cb 46 00 04 f5 aa 38 bc 00 b0 77 3f af 48 81 be b0 ab 8b c3 40 83 26 45 24 f9 7e 42 00 00 00 00 23 37",""
960,4495,"PACKET","IN",207,41,"PlayerSync","id=207 bytes=41","cf 92 00 00 00 16 ca e3 30 ff 99 49 91 70 1f 1e 90 84 00 00 00 02 9b 21 c0 00 02 a2 66 64 e6 e5 8a 6b f3 fd fd a5 04 04 80",""
961,4495,"PACKET","IN",203,34,"AimSync","id=203 bytes=34","cb 92 00 04 bd a4 c5 be 6d c2 6a 3f 37 40 cd bd 3e d1 8b c3 38 4b 26 45 35 9e 7d 42 00 00 00 00 3f 37",""
962,4521,"PACKET","IN",207,35,"PlayerSync","id=207 bytes=35","cf 4f 00 00 00 27 39 23 70 d9 a0 89 91 5a 24 5f 10 80 00 00 00 01 c2 e2 00 00 00 00 00 00 01 6c 04 04 80",""
963,4521,"PACKET","IN",207,45,"PlayerSync","id=207 bytes=45","cf 60 00 f3 ff e0 ff c0 00 19 0f 2a 70 de 10 49 d1 47 8c 5f 50 84 00 00 00 02 8e f9 c0 00 01 e9 37 10 f7 ec 00 b1 c3 fd fd ac 04 64 80",""
964,4522,"PACKET","IN",207,45,"PlayerSync","id=207 bytes=45","cf 60 00 f3 ff e0 ff c0 00 3f 51 aa 70 d4 d0 49 d1 4a 4d df 50 84 00 00 00 03 22 f5 c0 00 03 fe 3f 04 f7 0c 00 19 cb fd fd ac 04 64 80",""
965,4551,"PACKET","IN",207,45,"PlayerSync","id=207 bytes=45","cf 60 00 f3 ff e0 ff c0 00 0b 54 6a 70 cc d0 49 d1 7c 8f 1f 50 84 00 00 00 00 a2 f5 c0 00 01 02 e3 00 f6 84 01 35 cf fd fd ac 04 64 80",""
966,4552,"PACKET","IN",207,35,"PlayerSync","id=207 bytes=35","cf 1a 00 00 00 08 26 2c 70 c3 4c 89 d1 47 3e 20 10 80 00 00 00 00 bb 29 80 00 00 00 00 00 01 a5 04 04 80",""
967,4552,"PACKET","IN",207,35,"PlayerSync","id=207 bytes=35","cf 54 00 00 00 05 77 63 70 c5 21 c9 91 65 24 1e 90 80 00 00 00 00 12 8e c0 00 00 00 00 00 01 a5 04 04 80",""
968,4552,"PACKET","IN",207,35,"PlayerSync","id=207 bytes=35","cf 5b 00 00 00 0e fc 66 b0 e8 7d 89 91 7b 67 1f 10 84 00 00 00 01 0a e2 00 00 00 00 00 00 01 a5 04 e8 80",""
969,4576,"PACKET","IN",207,35,"PlayerSync","id=207 bytes=35","cf 27 00 00 00 33 42 a6 f0 cc 4f c9 d1 7b 67 1f 10 84 00 00 00 02 9e de 80 00 00 00 00 00 01 a5 04 e8 80",""
970,4577,"PACKET","IN",200,44,"VehicleSync","id=200 bytes=44","c8 55 00 46 00 81 ff 00 00 00 00 6c 90 2a 40 27 1f 30 bc b8 3c 36 48 92 44 5a 6d 77 84 26 26 75 93 ee 91 2f 3c 2e 68 0d 50 3f 00 00",""
971,4577,"PACKET","IN",207,45,"PlayerSync","id=207 bytes=45","cf 60 00 f3 ff e0 ff c0 00 3f 16 aa 70 c5 90 49 d1 60 10 9f 50 84 00 00 00 02 e2 f1 c0 00 02 77 06 e8 f6 28 00 e5 d3 fd fd ac 04 64 80",""
972,4578,"PACKET","IN",207,45,"PlayerSync","id=207 bytes=45","cf 60 00 f3 ff e0 ff c0 00 26 99 aa 70 fd 90 09 d1 43 92 5f 50 84 00 00 00 01 be f1 c0 00 00 5d ca e4 f5 f0 03 79 d3 fd fd ac 04 64 80",""
973,4603,"PACKET","IN",207,45,"PlayerSync","id=207 bytes=45","cf 60 00 f3 ff e0 ff c0 00 2b 1c 2a 70 f6 d0 09 d1 6f 13 9f 50 84 00 00 00 01 36 f1 c0 00 00 64 9a dc f5 c8 01 29 d7 fd fd ac 04 64 80",""
974,4604,"PACKET","IN",207,39,"PlayerSync","id=207 bytes=39","cf 1a 00 86 00 7b 7f c0 00 08 26 2c 70 c3 4c 89 d1 47 3e 20 10 80 00 00 00 01 f7 49 80 00 00 00 00 00 01 c8 04 04 80",""
975,4632,"PACKET","IN",207,45,"PlayerSync","id=207 bytes=45","cf 1a 00 87 80 78 ff c0 00 35 a5 2c 70 f9 4c 49 d1 53 3d e0 10 80 00 00 00 00 ab 69 80 00 00 bc b4 18 f7 2f df b1 4b fd fd c8 04 04 80",""
976,4633,"PACKET","IN",207,45,"PlayerSync","id=207 bytes=45","cf 60 00 f3 ff e0 ff c0 00 05 de ea 70 f0 10 09 d1 66 95 1f 50 84 00 00 00 01 16 f1 c0 00 02 39 e2 d8 f5 b8 01 f1 d7 fd fd ac 04 64 80",""
977,4633,"PACKET","IN",207,41,"PlayerSync","id=207 bytes=41","cf 92 00 00 00 1a 0a e3 30 c1 59 89 91 70 1f 1e 90 84 00 00 00 02 9b 21 c0 00 02 1a 66 64 e6 e5 8a 6b f3 fd fd a5 04 04 80",""
978,4633,"PACKET","IN",207,45,"PlayerSync","id=207 bytes=45","cf 1a 00 88 00 75 3f c0 00 2c 24 6c 70 ec 8c 49 d1 68 3d a0 10 80 00 00 00 02 bf 6d 80 00 00 31 00 18 f4 8f c8 49 1b fd fd c8 04 04 80",""
979,4633,"PACKET","IN",207,35,"PlayerSync","id=207 bytes=35","cf 4d 00 00 00 02 00 23 30 e6 e4 09 91 70 1e 9e 90 84 00 00 00 03 da d0 80 00 00 00 00 00 01 a5 04 04 80",""
980,4658,"PACKET","IN",207,35,"PlayerSync","id=207 bytes=35","cf 53 00 00 00 23 e6 e8 30 e9 d8 09 d1 7a e7 1f 10 84 00 00 00 02 ba 42 c0 00 00 00 00 00 01 a5 04 04 80",""
981,4658,"PACKET","IN",207,45,"PlayerSync","id=207 bytes=45","cf 60 00 f6 7f e0 bf c0 00 1e 21 6a 70 e9 50 09 d1 5c d6 9f 50 84 00 00 00 00 62 dd c0 00 00 06 3e cc f5 b4 02 1d d7 fd fd ac 04 64 80",""
982,4658,"PACKET","IN",203,34,"AimSync","id=203 bytes=34","cb 60 00 04 be 41 7c bf 50 6d 2b 3e 3f ca 01 bd 86 ca a7 c3 24 37 27 45 31 19 80 42 00 00 00 00 3f 36",""
983,4658,"PACKET","IN",207,45,"PlayerSync","id=207 bytes=45","cf 1a 00 88 00 74 7f c0 00 1d a3 ac 70 de cc 49 d1 7d bd 60 10 80 00 00 00 01 8b 69 80 00 02 9d 0c 18 f7 1f c1 e1 0f fd fd c8 04 04 80",""
984,4658,"PACKET","IN",200,44,"VehicleSync","id=200 bytes=44","c8 55 00 46 00 89 ff 00 00 08 00 6e e0 37 30 16 af 97 d2 38 4c 3e 59 12 44 56 ad e7 84 22 9b e4 43 e1 61 e7 0d 2f 88 0d 50 3f 00 00",""
985,4658,"PACKET","IN",207,45,"PlayerSync","id=207 bytes=45","cf 60 00 fb 7f e0 7f c0 00 0a 24 2a 70 e7 50 09 d1 54 18 1f 50 84 00 00 00 02 de b1 c0 00 03 dc 62 c4 f4 20 00 29 f7 fd fd ac 04 64 80",""
986,4683,"PACKET","IN",207,35,"PlayerSync","id=207 bytes=35","cf 29 00 00 00 08 a6 a8 30 da 95 09 d1 7b 67 1f 10 84 00 00 00 00 88 e3 c0 00 00 00 00 00 01 a5 04 04 80",""
987,4684,"PACKET","IN",203,34,"AimSync","id=203 bytes=34","cb 29 00 04 4b ce 0f 3f ea 8d 3e bf a6 e0 b8 be 43 5d a1 c3 bc 74 27 45 59 77 81 42 00 00 00 00 3f 06",""
988,4684,"PACKET","IN",207,43,"PlayerSync","id=207 bytes=43","cf 60 00 60 3f c0 00 22 a6 aa 70 ee d0 09 d1 6d 99 5f 50 84 00 00 00 02 2e 81 c0 00 03 fa 8a b4 f6 0c 01 de 2f fd fd ac 04 64 80",""
989,4709,"PACKET","IN",207,41,"PlayerSync","id=207 bytes=41","cf 1a 00 00 00 3a 62 6c 70 cc 0c 49 d1 40 3d 60 10 80 00 00 00 01 8b 69 80 00 02 55 00 18 f7 cb c6 c9 17 fd fd a5 04 04 80",""
990,4709,"PACKET","IN",207,35,"PlayerSync","id=207 bytes=35","cf 1f 00 00 00 26 a3 e3 70 c2 1d 89 91 42 a3 5e 90 80 00 00 00 02 c2 27 00 00 00 00 00 00 01 28 00 04 11",""
991,4709,"PACKET","IN",207,43,"PlayerSync","id=207 bytes=43","cf 60 00 60 7f c0 00 21 28 ea 70 fe 90 09 d1 45 9a 9f 50 84 00 00 00 03 ea 71 c0 00 01 ac 22 a4 f7 c8 09 42 6f fd fd ac 04 64 80",""
992,4709,"PACKET","IN",207,35,"PlayerSync","id=207 bytes=35","cf 85 00 00 00 2a 16 e5 b0 ef 3f 89 91 6c 24 9f 10 80 00 00 00 00 ab 25 80 00 00 00 00 00 01 28 00 04 11",""
993,4710,"PACKET","IN",203,34,"AimSync","id=203 bytes=34","cb 85 00 04 af 88 f9 be 2a cb 54 3f 6f f0 88 be 9c eb 95 c3 d9 e6 26 45 89 72 80 42 00 00 00 00 3f c6",""
994,4710,"PACKET","IN",207,41,"PlayerSync","id=207 bytes=41","cf 92 00 00 00 1d ca e3 30 c3 99 89 91 70 5f 1e 90 84 00 00 00 02 9b 21 c0 00 01 81 9b 98 e6 e5 8a 6b f3 fd fd a5 04 04 80",""
995,4727,"PACKET","OUT",203,32,"AimSync","id=203 bytes=32","cb 00 00 00 39 05 00 00 00 00 00 00 00 00 00 00 00 40 01 00 00 00 80 3f 00 00 f3 04 b5 3f 39 05",""
996,4737,"PACKET","IN",207,43,"PlayerSync","id=207 bytes=43","cf 60 00 60 7f c0 00 33 eb 2a 70 d1 90 49 d1 61 db 9f 50 84 00 00 00 01 56 69 c0 00 02 1e 16 98 f7 fc 0e f2 7f fd fd ac 04 64 80",""
997,4737,"PACKET","IN",207,35,"PlayerSync","id=207 bytes=35","cf 97 00 00 00 3d e7 a8 30 e5 89 c9 d1 7b 67 1f 10 84 00 00 00 00 0f 03 e8 00 00 00 00 00 01 28 00 04 11",""
998,4737,"PACKET","IN",207,35,"PlayerSync","id=207 bytes=35","cf 02 00 00 00 2d a2 e3 70 ee 9a 89 91 77 a3 1e 90 80 00 00 00 00 8a aa c0 00 00 00 00 00 01 28 00 04 11",""
999,4761,"PACKET","IN",200,44,"VehicleSync","id=200 bytes=44","c8 55 00 46 00 ba ff 00 00 08 00 4e 90 47 90 01 5f d1 b6 68 4c 3c f9 92 44 55 ae 37 84 22 df 51 83 ee 62 7d ad cb f8 0d 50 3f 00 00",""
1000,4761,"PACKET","IN",203,34,"AimSync","id=203 bytes=34","cb 55 00 12 3a 75 3f 3f ce a5 11 3f 5c 1e af be a6 bb 86 c3 95 59 24 45 37 5a 84 42 00 00 00 00 3f 44",""
1001,4761,"PACKET","IN",207,45,"PlayerSync","id=207 bytes=45","cf 60 00 80 80 60 7f c0 00 10 ad ea 70 e9 50 49 d1 5c dc df 50 84 00 00 00 00 fe 5d c0 00 03 f6 2e 80 f7 74 13 d2 8b fd fd ac 04 64 80",""
1002,4761,"PACKET","IN",207,45,"PlayerSync","id=207 bytes=45","cf 60 00 81 80 60 7f c0 00 26 b0 aa 70 c6 10 89 d1 6c 9e 1f 50 84 00 00 00 02 0e 4d c0 00 02 d4 32 84 f7 e0 16 8a 9b fd fd ac 04 64 80",""
1003,4787,"RPC","IN",99,42,"MoveObject","id=99 bytes=42","a0 00 f8 e3 a1 c3 d7 9b 26 45 53 c5 7d 42 f8 e3 a1 c3 d7 9b 26 45 ed 5e 7b 42 00 00 80 3e 00 00 00 00 00 00 00 00 08 cc 84 43",""
1004,4787,"RPC","IN",122,2,"StopObject","id=122 bytes=2","a0 00",""
1005,4788,"RPC","IN",99,42,"MoveObject","id=99 bytes=42","a0 00 f8 e3 a1 c3 d7 9b 26 45 53 c5 7d 42 f8 e3 a1 c3 d7 9b 26 45 53 c5 7d 42 00 00 80 3e 00 00 00 00 00 00 00 00 08 cc 84 43",""
1006,4788,"RPC","IN",122,2,"StopObject","id=122 bytes=2","a0 00",""
1007,4788,"RPC","IN",99,42,"MoveObject","id=99 bytes=42","a0 00 f8 e3 a1 c3 d7 9b 26 45 53 c5 7d 42 f8 e3 a1 c3 d7 9b 26 45 ed 5e 7b 42 00 00 80 3e 00 00 00 00 00 00 00 00 08 cc 84 43",""
1008,4788,"RPC","IN",122,2,"StopObject","id=122 bytes=2","a0 00",""
1009,4788,"RPC","IN",99,42,"MoveObject","id=99 bytes=42","a0 00 f8 e3 a1 c3 d7 9b 26 45 53 c5 7d 42 f8 e3 a1 c3 d7 9b 26 45 53 c5 7d 42 00 00 80 3e 00 00 00 00 00 00 00 00 08 cc 84 43",""
1010,4788,"RPC","IN",122,2,"StopObject","id=122 bytes=2","a0 00",""
1011,4788,"RPC","IN",99,42,"MoveObject","id=99 bytes=42","a0 00 f8 e3 a1 c3 d7 9b 26 45 53 c5 7d 42 f8 e3 a1 c3 d7 9b 26 45 ed 5e 7b 42 00 00 80 3e 00 00 00 00 00 00 00 00 08 cc 84 43",""
1012,4788,"RPC","IN",122,2,"StopObject","id=122 bytes=2","a0 00",""
1013,4788,"RPC","IN",99,42,"MoveObject","id=99 bytes=42","a0 00 f8 e3 a1 c3 d7 9b 26 45 53 c5 7d 42 f8 e3 a1 c3 d7 9b 26 45 53 c5 7d 42 00 00 80 3e 00 00 00 00 00 00 00 00 08 cc 84 43",""
1014,4788,"RPC","IN",122,2,"StopObject","id=122 bytes=2","a0 00",""
1015,4788,"RPC","IN",99,42,"MoveObject","id=99 bytes=42","a0 00 f8 e3 a1 c3 d7 9b 26 45 53 c5 7d 42 f8 e3 a1 c3 d7 9b 26 45 ed 5e 7b 42 00 00 80 3e 00 00 00 00 00 00 00 00 08 cc 84 43",""
1016,4788,"RPC","IN",122,2,"StopObject","id=122 bytes=2","a0 00",""
1017,4789,"RPC","IN",99,42,"MoveObject","id=99 bytes=42","a0 00 f8 e3 a1 c3 d7 9b 26 45 53 c5 7d 42 f8 e3 a1 c3 d7 9b 26 45 53 c5 7d 42 00 00 80 3e 00 00 00 00 00 00 00 00 08 cc 84 43",""
1018,4789,"RPC","IN",122,2,"StopObject","id=122 bytes=2","a0 00",""
1019,4789,"RPC","IN",99,42,"MoveObject","id=99 bytes=42","a0 00 f8 e3 a1 c3 d7 9b 26 45 53 c5 7d 42 f8 e3 a1 c3 d7 9b 26 45 ed 5e 7b 42 00 00 80 3e 00 00 00 00 00 00 00 00 08 cc 84 43",""
1020,4789,"RPC","IN",122,2,"StopObject","id=122 bytes=2","a0 00",""
1021,4789,"RPC","IN",99,42,"MoveObject","id=99 bytes=42","a0 00 f8 e3 a1 c3 d7 9b 26 45 53 c5 7d 42 f8 e3 a1 c3 d7 9b 26 45 53 c5 7d 42 00 00 80 3e 00 00 00 00 00 00 00 00 08 cc 84 43",""
1022,4789,"PACKET","IN",207,41,"PlayerSync","id=207 bytes=41","cf 1a 00 00 00 3b 5f 2c 70 d6 cc 09 d1 50 3c a0 10 80 00 00 00 01 8b 69 80 00 02 dd e7 18 f3 cb c6 c9 17 fd fd a5 04 04 80",""
1023,4790,"PACKET","IN",207,35,"PlayerSync","id=207 bytes=35","cf 2d 00 00 00 3c 58 68 30 c1 50 49 d1 7b 67 1f 10 84 00 00 00 02 aa b3 c0 00 00 00 00 00 01 a5 04 e8 80",""
1024,4790,"PACKET","IN",203,34,"AimSync","id=203 bytes=34","cb 2d 00 04 ba e4 4f 3f 48 e1 eb be a3 5f b7 be 8c c9 a1 c3 85 5a 27 45 0f fc 81 42 00 00 00 00 3f 28",""
1025,4790,"PACKET","IN",207,35,"PlayerSync","id=207 bytes=35","cf 1c 00 00 00 2d 1d 28 30 f6 cc c9 d1 7b 67 1f 10 84 00 00 00 00 65 93 00 00 00 00 00 00 01 28 00 04 11",""
1026,4790,"PACKET","IN",207,37,"PlayerSync","id=207 bytes=37","cf 38 00 60 3f c0 00 07 ff ea 30 d8 58 c9 d1 49 31 1f 10 84 00 00 00 02 cb cf 7c 00 00 00 00 00 01 cc 04 e8 80",""
1027,4791,"PACKET","IN",207,45,"PlayerSync","id=207 bytes=45","cf 60 00 82 00 60 7f c0 00 17 73 aa 70 e7 90 89 d1 41 1f 9f 50 84 00 00 00 03 9e 41 c0 00 00 10 ae 90 f5 c0 1f fa ab fd fd ac 04 64 80",""
1028,4816,"PACKET","IN",207,45,"PlayerSync","id=207 bytes=45","cf 60 00 85 80 60 7f c0 00 14 35 ea 70 c3 10 c9 d1 40 60 9f 50 84 00 00 00 02 6e 25 c0 00 00 28 4a 70 f6 28 23 e2 b7 fd fd ac 04 64 80",""
1029,4817,"PACKET","IN",207,35,"PlayerSync","id=207 bytes=35","cf 70 00 00 00 2a a3 e3 70 fe e5 c9 91 41 e3 5e 90 80 00 00 00 03 5b 53 00 00 00 00 00 00 01 28 00 04 11",""
1030,4817,"PACKET","IN",207,35,"PlayerSync","id=207 bytes=35","cf 3d 00 00 00 32 67 a8 30 d0 79 49 91 7b 67 1f 10 84 00 00 00 00 e6 f1 c0 00 00 00 00 00 01 28 00 04 11",""
1031,4817,"PACKET","IN",200,44,"VehicleSync","id=200 bytes=44","c8 55 00 46 00 09 00 00 00 08 00 4b 10 5d 50 12 9f f4 39 28 4c 39 9a 02 44 5a 0e 57 84 2b 6e cd 93 d9 13 3a ce 65 f8 0d 50 3f 00 00",""
1032,4818,"PACKET","IN",207,45,"PlayerSync","id=207 bytes=45","cf 60 00 88 00 60 bf c0 00 3a 78 6a 70 ea 90 c9 d1 60 a1 9f 50 84 00 00 00 01 26 11 c0 00 00 38 1a 8c f7 d8 2c 1e db fd fd ac 04 64 80",""
1033,4841,"PACKET","IN",207,35,"PlayerSync","id=207 bytes=35","cf 51 00 00 00 1b 0a e3 30 cf a8 49 91 58 dd 9e 90 84 00 00 00 01 37 17 c0 00 00 00 00 00 01 28 00 04 11",""
1034,4842,"PACKET","IN",207,41,"PlayerSync","id=207 bytes=41","cf 92 00 00 00 22 ca e3 30 c6 59 89 91 70 9f 1e 90 84 00 00 00 02 9b 21 c0 00 01 a9 9b 98 e6 e5 8a 6b f3 fd fd a5 04 04 80",""
1035,4842,"RPC","IN",105,19,"TextDrawSetString","id=105 bytes=19","2f 01 0f 00 30 39 20 41 67 75 73 74 75 73 20 32 30 32 36",""
1036,4842,"RPC","IN",105,12,"TextDrawSetString","id=105 bytes=12","30 01 08 00 31 32 3a 30 32 3a 33 37",""
1037,4842,"PACKET","IN",207,41,"PlayerSync","id=207 bytes=41","cf 1a 00 00 00 32 5d 2c 70 f5 8b c9 d1 61 bc 20 10 80 00 00 00 01 8b 69 80 00 00 d1 ec e8 f3 cb c6 c9 17 fd fd a5 04 04 80",""
1038,4842,"PACKET","IN",207,45,"PlayerSync","id=207 bytes=45","cf 60 00 8b 00 60 ff c0 00 03 7a aa 70 cc d1 09 d1 76 22 5f 50 84 00 00 00 00 11 f9 c0 00 01 d0 16 bc f6 f8 3a 8e ef fd fd ac 04 64 80",""
1039,4870,"PACKET","IN",207,45,"PlayerSync","id=207 bytes=45","cf 60 00 8f 00 61 3f c0 00 0b bc aa 70 f3 d1 09 d1 41 23 5f 50 84 00 00 00 01 09 d9 c0 00 02 b0 96 d0 f5 38 4b db 07 fd fd ac 04 64 80",""
1040,4871,"PACKET","IN",207,43,"PlayerSync","id=207 bytes=43","cf 38 00 60 3f c0 00 00 42 aa 70 c3 98 89 d1 6e 33 1f 10 84 00 00 00 03 6b a7 7c 00 00 78 38 18 f7 54 7e 18 af fd fd cc 04 e8 80",""
1041,4871,"PACKET","IN",207,45,"PlayerSync","id=207 bytes=45","cf 60 00 93 00 61 ff c0 00 07 fe aa 70 e0 51 49 d1 7a e3 df 50 84 00 00 00 03 e1 b5 c0 00 03 2a ae e0 f4 70 5d 77 27 fd fd ac 04 64 80",""
1042,4900,"PACKET","IN",207,45,"PlayerSync","id=207 bytes=45","cf 60 00 98 00 62 bf c0 00 27 80 aa b0 d7 91 89 d1 72 24 9f 50 84 00 00 00 03 15 8d c0 00 02 c6 ce e0 f6 c0 73 07 43 fd fd ac 04 64 80",""
1043,4901,"RPC","IN",86,27,"ApplyPlayerAnimation","id=86 bytes=27","2d 00 07 42 44 5f 46 49 52 45 07 77 61 73 68 5f 75 70 33 33 83 40 80 00 00 00 00",""
1044,4926,"PACKET","IN",207,45,"PlayerSync","id=207 bytes=45","cf 60 00 9d 80 63 ff c0 00 39 c2 6a b0 d0 11 c9 d1 7c e5 1f 50 84 00 00 00 02 a9 5d c0 00 00 3a f2 e0 f4 74 90 73 67 fd fd ac 04 64 80",""
1045,4926,"PACKET","IN",207,39,"PlayerSync","id=207 bytes=39","cf 1a 00 84 00 40 40 00 00 3c 9c ec 70 f2 0b c9 d1 56 7c 20 10 80 00 00 00 01 83 85 80 00 00 00 00 00 01 c8 04 04 80",""
1046,4926,"PACKET","IN",207,41,"PlayerSync","id=207 bytes=41","cf 92 00 00 00 26 0a e3 30 c8 59 89 91 70 9f 1e 90 84 00 00 00 02 9b 21 c0 00 02 46 66 64 e6 e5 8a 6b f3 fd fd a5 04 04 80",""
1047,4951,"PACKET","IN",207,45,"PlayerSync","id=207 bytes=45","cf 1a 00 87 80 40 40 00 00 00 9c 6c 70 e2 8b c9 d1 76 3b e0 10 80 00 00 00 02 c7 9d 80 00 01 1d 40 18 f7 87 aa 4c e7 fd fd c8 04 04 80",""
1048,4952,"PACKET","IN",203,34,"AimSync","id=203 bytes=34","cb 1a 00 04 27 1e 7a 3f ec 6e 32 be 3f 5b fb bd 12 04 b3 c3 8f 38 27 45 ac ed 82 42 00 00 00 00 3f 36",""
1049,4952,"PACKET","IN",207,43,"PlayerSync","id=207 bytes=43","cf 38 00 60 3f c0 00 19 05 6a 70 ed 58 09 d1 68 35 5f 10 84 00 00 00 01 2b b3 7c 00 02 f1 a8 68 f6 e4 91 08 9b fd fd cc 04 e8 80",""
1050,4952,"PACKET","IN",200,44,"VehicleSync","id=200 bytes=44","c8 55 00 46 00 3f 00 00 00 08 00 46 c0 55 60 2d 7f f4 ca 98 4c 3b fa 42 44 53 de 67 84 20 12 79 23 d6 f3 81 ee a2 d8 0d 50 3f 00 00",""
1051,4952,"PACKET","IN",207,45,"PlayerSync","id=207 bytes=45","cf 60 00 a0 80 64 ff c0 00 01 44 2a b0 ca 52 09 d1 5b 65 9f 50 84 00 00 00 03 c1 3d c0 00 02 f8 da d4 f6 84 b7 e7 87 fd fd ac 04 64 80",""
1052,4977,"PACKET","IN",207,45,"PlayerSync","id=207 bytes=45","cf 1a 00 8f 80 40 80 00 00 12 9b ac 70 d0 8b c9 d1 5f bb e0 10 80 00 00 00 01 57 b5 80 00 00 a5 70 18 f6 1f 89 30 bb fd fd c8 04 04 80",""
1053,4978,"PACKET","IN",207,45,"PlayerSync","id=207 bytes=45","cf 60 00 a3 80 65 bf c0 00 2b 45 ea b0 dd 52 49 d1 7d 25 df 50 84 00 00 00 02 35 21 c0 00 03 19 ba cc f4 38 d0 23 9f fd fd ac 04 64 80",""
1054,4978,"PACKET","IN",207,35,"PlayerSync","id=207 bytes=35","cf 76 00 00 00 0e 87 a2 f0 c1 28 c9 91 5a 1c 1e 90 84 00 00 00 03 6c 9f 40 00 00 00 00 00 01 28 00 04 11",""
1055,4978,"PACKET","IN",207,45,"PlayerSync","id=207 bytes=45","cf 1a 00 92 00 40 40 00 00 36 5a ec 70 fc 4b 89 d1 54 bb e0 10 80 00 00 00 00 ef c9 80 00 02 b5 8c 18 f7 d3 63 dc 8f fd fd c8 04 04 80",""
1056,4978,"PACKET","IN",200,44,"VehicleSync","id=200 bytes=44","c8 55 00 46 00 5f 00 00 00 08 00 3f 30 37 a0 2e bf f0 eb 88 4c 31 8a 72 44 5b 9e 67 84 2a 8f 20 23 d3 e2 33 3d 89 48 0d 50 3f 00 00",""
1057,4978,"PACKET","IN",207,45,"PlayerSync","id=207 bytes=45","cf 60 00 a7 00 66 ff c0 00 37 47 6a b0 e9 d2 89 d1 79 26 1f 50 84 00 00 00 00 20 fd c0 00 02 9f f6 b4 f5 ac e9 bb af fd fd ac 04 64 80",""
1058,4979,"PACKET","OUT",207,69,"PlayerSync","id=207 bytes=69","cf 00 00 00 00 00 00 73 61 95 c3 e9 46 26 45 82 99 7b 42 03 3f bf 3e 00 00 00 00 00 00 00 00 71 78 6d 3f 64 00 04 00 00 00 00 00 00 00 00 00 00 00 00 00 00 00 00 00 00 00 00 00 00 00 00 00 00 00 a5 04 04 80",""
1059,5004,"PACKET","IN",207,45,"PlayerSync","id=207 bytes=45","cf 60 00 a7 00 66 ff c0 00 1e 48 ea b0 fc 52 c9 d1 54 a6 5f 50 84 00 00 00 02 8c f5 c0 00 03 23 36 a8 f7 9d 09 e7 c3 fd fd ac 04 64 80",""
1060,5005,"PACKET","IN",207,35,"PlayerSync","id=207 bytes=35","cf 7c 00 00 00 35 a2 e2 70 da 28 89 91 5f 9d de 90 80 00 00 00 01 98 6a 40 00 00 00 00 00 01 28 00 04 11",""
1061,5005,"RPC","IN",86,33,"ApplyPlayerAnimation","id=86 bytes=33","27 00 06 44 45 41 4c 45 52 0e 44 45 41 4c 45 52 5f 49 44 4c 45 5f 30 31 00 00 a0 40 60 00 00 00 00",""
1062,5006,"PACKET","IN",207,43,"PlayerSync","id=207 bytes=43","cf 1a 00 96 80 00 00 2b da 6c 70 e6 0b 89 d1 53 bb e0 10 80 00 00 00 01 b3 d9 80 00 01 85 98 18 f5 6f 3b 28 6b fd fd c8 04 04 80",""
1063,5034,"PACKET","IN",207,43,"PlayerSync","id=207 bytes=43","cf 38 00 60 3f c0 00 27 88 ea 70 fd 17 89 d1 78 f8 1f 10 84 00 00 00 01 2b b3 7c 00 03 e5 a8 68 f4 58 97 94 97 fd fd cc 04 e8 80",""
1064,5034,"PACKET","IN",207,39,"PlayerSync","id=207 bytes=39","cf 4d 00 81 00 7c 7f c0 00 02 00 23 30 e6 e4 09 91 70 1e 9e 90 84 00 00 00 01 a2 fc 80 00 00 00 00 00 01 a5 04 04 80",""
1065,5035,"PACKET","IN",207,45,"PlayerSync","id=207 bytes=45","cf 60 00 a7 00 66 ff c0 00 3e 89 ea b0 c0 93 49 d1 66 e6 5f 50 84 00 00 00 01 6c ed c0 00 02 c7 fe 9c f4 b1 10 9f c7 fd fd ac 04 64 80",""
1066,5035,"PACKET","IN",207,35,"PlayerSync","id=207 bytes=35","cf 63 00 00 00 35 23 63 70 dd 23 09 91 54 21 9e 90 80 00 00 00 02 22 63 80 00 00 00 00 00 01 a5 04 e8 80",""
1067,5035,"PACKET","IN",207,41,"PlayerSync","id=207 bytes=41","cf 1a 00 00 00 35 d9 ec 70 ce 0b 89 d1 5d bb e0 10 80 00 00 00 03 77 e5 80 00 00 c9 90 18 f7 03 0b 20 4b fd fd a5 04 04 80",""
1068,5035,"PACKET","IN",207,45,"PlayerSync","id=207 bytes=45","cf 38 00 c0 7f e0 3f c0 00 1a c9 aa 70 e7 17 89 d1 46 b8 df 10 84 00 00 00 03 8f bb 7c 00 00 19 ac 68 f4 58 97 94 97 fd fd cc 04 e8 80",""
1069,5035,"PACKET","IN",207,45,"PlayerSync","id=207 bytes=45","cf 4d 00 84 80 74 3f c0 00 0c 00 e3 30 e3 e4 09 91 79 1e 9e 90 84 00 00 00 02 5f 1c 80 00 03 65 94 18 f7 94 03 89 c3 fd fd a5 04 04 80",""
1070,5035,"PACKET","IN",207,35,"PlayerSync","id=207 bytes=35","cf 4f 00 00 00 27 39 23 70 d9 a0 89 91 5a 24 5f 10 80 00 00 00 01 c2 e2 00 00 00 00 00 00 01 6c 04 04 80",""
1071,5035,"PACKET","IN",203,34,"AimSync","id=203 bytes=34","cb 4f 00 04 6d 7e 7f 3f f0 19 1c bd f6 b6 4c bd 9f ac 8e c3 5a 83 26 45 e3 47 7f 42 00 00 00 00 3f 26",""
1072,5060,"PACKET","IN",207,35,"PlayerSync","id=207 bytes=35","cf 2d 00 00 00 3c 58 68 30 c1 50 49 d1 7b 67 1f 10 84 00 00 00 02 aa b3 c0 00 00 00 00 00 01 28 00 04 11",""
1073,5060,"PACKET","IN",207,45,"PlayerSync","id=207 bytes=45","cf 4d 00 87 00 6d 3f c0 00 1c 41 a3 30 de 24 09 91 42 9e de 90 84 00 00 00 02 8f 3c 80 00 03 69 94 18 f4 0c 0d 85 93 fd fd a5 04 04 80",""
1074,5061,"PACKET","IN",207,35,"PlayerSync","id=207 bytes=35","cf 5b 00 00 00 0e fc 66 b0 e8 7d 89 91 7b 67 1f 10 84 00 00 00 01 0a e2 00 00 00 00 00 00 01 a5 04 e8 80",""
1075,5061,"PACKET","IN",207,41,"PlayerSync","id=207 bytes=41","cf 92 00 00 00 2a 0a e3 30 ca 59 89 91 71 1f 1e 90 84 00 00 00 02 9b 21 c0 00 02 3a 66 64 e6 e5 8a 6b f3 fd fd a5 04 04 80",""
1076,5061,"PACKET","IN",200,44,"VehicleSync","id=200 bytes=44","c8 55 00 46 00 71 00 00 00 08 00 3a 20 10 c0 2b 7f fc ec 08 4c 38 1a 72 44 59 fe 77 84 22 b2 07 83 c2 30 06 67 a0 f8 2d 50 3f 00 00",""
1077,5086,"PACKET","IN",207,35,"PlayerSync","id=207 bytes=35","cf 27 00 00 00 33 42 a6 f0 cc 4f c9 d1 7b 67 1f 10 84 00 00 00 02 9e de 80 00 00 00 00 00 01 a5 04 e8 80",""
1078,5087,"PACKET","IN",207,45,"PlayerSync","id=207 bytes=45","cf 4d 00 89 80 67 7f c0 00 19 82 e3 30 d0 e4 09 91 51 1e de 90 84 00 00 00 00 87 6c 80 00 03 95 94 18 f6 30 1a 51 5f fd fd a5 04 04 80",""
1079,5087,"PACKET","IN",207,45,"PlayerSync","id=207 bytes=45","cf 60 00 a4 80 66 3f c0 00 01 cc aa b0 e5 53 c9 d1 76 66 5f 50 84 00 00 00 01 6c dd c0 00 00 11 7e 88 f4 d1 26 b3 cf fd fd ac 04 64 80",""
1080,5112,"PACKET","IN",207,45,"PlayerSync","id=207 bytes=45","cf 38 00 c0 7f e0 3f c2 00 20 8b 2a 70 dd 97 49 d1 6e ba 1f 10 84 00 00 00 03 d7 ef 7c 00 01 73 b3 84 f1 bd 33 60 2b fd fd cc 04 04 80",""
1081,5112,"PACKET","IN",207,45,"PlayerSync","id=207 bytes=45","cf 4d 00 8a 80 60 bf c0 00 34 03 a3 30 c2 a4 09 91 5b 1e de 90 84 00 00 00 02 c3 88 80 00 03 d5 94 18 f6 d4 39 ad 13 fd fd a5 04 04 80",""
1082,5113,"PACKET","IN",207,35,"PlayerSync","id=207 bytes=35","cf 54 00 00 00 05 77 63 70 c5 21 c9 91 65 24 1e 90 80 00 00 00 00 12 8e c0 00 00 00 00 00 01 a5 04 04 80",""
1083,5113,"PACKET","IN",207,45,"PlayerSync","id=207 bytes=45","cf 60 00 a0 00 64 bf c0 00 2e 8e aa b0 c0 14 89 d1 6b 26 5f 50 84 00 00 00 00 58 c9 c0 00 02 dd 9a 58 f5 f5 36 73 d7 fd fd ac 04 64 80",""
1084,5113,"PACKET","IN",207,41,"PlayerSync","id=207 bytes=41","cf 1a 00 00 00 03 d9 2c 70 d7 8b 09 d1 45 7c a0 10 84 00 00 00 00 73 fd 80 00 02 03 27 08 f0 d6 0c 28 03 fd fd a5 04 04 80",""
1085,5113,"PACKET","IN",207,43,"PlayerSync","id=207 bytes=43","cf 38 00 60 3f c2 00 24 cb 6a 70 c4 57 49 d1 46 ba 9f 10 84 00 00 00 03 d7 ef 7c 00 03 b6 8b c0 f2 3d 6a 60 17 fd fd cc 04 04 80",""
1086,5160,"PACKET","IN",207,45,"PlayerSync","id=207 bytes=45","cf 4d 00 8a 00 60 bf c0 00 22 c5 e3 30 c2 a3 c9 91 74 9e de 90 84 00 00 00 03 0f d0 80 00 00 a5 98 18 f5 d4 be 0c 73 fd fd a5 04 04 80",""
1087,5161,"PACKET","IN",207,41,"PlayerSync","id=207 bytes=41","cf 4f 00 00 00 21 00 23 b0 f5 1f 89 91 62 25 5f 10 80 00 00 00 01 c2 e2 00 00 03 29 01 70 f2 4d c2 54 87 d4 a9 6c 04 04 80",""
1088,5161,"PACKET","IN",200,44,"VehicleSync","id=200 bytes=44","c8 55 00 46 00 77 00 00 00 08 00 7c 60 04 70 16 3f f6 2c 88 4c 3c ea 62 44 5a fe 87 84 28 24 8b 83 c9 12 bc d1 f5 f8 1d 50 3f 00 00",""
1089,5161,"PACKET","IN",207,45,"PlayerSync","id=207 bytes=45","cf 60 00 9c 00 63 bf c0 00 36 50 ea b0 c4 d5 49 d1 59 26 1f 50 84 00 00 00 00 10 8d c0 00 03 96 de 78 f7 d1 63 97 e7 fd fd ac 04 64 80",""
1090,5162,"PACKET","IN",207,41,"PlayerSync","id=207 bytes=41","cf 92 00 00 00 2c 4a e3 30 cb 99 89 91 71 1f 1e 90 84 00 00 00 02 9b 21 c0 00 02 32 66 64 e6 e5 8a 6b f3 fd fd a5 04 04 80",""
1091,5187,"PACKET","IN",207,45,"PlayerSync","id=207 bytes=45","cf 4d 00 89 80 60 bf c0 00 35 46 63 30 e7 a3 89 91 7b 9e de 90 84 00 00 00 02 63 e0 80 00 00 90 60 60 f5 24 e3 e4 57 fd fd a5 04 04 80",""
1092,5187,"PACKET","IN",207,35,"PlayerSync","id=207 bytes=35","cf 53 00 00 00 23 e6 e8 30 e9 d8 09 d1 7a e7 1f 10 84 00 00 00 02 ba 42 c0 00 00 00 00 00 01 a5 04 04 80",""
1093,5187,"PACKET","IN",207,45,"PlayerSync","id=207 bytes=45","cf 60 00 9b 80 63 7f c0 00 2f d1 aa b0 d7 15 89 d1 57 25 df 50 84 00 00 00 00 64 75 c0 00 02 ab 26 98 f5 3d 74 d3 ef fd fd ac 04 64 80",""
1094,5215,"PACKET","IN",207,41,"PlayerSync","id=207 bytes=41","cf 1a 00 00 00 20 19 6c 70 d6 0a c9 d1 70 bd 20 10 84 00 00 00 03 df f9 80 00 01 cd 6c bc f0 8d a4 38 0b fd fd a5 04 04 80",""
1095,5216,"PACKET","IN",207,41,"PlayerSync","id=207 bytes=41","cf 27 00 00 00 33 42 a6 f0 cc 4f c9 d1 7b 67 1f 10 84 00 00 00 02 9e de 80 00 01 20 4c e4 e3 02 0c 38 03 fd fd a2 01 05 16",""
1096,5216,"PACKET","IN",207,43,"PlayerSync","id=207 bytes=43","cf 38 00 60 3f c2 00 26 0d ea 70 cc 56 c9 d1 55 3c df 10 84 00 00 00 01 2b b3 7c 00 01 0f 38 8c f5 20 96 c8 97 fd fd cc 04 04 80",""
1097,5216,"PACKET","IN",207,45,"PlayerSync","id=207 bytes=45","cf 60 00 9a 00 63 3f c0 00 10 92 6a b0 ed d5 c9 d1 7e e5 5f 50 84 00 00 00 02 c0 65 c0 00 01 1d 0a c8 f4 59 8e c3 f3 fd fd ac 04 64 80",""
1098,5217,"RPC","IN",86,27,"ApplyPlayerAnimation","id=86 bytes=27","0b 00 07 42 44 5f 46 49 52 45 07 77 61 73 68 5f 75 70 33 33 83 40 80 00 00 00 00",""
1099,5242,"PACKET","IN",207,45,"PlayerSync","id=207 bytes=45","cf 4d 00 89 00 60 bf c0 00 18 c7 a3 30 c9 63 49 91 48 df 1e 90 84 00 00 00 01 87 fc 80 00 03 37 30 68 f5 d9 89 d0 0f fd fd a5 04 04 80",""
1100,5243,"PACKET","IN",207,45,"PlayerSync","id=207 bytes=45","cf 60 00 99 80 62 ff c0 00 0b 92 ea b0 f9 56 09 d1 68 a5 1f 50 84 00 00 00 01 e8 55 c0 00 02 16 4a dc f5 c1 99 af f7 fd fd ac 04 64 80",""
1101,5243,"PACKET","IN",207,35,"PlayerSync","id=207 bytes=35","cf 29 00 00 00 08 a6 a8 30 da 95 09 d1 7b 67 1f 10 84 00 00 00 00 88 e3 c0 00 00 00 00 00 01 a5 04 04 80",""
1102,5243,"PACKET","IN",207,45,"PlayerSync","id=207 bytes=45","cf 4d 00 88 80 60 bf c0 00 05 07 e3 30 e1 a3 09 91 4b 1f 1e 90 84 00 00 00 03 fb fc 80 00 02 ff 30 68 f5 35 b8 e8 07 fd fd a5 04 04 80",""
1103,5243,"PACKET","IN",207,45,"PlayerSync","id=207 bytes=45","cf 60 00 97 80 62 7f c0 00 34 d3 aa b0 e3 56 c9 d1 4e a4 5f 50 84 00 00 00 01 88 49 c0 00 00 77 0f 10 f4 ad a8 7b fb fd fd ac 04 64 80",""
1104,5254,"PACKET","OUT",203,32,"AimSync","id=203 bytes=32","cb 00 00 00 39 05 00 00 00 00 00 00 00 00 00 00 00 40 01 00 00 00 80 3f 00 00 f3 04 b5 3f 39 05",""
1105,5272,"PACKET","IN",207,41,"PlayerSync","id=207 bytes=41","cf 92 00 00 00 2f 4a e3 30 cd 19 89 91 71 1f 1e 90 84 00 00 00 02 9b 21 c0 00 02 4e 66 64 e6 e5 8a 6b f3 fd fd a5 04 04 80",""
1106,5273,"RPC","IN",105,7,"TextDrawSetString","id=105 bytes=7","26 08 03 00 31 30 30",""
1107,5273,"RPC","IN",105,5,"TextDrawSetString","id=105 bytes=5","27 08 01 00 30",""
1108,5273,"RPC","IN",105,6,"TextDrawSetString","id=105 bytes=6","28 08 02 00 34 38",""
1109,5273,"RPC","IN",105,5,"TextDrawSetString","id=105 bytes=5","29 08 01 00 37",""
1110,5273,"RPC","IN",105,7,"TextDrawSetString","id=105 bytes=7","2a 08 03 00 31 30 30",""
1111,5273,"PACKET","IN",207,35,"PlayerSync","id=207 bytes=35","cf 1f 00 00 00 26 a3 e3 70 c2 1d 89 91 42 a3 5e 90 80 00 00 00 02 c2 27 00 00 00 00 00 00 01 28 00 04 11",""
1112,5274,"PACKET","IN",207,41,"PlayerSync","id=207 bytes=41","cf 4f 00 00 00 04 81 63 b0 f1 1f 49 91 71 38 5e d0 80 00 00 00 01 c2 e2 00 00 02 6f 90 bc f4 fd ad 4d 67 08 1d 6c 04 04 80",""
1113,5274,"PACKET","IN",207,45,"PlayerSync","id=207 bytes=45","cf 60 00 96 00 62 3f c0 00 13 14 2a b0 f4 97 09 d1 5d 23 df 50 84 00 00 00 00 a0 49 c0 00 00 97 07 10 f6 a5 b6 b7 fb fd fd ac 04 64 80",""
1114,5274,"PACKET","IN",207,41,"PlayerSync","id=207 bytes=41","cf 27 00 00 00 33 42 a6 f0 cb 8f c9 d1 7b 67 1f 10 84 00 00 00 02 9e de 80 00 02 af 8d dc e7 02 0c 38 03 fd fd a2 01 05 16",""
1115,5274,"PACKET","IN",207,45,"PlayerSync","id=207 bytes=45","cf 38 00 c0 7f e0 3f c2 00 17 53 aa 70 d7 d6 09 d1 59 01 5f 50 84 00 00 00 00 5b bf 7c 00 01 22 7a b8 f4 58 97 94 97 fd fd cc 04 04 80",""
1116,5275,"PACKET","IN",207,45,"PlayerSync","id=207 bytes=45","cf 4d 00 88 00 60 bf c0 00 31 c7 a3 30 ea 22 c9 91 4a 1f 1e 90 80 00 00 00 03 a3 f8 80 00 03 3b 30 68 f5 3e 32 5c 03 fd fd a5 04 04 80",""
1117,5275,"PACKET","IN",207,45,"PlayerSync","id=207 bytes=45","cf 60 00 95 80 62 3f c0 00 30 54 6a b0 c6 17 89 d1 6a e3 5f 50 84 00 00 00 01 84 41 c0 00 03 ef 03 10 f7 89 b6 d7 fb fd fd ac 04 64 80",""
1118,5299,"PACKET","IN",207,35,"PlayerSync","id=207 bytes=35","cf 1a 00 00 00 21 d9 6c 70 d4 ca c9 d1 73 fd 20 10 84 00 00 00 03 df f9 80 00 00 00 00 00 01 a5 04 04 80",""
1119,5299,"PACKET","IN",207,35,"PlayerSync","id=207 bytes=35","cf 85 00 00 00 2a 16 e5 b0 ef 3f 89 91 6c 24 9f 10 80 00 00 00 00 ab 25 80 00 00 00 00 00 01 28 00 04 11",""
1120,5300,"PACKET","IN",207,35,"PlayerSync","id=207 bytes=35","cf 97 00 00 00 3d e7 a8 30 e5 89 c9 d1 7b 67 1f 10 84 00 00 00 00 0f 03 e8 00 00 00 00 00 01 28 00 04 11",""
1121,5300,"PACKET","IN",207,35,"PlayerSync","id=207 bytes=35","cf 02 00 00 00 2d a2 e3 70 ee 9a 89 91 77 a3 1e 90 80 00 00 00 00 8a aa c0 00 00 00 00 00 01 28 00 04 11",""
1122,5300,"PACKET","IN",207,45,"PlayerSync","id=207 bytes=45","cf 60 00 95 80 62 3f c0 00 04 14 ea b0 d7 57 c9 d1 73 a2 df 50 84 00 00 00 03 cc 35 c0 00 01 31 5b 04 f6 99 bf cb fb fd fd ac 04 64 80",""
1123,5300,"PACKET","IN",207,35,"PlayerSync","id=207 bytes=35","cf 7e 00 00 00 1f 9c a8 30 f1 83 0a 91 40 30 1e 90 80 00 00 00 02 17 b3 94 00 00 00 00 00 01 a5 04 04 80",""
1124,5301,"PACKET","IN",203,34,"AimSync","id=203 bytes=34","cb 7e 00 04 7b d4 11 3f 8e d0 1f 3f 7f da 08 bf eb 0a a1 c3 e5 f7 29 45 5c cf 80 42 00 00 00 00 3f c6",""
1125,5328,"PACKET","IN",200,44,"VehicleSync","id=200 bytes=44","c8 55 00 46 00 7a 00 00 00 08 00 76 40 3e 30 06 af e2 dd e8 4c 3b 7a 12 44 52 9e a7 84 2c 77 e6 a3 d0 64 4e b0 e5 98 0d 50 3f 00 00",""
1126,5328,"PACKET","IN",207,35,"PlayerSync","id=207 bytes=35","cf 0b 00 00 00 26 cb 68 30 e8 bd c9 91 7b 67 1f 10 84 00 00 00 02 2e 5f c0 00 00 00 00 00 01 28 00 04 11",""
1127,5328,"PACKET","IN",203,34,"AimSync","id=203 bytes=34","cb 0b 00 04 42 b6 72 bf 58 53 8b be e3 79 28 3e e4 84 9e c3 df 06 27 45 a8 b5 7c 42 00 00 00 00 3f 36",""
1128,5328,"PACKET","IN",207,35,"PlayerSync","id=207 bytes=35","cf 3d 00 00 00 32 67 a8 30 d0 79 49 91 7b 67 1f 10 84 00 00 00 00 e6 f1 c0 00 00 00 00 00 01 28 00 04 11",""
1129,5328,"PACKET","IN",207,45,"PlayerSync","id=207 bytes=45","cf 4d 00 87 80 60 7f c0 00 0d 47 23 30 e2 22 89 91 42 9f 1e 90 80 00 00 00 03 67 dc 80 00 00 e4 7f 70 f1 46 c1 e0 27 fd fd a5 04 04 80",""
1130,5329,"PACKET","IN",207,45,"PlayerSync","id=207 bytes=45","cf 60 00 95 80 62 3f c0 00 10 95 2a b0 ee d8 09 d1 6c 22 5f 50 84 00 00 00 02 f4 2d c0 00 02 ff 03 00 f4 45 c8 f3 ff fd fd ac 04 64 80",""
1131,5329,"PACKET","OUT",205,9,"UNKNOWN_PACKET","id=205 bytes=9","cd b8 4a 04 00 00 00 00 00",""
1132,5352,"PACKET","IN",207,45,"PlayerSync","id=207 bytes=45","cf 38 00 c0 7f e0 3f c2 00 10 98 aa 70 d5 15 09 d1 56 86 1f 50 84 00 00 00 00 3b f7 7c 00 02 d0 6e 70 f4 d5 52 e4 1f fd fd cc 04 04 80",""
1133,5352,"PACKET","IN",203,34,"AimSync","id=203 bytes=34","cb 38 00 04 e7 2c 31 bf 92 99 2f bf 87 1d 66 be bb 6f a7 c3 99 92 27 45 e5 41 82 42 00 00 00 00 3f c6",""
1134,5352,"PACKET","IN",207,35,"PlayerSync","id=207 bytes=35","cf 4f 00 00 00 1b 01 a3 b0 dd 1f 49 91 5e 64 9e 90 80 00 00 00 01 c2 e2 00 00 00 fc 7d 0c d5 6d 04 64 80",""
1135,5353,"PACKET","IN",207,45,"PlayerSync","id=207 bytes=45","cf 60 00 95 80 62 3f c0 00 0b 95 aa b0 e7 18 c9 d1 79 61 1f 50 84 00 00 00 01 cc 1d c0 00 03 18 2a e4 f5 b1 da 8f ff fd fd ac 04 64 80",""
1136,5353,"PACKET","IN",207,41,"PlayerSync","id=207 bytes=41","cf 92 00 00 00 31 4a e3 30 ce 19 89 91 71 5f 1e 90 84 00 00 00 02 9b 21 c0 00 02 52 64 64 e6 e5 8a 6b f3 fd fd a5 04 04 80",""
1137,5379,"PACKET","IN",207,35,"PlayerSync","id=207 bytes=35","cf 70 00 00 00 2a a3 e3 70 fe e5 c9 91 41 e3 5e 90 80 00 00 00 03 5b 53 00 00 00 00 00 00 01 28 00 04 11",""
1138,5379,"PACKET","IN",207,41,"PlayerSync","id=207 bytes=41","cf 27 00 00 00 33 42 a6 f0 ca 0f c9 d1 7b 67 1f 10 84 00 00 00 02 9e de 80 00 03 6a 66 64 e7 02 0c 38 03 fd fd a2 01 05 16",""
1139,5380,"PACKET","IN",203,34,"AimSync","id=203 bytes=34","cb 27 00 04 ac c7 73 bf e3 e1 87 3e 82 78 1a be a1 f6 99 c3 8a 35 27 45 b1 30 80 42 00 00 00 00 3f 27",""
1140,5380,"PACKET","IN",207,45,"PlayerSync","id=207 bytes=45","cf 4d 00 87 00 60 7f c0 00 3a c5 63 30 dc 22 49 91 70 1e de 90 80 00 00 00 01 73 b0 80 00 00 cd 78 48 f7 87 50 c4 83 fd fd a5 04 04 80",""
1141,5380,"PACKET","IN",203,34,"AimSync","id=203 bytes=34","cb 4d 00 04 36 1b 3b 3f 67 03 15 bf f6 73 b6 be 09 4a 8c c3 6f 8e 26 45 2c 94 7d 42 00 00 00 00 3f 48",""
1142,5380,"PACKET","IN",207,45,"PlayerSync","id=207 bytes=45","cf 60 00 95 80 62 3f c0 00 32 55 aa b0 fa 19 09 d1 66 60 9f 50 84 00 00 00 01 b4 15 c0 00 02 92 1e dc f6 31 e3 1f ff fd fd ac 04 64 80",""
1143,5404,"PACKET","IN",207,45,"PlayerSync","id=207 bytes=45","cf 60 00 95 80 62 3f c0 00 11 95 ea b0 d6 19 89 d1 7c 9f df 50 84 00 00 00 02 f0 0d c0 00 01 e1 26 d4 f6 49 eb 87 ff fd fd ac 04 64 80",""
1144,5405,"RPC","IN",86,27,"ApplyPlayerAnimation","id=86 bytes=27","63 00 07 42 44 5f 46 49 52 45 07 77 61 73 68 5f 75 70 33 33 83 40 80 00 00 00 00",""
1145,5437,"PACKET","IN",200,44,"VehicleSync","id=200 bytes=44","c8 55 00 46 00 7d 00 00 00 08 00 74 c0 3c e0 0a bf dd 3f 08 4c 3a 29 d2 44 51 ae b7 84 29 f9 d9 53 d7 e3 e0 71 27 08 0d 50 3f 00 00",""
1146,5437,"PACKET","IN",207,45,"PlayerSync","id=207 bytes=45","cf 60 00 95 80 62 3f c0 00 2a 95 ea b0 c1 1a 09 d1 71 9f 1f 50 84 00 00 00 03 d0 05 c0 00 00 dc 7a cc f5 09 f3 c7 ff fd fd ac 04 64 80",""
1147,5438,"RPC","IN",99,42,"MoveObject","id=99 bytes=42","a0 00 f8 e3 a1 c3 d7 9b 26 45 53 c5 7d 42 f8 e3 a1 c3 d7 9b 26 45 ed 5e 7b 42 00 00 80 3e 00 00 00 00 00 00 00 00 08 cc 84 43",""
1148,5438,"RPC","IN",122,2,"StopObject","id=122 bytes=2","a0 00",""
1149,5438,"RPC","IN",99,42,"MoveObject","id=99 bytes=42","a0 00 f8 e3 a1 c3 d7 9b 26 45 53 c5 7d 42 f8 e3 a1 c3 d7 9b 26 45 53 c5 7d 42 00 00 80 3e 00 00 00 00 00 00 00 00 08 cc 84 43",""
1150,5438,"RPC","IN",122,2,"StopObject","id=122 bytes=2","a0 00",""
1151,5438,"RPC","IN",99,42,"MoveObject","id=99 bytes=42","a0 00 f8 e3 a1 c3 d7 9b 26 45 53 c5 7d 42 f8 e3 a1 c3 d7 9b 26 45 ed 5e 7b 42 00 00 80 3e 00 00 00 00 00 00 00 00 08 cc 84 43",""
1152,5439,"RPC","IN",122,2,"StopObject","id=122 bytes=2","a0 00",""
1153,5439,"RPC","IN",99,42,"MoveObject","id=99 bytes=42","a0 00 f8 e3 a1 c3 d7 9b 26 45 53 c5 7d 42 f8 e3 a1 c3 d7 9b 26 45 53 c5 7d 42 00 00 80 3e 00 00 00 00 00 00 00 00 08 cc 84 43",""
1154,5439,"RPC","IN",122,2,"StopObject","id=122 bytes=2","a0 00",""
1155,5440,"RPC","IN",99,42,"MoveObject","id=99 bytes=42","a0 00 f8 e3 a1 c3 d7 9b 26 45 53 c5 7d 42 f8 e3 a1 c3 d7 9b 26 45 ed 5e 7b 42 00 00 80 3e 00 00 00 00 00 00 00 00 08 cc 84 43",""
1156,5440,"RPC","IN",122,2,"StopObject","id=122 bytes=2","a0 00",""
1157,5440,"RPC","IN",99,42,"MoveObject","id=99 bytes=42","a0 00 f8 e3 a1 c3 d7 9b 26 45 53 c5 7d 42 f8 e3 a1 c3 d7 9b 26 45 53 c5 7d 42 00 00 80 3e 00 00 00 00 00 00 00 00 08 cc 84 43",""
1158,5440,"RPC","IN",122,2,"StopObject","id=122 bytes=2","a0 00",""
1159,5440,"RPC","IN",99,42,"MoveObject","id=99 bytes=42","a0 00 f8 e3 a1 c3 d7 9b 26 45 53 c5 7d 42 f8 e3 a1 c3 d7 9b 26 45 ed 5e 7b 42 00 00 80 3e 00 00 00 00 00 00 00 00 08 cc 84 43",""
1160,5441,"RPC","IN",122,2,"StopObject","id=122 bytes=2","a0 00",""
1161,5441,"RPC","IN",99,42,"MoveObject","id=99 bytes=42","a0 00 f8 e3 a1 c3 d7 9b 26 45 53 c5 7d 42 f8 e3 a1 c3 d7 9b 26 45 53 c5 7d 42 00 00 80 3e 00 00 00 00 00 00 00 00 08 cc 84 43",""
1162,5441,"RPC","IN",122,2,"StopObject","id=122 bytes=2","a0 00",""
1163,5441,"RPC","IN",99,42,"MoveObject","id=99 bytes=42","a0 00 f8 e3 a1 c3 d7 9b 26 45 53 c5 7d 42 f8 e3 a1 c3 d7 9b 26 45 ed 5e 7b 42 00 00 80 3e 00 00 00 00 00 00 00 00 08 cc 84 43",""
1164,5441,"RPC","IN",122,2,"StopObject","id=122 bytes=2","a0 00",""
1165,5441,"RPC","IN",99,42,"MoveObject","id=99 bytes=42","a0 00 f8 e3 a1 c3 d7 9b 26 45 53 c5 7d 42 f8 e3 a1 c3 d7 9b 26 45 53 c5 7d 42 00 00 80 3e 00 00 00 00 00 00 00 00 08 cc 84 43",""
1166,5442,"PACKET","IN",207,35,"PlayerSync","id=207 bytes=35","cf 1c 00 00 00 2d 1d 28 30 f6 cc c9 d1 7b 67 1f 10 84 00 00 00 00 65 93 00 00 00 00 00 00 01 28 00 04 11",""
1167,5442,"PACKET","IN",207,45,"PlayerSync","id=207 bytes=45","cf 38 00 c0 7f e0 3f c2 00 2d 99 aa 70 d7 53 89 d1 75 09 9f 50 84 00 00 00 03 fb ff 7c 00 03 23 6e 70 f5 b5 fc 00 03 fd fd ef 04 02 80",""
1168,5442,"PACKET","IN",207,45,"PlayerSync","id=207 bytes=45","cf 4d 00 86 80 60 7f c0 00 3d 01 e3 30 eb e1 c9 91 47 5e de 90 80 00 00 00 02 bf b0 80 00 02 93 fd 38 f7 33 67 24 93 fd fd a5 04 04 80",""
1169,5442,"PACKET","IN",207,35,"PlayerSync","id=207 bytes=35","cf 51 00 00 00 1b 0a e3 30 cf a8 49 91 58 dd 9e 90 84 00 00 00 01 37 17 c0 00 00 00 00 00 01 28 00 04 11",""
1170,5442,"PACKET","IN",207,45,"PlayerSync","id=207 bytes=45","cf 60 00 95 80 62 3f c0 00 35 95 ea b0 db da 49 d1 7f 9e 5f 50 80 00 00 00 00 00 01 c0 00 00 9b ae b4 f4 2d fb ef ff fd fd ac 04 64 80",""
1171,5465,"PACKET","IN",207,45,"PlayerSync","id=207 bytes=45","cf 4d 00 87 00 60 7f c0 00 2c 81 23 30 d1 a1 c9 91 7d de 9e 90 80 00 00 00 00 af b4 80 00 03 3f 6d 70 f4 b7 68 a4 97 fd fd a5 04 04 80",""
1172,5465,"PACKET","IN",207,41,"PlayerSync","id=207 bytes=41","cf 4f 00 00 00 15 40 e3 b0 ce 9f 49 91 55 24 9e 90 80 00 00 00 01 c2 e2 00 00 02 31 2a 98 f2 bb c4 b9 17 fd fd 6d 04 64 80",""
1173,5489,"PACKET","IN",207,45,"PlayerSync","id=207 bytes=45","cf 4d 00 86 80 60 7f c0 00 09 c0 63 30 f4 a1 89 91 73 9e 9e 90 80 00 00 00 03 7f b0 80 00 03 2d 09 a0 f5 17 65 14 93 fd fd a5 04 04 80",""
1174,5489,"PACKET","IN",207,41,"PlayerSync","id=207 bytes=41","cf 60 00 00 00 35 55 ea b0 f7 5a 89 d1 46 5d df 50 80 00 00 00 00 00 01 c0 00 00 d7 3a a4 f4 16 03 ff ff fd fd fb 04 04 80",""
1175,5489,"PACKET","IN",207,35,"PlayerSync","id=207 bytes=35","cf 63 00 00 00 35 23 63 70 dd 23 09 91 54 21 9e 90 80 00 00 00 02 22 63 80 00 00 00 00 00 01 28 00 04 11",""
1176,5518,"PACKET","IN",200,44,"VehicleSync","id=200 bytes=44","c8 55 00 46 00 7f 00 00 00 08 00 7a 10 2c 50 07 af c1 30 c8 5c 36 79 82 44 5c 3e c7 84 2d 8f ab 53 d0 13 82 a1 69 28 0d 50 3f 00 00",""
1177,5519,"PACKET","IN",207,45,"PlayerSync","id=207 bytes=45","cf 38 00 c0 7f e0 3f c2 00 38 59 aa 70 e8 52 49 d1 5f 8c 1f 50 84 00 00 00 03 fb ff 7c 00 01 0f fa a4 f5 b5 fc 00 03 fd fd ef 04 02 80",""
1178,5549,"PACKET","IN",207,41,"PlayerSync","id=207 bytes=41","cf 92 00 00 00 33 4a e3 30 cf 59 89 91 71 5f 1e 90 84 00 00 00 02 9b 21 c0 00 02 4a 64 64 e6 e5 8a 6b f3 fd fd a5 04 04 80",""
1179,5549,"PACKET","IN",203,34,"AimSync","id=203 bytes=34","cb 92 00 04 4d a5 c5 be 19 c3 6a 3f 59 06 cd bd 6f d1 8b c3 65 4b 26 45 9e 9e 7d 42 00 00 00 00 3f 37",""
1180,5550,"PACKET","IN",207,35,"PlayerSync","id=207 bytes=35","cf 46 00 00 00 2c 6b a2 f0 e4 28 c9 91 41 1d de 90 80 00 00 00 00 00 03 c0 00 00 00 00 00 01 28 00 04 11",""
1181,5550,"PACKET","IN",203,34,"AimSync","id=203 bytes=34","cb 46 00 04 8b a4 38 bc 66 a7 77 3f 88 8a 81 be b0 ab 8b c3 41 83 26 45 44 fa 7e 42 00 00 00 00 23 37",""
1182,5550,"PACKET","IN",207,41,"PlayerSync","id=207 bytes=41","cf 60 00 00 00 35 55 ea b0 f4 db 89 d1 44 9b df 50 80 00 00 00 00 00 01 c0 00 00 98 d9 8c f4 16 03 ff ff fd fd fb 04 04 80",""
1183,5550,"RPC","IN",87,2,"ClearPlayerAnimation","id=87 bytes=2","1c 00",""
1184,5550,"RPC","IN",86,29,"ApplyPlayerAnimation","id=86 bytes=29","1c 00 05 43 41 52 52 59 0b 63 72 72 79 5f 70 72 74 69 61 6c 33 33 83 40 00 00 00 00 00",""
1185,5550,"PACKET","IN",207,45,"PlayerSync","id=207 bytes=45","cf 4d 00 86 80 60 7f c0 00 11 3a 22 f0 e9 20 c9 91 6a 9e 5e 90 80 00 00 00 00 ff b4 80 00 02 d4 ae 50 f4 f3 64 f0 93 fd fd a5 04 04 80",""
1186,5551,"PACKET","IN",207,35,"PlayerSync","id=207 bytes=35","cf 76 00 00 00 0e 87 a2 f0 c1 28 c9 91 5a 1c 1e 90 84 00 00 00 03 6c 9f 40 00 00 00 00 00 01 28 00 04 11",""
1187,5551,"PACKET","OUT",207,69,"PlayerSync","id=207 bytes=69","cf 00 00 00 00 00 00 73 61 95 c3 e9 46 26 45 82 99 7b 42 03 3f bf 3e 00 00 00 00 00 00 00 00 71 78 6d 3f 64 00 04 00 00 00 00 00 00 00 00 00 00 00 00 00 00 00 00 00 00 00 00 00 00 00 00 00 00 00 a5 04 04 80",""
1188,5574,"PACKET","IN",207,39,"PlayerSync","id=207 bytes=39","cf 1a 00 82 00 7f ff c0 00 21 d9 6c 70 d4 ca c9 d1 73 fd 20 10 84 00 00 00 03 5b fd 80 00 00 00 00 00 01 c8 04 04 80",""
1189,5575,"PACKET","IN",207,41,"PlayerSync","id=207 bytes=41","cf 4f 00 00 00 0b 3d 23 70 e2 1f 09 91 68 e4 5e 90 80 00 00 00 01 c2 e2 00 00 00 ae 47 00 f3 53 e8 01 73 fd fd 6d 04 64 80",""
1190,5575,"PACKET","IN",203,34,"AimSync","id=203 bytes=34","cb 4f 00 04 ac 98 7a 3f 5c a1 f3 bd 75 2d 2a be c3 d3 8e c3 11 80 26 45 98 1d 7e 42 00 00 00 00 3f 26",""
1191,5575,"PACKET","IN",207,35,"PlayerSync","id=207 bytes=35","cf 7c 00 00 00 35 a2 e2 70 da 28 89 91 5f 9d de 90 80 00 00 00 01 98 6a 40 00 00 00 00 00 01 28 00 04 11",""
1192,5575,"PACKET","IN",207,45,"PlayerSync","id=207 bytes=45","cf 1a 00 85 00 7f 3f c0 00 31 99 6c 70 f8 ca 89 d1 74 fd 60 10 80 00 00 00 03 cb fd 80 00 01 00 34 18 f4 19 dd 40 03 fd fd c8 04 04 80",""
1193,5603,"PACKET","IN",207,45,"PlayerSync","id=207 bytes=45","cf 1a 00 8a 00 7d 3f c0 00 28 d9 6c 70 dc ca 89 d1 6d bd a0 10 80 00 00 00 01 27 fd 80 00 03 b8 88 18 f4 1e 14 64 03 fd fd c8 04 04 80",""
1194,5603,"PACKET","IN",207,45,"PlayerSync","id=207 bytes=45","cf 38 00 c0 7f e0 3f c2 00 06 59 ea 70 db 50 c9 d1 49 cf 5f 50 84 00 00 00 03 fb ff 7c 00 03 f2 73 78 f5 b5 fc 00 03 fd fd ef 04 02 80",""
1195,5603,"PACKET","IN",200,44,"VehicleSync","id=200 bytes=44","c8 55 00 46 00 7f 00 00 00 08 00 7f f0 1c 80 0e ff a7 e2 b8 5c 31 29 32 44 5c fe e7 84 2c fe ed 13 df d3 18 51 aa 28 0d 50 3f 00 00",""
1196,5604,"PACKET","IN",207,35,"PlayerSync","id=207 bytes=35","cf 5b 00 00 00 0e fc 66 b0 e8 7d 89 91 7b 67 1f 10 84 00 00 00 01 0a e2 00 00 00 00 00 00 01 a5 04 e8 80",""
1197,5604,"PACKET","IN",207,45,"PlayerSync","id=207 bytes=45","cf 1a 00 8c 80 7b ff c0 00 07 59 6c 70 c1 0a 89 d1 5c bd e0 10 80 00 00 00 03 6b f5 80 00 03 ec d8 18 f4 0a 4d ac 07 fd fd c8 04 04 80",""
1198,5604,"PACKET","IN",207,45,"PlayerSync","id=207 bytes=45","cf 4d 00 86 00 60 7f c0 00 04 76 62 f0 eb a0 49 91 7e 1e 1e 90 80 00 00 00 00 0f b4 80 00 03 80 9e 88 f7 fb 60 04 93 fd fd a5 04 04 80",""
1199,5629,"PACKET","IN",207,41,"PlayerSync","id=207 bytes=41","cf 60 00 00 00 35 55 ea b0 d1 5c 49 d1 47 9a 9f 50 80 00 00 00 00 00 01 c0 00 03 2a 20 1c f4 16 03 ff ff fd fd fb 04 04 80",""
1200,5629,"PACKET","IN",207,41,"PlayerSync","id=207 bytes=41","cf 92 00 00 00 35 0a e3 30 d0 19 89 91 71 9f 1e 90 84 00 00 00 02 9b 21 c0 00 02 46 66 64 e6 e5 8a 6b f3 fd fd a5 04 04 80",""
1201,5630,"PACKET","IN",207,35,"PlayerSync","id=207 bytes=35","cf 54 00 00 00 05 77 63 70 c5 21 c9 91 65 24 1e 90 80 00 00 00 00 12 8e c0 00 00 00 00 00 01 a5 04 04 80",""
1202,5652,"PACKET","IN",207,45,"PlayerSync","id=207 bytes=45","cf 1a 00 8f 80 7a 7f c0 00 0d 59 2c 70 e5 ca 49 d1 42 be 20 10 80 00 00 00 03 63 ed 80 00 01 d9 20 18 f7 12 81 10 13 fd fd c8 04 04 80",""
1203,5675,"PACKET","IN",207,45,"PlayerSync","id=207 bytes=45","cf 1a 00 91 00 79 ff c0 00 1e 18 ac 70 c0 ca 49 d1 6a be 20 10 80 00 00 00 00 13 f1 80 00 02 35 54 18 f4 a6 b4 ec 23 fd fd c8 04 04 80",""
1204,5676,"PACKET","IN",207,35,"PlayerSync","id=207 bytes=35","cf 1c 00 00 00 2d 1d 28 30 f6 cc c9 d1 7b 67 1f 10 84 00 00 00 00 65 93 00 00 00 00 00 00 01 a5 04 e8 80",""
1205,5676,"PACKET","IN",207,45,"PlayerSync","id=207 bytes=45","cf 38 00 c0 7f e0 3f c2 00 14 99 ea 70 c9 8f 49 d1 7d 92 5f 50 84 00 00 00 03 fb ff 7c 00 03 5b af e0 f5 b5 fc 00 03 fd fd ef 04 02 80",""
1206,5676,"PACKET","IN",207,41,"PlayerSync","id=207 bytes=41","cf 4f 00 00 00 06 3a 63 70 ce df 09 91 48 a4 5e 90 80 00 00 00 01 c2 e2 00 00 01 93 d5 74 f3 9f fc 75 ef fd fd 6d 04 64 80",""
1207,5676,"PACKET","IN",207,43,"PlayerSync","id=207 bytes=43","cf 38 00 60 3f c2 00 18 99 ea 70 da 0e c9 d1 61 13 5f 50 84 00 00 00 03 5b ff 7c 00 03 6c db e0 f5 b5 fc 00 03 fd fd ef 04 02 80",""
1208,5704,"PACKET","IN",207,41,"PlayerSync","id=207 bytes=41","cf 1a 00 00 00 1f 98 2c 70 d5 ca 09 d1 59 fe 60 10 80 00 00 00 00 13 f1 80 00 02 bd 50 18 f4 fe b3 90 1f fd fd a5 04 04 80",""
1209,5705,"PACKET","IN",200,44,"VehicleSync","id=200 bytes=44","c8 55 00 46 00 7f 00 00 00 08 00 7b e0 1d 90 05 6f 96 04 98 5c 38 78 e2 44 5b 9f 07 84 27 08 0e 83 d1 72 d7 a1 ea 78 0d 50 3f 00 00",""
1210,5734,"PACKET","IN",207,45,"PlayerSync","id=207 bytes=45","cf 4d 00 86 00 60 7f c0 00 34 6f 22 f0 c3 5f 89 91 6b 9d de 90 80 00 00 00 01 bf b4 80 00 02 d4 a6 5c f7 ab 63 b4 8f fd fd a5 04 04 80",""
1211,5735,"PACKET","IN",207,41,"PlayerSync","id=207 bytes=41","cf 60 00 00 00 35 55 ea b0 d6 1c 89 d1 7c 99 df 50 80 00 00 00 00 00 01 c0 00 03 2b be 80 ec 16 03 ff ff fd fd fb 04 04 80",""
1212,5735,"PACKET","IN",203,34,"AimSync","id=203 bytes=34","cb 60 00 04 07 69 71 be cc 0e 74 3f b5 0d 41 be 49 ee a9 c3 53 3d 27 45 4b 39 81 42 00 00 00 00 3f 36",""
1213,5735,"PACKET","IN",207,35,"PlayerSync","id=207 bytes=35","cf 2d 00 00 00 3c 58 68 30 c1 50 49 d1 7b 67 1f 10 84 00 00 00 02 aa b3 c0 00 00 00 00 00 01 28 00 04 11",""
1214,5735,"PACKET","IN",203,34,"AimSync","id=203 bytes=34","cb 2d 00 04 e8 bb 53 3e e3 bc 75 bf 17 c8 41 3e d5 a1 a0 c3 17 66 27 45 9e 2f 7d 42 00 00 00 00 3f 28",""
1215,5735,"PACKET","IN",207,45,"PlayerSync","id=207 bytes=45","cf 4d 00 85 80 60 7f c0 00 0c ae 22 f0 dc df 49 91 5e 1d de 90 80 00 00 00 03 33 b4 80 00 00 f6 66 64 f7 0b 63 18 8f fd fd a5 04 04 80",""
1216,5735,"PACKET","IN",207,41,"PlayerSync","id=207 bytes=41","cf 92 00 00 00 38 0a e3 30 d1 99 89 91 71 9f 1e 90 84 00 00 00 02 9b 21 c0 00 02 1e 66 64 e6 e5 8a 6b f3 fd fd a5 04 04 80",""
1217,5761,"PACKET","IN",207,41,"PlayerSync","id=207 bytes=41","cf 4f 00 00 00 19 38 e3 70 cd 1f 09 91 77 a4 1e 90 80 00 00 00 01 c2 e2 00 00 03 a0 05 04 f3 9f fc 75 ef fd fd 6d 04 64 80",""
1218,5762,"PACKET","IN",200,44,"VehicleSync","id=200 bytes=44","c8 55 00 46 00 7f 00 00 00 08 00 7e 30 1e 30 08 af 68 c7 98 5c 31 08 82 44 5b 2f 37 84 2f b6 60 33 e2 42 6d 72 4a e8 0d 50 3f 00 00",""
1219,5762,"PACKET","IN",203,34,"AimSync","id=203 bytes=34","cb 55 00 12 93 a9 8e 3e f7 b9 65 3f d3 32 af be 7f 4a 86 c3 d0 2c 24 45 47 63 84 42 00 00 00 00 3f 44",""
1220,5762,"PACKET","IN",207,43,"PlayerSync","id=207 bytes=43","cf 38 00 60 3f c2 00 15 9e 2a 70 f5 4d 09 d1 40 99 1f 50 84 00 00 00 03 3b d3 7c 00 02 ba 4b a0 f4 40 f9 28 4b fd fd ef 04 02 80",""
1221,5779,"PACKET","OUT",203,32,"AimSync","id=203 bytes=32","cb 00 00 00 39 05 00 00 00 00 00 00 00 00 00 00 00 40 01 00 00 00 80 3f 00 00 f3 04 b5 3f 39 05",""
1222,5788,"PACKET","IN",207,41,"PlayerSync","id=207 bytes=41","cf 1a 00 00 00 00 16 ec 70 de 89 89 d1 5d 3e e0 10 80 00 00 00 00 13 f1 80 00 01 66 b3 1c f0 fe b3 90 1f fd fd a5 04 04 80",""
1223,5788,"PACKET","IN",207,35,"PlayerSync","id=207 bytes=35","cf 53 00 00 00 23 e6 e8 30 e9 d8 09 d1 7a e7 1f 10 84 00 00 00 02 ba 42 c0 00 00 00 00 00 01 a5 04 04 80",""
1224,5788,"PACKET","IN",207,35,"PlayerSync","id=207 bytes=35","cf 97 00 00 00 3d e7 a8 30 e5 89 c9 d1 7b 67 1f 10 84 00 00 00 00 0f 03 e8 00 00 00 00 00 01 28 00 04 11",""
1225,5812,"PACKET","IN",207,45,"PlayerSync","id=207 bytes=45","cf 4d 00 85 80 60 7f c0 00 01 e6 a2 f0 f3 9e 09 91 45 dd 9e 90 80 00 00 00 02 4f d4 80 00 01 2e c2 e8 f4 9b 2d 88 63 fd fd a5 04 04 80",""
1226,5812,"PACKET","IN",207,35,"PlayerSync","id=207 bytes=35","cf 60 00 00 00 35 55 ea b0 d6 1c 89 d1 7c 99 df 50 80 00 00 00 00 00 01 c0 00 00 00 00 00 01 fb 04 04 80",""
1227,5813,"PACKET","IN",207,45,"PlayerSync","id=207 bytes=45","cf 4d 00 85 00 60 7f c0 00 21 24 62 f0 c9 dd c9 91 6d 1d 5e 90 80 00 00 00 02 7f dc 80 00 02 3b 33 10 f5 63 15 a4 53 fd fd a5 04 04 80",""
1228,5838,"PACKET","IN",207,35,"PlayerSync","id=207 bytes=35","cf 27 00 00 00 33 42 a6 f0 c9 4f c9 d1 7b 67 1f 10 84 00 00 00 02 9e de 80 00 00 00 00 00 01 a2 01 05 16",""
1229,5839,"PACKET","IN",207,35,"PlayerSync","id=207 bytes=35","cf 29 00 00 00 08 a6 a8 30 da 95 09 d1 7b 67 1f 10 84 00 00 00 00 88 e3 c0 00 00 00 00 00 01 a5 04 04 80",""
1230,5839,"PACKET","IN",200,44,"VehicleSync","id=200 bytes=44","c8 55 00 46 00 7f 00 00 00 08 00 77 a0 2b a0 0f df 2f bb 18 5c 39 e8 12 44 51 6f 77 84 27 5c 51 13 eb c1 ec a2 cb 98 0d 50 3f 00 00",""
1231,5839,"PACKET","IN",207,41,"PlayerSync","id=207 bytes=41","cf 92 00 00 00 39 ca e3 30 d2 59 89 91 71 9f 1e 90 84 00 00 00 02 9b 21 c0 00 02 16 64 64 e6 e5 8a 6b f3 fd fd a5 04 04 80",""
1232,5840,"PACKET","IN",207,43,"PlayerSync","id=207 bytes=43","cf 38 00 60 3f c2 00 28 a6 aa 70 c7 0c 09 d1 4a a0 1f 50 84 00 00 00 01 2b b3 7c 00 02 29 33 88 f4 58 97 94 97 fd fd ef 04 02 80",""
1233,5840,"PACKET","IN",207,41,"PlayerSync","id=207 bytes=41","cf 4f 00 00 00 2e 78 63 70 ff 5e c9 91 72 e4 1e 90 80 00 00 00 01 c2 e2 00 00 00 96 f2 70 ef 9f fc 75 ef fd fd 6d 04 64 80",""
1234,5865,"PACKET","IN",207,35,"PlayerSync","id=207 bytes=35","cf 1a 00 00 00 28 d6 2c 70 eb 09 49 d1 56 3f 20 10 80 00 00 00 00 13 f1 80 00 00 00 00 00 01 a5 04 04 80",""
1235,5865,"PACKET","IN",207,35,"PlayerSync","id=207 bytes=35","cf 1f 00 00 00 26 a3 e3 70 c2 1d 89 91 42 a3 5e 90 80 00 00 00 02 c2 27 00 00 00 00 00 00 01 28 00 04 11",""
1236,5865,"RPC","IN",87,2,"ClearPlayerAnimation","id=87 bytes=2","1f 00",""
1237,5865,"RPC","IN",86,29,"ApplyPlayerAnimation","id=86 bytes=29","1f 00 05 43 41 52 52 59 0b 63 72 72 79 5f 70 72 74 69 61 6c 33 33 83 40 00 00 00 00 00",""
1238,5866,"PACKET","IN",207,41,"PlayerSync","id=207 bytes=41","cf 27 00 00 00 34 42 a6 f0 cf 4f c9 d1 7b 67 1f 10 84 00 00 00 02 9e de 80 00 03 37 32 b0 e8 f9 f3 c3 ff fd fd a2 01 05 16",""
1239,5890,"PACKET","IN",207,35,"PlayerSync","id=207 bytes=35","cf 02 00 00 00 2d a2 e3 70 ee 9a 89 91 77 a3 1e 90 80 00 00 00 00 8a aa c0 00 00 00 00 00 01 28 00 04 11",""
1240,5891,"PACKET","IN",207,35,"PlayerSync","id=207 bytes=35","cf 3d 00 00 00 32 67 a8 30 d0 79 49 91 7b 67 1f 10 84 00 00 00 00 e6 f1 c0 00 00 00 00 00 01 28 00 04 11",""
1241,5891,"PACKET","IN",207,45,"PlayerSync","id=207 bytes=45","cf 4d 00 85 00 60 7f c0 00 2e df e2 f0 eb 9c 49 91 79 1d 1e 90 80 00 00 00 03 67 f8 80 00 02 53 56 ec f7 d2 7b 30 0f fd fd a5 04 04 80",""
1242,5891,"PACKET","IN",207,35,"PlayerSync","id=207 bytes=35","cf 7e 00 00 00 1f 9c a8 30 f1 83 0a 91 40 30 1e 90 80 00 00 00 02 17 b3 94 00 00 00 00 00 01 a5 04 04 80",""
1243,5891,"PACKET","IN",207,35,"PlayerSync","id=207 bytes=35","cf 85 00 00 00 2a 16 e5 b0 ef 3f 89 91 6c 24 9f 10 80 00 00 00 00 ab 25 80 00 00 00 00 00 01 28 00 04 11",""
1244,5892,"PACKET","IN",203,34,"AimSync","id=203 bytes=34","cb 85 00 04 fb 46 34 3f 4e ad 24 3f 17 da 99 be 27 20 97 c3 4c e8 26 45 ee cb 80 42 00 00 00 00 3f c6",""
1245,5921,"RPC","IN",105,19,"TextDrawSetString","id=105 bytes=19","2f 01 0f 00 30 39 20 41 67 75 73 74 75 73 20 32 30 32 36",""
1246,5921,"RPC","IN",105,12,"TextDrawSetString","id=105 bytes=12","30 01 08 00 31 32 3a 30 32 3a 33 38",""
1247,5921,"PACKET","IN",207,39,"PlayerSync","id=207 bytes=39","cf 1a 00 86 80 41 80 00 00 28 d6 2c 70 eb 09 49 d1 56 3f 20 10 80 00 00 00 00 73 f9 80 00 00 00 00 00 01 c8 04 04 80",""
1248,5921,"PACKET","IN",207,45,"PlayerSync","id=207 bytes=45","cf 4d 00 84 80 60 7f c0 00 0f 1f a2 f0 ed 1c 09 91 74 9d 1e 90 80 00 00 00 01 43 fc 80 00 03 df fe e4 f4 52 61 24 0b fd fd a5 04 04 80",""
1249,5922,"PACKET","IN",207,45,"PlayerSync","id=207 bytes=45","cf 1a 00 8e 80 43 40 00 00 36 55 ec 70 d1 89 49 d1 7a bf 20 10 80 00 00 00 01 bb fd 80 00 02 85 77 e4 f3 22 7b 04 0f fd fd c8 04 04 80",""
1250,5922,"PACKET","IN",207,43,"PlayerSync","id=207 bytes=43","cf 38 00 60 3f c2 00 09 71 aa 70 ee 4a 89 d1 6a a8 9f 50 84 00 00 00 01 2b b3 7c 00 03 61 83 ec f4 58 97 94 97 fd fd cc 04 02 80",""
1251,5922,"PACKET","IN",200,44,"VehicleSync","id=200 bytes=44","c8 55 00 46 00 7f 00 00 00 08 00 74 50 34 d0 05 9e e9 2f 68 5c 32 87 b2 44 52 bf b7 84 22 d0 72 03 ef 31 6d e3 6c 78 0d 50 3f 00 00",""
1252,5922,"PACKET","IN",207,35,"PlayerSync","id=207 bytes=35","cf 92 00 00 00 3a 0a e3 30 d2 99 89 91 71 9f 1e 90 84 00 00 00 02 9b 21 c0 00 00 00 00 00 01 a5 04 04 80",""
1253,5951,"PACKET","IN",207,35,"PlayerSync","id=207 bytes=35","cf 1f 00 00 00 26 a3 e3 70 c2 1d 89 91 42 a3 5e 90 80 00 00 00 02 c2 27 00 00 00 00 00 00 01 a5 04 e8 80",""
1254,5952,"PACKET","IN",207,35,"PlayerSync","id=207 bytes=35","cf 4f 00 00 00 2e 78 63 70 ff 5e c9 91 72 e4 1e 90 80 00 00 00 01 c2 e2 00 00 00 00 00 00 01 6d 04 64 80",""
1255,5952,"PACKET","IN",207,45,"PlayerSync","id=207 bytes=45","cf 1a 00 90 00 43 40 00 00 1a d5 ec 70 f7 c9 09 d1 67 ff 60 10 80 00 00 00 03 eb fd 80 00 01 1c f3 e4 f3 be 40 80 07 fd fd c8 04 04 80",""
1256,5952,"PACKET","IN",207,41,"PlayerSync","id=207 bytes=41","cf 27 00 00 00 35 c2 a6 f0 d6 0f c9 d1 7b 67 1f 10 84 00 00 00 02 9e de 80 00 02 bb 32 b0 e8 f9 f3 c3 ff fd fd a2 01 05 16",""
1257,5952,"PACKET","IN",207,35,"PlayerSync","id=207 bytes=35","cf 70 00 00 00 2a a3 e3 70 fe e5 c9 91 41 e3 5e 90 80 00 00 00 03 5b 53 00 00 00 00 00 00 01 28 00 04 11",""
1258,5952,"PACKET","IN",207,45,"PlayerSync","id=207 bytes=45","cf 38 00 c0 00 60 3f c2 00 2d 76 6a 70 d3 4a 09 d1 4b 6c 9f 50 84 00 00 00 03 c3 a3 7c 00 01 0e 4f f0 f4 58 97 94 97 fd fd cc 04 02 80",""
1259,5977,"PACKET","IN",207,45,"PlayerSync","id=207 bytes=45","cf 1a 00 94 80 43 c0 00 00 15 d5 ec 70 dd c9 09 d1 5d 7f a0 10 84 00 00 00 03 0b fd 80 00 02 78 5b e4 f0 02 0c 24 03 fd fd c8 04 04 80",""
1260,5978,"PACKET","IN",203,34,"AimSync","id=203 bytes=34","cb 1a 00 04 86 16 6c 3f b2 b8 bd be b5 42 e2 bd 26 f4 b2 c3 78 39 27 45 a8 f7 82 42 00 00 00 00 3f 36",""
1261,5978,"PACKET","IN",207,45,"PlayerSync","id=207 bytes=45","cf 1a 00 97 00 44 00 00 00 27 d5 ec 70 c3 c9 09 d1 5b 3f e0 10 84 00 00 00 03 0f f9 80 00 00 37 bb e0 f3 fd d1 e4 03 fd fd c8 04 04 80",""
1262,5978,"PACKET","IN",207,45,"PlayerSync","id=207 bytes=45","cf 4d 00 84 80 60 7f c0 00 35 9e e2 f0 c6 5a c9 91 6e 1d 1e 90 84 00 00 00 03 9f fc 80 00 01 2e 4a c8 f6 cd f4 14 03 fd fd a5 04 04 80",""
1263,6004,"PACKET","IN",207,43,"PlayerSync","id=207 bytes=43","cf 38 00 c0 00 02 00 2b bc aa 70 c6 89 89 d1 65 32 1f 50 84 00 00 00 02 23 67 7c 00 01 e7 83 e4 f5 cc 40 e5 07 fd fd cc 04 02 80",""
1264,6034,"PACKET","IN",207,41,"PlayerSync","id=207 bytes=41","cf 1a 00 00 00 23 96 2c 70 de 48 c9 d1 7f 80 20 50 84 00 00 00 03 af ed 80 00 01 5b 13 e0 f0 2d 9d d0 0b fd fd a5 04 04 80",""
1265,6034,"PACKET","IN",207,41,"PlayerSync","id=207 bytes=41","cf 27 00 00 00 38 02 a6 f0 df cf c9 d1 7b 67 1f 10 84 00 00 00 02 9e de 80 00 02 6e 67 e4 e8 f9 f3 c3 ff fd fd a2 01 05 16",""
1266,6034,"PACKET","IN",207,45,"PlayerSync","id=207 bytes=45","cf 4d 00 84 00 60 7f c0 00 17 1f 62 f0 d8 1a 09 91 72 5d 1e 90 84 00 00 00 02 f7 fc 80 00 01 3d 72 a0 f4 59 d5 dc 03 fd fd a5 04 04 80",""
1267,6034,"PACKET","IN",207,35,"PlayerSync","id=207 bytes=35","cf 51 00 00 00 1b 0a e3 30 cf a8 49 91 58 dd 9e 90 84 00 00 00 01 37 17 c0 00 00 00 00 00 01 28 00 04 11",""
1268,6035,"PACKET","IN",207,35,"PlayerSync","id=207 bytes=35","cf 63 00 00 00 35 23 63 70 dd 23 09 91 54 21 9e 90 80 00 00 00 02 22 63 80 00 00 00 00 00 01 28 00 04 11",""
1269,6059,"PACKET","IN",207,35,"PlayerSync","id=207 bytes=35","cf 46 00 00 00 2c 6b a2 f0 e4 28 c9 91 41 1d de 90 80 00 00 00 00 00 03 c0 00 00 00 00 00 01 28 00 04 11",""
1270,6084,"PACKET","IN",207,43,"PlayerSync","id=207 bytes=43","cf 38 00 c0 00 02 00 07 0b aa b0 db 89 09 d1 72 fb 9f 50 84 00 00 00 03 0a b7 7c 00 03 26 0b a0 f4 2c 01 72 0f fd fd cc 04 02 80",""
1271,6085,"PACKET","IN",207,45,"PlayerSync","id=207 bytes=45","cf 4d 00 83 00 60 7f c0 00 39 9f e2 f0 cd d9 49 91 7a 1d 1e 90 84 00 00 00 02 9b fc 80 00 02 62 66 7c f7 89 c7 1c 03 fd fd a5 04 04 80",""
1272,6085,"PACKET","IN",200,44,"VehicleSync","id=200 bytes=44","c8 55 00 46 00 7f 00 00 00 08 00 54 60 49 c0 07 9e 47 17 c8 6c 3f 67 12 44 50 b0 37 94 2c 8f 63 53 e8 70 be b4 ad b8 0d 50 3f 00 00",""
1273,6085,"RPC","IN",99,42,"MoveObject","id=99 bytes=42","a0 00 f8 e3 a1 c3 d7 9b 26 45 53 c5 7d 42 f8 e3 a1 c3 d7 9b 26 45 ed 5e 7b 42 00 00 80 3e 00 00 00 00 00 00 00 00 08 cc 84 43",""
1274,6085,"RPC","IN",122,2,"StopObject","id=122 bytes=2","a0 00",""
1275,6085,"RPC","IN",99,42,"MoveObject","id=99 bytes=42","a0 00 f8 e3 a1 c3 d7 9b 26 45 53 c5 7d 42 f8 e3 a1 c3 d7 9b 26 45 53 c5 7d 42 00 00 80 3e 00 00 00 00 00 00 00 00 08 cc 84 43",""
1276,6085,"RPC","IN",122,2,"StopObject","id=122 bytes=2","a0 00",""
1277,6085,"RPC","IN",99,42,"MoveObject","id=99 bytes=42","a0 00 f8 e3 a1 c3 d7 9b 26 45 53 c5 7d 42 f8 e3 a1 c3 d7 9b 26 45 ed 5e 7b 42 00 00 80 3e 00 00 00 00 00 00 00 00 08 cc 84 43",""
1278,6085,"RPC","IN",122,2,"StopObject","id=122 bytes=2","a0 00",""
1279,6085,"RPC","IN",99,42,"MoveObject","id=99 bytes=42","a0 00 f8 e3 a1 c3 d7 9b 26 45 53 c5 7d 42 f8 e3 a1 c3 d7 9b 26 45 53 c5 7d 42 00 00 80 3e 00 00 00 00 00 00 00 00 08 cc 84 43",""
1280,6085,"RPC","IN",122,2,"StopObject","id=122 bytes=2","a0 00",""
1281,6085,"RPC","IN",99,42,"MoveObject","id=99 bytes=42","a0 00 f8 e3 a1 c3 d7 9b 26 45 53 c5 7d 42 f8 e3 a1 c3 d7 9b 26 45 ed 5e 7b 42 00 00 80 3e 00 00 00 00 00 00 00 00 08 cc 84 43",""
1282,6085,"RPC","IN",122,2,"StopObject","id=122 bytes=2","a0 00",""
1283,6086,"RPC","IN",99,42,"MoveObject","id=99 bytes=42","a0 00 f8 e3 a1 c3 d7 9b 26 45 53 c5 7d 42 f8 e3 a1 c3 d7 9b 26 45 53 c5 7d 42 00 00 80 3e 00 00 00 00 00 00 00 00 08 cc 84 43",""
1284,6086,"RPC","IN",122,2,"StopObject","id=122 bytes=2","a0 00",""
1285,6086,"RPC","IN",99,42,"MoveObject","id=99 bytes=42","a0 00 f8 e3 a1 c3 d7 9b 26 45 53 c5 7d 42 f8 e3 a1 c3 d7 9b 26 45 ed 5e 7b 42 00 00 80 3e 00 00 00 00 00 00 00 00 08 cc 84 43",""
1286,6086,"RPC","IN",122,2,"StopObject","id=122 bytes=2","a0 00",""
1287,6086,"RPC","IN",99,42,"MoveObject","id=99 bytes=42","a0 00 f8 e3 a1 c3 d7 9b 26 45 53 c5 7d 42 f8 e3 a1 c3 d7 9b 26 45 53 c5 7d 42 00 00 80 3e 00 00 00 00 00 00 00 00 08 cc 84 43",""
1288,6086,"RPC","IN",122,2,"StopObject","id=122 bytes=2","a0 00",""
1289,6086,"RPC","IN",99,42,"MoveObject","id=99 bytes=42","a0 00 f8 e3 a1 c3 d7 9b 26 45 53 c5 7d 42 f8 e3 a1 c3 d7 9b 26 45 ed 5e 7b 42 00 00 80 3e 00 00 00 00 00 00 00 00 08 cc 84 43",""
1290,6086,"RPC","IN",122,2,"StopObject","id=122 bytes=2","a0 00",""
1291,6086,"RPC","IN",99,42,"MoveObject","id=99 bytes=42","a0 00 f8 e3 a1 c3 d7 9b 26 45 53 c5 7d 42 f8 e3 a1 c3 d7 9b 26 45 53 c5 7d 42 00 00 80 3e 00 00 00 00 00 00 00 00 08 cc 84 43",""
1292,6086,"PACKET","IN",207,41,"PlayerSync","id=207 bytes=41","cf 27 00 00 00 3a 02 a6 f0 e8 4f c9 d1 7b 67 1f 10 84 00 00 00 02 9e de 80 00 00 10 00 40 ec f9 f3 c3 ff fd fd a2 01 05 16",""
1293,6086,"PACKET","IN",207,45,"PlayerSync","id=207 bytes=45","cf 4d 00 82 80 60 7f c0 00 2f a0 22 f0 cd 59 09 91 7c 9d 1e 90 84 00 00 00 02 97 fc 80 00 00 22 9a 88 f6 bd ca c4 03 fd fd a5 04 04 80",""
1294,6109,"PACKET","IN",207,43,"PlayerSync","id=207 bytes=43","cf 38 00 c0 00 00 00 10 4f ea b0 ed c9 09 d1 49 7d df 50 84 00 00 00 03 46 77 7c 00 02 0a 97 74 f5 34 08 a2 63 fd fd cc 04 02 80",""
1295,6109,"PACKET","IN",207,45,"PlayerSync","id=207 bytes=45","cf 4d 00 82 00 60 7f c0 00 2c 20 62 f0 c5 18 c9 91 7f 5d 1e 90 84 00 00 00 02 9f fc 80 00 01 91 9a 90 f6 89 ca cc 03 fd fd a5 04 04 80",""
1296,6110,"PACKET","IN",207,41,"PlayerSync","id=207 bytes=41","cf 1a 00 00 00 17 17 ec 70 ff 88 49 d1 60 41 a0 50 84 00 00 00 02 eb bd 80 00 02 be 06 60 f3 a0 ad fc 7f fd fd a5 04 04 80",""
1297,6110,"PACKET","IN",207,35,"PlayerSync","id=207 bytes=35","cf 5b 00 00 00 0e fc 66 b0 e8 7d 89 91 7b 67 1f 10 84 00 00 00 01 0a e2 00 00 00 00 00 00 01 a5 04 e8 80",""
1298,6110,"PACKET","IN",207,35,"PlayerSync","id=207 bytes=35","cf 7c 00 00 00 35 a2 e2 70 da 28 89 91 5f 9d de 90 80 00 00 00 01 98 6a 40 00 00 00 00 00 01 28 00 04 11",""
1299,6110,"PACKET","OUT",207,69,"PlayerSync","id=207 bytes=69","cf 00 00 00 00 00 00 73 61 95 c3 e9 46 26 45 82 99 7b 42 03 3f bf 3e 00 00 00 00 00 00 00 00 71 78 6d 3f 64 00 04 00 00 00 00 00 00 00 00 00 00 00 00 00 00 00 00 00 00 00 00 00 00 00 00 00 00 00 a5 04 04 80",""
1300,6137,"PACKET","IN",207,45,"PlayerSync","id=207 bytes=45","cf 4d 00 81 00 60 7f c0 00 10 21 22 f0 cc 58 89 91 46 dd 5e 90 84 00 00 00 02 df fc 80 00 00 9d 2e 68 f6 09 52 74 1f fd fd a5 04 04 80",""
1301,6137,"PACKET","IN",207,35,"PlayerSync","id=207 bytes=35","cf 76 00 00 00 0e 87 a2 f0 c1 28 c9 91 5a 1c 1e 90 84 00 00 00 03 6c 9f 40 00 00 00 00 00 01 28 00 04 11",""
1302,6137,"PACKET","IN",207,43,"PlayerSync","id=207 bytes=43","cf 4d 00 60 3f c0 00 3e a1 22 f0 ce 98 49 91 49 1d 5e 90 84 00 00 00 03 1b fc 80 00 03 fb fe 6c f4 1d d2 3c 03 fd fd a5 04 04 80",""
1303,6138,"PACKET","IN",207,41,"PlayerSync","id=207 bytes=41","cf 92 00 00 00 39 8a e3 30 d2 99 89 91 71 9f 1e 90 84 00 00 00 02 9b 21 c0 00 02 0a 64 64 e5 16 75 90 0f fd fd a5 04 04 80",""
1304,6167,"RPC","IN",138,3,"ServerQuit","id=138 bytes=3","a6 00 00",""
1305,6167,"PACKET","IN",207,41,"PlayerSync","id=207 bytes=41","cf 27 00 00 00 3c 42 a6 f0 f1 4f c9 d1 7b 67 1f 10 84 00 00 00 02 9e de 80 00 03 f3 fc 3c ec f9 f3 c3 ff fd fd a2 01 05 16",""
1306,6167,"PACKET","IN",200,44,"VehicleSync","id=200 bytes=44","c8 55 00 46 00 7f 00 00 00 08 00 58 70 41 90 19 4d ce 2d e8 6c 38 26 d2 44 5d a0 87 94 2b 33 d4 33 e0 50 63 45 9e 58 0d 50 3f 00 00",""
1307,6167,"PACKET","IN",207,35,"PlayerSync","id=207 bytes=35","cf 54 00 00 00 05 77 63 70 c5 21 c9 91 65 24 1e 90 80 00 00 00 00 12 8e c0 00 00 00 00 00 01 a5 04 04 80",""
1308,6192,"PACKET","IN",207,43,"PlayerSync","id=207 bytes=43","cf 38 00 c0 00 00 00 25 dc 6a b0 c0 8a 09 d1 4b 81 5f 90 84 00 00 00 01 15 93 7c 00 02 57 0b cc f6 b4 78 8b 4f fd fd cc 04 02 80",""
1309,6193,"PACKET","IN",207,45,"PlayerSync","id=207 bytes=45","cf 4d 00 fe ff e0 7f c0 00 19 61 a2 f0 c5 97 c9 91 4d 1d 5e 90 84 00 00 00 03 7b fc 80 00 02 cb 42 a8 f5 b1 d5 bc 03 fd fd a5 04 04 80",""
1310,6193,"PACKET","IN",207,45,"PlayerSync","id=207 bytes=45","cf 4d 00 fa ff e0 7f c0 00 0b a1 e2 f0 e2 97 49 91 4f 9d 5e 90 84 00 00 00 03 fb fc 80 00 00 f4 4e d4 f7 95 dd 04 03 fd fd a5 04 04 80",""
1311,6220,"PACKET","IN",207,41,"PlayerSync","id=207 bytes=41","cf 1a 00 00 00 29 d8 ec 70 d8 08 49 d1 53 c2 60 50 84 00 00 00 02 eb bd 80 00 02 ce 87 e4 ef a0 ad fc 7f fd fd a5 04 04 80",""
1312,6221,"PACKET","IN",207,45,"PlayerSync","id=207 bytes=45","cf 4d 00 f8 ff e0 7f c0 00 11 e1 e2 f0 f1 96 c9 91 50 1d 5e 90 80 00 00 00 03 ef fc 80 00 03 37 32 e0 f4 71 fc 00 03 fd fd a5 04 04 80",""
1313,6221,"PACKET","IN",200,44,"VehicleSync","id=200 bytes=44","c8 55 00 46 00 7f 00 00 00 08 00 58 90 48 d0 1b 7d 4d e3 a8 7c 3d a6 a2 44 54 20 e7 94 22 21 14 c3 e4 40 20 76 8e b8 0d 50 3f 00 00",""
1314,6221,"PACKET","IN",207,35,"PlayerSync","id=207 bytes=35","cf 60 00 00 00 35 55 ea b0 d6 1c 89 d1 7c 99 df 50 80 00 00 00 00 00 01 c0 00 00 00 00 00 01 fb 04 04 80",""
1315,6251,"PACKET","IN",207,41,"PlayerSync","id=207 bytes=41","cf 27 00 00 00 3e 42 a6 f0 fa 4f c9 d1 7b 67 1f 10 84 00 00 00 02 9e de 80 00 01 a1 98 18 ec f9 f3 c3 ff fd fd a2 01 05 16",""
1316,6251,"PACKET","IN",207,35,"PlayerSync","id=207 bytes=35","cf 2d 00 00 00 3c 58 68 30 c1 50 49 d1 7b 67 1f 10 84 00 00 00 02 aa b3 c0 00 00 00 00 00 01 28 00 04 11",""
1317,6251,"PACKET","IN",203,34,"AimSync","id=203 bytes=34","cb 2d 00 04 93 85 1b 3d 88 36 7a bf 55 fa 54 3e 11 6e a0 c3 07 68 27 45 21 f0 7c 42 00 00 00 00 3f 28",""
1318,6251,"PACKET","IN",207,45,"PlayerSync","id=207 bytes=45","cf 4d 00 f7 7f e0 bf c0 00 02 e1 e2 f0 d7 d6 89 91 4f 1d 5e 90 80 00 00 00 03 bf fc 80 00 03 2b 32 e0 f6 b6 08 1c 03 fd fd a5 04 04 80",""
1319,6251,"PACKET","IN",207,41,"PlayerSync","id=207 bytes=41","cf 92 00 00 00 38 0a e3 30 d2 19 89 91 71 9f 1e 90 84 00 00 00 02 9b 21 c0 00 02 a2 64 64 e5 16 75 90 0f fd fd a5 04 04 80",""
1320,6251,"PACKET","IN",207,35,"PlayerSync","id=207 bytes=35","cf 1c 00 00 00 2d 1d 28 30 f6 cc c9 d1 7b 67 1f 10 84 00 00 00 00 65 93 00 00 00 00 00 00 01 a5 04 e8 80",""
1321,6252,"PACKET","IN",207,43,"PlayerSync","id=207 bytes=43","cf 38 00 c0 00 00 00 3c 67 6a b0 e5 4b 49 d1 7e 84 5f 90 84 00 00 00 01 bd 87 7c 00 01 26 13 e0 f7 94 97 a3 6b fd fd cc 04 02 80",""
1322,6252,"PACKET","IN",207,45,"PlayerSync","id=207 bytes=45","cf 4d 00 f5 7f e0 bf c0 00 2b e1 a2 f0 d5 16 49 91 4e 1d 5e 90 80 00 00 00 03 4f fc 80 00 01 30 4e dc f5 f2 14 78 03 fd fd a5 04 04 80",""
1323,6275,"PACKET","IN",207,45,"PlayerSync","id=207 bytes=45","cf 4d 00 f4 ff e0 ff c0 00 0c a1 a2 f0 df 56 09 91 4c 9d 5e 90 80 00 00 00 03 23 fc 80 00 03 fb fe cc f5 3a 25 58 03 fd fd a5 04 04 80",""
1324,6275,"PACKET","IN",207,35,"PlayerSync","id=207 bytes=35","cf 1a 00 00 00 0f 19 2c 70 d2 88 49 d1 6c 82 60 50 84 00 00 00 02 eb bd 80 00 00 00 00 00 01 a5 04 04 80",""
1325,6301,"PACKET","IN",207,45,"PlayerSync","id=207 bytes=45","cf 4d 00 f3 ff e0 ff c0 00 05 61 62 f0 f1 d5 89 91 49 9d 5e 90 80 00 00 00 02 cb fc 80 00 01 ef 92 bc f5 96 29 b0 03 fd fd a5 04 04 80",""
1326,6301,"PACKET","IN",207,35,"PlayerSync","id=207 bytes=35","cf 97 00 00 00 3d e7 a8 30 e5 89 c9 d1 7b 67 1f 10 84 00 00 00 00 0f 03 e8 00 00 00 00 00 01 28 00 04 11",""
1327,6302,"PACKET","IN",207,45,"PlayerSync","id=207 bytes=45","cf 4d 00 f3 7f e0 ff c0 00 0c 21 22 f0 e8 15 49 91 47 1d 5e 90 80 00 00 00 02 97 fc 80 00 03 e7 fe b4 f5 72 32 64 03 fd fd a5 04 04 80",""
1328,6302,"PACKET","IN",207,35,"PlayerSync","id=207 bytes=35","cf 60 00 00 00 35 55 ea b0 d6 1c 89 d1 7c 99 df 50 80 00 00 00 00 00 01 c0 00 00 00 00 00 01 fb 04 04 80",""
1329,6306,"PACKET","OUT",203,32,"AimSync","id=203 bytes=32","cb 00 00 00 39 05 00 00 00 00 00 00 00 00 00 00 00 40 01 00 00 00 80 3f 00 00 f3 04 b5 3f 39 05",""
1330,6328,"RPC","IN",87,2,"ClearPlayerAnimation","id=87 bytes=2","00 00",""
1331,6328,"RPC","IN",86,29,"ApplyPlayerAnimation","id=86 bytes=29","00 00 05 43 41 52 52 59 0b 63 72 72 79 5f 70 72 74 69 61 6c 33 33 83 40 00 00 00 00 00",""
1332,6328,"PACKET","IN",207,41,"PlayerSync","id=207 bytes=41","cf 27 00 00 00 00 42 e6 f0 c2 50 09 d1 7b 67 1f 10 84 00 00 00 02 9e de 80 00 01 f7 d7 b8 e8 f9 f3 c3 ff fd fd a2 01 05 16",""
1333,6329,"PACKET","IN",207,45,"PlayerSync","id=207 bytes=45","cf 4d 00 f2 ff e0 ff c0 00 06 a0 e2 f0 d5 55 09 91 43 dd 5e 90 80 00 00 00 02 5b fc 80 00 00 6d 7a a8 f5 7a 36 cc 03 fd fd a5 04 04 80",""
1334,6329,"RPC","IN",105,7,"TextDrawSetString","id=105 bytes=7","26 08 03 00 31 30 30",""
1335,6329,"RPC","IN",105,5,"TextDrawSetString","id=105 bytes=5","27 08 01 00 30",""
1336,6329,"RPC","IN",105,6,"TextDrawSetString","id=105 bytes=6","28 08 02 00 34 38",""
1337,6329,"RPC","IN",105,5,"TextDrawSetString","id=105 bytes=5","29 08 01 00 37",""
1338,6329,"RPC","IN",105,7,"TextDrawSetString","id=105 bytes=7","2a 08 03 00 31 30 30",""
1339,6329,"PACKET","IN",207,43,"PlayerSync","id=207 bytes=43","cf 38 00 c0 00 00 00 15 f1 6a b0 e3 8c 89 d1 53 47 5f 90 84 00 00 00 01 bd 87 7c 00 02 bf bf 8c f7 94 97 a3 6b fd fd cc 04 02 80",""
1340,6329,"PACKET","IN",200,44,"VehicleSync","id=200 bytes=44","c8 55 00 46 00 7f 00 00 00 08 00 55 e0 40 80 21 5c 94 4b 78 7c 36 96 92 44 58 61 57 94 2b d7 a5 73 e1 a0 0e 97 ae e8 0d 50 3f 00 00",""
1341,6329,"PACKET","IN",207,41,"PlayerSync","id=207 bytes=41","cf 92 00 00 00 22 8a e3 30 c7 99 89 91 70 9f 1e 90 84 00 00 00 02 9b 21 c0 00 02 4c ac 24 ef 06 7c 00 13 fd fd a5 04 04 80",""
1342,6352,"PACKET","IN",207,45,"PlayerSync","id=207 bytes=45","cf 4d 00 f2 ff e1 3f c0 00 04 e0 a2 f0 cc d4 c9 91 41 1d 5e 90 80 00 00 00 02 3f fc 80 00 03 f3 fe 9c f5 ca 3b 44 03 fd fd a5 04 04 80",""
1343,6353,"PACKET","OUT",205,9,"UNKNOWN_PACKET","id=205 bytes=9","cd b8 4a 04 00 00 00 00 00",""
1344,6377,"PACKET","IN",207,45,"PlayerSync","id=207 bytes=45","cf 4d 00 f2 7f e1 3f c0 00 0d e0 62 f0 d2 14 89 91 7e 9d 1e 90 80 00 00 00 01 f3 fc 80 00 01 a1 c6 94 f7 7e 3b 74 03 fd fd a5 04 04 80",""
1345,6403,"PACKET","IN",207,35,"PlayerSync","id=207 bytes=35","cf 0b 00 00 00 26 cb 68 30 e8 bd c9 91 7b 67 1f 10 84 00 00 00 02 2e 5f c0 00 00 00 00 00 01 28 00 04 11",""
1346,6404,"PACKET","IN",203,34,"AimSync","id=203 bytes=34","cb 0b 00 04 59 f9 32 bf 46 0e 35 bf 91 20 d7 3d 97 98 9e c3 d9 2a 27 45 78 1c 7d 42 00 00 00 00 3f 36",""
1347,6404,"PACKET","IN",207,41,"PlayerSync","id=207 bytes=41","cf 27 00 00 00 01 c2 e6 f0 c8 50 09 d1 7b 67 1f 10 84 00 00 00 02 9e de 80 00 01 bd 9b 98 e8 f9 f3 c3 ff fd fd a2 01 05 16",""
1348,6404,"PACKET","IN",203,34,"AimSync","id=203 bytes=34","cb 27 00 04 35 3c 73 bf 9f bb 8b 3e 82 78 1a be 59 f7 99 c3 3b 36 27 45 be 30 80 42 00 00 00 00 3f 27",""
1349,6428,"PACKET","IN",207,45,"PlayerSync","id=207 bytes=45","cf 38 00 c0 00 60 00 00 00 3a 3c aa b0 d3 4e 09 d1 5a 4a 9f 90 84 00 00 00 02 8d 67 7c 00 00 15 23 4c f7 94 97 a3 6b fd fd cc 04 02 80",""
1350,6429,"PACKET","IN",203,34,"AimSync","id=203 bytes=34","cb 38 00 04 e7 2c 31 bf 92 99 2f bf 87 1d 66 be 32 de a8 c3 24 71 27 45 6d c7 82 42 00 00 00 00 3f c6",""
1351,6429,"PACKET","IN",207,45,"PlayerSync","id=207 bytes=45","cf 4d 00 f2 ff e0 ff c0 00 34 1f 62 f0 fe 13 89 91 74 9d 1e 90 80 00 00 00 02 03 fc 80 00 01 91 9a 78 f6 3a 40 4c 07 fd fd a5 04 04 80",""
1352,6429,"PACKET","IN",203,34,"AimSync","id=203 bytes=34","cb 4d 00 04 ef 0c b2 bd 6f 52 70 bf 4e b7 aa be fe 74 8b c3 17 63 26 45 dc 68 7e 42 00 00 00 00 3f 48",""
1353,6429,"PACKET","IN",207,35,"PlayerSync","id=207 bytes=35","cf 1f 00 00 00 26 a3 e3 70 c2 1d 89 91 42 a3 5e 90 80 00 00 00 02 c2 27 00 00 00 00 00 00 01 a5 04 e8 80",""
1354,6429,"PACKET","IN",207,45,"PlayerSync","id=207 bytes=45","cf 4d 00 f5 7f e0 ff c0 00 0f 5f 22 f0 d3 53 49 91 70 1d 1e 90 80 00 00 00 02 f3 fc 80 00 00 08 02 58 f4 d2 3b 28 03 fd fd a5 04 04 80",""
1355,6430,"PACKET","IN",207,41,"PlayerSync","id=207 bytes=41","cf 92 00 00 00 10 8a e3 30 ff 19 49 91 6f df 1e 90 84 00 00 00 02 9b 21 c0 00 02 64 ac 24 ef 06 7c 00 13 fd fd a5 04 04 80",""
1356,6477,"PACKET","IN",207,35,"PlayerSync","id=207 bytes=35","cf 3d 00 00 00 32 67 a8 30 d0 79 49 91 7b 67 1f 10 84 00 00 00 00 e6 f1 c0 00 00 00 00 00 01 28 00 04 11",""
1357,6477,"PACKET","IN",207,45,"PlayerSync","id=207 bytes=45","cf 4d 00 f6 7f e0 bf c0 00 1f 1e e2 f0 d0 93 09 91 6e 1d 1e 90 80 00 00 00 03 3f fc 80 00 03 2f 96 5c f6 22 2e 14 03 fd fd a5 04 04 80",""
1358,6478,"PACKET","IN",200,44,"VehicleSync","id=200 bytes=44","c8 55 00 46 00 7f 00 00 00 08 00 53 c0 46 b0 2d 8b d3 02 78 8c 31 66 a2 44 50 01 c7 94 23 de f6 03 e8 d0 0d b8 be a8 0d 50 3f 00 00",""
1359,6478,"PACKET","IN",207,45,"PlayerSync","id=207 bytes=45","cf 4d 00 f7 ff e0 bf c0 00 37 9e a2 f0 cf 92 c9 91 6c 1d 1e 90 80 00 00 00 03 97 fc 80 00 02 46 66 64 f6 d2 25 78 03 fd fd a5 04 04 80",""
1360,6478,"PACKET","IN",207,35,"PlayerSync","id=207 bytes=35","cf 70 00 00 00 2a a3 e3 70 fe e5 c9 91 41 e3 5e 90 80 00 00 00 03 5b 53 00 00 00 00 00 00 01 28 00 04 11",""
1361,6478,"PACKET","IN",207,35,"PlayerSync","id=207 bytes=35","cf 7e 00 00 00 1f 9c a8 30 f1 83 0a 91 40 30 1e 90 80 00 00 00 02 17 b3 94 00 00 00 00 00 01 a5 04 04 80",""
1362,6506,"PACKET","IN",207,41,"PlayerSync","id=207 bytes=41","cf 27 00 00 00 03 82 e6 f0 cf 50 09 d1 7b 67 1f 10 84 00 00 00 02 9e de 80 00 01 c9 9a 18 e8 f9 f3 c3 ff fd fd a2 01 05 16",""
1363,6507,"PACKET","IN",207,45,"PlayerSync","id=207 bytes=45","cf 38 00 c0 00 60 00 00 00 0b 02 2a f0 f5 0f 09 d1 73 0b 1f 90 84 00 00 00 03 fc 93 7c 00 03 60 df 38 f4 15 56 43 e3 fd fd cc 04 02 80",""
1364,6507,"PACKET","IN",207,45,"PlayerSync","id=207 bytes=45","cf 4d 00 f9 ff e0 7f c0 00 16 de a2 f0 c6 12 89 91 6a 9d 1e 90 80 00 00 00 03 e7 fc 80 00 01 46 ba 84 f4 66 1c c8 03 fd fd a5 04 04 80",""
1365,6507,"PACKET","IN",200,44,"VehicleSync","id=200 bytes=44","c8 55 00 46 00 7f 00 00 00 08 00 51 50 4b 80 22 5b 22 69 48 8c 38 46 c2 44 53 e2 27 94 21 3e 86 93 e0 10 38 f9 be 48 0d 50 3f 00 00",""
1366,6507,"PACKET","IN",207,35,"PlayerSync","id=207 bytes=35","cf 85 00 00 00 2a 16 e5 b0 ef 3f 89 91 6c 24 9f 10 80 00 00 00 00 ab 25 80 00 00 00 00 00 01 28 00 04 11",""
1367,6507,"PACKET","IN",207,45,"PlayerSync","id=207 bytes=45","cf 4d 00 fa ff e0 7f c0 00 08 9e a2 f0 c2 12 49 91 6a 1d 1e 90 80 00 00 00 03 f7 fc 80 00 03 6f 32 98 f5 62 0c 2c 03 fd fd a5 04 04 80",""
1368,6507,"PACKET","IN",207,35,"PlayerSync","id=207 bytes=35","cf 4f 00 00 00 2e 78 63 70 ff 5e c9 91 72 e4 1e 90 80 00 00 00 01 c2 e2 00 00 00 00 00 00 01 6d 04 64 80",""
1369,6532,"PACKET","IN",207,43,"PlayerSync","id=207 bytes=43","cf 38 00 60 00 00 00 3a 03 2a f0 c2 90 09 d1 78 0a 1f 90 84 00 00 00 03 1c 0b 7c 00 00 b3 a7 3c f6 19 da 97 ff fd fd cc 04 02 80",""
1370,6533,"PACKET","IN",207,45,"PlayerSync","id=207 bytes=45","cf 4d 00 fc 7f e0 7f c0 00 01 5e a2 f0 fe 51 c9 91 69 9d 1e 90 84 00 00 00 03 fb fc 80 00 03 24 9a c4 f6 e2 04 08 03 fd fd a5 04 04 80",""
1371,6533,"PACKET","IN",207,35,"PlayerSync","id=207 bytes=35","cf 51 00 00 00 1b 0a e3 30 cf a8 49 91 58 dd 9e 90 84 00 00 00 01 37 17 c0 00 00 00 00 00 01 28 00 04 11",""
1372,6533,"PACKET","IN",207,45,"PlayerSync","id=207 bytes=45","cf 4d 00 fc ff e0 7f c0 00 05 de a2 f0 f3 11 89 91 6a 1d 1e 90 84 00 00 00 03 f7 fc 80 00 02 aa 66 dc f4 19 fc 00 03 fd fd a5 04 04 80",""
1373,6557,"PACKET","IN",207,41,"PlayerSync","id=207 bytes=41","cf 92 00 00 00 3b 0a a3 30 f4 99 49 91 6e df 1e 90 84 00 00 00 02 9b 21 c0 00 02 34 ac 24 ef 06 7c 00 13 fd fd a5 04 04 80",""
1374,6557,"PACKET","IN",203,34,"AimSync","id=203 bytes=34","cb 92 00 04 f4 a5 c5 be df c3 6a 3f 9c c3 cc bd 1d d1 8b c3 32 4b 26 45 b2 9d 7d 42 00 00 00 00 3f 37",""
1375,6583,"PACKET","IN",207,41,"PlayerSync","id=207 bytes=41","cf 27 00 00 00 05 02 e6 f0 d3 10 09 d1 7b 67 1f 10 84 00 00 00 02 9e de 80 00 02 b4 f9 04 e8 49 d6 1f ff fd fd a2 01 05 16",""
1376,6583,"PACKET","IN",207,45,"PlayerSync","id=207 bytes=45","cf 4d 00 fe ff e0 7f c0 00 20 1e a2 f0 d2 51 09 91 6b 1d 1e 90 84 00 00 00 03 c7 fc 80 00 02 ff 33 10 f6 35 f0 2c 03 fd fd a5 04 04 80",""
1377,6584,"PACKET","IN",200,44,"VehicleSync","id=200 bytes=44","c8 55 00 46 00 00 00 00 00 08 00 5e c0 3d e0 23 6a 65 ef d8 8c 38 87 02 44 50 82 97 94 27 67 d7 33 ef 30 69 7a 91 f8 1d 50 3f 00 00",""
1378,6584,"RPC","IN",86,27,"ApplyPlayerAnimation","id=86 bytes=27","1c 00 07 42 44 5f 46 49 52 45 07 77 61 73 68 5f 75 70 33 33 83 40 80 00 00 00 00",""
1379,6584,"PACKET","IN",207,35,"PlayerSync","id=207 bytes=35","cf 63 00 00 00 35 23 63 70 dd 23 09 91 54 21 9e 90 80 00 00 00 02 22 63 80 00 00 00 00 00 01 28 00 04 11",""
1380,6607,"PACKET","IN",207,45,"PlayerSync","id=207 bytes=45","cf 4d 00 ff 7f e0 7f c0 00 3d de a2 f0 f7 50 89 91 6c 9d 1e 90 84 00 00 00 03 b7 fc 80 00 03 7f 33 10 f7 21 e8 6c 03 fd fd a5 04 04 80",""
1381,6607,"PACKET","IN",207,43,"PlayerSync","id=207 bytes=43","cf 38 00 60 00 00 00 28 00 ea f0 c9 d1 89 d1 5e 85 df 90 80 00 00 00 00 90 eb 7c 00 02 37 f3 b0 f6 26 ca 63 d7 fd fd cc 04 02 80",""
1382,6608,"PACKET","IN",207,35,"PlayerSync","id=207 bytes=35","cf 46 00 00 00 2c 6b a2 f0 e4 28 c9 91 41 1d de 90 80 00 00 00 00 00 03 c0 00 00 00 00 00 01 28 00 04 11",""
1383,6608,"PACKET","IN",207,43,"PlayerSync","id=207 bytes=43","cf 4d 00 60 3f c0 00 23 1e e2 f0 d3 d0 49 91 6e 5d 1e 90 84 00 00 00 03 83 fc 80 00 02 df 33 10 f4 05 e8 8c 03 fd fd a5 04 04 80",""
1384,6608,"PACKET","IN",207,39,"PlayerSync","id=207 bytes=39","cf 4f 00 83 80 7e ff c0 00 2e 78 63 70 ff 5e c9 91 72 e4 1e 90 80 00 00 00 01 83 56 00 00 00 00 00 00 01 c8 04 64 80",""
1385,6608,"PACKET","IN",203,34,"AimSync","id=203 bytes=34","cb 4f 00 04 6f 98 66 3f af d4 ca be 07 48 36 be 9b a5 8e c3 c2 86 26 45 da 2c 7e 42 00 00 00 00 3f 26",""
1386,6637,"PACKET","IN",207,43,"PlayerSync","id=207 bytes=43","cf 4d 00 60 7f c0 00 0a df 22 f0 c2 10 09 91 70 5d 1e 90 84 00 00 00 03 8b fc 80 00 01 b2 bb 04 f4 d1 e0 f0 03 fd fd a5 04 04 80",""
1387,6637,"PACKET","IN",200,44,"VehicleSync","id=200 bytes=44","c8 55 00 46 00 00 00 00 00 08 00 5b 50 3a 10 1d f9 b1 86 a8 9c 36 37 52 44 5c 33 37 94 2e e7 48 13 eb 50 7b 7a ba 28 1d 50 3f 00 00",""
1388,6637,"RPC","IN",86,26,"ApplyPlayerAnimation","id=86 bytes=26","92 00 03 70 65 64 0a 70 68 6f 6e 65 5f 74 61 6c 6b 33 33 83 40 f0 10 00 00 00",""
1389,6637,"RPC","IN",113,59,"SetPlayerAttachedObject","id=113 bytes=59","92 00 09 00 00 00 da a4 80 00 03 00 00 00 1d 65 50 9e cc cd 22 1e c6 cc e2 1e 00 00 00 00 00 00 00 00 49 8c 99 a1 80 00 40 1f 80 00 40 1f 80 00 40 1f 80 00 00 00 00 00 00 00 00",""
1390,6638,"RPC","IN",86,26,"ApplyPlayerAnimation","id=86 bytes=26","27 00 03 70 65 64 0a 70 68 6f 6e 65 5f 74 61 6c 6b 33 33 83 40 f0 10 00 00 00",""
1391,6638,"RPC","IN",113,59,"SetPlayerAttachedObject","id=113 bytes=59","27 00 09 00 00 00 da a4 80 00 03 00 00 00 1d 65 50 9e cc cd 22 1e c6 cc e2 1e 00 00 00 00 00 00 00 00 49 8c 99 a1 80 00 40 1f 80 00 40 1f 80 00 40 1f 80 00 00 00 00 00 00 00 00",""
1392,6638,"PACKET","IN",207,35,"PlayerSync","id=207 bytes=35","cf 27 00 00 00 09 42 e6 f0 d3 10 09 d1 7b 67 1f 10 84 00 00 00 02 9e de 80 00 03 b0 d6 40 d9 a2 01 05 16",""
1393,6639,"PACKET","IN",207,45,"PlayerSync","id=207 bytes=45","cf 4d 00 80 80 60 7f c0 00 27 9f 22 f0 c5 8f c9 91 71 9d 1e 90 84 00 00 00 03 6f fc 80 00 00 28 cf 04 f5 99 e0 e4 03 fd fd a5 04 04 80",""
1394,6639,"PACKET","IN",207,35,"PlayerSync","id=207 bytes=35","cf 5b 00 00 00 0e fc 66 b0 e8 7d 89 91 7b 67 1f 10 84 00 00 00 01 0a e2 00 00 00 00 00 00 01 a5 04 e8 80",""
1395,6662,"PACKET","IN",207,45,"PlayerSync","id=207 bytes=45","cf 4d 00 81 00 60 7f c0 00 0e 5f 62 f0 fc 8f 49 91 73 5d 1e 90 84 00 00 00 03 4f fc 80 00 00 8b 62 f0 f6 35 dd 1c 03 fd fd a5 04 04 80",""
1396,6662,"PACKET","IN",207,35,"PlayerSync","id=207 bytes=35","cf 7c 00 00 00 35 a2 e2 70 da 28 89 91 5f 9d de 90 80 00 00 00 01 98 6a 40 00 00 00 00 00 01 28 00 04 11",""
1397,6663,"PACKET","OUT",207,69,"PlayerSync","id=207 bytes=69","cf 00 00 00 00 00 00 73 61 95 c3 e9 46 26 45 82 99 7b 42 03 3f bf 3e 00 00 00 00 00 00 00 00 71 78 6d 3f 64 00 04 00 00 00 00 00 00 00 00 00 00 00 00 00 00 00 00 00 00 00 00 00 00 00 00 00 00 00 a5 04 04 80",""
1398,6686,"PACKET","IN",207,43,"PlayerSync","id=207 bytes=43","cf 38 00 60 00 00 00 0a 79 2a b0 d7 d2 c9 d1 76 fe df 50 80 00 00 00 01 f9 8b 7c 00 02 6e 17 04 f7 a3 68 67 6b fd fd cc 04 02 80",""
1399,6687,"PACKET","IN",207,45,"PlayerSync","id=207 bytes=45","cf 4d 00 81 80 60 7f c0 00 3b df 62 f0 ee 8f 09 91 75 9d 1e 90 84 00 00 00 03 2b fc 80 00 03 fb fe e4 f6 c1 d9 58 03 fd fd a5 04 04 80",""
1400,6687,"PACKET","IN",207,45,"PlayerSync","id=207 bytes=45","cf 4f 00 85 00 7e 3f c0 00 1c 78 a3 70 c8 1f 09 91 75 24 1e 90 80 00 00 00 03 57 ae 00 00 01 76 95 b4 ed 48 e9 7b af fd fd c8 04 64 80",""
1401,6687,"PACKET","IN",207,35,"PlayerSync","id=207 bytes=35","cf 54 00 00 00 05 77 63 70 c5 21 c9 91 65 24 1e 90 80 00 00 00 00 12 8e c0 00 00 00 00 00 01 a5 04 04 80",""
1402,6687,"PACKET","IN",207,41,"PlayerSync","id=207 bytes=41","cf 92 00 00 00 21 8a a3 30 e8 19 49 91 6d 9f 1e 90 84 00 00 00 02 9b 21 c0 00 02 64 ac 24 ef 06 7c 00 13 fd fd a5 04 04 80",""
1403,6687,"RPC","IN",72,6,"SetPlayerColor","id=72 bytes=6","a3 00 ff ff ff ff",""
1404,6687,"RPC","IN",72,6,"SetPlayerColor","id=72 bytes=6","a3 00 ff ff ff ff",""
1405,6687,"RPC","IN",11,15,"SetPlayerName","id=11 bytes=15","a3 00 0b 53 65 6f 6e 5f 50 61 72 6b 65 72 01",""
1406,6688,"PACKET","IN",207,45,"PlayerSync","id=207 bytes=45","cf 4d 00 82 00 60 7f c0 00 2e 5f a2 f0 df ce c9 91 77 dd 1e 90 84 00 00 00 03 03 fc 80 00 00 7a 66 e0 f7 2d d5 a0 03 fd fd a5 04 04 80",""
1407,6712,"PACKET","IN",207,45,"PlayerSync","id=207 bytes=45","cf 4d 00 82 80 60 7f c0 00 29 5f e2 f0 cb 4e 89 91 7a 9d 1e 90 84 00 00 00 02 d7 fc 80 00 02 2a 66 dc f7 7d d1 ec 03 fd fd a5 04 04 80",""
1408,6712,"PACKET","IN",200,44,"VehicleSync","id=200 bytes=44","c8 55 00 46 00 00 00 00 00 08 00 72 a0 3b 70 04 f9 51 1e 18 9c 30 17 b2 44 50 34 27 94 23 d9 48 83 e7 e0 8d 0a dd 38 1d 50 3f 00 00",""
1409,6712,"PACKET","IN",203,34,"AimSync","id=203 bytes=34","cb 55 00 12 82 32 4e bf 4d 75 fa 3e 0f 4e ab be 93 39 87 c3 6b 47 24 45 90 71 84 42 00 00 00 00 3f 44",""
1410,6713,"PACKET","IN",207,35,"PlayerSync","id=207 bytes=35","cf 76 00 00 00 0e 87 a2 f0 c1 28 c9 91 5a 1c 1e 90 84 00 00 00 03 6c 9f 40 00 00 00 00 00 01 28 00 04 11",""
1411,6735,"PACKET","IN",207,41,"PlayerSync","id=207 bytes=41","cf 27 00 00 00 09 42 e6 f0 d2 d0 09 d1 7b 67 1f 10 84 00 00 00 02 9e de 80 00 01 0e 9d 6c e7 fd fc 00 03 fd fd a2 01 05 16",""
1412,6785,"RPC","IN",138,3,"ServerQuit","id=138 bytes=3","5e 00 01",""
1413,6785,"PACKET","IN",207,35,"PlayerSync","id=207 bytes=35","cf 29 00 00 00 08 a6 a8 30 da 95 09 d1 7b 67 1f 10 84 00 00 00 00 88 e3 c0 00 00 00 00 00 01 a5 04 04 80",""
1414,6785,"PACKET","IN",203,34,"AimSync","id=203 bytes=34","cb 29 00 04 fc 9f 21 3f 9f 68 2f bf 7a f5 b9 be 6d 75 a1 c3 2a 72 27 45 51 7a 81 42 00 00 00 00 3f 06",""
1415,6785,"PACKET","IN",207,43,"PlayerSync","id=207 bytes=43","cf 38 00 60 00 00 00 1a 70 aa b0 e3 93 c9 d1 45 b8 5f 50 80 00 00 00 01 f9 8b 7c 00 01 db 5a b8 f7 a3 68 67 6b fd fd cc 04 02 80",""
1416,6785,"PACKET","IN",207,45,"PlayerSync","id=207 bytes=45","cf 4d 00 83 80 60 7f c0 00 25 a1 22 f0 f1 0d 49 91 49 1d 5e 90 84 00 00 00 03 df f4 80 00 03 63 fe b4 f6 25 9d 6c 0b fd fd a5 04 04 80",""
1417,6785,"PACKET","IN",207,45,"PlayerSync","id=207 bytes=45","cf 4f 00 86 00 7d bf c0 00 2e 79 63 70 dc de c9 91 7e a4 1e 90 80 00 00 00 00 57 ea 00 00 01 86 2e 3c f1 d0 f6 9c 4b fd fd c8 04 64 80",""
1418,6785,"RPC","IN",87,2,"ClearPlayerAnimation","id=87 bytes=2","97 00",""
1419,6786,"RPC","IN",86,29,"ApplyPlayerAnimation","id=86 bytes=29","97 00 05 43 41 52 52 59 0b 63 72 72 79 5f 70 72 74 69 61 6c 33 33 83 40 00 00 00 00 00",""
1420,6811,"PACKET","IN",207,35,"PlayerSync","id=207 bytes=35","cf 1c 00 00 00 2d 1d 28 30 f6 cc c9 d1 7b 67 1f 10 84 00 00 00 00 65 93 00 00 00 00 00 00 01 28 00 04 11",""
1421,6812,"PACKET","IN",207,41,"PlayerSync","id=207 bytes=41","cf 27 00 00 00 09 02 e6 f0 cf 50 09 d1 7b 67 1f 10 84 00 00 00 02 9e de 80 00 02 71 94 3c eb 02 0c 38 03 fd fd a5 04 e8 80",""
1422,6812,"PACKET","IN",207,35,"PlayerSync","id=207 bytes=35","cf 2d 00 00 00 3c 58 68 30 c1 50 49 d1 7b 67 1f 10 84 00 00 00 02 aa b3 c0 00 00 00 00 00 01 28 00 04 11",""
1423,6812,"PACKET","IN",207,45,"PlayerSync","id=207 bytes=45","cf 4f 00 87 00 7c 3f c0 00 2c 3a 63 70 d6 5e 89 91 4a 64 5e 90 80 00 00 00 01 7f fa 00 00 02 cf 7b 34 f1 ad 2d 2c 2f fd fd c8 04 64 80",""
1424,6812,"PACKET","IN",207,35,"PlayerSync","id=207 bytes=35","cf 92 00 00 00 14 4a a3 30 e1 99 49 91 6d 1f 1e 90 84 00 00 00 02 9b 21 c0 00 00 00 00 00 01 a5 04 04 80",""
1425,6812,"PACKET","IN",207,35,"PlayerSync","id=207 bytes=35","cf 97 00 00 00 3d e7 a8 30 e5 89 c9 d1 7b 67 1f 10 84 00 00 00 00 0f 03 e8 00 00 00 00 00 01 28 00 04 11",""
1426,6813,"RPC","IN",99,42,"MoveObject","id=99 bytes=42","a0 00 f8 e3 a1 c3 d7 9b 26 45 53 c5 7d 42 f8 e3 a1 c3 d7 9b 26 45 ed 5e 7b 42 00 00 80 3e 00 00 00 00 00 00 00 00 08 cc 84 43",""
1427,6813,"RPC","IN",122,2,"StopObject","id=122 bytes=2","a0 00",""
1428,6813,"RPC","IN",99,42,"MoveObject","id=99 bytes=42","a0 00 f8 e3 a1 c3 d7 9b 26 45 53 c5 7d 42 f8 e3 a1 c3 d7 9b 26 45 53 c5 7d 42 00 00 80 3e 00 00 00 00 00 00 00 00 08 cc 84 43",""
1429,6831,"PACKET","OUT",203,32,"AimSync","id=203 bytes=32","cb 00 00 00 39 05 00 00 00 00 00 00 00 00 00 00 00 40 01 00 00 00 80 3f 00 00 f3 04 b5 3f 39 05",""
1430,6840,"RPC","IN",122,2,"StopObject","id=122 bytes=2","a0 00",""
1431,6840,"RPC","IN",99,42,"MoveObject","id=99 bytes=42","a0 00 f8 e3 a1 c3 d7 9b 26 45 53 c5 7d 42 f8 e3 a1 c3 d7 9b 26 45 ed 5e 7b 42 00 00 80 3e 00 00 00 00 00 00 00 00 08 cc 84 43",""
1432,6840,"RPC","IN",122,2,"StopObject","id=122 bytes=2","a0 00",""
1433,6840,"RPC","IN",99,42,"MoveObject","id=99 bytes=42","a0 00 f8 e3 a1 c3 d7 9b 26 45 53 c5 7d 42 f8 e3 a1 c3 d7 9b 26 45 53 c5 7d 42 00 00 80 3e 00 00 00 00 00 00 00 00 08 cc 84 43",""
1434,6840,"RPC","IN",122,2,"StopObject","id=122 bytes=2","a0 00",""
1435,6841,"RPC","IN",99,42,"MoveObject","id=99 bytes=42","a0 00 f8 e3 a1 c3 d7 9b 26 45 53 c5 7d 42 f8 e3 a1 c3 d7 9b 26 45 ed 5e 7b 42 00 00 80 3e 00 00 00 00 00 00 00 00 08 cc 84 43",""
1436,6841,"RPC","IN",122,2,"StopObject","id=122 bytes=2","a0 00",""
1437,6841,"RPC","IN",99,42,"MoveObject","id=99 bytes=42","a0 00 f8 e3 a1 c3 d7 9b 26 45 53 c5 7d 42 f8 e3 a1 c3 d7 9b 26 45 53 c5 7d 42 00 00 80 3e 00 00 00 00 00 00 00 00 08 cc 84 43",""
1438,6841,"RPC","IN",122,2,"StopObject","id=122 bytes=2","a0 00",""
1439,6841,"RPC","IN",99,42,"MoveObject","id=99 bytes=42","a0 00 f8 e3 a1 c3 d7 9b 26 45 53 c5 7d 42 f8 e3 a1 c3 d7 9b 26 45 ed 5e 7b 42 00 00 80 3e 00 00 00 00 00 00 00 00 08 cc 84 43",""
1440,6841,"RPC","IN",122,2,"StopObject","id=122 bytes=2","a0 00",""
1441,6841,"RPC","IN",99,42,"MoveObject","id=99 bytes=42","a0 00 f8 e3 a1 c3 d7 9b 26 45 53 c5 7d 42 f8 e3 a1 c3 d7 9b 26 45 53 c5 7d 42 00 00 80 3e 00 00 00 00 00 00 00 00 08 cc 84 43",""
1442,6841,"RPC","IN",122,2,"StopObject","id=122 bytes=2","a0 00",""
1443,6841,"RPC","IN",99,42,"MoveObject","id=99 bytes=42","a0 00 f8 e3 a1 c3 d7 9b 26 45 53 c5 7d 42 f8 e3 a1 c3 d7 9b 26 45 ed 5e 7b 42 00 00 80 3e 00 00 00 00 00 00 00 00 08 cc 84 43",""
1444,6841,"RPC","IN",122,2,"StopObject","id=122 bytes=2","a0 00",""
1445,6842,"RPC","IN",99,42,"MoveObject","id=99 bytes=42","a0 00 f8 e3 a1 c3 d7 9b 26 45 53 c5 7d 42 f8 e3 a1 c3 d7 9b 26 45 53 c5 7d 42 00 00 80 3e 00 00 00 00 00 00 00 00 08 cc 84 43",""
1446,6842,"PACKET","IN",207,43,"PlayerSync","id=207 bytes=43","cf 38 00 60 00 00 00 07 28 6a b0 eb 14 c9 d1 6c b1 9f 50 80 00 00 00 01 f9 8b 7c 00 02 7a 83 70 f7 a3 68 67 6b fd fd cc 04 02 80",""
1447,6842,"PACKET","IN",200,44,"VehicleSync","id=200 bytes=44","c8 55 00 46 00 00 00 00 00 08 00 76 10 21 e0 31 49 24 16 08 ac 33 b8 12 44 51 15 27 94 2b a6 28 f3 ee 30 8d 3a ef 08 1d 50 3f 00 00",""
1448,6865,"PACKET","IN",207,35,"PlayerSync","id=207 bytes=35","cf 1a 00 00 00 0f 19 2c 70 d2 88 49 d1 6c 82 60 50 84 00 00 00 02 eb bd 80 00 00 00 00 00 01 a5 04 04 80",""
1449,6865,"PACKET","IN",207,45,"PlayerSync","id=207 bytes=45","cf 4f 00 83 00 78 3f c0 00 25 39 e3 70 cc de 49 91 44 24 5e 90 80 00 00 00 02 8b e2 00 00 03 23 30 68 f6 72 70 f4 0f fd fd c8 04 64 80",""
1450,6866,"PACKET","IN",200,44,"VehicleSync","id=200 bytes=44","c8 55 00 46 00 f3 ff 00 00 08 00 77 50 1f 40 4a 29 0e af a8 ac 3d 78 82 44 5c 76 87 94 29 0f 99 73 ea f0 84 aa e4 b8 2d 50 3f 00 00",""
1451,6866,"PACKET","IN",207,35,"PlayerSync","id=207 bytes=35","cf 97 00 00 00 3d e7 a8 30 e5 89 c9 d1 7b 67 1f 10 84 00 00 00 00 0f 03 e8 00 00 00 00 00 01 a5 04 e8 80",""
1452,6890,"PACKET","IN",207,45,"PlayerSync","id=207 bytes=45","cf 4d 00 83 80 60 7f c0 00 06 64 62 f0 d3 cc 49 91 6e 1d 5e 90 84 00 00 00 01 67 dc 80 00 02 22 66 7c f6 b1 1c 38 37 fd fd a5 04 04 80",""
1453,6891,"RPC","IN",86,27,"ApplyPlayerAnimation","id=86 bytes=27","1f 00 07 42 44 5f 46 49 52 45 07 77 61 73 68 5f 75 70 33 33 83 40 80 00 00 00 00",""
1454,6891,"PACKET","IN",207,41,"PlayerSync","id=207 bytes=41","cf 27 00 00 00 08 42 e6 f0 cc d0 09 d1 7b 67 1f 10 84 00 00 00 02 9e de 80 00 01 46 28 6c eb 02 0c 38 03 fd fd a5 04 e8 80",""
1455,6891,"PACKET","IN",207,45,"PlayerSync","id=207 bytes=45","cf 38 00 c0 00 60 00 00 00 19 e2 6a b0 e7 15 89 d1 79 2c df 50 80 00 00 00 01 f9 6f 7c 00 00 f8 f6 fc f7 a3 68 67 6b fd fd cc 04 02 80",""
1456,6920,"PACKET","IN",207,45,"PlayerSync","id=207 bytes=45","cf 4f 00 fd ff f4 7f c0 01 14 ba a3 70 c0 1e 09 91 4c 24 5e 90 80 00 00 00 00 e7 a6 00 00 02 fd 27 88 f3 25 73 c0 13 fd fd c8 04 64 80",""
1457,6920,"PACKET","IN",207,35,"PlayerSync","id=207 bytes=35","cf 3d 00 00 00 32 67 a8 30 d0 79 49 91 7b 67 1f 10 84 00 00 00 00 e6 f1 c0 00 00 00 00 00 01 28 00 04 11",""
1458,6920,"PACKET","IN",207,45,"PlayerSync","id=207 bytes=45","cf 4d 00 83 80 60 7f c0 00 0e aa 22 f0 dc 8b 49 91 41 9e 5e 90 84 00 00 00 03 2b b0 80 00 03 ee 2a 98 f7 d4 a4 ec 87 fd fd a5 04 04 80",""
1459,6948,"RPC","IN",87,2,"ClearPlayerAnimation","id=87 bytes=2","76 00",""
1460,6949,"RPC","IN",86,29,"ApplyPlayerAnimation","id=86 bytes=29","76 00 05 43 41 52 52 59 0b 63 72 72 79 5f 70 72 74 69 61 6c 33 33 83 40 00 00 00 00 00",""
1461,6949,"PACKET","IN",207,35,"PlayerSync","id=207 bytes=35","cf 02 00 00 00 2d a2 e3 70 ee 9a 89 91 77 a3 1e 90 80 00 00 00 00 8a aa c0 00 00 00 00 00 01 28 00 04 11",""
1462,6950,"PACKET","IN",203,34,"AimSync","id=203 bytes=34","cb 02 00 04 5f c0 94 bd d0 74 5f 3f fb 0a f7 be 4a 74 8d c3 88 47 26 45 31 e8 80 42 00 00 00 00 3f 36",""
1463,6950,"PACKET","IN",207,45,"PlayerSync","id=207 bytes=45","cf 4d 00 83 00 60 7f c0 00 1c ab e2 f0 e2 0b 09 91 43 de 9e 90 84 00 00 00 01 af ac 80 00 02 7c be bc f4 0c 9b e0 93 fd fd a5 04 04 80",""
1464,6950,"PACKET","IN",207,45,"PlayerSync","id=207 bytes=45","cf 4f 00 fd 7f f4 3f c0 01 21 3a e3 70 d7 1d c9 91 50 24 5e 90 80 00 00 00 00 7b aa 00 00 03 54 0a 1c f3 b1 89 60 0f fd fd c8 04 64 80",""
1465,6950,"PACKET","IN",200,44,"VehicleSync","id=200 bytes=44","c8 55 00 46 00 bb ff 00 00 08 00 79 70 09 f0 5a 29 16 a7 a8 bc 39 68 e2 44 54 c7 d7 94 2c c9 39 c3 e2 30 71 2a a7 98 2d 50 3f 00 00",""
1466,6951,"PACKET","IN",207,45,"PlayerSync","id=207 bytes=45","cf 38 00 c0 00 60 00 00 00 20 1d 2a b0 f3 d6 89 d1 44 28 1f 50 80 00 00 00 00 80 9b 7c 00 00 c0 da a8 f6 7a b6 5b df fd fd cc 04 02 80",""
1467,6976,"PACKET","IN",207,41,"PlayerSync","id=207 bytes=41","cf 27 00 00 00 08 42 e6 f0 cb d0 09 d1 7b 67 1f 10 84 00 00 00 02 9e de 80 00 00 81 7a fc e3 02 0c 38 03 fd fd a5 04 e8 80",""
1468,6977,"PACKET","IN",207,45,"PlayerSync","id=207 bytes=45","cf 4d 00 82 80 60 7f c0 00 29 ef 22 f0 ff ca 89 91 79 1e de 90 84 00 00 00 01 e3 a4 80 00 03 e7 22 e0 f4 9c 84 28 ab fd fd a5 04 04 80",""
1469,6977,"PACKET","IN",207,45,"PlayerSync","id=207 bytes=45","cf 4f 00 fd 7f f3 ff c0 01 16 fb 23 70 ee 1d 89 91 52 64 5e 90 80 00 00 00 01 23 ba 00 00 00 f3 8e 54 f1 59 ae b4 07 fd fd c8 04 64 80",""
1470,7001,"RPC","IN",105,19,"TextDrawSetString","id=105 bytes=19","2f 01 0f 00 30 39 20 41 67 75 73 74 75 73 20 32 30 32 36",""
1471,7001,"RPC","IN",105,12,"TextDrawSetString","id=105 bytes=12","30 01 08 00 31 32 3a 30 32 3a 33 39",""
1472,7001,"PACKET","IN",207,45,"PlayerSync","id=207 bytes=45","cf 4f 00 fd ff f3 bf c0 01 31 bb 23 70 ca 1d 89 91 53 a4 5e 90 80 00 00 00 00 73 ce 00 00 00 18 5a b4 f0 ed d2 28 03 fd fd c8 04 64 80",""
1473,7002,"PACKET","IN",207,35,"PlayerSync","id=207 bytes=35","cf 53 00 00 00 23 e6 e8 30 e9 d8 09 d1 7a e7 1f 10 84 00 00 00 02 ba 42 c0 00 00 00 00 00 01 a5 04 04 80",""
1474,7002,"PACKET","IN",203,34,"AimSync","id=203 bytes=34","cb 53 00 04 f5 da 74 bf 44 9d 8c 3e e8 31 ca bd a8 f6 9e c3 8b 51 27 45 76 2f 80 42 00 00 00 00 3f 37",""
1475,7026,"PACKET","IN",207,35,"PlayerSync","id=207 bytes=35","cf 1f 00 00 00 26 a3 e3 70 c2 1d 89 91 42 a3 5e 90 80 00 00 00 02 c2 27 00 00 00 00 00 00 01 28 00 04 11",""
1476,7027,"PACKET","IN",207,43,"PlayerSync","id=207 bytes=43","cf 38 00 c0 00 00 00 22 1c 2a b0 f4 97 09 d1 75 a6 5f 50 80 00 00 00 00 98 4b 7c 00 00 f6 d7 d0 f6 1e 65 b3 f7 fd fd cc 04 02 80",""
1477,7027,"PACKET","IN",200,44,"VehicleSync","id=200 bytes=44","c8 55 00 46 00 a9 ff 00 00 08 00 32 70 09 a0 56 09 4c 10 38 cc 31 99 42 44 50 f9 47 94 2c 15 4a 03 e9 d0 56 8a 58 88 2d 50 3f 00 00",""
1478,7027,"PACKET","IN",207,35,"PlayerSync","id=207 bytes=35","cf 76 00 00 00 0e 87 a2 f0 c1 28 c9 91 5a 1c 1e 90 84 00 00 00 03 6c 9f 40 00 00 00 00 00 01 00 00 00 80",""
1479,7053,"PACKET","IN",207,35,"PlayerSync","id=207 bytes=35","cf 27 00 00 00 08 42 e6 f0 cb d0 09 d1 7b 67 1f 10 84 00 00 00 02 9e de 80 00 00 00 00 00 01 a5 04 e8 80",""
1480,7053,"PACKET","IN",207,43,"PlayerSync","id=207 bytes=43","cf 38 00 c0 00 00 00 14 1c ea b0 d1 18 89 d1 55 e4 1f 50 84 00 00 00 03 28 ab 7c 00 00 e6 a7 98 f7 fd 70 7b ef fd fd cc 04 02 80",""
1481,7054,"PACKET","IN",207,45,"PlayerSync","id=207 bytes=45","cf 4d 00 82 00 60 7f c0 00 39 b7 e2 f0 d3 09 c9 91 66 20 1e 90 84 00 00 00 02 17 98 80 00 02 16 3a c0 f6 74 6e 50 c3 fd fd a5 04 04 80",""
1482,7054,"PACKET","IN",207,45,"PlayerSync","id=207 bytes=45","cf 4f 00 fd ff f3 7f c0 01 39 bb 23 70 e1 1d 49 91 54 24 5e 90 80 00 00 00 00 13 da 00 00 00 f7 5f 24 f3 a1 f0 24 03 fd fd c8 04 64 80",""
1483,7054,"PACKET","IN",207,35,"PlayerSync","id=207 bytes=35","cf 51 00 00 00 1b 0a e3 30 cf a8 49 91 58 dd 9e 90 84 00 00 00 01 37 17 c0 00 00 00 00 00 01 28 00 04 11",""
1484,7054,"PACKET","IN",207,35,"PlayerSync","id=207 bytes=35","cf 70 00 00 00 2a a3 e3 70 fe e5 c9 91 41 e3 5e 90 80 00 00 00 03 5b 53 00 00 00 00 00 00 01 28 00 04 11",""
1485,7082,"PACKET","IN",207,45,"PlayerSync","id=207 bytes=45","cf 4f 00 fd ff f3 7f c0 01 2c 3b 23 70 f9 1d 09 91 53 64 5e 90 80 00 00 00 00 d3 e2 00 00 02 c4 7f 70 f1 72 14 70 03 fd fd c8 04 64 80",""
1486,7083,"PACKET","IN",207,35,"PlayerSync","id=207 bytes=35","cf 85 00 00 00 2a 16 e5 b0 ef 3f 89 91 6c 24 9f 10 80 00 00 00 00 ab 25 80 00 00 00 00 00 01 28 00 04 11",""
1487,7083,"PACKET","IN",203,34,"AimSync","id=203 bytes=34","cb 85 00 04 65 37 38 3f 21 42 20 3f 18 da 99 be 71 24 97 c3 e6 e8 26 45 ee cb 80 42 00 00 00 00 3f c6",""
1488,7107,"PACKET","IN",200,44,"VehicleSync","id=200 bytes=44","c8 55 00 46 00 a4 ff 00 00 08 00 38 a0 04 80 5a 99 89 19 98 cc 31 c9 92 44 57 0a c7 94 2d 3e ca 33 ec a0 3d 19 e8 08 2d 50 3f 00 00",""
1489,7134,"PACKET","IN",207,37,"PlayerSync","id=207 bytes=37","cf 1a 00 81 00 00 00 0f 19 2c 70 d2 88 49 d1 6c 82 60 50 84 00 00 00 01 33 d1 80 00 00 00 00 00 01 c8 04 04 80",""
1490,7134,"PACKET","IN",203,34,"AimSync","id=203 bytes=34","cb 1a 00 04 3a eb 5f 3f e0 5f f2 be 5f 2a d5 bd 52 e8 b2 c3 8b 3b 27 45 9b f5 82 42 00 00 00 00 3f 36",""
1491,7134,"PACKET","IN",207,45,"PlayerSync","id=207 bytes=45","cf 4f 00 fe 7f f3 3f c0 01 38 fa e3 70 c2 5d 09 91 51 24 5e 90 80 00 00 00 02 d7 ea 00 00 02 be c3 a4 f3 7e 3b 78 03 fd fd c8 04 64 80",""
1492,7134,"PACKET","IN",207,43,"PlayerSync","id=207 bytes=43","cf 1a 00 89 00 00 00 13 19 ac 70 fa c8 09 d1 4d 02 e0 50 84 00 00 00 00 a7 e1 80 00 01 ba b4 14 f7 f8 db 70 5b fd fd c8 04 04 80",""
1493,7134,"PACKET","IN",207,43,"PlayerSync","id=207 bytes=43","cf 38 00 c0 00 00 00 33 62 6a b0 c9 59 c9 d1 6b a4 9f 50 84 00 00 00 01 bd 87 7c 00 01 ed 4a 98 f7 c8 a7 03 7b fd fd cc 04 02 80",""
1494,7159,"PACKET","IN",207,43,"PlayerSync","id=207 bytes=43","cf 1a 00 8c 00 00 00 3d 59 ec 70 e2 48 09 d1 66 03 20 50 84 00 00 00 00 83 e1 80 00 02 62 f0 14 f4 49 0d b4 3f fd fd c8 04 04 80",""
1495,7160,"PACKET","IN",207,45,"PlayerSync","id=207 bytes=45","cf 4d 00 82 00 60 7f c0 00 18 c0 e3 30 f6 c8 c9 91 4c 21 5e 90 84 00 00 00 00 2f 94 80 00 03 e1 8a 90 f7 e8 66 c8 cb fd fd a5 04 04 80",""
1496,7160,"PACKET","IN",207,35,"PlayerSync","id=207 bytes=35","cf 63 00 00 00 35 23 63 70 dd 23 09 91 54 21 9e 90 80 00 00 00 02 22 63 80 00 00 00 00 00 01 28 00 04 11",""
1497,7160,"PACKET","IN",207,45,"PlayerSync","id=207 bytes=45","cf 1a 00 91 00 7f 3f c0 00 27 da 6c 70 c9 c8 09 d1 7f 03 60 50 84 00 00 00 00 cb ed 80 00 01 c2 f0 14 f7 d1 09 f8 3f fd fd c8 04 04 80",""
1498,7186,"PACKET","IN",207,45,"PlayerSync","id=207 bytes=45","cf 4f 00 fe 7f f3 3f c0 01 3c fa 63 70 c6 5c c9 91 4b a4 5e 90 80 00 00 00 00 af f2 00 00 02 fb 5f d8 f0 12 80 44 13 fd fd c8 04 64 80",""
1499,7187,"PACKET","IN",207,35,"PlayerSync","id=207 bytes=35","cf 60 00 00 00 35 55 ea b0 d6 1c 89 d1 7c 99 df 50 80 00 00 00 00 00 01 c0 00 00 00 00 00 01 fb 04 04 80",""
1500,7187,"PACKET","IN",203,34,"AimSync","id=203 bytes=34","cb 60 00 04 69 80 60 be bf 42 75 3f f9 05 3d be d9 f6 a9 c3 5f 3d 27 45 d3 2d 81 42 00 00 00 00 3f 36",""
1501,7211,"PACKET","IN",207,41,"PlayerSync","id=207 bytes=41","cf 1a 00 00 00 3c 5a ac 70 ef c7 c9 d1 53 c3 e0 50 84 00 00 00 01 5b ed 80 00 02 6f 38 14 f6 61 3e 00 27 fd fd a5 04 04 80",""
1502,7212,"PACKET","IN",207,41,"PlayerSync","id=207 bytes=41","cf 38 00 00 00 39 69 2a b0 e4 1a 89 d1 5e 66 9f 50 84 00 00 00 01 bd 87 7c 00 03 e3 62 88 f7 94 97 a3 6b fd fd a2 04 04 80",""
1503,7212,"PACKET","IN",207,45,"PlayerSync","id=207 bytes=45","cf 4f 00 fe ff f2 ff c0 01 14 79 a3 70 f5 dc 49 91 40 e4 5e 90 80 00 00 00 02 8b f6 00 00 01 f6 67 e4 f1 b2 ae 5c 1f fd fd c8 04 64 80",""
1504,7212,"PACKET","IN",207,35,"PlayerSync","id=207 bytes=35","cf 54 00 00 00 05 77 63 70 c5 21 c9 91 65 24 1e 90 80 00 00 00 00 12 8e c0 00 00 00 00 00 01 a5 04 04 80",""
1505,7212,"PACKET","IN",200,44,"VehicleSync","id=200 bytes=44","c8 55 00 46 00 00 00 00 00 08 00 38 00 0f a0 46 c9 f9 d5 88 dc 3d c9 d2 44 5c bc a7 94 2e 64 1a 93 ed 40 16 a9 57 f8 2d 50 3f 00 00",""
1506,7212,"PACKET","IN",207,35,"PlayerSync","id=207 bytes=35","cf 7c 00 00 00 35 a2 e2 70 da 28 89 91 5f 9d de 90 80 00 00 00 01 98 6a 40 00 00 00 00 00 01 28 00 04 11",""
1507,7213,"PACKET","OUT",207,69,"PlayerSync","id=207 bytes=69","cf 00 00 00 00 00 00 73 61 95 c3 e9 46 26 45 82 99 7b 42 03 3f bf 3e 00 00 00 00 00 00 00 00 71 78 6d 3f 64 00 04 00 00 00 00 00 00 00 00 00 00 00 00 00 00 00 00 00 00 00 00 00 00 00 00 00 00 00 a5 04 04 80",""
1508,7236,"PACKET","IN",207,45,"PlayerSync","id=207 bytes=45","cf 4d 00 82 00 60 7f c0 00 3c 8a 23 30 d7 c8 09 91 7e a2 5e 90 84 00 00 00 01 27 90 80 00 02 b3 66 60 f7 44 61 00 d3 fd fd a5 04 04 80",""
1509,7236,"PACKET","IN",207,45,"PlayerSync","id=207 bytes=45","cf 4f 00 fe ff f2 bf c0 01 1c b9 23 70 c0 1c 49 91 7b 64 1e 90 80 00 00 00 01 6f fa 00 00 02 16 67 e4 f1 7e 8a cc 13 fd fd c8 04 64 80",""
1510,7236,"PACKET","IN",207,35,"PlayerSync","id=207 bytes=35","cf 5b 00 00 00 0e fc 66 b0 e8 7d 89 91 7b 67 1f 10 84 00 00 00 01 0a e2 00 00 00 00 00 00 01 a5 04 e8 80",""
1511,7261,"PACKET","IN",207,45,"PlayerSync","id=207 bytes=45","cf 4f 00 fe ff f2 bf c0 01 09 38 e3 70 d2 dc 09 91 77 a4 1e 90 80 00 00 00 00 1f fe 00 00 02 02 67 e4 f2 f2 71 10 0f fd fd c8 04 64 80",""
1512,7262,"PACKET","IN",200,44,"VehicleSync","id=200 bytes=44","c8 55 00 46 00 00 00 00 00 08 00 72 60 0a e0 4e 3a 36 6e 98 dc 3b ba 02 44 5c be 17 94 26 26 9a f3 e8 a0 1a 69 38 38 2d 50 3f 00 00",""
1513,7262,"PACKET","IN",207,41,"PlayerSync","id=207 bytes=41","cf 1a 00 00 00 33 db ec 70 cf 07 89 d1 4d c5 20 50 84 00 00 00 01 5b ed 80 00 01 27 33 10 f1 1d 40 e8 27 fd fd a5 04 04 80",""
1514,7286,"PACKET","IN",207,41,"PlayerSync","id=207 bytes=41","cf 38 00 00 00 16 ae 6a b0 c9 1b 49 d1 57 68 1f 50 84 00 00 00 01 bd 87 7c 00 01 23 85 0c f7 94 97 a3 6b fd fd a2 04 04 80",""
1515,7287,"PACKET","IN",207,45,"PlayerSync","id=207 bytes=45","cf 4f 00 fe ff f2 bf c0 01 0f 38 a3 70 e9 9b c9 91 75 24 1e 90 80 00 00 00 01 5f fe 00 00 02 12 67 e4 f0 9a 5b b8 07 fd fd c8 04 64 80",""
1516,7316,"PACKET","IN",207,45,"PlayerSync","id=207 bytes=45","cf 4f 00 ff 7f f2 bf c0 01 21 f8 63 70 c2 5b c9 91 73 24 1e 90 80 00 00 00 02 97 fe 00 00 02 76 67 e4 f1 0a 49 3c 07 fd fd c8 04 64 80",""
1517,7316,"PACKET","IN",207,35,"PlayerSync","id=207 bytes=35","cf 7e 00 00 00 1f 9c a8 30 f1 83 0a 91 40 30 1e 90 80 00 00 00 02 17 b3 94 00 00 00 00 00 01 a5 04 04 80",""
1518,7316,"PACKET","IN",203,34,"AimSync","id=203 bytes=34","cb 7e 00 04 14 6f 11 3f f2 3a 21 3f e3 9b 07 bf 82 0a a1 c3 b5 f7 29 45 30 ca 80 42 00 00 00 00 3f c6",""
1519,7342,"PACKET","IN",207,39,"PlayerSync","id=207 bytes=39","cf 27 00 ed ff c8 00 00 00 08 42 e6 f0 cb d0 09 d1 7b 67 1f 10 84 00 00 00 00 db 06 80 00 00 00 00 00 01 c8 04 e8 80",""
1520,7342,"PACKET","IN",207,45,"PlayerSync","id=207 bytes=45","cf 4f 00 ff 7f f2 7f c0 01 3f b8 23 70 d9 9b 89 91 71 64 1e 90 80 00 00 00 02 f3 fe 00 00 02 8a 67 e4 f1 6e 36 c8 03 fd fd c8 04 64 80",""
1521,7342,"PACKET","IN",200,44,"VehicleSync","id=200 bytes=44","c8 55 00 46 00 00 00 00 00 08 00 75 f0 10 a0 4d 7a 6c b8 f8 ec 3b 7a 32 44 56 4f c7 94 2b f0 cb 63 e3 90 17 c9 18 98 2d 50 3f 00 00",""
1522,7342,"RPC","IN",86,27,"ApplyPlayerAnimation","id=86 bytes=27","00 00 07 42 44 5f 46 49 52 45 07 77 61 73 68 5f 75 70 33 33 83 40 80 00 00 00 00",""
1523,7342,"PACKET","IN",207,41,"PlayerSync","id=207 bytes=41","cf 1a 00 00 00 11 5c ec 70 ca 07 49 d1 6d 85 e0 50 84 00 00 00 01 5b ed 80 00 02 26 95 84 f1 1d 40 e8 27 fd fd a5 04 04 80",""
1524,7343,"PACKET","IN",207,45,"PlayerSync","id=207 bytes=45","cf 27 00 ed ff c8 00 00 00 08 42 e6 f0 c8 90 09 d1 7b 67 1f 10 84 00 00 00 03 c7 42 80 00 01 47 48 28 ef fd fc 00 03 fd fd c8 04 e8 80",""
1525,7343,"PACKET","IN",207,41,"PlayerSync","id=207 bytes=41","cf 38 00 00 00 28 32 2a b0 c4 9b c9 d1 6f e9 1f 50 84 00 00 00 01 bd 87 7c 00 01 11 d0 04 f7 94 97 a3 6b fd fd a2 04 04 80",""
1526,7357,"PACKET","OUT",203,32,"AimSync","id=203 bytes=32","cb 00 00 00 39 05 00 00 00 00 00 00 00 00 00 00 00 40 01 00 00 00 80 3f 00 00 f3 04 b5 3f 39 05",""
1527,7377,"PACKET","IN",207,35,"PlayerSync","id=207 bytes=35","cf 0b 00 00 00 26 cb 68 30 e8 bd c9 91 7b 67 1f 10 84 00 00 00 02 2e 5f c0 00 00 00 00 00 01 28 00 04 11",""
1528,7377,"PACKET","IN",203,34,"AimSync","id=203 bytes=34","cb 0b 00 04 0b 0d 33 bf 33 22 35 bf 78 ab ce 3d ee 42 9e c3 ae 35 27 45 e7 cc 7c 42 00 00 00 00 3f 36",""
1529,7377,"PACKET","IN",207,35,"PlayerSync","id=207 bytes=35","cf 1c 00 00 00 2d 1d 28 30 f6 cc c9 d1 7b 67 1f 10 84 00 00 00 00 65 93 00 00 00 00 00 00 01 28 00 04 11",""
1530,7377,"PACKET","IN",207,45,"PlayerSync","id=207 bytes=45","cf 27 00 df ff cd 00 00 00 08 42 e6 f0 c3 d0 09 d1 7b 67 1f 10 84 00 00 00 02 ef 6e 80 00 02 6d fa 00 ef fd fc 00 03 fd fd c8 04 e8 80",""
1531,7377,"PACKET","IN",207,45,"PlayerSync","id=207 bytes=45","cf 4f 00 ff 7f f2 7f c0 01 1e f8 a3 70 f6 1b 49 91 75 a4 1e 90 80 00 00 00 03 23 fe 00 00 01 75 67 98 f0 b1 5e bc 1b fd fd c8 04 64 80",""
1532,7378,"PACKET","IN",207,35,"PlayerSync","id=207 bytes=35","cf 92 00 00 00 14 4a a3 30 e1 99 49 91 6d 1f 1e 90 84 00 00 00 02 9b 21 c0 00 00 00 00 00 01 a5 04 04 80",""
1533,7378,"RPC","IN",105,7,"TextDrawSetString","id=105 bytes=7","26 08 03 00 31 30 30",""
1534,7378,"RPC","IN",105,5,"TextDrawSetString","id=105 bytes=5","27 08 01 00 30",""
1535,7378,"RPC","IN",105,6,"TextDrawSetString","id=105 bytes=6","28 08 02 00 34 38",""
1536,7378,"RPC","IN",105,5,"TextDrawSetString","id=105 bytes=5","29 08 01 00 37",""
1537,7378,"RPC","IN",105,7,"TextDrawSetString","id=105 bytes=7","2a 08 03 00 31 30 30",""
1538,7378,"PACKET","OUT",205,9,"UNKNOWN_PACKET","id=205 bytes=9","cd b8 4a 04 00 00 00 00 00",""
1539,7401,"PACKET","IN",207,45,"PlayerSync","id=207 bytes=45","cf 27 00 d4 7f cf c0 00 00 08 42 e6 f0 c2 10 09 d1 7b 67 1f 10 84 00 00 00 03 3b 82 80 00 02 fa 20 f4 ef fd fc 00 03 fd fd c8 04 e8 80",""
1540,7402,"PACKET","IN",207,45,"PlayerSync","id=207 bytes=45","cf 4f 00 ff 7f f2 7f c0 01 35 b8 e3 70 ce db 49 91 79 a4 1e 90 80 00 00 00 03 43 fe 00 00 00 d3 8f ac f3 f9 76 64 13 fd fd c8 04 64 80",""
1541,7402,"PACKET","IN",200,44,"VehicleSync","id=200 bytes=44","c8 55 00 46 00 00 00 00 00 08 00 76 10 24 90 32 7a 83 82 b8 fc 34 7a 62 44 55 21 57 a4 24 63 1b c3 e1 80 18 39 08 b8 2d 50 3f 00 00",""
1542,7428,"PACKET","IN",207,45,"PlayerSync","id=207 bytes=45","cf 27 00 cf 7f d0 c0 00 00 08 42 e6 f0 fe 4f c9 d1 7b 67 1f 10 84 00 00 00 00 73 9e 80 00 03 28 fe 4c ef fd fc 00 03 fd fd c8 04 e8 80",""
1543,7428,"PACKET","IN",203,34,"AimSync","id=203 bytes=34","cb 27 00 04 92 1b 73 bf 25 ad 8c 3e b0 41 1a be b5 f7 99 c3 13 36 27 45 6f 30 80 42 00 00 00 00 3f 27",""
1544,7428,"PACKET","IN",207,45,"PlayerSync","id=207 bytes=45","cf 4d 00 82 00 60 7f c0 00 00 14 23 30 f5 87 09 91 7a a3 9e 90 84 00 00 00 03 23 8c 80 00 02 ef 1e f8 f4 84 60 c8 d7 fd fd a5 04 04 80",""
1545,7428,"PACKET","IN",203,34,"AimSync","id=203 bytes=34","cb 4d 00 04 b2 b6 45 bf 79 5e 17 bf 45 bf 6d be ac 7d 8a c3 6a 49 26 45 a8 a6 80 42 00 00 00 00 3f 48",""
1546,7429,"PACKET","IN",207,45,"PlayerSync","id=207 bytes=45","cf 4f 00 ff 7f f2 7f c0 01 09 b9 63 70 e0 5b 09 91 7d a4 1e 90 80 00 00 00 03 5b fe 00 00 03 4a ab bc f3 19 8c 98 0f fd fd c8 04 64 80",""
1547,7429,"PACKET","IN",207,35,"PlayerSync","id=207 bytes=35","cf 1a 00 00 00 06 9d 2c 70 f9 47 09 d1 63 86 20 50 84 00 00 00 01 5b ed 80 00 00 00 00 00 01 a5 04 04 80",""
1548,7429,"PACKET","IN",207,43,"PlayerSync","id=207 bytes=43","cf 38 00 60 00 00 00 0a b4 6a b0 c9 5c 09 d1 4d a9 df 50 84 00 00 00 02 8d 67 7c 00 03 d5 78 d4 f3 94 97 a3 6b fd fd ef 04 04 80",""
1549,7429,"PACKET","IN",203,34,"AimSync","id=203 bytes=34","cb 38 00 04 e7 2c 31 bf 92 99 2f bf 87 1d 66 be 05 bd a9 c3 c2 90 27 45 33 64 81 42 00 00 00 00 3f c6",""
1550,7453,"PACKET","IN",207,45,"PlayerSync","id=207 bytes=45","cf 27 00 cf 7f d0 c0 00 00 08 42 e6 f0 f6 4f c9 d1 7b 67 1f 10 84 00 00 00 01 e3 ba 80 00 03 19 53 90 ef fd fc 00 03 fd fd c8 04 e8 80",""
1551,7454,"PACKET","IN",207,45,"PlayerSync","id=207 bytes=45","cf 4f 00 ff ff f2 7f c0 01 04 79 a3 70 f6 9a c9 91 40 64 5e 90 80 00 00 00 03 b3 fe 00 00 03 47 97 c8 f3 75 a7 b4 07 fd fd c8 04 64 80",""
1552,7454,"PACKET","IN",207,35,"PlayerSync","id=207 bytes=35","cf 97 00 00 00 3d e7 a8 30 e5 89 c9 d1 7b 67 1f 10 84 00 00 00 00 0f 03 e8 00 00 00 00 00 01 a5 04 e8 80",""
1553,7455,"PACKET","IN",207,45,"PlayerSync","id=207 bytes=45","cf 27 00 ca 7f d1 00 00 00 08 42 e6 f0 e9 0f c9 d1 7b 67 1f 10 84 00 00 00 02 8f d6 80 00 03 42 f0 7c f3 fd fc 00 03 fd fd c8 04 e8 80",""
1554,7483,"PACKET","IN",207,45,"PlayerSync","id=207 bytes=45","cf 27 00 c9 ff d0 80 00 00 08 42 e6 f0 e4 0f c9 d1 7b 67 1f 10 84 00 00 00 03 a3 e2 80 00 02 9f 53 40 ef fd fc 00 03 fd fd c8 04 e8 80",""
1555,7483,"PACKET","IN",207,35,"PlayerSync","id=207 bytes=35","cf 3d 00 00 00 32 67 a8 30 d0 79 49 91 7b 67 1f 10 84 00 00 00 00 e6 f1 c0 00 00 00 00 00 01 28 00 04 11",""
1556,7508,"PACKET","IN",207,45,"PlayerSync","id=207 bytes=45","cf 27 00 c9 ff d0 40 00 00 08 42 e6 f0 dd 0f c9 d1 7b 67 1f 10 84 00 00 00 03 bb ee 80 00 01 c0 4c 00 f3 fd fc 00 03 fd fd c8 04 e8 80",""
1557,7508,"PACKET","IN",207,35,"PlayerSync","id=207 bytes=35","cf 46 00 00 00 2c 6b a2 f0 e4 28 c9 91 41 1d de 90 80 00 00 00 00 00 03 c0 00 00 00 00 00 01 28 00 04 11",""
1558,7508,"PACKET","IN",203,34,"AimSync","id=203 bytes=34","cb 46 00 04 4a a3 38 bc b7 a5 77 3f 62 97 81 be b0 ab 8b c3 41 83 26 45 78 fa 7e 42 00 00 00 00 23 37",""
1559,7508,"PACKET","IN",207,45,"PlayerSync","id=207 bytes=45","cf 4d 00 82 00 60 7f c0 00 10 a2 a3 30 f5 c5 c9 91 55 e6 1e 90 84 00 00 00 00 7b 64 80 00 03 bb c6 e4 f6 94 43 85 03 fd fd a5 04 04 80",""
1560,7508,"PACKET","IN",207,45,"PlayerSync","id=207 bytes=45","cf 4f 00 ff ff f2 3f c0 01 25 39 a3 70 ca da c9 91 41 e4 5e 90 80 00 00 00 03 bf fe 00 00 02 b9 5b dc f0 31 d2 3c 03 fd fd c8 04 64 80",""
1561,7508,"PACKET","IN",200,44,"VehicleSync","id=200 bytes=44","c8 55 00 46 00 00 00 00 00 08 00 73 c0 35 20 2e 5a 85 c0 39 0c 3b 6a 92 44 5f 13 77 a4 24 be 1c 43 e0 90 10 b9 08 88 2d 50 3f 00 00",""
1562,7508,"PACKET","IN",207,45,"PlayerSync","id=207 bytes=45","cf 27 00 c9 7f d0 00 00 00 08 42 e6 f0 d4 0f c9 d1 7b 67 1f 10 84 00 00 00 01 43 fa 80 00 03 b2 28 54 f3 fd fc 00 03 fd fd c8 04 e8 80",""
1563,7509,"PACKET","IN",207,43,"PlayerSync","id=207 bytes=43","cf 38 00 60 00 00 00 1b f6 2a b0 f1 dc 49 d1 76 a9 df 50 84 00 00 00 00 bc 7f 7c 00 02 55 90 18 f6 59 69 a3 eb fd fd cc 04 04 80",""
1564,7540,"PACKET","IN",207,45,"PlayerSync","id=207 bytes=45","cf 1a 00 f2 ff f5 3f c0 00 27 5d 6c 70 c2 87 09 d1 79 c6 a0 50 84 00 00 00 03 a3 fd 80 00 01 cf e8 14 f5 31 ae bc 07 fd fd c8 04 04 80",""
1565,7541,"PACKET","IN",207,45,"PlayerSync","id=207 bytes=45","cf 27 00 c8 ff cf c0 00 00 08 42 e6 f0 ce 0f c9 d1 7b 67 1f 10 84 00 00 00 01 eb fe 80 00 03 a9 c3 e4 ef fd fc 00 03 fd fd c8 04 e8 80",""
1566,7541,"PACKET","IN",207,45,"PlayerSync","id=207 bytes=45","cf 4d 00 82 80 60 7f c0 00 24 26 63 30 ff 05 89 91 54 26 de 90 84 00 00 00 00 37 3c 80 00 03 46 3a dc f5 c4 26 fd 3f fd fd a5 04 04 80",""
1567,7541,"PACKET","IN",207,45,"PlayerSync","id=207 bytes=45","cf 4f 00 ff ff f2 3f c0 01 05 b9 e3 70 ca 1a 89 91 43 64 5e 90 80 00 00 00 03 c7 fe 00 00 03 01 43 e0 f3 f1 dd 00 03 fd fd c8 04 64 80",""
1568,7541,"RPC","IN",99,42,"MoveObject","id=99 bytes=42","a0 00 f8 e3 a1 c3 d7 9b 26 45 53 c5 7d 42 f8 e3 a1 c3 d7 9b 26 45 ed 5e 7b 42 00 00 80 3e 00 00 00 00 00 00 00 00 08 cc 84 43",""
1569,7542,"RPC","IN",122,2,"StopObject","id=122 bytes=2","a0 00",""
1570,7542,"RPC","IN",99,42,"MoveObject","id=99 bytes=42","a0 00 f8 e3 a1 c3 d7 9b 26 45 53 c5 7d 42 f8 e3 a1 c3 d7 9b 26 45 53 c5 7d 42 00 00 80 3e 00 00 00 00 00 00 00 00 08 cc 84 43",""
1571,7542,"RPC","IN",122,2,"StopObject","id=122 bytes=2","a0 00",""
1572,7542,"RPC","IN",99,42,"MoveObject","id=99 bytes=42","a0 00 f8 e3 a1 c3 d7 9b 26 45 53 c5 7d 42 f8 e3 a1 c3 d7 9b 26 45 ed 5e 7b 42 00 00 80 3e 00 00 00 00 00 00 00 00 08 cc 84 43",""
1573,7542,"RPC","IN",122,2,"StopObject","id=122 bytes=2","a0 00",""
1574,7542,"RPC","IN",99,42,"MoveObject","id=99 bytes=42","a0 00 f8 e3 a1 c3 d7 9b 26 45 53 c5 7d 42 f8 e3 a1 c3 d7 9b 26 45 53 c5 7d 42 00 00 80 3e 00 00 00 00 00 00 00 00 08 cc 84 43",""
1575,7542,"RPC","IN",122,2,"StopObject","id=122 bytes=2","a0 00",""
1576,7542,"RPC","IN",99,42,"MoveObject","id=99 bytes=42","a0 00 f8 e3 a1 c3 d7 9b 26 45 53 c5 7d 42 f8 e3 a1 c3 d7 9b 26 45 ed 5e 7b 42 00 00 80 3e 00 00 00 00 00 00 00 00 08 cc 84 43",""
1577,7542,"RPC","IN",122,2,"StopObject","id=122 bytes=2","a0 00",""
1578,7542,"RPC","IN",99,42,"MoveObject","id=99 bytes=42","a0 00 f8 e3 a1 c3 d7 9b 26 45 53 c5 7d 42 f8 e3 a1 c3 d7 9b 26 45 53 c5 7d 42 00 00 80 3e 00 00 00 00 00 00 00 00 08 cc 84 43",""
1579,7542,"RPC","IN",122,2,"StopObject","id=122 bytes=2","a0 00",""
1580,7543,"RPC","IN",99,42,"MoveObject","id=99 bytes=42","a0 00 f8 e3 a1 c3 d7 9b 26 45 53 c5 7d 42 f8 e3 a1 c3 d7 9b 26 45 ed 5e 7b 42 00 00 80 3e 00 00 00 00 00 00 00 00 08 cc 84 43",""
1581,7543,"RPC","IN",122,2,"StopObject","id=122 bytes=2","a0 00",""
1582,7543,"RPC","IN",99,42,"MoveObject","id=99 bytes=42","a0 00 f8 e3 a1 c3 d7 9b 26 45 53 c5 7d 42 f8 e3 a1 c3 d7 9b 26 45 53 c5 7d 42 00 00 80 3e 00 00 00 00 00 00 00 00 08 cc 84 43",""
1583,7543,"RPC","IN",122,2,"StopObject","id=122 bytes=2","a0 00",""
1584,7543,"RPC","IN",99,42,"MoveObject","id=99 bytes=42","a0 00 f8 e3 a1 c3 d7 9b 26 45 53 c5 7d 42 f8 e3 a1 c3 d7 9b 26 45 ed 5e 7b 42 00 00 80 3e 00 00 00 00 00 00 00 00 08 cc 84 43",""
1585,7543,"RPC","IN",122,2,"StopObject","id=122 bytes=2","a0 00",""
1586,7543,"RPC","IN",99,42,"MoveObject","id=99 bytes=42","a0 00 f8 e3 a1 c3 d7 9b 26 45 53 c5 7d 42 f8 e3 a1 c3 d7 9b 26 45 53 c5 7d 42 00 00 80 3e 00 00 00 00 00 00 00 00 08 cc 84 43",""
1587,7568,"PACKET","IN",207,45,"PlayerSync","id=207 bytes=45","cf 1a 00 f1 ff f4 3f c0 00 33 1d 6c 70 e6 46 c9 d1 7a 06 e0 50 80 00 00 00 03 8f fd 80 00 03 48 40 18 f5 21 e4 b4 03 fd fd c8 04 04 80",""
1588,7569,"PACKET","IN",207,45,"PlayerSync","id=207 bytes=45","cf 27 00 c8 ff cf 80 00 00 08 42 e6 f0 c7 8f c9 d1 7b 67 1f 10 84 00 00 00 03 ef fe 80 00 01 cd 64 08 f3 fd fc 00 03 fd fd c8 04 e8 80",""
1589,7569,"PACKET","IN",207,45,"PlayerSync","id=207 bytes=45","cf 4d 00 83 00 60 7f c0 00 38 6a 23 30 db 45 89 91 6d 27 5e 90 84 00 00 00 02 77 14 80 00 02 63 e2 cc f4 60 13 79 7f fd fd a5 04 04 80",""
1590,7569,"PACKET","IN",207,35,"PlayerSync","id=207 bytes=35","cf 53 00 00 00 23 e6 e8 30 e9 d8 09 d1 7a e7 1f 10 84 00 00 00 02 ba 42 c0 00 00 00 00 00 01 a5 04 04 80",""
1591,7569,"PACKET","IN",207,35,"PlayerSync","id=207 bytes=35","cf 1f 00 00 00 26 a3 e3 70 c2 1d 89 91 42 a3 5e 90 80 00 00 00 02 c2 27 00 00 00 00 00 00 01 28 00 04 11",""
1592,7569,"PACKET","IN",207,45,"PlayerSync","id=207 bytes=45","cf 4d 00 83 80 60 7f c0 00 3e ec 23 30 ce 85 89 91 72 27 9e 90 84 00 00 00 00 57 04 80 00 02 47 de cc f5 80 09 c9 9f fd fd a5 04 04 80",""
1593,7569,"PACKET","IN",207,45,"PlayerSync","id=207 bytes=45","cf 4f 00 ff ff f1 ff c0 01 33 b9 a3 70 d3 1a 49 91 42 a4 5e 90 80 00 00 00 03 fb fe 00 00 02 8a 67 e4 f0 de 14 6c 03 fd fd c8 04 64 80",""
1594,7569,"PACKET","IN",203,34,"AimSync","id=203 bytes=34","cb 4f 00 04 67 98 96 bd 44 24 79 bf 76 12 5f be 59 c6 8d c3 cc 9f 26 45 f2 01 80 42 00 00 00 00 3f 26",""
1595,7594,"PACKET","IN",207,45,"PlayerSync","id=207 bytes=45","cf 1a 00 f0 7f f3 7f c0 00 00 dd 6c 70 ee c6 89 d1 5e 87 60 50 80 00 00 00 02 3b f5 80 00 00 3c e8 18 f5 1e 57 20 07 fd fd c8 04 04 80",""
1596,7594,"PACKET","IN",207,45,"PlayerSync","id=207 bytes=45","cf 27 00 c8 7f cf 40 00 00 09 c2 e6 f0 ff 4f 89 d1 7b 67 1f 10 80 00 00 00 02 cf fe 80 00 02 29 c0 4c f0 b5 f4 1c 03 fd fd c8 04 e8 80",""
1597,7594,"PACKET","IN",207,43,"PlayerSync","id=207 bytes=43","cf 38 00 60 00 00 00 1c 76 6a b0 d1 1c c9 d1 59 29 5f 50 80 00 00 00 01 e8 43 7c 00 01 95 3c 18 f7 1a 26 7f ff fd fd cc 04 04 80",""
1598,7595,"PACKET","IN",207,45,"PlayerSync","id=207 bytes=45","cf 4d 00 84 00 60 7f c0 00 0f ae 63 30 c5 45 89 91 70 a7 de 90 84 00 00 00 03 6e f0 80 00 00 ab ee b4 f4 e0 05 71 bb fd fd a5 04 04 80",""
1599,7595,"PACKET","IN",207,35,"PlayerSync","id=207 bytes=35","cf 70 00 00 00 2a a3 e3 70 fe e5 c9 91 41 e3 5e 90 80 00 00 00 03 5b 53 00 00 00 00 00 00 01 28 00 04 11",""
1600,7595,"PACKET","IN",207,45,"PlayerSync","id=207 bytes=45","cf 4d 00 84 80 60 7f c0 00 3d 30 23 30 ff c5 49 91 65 28 1e 90 84 00 00 00 00 3a e4 80 00 00 77 f2 b4 f6 00 02 a9 d3 fd fd a5 04 04 80",""
1601,7595,"PACKET","IN",207,45,"PlayerSync","id=207 bytes=45","cf 4f 00 ff ff f1 ff c0 01 33 79 a3 70 ed 9a 09 91 42 a4 5e 90 84 00 00 00 03 8f fe 00 00 02 06 67 e4 f0 96 00 00 03 fd fd c8 04 64 80",""
1602,7595,"PACKET","IN",200,44,"VehicleSync","id=200 bytes=44","c8 55 00 46 00 00 00 00 00 08 00 77 30 3c e0 12 5a 9b 3e 09 0c 33 4a d2 44 52 b5 b7 a4 2c 3e 8c c3 e0 90 11 29 08 68 2d 50 3f 00 00",""
1603,7595,"PACKET","IN",207,35,"PlayerSync","id=207 bytes=35","cf 85 00 00 00 2a 16 e5 b0 ef 3f 89 91 6c 24 9f 10 80 00 00 00 00 ab 25 80 00 00 00 00 00 01 28 00 04 11",""
1604,7619,"PACKET","IN",207,45,"PlayerSync","id=207 bytes=45","cf 1a 00 ee ff f2 bf c0 00 03 9d 2c 70 d3 c6 89 d1 42 87 a0 50 80 00 00 00 01 07 ed 80 00 03 a1 28 18 f7 a2 8b 68 13 fd fd c8 04 04 80",""
1605,7619,"PACKET","IN",207,45,"PlayerSync","id=207 bytes=45","cf 27 00 c8 7f cf 00 00 00 2c 42 a6 f0 d1 8f 89 d1 7b 67 1f 10 80 00 00 00 01 9b fa 80 00 02 54 03 58 f1 16 29 a4 03 fd fd c8 04 e8 80",""
1606,7620,"PACKET","IN",207,35,"PlayerSync","id=207 bytes=35","cf 76 00 00 00 0e 87 a2 f0 c1 28 c9 91 5a 1c 1e 90 84 00 00 00 03 6c 9f 40 00 00 00 00 00 01 00 00 00 80",""
1607,7620,"PACKET","IN",207,45,"PlayerSync","id=207 bytes=45","cf 1a 00 ec ff f1 ff c0 00 2e dc ac 70 f9 c6 49 d1 5c 47 a0 50 80 00 00 00 00 c3 e1 80 00 00 d9 60 18 f4 82 c1 90 27 fd fd c8 04 04 80",""
1608,7620,"PACKET","IN",207,45,"PlayerSync","id=207 bytes=45","cf 27 00 c7 7f ce 00 00 00 12 42 66 f0 de 0f 49 d1 7b 67 1f 10 80 00 00 00 02 b7 fa 80 00 03 c6 70 18 f7 a6 66 98 0b fd fd c8 04 e8 80",""
1609,7620,"PACKET","IN",207,45,"PlayerSync","id=207 bytes=45","cf 4f 00 ff ff f1 3f c0 01 0b b9 e3 70 f9 59 c9 91 43 a4 5e 90 84 00 00 00 02 17 fe 00 00 03 0a 67 e4 f2 61 e0 d8 03 fd fd c8 04 64 80",""
1610,7620,"PACKET","IN",207,35,"PlayerSync","id=207 bytes=35","cf 51 00 00 00 1b 0a e3 30 cf a8 49 91 58 dd 9e 90 84 00 00 00 01 37 17 c0 00 00 00 00 00 01 28 00 04 11",""
1611,7644,"PACKET","IN",207,45,"PlayerSync","id=207 bytes=45","cf 1a 00 e7 ff f0 3f c0 00 03 5c 6c 70 e0 c6 49 d1 6c 07 a0 50 80 00 00 00 01 83 d1 80 00 02 24 b4 1c f7 4e f1 80 3f fd fd c8 04 04 80",""
1612,7644,"PACKET","IN",207,45,"PlayerSync","id=207 bytes=45","cf 4d 00 85 00 60 7f c0 00 21 b6 23 30 fc c5 49 91 6a 28 9e 90 84 00 00 00 03 82 c0 80 00 03 bf d2 88 f4 08 02 be 07 fd fd a5 04 04 80",""
1613,7644,"PACKET","IN",207,45,"PlayerSync","id=207 bytes=45","cf 27 00 c7 7f ce 00 00 00 24 42 26 f0 c2 0f 49 d1 7b 67 1f 10 80 00 00 00 02 7f fa 80 00 00 6f 34 34 f7 3a 66 84 0b fd fd c8 04 e8 80",""
1614,7644,"PACKET","IN",207,45,"PlayerSync","id=207 bytes=45","cf 4f 00 ff 7f ee bf c0 00 3a 39 e3 70 c9 d9 c9 91 45 e4 5e 90 84 00 00 00 00 1f fe 00 00 01 52 7b e0 f1 c5 c3 c8 03 fd fd c8 04 64 80",""
1615,7668,"PACKET","IN",207,45,"PlayerSync","id=207 bytes=45","cf 1a 00 e5 7f ef 7f c0 00 2f 5b ac 70 c6 06 49 d1 71 87 a0 50 80 00 00 00 03 43 bd 80 00 00 fb 30 68 f7 23 22 d4 5b fd fd c8 04 04 80",""
1616,7669,"PACKET","IN",207,43,"PlayerSync","id=207 bytes=43","cf 38 00 60 00 00 00 08 b3 ea b0 c4 1d 89 d1 49 26 9f 50 80 00 00 00 01 f9 8b 7c 00 03 a5 b0 68 f5 eb 61 f7 73 fd fd cc 04 04 80",""
1617,7669,"PACKET","IN",200,44,"VehicleSync","id=200 bytes=44","c8 55 00 46 00 00 00 00 00 08 00 71 a0 3b 50 13 fa 99 bb f9 1c 3c 0b 02 44 5d 67 e7 a4 2c c3 dd 23 e0 d0 12 d9 08 b8 2d 50 3f 00 00",""
1618,7669,"PACKET","IN",207,45,"PlayerSync","id=207 bytes=45","cf 1a 00 e0 7f ee ff c0 00 06 1b 2c 70 ed 86 09 d1 6a 87 a0 50 80 00 00 00 02 47 a9 80 00 03 a3 2c 68 f7 9f 4d 58 7f fd fd c8 04 04 80",""
1619,7669,"PACKET","IN",207,45,"PlayerSync","id=207 bytes=45","cf 27 00 c7 7f ce 00 00 00 17 01 e6 f0 d4 4f 09 d1 7b 67 1f 10 80 00 00 00 02 2b fa 80 00 02 98 04 5c f5 62 6a f4 0b fd fd c8 04 e8 80",""
1620,7669,"PACKET","IN",207,45,"PlayerSync","id=207 bytes=45","cf 4d 00 85 80 60 7f c0 00 39 fa 23 30 c4 45 89 91 73 e8 de 90 84 00 00 00 00 f6 b0 80 00 02 03 12 84 f5 2c 02 ae 23 fd fd a5 04 04 80",""
1621,7695,"PACKET","IN",207,45,"PlayerSync","id=207 bytes=45","cf 1a 00 de ff ee 7f c0 00 06 da 6c 70 d7 86 09 d1 57 07 a0 50 80 00 00 00 02 47 91 80 00 03 c7 14 68 f7 c7 74 3c a7 fd fd c8 04 04 80",""
1622,7695,"PACKET","IN",207,45,"PlayerSync","id=207 bytes=45","cf 4d 00 86 00 60 7f c0 00 30 fc 63 30 cb 05 89 91 56 69 1e 90 84 00 00 00 00 c6 a8 80 00 00 b9 96 90 f6 4c 00 6e 33 fd fd a5 04 04 80",""
1623,7696,"PACKET","IN",207,35,"PlayerSync","id=207 bytes=35","cf 63 00 00 00 35 23 63 70 dd 23 09 91 54 21 9e 90 80 00 00 00 02 22 63 80 00 00 00 00 00 01 28 00 04 11",""
1624,7696,"PACKET","IN",207,45,"PlayerSync","id=207 bytes=45","cf 1a 00 dc 7f ee 3f c0 00 36 99 6c 70 c4 46 09 d1 77 87 60 50 80 00 00 00 03 ab 75 80 00 02 8a e8 68 f7 bb 9b ac cf fd fd c8 04 04 80",""
1625,7696,"PACKET","IN",207,45,"PlayerSync","id=207 bytes=45","cf 27 00 c6 ff cd c0 00 00 17 c1 66 f0 ca ce c9 d1 7b 67 1f 10 80 00 00 00 02 3b fa 80 00 03 1c b0 94 f4 5e 6f 98 0b fd fd c8 04 e8 80",""
1626,7720,"PACKET","IN",207,45,"PlayerSync","id=207 bytes=45","cf 1a 00 db 7f ee 3f c0 00 17 98 ac 70 f4 05 c9 d1 4c 87 60 50 80 00 00 00 02 7b 59 80 00 02 be a8 68 f6 87 ba 80 ff fd fd c8 04 04 80",""
1627,7748,"RPC","IN",86,27,"ApplyPlayerAnimation","id=86 bytes=27","76 00 07 42 44 5f 46 49 52 45 07 77 61 73 68 5f 75 70 33 33 83 40 80 00 00 00 00",""
1628,7749,"PACKET","IN",207,45,"PlayerSync","id=207 bytes=45","cf 4d 00 86 80 60 7f c0 00 1a 3e 63 30 da c5 89 91 60 a9 1e 90 84 00 00 00 01 c6 9c 80 00 00 95 84 7c f3 fd ff ff ff fd fd a5 04 04 80",""
1629,7749,"PACKET","IN",207,35,"PlayerSync","id=207 bytes=35","cf 54 00 00 00 05 77 63 70 c5 21 c9 91 65 24 1e 90 80 00 00 00 00 12 8e c0 00 00 00 00 00 01 a5 04 04 80",""
1630,7749,"PACKET","IN",207,35,"PlayerSync","id=207 bytes=35","cf 76 00 00 01 0e 87 a2 f0 c1 28 c9 91 5a 1c 1e 90 84 00 00 00 03 6c 9f 40 00 00 00 00 00 01 00 00 00 80",""
1631,7749,"PACKET","IN",207,45,"PlayerSync","id=207 bytes=45","cf 1a 00 d9 ff ee 3f c0 00 35 d6 ac 70 dd 45 c9 d1 55 06 e0 50 80 00 00 00 00 7b 19 80 00 03 25 fc 68 f7 cf e4 81 67 fd fd c8 04 04 80",""
1632,7749,"PACKET","IN",207,45,"PlayerSync","id=207 bytes=45","cf 27 00 c6 7f cd 00 00 00 2c 40 a6 f0 e4 0e 49 d1 7b 67 1f 10 80 00 00 00 02 2b fa 80 00 00 d4 35 30 f5 82 66 28 0b fd fd c8 04 e8 80",""
1633,7750,"PACKET","IN",207,43,"PlayerSync","id=207 bytes=43","cf 38 00 60 00 00 00 31 b1 2a b0 d6 5d c9 d1 7b 24 5f 50 80 00 00 00 01 f9 8b 7c 00 02 62 7f 98 f3 a3 68 67 6b fd fd cc 04 04 80",""
1634,7750,"PACKET","IN",207,45,"PlayerSync","id=207 bytes=45","cf 4d 00 87 00 60 7f c0 00 1a 3e 63 30 e4 05 89 91 4e 69 1e 90 84 00 00 00 03 6a 94 80 00 03 6d e4 f4 f3 fd ff ff ff fd fd a5 04 04 80",""
1635,7750,"PACKET","IN",207,45,"PlayerSync","id=207 bytes=45","cf 4f 00 fe ff eb bf c0 00 04 7a 63 70 d5 19 89 91 49 24 5e 90 84 00 00 00 00 9b fa 00 00 01 3a 9c 2c f7 61 a7 b8 07 fd fd c8 04 64 80",""
1636,7750,"PACKET","IN",200,44,"VehicleSync","id=200 bytes=44","c8 55 00 46 00 00 00 00 00 08 00 79 b0 2f 90 14 9a 9d 29 89 2c 33 7b 42 44 5e 4a 17 a4 25 d5 0d 73 e0 f0 13 99 09 28 2d 50 3f 00 00",""
1637,7750,"PACKET","IN",203,34,"AimSync","id=203 bytes=34","cb 55 00 12 c2 cd 6d bf b9 e7 44 3e a9 03 a2 be d1 51 8f c3 0e 9f 24 45 cc df 84 42 00 00 00 00 3f 44",""
1638,7750,"PACKET","IN",207,35,"PlayerSync","id=207 bytes=35","cf 60 00 00 00 35 55 ea b0 d6 1c 89 d1 7c 99 df 50 80 00 00 00 00 00 01 c0 00 00 00 00 00 01 fb 04 04 80",""
1639,7773,"RPC","IN",137,18,"ServerJoin","id=137 bytes=18","5e 00 00 00 00 00 00 0a 61 79 61 6d 73 61 6d 62 65 6c",""
1640,7773,"RPC","IN",72,6,"SetPlayerColor","id=72 bytes=6","5e 00 ff 83 7f 7f",""
1641,7773,"PACKET","IN",207,45,"PlayerSync","id=207 bytes=45","cf 1a 00 d8 ff ee 3f c0 00 29 55 ec 70 d8 05 c9 d1 59 46 a0 50 80 00 00 00 03 be f1 80 00 01 3f d7 e0 f1 db f6 a9 9b fd fd c8 04 04 80",""
1642,7774,"PACKET","IN",207,45,"PlayerSync","id=207 bytes=45","cf 27 00 c5 ff cc 80 00 00 0b 80 66 f0 ec 4e 09 d1 7b 67 1f 10 80 00 00 00 01 5f fa 80 00 02 78 cd 68 f4 66 6f 98 0b fd fd c8 04 e8 80",""
1643,7774,"PACKET","IN",207,35,"PlayerSync","id=207 bytes=35","cf 76 00 00 00 0e 87 a2 f0 c1 28 c9 91 5a 1c 1e 90 84 00 00 00 03 6c 9f 40 00 00 00 00 00 01 00 00 00 80",""
1644,7774,"PACKET","OUT",207,69,"PlayerSync","id=207 bytes=69","cf 00 00 00 00 00 00 73 61 95 c3 e9 46 26 45 82 99 7b 42 03 3f bf 3e 00 00 00 00 00 00 00 00 71 78 6d 3f 64 00 04 00 00 00 00 00 00 00 00 00 00 00 00 00 00 00 00 00 00 00 00 00 00 00 00 00 00 00 a5 04 04 80",""
1645,7806,"PACKET","IN",207,45,"PlayerSync","id=207 bytes=45","cf 1a 00 d8 7f ee 3f c0 00 19 15 2c 70 d5 c5 c9 d1 55 86 60 50 80 00 00 00 00 a2 cd 80 00 03 3b 2f e0 f1 ef fe 35 d3 fd fd c8 04 04 80",""
1646,7807,"PACKET","IN",207,45,"PlayerSync","id=207 bytes=45","cf 4d 00 87 80 60 7f c0 00 1a 3e 63 30 fc 05 89 91 5f 28 de 90 84 00 00 00 03 3e 8c 80 00 00 15 bd bc f3 fd ff ff ff fd fd a5 04 04 80",""
1647,7807,"PACKET","IN",207,45,"PlayerSync","id=207 bytes=45","cf 4f 00 fe ff e8 bf c0 00 24 3a a3 70 e4 59 49 91 4d a4 5e 90 84 00 00 00 02 57 f2 00 00 00 52 8c 80 f6 15 86 b8 0f fd fd c8 04 64 80",""
1648,7807,"PACKET","IN",207,35,"PlayerSync","id=207 bytes=35","cf 7c 00 00 00 35 a2 e2 70 da 28 89 91 5f 9d de 90 80 00 00 00 01 98 6a 40 00 00 00 00 00 01 28 00 04 11",""
1649,7807,"RPC","IN",86,27,"ApplyPlayerAnimation","id=86 bytes=27","97 00 07 42 44 5f 46 49 52 45 07 77 61 73 68 5f 75 70 33 33 83 40 80 00 00 00 00",""
1650,7808,"PACKET","IN",207,45,"PlayerSync","id=207 bytes=45","cf 27 00 c5 7f cc 00 00 00 24 3f a6 b0 d9 cd c9 d1 7b 67 1f 10 80 00 00 00 03 fb f2 80 00 01 ed fe 08 f6 ca 86 0c 13 fd fd c8 04 e8 80",""
1651,7808,"PACKET","IN",207,35,"PlayerSync","id=207 bytes=35","cf 5b 00 00 00 0e fc 66 b0 e8 7d 89 91 7b 67 1f 10 84 00 00 00 01 0a e2 00 00 00 00 00 00 01 a5 04 e8 80",""
1652,7808,"RPC","IN",164,63,"WorldVehicleAdd","id=164 bytes=63","30 00 f3 01 00 00 52 38 8f c3 8f 72 25 45 ec 51 7c 42 85 eb bc 42 c6 c6 52 d8 a4 44 00 00 00 00 00 22 00 20 02 0a 00 00 00 00 00 00 00 0b 00 53 00 00 00 00 00 00 00 ff ff ff ff ff ff ff ff",""
1653,7810,"RPC","IN",123,14,"SetVehicleNumberPlate","id=123 bytes=14","30 00 0b 42 4b 20 36 30 31 36 20 49 55 59",""
1654,7810,"RPC","IN",24,18,"SetVehicleParamsEx","id=24 bytes=18","30 00 00 ff ff 01 ff ff ff ff ff ff ff ff ff ff ff ff",""
1655,7810,"PACKET","IN",207,45,"PlayerSync","id=207 bytes=45","cf 1a 00 d8 7f ee 3f c0 00 3b 94 2c 70 d6 45 c9 d1 47 86 20 50 80 00 00 00 03 92 a1 80 00 02 6e 60 10 f7 e3 fe 72 0b fd fd c8 04 04 80",""
1656,7810,"PACKET","IN",207,41,"PlayerSync","id=207 bytes=41","cf 38 00 00 00 26 ae 2a b0 f6 9e 09 d1 52 22 1f 50 80 00 00 00 01 f9 8b 7c 00 01 68 14 d4 f7 a3 68 67 6b fd fd a2 04 04 80",""
1657,7841,"PACKET","IN",207,45,"PlayerSync","id=207 bytes=45","cf 1a 00 d8 7f ee 3f c0 00 10 93 6c 70 da 05 c9 d1 6d c5 a0 50 80 00 00 00 01 f2 8d 80 00 01 26 94 34 f7 af fa 46 43 fd fd c8 04 04 80",""
1658,7841,"PACKET","IN",207,45,"PlayerSync","id=207 bytes=45","cf 27 00 c5 7f cb c0 00 00 0d 7e e6 b0 c5 0d 89 d1 7b 67 1f 10 80 00 00 00 00 57 f2 80 00 00 c0 3a 28 f6 86 9b e0 17 fd fd c8 04 e8 80",""
1659,7842,"PACKET","IN",207,35,"PlayerSync","id=207 bytes=35","cf 29 00 00 00 08 a6 a8 30 da 95 09 d1 7b 67 1f 10 84 00 00 00 00 88 e3 c0 00 00 00 00 00 01 a5 04 04 80",""
1660,7842,"PACKET","IN",203,34,"AimSync","id=203 bytes=34","cb 29 00 04 4c 3a 66 3f a5 69 20 3e 91 06 d1 be 82 d2 a1 c3 9d 4d 27 45 e2 b8 81 42 00 00 00 00 3f 06",""
1661,7842,"PACKET","IN",207,45,"PlayerSync","id=207 bytes=45","cf 4d 00 88 00 60 bf c0 00 1a 3e 63 30 e8 45 c9 91 48 28 9e 90 84 00 00 00 01 8a 84 80 00 02 c3 5a 34 f3 fd ff ff ff fd fd a5 04 04 80",""
1662,7842,"PACKET","IN",207,45,"PlayerSync","id=207 bytes=45","cf 4f 00 fe ff e0 7f c0 00 3e 7b 23 70 eb 59 09 91 54 a4 5e 90 84 00 00 00 01 53 ea 00 00 01 8e ac d0 f7 91 5b 1c 1b fd fd c8 04 64 80",""
1663,7843,"PACKET","IN",207,45,"PlayerSync","id=207 bytes=45","cf 1a 00 d8 7f ee 3f c0 00 16 52 6c 70 df c5 c9 d1 4a 85 60 50 80 00 00 00 01 2e 8d 80 00 03 ac 90 5c f7 37 f6 5a 5f fd fd c8 04 04 80",""
1664,7843,"PACKET","IN",207,43,"PlayerSync","id=207 bytes=43","cf 38 00 c0 7f 80 00 3e 6d 2a b0 d3 9e 49 d1 59 a1 5f 50 80 00 00 00 01 a1 a7 7c 00 03 73 6f b0 f3 a3 68 67 6b fd fd f5 04 04 80",""
1665,7843,"PACKET","IN",200,44,"VehicleSync","id=200 bytes=44","c8 55 00 46 00 0e 00 00 00 08 00 75 f0 25 60 20 ba 96 d8 69 3c 32 7b 82 44 5b 9c 87 a4 27 3b 3d c3 e3 40 15 69 19 98 2d 50 3f 00 00",""
1666,7843,"PACKET","IN",207,35,"PlayerSync","id=207 bytes=35","cf 76 00 00 00 0e 87 a2 f0 c1 28 c9 91 5a 1c 1e 90 84 00 00 00 03 6c 9f 40 00 00 00 00 00 01 28 00 04 11",""
1667,7866,"PACKET","IN",207,45,"PlayerSync","id=207 bytes=45","cf 1a 00 d8 7f ee 3f c0 00 0d d1 6c 70 e6 05 c9 d1 61 04 e0 50 80 00 00 00 00 12 8d 80 00 02 ce dc 80 f7 07 f7 56 5f fd fd c8 04 04 80",""
1668,7866,"PACKET","IN",207,45,"PlayerSync","id=207 bytes=45","cf 27 00 c4 ff cb 80 00 00 3b fe 26 b0 d1 8d 49 d1 7b 67 1f 10 80 00 00 00 00 8f ee 80 00 01 7b aa 5c f6 a6 a9 44 1f fd fd c8 04 e8 80",""
1669,7867,"PACKET","IN",207,35,"PlayerSync","id=207 bytes=35","cf 2d 00 00 00 3c 58 68 30 c1 50 49 d1 7b 67 1f 10 84 00 00 00 02 aa b3 c0 00 00 00 00 00 01 28 00 04 11",""
1670,7867,"PACKET","IN",203,34,"AimSync","id=203 bytes=34","cb 2d 00 04 a4 01 80 bb 47 88 7a bf cb 77 52 3e aa 60 a0 c3 8d 68 27 45 07 f0 7c 42 00 00 00 00 3f 28",""
1671,7867,"PACKET","IN",207,45,"PlayerSync","id=207 bytes=45","cf 4f 00 ff 7f e0 7f c0 00 0f 7c a3 70 cd 58 c9 91 64 24 5e 90 84 00 00 00 02 83 de 00 00 00 1e 49 18 f6 81 2c d0 2f fd fd c8 04 64 80",""
1672,7867,"PACKET","IN",207,45,"PlayerSync","id=207 bytes=45","cf 1a 00 d9 7f ee 3f c0 00 37 d0 2c 70 ec c5 c9 d1 72 04 60 50 80 00 00 00 03 a2 8d 80 00 02 6a ec a4 f6 c3 f4 be 63 fd fd c8 04 04 80",""
1673,7867,"PACKET","IN",207,35,"PlayerSync","id=207 bytes=35","cf 1c 00 00 00 2d 1d 28 30 f6 cc c9 d1 7b 67 1f 10 84 00 00 00 00 65 93 00 00 00 00 00 00 01 28 00 04 11",""
1674,7883,"PACKET","OUT",203,32,"AimSync","id=203 bytes=32","cb 00 00 00 39 05 00 00 00 00 00 00 00 00 00 00 00 40 01 00 00 00 80 3f 00 00 f3 04 b5 3f 39 05",""
1675,7892,"PACKET","IN",207,45,"PlayerSync","id=207 bytes=45","cf 1a 00 dd 7f ee bf c0 00 0c 4f 2c 70 f3 85 c9 d1 7b 83 e0 50 80 00 00 00 01 96 9d 80 00 01 06 28 d4 f7 9f f4 32 5f fd fd c8 04 04 80",""
1676,7893,"PACKET","IN",207,45,"PlayerSync","id=207 bytes=45","cf 4f 00 ff 7f e0 7f c0 00 30 bd e3 70 fe d8 49 91 74 64 5e 90 84 00 00 00 00 57 d6 00 00 02 08 5d 88 f4 c9 05 d8 43 fd fd c8 04 64 80",""
1677,7893,"PACKET","IN",207,35,"PlayerSync","id=207 bytes=35","cf 7e 00 00 00 1f 9c a8 30 f1 83 0a 91 40 30 1e 90 80 00 00 00 02 17 b3 94 00 00 00 00 00 01 a5 04 04 80",""
1678,7893,"PACKET","IN",207,45,"PlayerSync","id=207 bytes=45","cf 27 00 c4 ff cb 00 00 00 23 7c 66 b0 c2 0c c9 d1 7b 67 1f 10 80 00 00 00 00 e7 ea 80 00 00 c0 c2 88 f6 ba c2 78 27 fd fd c8 04 e8 80",""
1679,7893,"PACKET","IN",207,45,"PlayerSync","id=207 bytes=45","cf 4d 00 88 00 60 bf c0 00 2d 3e 63 30 f1 c6 09 91 79 27 de 90 84 00 00 00 03 4a 7c 80 00 01 c7 eb 8c f3 ad d6 67 ff fd fd a5 04 04 80",""
1680,7915,"PACKET","IN",207,45,"PlayerSync","id=207 bytes=45","cf 27 00 c3 ff ca 40 00 00 26 fa 66 b0 f5 cc 09 d1 7b 67 1f 10 80 00 00 00 00 d7 e6 80 00 00 f6 ba c8 f7 5e d1 a8 2f fd fd c8 04 e8 80",""
1681,7915,"PACKET","IN",207,43,"PlayerSync","id=207 bytes=43","cf 38 00 c0 7f 80 00 32 a9 ea b0 ce de 89 d1 57 9f 1f 50 80 00 00 00 01 fa 77 7c 00 01 54 20 18 f5 73 ea 3e 97 fd fd cc 04 04 80",""
1682,7915,"PACKET","IN",207,45,"PlayerSync","id=207 bytes=45","cf 4f 00 ff 7f e0 7f c0 00 2d 7f e3 70 df 18 09 91 5b 64 9e 90 84 00 00 00 01 3f ca 00 00 00 11 d5 d4 f4 cc e5 70 57 fd fd c8 04 64 80",""
1683,7939,"PACKET","IN",207,45,"PlayerSync","id=207 bytes=45","cf 1a 00 e7 7f f0 3f c0 00 3a 4c 6c 70 fe 45 c9 d1 7f c2 e0 50 80 00 00 00 03 ce c5 80 00 01 01 d1 2c f4 4f fd 46 3f fd fd c8 04 04 80",""
1684,7939,"PACKET","IN",207,45,"PlayerSync","id=207 bytes=45","cf 27 00 c3 ff c9 80 00 00 0f f9 66 b0 ef cb c9 d1 7b 67 1f 10 80 00 00 00 03 73 da 80 00 00 e7 6e cc f7 fa e1 90 37 fd fd c8 04 e8 80",""
1685,7940,"PACKET","IN",207,41,"PlayerSync","id=207 bytes=41","cf 38 00 00 00 14 29 2a b0 d5 1e 89 d1 52 5e 9f 50 80 00 00 00 01 e2 a3 7c 00 00 40 30 18 f6 77 f6 3e 63 fd fd a2 04 04 80",""
1686,7940,"PACKET","IN",207,35,"PlayerSync","id=207 bytes=35","cf 97 00 00 00 3d e7 a8 30 e5 89 c9 d1 7b 67 1f 10 84 00 00 00 00 0f 03 e8 00 00 00 00 00 01 28 00 04 11",""
1687,7940,"PACKET","IN",207,45,"PlayerSync","id=207 bytes=45","cf 27 00 c3 7f c9 00 00 00 17 38 66 b0 fb 4b 89 d1 7b 67 1f 10 80 00 00 00 03 7f d6 80 00 03 13 32 c8 f5 67 07 c0 47 fd fd c8 04 e8 80",""
1688,7971,"PACKET","IN",207,45,"PlayerSync","id=207 bytes=45","cf 1a 00 eb ff f1 3f c0 00 39 4b 2c 70 ff 85 c9 d1 4d 82 a0 50 80 00 00 00 00 ba dd 80 00 00 7f 7c fc f7 b3 fd 32 13 fd fd c8 04 04 80",""
1689,7972,"PACKET","IN",207,45,"PlayerSync","id=207 bytes=45","cf 4f 00 ff 7f e0 7f c0 00 2d c1 63 b0 e0 d7 c9 91 59 24 de 90 84 00 00 00 02 5f be 00 00 02 ed ca 20 f7 4c c6 90 6b fd fd c8 04 64 80",""
1690,7972,"PACKET","IN",207,45,"PlayerSync","id=207 bytes=45","cf 1a 00 f5 7f f2 bf c0 00 02 4a 2c 70 fe 85 c9 d1 63 82 20 50 80 00 00 00 02 bb 01 80 00 01 21 04 e8 f7 d7 ff a9 f3 fd fd c8 04 04 80",""
1691,7972,"PACKET","IN",207,45,"PlayerSync","id=207 bytes=45","cf 27 00 c3 7f c9 00 00 00 3c f7 26 b0 c3 8b 89 d1 7b 67 1f 10 80 00 00 00 02 93 d2 80 00 03 53 32 c8 f5 d7 13 60 4f fd fd c8 04 e8 80",""
1692,7972,"PACKET","IN",207,45,"PlayerSync","id=207 bytes=45","cf 4d 00 88 00 60 bf c0 00 02 00 23 70 c3 46 c9 91 59 a7 9e 90 84 00 00 00 01 12 78 80 00 03 02 85 70 f5 e9 08 fb c3 fd fd a5 04 04 80",""
1693,7973,"PACKET","IN",200,44,"VehicleSync","id=200 bytes=44","c8 55 00 46 00 18 00 00 00 08 00 7a 40 22 30 24 7a 7b 77 c9 4c 3d db c2 44 55 5f 17 a4 2b fe 7e 13 eb 30 1a 29 49 a8 2d 50 3f 00 00",""
1694,7998,"PACKET","IN",207,43,"PlayerSync","id=207 bytes=43","cf 1a 00 75 3f c0 00 1c 48 ec 70 f9 85 c9 d1 48 01 e0 50 80 00 00 00 02 a7 25 80 00 01 ed 78 c0 f7 6f fb e1 bb fd fd c8 04 04 80",""
1695,7999,"PACKET","IN",203,34,"AimSync","id=203 bytes=34","cb 1a 00 04 7e b7 51 3f 85 c6 10 bf 0f 22 c3 bd f4 94 b2 c3 96 37 27 45 12 e5 82 42 00 00 00 00 3f 36",""
1696,7999,"PACKET","IN",207,45,"PlayerSync","id=207 bytes=45","cf 4f 00 ff 7f e0 7f c0 00 3b 03 e3 b0 c3 97 89 91 7c 25 1e 90 84 00 00 00 00 af b6 00 00 03 9d b2 4c f6 70 af 04 7f fd fd c8 04 64 80",""
1697,7999,"PACKET","IN",207,35,"PlayerSync","id=207 bytes=35","cf 02 00 00 00 2d a2 e3 70 ee 9a 89 91 77 a3 1e 90 80 00 00 00 00 8a aa c0 00 00 00 00 00 01 28 00 04 11",""
1698,7999,"PACKET","IN",203,34,"AimSync","id=203 bytes=34","cb 02 00 04 5f c0 94 bd d0 74 5f 3f fb 0a f7 be 4a 74 8d c3 88 47 26 45 31 e8 80 42 00 00 00 00 3f 36",""
1699,7999,"PACKET","IN",207,45,"PlayerSync","id=207 bytes=45","cf 1a 00 86 80 76 ff c0 00 0e c7 ec 70 f1 45 c9 d1 7b 81 60 50 80 00 00 00 00 27 49 80 00 01 43 e8 90 f4 e3 f0 89 87 fd fd c8 04 04 80",""
1700,7999,"PACKET","IN",207,41,"PlayerSync","id=207 bytes=41","cf 38 00 00 00 14 e7 aa b0 fd 5e 89 d1 71 1d 5f 50 80 00 00 00 02 2f 57 7c 00 02 a7 eb e8 ec da f5 a3 c3 fd fd a2 04 04 80",""
1701,8023,"PACKET","IN",207,45,"PlayerSync","id=207 bytes=45","cf 1a 00 92 00 79 ff c0 00 19 86 ec 70 e6 05 c9 d1 7e 41 20 50 80 00 00 00 02 f7 65 80 00 01 5c 08 70 f4 4b e2 a9 4f fd fd c8 04 04 80",""
1702,8024,"PACKET","IN",207,35,"PlayerSync","id=207 bytes=35","cf 3d 00 00 00 32 67 a8 30 d0 79 49 91 7b 67 1f 10 84 00 00 00 00 e6 f1 c0 00 00 00 00 00 01 28 00 04 11",""
1703,8024,"PACKET","IN",200,44,"VehicleSync","id=200 bytes=44","c8 55 00 46 00 00 00 00 00 08 00 70 a0 3b 30 11 4a 5c 66 a9 5c 3f bc 12 44 5c f1 87 b4 26 20 be 73 ef 00 10 d9 69 d8 2d 50 3f 00 00",""
1704,8024,"PACKET","IN",207,45,"PlayerSync","id=207 bytes=45","cf 1a 00 97 80 7b 7f c0 00 00 06 2c 70 d8 85 c9 d1 4f 41 20 50 80 00 00 00 03 33 81 80 00 03 fb cc 40 f6 03 cb 2d 1b fd fd c8 04 04 80",""
1705,8055,"PACKET","IN",207,35,"PlayerSync","id=207 bytes=35","cf 46 00 00 00 2c 6b a2 f0 e4 28 c9 91 41 1d de 90 80 00 00 00 00 00 03 c0 00 00 00 00 00 01 28 00 04 11",""
1706,8055,"PACKET","IN",207,45,"PlayerSync","id=207 bytes=45","cf 4f 00 ff 7f e0 7f c0 00 06 08 23 b0 fe 96 c9 91 51 a5 de 90 84 00 00 00 03 ff aa 00 00 03 cb 8a 94 f6 e4 99 14 93 fd fd c8 04 64 80",""
1707,8056,"RPC","IN",105,19,"TextDrawSetString","id=105 bytes=19","2f 01 0f 00 30 39 20 41 67 75 73 74 75 73 20 32 30 32 36",""
1708,8056,"RPC","IN",105,12,"TextDrawSetString","id=105 bytes=12","30 01 08 00 31 32 3a 30 32 3a 34 30",""
1709,8056,"PACKET","IN",207,45,"PlayerSync","id=207 bytes=45","cf 1a 00 a1 80 7e 3f c0 00 03 05 6c 70 c9 45 c9 d1 6e 00 e0 50 80 00 00 00 00 af 9d 80 00 03 51 0c 18 f6 2f ae 5c eb fd fd c8 04 04 80",""
1710,8056,"PACKET","IN",207,45,"PlayerSync","id=207 bytes=45","cf 1a 00 a5 80 7f bf c0 00 08 c4 ac 70 f6 45 89 d1 55 80 e0 50 80 00 00 00 03 57 b1 80 00 01 43 18 3c f5 3b 8c f8 bf fd fd c8 04 04 80",""
1711,8056,"PACKET","IN",207,45,"PlayerSync","id=207 bytes=45","cf 27 00 c1 ff c6 40 00 00 2f 2f 26 b0 e5 8a 09 d1 7b 67 1f 10 80 00 00 00 00 eb c6 80 00 03 df fe b4 f5 7b 41 80 73 fd fd c8 04 e8 80",""
1712,8081,"RPC","IN",72,6,"SetPlayerColor","id=72 bytes=6","49 00 ff ff ff ff",""
1713,8081,"RPC","IN",72,6,"SetPlayerColor","id=72 bytes=6","49 00 ff ff ff ff",""
1714,8081,"RPC","IN",11,16,"SetPlayerName","id=11 bytes=16","49 00 0c 52 69 70 7a 7a 7a 5f 4d 61 72 63 6f 01",""
1715,8081,"PACKET","IN",207,45,"PlayerSync","id=207 bytes=45","cf 1a 00 aa 80 41 40 00 00 13 03 ec 70 df 45 89 d1 47 40 e0 50 80 00 00 00 03 3b c5 80 00 00 65 18 68 f7 9f 67 90 93 fd fd c8 04 04 80",""
1716,8081,"PACKET","IN",207,45,"PlayerSync","id=207 bytes=45","cf 27 00 c1 7f c5 00 00 00 12 2d e6 b0 ef c9 c9 d1 7b 67 1f 10 80 00 00 00 00 5f c6 80 00 02 0a f6 9c f6 fb 42 b8 73 fd fd c8 04 e8 80",""
1717,8081,"PACKET","IN",207,41,"PlayerSync","id=207 bytes=41","cf 38 00 00 00 2c a7 6a b0 ff 5e 89 d1 57 1d 5f 50 80 00 00 00 02 eb b3 7c 00 02 fa f9 a0 f0 67 68 58 97 fd fd a2 04 04 80",""
1718,8082,"PACKET","IN",207,45,"PlayerSync","id=207 bytes=45","cf 4f 00 fe 7f e0 7f c0 00 33 0c a3 b0 f1 d6 49 91 78 a6 5e 90 84 00 00 00 01 6f aa 00 00 03 11 8a c0 f7 28 89 14 a3 fd fd c8 04 64 80",""
1719,8105,"PACKET","IN",207,45,"PlayerSync","id=207 bytes=45","cf 4d 00 87 80 60 7f c0 00 2c 06 63 70 f4 07 49 91 4d a7 de 90 84 00 00 00 03 be 70 80 00 02 d6 d2 14 f7 44 8b 03 5f fd fd a5 04 04 80",""
1720,8106,"PACKET","IN",200,44,"VehicleSync","id=200 bytes=44","c8 55 00 46 00 00 00 00 00 08 00 73 70 38 80 1e ea 39 16 59 6c 3a ac 72 44 59 34 27 b4 23 15 9e c3 e2 40 22 b9 79 f8 2d 50 3f 00 00",""
1721,8106,"PACKET","IN",207,35,"PlayerSync","id=207 bytes=35","cf 92 00 00 00 14 4a a3 30 e1 99 49 91 6d 1f 1e 90 84 00 00 00 02 9b 21 c0 00 00 00 00 00 01 a5 04 04 80",""
1722,8106,"PACKET","IN",203,34,"AimSync","id=203 bytes=34","cb 92 00 04 bf 4d c7 be 3c 6a 6a 3f 9c c3 cc bd f3 cf 8b c3 f3 4a 26 45 c6 9c 7d 42 00 00 00 00 3f 37",""
1723,8134,"PACKET","IN",207,45,"PlayerSync","id=207 bytes=45","cf 1a 00 aa 80 41 40 00 00 28 03 2c 70 c4 45 89 d1 45 40 e0 50 80 00 00 00 00 2b d9 80 00 01 93 dc 90 f5 8f 3e 60 6f fd fd c8 04 04 80",""
1724,8135,"PACKET","IN",207,45,"PlayerSync","id=207 bytes=45","cf 4d 00 87 00 60 7f c0 00 0b 8c 63 70 de 07 c9 91 57 e8 1e 90 84 00 00 00 00 62 70 80 00 03 82 46 94 f5 0c 27 36 bf fd fd a5 04 04 80",""
1725,8135,"PACKET","IN",207,45,"PlayerSync","id=207 bytes=45","cf 4f 00 fd ff e0 7f c0 00 0d 50 63 b0 c8 16 09 91 77 e6 de 90 84 00 00 00 03 1f a2 00 00 02 fd 8a c0 f6 cc 85 c4 a7 fd fd c8 04 64 80",""
1726,8135,"PACKET","IN",207,41,"PlayerSync","id=207 bytes=41","cf 1a 00 00 00 25 82 6c 70 dd 85 49 d1 54 00 e0 50 80 00 00 00 01 53 e9 80 00 02 96 dc b4 f7 cb 0e 18 4f fd fd a5 04 04 80",""
1727,8135,"PACKET","IN",207,35,"PlayerSync","id=207 bytes=35","cf 1f 00 00 00 26 a3 e3 70 c2 1d 89 91 42 a3 5e 90 80 00 00 00 02 c2 27 00 00 00 00 00 00 01 28 00 04 11",""
1728,8160,"PACKET","IN",207,35,"PlayerSync","id=207 bytes=35","cf 53 00 00 00 23 e6 e8 30 e9 d8 09 d1 7a e7 1f 10 84 00 00 00 02 ba 42 c0 00 00 00 00 00 01 a5 04 04 80",""
1729,8161,"PACKET","IN",207,45,"PlayerSync","id=207 bytes=45","cf 27 00 c1 ff f9 bf c0 00 11 26 66 b0 fc c8 89 d1 7b 67 1f 10 80 00 00 00 01 bb da 80 00 00 f3 ba 9c f6 db 38 40 6f fd fd c8 04 e8 80",""
1730,8161,"PACKET","IN",207,35,"PlayerSync","id=207 bytes=35","cf 38 00 00 00 38 e7 6a b0 fe 9e 89 d1 5f 5d 5f 50 80 00 00 00 02 eb b3 7c 00 00 00 00 00 01 a2 04 04 80",""
1731,8161,"PACKET","IN",207,35,"PlayerSync","id=207 bytes=35","cf 51 00 00 00 1b 0a e3 30 cf a8 49 91 58 dd 9e 90 84 00 00 00 01 37 17 c0 00 00 00 00 00 01 28 00 04 11",""
1732,8161,"PACKET","IN",200,44,"VehicleSync","id=200 bytes=44","c8 55 00 46 00 00 00 00 00 08 00 72 60 3a 40 18 aa 35 42 b9 7c 34 9c c2 44 5a 76 37 b4 29 96 cf 03 e3 b0 2a 69 7a 18 2d 50 3f 00 00",""
1733,8161,"PACKET","IN",207,35,"PlayerSync","id=207 bytes=35","cf 85 00 00 00 2a 16 e5 b0 ef 3f 89 91 6c 24 9f 10 80 00 00 00 00 ab 25 80 00 00 00 00 00 01 28 00 04 11",""
1734,8161,"PACKET","IN",203,34,"AimSync","id=203 bytes=34","cb 85 00 04 75 d6 38 3f 0d c4 1f 3f bc ea 98 be 22 25 97 c3 f8 e8 26 45 e2 c9 80 42 00 00 00 00 3f c6",""
1735,8185,"PACKET","IN",207,45,"PlayerSync","id=207 bytes=45","cf 4f 00 fd ff e0 7f c0 00 03 d5 e3 b0 f1 15 49 91 74 67 9e 90 84 00 00 00 03 23 9e 00 00 03 2c aa c0 f4 84 7d 50 b3 fd fd c8 04 64 80",""
1736,8185,"PACKET","IN",207,45,"PlayerSync","id=207 bytes=45","cf 27 00 c3 7f f6 ff c0 00 2e e5 26 b0 c5 88 89 d1 7b 67 1f 10 80 00 00 00 01 37 e6 80 00 01 f6 1e b8 f4 bb 1b d0 53 fd fd c8 04 e8 80",""
1737,8210,"PACKET","IN",207,45,"PlayerSync","id=207 bytes=45","cf 4d 00 86 80 60 7f c0 00 27 97 a3 70 c2 08 49 91 59 a8 de 90 84 00 00 00 03 76 68 80 00 00 df 2f 10 f7 5c 13 76 8b fd fd a5 04 04 80",""
1738,8210,"PACKET","IN",207,45,"PlayerSync","id=207 bytes=45","cf 4f 00 fd ff e0 7f c0 00 26 5a a3 b0 ef 14 c9 91 5a a8 5e 90 84 00 00 00 02 03 9e 00 00 03 c7 f6 f8 f6 64 74 88 bb fd fd c8 04 64 80",""
1739,8236,"RPC","IN",99,42,"MoveObject","id=99 bytes=42","a0 00 f8 e3 a1 c3 d7 9b 26 45 53 c5 7d 42 f8 e3 a1 c3 d7 9b 26 45 ed 5e 7b 42 00 00 80 3e 00 00 00 00 00 00 00 00 08 cc 84 43",""
1740,8236,"RPC","IN",122,2,"StopObject","id=122 bytes=2","a0 00",""
1741,8236,"RPC","IN",99,42,"MoveObject","id=99 bytes=42","a0 00 f8 e3 a1 c3 d7 9b 26 45 53 c5 7d 42 f8 e3 a1 c3 d7 9b 26 45 53 c5 7d 42 00 00 80 3e 00 00 00 00 00 00 00 00 08 cc 84 43",""
1742,8236,"RPC","IN",122,2,"StopObject","id=122 bytes=2","a0 00",""
1743,8236,"RPC","IN",99,42,"MoveObject","id=99 bytes=42","a0 00 f8 e3 a1 c3 d7 9b 26 45 53 c5 7d 42 f8 e3 a1 c3 d7 9b 26 45 ed 5e 7b 42 00 00 80 3e 00 00 00 00 00 00 00 00 08 cc 84 43",""
1744,8236,"RPC","IN",122,2,"StopObject","id=122 bytes=2","a0 00",""
1745,8237,"RPC","IN",99,42,"MoveObject","id=99 bytes=42","a0 00 f8 e3 a1 c3 d7 9b 26 45 53 c5 7d 42 f8 e3 a1 c3 d7 9b 26 45 53 c5 7d 42 00 00 80 3e 00 00 00 00 00 00 00 00 08 cc 84 43",""
1746,8237,"RPC","IN",122,2,"StopObject","id=122 bytes=2","a0 00",""
1747,8237,"RPC","IN",99,42,"MoveObject","id=99 bytes=42","a0 00 f8 e3 a1 c3 d7 9b 26 45 53 c5 7d 42 f8 e3 a1 c3 d7 9b 26 45 ed 5e 7b 42 00 00 80 3e 00 00 00 00 00 00 00 00 08 cc 84 43",""
1748,8237,"RPC","IN",122,2,"StopObject","id=122 bytes=2","a0 00",""
1749,8237,"RPC","IN",99,42,"MoveObject","id=99 bytes=42","a0 00 f8 e3 a1 c3 d7 9b 26 45 53 c5 7d 42 f8 e3 a1 c3 d7 9b 26 45 53 c5 7d 42 00 00 80 3e 00 00 00 00 00 00 00 00 08 cc 84 43",""
1750,8237,"RPC","IN",122,2,"StopObject","id=122 bytes=2","a0 00",""
1751,8237,"RPC","IN",99,42,"MoveObject","id=99 bytes=42","a0 00 f8 e3 a1 c3 d7 9b 26 45 53 c5 7d 42 f8 e3 a1 c3 d7 9b 26 45 ed 5e 7b 42 00 00 80 3e 00 00 00 00 00 00 00 00 08 cc 84 43",""
1752,8237,"RPC","IN",122,2,"StopObject","id=122 bytes=2","a0 00",""
1753,8237,"RPC","IN",99,42,"MoveObject","id=99 bytes=42","a0 00 f8 e3 a1 c3 d7 9b 26 45 53 c5 7d 42 f8 e3 a1 c3 d7 9b 26 45 53 c5 7d 42 00 00 80 3e 00 00 00 00 00 00 00 00 08 cc 84 43",""
1754,8237,"RPC","IN",122,2,"StopObject","id=122 bytes=2","a0 00",""
1755,8237,"RPC","IN",99,42,"MoveObject","id=99 bytes=42","a0 00 f8 e3 a1 c3 d7 9b 26 45 53 c5 7d 42 f8 e3 a1 c3 d7 9b 26 45 ed 5e 7b 42 00 00 80 3e 00 00 00 00 00 00 00 00 08 cc 84 43",""
1756,8237,"RPC","IN",122,2,"StopObject","id=122 bytes=2","a0 00",""
1757,8237,"RPC","IN",99,42,"MoveObject","id=99 bytes=42","a0 00 f8 e3 a1 c3 d7 9b 26 45 53 c5 7d 42 f8 e3 a1 c3 d7 9b 26 45 53 c5 7d 42 00 00 80 3e 00 00 00 00 00 00 00 00 08 cc 84 43",""
1758,8238,"PACKET","IN",207,41,"PlayerSync","id=207 bytes=41","cf 1a 00 00 00 0d 41 6c 70 dc 44 c9 d1 45 41 a0 50 84 00 00 00 02 cb fd 80 00 03 73 53 b0 f1 06 2d f8 03 fd fd a5 04 04 80",""
1759,8238,"PACKET","IN",207,45,"PlayerSync","id=207 bytes=45","cf 4f 00 fd ff e0 7f c0 00 01 df 63 b0 f5 d4 49 91 76 a8 de 90 84 00 00 00 01 67 9e 00 00 00 38 7a f8 f4 b4 76 94 bb fd fd c8 04 64 80",""
1760,8238,"PACKET","IN",200,44,"VehicleSync","id=200 bytes=44","c8 55 00 46 00 1b 00 00 00 08 00 7f 80 2d a0 11 6a 3b a1 c9 8c 32 2d 22 44 53 18 c7 b4 2f f4 6f 53 e8 70 22 d9 9a 38 2d 50 3f 00 00",""
1761,8261,"PACKET","IN",207,35,"PlayerSync","id=207 bytes=35","cf 54 00 00 00 05 77 63 70 c5 21 c9 91 65 24 1e 90 80 00 00 00 00 12 8e c0 00 00 00 00 00 01 a5 04 04 80",""
1762,8262,"PACKET","IN",207,35,"PlayerSync","id=207 bytes=35","cf 63 00 00 00 35 23 63 70 dd 23 09 91 54 21 9e 90 80 00 00 00 02 22 63 80 00 00 00 00 00 01 28 00 04 11",""
1763,8286,"PACKET","IN",207,45,"PlayerSync","id=207 bytes=45","cf 27 00 c8 ff f0 7f c0 00 19 60 a6 b0 f3 47 09 d1 7b 67 1f 10 80 00 00 00 00 df f2 80 00 00 40 1a e0 f4 ca ba 80 23 fd fd c8 04 e8 80",""
1764,8287,"PACKET","IN",207,45,"PlayerSync","id=207 bytes=45","cf 4d 00 86 80 60 7f c0 00 30 a2 23 70 e1 88 89 91 4c 29 9e 90 84 00 00 00 02 72 64 80 00 02 6f fa e4 f7 f8 11 a2 8f fd fd a5 04 04 80",""
1765,8287,"PACKET","IN",207,45,"PlayerSync","id=207 bytes=45","cf 27 00 cb 7f ee bf c0 00 22 1f a6 b0 dd 06 c9 d1 7b 67 1f 10 80 00 00 00 02 c3 f2 80 00 00 b8 ce bc f4 ae ae 00 1f fd fd c8 04 e8 80",""
1766,8287,"PACKET","IN",207,45,"PlayerSync","id=207 bytes=45","cf 4f 00 fd ff e0 7f c0 00 0e 63 23 b0 d2 54 09 91 77 29 5e 90 84 00 00 00 01 13 9e 00 00 02 51 ea d4 f7 cc 73 ac bb fd fd c8 04 64 80",""
1767,8287,"PACKET","IN",207,35,"PlayerSync","id=207 bytes=35","cf 60 00 00 00 35 55 ea b0 d6 1c 89 d1 7c 99 df 50 80 00 00 00 00 00 01 c0 00 00 00 00 00 01 fb 04 04 80",""
1768,8287,"PACKET","IN",207,41,"PlayerSync","id=207 bytes=41","cf 1a 00 00 00 32 81 ec 70 cb 84 89 d1 6a 82 60 50 84 00 00 00 00 cb cd 80 00 01 77 19 b4 f1 f1 14 9c 3b fd fd a5 04 04 80",""
1769,8311,"PACKET","IN",207,45,"PlayerSync","id=207 bytes=45","cf 4f 00 fd ff e0 7f c0 00 3c a6 e3 b0 eb 93 89 91 7b a9 de 90 84 00 00 00 00 d7 9e 00 00 03 a3 ea c8 f7 54 70 44 bf fd fd c8 04 64 80",""
1770,8311,"PACKET","IN",207,35,"PlayerSync","id=207 bytes=35","cf 7c 00 00 00 35 a2 e2 70 da 28 89 91 5f 9d de 90 80 00 00 00 01 98 6a 40 00 00 00 00 00 01 28 00 04 11",""
1771,8338,"PACKET","IN",207,43,"PlayerSync","id=207 bytes=43","cf 1a 00 41 40 00 00 1d 42 6c 70 f9 84 49 d1 75 c2 a0 50 84 00 00 00 01 bb b9 80 00 00 49 a2 e4 ec 38 d3 d4 63 fd fd f5 04 04 80",""
1772,8339,"PACKET","IN",207,45,"PlayerSync","id=207 bytes=45","cf 4f 00 fd 7f e0 7f c0 00 2a 6a 63 b0 d2 53 49 91 6f 6a 5e 90 84 00 00 00 03 03 96 00 00 03 07 d6 d0 f6 f8 70 b0 bf fd fd c8 04 64 80",""
1773,8339,"PACKET","OUT",207,69,"PlayerSync","id=207 bytes=69","cf 00 00 00 00 00 00 73 61 95 c3 e9 46 26 45 82 99 7b 42 03 3f bf 3e 00 00 00 00 00 00 00 00 71 78 6d 3f 64 00 04 00 00 00 00 00 00 00 00 00 00 00 00 00 00 00 00 00 00 00 00 00 00 00 00 00 00 00 a5 04 04 80",""
1774,8368,"PACKET","IN",207,45,"PlayerSync","id=207 bytes=45","cf 4d 00 86 00 60 7f c0 00 12 ec e3 70 c6 49 09 91 7e 2a 1e 90 84 00 00 00 01 aa 64 80 00 02 43 fa cc f5 98 17 26 93 fd fd a5 04 04 80",""
1775,8368,"PACKET","IN",207,45,"PlayerSync","id=207 bytes=45","cf 1a 00 87 80 43 40 00 00 1d 83 ac 70 d2 84 49 d1 78 03 60 50 84 00 00 00 03 3f 89 80 00 00 2e 6c 14 f5 d4 7f d0 af fd fd c8 04 04 80",""
1776,8368,"PACKET","IN",207,45,"PlayerSync","id=207 bytes=45","cf 27 00 d4 7f e9 3f c0 00 21 9c a6 b0 f9 c5 49 d1 7b 67 1f 10 80 00 00 00 01 6b fa 80 00 00 dd 66 9c f6 02 7a c0 0f fd fd c8 04 e8 80",""
1777,8368,"PACKET","IN",200,44,"VehicleSync","id=200 bytes=44","c8 55 00 46 00 35 00 00 00 08 00 71 a0 37 f0 1b 6a 09 b1 59 9c 31 4d 92 44 55 eb 67 b4 23 5e ff 93 e9 20 3e 79 da 78 2d 50 3f 00 00",""
1778,8368,"PACKET","IN",207,35,"PlayerSync","id=207 bytes=35","cf 5b 00 00 00 0e fc 66 b0 e8 7d 89 91 7b 67 1f 10 84 00 00 00 01 0a e2 00 00 00 00 00 00 01 a5 04 e8 80",""
1779,8393,"PACKET","IN",207,35,"PlayerSync","id=207 bytes=35","cf 0b 00 00 00 26 cb 68 30 e8 bd c9 91 7b 67 1f 10 84 00 00 00 02 2e 5f c0 00 00 00 00 00 01 28 00 04 11",""
1780,8394,"PACKET","IN",203,34,"AimSync","id=203 bytes=34","cb 0b 00 04 85 70 32 bf da 83 34 bf eb 3e 05 3e 91 f5 9e c3 19 1f 27 45 41 31 7d 42 00 00 00 00 3f 36",""
1781,8394,"PACKET","IN",207,45,"PlayerSync","id=207 bytes=45","cf 1a 00 89 00 43 80 00 00 15 44 6c 70 c2 84 49 d1 5a 03 e0 50 84 00 00 00 03 e7 6d 80 00 02 7e 68 14 f7 4c 58 28 df fd fd c8 04 04 80",""
1782,8394,"PACKET","IN",207,45,"PlayerSync","id=207 bytes=45","cf 27 00 d5 ff e8 7f c0 00 28 9c 26 b0 f8 45 09 d1 7b 67 1f 10 80 00 00 00 01 eb fa 80 00 03 77 32 98 f7 02 71 14 0f fd fd c8 04 e8 80",""
1783,8395,"PACKET","IN",207,45,"PlayerSync","id=207 bytes=45","cf 4f 00 fd 7f e0 7f c0 00 17 ed e3 b0 fd 92 c9 91 60 ea de 90 84 00 00 00 02 9b 8a 00 00 01 94 be d4 f6 a8 6b 30 c7 fd fd c8 04 64 80",""
1784,8395,"PACKET","OUT",205,9,"UNKNOWN_PACKET","id=205 bytes=9","cd b8 4a 04 00 00 00 00 00",""
1785,8410,"PACKET","OUT",203,32,"AimSync","id=203 bytes=32","cb 00 00 00 39 05 00 00 00 00 00 00 00 00 00 00 00 40 01 00 00 00 80 3f 00 00 f3 04 b5 3f 39 05",""
1786,8428,"PACKET","IN",207,45,"PlayerSync","id=207 bytes=45","cf 1a 00 8b 80 44 00 00 00 1a 05 2c 70 f5 44 09 d1 7a 84 20 50 84 00 00 00 01 e3 51 80 00 00 7e 7c 14 f5 ec 3f e5 0b fd fd c8 04 04 80",""
1787,8428,"PACKET","IN",207,45,"PlayerSync","id=207 bytes=45","cf 4d 00 85 80 60 7f c0 00 24 f4 a3 70 d0 49 49 91 41 2a de 90 84 00 00 00 02 5a 64 80 00 02 1b 2e 98 f5 38 15 de 93 fd fd a5 04 04 80",""
1788,8428,"PACKET","IN",200,44,"VehicleSync","id=200 bytes=44","c8 55 00 46 00 44 00 00 00 08 00 7b d0 36 90 0c d9 b8 70 99 ac 37 ee 12 44 58 2e 07 b4 22 9d cf d3 e6 40 5a 9a 4a a8 2d 50 3f 00 00",""
1789,8429,"PACKET","IN",207,35,"PlayerSync","id=207 bytes=35","cf 1c 00 00 00 2d 1d 28 30 f6 cc c9 d1 7b 67 1f 10 84 00 00 00 00 65 93 00 00 00 00 00 00 01 28 00 04 11",""
1790,8429,"PACKET","IN",207,35,"PlayerSync","id=207 bytes=35","cf 76 00 00 00 0e 87 a2 f0 c1 28 c9 91 5a 1c 1e 90 84 00 00 00 03 6c 9f 40 00 00 00 00 00 01 28 00 04 11",""
1791,8429,"PACKET","IN",207,45,"PlayerSync","id=207 bytes=45","cf 1a 00 8d 00 44 00 00 00 29 45 ec 70 ea c4 09 d1 59 04 a0 50 84 00 00 00 02 a3 49 80 00 01 12 a0 14 f5 ec 26 99 3f fd fd c8 04 04 80",""
1792,8429,"PACKET","IN",207,45,"PlayerSync","id=207 bytes=45","cf 4f 00 fd 7f e0 7f c0 00 0f 32 e3 b0 d0 12 89 91 7f 2b 5e 90 84 00 00 00 02 2f 7a 00 00 01 7a 3e b8 f6 84 59 4c df fd fd c8 04 64 80",""
1793,8429,"RPC","IN",105,7,"TextDrawSetString","id=105 bytes=7","26 08 03 00 31 30 30",""
1794,8429,"RPC","IN",105,5,"TextDrawSetString","id=105 bytes=5","27 08 01 00 30",""
1795,8430,"RPC","IN",105,6,"TextDrawSetString","id=105 bytes=6","28 08 02 00 34 38",""
1796,8430,"RPC","IN",105,5,"TextDrawSetString","id=105 bytes=5","29 08 01 00 37",""
1797,8430,"RPC","IN",105,7,"TextDrawSetString","id=105 bytes=7","2a 08 03 00 31 30 30",""
1798,8455,"PACKET","IN",207,35,"PlayerSync","id=207 bytes=35","cf 97 00 00 00 3d e7 a8 30 e5 89 c9 d1 7b 67 1f 10 84 00 00 00 00 0f 03 e8 00 00 00 00 00 01 28 00 04 11",""
1799,8456,"RPC","IN",87,2,"ClearPlayerAnimation","id=87 bytes=2","3d 00",""
1800,8456,"RPC","IN",86,29,"ApplyPlayerAnimation","id=86 bytes=29","3d 00 05 43 41 52 52 59 0b 63 72 72 79 5f 70 72 74 69 61 6c 33 33 83 40 00 00 00 00 00",""
1801,8456,"PACKET","IN",207,35,"PlayerSync","id=207 bytes=35","cf 7e 00 00 00 1f 9c a8 30 f1 83 0a 91 40 30 1e 90 80 00 00 00 02 17 b3 94 00 00 00 00 00 01 a5 04 04 80",""
1802,8457,"PACKET","IN",207,41,"PlayerSync","id=207 bytes=41","cf 1a 00 00 00 3a 46 ac 70 e0 c4 09 d1 77 04 e0 50 84 00 00 00 02 a3 49 80 00 03 e2 a8 14 f5 34 22 95 4b fd fd a5 04 04 80",""
1803,8482,"PACKET","IN",207,45,"PlayerSync","id=207 bytes=45","cf 27 00 df ff e4 bf c0 00 1d 19 e6 b0 c7 43 c9 d1 7b 67 1f 10 80 00 00 00 02 4b fe 80 00 01 85 9a c0 f5 ee 57 40 07 fd fd c8 04 e8 80",""
1804,8482,"PACKET","IN",203,34,"AimSync","id=203 bytes=34","cb 27 00 04 49 2c bf be b4 fc 45 bf 66 26 03 bf cd c3 99 c3 d8 3d 27 45 f0 16 83 42 00 00 00 00 3f 27",""
1805,8482,"PACKET","IN",207,45,"PlayerSync","id=207 bytes=45","cf 4d 00 85 80 60 7f c0 00 09 bd e3 70 e6 c9 89 91 5a 6b 5e 90 84 00 00 00 03 4e 60 80 00 00 85 96 90 f5 60 16 6e 93 fd fd a5 04 04 80",""
1806,8483,"PACKET","IN",203,34,"AimSync","id=203 bytes=34","cb 4d 00 04 cf 51 77 bf aa 94 49 3e 7b 15 2b be 3c 4d 8c c3 69 1b 26 45 11 36 7f 42 00 00 00 00 3f 48",""
1807,8483,"PACKET","IN",207,45,"PlayerSync","id=207 bytes=45","cf 4f 00 fd 7f e0 7f c0 00 20 f7 a3 b0 f4 52 09 91 51 ac 1e 90 84 00 00 00 01 47 66 00 00 00 8a ca 84 f4 04 4a 20 fb fd fd c8 04 64 80",""
1808,8483,"PACKET","IN",200,44,"VehicleSync","id=200 bytes=44","c8 55 00 46 00 00 00 00 00 08 00 5a 30 40 20 1a 99 50 bf 99 ac 39 ce b2 44 5d 80 a7 c4 29 5f 80 03 f7 30 7f 2a ab 18 2d 50 3f 00 00",""
1809,8527,"PACKET","IN",207,45,"PlayerSync","id=207 bytes=45","cf 4d 00 85 00 60 7f c0 00 20 c1 63 b0 c9 49 c9 91 56 6b 9e 90 84 00 00 00 01 8a 64 80 00 03 23 fa 6c f5 c0 17 a6 93 fd fd a5 04 04 80",""
1810,8553,"PACKET","IN",207,41,"PlayerSync","id=207 bytes=41","cf 1a 00 00 00 0c 0a 2c 70 f8 83 c9 d1 74 06 60 50 84 00 00 00 02 a3 49 80 00 02 96 83 44 f1 34 22 95 4b fd fd a5 04 04 80",""
1811,8553,"PACKET","IN",207,45,"PlayerSync","id=207 bytes=45","cf 4f 00 fc ff e0 7f c0 00 31 bd 23 b0 dc d1 c9 91 71 ac 9e 90 84 00 00 00 02 ff 4e 00 00 01 8f ce 78 f4 8c 36 09 1f fd fd c8 04 64 80",""
1812,8553,"PACKET","IN",207,35,"PlayerSync","id=207 bytes=35","cf 02 00 00 00 2d a2 e3 70 ee 9a 89 91 77 a3 1e 90 80 00 00 00 00 8a aa c0 00 00 00 00 00 01 28 00 04 11",""
1813,8553,"PACKET","IN",200,44,"VehicleSync","id=200 bytes=44","c8 55 00 46 00 00 00 00 00 08 00 53 00 58 90 1e 89 11 9c e9 bc 39 3f 52 44 58 83 17 c4 2a f3 60 33 f8 30 8d 2a db c8 2d 50 3f 00 00",""
1814,8583,"PACKET","IN",207,35,"PlayerSync","id=207 bytes=35","cf 3d 00 00 00 32 67 a8 30 d0 79 49 91 7b 67 1f 10 84 00 00 00 00 e6 f1 c0 00 00 00 00 00 01 a5 04 e8 80",""
1815,8583,"PACKET","IN",207,45,"PlayerSync","id=207 bytes=45","cf 27 00 e8 7f e2 bf c2 00 2f 58 a6 b0 f7 02 09 d1 7b 67 1f 10 80 00 00 00 03 af fe 80 00 03 98 c7 00 f4 ae 21 08 03 fd fd e9 04 02 80",""
1816,8584,"PACKET","IN",207,45,"PlayerSync","id=207 bytes=45","cf 4f 00 fc ff e0 7f c0 00 09 44 e3 f0 fc 91 49 91 41 6d 9e 90 84 00 00 00 03 57 32 00 00 00 d1 96 d4 f7 fc 23 65 43 fd fd c8 04 64 80",""
1817,8584,"PACKET","IN",203,34,"AimSync","id=203 bytes=34","cb 4f 00 04 53 54 78 bf 1a d2 04 be 59 5e 52 be 9a ef 8d c3 a1 4a 26 45 80 08 7f 42 00 00 00 00 3f 26",""
1818,8584,"PACKET","IN",207,45,"PlayerSync","id=207 bytes=45","cf 27 00 ea ff e2 3f c2 00 0a 18 a6 b0 d8 41 c9 d1 7b 67 1f 10 80 00 00 00 03 ef fe 80 00 01 d1 77 20 f5 32 18 9c 03 fd fd e9 04 02 80",""
1819,8610,"PACKET","IN",207,41,"PlayerSync","id=207 bytes=41","cf 1a 00 00 00 28 8c 2c 70 df 03 c9 d1 66 87 60 50 84 00 00 00 02 a3 49 80 00 01 f6 a1 70 f1 34 22 95 4b fd fd a5 04 04 80",""
1820,8611,"PACKET","IN",207,35,"PlayerSync","id=207 bytes=35","cf 46 00 00 00 2c 6b a2 f0 e4 28 c9 91 41 1d de 90 80 00 00 00 00 00 03 c0 00 00 00 00 00 01 28 00 04 11",""
1821,8611,"PACKET","IN",207,45,"PlayerSync","id=207 bytes=45","cf 4d 00 84 80 60 7f c0 00 23 10 e3 b0 dd 4a 49 91 59 ac 9e 90 84 00 00 00 01 0e 64 80 00 03 95 a6 d4 f5 e8 14 32 97 fd fd a5 04 04 80",""
1822,8611,"PACKET","IN",207,45,"PlayerSync","id=207 bytes=45","cf 4f 00 fd 7f e0 7f c0 00 00 09 e3 f0 ce 11 49 91 41 2e 1e 90 84 00 00 00 02 43 12 00 00 01 a9 62 e8 f4 8c 14 65 73 fd fd c8 04 64 80",""
1823,8611,"PACKET","IN",207,35,"PlayerSync","id=207 bytes=35","cf 70 00 00 00 2a a3 e3 70 fe e5 c9 91 41 e3 5e 90 80 00 00 00 03 5b 53 00 00 00 00 00 00 01 28 00 04 11",""
1824,8611,"PACKET","IN",203,34,"AimSync","id=203 bytes=34","cb 70 00 04 98 b7 5e 3f 2e d0 b9 bd 4f 24 f8 be 42 90 8e c3 53 9b 26 45 74 b5 80 42 00 00 00 00 3f c6",""
1825,8658,"PACKET","IN",207,45,"PlayerSync","id=207 bytes=45","cf 4f 00 fd 7f e0 7f c0 00 1e 8f 23 f0 ee d1 09 91 42 6e 9e 90 84 00 00 00 03 b2 fa 00 00 02 c9 de c4 f4 48 08 41 a7 fd fd c8 04 64 80",""
1826,8658,"PACKET","IN",207,35,"PlayerSync","id=207 bytes=35","cf 92 00 00 00 14 4a a3 30 e1 99 49 91 6d 1f 1e 90 84 00 00 00 02 9b 21 c0 00 00 00 00 00 01 a5 04 04 80",""
1827,8685,"PACKET","IN",207,45,"PlayerSync","id=207 bytes=45","cf 27 00 ed 7f e1 bf c2 00 23 98 26 b0 d1 40 09 d1 7b 67 1f 10 80 00 00 00 03 bf fe 80 00 02 3d ca f8 f6 f6 10 58 03 fd fd e9 04 02 80",""
1828,8686,"PACKET","IN",207,35,"PlayerSync","id=207 bytes=35","cf 1a 00 00 00 3d cc 2c 70 de 03 c9 d1 70 07 60 50 84 00 00 00 02 a3 49 80 00 00 00 00 00 01 a5 04 04 80",""
1829,8686,"PACKET","IN",207,45,"PlayerSync","id=207 bytes=45","cf 27 00 ed 7f e1 bf c2 00 07 18 26 b0 c0 7f c9 91 7b 67 1f 10 80 00 00 00 03 a3 fe 80 00 00 13 6b 00 f6 9a 14 7c 03 fd fd e9 04 02 80",""
1830,8686,"PACKET","IN",207,45,"PlayerSync","id=207 bytes=45","cf 4f 00 fe 7f e0 7f c0 00 3f d4 63 f0 db 51 09 91 4a 6e de 90 84 00 00 00 00 52 e2 00 00 00 1a 4a a0 f7 3c 02 6d c7 fd fd c8 04 64 80",""
1831,8710,"PACKET","IN",207,35,"PlayerSync","id=207 bytes=35","cf 38 00 00 00 38 e7 6a b0 fe 9e 89 d1 5f 5d 5f 50 80 00 00 00 02 eb b3 7c 00 00 00 00 00 01 a2 04 04 80",""
1832,8711,"PACKET","IN",203,34,"AimSync","id=203 bytes=34","cb 38 00 04 e7 2c 31 bf 92 99 2f bf 87 1d 66 be 94 cf a9 c3 8a 94 27 45 e8 f9 80 42 00 00 00 00 3f c6",""
1833,8711,"PACKET","IN",207,45,"PlayerSync","id=207 bytes=45","cf 4d 00 84 80 60 7f c0 00 12 9a e3 b0 fb ca 89 91 7f ad 1e 90 84 00 00 00 02 9a 60 80 00 02 af fa 9c f5 9c 17 36 93 fd fd a5 04 04 80",""
1834,8711,"PACKET","IN",207,35,"PlayerSync","id=207 bytes=35","cf 85 00 00 00 2a 16 e5 b0 ef 3f 89 91 6c 24 9f 10 80 00 00 00 00 ab 25 80 00 00 00 00 00 01 28 00 04 11",""
1835,8711,"PACKET","IN",203,34,"AimSync","id=203 bytes=34","cb 85 00 04 a7 24 39 3f 69 69 1f 3f bc ea 98 be 77 25 97 c3 05 e9 26 45 e2 c9 80 42 00 00 00 00 3f c6",""
1836,8736,"PACKET","IN",207,35,"PlayerSync","id=207 bytes=35","cf 1f 00 00 00 26 a3 e3 70 c2 1d 89 91 42 a3 5e 90 80 00 00 00 02 c2 27 00 00 00 00 00 00 01 28 00 04 11",""
1837,8736,"PACKET","IN",207,45,"PlayerSync","id=207 bytes=45","cf 27 00 ed ff e1 bf c2 00 28 17 e6 b0 f6 7f 49 91 7b 67 1f 10 80 00 00 00 03 9f fe 80 00 03 39 87 0c f6 e2 18 b4 03 fd fd e9 04 02 80",""
1838,8736,"PACKET","IN",207,45,"PlayerSync","id=207 bytes=45","cf 27 00 ed ff e1 bf c2 00 05 17 e6 b0 e4 ff 09 91 7b 67 1f 10 80 00 00 00 03 83 fe 80 00 00 9c 53 1c f7 62 18 b8 03 fd fd e9 04 02 80",""
1839,8736,"PACKET","IN",207,35,"PlayerSync","id=207 bytes=35","cf 51 00 00 00 1b 0a e3 30 cf a8 49 91 58 dd 9e 90 84 00 00 00 01 37 17 c0 00 00 00 00 00 01 28 00 04 11",""
1840,8767,"PACKET","IN",207,45,"PlayerSync","id=207 bytes=45","cf 27 00 ed ff e1 bf c2 00 1e 57 a6 b0 d5 7e c9 91 7b 67 1f 10 80 00 00 00 03 63 fe 80 00 01 f3 1f 24 f7 16 1c f0 03 fd fd e9 04 02 80",""
1841,8769,"PACKET","IN",207,45,"PlayerSync","id=207 bytes=45","cf 4f 00 fe 7f e0 7f c0 00 07 19 63 f0 d6 11 09 91 7c ae de 90 84 00 00 00 00 de ce 00 00 01 2a fe 9c f4 4c 02 81 ef fd fd c8 04 64 80",""
1842,8769,"PACKET","IN",200,44,"VehicleSync","id=200 bytes=44","c8 55 00 46 00 00 00 00 00 08 00 73 60 45 60 00 78 f8 9b e9 dc 38 f0 e2 54 51 f8 e7 c4 2a 81 90 83 fa 90 9b 3b 0c 68 2d 50 3f 00 00",""
1843,8770,"PACKET","IN",203,34,"AimSync","id=203 bytes=34","cb 55 00 12 52 fd 69 bf 6b fe 84 3e 9c 89 9f be d4 f3 9a c3 14 f6 24 45 5c cf 85 42 00 00 00 00 03 44",""
1844,8770,"PACKET","IN",207,35,"PlayerSync","id=207 bytes=35","cf 53 00 00 00 23 e6 e8 30 e9 d8 09 d1 7a e7 1f 10 84 00 00 00 02 ba 42 c0 00 00 00 00 00 01 a5 04 04 80",""
1845,8770,"PACKET","IN",207,45,"PlayerSync","id=207 bytes=45","cf 4d 00 84 80 60 7f c0 00 17 a3 e3 b0 d3 cb 09 91 55 ad de 90 84 00 00 00 00 76 60 80 00 00 91 96 78 f6 74 15 fa 97 fd fd a5 04 04 80",""
1846,8770,"PACKET","IN",207,45,"PlayerSync","id=207 bytes=45","cf 4f 00 fe 7f e0 7f c0 00 20 de a3 f0 d9 91 09 91 70 af 1e 90 84 00 00 00 03 1a b2 00 00 02 f1 0a a8 f4 18 02 1e 0b fd fd c8 04 64 80",""
1847,8794,"PACKET","IN",207,45,"PlayerSync","id=207 bytes=45","cf 27 00 ee 7f e1 bf c2 00 00 97 66 b0 e9 fe 09 91 7b 67 1f 10 80 00 00 00 03 3f fe 80 00 01 05 9b 40 f6 be 21 2c 03 fd fd e9 04 02 80",""
1848,8795,"PACKET","IN",200,44,"VehicleSync","id=200 bytes=44","c8 55 00 46 00 00 00 00 00 08 00 72 60 3d d0 1b 58 e0 aa 69 ec 38 c1 a2 54 59 2b 97 c4 2f 54 a0 a3 fc 80 90 0b 1c 68 2d 50 3f 00 00",""
1849,8819,"PACKET","IN",207,35,"PlayerSync","id=207 bytes=35","cf 2d 00 00 00 3c 58 68 30 c1 50 49 d1 7b 67 1f 10 84 00 00 00 02 aa b3 c0 00 00 00 00 00 01 28 00 04 11",""
1850,8820,"PACKET","IN",203,34,"AimSync","id=203 bytes=34","cb 2d 00 04 22 7f b3 bd 25 34 7a bf 47 35 45 3e d8 40 a0 c3 28 6f 27 45 71 bd 7c 42 00 00 00 00 3f 28",""
1851,8820,"PACKET","IN",207,45,"PlayerSync","id=207 bytes=45","cf 4f 00 fe ff e0 7f c0 00 34 22 63 f0 e4 91 09 91 51 6f 5e 90 84 00 00 00 01 16 92 00 00 00 05 9a c0 f6 04 01 8e 2f fd fd c8 04 64 80",""
1852,8850,"RPC","IN",137,17,"ServerJoin","id=137 bytes=17","9a 00 00 00 00 00 00 09 63 65 63 69 6c 73 77 61 67",""
1853,8850,"RPC","IN",72,6,"SetPlayerColor","id=72 bytes=6","9a 00 ff 83 7f 7f",""
1854,8850,"PACKET","IN",207,35,"PlayerSync","id=207 bytes=35","cf 63 00 00 00 35 23 63 70 dd 23 09 91 54 21 9e 90 80 00 00 00 02 22 63 80 00 00 00 00 00 01 28 00 04 11",""
1855,8850,"PACKET","IN",207,35,"PlayerSync","id=207 bytes=35","cf 7c 00 00 00 35 a2 e2 70 da 28 89 91 5f 9d de 90 80 00 00 00 01 98 6a 40 00 00 00 00 00 01 28 00 04 11",""
1856,8850,"PACKET","IN",207,45,"PlayerSync","id=207 bytes=45","cf 4d 00 84 80 60 7f c0 00 2b 6c 23 b0 e6 4b 49 91 5f 2e 5e 90 84 00 00 00 02 72 5c 80 00 00 29 5a 68 f7 2c 14 4a 9b fd fd a5 04 04 80",""
1857,8850,"PACKET","IN",207,35,"PlayerSync","id=207 bytes=35","cf 60 00 00 00 35 55 ea b0 d6 1c 89 d1 7c 99 df 50 80 00 00 00 00 00 01 c0 00 00 00 00 00 01 fb 04 04 80",""
1858,8874,"PACKET","IN",207,35,"PlayerSync","id=207 bytes=35","cf 29 00 00 00 08 a6 a8 30 da 95 09 d1 7b 67 1f 10 84 00 00 00 00 88 e3 c0 00 00 00 00 00 01 a5 04 04 80",""
1859,8875,"PACKET","IN",203,34,"AimSync","id=203 bytes=34","cb 29 00 04 bc 2d 0f 3f 37 61 3b 3f e3 3e c7 be 64 5c a1 c3 a3 34 27 45 4f 9e 81 42 00 00 00 00 3f 06",""
1860,8875,"PACKET","IN",207,45,"PlayerSync","id=207 bytes=45","cf 4d 00 84 00 60 7f c0 00 04 ae 23 b0 f8 cb 49 91 7d ae 5e 90 84 00 00 00 01 3e 60 80 00 02 2b 2e 98 f7 58 14 d6 9b fd fd a5 04 04 80",""
1861,8875,"PACKET","IN",207,45,"PlayerSync","id=207 bytes=45","cf 4f 00 fe ff e0 7f c0 00 28 a8 a3 f0 c8 11 49 91 7d ef 5e 90 84 00 00 00 00 a2 7a 00 00 00 85 9a c0 f4 08 0a 56 5b fd fd c8 04 64 80",""
1862,8875,"PACKET","IN",200,44,"VehicleSync","id=200 bytes=44","c8 55 00 46 00 00 00 00 00 08 00 76 60 22 a0 39 38 ea 28 e9 fc 39 d2 62 54 56 fe 77 c4 2a 86 90 c3 fc 50 9f 3b 02 28 3d 50 3f 00 00",""
1863,8875,"RPC","IN",99,42,"MoveObject","id=99 bytes=42","a0 00 f8 e3 a1 c3 d7 9b 26 45 53 c5 7d 42 f8 e3 a1 c3 d7 9b 26 45 ed 5e 7b 42 00 00 80 3e 00 00 00 00 00 00 00 00 08 cc 84 43",""
1864,8875,"RPC","IN",122,2,"StopObject","id=122 bytes=2","a0 00",""
1865,8875,"RPC","IN",99,42,"MoveObject","id=99 bytes=42","a0 00 f8 e3 a1 c3 d7 9b 26 45 53 c5 7d 42 f8 e3 a1 c3 d7 9b 26 45 53 c5 7d 42 00 00 80 3e 00 00 00 00 00 00 00 00 08 cc 84 43",""
1866,8876,"RPC","IN",122,2,"StopObject","id=122 bytes=2","a0 00",""
1867,8876,"RPC","IN",99,42,"MoveObject","id=99 bytes=42","a0 00 f8 e3 a1 c3 d7 9b 26 45 53 c5 7d 42 f8 e3 a1 c3 d7 9b 26 45 ed 5e 7b 42 00 00 80 3e 00 00 00 00 00 00 00 00 08 cc 84 43",""
1868,8876,"RPC","IN",122,2,"StopObject","id=122 bytes=2","a0 00",""
1869,8876,"RPC","IN",99,42,"MoveObject","id=99 bytes=42","a0 00 f8 e3 a1 c3 d7 9b 26 45 53 c5 7d 42 f8 e3 a1 c3 d7 9b 26 45 53 c5 7d 42 00 00 80 3e 00 00 00 00 00 00 00 00 08 cc 84 43",""
1870,8876,"RPC","IN",122,2,"StopObject","id=122 bytes=2","a0 00",""
1871,8876,"RPC","IN",99,42,"MoveObject","id=99 bytes=42","a0 00 f8 e3 a1 c3 d7 9b 26 45 53 c5 7d 42 f8 e3 a1 c3 d7 9b 26 45 ed 5e 7b 42 00 00 80 3e 00 00 00 00 00 00 00 00 08 cc 84 43",""
1872,8876,"RPC","IN",122,2,"StopObject","id=122 bytes=2","a0 00",""
1873,8876,"RPC","IN",99,42,"MoveObject","id=99 bytes=42","a0 00 f8 e3 a1 c3 d7 9b 26 45 53 c5 7d 42 f8 e3 a1 c3 d7 9b 26 45 53 c5 7d 42 00 00 80 3e 00 00 00 00 00 00 00 00 08 cc 84 43",""
1874,8876,"RPC","IN",122,2,"StopObject","id=122 bytes=2","a0 00",""
1875,8876,"RPC","IN",99,42,"MoveObject","id=99 bytes=42","a0 00 f8 e3 a1 c3 d7 9b 26 45 53 c5 7d 42 f8 e3 a1 c3 d7 9b 26 45 ed 5e 7b 42 00 00 80 3e 00 00 00 00 00 00 00 00 08 cc 84 43",""
1876,8876,"RPC","IN",122,2,"StopObject","id=122 bytes=2","a0 00",""
1877,8876,"RPC","IN",99,42,"MoveObject","id=99 bytes=42","a0 00 f8 e3 a1 c3 d7 9b 26 45 53 c5 7d 42 f8 e3 a1 c3 d7 9b 26 45 53 c5 7d 42 00 00 80 3e 00 00 00 00 00 00 00 00 08 cc 84 43",""
1878,8876,"RPC","IN",122,2,"StopObject","id=122 bytes=2","a0 00",""
1879,8877,"RPC","IN",99,42,"MoveObject","id=99 bytes=42","a0 00 f8 e3 a1 c3 d7 9b 26 45 53 c5 7d 42 f8 e3 a1 c3 d7 9b 26 45 ed 5e 7b 42 00 00 80 3e 00 00 00 00 00 00 00 00 08 cc 84 43",""
1880,8877,"RPC","IN",122,2,"StopObject","id=122 bytes=2","a0 00",""
1881,8877,"RPC","IN",99,42,"MoveObject","id=99 bytes=42","a0 00 f8 e3 a1 c3 d7 9b 26 45 53 c5 7d 42 f8 e3 a1 c3 d7 9b 26 45 53 c5 7d 42 00 00 80 3e 00 00 00 00 00 00 00 00 08 cc 84 43",""
1882,8877,"PACKET","IN",207,45,"PlayerSync","id=207 bytes=45","cf 27 00 f0 7f e1 7f c2 00 1e 16 26 b0 f7 7c 49 91 7b 67 1f 10 80 00 00 00 03 33 fe 80 00 02 47 a7 70 f7 c2 29 dc 03 fd fd e9 04 02 80",""
1883,8877,"PACKET","IN",207,35,"PlayerSync","id=207 bytes=35","cf 54 00 00 00 05 77 63 70 c5 21 c9 91 65 24 1e 90 80 00 00 00 00 12 8e c0 00 00 00 00 00 01 a5 04 04 80",""
1884,8902,"PACKET","IN",207,45,"PlayerSync","id=207 bytes=45","cf 27 00 f0 ff e1 7f c2 00 1a 55 e6 b0 cb fc 09 91 7b 67 1f 10 80 00 00 00 03 33 fe 80 00 02 6e 5f 7c f4 1a 29 90 03 fd fd e9 04 02 80",""
1885,8902,"PACKET","OUT",207,69,"PlayerSync","id=207 bytes=69","cf 00 00 00 00 00 00 73 61 95 c3 e9 46 26 45 82 99 7b 42 03 3f bf 3e 00 00 00 00 00 00 00 00 71 78 6d 3f 64 00 04 00 00 00 00 00 00 00 00 00 00 00 00 00 00 00 00 00 00 00 00 00 00 00 00 00 00 00 a5 04 04 80",""
1886,8929,"PACKET","IN",207,45,"PlayerSync","id=207 bytes=45","cf 4f 00 ff 7f e0 7f c0 00 12 ae a3 f0 f6 11 49 91 62 6f 9e 90 84 00 00 00 02 7a 56 00 00 02 f7 02 b4 f6 88 0d 22 7b fd fd c8 04 64 80",""
1887,8929,"PACKET","IN",207,45,"PlayerSync","id=207 bytes=45","cf 4d 00 83 80 60 7f c0 00 22 36 63 b0 cb 0b c9 91 48 2f 1e 90 84 00 00 00 02 f2 60 80 00 03 ed f7 00 f6 b8 16 d2 97 fd fd a5 04 04 80",""
1888,8929,"PACKET","IN",200,44,"VehicleSync","id=200 bytes=44","c8 55 00 46 00 00 00 00 00 08 00 7c 20 2d d0 39 28 ef 68 1a 0c 32 53 32 54 58 51 e7 d4 2a 09 80 e3 fa 20 99 ab 05 a8 3d 50 3f 00 00",""
1889,8930,"RPC","IN",86,29,"ApplyPlayerAnimation","id=86 bytes=29","5b 00 09 50 4c 41 59 49 44 4c 45 53 07 73 74 72 65 74 63 68 33 33 93 40 60 00 00 00 00",""
1890,8936,"PACKET","OUT",203,32,"AimSync","id=203 bytes=32","cb 00 00 00 39 05 00 00 00 00 00 00 00 00 00 00 00 40 01 00 00 00 80 3f 00 00 f3 04 b5 3f 39 05",""
1891,8954,"RPC","IN",164,63,"WorldVehicleAdd","id=164 bytes=63","52 00 ad 01 00 00 0a a7 ac c3 29 3c 27 45 23 5c 85 42 00 c0 46 43 90 90 9a 41 e8 44 00 00 00 00 00 33 00 33 02 05 00 00 00 00 00 00 00 0b 00 00 00 00 00 00 00 00 00 ff ff ff ff ff ff ff ff",""
1892,8956,"RPC","IN",123,14,"SetVehicleNumberPlate","id=123 bytes=14","52 00 0b 42 4b 20 35 31 31 33 20 4b 4f 47",""
1893,8956,"RPC","IN",24,18,"SetVehicleParamsEx","id=24 bytes=18","52 00 00 ff ff 00 ff ff ff ff ff ff ff ff ff ff ff ff",""
1894,8956,"RPC","IN",32,50,"WorldPlayerAdd","id=32 bytes=50","49 00 ff b4 00 00 00 c7 eb 9a c3 14 02 27 45 ac 9c 7e 42 c8 e7 9f 41 ff ff ff ff 04 01 00 e8 03 e8 03 e8 03 01 00 e8 03 01 00 e8 03 e8 03 e8 03 2d 01",""
1895,8959,"PACKET","IN",207,45,"PlayerSync","id=207 bytes=45","cf 4f 00 ff 7f e0 7f c0 00 0b 74 a3 f0 f5 d1 89 91 7e af 9e 90 84 00 00 00 02 c6 36 00 00 00 e7 5e f0 f6 5c 1a 32 a3 fd fd c8 04 64 80",""
1896,8963,"PACKET","IN",207,35,"PlayerSync","id=207 bytes=35","cf 5b 00 00 00 0e fc 66 b0 e8 7d 89 91 7b 67 1f 10 84 00 00 00 01 0a e2 00 00 00 00 00 00 01 a5 04 e8 80",""
1897,8963,"PACKET","IN",207,45,"PlayerSync","id=207 bytes=45","cf 4d 00 83 00 60 7f c0 00 2c ba 63 b0 f2 0b c9 91 4b af 5e 90 84 00 00 00 01 c6 64 80 00 01 2b 2f 10 f5 b0 17 7a 93 fd fd a5 04 04 80",""
1898,8999,"PACKET","IN",207,35,"PlayerSync","id=207 bytes=35","cf 76 00 00 00 0e 87 a2 f0 c1 28 c9 91 5a 1c 1e 90 84 00 00 00 03 6c 9f 40 00 00 00 00 00 01 28 00 04 11",""
1899,8999,"PACKET","IN",207,35,"PlayerSync","id=207 bytes=35","cf 1c 00 00 00 2d 1d 28 30 f6 cc c9 d1 7b 67 1f 10 84 00 00 00 00 65 93 00 00 00 00 00 00 01 28 00 04 11",""
1900,8999,"PACKET","IN",207,45,"PlayerSync","id=207 bytes=45","cf 27 00 f3 7f e0 ff c0 00 04 54 66 b0 f7 b9 89 91 7b 67 1f 10 80 00 00 00 03 17 fe 80 00 03 c4 c7 88 f7 96 29 dc 03 fd fd e9 04 02 80",""
1901,8999,"PACKET","IN",207,45,"PlayerSync","id=207 bytes=45","cf 4d 00 82 80 60 7f c0 00 16 7d 63 b0 cd 4c 09 91 7c af 5e 90 84 00 00 00 00 4a 68 80 00 01 17 2f 10 f4 b0 14 1a 93 fd fd a5 04 04 80",""
1902,8999,"PACKET","IN",207,35,"PlayerSync","id=207 bytes=35","cf 49 00 00 00 31 fa e6 b0 c5 00 89 d1 6b 27 1f 90 84 00 00 00 01 b4 b3 80 00 00 00 00 00 01 a5 04 08 80",""
1903,9000,"PACKET","IN",207,45,"PlayerSync","id=207 bytes=45","cf 4f 00 ff 7f e0 7f c0 00 37 fa 63 f0 c5 52 09 91 52 af de 90 84 00 00 00 00 fe 22 00 00 00 07 ea fc f7 f4 26 4a c7 fd fd c8 04 64 80",""
1904,9000,"PACKET","IN",200,44,"VehicleSync","id=200 bytes=44","c8 55 00 46 00 00 00 00 00 08 00 78 f0 30 30 38 a8 e9 58 3a 1c 34 64 02 54 56 a5 d7 d4 27 ec f1 03 f7 60 92 8b 0a 58 3d 50 3f 00 00",""
1905,9000,"PACKET","IN",207,35,"PlayerSync","id=207 bytes=35","cf 97 00 00 00 3d e7 a8 30 e5 89 c9 d1 7b 67 1f 10 84 00 00 00 00 0f 03 e8 00 00 00 00 00 01 28 00 04 11",""
1906,9024,"PACKET","IN",207,35,"PlayerSync","id=207 bytes=35","cf 7e 00 00 00 1f 9c a8 30 f1 83 0a 91 40 30 1e 90 80 00 00 00 02 17 b3 94 00 00 00 00 00 01 a5 04 04 80",""
1907,9052,"PACKET","IN",207,45,"PlayerSync","id=207 bytes=45","cf 4d 00 82 00 60 7f c0 00 2d 86 23 f0 df 0c 49 91 51 b0 1e 90 84 00 00 00 01 e2 68 80 00 01 7b fa e4 f4 44 16 9e 8f fd fd a5 04 04 80",""
1908,9079,"PACKET","IN",207,45,"PlayerSync","id=207 bytes=45","cf 4f 00 ff 7f e0 7f c0 00 34 40 24 30 dd 92 49 91 60 af de 90 84 00 00 00 03 16 12 00 00 03 fd 92 d8 f6 98 31 ee df fd fd c8 04 64 80",""
1909,9080,"RPC","IN",87,2,"ClearPlayerAnimation","id=87 bytes=2","7c 00",""
1910,9080,"RPC","IN",86,29,"ApplyPlayerAnimation","id=86 bytes=29","7c 00 05 43 41 52 52 59 0b 63 72 72 79 5f 70 72 74 69 61 6c 33 33 83 40 00 00 00 00 00",""
1911,9080,"PACKET","IN",207,45,"PlayerSync","id=207 bytes=45","cf 27 00 f5 7f e0 ff c0 00 25 52 e6 b0 e6 f7 89 91 7b 67 1f 10 80 00 00 00 03 13 fe 80 00 03 46 b7 a8 f7 32 29 d0 03 fd fd c8 04 02 80",""
1912,9080,"PACKET","IN",207,45,"PlayerSync","id=207 bytes=45","cf 4d 00 81 80 60 7f c0 00 12 4a 63 f0 c4 8c 89 91 57 b0 5e 90 84 00 00 00 00 7a 6c 80 00 00 fa 62 dc f7 60 13 86 8b fd fd a5 04 04 80",""
1913,9106,"PACKET","IN",207,45,"PlayerSync","id=207 bytes=45","cf 27 00 f5 ff e0 bf c0 00 11 d2 a6 b0 ec 37 09 91 7b 67 1f 10 80 00 00 00 03 13 fe 80 00 00 08 03 d8 f7 4a 29 d4 03 fd fd c8 04 02 80",""
1914,9106,"PACKET","IN",207,35,"PlayerSync","id=207 bytes=35","cf 02 00 00 00 2d a2 e3 70 ee 9a 89 91 77 a3 1e 90 80 00 00 00 00 8a aa c0 00 00 00 00 00 01 28 00 04 11",""
1915,9106,"PACKET","IN",207,45,"PlayerSync","id=207 bytes=45","cf 4f 00 ff 7f e0 7f c0 00 2d c7 a4 30 da 12 c9 91 6d af de 90 84 00 00 00 00 66 02 00 00 03 5f 2e cc f5 ec 38 8a ef fd fd c8 04 64 80",""
1916,9106,"RPC","IN",105,19,"TextDrawSetString","id=105 bytes=19","2f 01 0f 00 30 39 20 41 67 75 73 74 75 73 20 32 30 32 36",""
1917,9106,"RPC","IN",105,12,"TextDrawSetString","id=105 bytes=12","30 01 08 00 31 32 3a 30 32 3a 34 31",""
1918,9130,"PACKET","IN",207,35,"PlayerSync","id=207 bytes=35","cf 3d 00 00 00 32 67 a8 30 d0 79 49 91 7b 67 1f 10 84 00 00 00 00 e6 f1 c0 00 00 00 00 00 01 a5 04 e8 80",""
1919,9130,"PACKET","IN",200,44,"VehicleSync","id=200 bytes=44","c8 55 00 46 00 00 00 00 00 08 00 7e 20 47 60 07 c8 e6 da 8a 2c 30 c4 f2 54 56 8a 27 d4 22 a2 a1 33 f5 30 9d 6a f5 d8 3d 50 3f 00 00",""
1920,9156,"PACKET","IN",207,35,"PlayerSync","id=207 bytes=35","cf 46 00 00 00 2c 6b a2 f0 e4 28 c9 91 41 1d de 90 80 00 00 00 00 00 03 c0 00 00 00 00 00 01 28 00 04 11",""
1921,9156,"PACKET","IN",207,35,"PlayerSync","id=207 bytes=35","cf 7c 00 00 00 35 a2 e2 70 da 28 89 91 5f 9d de 90 80 00 00 00 01 98 6a 40 00 00 00 00 00 01 fb 04 e8 80",""
1922,9156,"PACKET","IN",207,45,"PlayerSync","id=207 bytes=45","cf 4f 00 fd ff e0 7f c0 00 2a 0d 24 30 ff 53 09 91 72 af de 90 84 00 00 00 02 8d fe 00 00 03 77 fe d0 f4 58 47 96 ff fd fd c8 04 64 80",""
1923,9156,"PACKET","IN",207,35,"PlayerSync","id=207 bytes=35","cf 70 00 00 00 2a a3 e3 70 fe e5 c9 91 41 e3 5e 90 80 00 00 00 03 5b 53 00 00 00 00 00 00 01 28 00 04 11",""
1924,9182,"PACKET","IN",200,44,"VehicleSync","id=200 bytes=44","c8 55 00 46 00 00 00 00 00 08 00 53 80 63 20 26 c8 ef 49 8a 3c 32 05 b2 54 58 7d 67 d4 2c 56 b1 43 f4 80 9c 0a f2 58 3d 50 3f 00 00",""
1925,9182,"RPC","IN",87,2,"ClearPlayerAnimation","id=87 bytes=2","2d 00",""
1926,9183,"RPC","IN",86,29,"ApplyPlayerAnimation","id=86 bytes=29","2d 00 05 43 41 52 52 59 0b 63 72 72 79 5f 70 72 74 69 61 6c 33 33 83 40 00 00 00 00 00",""
1927,9183,"PACKET","IN",207,45,"PlayerSync","id=207 bytes=45","cf 27 00 f5 ff e0 bf c2 00 1f 90 e6 b0 c1 75 09 91 7b 67 1f 10 80 00 00 00 02 43 fe 80 00 01 bc d7 ec f4 6a 3b 1c 03 fd fd c8 04 02 80",""
1928,9206,"PACKET","IN",207,45,"PlayerSync","id=207 bytes=45","cf 27 00 f5 ff e0 bf c2 00 39 90 66 b0 d4 34 89 91 7b 67 1f 10 80 00 00 00 02 1b fe 80 00 03 3f 33 e8 f7 62 3b 74 03 fd fd c8 04 02 80",""
1929,9207,"PACKET","IN",207,45,"PlayerSync","id=207 bytes=45","cf 4f 00 fd 7f e0 7f c0 00 13 53 24 30 ed 53 89 91 77 af de 90 84 00 00 00 00 e1 fe 00 00 02 25 96 a8 f5 6c 45 6f 03 fd fd c8 04 64 80",""
1930,9207,"PACKET","IN",207,35,"PlayerSync","id=207 bytes=35","cf 92 00 00 00 14 4a a3 30 e1 99 49 91 6d 1f 1e 90 84 00 00 00 02 9b 21 c0 00 00 00 00 00 01 a5 04 04 80",""
1931,9234,"PACKET","IN",207,45,"PlayerSync","id=207 bytes=45","cf 4d 00 81 00 60 7f c0 00 23 59 e3 f0 ce cd 09 91 7f b0 de 90 84 00 00 00 01 7e 6c 80 00 03 2d 1e 98 f7 0c 12 66 8b fd fd a5 04 04 80",""
1932,9234,"PACKET","IN",207,35,"PlayerSync","id=207 bytes=35","cf 85 00 00 00 2a 16 e5 b0 ef 3f 89 91 6c 24 9f 10 80 00 00 00 00 ab 25 80 00 00 00 00 00 01 28 00 04 11",""
1933,9234,"PACKET","IN",207,45,"PlayerSync","id=207 bytes=45","cf 4f 00 fc ff e0 7f c0 00 26 97 a4 30 c3 54 09 91 7a af de 90 84 00 00 00 01 95 fe 00 00 02 5f 0a 78 f6 64 47 17 03 fd fd c8 04 64 80",""
1934,9262,"PACKET","IN",207,35,"PlayerSync","id=207 bytes=35","cf 38 00 00 00 38 e7 6a b0 fe 9e 89 d1 5f 5d 5f 50 80 00 00 00 02 eb b3 7c 00 00 00 00 00 01 a2 04 04 80",""
1935,9263,"PACKET","IN",209,70,"UnoccupiedSync","id=209 bytes=70","d1 38 00 52 00 00 04 6a 72 bf b4 93 a4 be 00 00 00 00 b4 93 a4 3e 04 6a 72 bf 00 00 00 00 0a a7 ac c3 29 3c 27 45 cb d9 80 42 00 00 00 00 00 00 00 00 59 57 4d be 00 00 00 00 00 00 00 00 00 00 00 00 9a 41 e8 44",""
1936,9263,"PACKET","IN",200,44,"VehicleSync","id=200 bytes=44","c8 55 00 46 00 00 00 00 00 08 00 5d 20 7f a0 45 98 ed 9a 1a 4c 36 f6 82 54 5b 40 d7 e4 28 0c d1 53 f4 e0 9d 1a f1 58 3d 50 3f 00 00",""
1937,9263,"PACKET","IN",207,45,"PlayerSync","id=207 bytes=45","cf 4d 00 80 80 60 7f c0 00 1f 22 e3 f0 dd cd 49 91 72 b1 1e 90 84 00 00 00 03 ee 6c 80 00 03 77 fa 7c f6 40 13 7e 87 fd fd a5 04 04 80",""
1938,9263,"PACKET","IN",207,37,"PlayerSync","id=207 bytes=37","cf 85 00 60 3f c0 00 2a 16 e5 b0 ef 3f 89 91 6c 24 9f 10 80 00 00 00 00 ab 25 80 00 00 00 00 00 01 28 00 04 11",""
