sequence,elapsed_ms,type,direction,id,bytes,name,details,hex,marker
1,14,"PACKET","IN",200,44,"VehicleSync","id=200 bytes=44","c8 28 00 29 00 00 00 00 00 20 00 51 f0 09 e0 1e 59 4a 0b 4a 6c 39 b6 f2 54 58 b8 f7 f4 26 30 a5 a3 d0 ff 99 35 69 e7 c6 40 7f 00 00",""
2,14,"PACKET","IN",207,45,"PlayerSync","id=207 bytes=45","cf 08 00 98 80 7e 3f c0 01 2f 3c 29 30 f3 0a ca 91 6a fa 5e 90 80 00 00 00 00 84 e7 c0 00 03 82 53 e4 f1 7a fc d7 bf fd fd c8 04 e8 80",""
3,14,"PACKET","IN",207,35,"PlayerSync","id=207 bytes=35","cf 7e 00 00 00 27 c2 66 f0 e4 cb 89 d1 7b 67 1f 10 84 00 00 00 00 5a b7 94 00 00 00 00 00 01 28 00 04 11",""
4,15,"PACKET","OUT",207,69,"PlayerSync","id=207 bytes=69","cf 00 00 00 00 00 00 f7 9e a0 c3 55 1c 27 45 ed 9c 7c 42 58 d8 36 3f 00 00 00 80 00 00 00 00 cb 2c 33 bf 64 00 04 00 00 00 00 00 00 00 00 00 00 00 00 00 00 00 00 00 00 00 00 00 00 00 00 00 00 00 a5 04 04 80",""
5,36,"PACKET","IN",207,45,"PlayerSync","id=207 bytes=45","cf 08 00 96 00 7c ff c0 01 01 7b e9 30 cf 8b 0a 91 56 ba 5e 90 80 00 00 00 01 10 af c0 00 01 66 5b e4 f2 c2 dc fb cf fd fd c8 04 e8 80",""
6,36,"PACKET","IN",207,35,"PlayerSync","id=207 bytes=35","cf 55 00 00 00 32 ed e6 b0 da b6 49 91 7b 67 1f 10 84 00 00 00 00 72 71 80 00 00 00 00 00 01 a5 04 e8 80",""
7,36,"PACKET","IN",211,27,"PassengerSync","id=211 bytes=27","d3 97 00 29 00 01 00 64 4c 00 00 00 00 00 00 4a 34 a5 c3 76 6e 25 45 01 cc 7f 42",""
8,36,"PACKET","IN",203,34,"AimSync","id=203 bytes=34","cb 97 00 12 ca 5e 50 bf ac 92 13 bf 83 86 93 bd 70 de a1 c3 9a b4 25 45 e8 d9 82 42 00 00 00 00 3f 36",""
9,37,"RPC","IN",105,19,"TextDrawSetString","id=105 bytes=19 | TextDrawID=303 length=15 text=""09 Agustus 2026""","2f 01 0f 00 30 39 20 41 67 75 73 74 75 73 20 32 30 32 36",""
10,37,"RPC","IN",105,12,"TextDrawSetString","id=105 bytes=12 | TextDrawID=304 length=8 text=""12:19:00""","30 01 08 00 31 32 3a 31 39 3a 30 30",""
11,59,"PACKET","IN",207,45,"PlayerSync","id=207 bytes=45","cf 08 00 94 00 7b bf c0 01 23 7b 69 30 f0 cb 0a 91 47 7a 5e 90 80 00 00 00 02 f0 6f c0 00 00 c2 63 e4 f2 92 aa bf e3 fd fd c8 04 e8 80",""
12,59,"PACKET","IN",207,35,"PlayerSync","id=207 bytes=35","cf 1b 00 00 00 14 4b 23 30 e7 5e 49 91 72 1f 1e 90 84 00 00 00 03 f6 d3 00 00 00 00 00 00 01 28 00 04 11",""
13,81,"PACKET","IN",207,35,"PlayerSync","id=207 bytes=35","cf 60 00 00 00 18 4b 23 30 d2 98 49 91 73 1f 1e 90 84 00 00 00 00 9a bd c0 00 00 00 00 00 01 28 00 04 11",""
14,81,"PACKET","IN",207,45,"PlayerSync","id=207 bytes=45","cf 08 00 90 00 7a 3f c0 01 28 3b 29 30 d2 4b 4a 91 40 ba 5e 90 80 00 00 00 01 30 27 c0 00 01 0e 67 e4 f2 46 6f f7 f3 fd fd c8 04 e8 80",""
15,89,"PACKET","IN",200,44,"VehicleSync","id=200 bytes=44","c8 3c 00 47 00 00 00 00 00 08 00 41 30 19 c0 8d 9f 55 1b 5b 4c 32 42 f2 74 55 51 a8 04 2b dc 5e 13 e5 6c 4c 81 37 b8 16 80 3a 00 50",""
16,89,"RPC","IN",87,2,"ClearPlayerAnimation","id=87 bytes=2","1a 00",""
17,89,"RPC","IN",86,29,"ApplyPlayerAnimation","id=86 bytes=29","1a 00 05 43 41 52 52 59 0b 63 72 72 79 5f 70 72 74 69 61 6c 33 33 83 40 00 00 00 00 00",""
18,108,"PACKET","IN",207,45,"PlayerSync","id=207 bytes=45","cf 08 00 8e 80 79 bf c0 01 16 bb 29 30 f0 8b 4a 91 43 ba 5e 90 84 00 00 00 03 ec 1b c0 00 02 4a 67 e4 f1 2a 26 a3 ff fd fd c8 04 e8 80",""
19,109,"PACKET","IN",200,44,"VehicleSync","id=200 bytes=44","c8 28 00 29 00 00 00 00 00 20 00 50 b0 0d 70 1f 79 48 09 1a 6c 31 a6 e2 54 5c b8 77 f4 28 ba 19 93 d0 8f 97 a5 6c 67 c6 40 7f 00 00",""
20,129,"PACKET","IN",207,45,"PlayerSync","id=207 bytes=45","cf 08 00 8d 00 79 3f c0 01 24 7b 29 30 cf cb 8a 91 4e ba 5e 90 84 00 00 00 03 10 57 c0 00 02 de 63 e4 f0 11 e7 3b ff fd fd c8 04 e8 80",""
21,129,"PACKET","IN",207,35,"PlayerSync","id=207 bytes=35","cf 6b 00 00 00 39 02 a6 f0 d3 4e 89 d1 7b 67 1f 10 84 00 00 00 03 7b 67 40 00 00 00 00 00 01 28 00 04 11",""
22,129,"PACKET","IN",211,27,"PassengerSync","id=211 bytes=27","d3 97 00 29 00 01 00 64 4c 00 00 00 00 00 00 e4 5a a5 c3 e1 6d 25 45 c1 cd 7f 42",""
23,149,"PACKET","IN",207,45,"PlayerSync","id=207 bytes=45","cf 08 00 8b 80 78 bf c0 01 0f fb 69 30 ef 4b 8a 91 61 3a 5e 90 84 00 00 00 03 34 87 c0 00 03 ba 5b e4 f1 39 a8 97 fb fd fd c8 04 e8 80",""
24,150,"PACKET","IN",207,45,"PlayerSync","id=207 bytes=45","cf 08 00 89 80 78 3f c0 01 12 bb a9 30 ce 0b ca 91 79 3a 5e 90 84 00 00 00 01 64 c7 c0 00 00 5e 57 e4 f1 f5 7a 23 ef fd fd c8 04 e8 80",""
25,177,"PACKET","IN",207,35,"PlayerSync","id=207 bytes=35","cf 4f 00 00 00 0a f1 a3 30 c2 14 89 91 76 20 de 90 80 00 00 00 03 60 5a 00 00 00 00 00 00 01 28 00 04 11",""
26,177,"PACKET","IN",207,35,"PlayerSync","id=207 bytes=35","cf 54 00 00 00 31 4a e3 30 d7 9b 89 91 71 1f 1e 90 84 00 00 00 03 1e c2 c0 00 00 00 00 00 01 28 00 04 11",""
27,197,"PACKET","IN",207,45,"PlayerSync","id=207 bytes=45","cf 08 00 86 80 77 3f c0 01 2f fb e9 30 ea 8b ca 91 57 7a 9e 90 84 00 00 00 01 d9 07 c0 00 00 ba 4b e4 f2 49 3d ef db fd fd c8 04 e8 80",""
28,197,"PACKET","IN",203,34,"AimSync","id=203 bytes=34","cb 08 00 04 d6 e3 42 bf 95 81 25 3f b0 64 4b 3d 9c 9a a3 c3 ba 0b 2a 45 27 a0 7c 42 00 00 00 00 3f 36",""
29,197,"PACKET","IN",200,44,"VehicleSync","id=200 bytes=44","c8 28 00 29 00 00 00 00 00 20 00 5c 20 09 70 10 f9 52 16 5a 6c 33 36 c2 54 5a c7 f7 f4 2b fe 4c 23 d1 0f 98 85 66 37 d6 40 7f 00 00",""
30,197,"PACKET","IN",200,44,"VehicleSync","id=200 bytes=44","c8 3c 00 47 00 00 00 00 00 08 00 48 40 11 30 8d 4f 58 32 0b 4c 39 51 12 74 5b 42 a8 04 29 96 fe 73 e1 fc 4a 71 30 78 26 80 3a 00 50",""
31,220,"PACKET","IN",207,45,"PlayerSync","id=207 bytes=45","cf 08 00 84 00 76 ff c0 01 2d 3c 69 30 c6 0c 0a 91 7d 3a 9e 90 84 00 00 00 03 0d 47 c0 00 02 32 3b e4 f2 d5 01 07 bf fd fd c8 04 e8 80",""
32,221,"PACKET","IN",211,27,"PassengerSync","id=211 bytes=27","d3 97 00 29 00 01 00 64 4c 00 00 00 00 00 00 5b 78 a5 c3 5e 6d 25 45 0f d1 7f 42",""
33,225,"PACKET","IN",207,45,"PlayerSync","id=207 bytes=45","cf 08 00 81 80 76 3f c0 01 08 7d 29 30 df 8c 0a 91 69 ba de 90 84 00 00 00 03 85 87 c0 00 01 e6 2b e4 f2 10 cb 87 97 fd fd c8 04 e8 80",""
34,225,"PACKET","IN",207,35,"PlayerSync","id=207 bytes=35","cf 46 00 00 00 14 32 e6 b0 ea bf 49 91 7b 67 1f 10 84 00 00 00 00 f1 9b c0 00 00 00 00 00 01 28 00 04 11",""
35,225,"PACKET","IN",203,34,"AimSync","id=203 bytes=34","cb 46 00 04 96 eb 6a bf 3b 90 9d 3e 2c b7 80 be bb d7 98 c3 b9 e8 26 45 1f a5 81 42 00 00 00 00 22 37",""
36,244,"PACKET","IN",207,45,"PlayerSync","id=207 bytes=45","cf 08 00 ff ff f5 7f c0 01 31 3d a9 30 f4 8c 0a 91 58 bb 1e 90 84 00 00 00 01 f5 c3 c0 00 01 02 1b e4 f2 34 96 4b 6b fd fd c8 04 e8 80",""
37,244,"PACKET","IN",207,35,"PlayerSync","id=207 bytes=35","cf 63 00 00 00 35 85 e6 f0 f9 48 49 d1 7b 67 1f 10 84 00 00 00 03 a1 c6 00 00 00 00 00 00 01 28 00 04 11",""
38,244,"PACKET","IN",207,35,"PlayerSync","id=207 bytes=35","cf 7c 00 00 00 2e 67 68 30 c9 79 09 91 7b 67 1f 10 84 00 00 00 03 5a 96 40 00 00 00 00 00 01 28 00 04 11",""
39,245,"PACKET","IN",203,34,"AimSync","id=203 bytes=34","cb 7c 00 04 7d 9b c1 be ef 15 62 3f 8e 21 8e be 3b 71 a0 c3 27 d7 26 45 4d 04 80 42 00 00 00 00 3f 20",""
40,245,"PACKET","IN",207,35,"PlayerSync","id=207 bytes=35","cf 92 00 00 00 2c 75 e2 f0 dd a6 09 91 79 9e 1e 90 84 00 00 00 00 c2 8d c0 00 00 00 00 00 01 a5 04 04 80",""
41,266,"PACKET","IN",207,45,"PlayerSync","id=207 bytes=45","cf 08 00 fa ff f4 7f c0 01 2a be 69 30 c6 8c 4a 91 4b 3b 5e 90 84 00 00 00 01 c5 fb c0 00 02 c6 0b e4 f3 cc 6a 43 3b fd fd c8 04 e8 80",""
42,266,"PACKET","IN",200,44,"VehicleSync","id=200 bytes=44","c8 28 00 29 00 00 00 00 00 20 00 56 80 15 b0 12 69 5d 32 ca 6c 3c c6 92 54 57 37 67 f4 26 6f 4e c3 d2 6f 9c 55 68 d7 d6 40 7f 00 00",""
43,266,"PACKET","IN",200,44,"VehicleSync","id=200 bytes=44","c8 3c 00 47 00 00 00 00 00 08 00 46 70 27 40 7d 5f 50 08 cb 3c 30 0f 42 64 5d 43 d8 04 20 de ce c3 e0 dc 49 d1 33 58 26 80 3a 00 50",""
44,267,"PACKET","IN",207,35,"PlayerSync","id=207 bytes=35","cf 83 00 00 00 03 66 a3 70 d0 20 49 91 77 21 9e 90 80 00 00 00 03 f2 9a 40 00 00 00 00 00 01 28 00 04 11",""
45,293,"PACKET","IN",207,45,"PlayerSync","id=207 bytes=45","cf 08 00 f9 ff f4 3f c0 01 03 3f 69 30 d6 cc 4a 91 44 fb 9e 90 84 00 00 00 03 86 33 c0 00 02 39 ff e4 f0 34 4a 2b 07 fd fd c8 04 e8 80",""
46,293,"PACKET","IN",207,35,"PlayerSync","id=207 bytes=35","cf 30 00 00 00 11 cb 23 30 f6 e1 09 91 71 df 1e 90 84 00 00 00 00 0a cf 00 00 00 00 00 00 01 28 00 04 11",""
47,293,"PACKET","IN",207,45,"PlayerSync","id=207 bytes=45","cf 08 00 f8 7f f3 ff c0 01 29 80 29 70 e3 0c 4a 91 41 3b de 90 84 00 00 00 02 86 6b c0 00 03 01 f3 e4 f1 78 29 de cb fd fd c8 04 e8 80",""
48,293,"PACKET","IN",207,35,"PlayerSync","id=207 bytes=35","cf 5b 00 00 00 07 c2 e6 f0 dc f9 09 91 7b 67 1f 10 80 00 00 00 01 0b e2 00 00 00 00 00 00 01 a5 04 e8 80",""
49,293,"PACKET","IN",211,27,"PassengerSync","id=211 bytes=27","d3 97 00 29 00 01 00 64 4c 00 00 00 00 00 00 57 7b a5 c3 26 6c 25 45 42 ce 7f 42",""
50,335,"PACKET","IN",207,45,"PlayerSync","id=207 bytes=45","cf 08 00 f7 7f f3 ff c0 01 24 01 29 70 eb cc 4a 91 41 7c 1e 90 84 00 00 00 00 c6 a3 c0 00 00 e1 ef e4 f3 0c 12 5e 8b fd fd c8 04 e8 80",""
51,336,"RPC","IN",87,2,"ClearPlayerAnimation","id=87 bytes=2","0b 00",""
52,336,"RPC","IN",86,29,"ApplyPlayerAnimation","id=86 bytes=29","0b 00 05 43 41 52 52 59 0b 63 72 72 79 5f 70 72 74 69 61 6c 33 33 83 40 00 00 00 00 00",""
53,356,"PACKET","IN",207,45,"PlayerSync","id=207 bytes=45","cf 08 00 f6 ff f3 bf c0 01 2d c2 29 70 f0 4c 4a 91 44 7c 5e 90 84 00 00 00 01 62 d7 c0 00 01 9d eb e4 f0 cc 05 fa 47 fd fd c8 04 e8 80",""
54,357,"PACKET","IN",200,44,"VehicleSync","id=200 bytes=44","c8 28 00 29 00 00 00 00 00 20 00 59 a0 15 70 13 69 53 9e ca 5c 31 06 72 54 5c a6 b7 f4 20 6a 70 a3 e3 ef 90 d5 77 07 d6 40 7f 00 00",""
55,357,"RPC","IN",87,2,"ClearPlayerAnimation","id=87 bytes=2","20 00",""
56,357,"RPC","IN",86,29,"ApplyPlayerAnimation","id=86 bytes=29","20 00 05 43 41 52 52 59 0b 63 72 72 79 5f 70 72 74 69 61 6c 33 33 83 40 00 00 00 00 00",""
57,378,"PACKET","IN",207,41,"PlayerSync","id=207 bytes=41","cf 08 00 00 00 04 c3 a9 70 f0 0c 4a 91 59 7c 9e 90 84 00 00 00 01 12 e7 c0 00 03 c1 eb e4 f0 00 02 1d ff fd fd a5 04 04 80",""
58,379,"PACKET","IN",211,27,"PassengerSync","id=211 bytes=27","d3 97 00 29 00 01 00 64 4c 00 00 00 00 00 00 57 69 a5 c3 84 6a 25 45 a4 c7 7f 42",""
59,399,"PACKET","IN",207,35,"PlayerSync","id=207 bytes=35","cf 0b 00 00 00 04 80 26 f0 c6 7c 89 91 7b 67 1f 10 84 00 00 00 02 c5 e7 c0 00 00 00 00 00 01 28 00 04 11",""
60,425,"PACKET","IN",207,35,"PlayerSync","id=207 bytes=35","cf 15 00 00 00 21 67 a8 30 e3 bc 89 91 7b 67 1f 10 84 00 00 00 03 e6 8d 80 00 00 00 00 00 01 28 00 04 11",""
61,425,"PACKET","IN",203,34,"AimSync","id=203 bytes=34","cb 15 00 04 b3 e4 39 bf 41 77 27 3f 7c b2 58 be c7 5a 9f c3 19 ce 26 45 09 fb 80 42 00 00 00 00 3f 36",""
62,426,"PACKET","IN",207,35,"PlayerSync","id=207 bytes=35","cf 85 00 00 00 19 15 a5 b0 d1 07 09 d1 6c 24 9f 10 80 00 00 00 00 31 f1 80 00 00 00 00 00 01 a5 04 e8 80",""
63,426,"RPC","IN",86,27,"ApplyPlayerAnimation","id=86 bytes=27","4b 00 07 42 44 5f 46 49 52 45 07 77 61 73 68 5f 75 70 33 33 83 40 80 00 00 00 00",""
64,426,"RPC","IN",86,27,"ApplyPlayerAnimation","id=86 bytes=27","55 00 07 42 44 5f 46 49 52 45 07 77 61 73 68 5f 75 70 33 33 83 40 80 00 00 00 00",""
65,446,"PACKET","IN",200,44,"VehicleSync","id=200 bytes=44","c8 28 00 29 00 80 ff 00 00 20 00 5c 60 1a 40 19 a9 45 0a 1a 5c 34 16 42 54 5c 85 f7 f4 2f af 21 c3 e0 cf c8 96 0c 57 d6 40 7f 00 00",""
66,446,"PACKET","IN",207,41,"PlayerSync","id=207 bytes=41","cf 08 00 00 00 2f 06 a9 70 eb 4c 4a 91 61 3d 5e 90 84 00 00 00 01 12 e7 c0 00 02 e3 fa 98 f0 90 03 a9 e7 fd fd a5 04 04 80",""
67,466,"PACKET","IN",207,35,"PlayerSync","id=207 bytes=35","cf 0b 00 00 00 04 80 26 f0 c6 7c 89 91 7b 67 1f 10 84 00 00 00 02 c5 e7 c0 00 00 00 00 00 01 a5 04 e8 80",""
68,467,"PACKET","IN",200,44,"VehicleSync","id=200 bytes=44","c8 3c 00 47 00 00 00 00 00 08 00 47 30 18 10 4e ef 53 06 0b 2c 36 bb 82 64 50 55 08 04 22 8d 5f 73 e3 5c 4b 11 36 07 f6 80 3a 00 50",""
69,467,"PACKET","IN",211,27,"PassengerSync","id=211 bytes=27","d3 97 00 29 00 01 00 64 4c 00 00 00 00 00 00 09 3e a5 c3 31 68 25 45 71 bd 7f 42",""
70,494,"PACKET","IN",207,35,"PlayerSync","id=207 bytes=35","cf 00 00 00 00 1d e3 e3 70 f6 e5 09 91 41 63 5e 90 80 00 00 00 03 4b 47 00 00 00 00 00 00 01 28 00 04 11",""
71,499,"PACKET","OUT",203,32,"AimSync","id=203 bytes=32","cb 00 00 00 39 05 00 00 00 00 00 00 00 00 00 00 00 40 01 00 00 00 80 3f 00 00 f3 04 b5 3f 39 05",""
72,514,"PACKET","IN",200,44,"VehicleSync","id=200 bytes=44","c8 28 00 29 00 80 ff 00 00 20 00 50 50 33 b0 2d b8 f2 64 ca 5c 33 56 22 54 5f d5 57 f4 28 90 02 a3 e2 cf e8 a6 a6 97 e6 40 7f 00 00",""
73,540,"PACKET","IN",207,35,"PlayerSync","id=207 bytes=35","cf 7e 00 00 00 27 c2 66 f0 e4 cb 89 d1 7b 67 1f 10 84 00 00 00 00 5a b7 94 00 00 00 00 00 01 28 00 04 11",""
74,540,"PACKET","IN",207,41,"PlayerSync","id=207 bytes=41","cf 08 00 00 00 12 88 a9 70 e8 4c 4a 91 58 bd de 90 84 00 00 00 01 12 e7 c0 00 00 96 24 90 f0 90 03 a9 e7 fd fd a5 04 04 80",""
75,540,"PACKET","IN",200,44,"VehicleSync","id=200 bytes=44","c8 3c 00 47 00 de ff fd ff 00 00 00 70 0a 30 0b cf 5e 9e cb 1c 3c 4a 12 64 52 a4 88 04 2f 37 6f 53 e0 cc 53 b1 48 77 e6 80 3a 00 50",""
76,540,"PACKET","IN",211,27,"PassengerSync","id=211 bytes=27","d3 97 00 29 00 01 00 64 4c 00 00 00 00 00 00 36 06 a5 c3 bc 65 25 45 b4 b1 7f 42",""
77,580,"PACKET","IN",207,35,"PlayerSync","id=207 bytes=35","cf 4b 00 00 00 34 a8 a3 70 ff 5d 09 91 7b 23 5e 90 80 00 00 00 03 47 12 00 00 00 00 00 00 01 28 00 04 11",""
78,580,"PACKET","IN",207,35,"PlayerSync","id=207 bytes=35","cf 20 00 00 00 11 55 e5 b0 c2 d0 89 d1 6c e4 9f 10 80 00 00 00 02 72 8b c0 00 00 00 00 00 01 a5 04 04 80",""
79,580,"PACKET","IN",207,35,"PlayerSync","id=207 bytes=35","cf 55 00 00 00 32 ed e6 b0 da b6 49 91 7b 67 1f 10 84 00 00 00 00 72 71 80 00 00 00 00 00 01 28 00 04 11",""
80,581,"PACKET","IN",207,35,"PlayerSync","id=207 bytes=35","cf 5e 00 00 00 21 d0 22 b0 c3 a9 09 91 6c 1a 9e 90 84 00 00 00 02 14 82 c0 00 00 00 00 00 01 28 00 04 11",""
81,603,"PACKET","IN",200,44,"VehicleSync","id=200 bytes=44","c8 28 00 29 00 80 ff 00 00 20 00 53 60 49 c0 26 e8 7f cf 1a 4c 34 26 02 54 53 94 e7 f4 2d 33 83 83 ee af d0 b6 9b 47 e6 40 7f 00 00",""
82,604,"PACKET","OUT",207,69,"PlayerSync","id=207 bytes=69","cf 00 00 00 00 00 00 f7 9e a0 c3 55 1c 27 45 ed 9c 7c 42 58 d8 36 3f 00 00 00 80 00 00 00 00 cb 2c 33 bf 64 00 04 00 00 00 00 00 00 00 00 00 00 00 00 00 00 00 00 00 00 00 00 00 00 00 00 00 00 00 a5 04 04 80",""
83,626,"PACKET","IN",207,35,"PlayerSync","id=207 bytes=35","cf 08 00 00 00 11 89 29 70 e7 8c 4a 91 77 bd de 90 84 00 00 00 01 12 e7 c0 00 00 00 00 00 01 a5 04 04 80",""
84,626,"PACKET","IN",207,35,"PlayerSync","id=207 bytes=35","cf 1b 00 00 00 14 4b 23 30 e7 5e 49 91 72 1f 1e 90 84 00 00 00 03 f6 d3 00 00 00 00 00 00 01 28 00 04 11",""
85,646,"PACKET","IN",207,35,"PlayerSync","id=207 bytes=35","cf 60 00 00 00 18 4b 23 30 d2 98 49 91 73 1f 1e 90 84 00 00 00 00 9a bd c0 00 00 00 00 00 01 28 00 04 11",""
86,646,"PACKET","IN",211,27,"PassengerSync","id=211 bytes=27","d3 97 00 29 00 01 00 64 4c 00 00 00 00 00 00 48 b8 a4 c3 9f 63 25 45 1c ab 7f 42",""
87,647,"RPC","IN",86,27,"ApplyPlayerAnimation","id=86 bytes=27","85 00 07 42 44 5f 46 49 52 45 07 77 61 73 68 5f 75 70 33 33 83 40 80 00 00 00 00",""
88,647,"PACKET","IN",200,44,"VehicleSync","id=200 bytes=44","c8 3c 00 47 00 8f ff ea ff 00 00 27 20 1a b0 29 0f 41 55 cb 1c 3c a8 62 64 53 13 c8 04 29 7c 5f 23 e6 cc 87 91 66 07 e6 80 3a 00 50",""
89,668,"RPC","IN",105,7,"TextDrawSetString","id=105 bytes=7 | TextDrawID=2086 length=3 text=""100""","26 08 03 00 31 30 30",""
90,668,"RPC","IN",105,5,"TextDrawSetString","id=105 bytes=5 | TextDrawID=2087 length=1 text=""0""","27 08 01 00 30",""
91,668,"RPC","IN",105,6,"TextDrawSetString","id=105 bytes=6 | TextDrawID=2088 length=2 text=""46""","28 08 02 00 34 36",""
92,668,"RPC","IN",105,5,"TextDrawSetString","id=105 bytes=5 | TextDrawID=2089 length=1 text=""2""","29 08 01 00 32",""
93,668,"RPC","IN",105,7,"TextDrawSetString","id=105 bytes=7 | TextDrawID=2090 length=3 text=""100""","2a 08 03 00 31 30 30",""
94,692,"PACKET","IN",200,44,"VehicleSync","id=200 bytes=44","c8 28 00 29 00 00 00 00 00 00 00 56 60 4e c0 17 e7 cd 58 da 4c 33 25 d2 54 56 74 27 f4 20 a2 a3 e3 ed cf 9e e5 85 57 d6 40 7f 00 00",""
95,693,"PACKET","IN",207,35,"PlayerSync","id=207 bytes=35","cf 6b 00 00 00 39 02 a6 f0 d3 4e 89 d1 7b 67 1f 10 84 00 00 00 03 7b 67 40 00 00 00 00 00 01 28 00 04 11",""
96,712,"PACKET","IN",207,35,"PlayerSync","id=207 bytes=35","cf 4f 00 00 00 0a f1 a3 30 c2 14 89 91 76 20 de 90 80 00 00 00 03 60 5a 00 00 00 00 00 00 01 28 00 04 11",""
97,713,"PACKET","IN",211,27,"PassengerSync","id=211 bytes=27","d3 97 00 29 00 01 00 64 4c 00 00 00 00 00 00 bc 60 a4 c3 40 61 25 45 31 a4 7f 42",""
98,736,"RPC","IN",87,2,"ClearPlayerAnimation","id=87 bytes=2","00 00",""
99,737,"RPC","IN",86,29,"ApplyPlayerAnimation","id=86 bytes=29","00 00 05 43 41 52 52 59 0b 63 72 72 79 5f 70 72 74 69 61 6c 33 33 83 40 00 00 00 00 00",""
100,756,"PACKET","IN",207,35,"PlayerSync","id=207 bytes=35","cf 63 00 00 00 35 85 e6 f0 f9 48 49 d1 7b 67 1f 10 84 00 00 00 03 a1 c6 00 00 00 00 00 00 01 28 00 04 11",""
101,777,"PACKET","IN",200,44,"VehicleSync","id=200 bytes=44","c8 28 00 29 00 00 00 00 00 00 00 79 b0 3e 90 02 a7 46 73 2a 4c 36 35 82 54 51 52 c7 f4 24 52 d3 a3 e3 9f 36 74 81 27 c6 40 7f 00 00",""
102,777,"PACKET","IN",203,34,"AimSync","id=203 bytes=34","cb 28 00 12 01 b3 66 3f e9 ef aa be 66 8c 8d be cd 43 a8 c3 37 89 25 45 ae 38 86 42 00 00 00 00 3f 36",""
103,777,"PACKET","IN",207,35,"PlayerSync","id=207 bytes=35","cf 85 00 00 00 19 15 a5 b0 d1 07 09 d1 6c 24 9f 10 80 00 00 00 00 31 f1 80 00 00 00 00 00 01 28 00 04 11",""
104,777,"PACKET","IN",203,34,"AimSync","id=203 bytes=34","cb 85 00 04 46 60 3e 3e d4 7c 77 3f 00 cf 33 be ee 8a 96 c3 1e fa 26 45 05 43 80 42 00 00 00 00 3f c6",""
105,797,"PACKET","IN",207,35,"PlayerSync","id=207 bytes=35","cf 54 00 00 00 31 4a e3 30 d7 9b 89 91 71 1f 1e 90 84 00 00 00 03 1e c2 c0 00 00 00 00 00 01 28 00 04 11",""
106,798,"PACKET","IN",207,35,"PlayerSync","id=207 bytes=35","cf 7c 00 00 00 2e 67 68 30 c9 79 09 91 7b 67 1f 10 84 00 00 00 03 5a 96 40 00 00 00 00 00 01 28 00 04 11",""
107,798,"PACKET","IN",207,35,"PlayerSync","id=207 bytes=35","cf 5b 00 00 00 07 c2 e6 f0 dc f9 09 91 7b 67 1f 10 80 00 00 00 01 0b e2 00 00 00 00 00 00 01 a5 04 e8 80",""
108,825,"PACKET","IN",207,35,"PlayerSync","id=207 bytes=35","cf 92 00 00 00 2c 75 e2 f0 dd a6 09 91 79 9e 1e 90 84 00 00 00 00 c2 8d c0 00 00 00 00 00 01 a5 04 04 80",""
109,825,"PACKET","IN",211,27,"PassengerSync","id=211 bytes=27","d3 97 00 29 00 01 00 64 4c 00 00 00 00 00 00 aa 17 a4 c3 8d 5e 25 45 14 98 7f 42",""
110,847,"PACKET","IN",200,44,"VehicleSync","id=200 bytes=44","c8 28 00 29 00 00 00 00 00 00 00 79 10 28 40 30 d7 07 0f 0a 3c 3b 45 32 54 5c 41 87 f4 2c 39 23 63 e0 fe d1 f3 de 57 b6 40 7f 00 00",""
111,847,"PACKET","IN",207,35,"PlayerSync","id=207 bytes=35","cf 83 00 00 00 03 66 a3 70 d0 20 49 91 77 21 9e 90 80 00 00 00 03 f2 9a 40 00 00 00 00 00 01 28 00 04 11",""
112,848,"PACKET","IN",203,34,"AimSync","id=203 bytes=34","cb 83 00 04 12 de ed 3d cd 2e 76 bf 58 6e 7e be 2d c2 8d c3 c5 aa 26 45 da 9b 7f 42 00 00 00 00 3f c6",""
113,848,"PACKET","IN",200,44,"VehicleSync","id=200 bytes=44","c8 3c 00 47 00 00 00 00 00 00 00 2e 00 13 70 46 3f 3e 4a 9b 0c 37 c6 72 64 5a 72 f8 04 28 e2 1f 03 e2 7c b6 41 8d c7 e6 80 3a 00 50",""
114,848,"PACKET","IN",203,34,"AimSync","id=203 bytes=34","cb 3c 00 12 64 9b 08 3f 85 a2 55 bf 58 8d 0c be a0 0a b2 c3 bd aa 26 45 dc f7 82 42 00 00 00 00 03 36",""
115,849,"PACKET","OUT",205,9,"UNKNOWN_PACKET","id=205 bytes=9","cd b8 4a 04 00 00 00 00 00",""
116,868,"PACKET","IN",211,27,"PassengerSync","id=211 bytes=27","d3 97 00 29 00 01 00 64 4c 00 00 00 00 00 00 56 c4 a3 c3 94 59 25 45 8f 78 7f 42",""
117,869,"PACKET","OUT",207,69,"PlayerSync","id=207 bytes=69","cf 00 00 00 00 00 04 f7 9e a0 c3 55 1c 27 45 ed 9c 7c 42 58 d8 36 3f 00 00 00 80 00 00 00 00 cb 2c 33 bf 64 00 04 00 00 00 00 00 00 00 00 00 00 00 00 00 00 00 00 00 00 00 00 00 00 00 00 00 00 00 a5 04 04 80",""
118,892,"PACKET","IN",200,44,"VehicleSync","id=200 bytes=44","c8 3c 00 47 00 00 00 00 00 00 00 2f f0 1c d0 5f 3f 26 8c ba fc 3c f4 12 64 56 62 58 04 24 39 4e c3 e6 4c c4 e1 9a d7 e6 80 3a 00 50",""
119,912,"RPC","IN",134,80,"ShowTextDraw","id=134 bytes=80","f0 00 13 9a 99 19 3f 00 00 00 40 00 00 00 66 00 00 cc 42 00 00 a0 41 00 00 00 32 00 01 00 00 00 66 04 00 00 00 59 43 00 00 b8 43 00 00 00 00 00 00 00 00 00 00 00 00 00 00 00 00 80 3f ff ff ff ff 0d 00 6c 64 5f 64 75 61 6c 3a 77 68 69 74 65",""
120,912,"RPC","IN",134,80,"ShowTextDraw","id=134 bytes=80","2c 08 11 9a 99 19 3f 00 00 00 40 1a ff 00 aa 5c 8f 82 3f 00 00 a0 41 00 00 00 32 00 01 00 00 00 ff 04 00 00 00 59 43 00 00 b8 43 00 00 00 00 00 00 00 00 00 00 00 00 00 00 00 00 80 3f ff ff ff ff 0d 00 6c 64 5f 64 75 61 6c 3a 77 68 69 74 65",""
121,912,"RPC","IN",134,75,"ShowTextDraw","id=134 bytes=75","2d 08 18 56 99 59 3e 33 33 b3 3f ff ff ff e6 00 00 a0 44 00 00 a0 44 00 00 00 32 00 00 00 00 00 ff 01 00 00 00 86 43 00 c0 b9 43 00 00 00 00 00 00 00 00 00 00 00 00 00 00 00 00 80 3f ff ff ff ff 08 00 4d 45 4e 47 45 4d 41 53",""
122,912,"RPC","IN",86,27,"ApplyPlayerAnimation","id=86 bytes=27","79 00 07 42 44 5f 46 49 52 45 07 77 61 73 68 5f 75 70 33 33 83 40 80 00 00 00 00",""
123,913,"RPC","IN",135,2,"HideTextDraw","id=135 bytes=2","4d 00",""
124,913,"RPC","IN",135,2,"HideTextDraw","id=135 bytes=2","4e 00",""
125,913,"RPC","IN",135,2,"HideTextDraw","id=135 bytes=2","4f 00",""
126,913,"RPC","IN",135,2,"HideTextDraw","id=135 bytes=2","2b 08",""
127,913,"PACKET","IN",207,35,"PlayerSync","id=207 bytes=35","cf 2d 00 00 00 34 a7 e5 b0 d2 4e 89 d1 6c 24 9f 10 84 00 00 00 01 78 73 c0 00 00 00 00 00 01 28 00 04 11",""
128,913,"PACKET","IN",203,34,"AimSync","id=203 bytes=34","cb 2d 00 04 24 c7 24 3f 33 96 3e 3f 46 97 35 be be 20 97 c3 a5 27 27 45 99 0a 80 42 00 00 00 00 3f 28",""
129,934,"PACKET","OUT",207,69,"PlayerSync","id=207 bytes=69","cf 00 00 00 00 00 04 f7 9e a0 c3 55 1c 27 45 ed 9c 7c 42 58 d8 36 3f 00 00 00 80 00 00 00 00 cb 2c 33 bf 64 00 04 00 00 00 00 00 00 00 00 00 00 00 00 00 00 00 00 00 00 00 00 00 00 00 00 00 00 00 28 00 04 11",""
130,958,"RPC","IN",137,15,"ServerJoin","id=137 bytes=15","98 00 00 00 00 00 00 07 56 65 72 65 65 6e 6e",""
131,958,"RPC","IN",72,6,"SetPlayerColor","id=72 bytes=6","98 00 ff 83 7f 7f",""
132,959,"PACKET","IN",200,44,"VehicleSync","id=200 bytes=44","c8 28 00 29 00 00 00 00 00 00 00 7a a0 0a 40 66 96 db c8 fa 3c 30 a4 b2 54 55 6f c7 e4 21 9c c3 13 e9 fe 54 13 27 67 c6 40 7f 00 00",""
133,959,"PACKET","IN",211,27,"PassengerSync","id=211 bytes=27","d3 97 00 29 00 01 00 64 4c 00 00 00 00 00 00 3e 78 a3 c3 73 53 25 45 98 54 7f 42",""
134,980,"PACKET","IN",200,44,"VehicleSync","id=200 bytes=44","c8 3c 00 47 00 00 00 00 00 00 00 28 a0 28 80 7d ff 28 40 fa fc 34 52 22 64 53 d0 c8 04 20 f8 1e 93 e7 6c c6 71 9b 37 c6 80 3a 00 50",""
135,1002,"PACKET","IN",207,35,"PlayerSync","id=207 bytes=35","cf 0b 00 00 00 04 80 26 f0 c6 7c 89 91 7b 67 1f 10 84 00 00 00 02 c5 e7 c0 00 00 00 00 00 01 a5 04 e8 80",""
136,1002,"PACKET","OUT",207,69,"PlayerSync","id=207 bytes=69","cf 00 00 00 00 00 00 f7 9e a0 c3 55 1c 27 45 ed 9c 7c 42 58 d8 36 3f 00 00 00 80 00 00 00 00 cb 2c 33 bf 64 00 04 00 00 00 00 00 00 00 00 00 00 00 00 00 00 00 00 00 00 00 00 00 00 00 00 00 00 00 28 00 04 11",""
137,1025,"PACKET","OUT",203,32,"AimSync","id=203 bytes=32","cb 00 00 00 39 05 00 00 00 00 00 00 00 00 00 00 00 40 01 00 00 00 80 3f 00 00 f3 04 b5 3f 39 05",""
138,1029,"PACKET","IN",207,35,"PlayerSync","id=207 bytes=35","cf 00 00 00 00 1d e3 e3 70 f6 e5 09 91 41 63 5e 90 80 00 00 00 03 4b 47 00 00 00 00 00 00 01 28 00 04 11",""
139,1029,"PACKET","IN",211,27,"PassengerSync","id=211 bytes=27","d3 97 00 29 00 01 00 64 4c 00 00 00 00 00 00 81 31 a3 c3 ed 4c 25 45 32 39 7f 42",""
140,1029,"PACKET","IN",200,44,"VehicleSync","id=200 bytes=44","c8 28 00 29 00 00 00 00 00 20 00 3d a0 00 80 7e c6 cd e3 fa 3c 30 b4 32 54 56 7e 77 e4 2d 36 73 e3 e0 0e 3e e2 ec 17 c6 40 7f 00 00",""
141,1052,"PACKET","IN",200,44,"VehicleSync","id=200 bytes=44","c8 3c 00 47 00 00 00 00 00 00 00 2b 30 22 b0 7d ef 23 d9 5a ec 3c a0 d2 64 55 7e 97 f4 21 28 0e 73 e8 6c c7 61 94 f7 c6 80 3a 00 50",""
142,1052,"PACKET","IN",207,35,"PlayerSync","id=207 bytes=35","cf 7e 00 00 00 27 c2 66 f0 e4 cb 89 d1 7b 67 1f 10 84 00 00 00 00 5a b7 94 00 00 00 00 00 01 28 00 04 11",""
143,1095,"RPC","IN",105,19,"TextDrawSetString","id=105 bytes=19 | TextDrawID=303 length=15 text=""09 Agustus 2026""","2f 01 0f 00 30 39 20 41 67 75 73 74 75 73 20 32 30 32 36",""
144,1095,"RPC","IN",105,12,"TextDrawSetString","id=105 bytes=12 | TextDrawID=304 length=8 text=""12:19:02""","30 01 08 00 31 32 3a 31 39 3a 30 32",""
145,1113,"RPC","IN",86,27,"ApplyPlayerAnimation","id=86 bytes=27","1a 00 07 42 44 5f 46 49 52 45 07 77 61 73 68 5f 75 70 33 33 83 40 80 00 00 00 00",""
146,1132,"PACKET","IN",207,35,"PlayerSync","id=207 bytes=35","cf 08 00 00 00 11 89 29 70 e7 8c 4a 91 77 bd de 90 84 00 00 00 01 12 e7 c0 00 00 00 00 00 01 a5 04 04 80",""
147,1133,"PACKET","IN",200,44,"VehicleSync","id=200 bytes=44","c8 28 00 29 00 00 00 00 00 20 00 3f 50 23 e0 5c d6 cf 1e ca 2c 35 d3 a2 54 55 6d 07 e4 2d ad 25 63 ea fe 15 c2 d9 b7 c6 40 7f 00 00",""
148,1133,"PACKET","IN",207,35,"PlayerSync","id=207 bytes=35","cf 4b 00 00 00 34 a8 a3 70 ff 5d 09 91 7b 23 5e 90 80 00 00 00 03 47 12 00 00 00 00 00 00 01 28 00 04 11",""
149,1133,"PACKET","IN",207,35,"PlayerSync","id=207 bytes=35","cf 55 00 00 00 32 ed e6 b0 da b6 49 91 7b 67 1f 10 84 00 00 00 00 72 71 80 00 00 00 00 00 01 28 00 04 11",""
150,1133,"PACKET","IN",211,27,"PassengerSync","id=211 bytes=27","d3 97 00 29 00 01 00 64 4c 00 00 00 00 00 00 b2 e8 a2 c3 94 45 25 45 44 21 7f 42",""
151,1133,"PACKET","IN",203,34,"AimSync","id=203 bytes=34","cb 97 00 12 c6 d4 6e be 0b 1a 78 bf b2 44 a3 bd 51 1b a2 c3 61 c2 25 45 f7 b5 82 42 00 00 00 00 3f 36",""
152,1180,"PACKET","IN",207,39,"PlayerSync","id=207 bytes=39","cf 08 00 82 80 7f 7f c0 00 11 89 29 70 e7 8c 4a 91 77 bd de 90 84 00 00 00 01 66 b3 c0 00 00 00 00 00 01 c8 04 04 80",""
153,1180,"PACKET","IN",207,45,"PlayerSync","id=207 bytes=45","cf 08 00 85 80 7e bf c0 00 02 4a 69 70 eb 0c 4a 91 44 3e 5e 90 84 00 00 00 03 16 77 c0 00 02 81 54 18 f6 3c 03 da 2f fd fd c8 04 04 80",""
154,1180,"PACKET","IN",203,34,"AimSync","id=203 bytes=34","cb 08 00 04 ba 60 7d bf 2a bf 38 3d 3d b3 0a 3e 29 6b a3 c3 1f 2f 2a 45 44 7a 7b 42 00 00 00 00 3f 36",""
155,1180,"PACKET","IN",207,35,"PlayerSync","id=207 bytes=35","cf 1b 00 00 00 14 4b 23 30 e7 5e 49 91 72 1f 1e 90 84 00 00 00 03 f6 d3 00 00 00 00 00 00 01 28 00 04 11",""
156,1180,"PACKET","IN",200,44,"VehicleSync","id=200 bytes=44","c8 28 00 29 00 80 ff 00 00 20 00 3b 50 2a 50 29 16 af 79 ea 2c 34 b3 32 54 55 0b d7 e4 20 cc 66 13 e9 ee 9c 23 7f e7 c6 40 7f 00 00",""
157,1205,"PACKET","IN",207,45,"PlayerSync","id=207 bytes=45","cf 08 00 87 00 7e 3f c0 00 1f cb 69 70 f3 cc 4a 91 4d 3e 9e 90 84 00 00 00 03 b6 3b c0 00 03 81 54 18 f7 00 0f 0e 7b fd fd c8 04 04 80",""
158,1206,"PACKET","IN",207,35,"PlayerSync","id=207 bytes=35","cf 54 00 00 00 31 4a e3 30 d7 9b 89 91 71 1f 1e 90 84 00 00 00 03 1e c2 c0 00 00 00 00 00 01 28 00 04 11",""
159,1206,"PACKET","IN",207,35,"PlayerSync","id=207 bytes=35","cf 60 00 00 00 18 4b 23 30 d2 98 49 91 73 1f 1e 90 84 00 00 00 00 9a bd c0 00 00 00 00 00 01 28 00 04 11",""
160,1206,"PACKET","IN",211,27,"PassengerSync","id=211 bytes=27","d3 97 00 29 00 01 00 64 4c 00 00 00 00 00 00 a5 81 a2 c3 ad 3a 25 45 25 0a 7f 42",""
161,1231,"RPC","IN",87,2,"ClearPlayerAnimation","id=87 bytes=2","5e 00",""
162,1232,"RPC","IN",86,29,"ApplyPlayerAnimation","id=86 bytes=29","5e 00 05 43 41 52 52 59 0b 63 72 72 79 5f 70 72 74 69 61 6c 33 33 83 40 00 00 00 00 00",""
163,1232,"PACKET","IN",200,44,"VehicleSync","id=200 bytes=44","c8 3c 00 47 00 97 ff ea ff 00 00 26 a0 42 80 65 af 03 15 9a dc 3e dd b2 54 52 a8 47 f4 2b 0d ce 23 e6 2d 3e d1 e4 a7 d6 80 3a 00 50",""
164,1233,"PACKET","IN",207,35,"PlayerSync","id=207 bytes=35","cf 46 00 00 00 14 32 e6 b0 ea bf 49 91 7b 67 1f 10 84 00 00 00 00 f1 9b c0 00 00 00 00 00 01 28 00 04 11",""
165,1233,"PACKET","IN",203,34,"AimSync","id=203 bytes=34","cb 46 00 04 96 eb 6a bf 3b 90 9d 3e 2c b7 80 be bb d7 98 c3 b9 e8 26 45 1f a5 81 42 00 00 00 00 23 37",""
166,1268,"PACKET","IN",207,45,"PlayerSync","id=207 bytes=45","cf 08 00 8d 00 7c bf c0 00 2f 4c 69 70 c1 8c 8a 91 54 3e de 90 84 00 00 00 01 a1 ff c0 00 03 09 58 18 f5 ac 24 ca c3 fd fd c8 04 04 80",""
167,1273,"PACKET","IN",207,35,"PlayerSync","id=207 bytes=35","cf 4f 00 00 00 0a f1 a3 30 c2 14 89 91 76 20 de 90 80 00 00 00 03 60 5a 00 00 00 00 00 00 01 28 00 04 11",""
168,1273,"PACKET","IN",207,45,"PlayerSync","id=207 bytes=45","cf 08 00 90 00 7b bf c0 00 22 0d 69 70 d3 4c 8a 91 54 bf 1e 90 84 00 00 00 03 9d bf c0 00 00 fd 60 18 f5 f4 46 5b 03 fd fd c8 04 04 80",""
169,1273,"PACKET","IN",200,44,"VehicleSync","id=200 bytes=44","c8 28 00 29 00 80 ff 00 00 20 00 14 10 02 d0 07 26 46 14 9a 2c 3b b2 c2 54 5b 2a c7 e4 22 c3 56 63 e8 1e e7 53 f8 67 d6 40 7f 00 00",""
170,1274,"PACKET","IN",207,35,"PlayerSync","id=207 bytes=35","cf 63 00 00 00 35 85 e6 f0 f9 48 49 d1 7b 67 1f 10 84 00 00 00 03 a1 c6 00 00 00 00 00 00 01 28 00 04 11",""
171,1299,"PACKET","IN",207,45,"PlayerSync","id=207 bytes=45","cf 08 00 92 80 7b 7f c0 00 07 8e 69 70 e9 cc 8a 91 52 ff 5e 90 84 00 00 00 01 11 7f c0 00 00 79 68 18 f5 64 6c 4f 3f fd fd c8 04 04 80",""
172,1300,"PACKET","IN",207,35,"PlayerSync","id=207 bytes=35","cf 5e 00 00 00 21 d0 22 b0 c3 a9 09 91 6c 1a 9e 90 84 00 00 00 02 14 82 c0 00 00 00 00 00 01 a5 04 e8 80",""
173,1300,"PACKET","IN",203,34,"AimSync","id=203 bytes=34","cb 5e 00 04 19 ff 47 bf f3 99 0a 3f f6 15 9f be 00 7f 89 c3 4a 93 26 45 d5 38 7f 42 00 00 00 00 3f 36",""
174,1300,"PACKET","IN",207,35,"PlayerSync","id=207 bytes=35","cf 6b 00 00 00 39 02 a6 f0 d3 4e 89 d1 7b 67 1f 10 84 00 00 00 03 7b 67 40 00 00 00 00 00 01 28 00 04 11",""
175,1300,"PACKET","IN",207,45,"PlayerSync","id=207 bytes=45","cf 08 00 96 00 7a bf c0 00 11 8f 29 70 c4 4c ca 91 4b 7f 9e 90 84 00 00 00 00 7d 3b c0 00 01 7d 70 18 f6 48 9e 2f 73 fd fd c8 04 04 80",""
176,1300,"PACKET","IN",211,27,"PassengerSync","id=211 bytes=27","d3 97 00 29 00 01 00 64 4c 00 00 00 00 00 00 6c 21 a2 c3 02 32 25 45 72 00 7f 42",""
177,1355,"PACKET","IN",207,45,"PlayerSync","id=207 bytes=45","cf 08 00 9b 00 79 7f c0 00 08 cf e9 70 e4 4c ca 91 40 bf de 90 84 00 00 00 01 d8 f7 c0 00 02 21 94 60 f6 68 d4 9f a3 fd fd c8 04 04 80",""
178,1355,"PACKET","IN",207,35,"PlayerSync","id=207 bytes=35","cf 30 00 00 00 11 cb 23 30 f6 e1 09 91 71 df 1e 90 84 00 00 00 00 0a cf 00 00 00 00 00 00 01 28 00 04 11",""
179,1356,"PACKET","IN",203,34,"AimSync","id=203 bytes=34","cb 30 00 04 14 5d 7b bf d9 bc b8 3d 80 9a 2a be d3 45 8b c3 35 82 26 45 0f 1c 7e 42 00 00 00 00 3f c6",""
180,1356,"PACKET","IN",200,44,"VehicleSync","id=200 bytes=44","c8 3c 00 47 00 89 ff e9 ff 00 00 2a 90 62 20 6e 0e c1 3a fa cc 39 7c 52 54 5d 85 b7 f4 25 16 5e 03 e2 3d a2 a2 54 27 d6 80 3a 00 50",""
181,1356,"PACKET","IN",207,35,"PlayerSync","id=207 bytes=35","cf 5b 00 00 00 07 c2 e6 f0 dc f9 09 91 7b 67 1f 10 80 00 00 00 01 0b e2 00 00 00 00 00 00 01 a5 04 e8 80",""
182,1356,"PACKET","IN",207,45,"PlayerSync","id=207 bytes=45","cf 08 00 9c 00 79 3f c0 00 27 50 69 70 c9 cd 0a 91 71 3f de 90 84 00 00 00 00 18 cf c0 00 02 17 18 68 f5 55 10 f7 c7 fd fd c8 04 04 80",""
183,1357,"PACKET","IN",200,44,"VehicleSync","id=200 bytes=44","c8 28 00 29 00 80 ff 00 00 20 00 5b 70 2a 00 2c 45 7e cd 3a 1c 3d a2 32 54 52 39 a7 e4 2f 95 a6 b3 e1 ce c8 23 bf 27 d6 40 7f 00 00",""
184,1357,"PACKET","IN",207,35,"PlayerSync","id=207 bytes=35","cf 92 00 00 00 2c 75 e2 f0 dd a6 09 91 79 9e 1e 90 84 00 00 00 00 c2 8d c0 00 00 00 00 00 01 a5 04 04 80",""
185,1385,"PACKET","IN",207,45,"PlayerSync","id=207 bytes=45","cf 08 00 9e 80 78 bf c0 00 28 90 e9 70 ef cd 0a 91 5a 40 1e d0 84 00 00 00 01 20 c7 c0 00 03 f3 1c 68 f7 f9 37 4f d7 fd fd c8 04 04 80",""
186,1385,"PACKET","IN",207,35,"PlayerSync","id=207 bytes=35","cf 7c 00 00 00 2e 67 68 30 c9 79 09 91 7b 67 1f 10 84 00 00 00 03 5a 96 40 00 00 00 00 00 01 28 00 04 11",""
187,1386,"RPC","IN",86,27,"ApplyPlayerAnimation","id=86 bytes=27","0b 00 07 42 44 5f 46 49 52 45 07 77 61 73 68 5f 75 70 33 33 83 40 80 00 00 00 00",""
188,1386,"PACKET","IN",207,35,"PlayerSync","id=207 bytes=35","cf 83 00 00 00 03 66 a3 70 d0 20 49 91 77 21 9e 90 80 00 00 00 03 f2 9a 40 00 00 00 00 00 01 28 00 04 11",""
189,1413,"PACKET","IN",207,45,"PlayerSync","id=207 bytes=45","cf 08 00 9f 80 78 3f c0 00 27 91 69 70 d6 cd 4a 91 43 00 5e d0 84 00 00 00 03 5c c7 c0 00 00 d3 20 68 f6 89 3e 0b db fd fd c8 04 04 80",""
190,1414,"PACKET","IN",207,35,"PlayerSync","id=207 bytes=35","cf 15 00 00 00 21 67 a8 30 e3 bc 89 91 7b 67 1f 10 84 00 00 00 03 e6 8d 80 00 00 00 00 00 01 28 00 04 11",""
191,1414,"PACKET","IN",203,34,"AimSync","id=203 bytes=34","cb 15 00 04 a9 e3 39 bf 51 76 27 3f 5d cc 58 be c7 5a 9f c3 19 ce 26 45 3d fb 80 42 00 00 00 00 3f 36",""
192,1415,"PACKET","IN",200,44,"VehicleSync","id=200 bytes=44","c8 3c 00 47 00 89 ff ea ff 00 00 2d c0 75 00 68 be 8c af ea bc 30 4b 22 54 5f 72 e7 f4 25 5e ad d3 e3 4e 2f 92 db 77 c6 80 3a 00 50",""
193,1415,"PACKET","IN",207,35,"PlayerSync","id=207 bytes=35","cf 85 00 00 00 19 15 a5 b0 d1 07 09 d1 6c 24 9f 10 80 00 00 00 00 31 f1 80 00 00 00 00 00 01 28 00 04 11",""
194,1415,"RPC","IN",86,27,"ApplyPlayerAnimation","id=86 bytes=27","20 00 07 42 44 5f 46 49 52 45 07 77 61 73 68 5f 75 70 33 33 83 40 80 00 00 00 00",""
195,1415,"PACKET","IN",207,35,"PlayerSync","id=207 bytes=35","cf 20 00 00 00 11 55 e5 b0 c2 d0 89 d1 6c e4 9f 10 80 00 00 00 02 72 8b c0 00 00 00 00 00 01 a5 04 04 80",""
196,1419,"PACKET","IN",203,34,"AimSync","id=203 bytes=34","cb 20 00 04 d3 bb c8 3e 70 b0 64 bf 1a fd 60 be a9 c4 96 c3 33 61 27 45 c4 71 80 42 00 00 00 00 3f 37",""
197,1419,"PACKET","IN",211,27,"PassengerSync","id=211 bytes=27","d3 97 00 29 00 01 00 64 4c 00 00 00 00 00 00 e0 b3 a1 c3 21 2a 25 45 fc fd 7e 42",""
198,1448,"PACKET","IN",207,45,"PlayerSync","id=207 bytes=45","cf 08 00 a0 00 78 3f c0 00 12 92 29 70 ca 8d 8a 91 7a 40 5e d0 84 00 00 00 03 38 bf c0 00 00 83 20 68 f4 71 3d 2b db fd fd c8 04 04 80",""
199,1449,"PACKET","IN",207,45,"PlayerSync","id=207 bytes=45","cf 08 00 a0 80 78 3f c0 00 35 d2 69 70 ea 0d 8a 91 5a 80 9e d0 84 00 00 00 00 a4 b7 c0 00 01 fe 4b e4 f0 1d 44 47 df fd fd c8 04 04 80",""
200,1449,"PACKET","IN",200,44,"VehicleSync","id=200 bytes=44","c8 28 00 29 00 80 ff 00 00 20 00 5b 10 21 a0 23 e4 8f 46 6a 1c 3f 71 92 54 53 e8 97 e4 26 e6 26 93 ec fe 42 73 1f a7 d6 40 7f 00 00",""
201,1449,"PACKET","IN",207,45,"PlayerSync","id=207 bytes=45","cf 08 00 a0 80 78 3f c0 00 15 d2 e9 70 ca 8d ca 91 7a 40 9e d0 84 00 00 00 02 d0 af c0 00 02 7f 7b f0 f2 2d 4c 1f e3 fd fd c8 04 04 80",""
202,1508,"PACKET","IN",207,45,"PlayerSync","id=207 bytes=45","cf 08 00 a1 00 78 3f c0 00 30 d3 29 70 ea 8d ca 91 58 80 de d0 84 00 00 00 01 cc a7 c0 00 03 ac 78 28 f7 bd 52 23 e3 fd fd c8 04 04 80",""
203,1508,"PACKET","IN",200,44,"VehicleSync","id=200 bytes=44","c8 3c 00 47 00 00 00 00 00 00 00 2c 40 63 20 69 8e 41 24 ba bc 3e 9a 02 54 5c 0f a7 e4 24 ef 5d b3 e9 0e 68 43 33 b7 c6 80 3a 00 50",""
204,1508,"PACKET","IN",211,27,"PassengerSync","id=211 bytes=27","d3 97 00 29 00 01 00 64 4c 00 00 00 00 00 00 d6 46 a1 c3 2a 21 25 45 3f f6 7e 42",""
205,1508,"PACKET","IN",207,41,"PlayerSync","id=207 bytes=41","cf 08 00 00 00 13 93 a9 70 cf 0e 0a 91 7a 00 de d0 84 00 00 00 01 cc a7 c0 00 02 3c b4 54 f4 61 5d 23 e7 fd fd a5 04 04 80",""
206,1508,"PACKET","IN",207,35,"PlayerSync","id=207 bytes=35","cf 0b 00 00 00 04 80 26 f0 c6 7c 89 91 7b 67 1f 10 84 00 00 00 02 c5 e7 c0 00 00 00 00 00 01 28 00 04 11",""
207,1542,"PACKET","IN",200,44,"VehicleSync","id=200 bytes=44","c8 28 00 29 00 80 ff 00 00 20 00 7a 40 0b e0 09 c3 7c b0 8a 1c 34 c0 f2 54 54 e7 87 e4 2d 50 26 f3 e3 bd b4 02 6c a7 d6 40 7f 00 00",""
208,1551,"PACKET","OUT",203,32,"AimSync","id=203 bytes=32","cb 00 00 00 39 05 00 00 00 00 00 00 00 00 00 00 00 40 01 00 00 00 80 3f 00 00 f3 04 b5 3f 39 05",""
209,1574,"PACKET","IN",211,27,"PassengerSync","id=211 bytes=27","d3 97 00 29 00 01 00 64 4c 00 00 00 00 00 00 9c e1 a0 c3 ec 16 25 45 b2 e1 7e 42",""
210,1574,"RPC","IN",72,6,"SetPlayerColor","id=72 bytes=6","69 00 ff ff ff ff",""
211,1575,"PACKET","IN",207,35,"PlayerSync","id=207 bytes=35","cf 00 00 00 00 1d e3 e3 70 f6 e5 09 91 41 63 5e 90 80 00 00 00 03 4b 47 00 00 00 00 00 00 01 a5 04 e8 80",""
212,1575,"PACKET","IN",207,41,"PlayerSync","id=207 bytes=41","cf 08 00 00 00 15 93 69 70 f3 0e 4a 91 43 01 1e d0 84 00 00 00 01 cc a7 c0 00 01 9e 6e 8c f1 46 79 6b f3 fd fd a5 04 04 80",""
213,1576,"PACKET","OUT",207,69,"PlayerSync","id=207 bytes=69","cf 00 00 00 00 00 00 f7 9e a0 c3 55 1c 27 45 ed 9c 7c 42 58 d8 36 3f 00 00 00 80 00 00 00 00 cb 2c 33 bf 64 00 04 00 00 00 00 00 00 00 00 00 00 00 00 00 00 00 00 00 00 00 00 00 00 00 00 00 00 00 28 00 04 11",""
214,1599,"RPC","IN",99,42,"MoveObject","id=99 bytes=42","28 00 f8 e3 a1 c3 d7 9b 26 45 ed 5e 7b 42 f8 e3 a1 c3 d7 9b 26 45 53 c5 7d 42 00 00 80 3e 00 00 00 00 00 00 00 00 08 cc 84 43",""
215,1599,"RPC","IN",122,2,"StopObject","id=122 bytes=2","28 00",""
216,1599,"RPC","IN",99,42,"MoveObject","id=99 bytes=42","28 00 f8 e3 a1 c3 d7 9b 26 45 ed 5e 7b 42 f8 e3 a1 c3 d7 9b 26 45 ed 5e 7b 42 00 00 80 3e 00 00 00 00 00 00 00 00 08 cc 84 43",""
217,1624,"PACKET","IN",200,44,"VehicleSync","id=200 bytes=44","c8 28 00 29 00 80 ff 00 00 20 00 35 c0 1c f0 4a 02 4c 6a fa 0c 3f 10 22 54 5e 46 47 e4 25 08 37 43 e1 8d 2d 31 d9 e7 d6 40 7f 00 00",""
218,1625,"PACKET","IN",200,44,"VehicleSync","id=200 bytes=44","c8 3c 00 47 00 00 00 00 00 00 00 21 50 55 70 6a 8e 23 58 ba ac 3e 98 f2 54 5b bc 27 e4 29 f1 dd a3 ee 9e 8c 53 63 a7 c6 80 3a 00 50",""
219,1625,"PACKET","IN",207,35,"PlayerSync","id=207 bytes=35","cf 7e 00 00 00 27 c2 66 f0 e4 cb 89 d1 7b 67 1f 10 84 00 00 00 00 5a b7 94 00 00 00 00 00 01 28 00 04 11",""
220,1650,"PACKET","IN",211,27,"PassengerSync","id=211 bytes=27","d3 97 00 29 00 01 00 64 4c 00 00 00 00 00 00 cd 84 a0 c3 85 0b 25 45 bb c3 7e 42",""
221,1650,"PACKET","IN",200,44,"VehicleSync","id=200 bytes=44","c8 3c 00 47 00 00 00 00 00 00 00 26 80 48 80 6f 6e 12 dc ea 9c 3c 67 f2 54 54 88 e7 e4 23 f3 fd 83 ee ce 93 b3 85 e7 c6 80 3a 00 50",""
222,1650,"PACKET","IN",207,35,"PlayerSync","id=207 bytes=35","cf 4b 00 00 00 34 a8 a3 70 ff 5d 09 91 7b 23 5e 90 80 00 00 00 03 47 12 00 00 00 00 00 00 01 28 00 04 11",""
223,1685,"PACKET","IN",207,41,"PlayerSync","id=207 bytes=41","cf 08 00 00 00 33 d3 29 70 f3 ce 8a 91 4a 41 1e d0 84 00 00 00 01 cc a7 c0 00 00 71 88 80 f0 d6 58 37 fb fd fd a5 04 04 80",""
224,1685,"PACKET","IN",207,35,"PlayerSync","id=207 bytes=35","cf 55 00 00 00 32 ed e6 b0 da b6 49 91 7b 67 1f 10 84 00 00 00 00 72 71 80 00 00 00 00 00 01 28 00 04 11",""
225,1685,"PACKET","IN",207,35,"PlayerSync","id=207 bytes=35","cf 1b 00 00 00 14 4b 23 30 e7 5e 49 91 72 1f 1e 90 84 00 00 00 03 f6 d3 00 00 00 00 00 00 01 28 00 04 11",""
226,1686,"PACKET","IN",200,44,"VehicleSync","id=200 bytes=44","c8 28 00 29 00 80 ff 00 00 20 00 35 10 2c 20 85 41 1b 76 2a 0c 36 5f 52 44 56 15 17 e4 2d bb 57 43 e3 ac 55 c1 4b 17 d6 40 7f 00 00",""
227,1713,"PACKET","IN",207,35,"PlayerSync","id=207 bytes=35","cf 60 00 00 00 18 4b 23 30 d2 98 49 91 73 1f 1e 90 84 00 00 00 00 9a bd c0 00 00 00 00 00 01 28 00 04 11",""
228,1713,"PACKET","IN",200,44,"VehicleSync","id=200 bytes=44","c8 3c 00 47 00 00 00 00 00 00 00 2b 80 48 c0 6c 2e 19 f1 8a 9c 38 b7 02 54 53 a5 d7 e4 23 b6 7d 63 e4 de ac b3 86 87 c6 80 3a 00 50",""
229,1713,"PACKET","IN",203,34,"AimSync","id=203 bytes=34","cb 3c 00 12 f8 e8 3f 3f 59 1a 24 bf 66 9b 28 be 1a a0 aa c3 63 9a 25 45 9f 2b 82 42 00 00 00 00 02 36",""
230,1713,"PACKET","IN",207,35,"PlayerSync","id=207 bytes=35","cf 54 00 00 00 31 4a e3 30 d7 9b 89 91 71 1f 1e 90 84 00 00 00 03 1e c2 c0 00 00 00 00 00 01 28 00 04 11",""
231,1713,"PACKET","IN",211,27,"PassengerSync","id=211 bytes=27","d3 97 00 29 00 01 00 64 4c 00 00 00 00 00 00 f6 2f a0 c3 b8 fe 24 45 c8 a1 7e 42",""
232,1734,"RPC","IN",16,16,"PlaySound","id=16 bytes=16","42 51 00 00 00 00 00 00 00 00 00 00 00 00 00 00",""
233,1734,"RPC","IN",134,80,"ShowTextDraw","id=134 bytes=80","2c 08 11 9a 99 19 3f 00 00 00 40 1a ff 00 aa 33 33 23 42 00 00 a0 41 00 00 00 32 00 01 00 00 00 ff 04 00 00 00 59 43 00 00 b8 43 00 00 00 00 00 00 00 00 00 00 00 00 00 00 00 00 80 3f ff ff ff ff 0d 00 6c 64 5f 64 75 61 6c 3a 77 68 69 74 65",""
234,1734,"RPC","IN",105,7,"TextDrawSetString","id=105 bytes=7 | TextDrawID=2086 length=3 text=""100""","26 08 03 00 31 30 30",""
235,1734,"RPC","IN",105,5,"TextDrawSetString","id=105 bytes=5 | TextDrawID=2087 length=1 text=""0""","27 08 01 00 30",""
236,1735,"RPC","IN",105,6,"TextDrawSetString","id=105 bytes=6 | TextDrawID=2088 length=2 text=""46""","28 08 02 00 34 36",""
237,1735,"RPC","IN",105,5,"TextDrawSetString","id=105 bytes=5 | TextDrawID=2089 length=1 text=""2""","29 08 01 00 32",""
238,1735,"RPC","IN",105,7,"TextDrawSetString","id=105 bytes=7 | TextDrawID=2090 length=3 text=""100""","2a 08 03 00 31 30 30",""
239,1761,"PACKET","IN",207,35,"PlayerSync","id=207 bytes=35","cf 08 00 00 00 29 d3 29 70 c2 4e ca 91 4b 41 1e d0 84 00 00 00 01 cc a7 c0 00 00 00 00 00 01 a5 04 04 80",""
240,1762,"RPC","IN",86,27,"ApplyPlayerAnimation","id=86 bytes=27","00 00 07 42 44 5f 46 49 52 45 07 77 61 73 68 5f 75 70 33 33 83 40 80 00 00 00 00",""
241,1762,"PACKET","IN",207,35,"PlayerSync","id=207 bytes=35","cf 15 00 00 00 0d a7 68 30 e3 bc 89 91 7b 67 1f 10 84 00 00 00 03 e6 8d 80 00 00 00 00 00 01 28 00 04 11",""
242,1801,"PACKET","IN",200,44,"VehicleSync","id=200 bytes=44","c8 28 00 29 00 80 ff 00 00 20 00 22 50 2c 90 bb 60 17 e2 3a 0c 38 be 62 44 59 93 f7 e4 27 71 e7 a3 e4 fb 61 c0 c0 87 e6 40 7f 00 00",""
243,1801,"PACKET","IN",203,34,"AimSync","id=203 bytes=34","cb 28 00 12 76 93 57 3f 50 de ff be 64 af 4f be 69 e0 a3 c3 78 35 25 45 ff 81 84 42 00 00 00 00 3f 36",""
244,1801,"PACKET","IN",207,35,"PlayerSync","id=207 bytes=35","cf 4f 00 00 00 0a f1 a3 30 c2 14 89 91 76 20 de 90 80 00 00 00 03 60 5a 00 00 00 00 00 00 01 28 00 04 11",""
245,1821,"PACKET","IN",200,44,"VehicleSync","id=200 bytes=44","c8 3c 00 47 00 00 00 00 00 00 00 25 10 5d 70 6b 4e 1a 67 5a 8c 3e f6 22 54 52 13 07 e4 2b 39 cd 43 e5 ee ae 63 83 e7 c6 80 3a 00 50",""
246,1821,"PACKET","IN",211,27,"PassengerSync","id=211 bytes=27","d3 97 00 29 00 01 00 64 4c 00 00 00 00 00 00 e8 e7 9f c3 2c f0 24 45 9a 80 7e 42",""
247,1821,"PACKET","IN",207,35,"PlayerSync","id=207 bytes=35","cf 63 00 00 00 35 85 e6 f0 f9 48 49 d1 7b 67 1f 10 84 00 00 00 03 a1 c6 00 00 00 00 00 00 01 28 00 04 11",""
248,1843,"PACKET","IN",207,35,"PlayerSync","id=207 bytes=35","cf 30 00 00 00 11 cb 23 30 f6 e1 09 91 71 df 1e 90 84 00 00 00 00 0a cf 00 00 00 00 00 00 01 28 00 04 11",""
249,1844,"PACKET","IN",207,35,"PlayerSync","id=207 bytes=35","cf 5e 00 00 00 21 d0 22 b0 c3 a9 09 91 6c 1a 9e 90 84 00 00 00 02 14 82 c0 00 00 00 00 00 01 a5 04 e8 80",""
250,1865,"PACKET","IN",200,44,"VehicleSync","id=200 bytes=44","c8 28 00 29 00 80 ff 00 00 00 00 22 30 18 20 d2 d1 39 ef 79 fc 38 bd 72 44 58 33 27 e4 2d 5a 97 43 eb 5a 5b 00 59 67 e6 40 7f 00 00",""
251,1865,"PACKET","IN",207,35,"PlayerSync","id=207 bytes=35","cf 46 00 00 00 14 32 e6 b0 ea bf 49 91 7b 67 1f 10 84 00 00 00 00 f1 9b c0 00 00 00 00 00 01 28 00 04 11",""
252,1865,"PACKET","IN",207,35,"PlayerSync","id=207 bytes=35","cf 5b 00 00 00 07 c2 e6 f0 dc f9 09 91 7b 67 1f 10 80 00 00 00 01 0b e2 00 00 00 00 00 00 01 a5 04 e8 80",""
253,1866,"PACKET","IN",207,35,"PlayerSync","id=207 bytes=35","cf 6b 00 00 00 39 02 a6 f0 d3 4e 89 d1 7b 67 1f 10 84 00 00 00 03 7b 67 40 00 00 00 00 00 01 28 00 04 11",""
254,1866,"PACKET","OUT",205,9,"UNKNOWN_PACKET","id=205 bytes=9","cd b8 4a 04 00 00 00 00 00",""
255,1892,"PACKET","IN",211,27,"PassengerSync","id=211 bytes=27","d3 97 00 29 00 01 00 64 4c 00 00 00 00 00 00 30 ae 9f c3 0a e1 24 45 0d 6a 7e 42",""
256,1915,"PACKET","IN",207,35,"PlayerSync","id=207 bytes=35","cf 92 00 00 00 2c 75 e2 f0 dd a6 09 91 79 9e 1e 90 84 00 00 00 00 c2 8d c0 00 00 00 00 00 01 a5 04 04 80",""
257,1938,"PACKET","IN",207,35,"PlayerSync","id=207 bytes=35","cf 00 00 00 00 1d e3 e3 70 f6 e5 09 91 41 63 5e 90 80 00 00 00 03 4b 47 00 00 00 00 00 00 01 28 00 04 11",""
258,1938,"PACKET","IN",207,35,"PlayerSync","id=207 bytes=35","cf 2d 00 00 00 34 a7 e5 b0 d2 4e 89 d1 6c 24 9f 10 84 00 00 00 01 78 73 c0 00 00 00 00 00 01 28 00 04 11",""
259,1938,"PACKET","IN",203,34,"AimSync","id=203 bytes=34","cb 2d 00 04 24 c7 24 3f 33 96 3e 3f 46 97 35 be be 20 97 c3 a5 27 27 45 99 0a 80 42 00 00 00 00 3f 28",""
260,1938,"PACKET","IN",200,44,"VehicleSync","id=200 bytes=44","c8 28 00 29 00 00 00 00 00 00 00 63 30 01 c0 e3 72 3c bd e9 fc 3c 0c 82 44 5a 02 a7 e4 20 e8 06 c3 e3 89 24 e0 13 17 f6 40 7f 00 00",""
261,1938,"PACKET","IN",207,35,"PlayerSync","id=207 bytes=35","cf 85 00 00 00 19 15 a5 b0 d1 07 09 d1 6c 24 9f 10 80 00 00 00 00 31 f1 80 00 00 00 00 00 01 28 00 04 11",""
262,1939,"PACKET","IN",203,34,"AimSync","id=203 bytes=34","cb 85 00 04 46 60 3e 3e d4 7c 77 3f 00 cf 33 be ee 8a 96 c3 1e fa 26 45 05 43 80 42 00 00 00 00 3f c6",""
263,1961,"PACKET","IN",207,35,"PlayerSync","id=207 bytes=35","cf 83 00 00 00 03 66 a3 70 d0 20 49 91 77 21 9e 90 80 00 00 00 03 f2 9a 40 00 00 00 00 00 01 28 00 04 11",""
264,1961,"PACKET","IN",203,34,"AimSync","id=203 bytes=34","cb 83 00 04 12 de ed 3d cd 2e 76 bf 58 6e 7e be 2d c2 8d c3 c5 aa 26 45 da 9b 7f 42 00 00 00 00 3f c6",""
265,1980,"PACKET","IN",200,44,"VehicleSync","id=200 bytes=44","c8 3c 00 47 00 00 00 00 00 00 00 27 30 42 d0 6b 0e 19 d3 1a 7c 3d 34 72 54 5c bd 67 d4 21 7f 0d 03 e4 ce ac 53 8c 97 c6 80 3a 00 50",""
266,2001,"PACKET","IN",211,27,"PassengerSync","id=211 bytes=27","d3 97 00 29 00 01 00 64 4c 00 00 00 00 00 00 a7 8c 9f c3 c8 d0 24 45 18 5a 7e 42",""
267,2025,"PACKET","IN",200,44,"VehicleSync","id=200 bytes=44","c8 28 00 29 00 00 00 00 00 00 00 62 e0 13 90 ef a2 f0 fd a9 fc 32 db c2 44 56 c2 77 e4 2a b0 26 23 e8 07 e0 20 0a 87 f6 40 7f 00 00",""
268,2026,"PACKET","IN",200,44,"VehicleSync","id=200 bytes=44","c8 3c 00 47 00 00 00 00 00 00 00 20 d0 46 10 6a fe 12 08 ca 6c 3f 63 92 54 59 3b 67 d4 20 50 4c f3 e5 1e ac 43 89 47 d6 80 3a 00 50",""
269,2045,"PACKET","IN",207,35,"PlayerSync","id=207 bytes=35","cf 0b 00 00 00 04 80 26 f0 c6 7c 89 91 7b 67 1f 10 84 00 00 00 02 c5 e7 c0 00 00 00 00 00 01 28 00 04 11",""
270,2078,"PACKET","OUT",203,32,"AimSync","id=203 bytes=32","cb 00 00 00 39 05 00 00 00 00 00 00 00 00 00 00 00 40 01 00 00 00 80 3f 00 00 f3 04 b5 3f 39 05",""
271,2112,"PACKET","IN",200,44,"VehicleSync","id=200 bytes=44","c8 28 00 29 00 00 00 00 00 00 00 60 d0 2d e0 db 73 c4 ae 69 fc 35 ca f2 44 50 72 77 e4 23 5f b5 43 e9 a6 82 70 21 d8 06 40 7f 00 00",""
272,2112,"PACKET","IN",200,44,"VehicleSync","id=200 bytes=44","c8 3c 00 47 00 00 00 00 00 00 00 20 c0 4a 70 6a de 13 7e ea 5c 3c 02 c2 54 58 09 c7 d4 21 21 fc d3 e5 de ad 53 8d 07 d6 80 3a 00 50",""
273,2112,"PACKET","IN",211,27,"PassengerSync","id=211 bytes=27","d3 97 00 29 00 01 00 64 4c 00 00 00 00 00 00 59 7f 9f c3 c8 c0 24 45 43 52 7e 42",""
274,2112,"PACKET","OUT",207,69,"PlayerSync","id=207 bytes=69","cf 00 00 00 00 00 00 f7 9e a0 c3 55 1c 27 45 ed 9c 7c 42 58 d8 36 3f 00 00 00 80 00 00 00 00 cb 2c 33 bf 64 00 04 00 00 00 00 00 00 00 00 00 00 00 00 00 00 00 00 00 00 00 00 00 00 00 00 00 00 00 28 00 04 11",""
275,2137,"PACKET","IN",211,27,"PassengerSync","id=211 bytes=27","d3 97 00 29 00 01 00 64 4c 00 00 00 00 00 00 a5 8c 9f c3 5a b1 24 45 37 4d 7e 42",""
276,2137,"PACKET","IN",203,34,"AimSync","id=203 bytes=34","cb 97 00 12 95 a9 c9 3e 62 f1 69 bf 18 5a ca bd da 73 a1 c3 a3 30 25 45 e7 ac 82 42 00 00 00 00 3f 36",""
277,2161,"RPC","IN",105,19,"TextDrawSetString","id=105 bytes=19 | TextDrawID=303 length=15 text=""09 Agustus 2026""","2f 01 0f 00 30 39 20 41 67 75 73 74 75 73 20 32 30 32 36",""
278,2161,"RPC","IN",105,12,"TextDrawSetString","id=105 bytes=12 | TextDrawID=304 length=8 text=""12:19:03""","30 01 08 00 31 32 3a 31 39 3a 30 33",""
279,2186,"PACKET","IN",200,44,"VehicleSync","id=200 bytes=44","c8 28 00 29 00 80 00 00 00 00 00 69 a0 2f 00 cc 74 70 b0 0a 0c 30 ea 42 44 55 22 97 e4 2a d6 94 83 e7 d5 6e b0 68 98 06 40 7f 00 00",""
280,2212,"PACKET","IN",207,35,"PlayerSync","id=207 bytes=35","cf 08 00 00 00 29 d3 29 70 c2 4e ca 91 4b 41 1e d0 84 00 00 00 01 cc a7 c0 00 00 00 00 00 01 a5 04 04 80",""
281,2212,"PACKET","IN",203,34,"AimSync","id=203 bytes=34","cb 08 00 04 0e c8 75 bf 0f e4 80 3e 61 b4 f9 3d 13 c9 a3 c3 54 2e 2a 45 c5 e0 7b 42 00 00 00 00 3f 36",""
282,2212,"PACKET","IN",207,35,"PlayerSync","id=207 bytes=35","cf 1b 00 00 00 14 4b 23 30 e7 5e 49 91 72 1f 1e 90 84 00 00 00 03 f6 d3 00 00 00 00 00 00 01 28 00 04 11",""
283,2212,"PACKET","IN",207,35,"PlayerSync","id=207 bytes=35","cf 4b 00 00 00 34 a8 a3 70 ff 5d 09 91 7b 23 5e 90 80 00 00 00 03 47 12 00 00 00 00 00 00 01 28 00 04 11",""
284,2212,"PACKET","IN",207,35,"PlayerSync","id=207 bytes=35","cf 55 00 00 00 32 ed e6 b0 da b6 49 91 7b 67 1f 10 84 00 00 00 00 72 71 80 00 00 00 00 00 01 28 00 04 11",""
285,2212,"PACKET","IN",207,35,"PlayerSync","id=207 bytes=35","cf 7e 00 00 00 27 c2 66 f0 e4 cb 89 d1 7b 67 1f 10 84 00 00 00 00 5a b7 94 00 00 00 00 00 01 28 00 04 11",""
286,2234,"PACKET","IN",207,35,"PlayerSync","id=207 bytes=35","cf 7c 00 00 00 2e 67 68 30 c9 79 09 91 7b 67 1f 10 84 00 00 00 03 5a 96 40 00 00 00 00 00 01 28 00 04 11",""
287,2234,"PACKET","IN",203,34,"AimSync","id=203 bytes=34","cb 7c 00 04 f9 9c c1 be aa 17 62 3f 92 14 8e be 3b 71 a0 c3 27 d7 26 45 40 04 80 42 00 00 00 00 3f 20",""
288,2234,"PACKET","IN",211,27,"PassengerSync","id=211 bytes=27","d3 97 00 29 00 01 00 64 4c 00 00 00 00 00 00 20 ad 9f c3 58 a3 24 45 0f 4e 7e 42",""
289,2234,"RPC","IN",87,2,"ClearPlayerAnimation","id=87 bytes=2","6b 00",""
290,2235,"RPC","IN",86,29,"ApplyPlayerAnimation","id=86 bytes=29","6b 00 05 43 41 52 52 59 0b 63 72 72 79 5f 70 72 74 69 61 6c 33 33 83 40 00 00 00 00 00",""
291,2235,"PACKET","IN",200,44,"VehicleSync","id=200 bytes=44","c8 28 00 29 00 80 00 00 00 08 00 6a d0 30 10 b4 f5 1a a2 0a 0c 31 49 a2 44 55 d2 d7 e4 2b ce d2 93 e7 84 b4 70 be 88 06 40 7f 00 00",""
292,2277,"RPC","IN",86,27,"ApplyPlayerAnimation","id=86 bytes=27","5e 00 07 42 44 5f 46 49 52 45 07 77 61 73 68 5f 75 70 33 33 83 40 80 00 00 00 00",""
293,2277,"PACKET","IN",207,35,"PlayerSync","id=207 bytes=35","cf 54 00 00 00 31 4a e3 30 d7 9b 89 91 71 1f 1e 90 84 00 00 00 03 1e c2 c0 00 00 00 00 00 01 28 00 04 11",""
294,2278,"PACKET","IN",207,35,"PlayerSync","id=207 bytes=35","cf 60 00 00 00 18 4b 23 30 d2 98 49 91 73 1f 1e 90 84 00 00 00 00 9a bd c0 00 00 00 00 00 01 28 00 04 11",""
295,2305,"PACKET","IN",207,35,"PlayerSync","id=207 bytes=35","cf 08 00 00 00 29 d3 29 70 c2 4e ca 91 4b 41 1e d0 84 00 00 00 01 cc a7 c0 00 00 00 00 00 01 a5 04 04 80",""
296,2306,"PACKET","IN",207,35,"PlayerSync","id=207 bytes=35","cf 46 00 00 00 14 32 e6 b0 ea bf 49 91 7b 67 1f 10 84 00 00 00 00 f1 9b c0 00 00 00 00 00 01 28 00 04 11",""
297,2336,"PACKET","IN",211,27,"PassengerSync","id=211 bytes=27","d3 97 00 29 00 01 00 64 4c 00 00 00 00 00 00 0e da 9f c3 4b 97 24 45 a0 57 7e 42",""
298,2337,"PACKET","IN",200,44,"VehicleSync","id=200 bytes=44","c8 28 00 29 00 80 00 00 00 08 00 6d 70 42 d0 8f d5 9f 24 4a 0c 34 89 12 44 55 93 37 e4 28 00 70 63 e7 a4 15 01 06 a8 16 40 7f 00 00",""
299,2337,"PACKET","IN",207,35,"PlayerSync","id=207 bytes=35","cf 6b 00 00 00 39 02 a6 f0 d3 4e 89 d1 7b 67 1f 10 84 00 00 00 03 7b 67 40 00 00 00 00 00 01 a5 04 e8 80",""
300,2367,"RPC","IN",99,42,"MoveObject","id=99 bytes=42","28 00 f8 e3 a1 c3 d7 9b 26 45 ed 5e 7b 42 f8 e3 a1 c3 d7 9b 26 45 53 c5 7d 42 00 00 80 3e 00 00 00 00 00 00 00 00 08 cc 84 43",""
301,2368,"RPC","IN",122,2,"StopObject","id=122 bytes=2","28 00",""
302,2368,"RPC","IN",99,42,"MoveObject","id=99 bytes=42","28 00 f8 e3 a1 c3 d7 9b 26 45 ed 5e 7b 42 f8 e3 a1 c3 d7 9b 26 45 ed 5e 7b 42 00 00 80 3e 00 00 00 00 00 00 00 00 08 cc 84 43",""
303,2368,"RPC","IN",122,2,"StopObject","id=122 bytes=2","28 00",""
304,2368,"RPC","IN",99,42,"MoveObject","id=99 bytes=42","28 00 f8 e3 a1 c3 d7 9b 26 45 ed 5e 7b 42 f8 e3 a1 c3 d7 9b 26 45 53 c5 7d 42 00 00 80 3e 00 00 00 00 00 00 00 00 08 cc 84 43",""
305,2368,"RPC","IN",122,2,"StopObject","id=122 bytes=2","28 00",""
306,2368,"RPC","IN",99,42,"MoveObject","id=99 bytes=42","28 00 f8 e3 a1 c3 d7 9b 26 45 ed 5e 7b 42 f8 e3 a1 c3 d7 9b 26 45 ed 5e 7b 42 00 00 80 3e 00 00 00 00 00 00 00 00 08 cc 84 43",""
307,2368,"RPC","IN",122,2,"StopObject","id=122 bytes=2","28 00",""
308,2369,"RPC","IN",99,42,"MoveObject","id=99 bytes=42","28 00 f8 e3 a1 c3 d7 9b 26 45 ed 5e 7b 42 f8 e3 a1 c3 d7 9b 26 45 53 c5 7d 42 00 00 80 3e 00 00 00 00 00 00 00 00 08 cc 84 43",""
309,2369,"RPC","IN",122,2,"StopObject","id=122 bytes=2","28 00",""
310,2369,"RPC","IN",99,42,"MoveObject","id=99 bytes=42","28 00 f8 e3 a1 c3 d7 9b 26 45 ed 5e 7b 42 f8 e3 a1 c3 d7 9b 26 45 ed 5e 7b 42 00 00 80 3e 00 00 00 00 00 00 00 00 08 cc 84 43",""
311,2369,"RPC","IN",122,2,"StopObject","id=122 bytes=2","28 00",""
312,2369,"RPC","IN",99,42,"MoveObject","id=99 bytes=42","28 00 f8 e3 a1 c3 d7 9b 26 45 ed 5e 7b 42 f8 e3 a1 c3 d7 9b 26 45 53 c5 7d 42 00 00 80 3e 00 00 00 00 00 00 00 00 08 cc 84 43",""
313,2369,"RPC","IN",122,2,"StopObject","id=122 bytes=2","28 00",""
314,2369,"RPC","IN",99,42,"MoveObject","id=99 bytes=42","28 00 f8 e3 a1 c3 d7 9b 26 45 ed 5e 7b 42 f8 e3 a1 c3 d7 9b 26 45 ed 5e 7b 42 00 00 80 3e 00 00 00 00 00 00 00 00 08 cc 84 43",""
315,2369,"RPC","IN",122,2,"StopObject","id=122 bytes=2","28 00",""
316,2369,"RPC","IN",99,42,"MoveObject","id=99 bytes=42","28 00 f8 e3 a1 c3 d7 9b 26 45 ed 5e 7b 42 f8 e3 a1 c3 d7 9b 26 45 53 c5 7d 42 00 00 80 3e 00 00 00 00 00 00 00 00 08 cc 84 43",""
317,2370,"RPC","IN",122,2,"StopObject","id=122 bytes=2","28 00",""
318,2370,"RPC","IN",99,42,"MoveObject","id=99 bytes=42","28 00 f8 e3 a1 c3 d7 9b 26 45 ed 5e 7b 42 f8 e3 a1 c3 d7 9b 26 45 ed 5e 7b 42 00 00 80 3e 00 00 00 00 00 00 00 00 08 cc 84 43",""
319,2370,"RPC","IN",122,2,"StopObject","id=122 bytes=2","28 00",""
320,2370,"RPC","IN",99,42,"MoveObject","id=99 bytes=42","28 00 f8 e3 a1 c3 d7 9b 26 45 ed 5e 7b 42 f8 e3 a1 c3 d7 9b 26 45 53 c5 7d 42 00 00 80 3e 00 00 00 00 00 00 00 00 08 cc 84 43",""
321,2399,"PACKET","IN",200,44,"VehicleSync","id=200 bytes=44","c8 3c 00 47 00 59 00 03 00 00 00 24 c0 33 30 52 fe 50 5b 4a 4c 3b b1 02 54 5a d6 47 d4 20 7a 3c 93 e4 5e 61 13 3a 97 d6 80 3a 00 50",""
322,2399,"PACKET","IN",207,35,"PlayerSync","id=207 bytes=35","cf 5b 00 00 00 07 c2 e6 f0 dc f9 09 91 7b 67 1f 10 80 00 00 00 01 0b e2 00 00 00 00 00 00 01 a5 04 e8 80",""
323,2400,"PACKET","IN",207,35,"PlayerSync","id=207 bytes=35","cf 30 00 00 00 11 cb 23 30 f6 e1 09 91 71 df 1e 90 84 00 00 00 00 0a cf 00 00 00 00 00 00 01 28 00 04 11",""
324,2400,"PACKET","IN",207,35,"PlayerSync","id=207 bytes=35","cf 4f 00 00 00 0a f1 a3 30 c2 14 89 91 76 20 de 90 80 00 00 00 03 60 5a 00 00 00 00 00 00 01 28 00 04 11",""
325,2400,"PACKET","IN",207,35,"PlayerSync","id=207 bytes=35","cf 5e 00 00 00 21 d0 22 b0 c3 a9 09 91 6c 1a 9e 90 84 00 00 00 02 14 82 c0 00 00 00 00 00 01 28 00 04 11",""
326,2401,"PACKET","IN",207,35,"PlayerSync","id=207 bytes=35","cf 63 00 00 00 35 85 e6 f0 f9 48 49 d1 7b 67 1f 10 84 00 00 00 03 a1 c6 00 00 00 00 00 00 01 28 00 04 11",""
327,2401,"PACKET","IN",211,27,"PassengerSync","id=211 bytes=27","d3 97 00 29 00 01 00 64 4c 00 00 00 00 00 00 19 fb 9f c3 22 90 24 45 c1 60 7e 42",""
328,2428,"PACKET","IN",200,44,"VehicleSync","id=200 bytes=44","c8 28 00 29 00 80 00 00 00 08 00 60 10 59 d0 52 76 03 a5 ea 0c 3b d8 b2 44 55 a3 87 e4 2b 7a 0c 73 de 73 f3 71 1a 68 16 40 7f 00 00",""
329,2456,"PACKET","IN",207,35,"PlayerSync","id=207 bytes=35","cf 15 00 00 00 0d a7 68 30 e3 bc 89 91 7b 67 1f 10 84 00 00 00 03 e6 8d 80 00 00 00 00 00 01 28 00 04 11",""
330,2457,"PACKET","IN",203,34,"AimSync","id=203 bytes=34","cb 15 00 04 3c dd 39 bf 87 70 27 3f c8 6b 59 be 23 5a 9f c3 31 ce 26 45 64 fb 80 42 00 00 00 00 3f 36",""
331,2457,"PACKET","IN",200,44,"VehicleSync","id=200 bytes=44","c8 3c 00 47 00 00 00 00 00 20 00 2c 30 5f 50 bb be 84 5e 3a 3c 38 af a2 44 5c 43 f7 d4 29 10 eb 83 ee 8d f4 32 bc 07 d6 80 3a 00 50",""
332,2457,"PACKET","IN",211,27,"PassengerSync","id=211 bytes=27","d3 97 00 29 00 01 00 64 4c 00 00 00 00 00 00 de 1d a0 c3 8d 89 24 45 d0 6f 7e 42",""
333,2484,"PACKET","IN",207,35,"PlayerSync","id=207 bytes=35","cf 00 00 00 00 1d e3 e3 70 f6 e5 09 91 41 63 5e 90 80 00 00 00 03 4b 47 00 00 00 00 00 00 01 28 00 04 11",""
334,2485,"PACKET","IN",200,44,"VehicleSync","id=200 bytes=44","c8 28 00 29 00 80 00 00 00 08 00 65 30 46 10 3c e6 54 f7 0a 0c 3c e8 72 44 51 43 c7 e4 20 6d 78 13 dc f4 0b 21 09 28 16 40 7f 00 00",""
335,2485,"PACKET","IN",207,35,"PlayerSync","id=207 bytes=35","cf 85 00 00 00 19 15 a5 b0 d1 07 09 d1 6c 24 9f 10 80 00 00 00 00 31 f1 80 00 00 00 00 00 01 28 00 04 11",""
336,2522,"RPC","IN",87,2,"ClearPlayerAnimation","id=87 bytes=2","15 00",""
337,2530,"RPC","IN",86,29,"ApplyPlayerAnimation","id=86 bytes=29","15 00 05 43 41 52 52 59 0b 63 72 72 79 5f 70 72 74 69 61 6c 33 33 83 40 00 00 00 00 00",""
338,2559,"PACKET","IN",207,35,"PlayerSync","id=207 bytes=35","cf 0b 00 00 00 04 80 26 f0 c6 7c 89 91 7b 67 1f 10 84 00 00 00 02 c5 e7 c0 00 00 00 00 00 01 28 00 04 11",""
339,2560,"PACKET","IN",211,27,"PassengerSync","id=211 bytes=27","d3 97 00 29 00 01 00 64 4c 00 00 00 00 00 00 9b 35 a0 c3 29 85 24 45 c3 80 7e 42",""
340,2560,"RPC","IN",87,2,"ClearPlayerAnimation","id=87 bytes=2","54 00",""
341,2560,"RPC","IN",86,29,"ApplyPlayerAnimation","id=86 bytes=29","54 00 05 43 41 52 52 59 0b 63 72 72 79 5f 70 72 74 69 61 6c 33 33 83 40 00 00 00 00 00",""
342,2560,"PACKET","IN",200,44,"VehicleSync","id=200 bytes=44","c8 28 00 29 00 80 00 00 00 08 00 61 20 3d 90 17 d6 a5 d7 9a 0c 38 68 52 44 57 b3 d7 e4 27 ad a0 03 d5 e4 f9 90 97 f8 06 40 7f 00 00",""
343,2560,"PACKET","IN",200,44,"VehicleSync","id=200 bytes=44","c8 3c 00 47 00 00 00 00 00 20 00 2c 10 8a d1 10 ae 9f 75 1a 3c 33 2e a2 44 51 41 97 d4 2f 43 49 a3 e2 ed f8 02 a4 e7 c6 80 3a 00 50",""
344,2560,"PACKET","IN",207,35,"PlayerSync","id=207 bytes=35","cf 83 00 00 00 03 66 a3 70 d0 20 49 91 77 21 9e 90 80 00 00 00 03 f2 9a 40 00 00 00 00 00 01 28 00 04 11",""
345,2561,"PACKET","IN",203,34,"AimSync","id=203 bytes=34","cb 83 00 04 12 de ed 3d cd 2e 76 bf 58 6e 7e be 2d c2 8d c3 c5 aa 26 45 da 9b 7f 42 00 00 00 00 3f c6",""
346,2561,"PACKET","IN",207,35,"PlayerSync","id=207 bytes=35","cf 92 00 00 00 2c 75 e2 f0 dd a6 09 91 79 9e 1e 90 84 00 00 00 00 c2 8d c0 00 00 00 00 00 01 a5 04 04 80",""
347,2601,"PACKET","IN",211,27,"PassengerSync","id=211 bytes=27","d3 97 00 29 00 01 00 64 4c 00 00 00 00 00 00 f4 3c a0 c3 a1 83 24 45 a9 86 7e 42",""
348,2604,"PACKET","OUT",203,32,"AimSync","id=203 bytes=32","cb 00 00 00 39 05 00 00 00 00 00 00 00 00 00 00 00 40 01 00 00 00 80 3f 00 00 f3 04 b5 3f 39 05",""
349,2638,"PACKET","IN",207,35,"PlayerSync","id=207 bytes=35","cf 15 00 00 00 0d a7 68 30 e3 bc 89 91 7b 67 1f 10 84 00 00 00 03 e6 8d 80 00 00 00 00 00 01 a5 04 e8 80",""
350,2638,"PACKET","IN",207,35,"PlayerSync","id=207 bytes=35","cf 54 00 00 00 31 4a e3 30 d7 9b 89 91 71 1f 1e 90 84 00 00 00 03 1e c2 c0 00 00 00 00 00 01 a5 04 04 80",""
351,2639,"PACKET","OUT",207,69,"PlayerSync","id=207 bytes=69","cf 00 00 00 00 00 00 f7 9e a0 c3 55 1c 27 45 ed 9c 7c 42 58 d8 36 3f 00 00 00 80 00 00 00 00 cb 2c 33 bf 64 00 04 00 00 00 00 00 00 00 00 00 00 00 00 00 00 00 00 00 00 00 00 00 00 00 00 00 00 00 28 00 04 11",""
352,2659,"RPC","IN",134,79,"ShowTextDraw","id=134 bytes=79","d2 00 12 8f c2 f5 3e 29 5c 8f 3f ff ff ff ff 00 00 e8 41 00 00 18 42 80 80 80 80 00 00 00 00 00 ff 04 00 00 80 c7 43 00 80 b7 43 00 00 00 00 00 00 00 00 00 00 00 00 00 00 00 00 80 3f ff ff ff ff 0c 00 4c 44 5f 42 45 41 54 3a 63 68 69 74",""
353,2659,"RPC","IN",134,79,"ShowTextDraw","id=134 bytes=79","d3 00 12 8f c2 f5 3e 29 5c 8f 3f ff ff ff ff 00 00 04 42 00 00 10 42 80 80 80 80 00 00 00 00 00 ff 04 00 00 00 f6 43 00 80 b7 43 00 00 00 00 00 00 00 00 00 00 00 00 00 00 00 00 80 3f ff ff ff ff 0c 00 4c 44 5f 42 45 41 54 3a 63 68 69 74",""
354,2659,"RPC","IN",134,80,"ShowTextDraw","id=134 bytes=80","d4 00 12 8f c2 f5 3e 29 5c 8f 3f ff ff ff ff 00 00 be 42 00 00 96 42 80 80 80 80 00 00 00 00 00 ff 04 00 00 00 cf 43 00 80 ba 43 00 00 00 00 00 00 00 00 00 00 00 00 00 00 00 00 80 3f ff ff ff ff 0d 00 4c 44 5f 53 50 41 43 3a 77 68 69 74 65",""
355,2659,"RPC","IN",134,80,"ShowTextDraw","id=134 bytes=80","d5 00 12 8f c2 f5 3e 29 5c 8f 3f ff ff ff ff 00 00 e8 42 00 00 82 42 80 80 80 80 00 00 00 00 00 ff 04 00 00 00 ca 43 00 80 bf 43 00 00 00 00 00 00 00 00 00 00 00 00 00 00 00 00 80 3f ff ff ff ff 0d 00 4c 44 5f 53 50 41 43 3a 77 68 69 74 65",""
356,2660,"RPC","IN",134,79,"ShowTextDraw","id=134 bytes=79","d6 00 12 8f c2 f5 3e 29 5c 8f 3f 00 00 00 ff 00 00 08 42 00 00 28 42 80 80 80 80 00 00 00 00 00 ff 04 00 00 80 c7 43 00 80 b7 43 00 00 00 00 00 00 00 00 00 00 00 00 00 00 00 00 80 3f ff ff ff ff 0c 00 4c 44 5f 42 45 41 54 3a 63 68 69 74",""
357,2660,"RPC","IN",134,79,"ShowTextDraw","id=134 bytes=79","d7 00 12 8f c2 f5 3e 29 5c 8f 3f 00 00 00 ff 00 00 04 42 00 00 14 42 80 80 80 80 00 00 00 00 00 ff 04 00 00 80 f5 43 00 00 b8 43 00 00 00 00 00 00 00 00 00 00 00 00 00 00 00 00 80 3f ff ff ff ff 0c 00 4c 44 5f 42 45 41 54 3a 63 68 69 74",""
358,2660,"RPC","IN",134,80,"ShowTextDraw","id=134 bytes=80","d8 00 12 8f c2 f5 3e 29 5c 8f 3f 00 00 00 ff 00 00 b4 42 00 00 94 42 80 80 80 80 00 00 00 00 00 ff 04 00 00 80 d0 43 00 00 bb 43 00 00 00 00 00 00 00 00 00 00 00 00 00 00 00 00 80 3f ff ff ff ff 0d 00 4c 44 5f 53 50 41 43 3a 77 68 69 74 65",""
359,2660,"RPC","IN",134,80,"ShowTextDraw","id=134 bytes=80","d9 00 12 8f c2 f5 3e 29 5c 8f 3f 00 00 00 ff 00 00 e4 42 00 00 7c 42 80 80 80 80 00 00 00 00 00 ff 04 00 00 80 ca 43 00 80 c0 43 00 00 00 00 00 00 00 00 00 00 00 00 00 00 00 00 80 3f ff ff ff ff 0d 00 4c 44 5f 53 50 41 43 3a 77 68 69 74 65",""
360,2660,"RPC","IN",134,79,"ShowTextDraw","id=134 bytes=79","da 00 12 8f c2 f5 3e 29 5c 8f 3f 00 c3 ff ff 00 00 04 42 00 00 14 42 80 80 80 80 00 00 00 00 00 ff 04 00 00 80 c8 43 00 00 b9 43 00 00 00 00 00 00 00 00 00 00 00 00 00 00 00 00 80 3f ff ff ff ff 0c 00 4c 44 5f 42 45 41 54 3a 63 68 69 74",""
361,2660,"RPC","IN",134,79,"ShowTextDraw","id=134 bytes=79","db 00 12 8f c2 f5 3e 29 5c 8f 3f 00 c3 ff ff 00 00 04 42 00 00 14 42 80 80 80 80 00 00 00 00 00 ff 04 00 00 80 f4 43 00 00 b9 43 00 00 00 00 00 00 00 00 00 00 00 00 00 00 00 00 80 3f ff ff ff ff 0c 00 4c 44 5f 42 45 41 54 3a 63 68 69 74",""
362,2660,"RPC","IN",134,80,"ShowTextDraw","id=134 bytes=80","dc 00 12 8f c2 f5 3e 29 5c 8f 3f 00 c3 ff ff 00 00 b4 42 00 00 90 42 80 80 80 80 00 00 00 00 00 ff 04 00 00 00 d1 43 00 00 bc 43 00 00 00 00 00 00 00 00 00 00 00 00 00 00 00 00 80 3f ff ff ff ff 0d 00 4c 44 5f 53 50 41 43 3a 77 68 69 74 65",""
363,2660,"RPC","IN",134,80,"ShowTextDraw","id=134 bytes=80","dd 00 12 8f c2 f5 3e 29 5c 8f 3f 00 c3 ff ff 00 00 dc 42 00 00 78 42 80 80 80 80 00 00 00 00 00 ff 04 00 00 80 cb 43 00 00 c1 43 00 00 00 00 00 00 00 00 00 00 00 00 00 00 00 00 80 3f ff ff ff ff 0d 00 4c 44 5f 53 50 41 43 3a 77 68 69 74 65",""
364,2660,"RPC","IN",134,79,"ShowTextDraw","id=134 bytes=79","de 00 12 8f c2 f5 3e 29 5c 8f 3f 00 00 00 ff 00 00 40 41 00 00 50 41 80 80 80 80 00 00 00 00 00 ff 04 00 00 80 e3 43 00 80 bc 43 00 00 00 00 00 00 00 00 00 00 00 00 00 00 00 00 80 3f ff ff ff ff 0c 00 4c 44 5f 42 45 41 54 3a 63 68 69 74",""
365,2661,"RPC","IN",134,83,"ShowTextDraw","id=134 bytes=83","df 00 12 8f c2 f5 3e 29 5c 8f 3f ff ff ff ff 00 00 c0 40 00 00 e0 40 80 80 80 80 00 00 00 00 00 ff 04 00 00 00 d5 43 00 00 be 43 00 00 00 00 00 00 00 00 00 00 00 00 00 00 00 00 80 3f ff ff ff ff 10 00 48 55 44 3a 72 61 64 61 72 5f 63 65 6e 74 72 65",""
366,2661,"RPC","IN",134,80,"ShowTextDraw","id=134 bytes=80","e0 00 12 8f c2 f5 3e 29 5c 8f 3f ff ff ff ff 00 00 00 40 00 00 00 40 80 80 80 80 00 00 00 00 00 ff 04 00 00 00 f1 43 00 00 c0 43 00 00 00 00 00 00 00 00 00 00 00 00 00 00 00 00 80 3f ff ff ff ff 0d 00 4c 44 5f 42 55 4d 3a 62 6c 6b 64 6f 74",""
367,2661,"RPC","IN",134,80,"ShowTextDraw","id=134 bytes=80","e1 00 12 8f c2 f5 3e 29 5c 8f 3f ff ff ff ff 00 00 00 40 00 00 40 40 80 80 80 80 00 00 00 00 00 ff 04 00 00 80 f2 43 00 80 bf 43 00 00 00 00 00 00 00 00 00 00 00 00 00 00 00 00 80 3f ff ff ff ff 0d 00 4c 44 5f 42 55 4d 3a 62 6c 6b 64 6f 74",""
368,2661,"RPC","IN",134,72,"ShowTextDraw","id=134 bytes=72","e2 00 18 6f 12 03 3e 44 8b 4c 3f ff ff ff ff 00 00 a0 44 00 00 a0 44 80 80 80 80 00 00 00 00 00 96 01 00 00 00 d1 43 00 00 be 43 00 00 00 00 00 00 00 00 00 00 00 00 00 00 00 00 80 3f ff ff ff ff 05 00 32 31 3a 34 35",""
369,2661,"RPC","IN",134,80,"ShowTextDraw","id=134 bytes=80","e3 00 12 8f c2 f5 3e 29 5c 8f 3f ff ff ff ff 00 00 00 40 00 00 80 40 80 80 80 80 00 00 00 00 00 ff 04 00 00 00 f4 43 00 00 bf 43 00 00 00 00 00 00 00 00 00 00 00 00 00 00 00 00 80 3f ff ff ff ff 0d 00 4c 44 5f 42 55 4d 3a 62 6c 6b 64 6f 74",""
370,2661,"RPC","IN",134,69,"ShowTextDraw","id=134 bytes=69","e4 00 18 6f 12 03 3e 44 8b 4c 3f ff ff ff ff 00 00 a0 44 00 00 a0 44 80 80 80 80 00 00 00 00 00 96 01 00 00 00 ef 43 00 00 be 43 00 00 00 00 00 00 00 00 00 00 00 00 00 00 00 00 80 3f ff ff ff ff 02 00 35 47",""
371,2661,"RPC","IN",134,80,"ShowTextDraw","id=134 bytes=80","e5 00 12 8f c2 f5 3e 29 5c 8f 3f 00 00 00 ff 00 00 30 41 00 00 a0 40 80 80 80 80 00 00 00 00 00 ff 04 00 00 80 f6 43 00 80 be 43 00 00 00 00 00 00 00 00 00 00 00 00 00 00 00 00 80 3f ff ff ff ff 0d 00 4c 44 5f 42 55 4d 3a 62 6c 6b 64 6f 74",""
372,2661,"RPC","IN",134,80,"ShowTextDraw","id=134 bytes=80","e6 00 12 8f c2 f5 3e 29 5c 8f 3f ff ff ff ff 00 00 10 41 00 00 40 40 80 80 80 80 00 00 00 00 00 ff 04 00 00 00 f7 43 00 00 bf 43 00 00 00 00 00 00 00 00 00 00 00 00 00 00 00 00 80 3f ff ff ff ff 0d 00 4c 44 5f 42 55 4d 3a 62 6c 6b 64 6f 74",""
373,2662,"RPC","IN",134,80,"ShowTextDraw","id=134 bytes=80","e7 00 12 8f c2 f5 3e 29 5c 8f 3f 00 00 00 ff 00 00 80 3f 00 00 00 40 80 80 80 80 00 00 00 00 00 ff 04 00 00 00 fc 43 00 80 bf 43 00 00 00 00 00 00 00 00 00 00 00 00 00 00 00 00 80 3f ff ff ff ff 0d 00 4c 44 5f 42 55 4d 3a 62 6c 6b 64 6f 74",""
374,2662,"RPC","IN",134,80,"ShowTextDraw","id=134 bytes=80","e8 00 12 8f c2 f5 3e 29 5c 8f 3f 00 00 00 ff 00 00 bc 42 00 00 34 42 80 80 80 80 00 00 00 00 00 ff 04 00 00 80 cf 43 00 00 c7 43 00 00 00 00 00 00 00 00 00 00 00 00 00 00 00 00 80 3f ff ff ff ff 0d 00 4c 44 5f 42 55 4d 3a 62 6c 6b 64 6f 74",""
375,2662,"RPC","IN",134,79,"ShowTextDraw","id=134 bytes=79","e9 00 12 8f c2 f5 3e 29 5c 8f 3f ff ff ff ff 00 00 80 40 00 00 a0 40 80 80 80 80 00 00 00 00 00 ff 04 00 00 00 d1 43 00 80 c7 43 00 00 00 00 00 00 00 00 00 00 00 00 00 00 00 00 80 3f ff ff ff ff 0c 00 4c 44 5f 42 45 41 54 3a 63 68 69 74",""
376,2662,"RPC","IN",134,79,"ShowTextDraw","id=134 bytes=79","ea 00 12 8f c2 f5 3e 29 5c 8f 3f ff ff ff ff 00 00 00 41 00 00 a0 40 80 80 80 80 00 00 00 00 00 ff 04 00 00 00 d0 43 00 00 ca 43 00 00 00 00 00 00 00 00 00 00 00 00 00 00 00 00 80 3f ff ff ff ff 0c 00 4c 44 5f 42 45 41 54 3a 63 68 69 74",""
377,2662,"RPC","IN",134,81,"ShowTextDraw","id=134 bytes=81","eb 00 12 46 b6 f3 3d 44 8b 4c 3f ff ff ff ff 00 00 a0 44 00 00 a0 44 80 80 80 80 00 00 00 00 00 96 01 00 00 80 d4 43 00 00 c8 43 00 00 00 00 00 00 00 00 00 00 00 00 00 00 00 00 80 3f ff ff ff ff 0e 00 46 72 61 6e 6b 73 5f 4b 65 6e 6e 65 64 79",""
378,2662,"RPC","IN",134,79,"ShowTextDraw","id=134 bytes=79","ec 00 12 8f c2 f5 3e 29 5c 8f 3f ff ff ff ff 00 00 e0 40 00 00 e0 40 80 80 80 80 00 00 00 00 00 ff 04 00 00 80 f7 43 00 80 c7 43 00 00 00 00 00 00 00 00 00 00 00 00 00 00 00 00 80 3f ff ff ff ff 0c 00 4c 44 5f 47 52 41 56 3a 62 65 65 61",""
379,2662,"RPC","IN",134,79,"ShowTextDraw","id=134 bytes=79","ed 00 12 8f c2 f5 3e 29 5c 8f 3f 00 ff 00 ff 00 00 80 40 00 00 a0 40 80 80 80 80 00 00 00 00 00 ff 04 00 00 00 fc 43 00 80 c7 43 00 00 00 00 00 00 00 00 00 00 00 00 00 00 00 00 80 3f ff ff ff ff 0c 00 4c 44 5f 42 45 41 54 3a 63 68 69 74",""
380,2662,"RPC","IN",134,82,"ShowTextDraw","id=134 bytes=82","ee 00 13 37 89 41 3e aa f1 32 3f ff ff ff ff 00 80 fb 43 00 00 d8 41 00 00 00 ff 00 00 00 00 00 96 01 00 00 00 d2 43 00 00 cf 43 00 00 00 00 00 00 00 00 00 00 00 00 00 00 00 00 80 3f ff ff ff ff 0f 00 73 61 62 75 20 65 6e 61 6b 20 62 61 6e 67 3f",""
381,2663,"RPC","IN",134,79,"ShowTextDraw","id=134 bytes=79","ef 00 12 8f c2 f5 3e 29 5c 8f 3f 1e 90 ff ff 00 00 c0 40 00 00 c0 40 80 80 80 80 00 00 00 00 00 ff 04 00 00 80 d8 43 00 00 be 43 00 00 00 00 00 00 00 00 00 00 00 00 00 00 00 00 80 3f ff ff ff ff 0c 00 4c 44 5f 47 52 41 56 3a 62 65 65 61",""
382,2663,"RPC","IN",105,18,"TextDrawSetString","id=105 bytes=18 | TextDrawID=235 length=14 text=""Franks_Kennedy""","eb 00 0e 00 46 72 61 6e 6b 73 5f 4b 65 6e 6e 65 64 79",""
383,2663,"RPC","IN",105,19,"TextDrawSetString","id=105 bytes=19 | TextDrawID=238 length=15 text=""sabu enak bang?""","ee 00 0f 00 73 61 62 75 20 65 6e 61 6b 20 62 61 6e 67 3f",""
384,2663,"RPC","IN",105,18,"TextDrawSetString","id=105 bytes=18 | TextDrawID=235 length=14 text=""Franks_Kennedy""","eb 00 0e 00 46 72 61 6e 6b 73 5f 4b 65 6e 6e 65 64 79",""
385,2663,"RPC","IN",105,19,"TextDrawSetString","id=105 bytes=19 | TextDrawID=238 length=15 text=""sabu enak bang?""","ee 00 0f 00 73 61 62 75 20 65 6e 61 6b 20 62 61 6e 67 3f",""
386,2663,"RPC","IN",105,18,"TextDrawSetString","id=105 bytes=18 | TextDrawID=235 length=14 text=""Franks_Kennedy""","eb 00 0e 00 46 72 61 6e 6b 73 5f 4b 65 6e 6e 65 64 79",""
387,2663,"RPC","IN",105,19,"TextDrawSetString","id=105 bytes=19 | TextDrawID=238 length=15 text=""sabu enak bang?""","ee 00 0f 00 73 61 62 75 20 65 6e 61 6b 20 62 61 6e 67 3f",""
388,2663,"RPC","IN",105,18,"TextDrawSetString","id=105 bytes=18 | TextDrawID=235 length=14 text=""Franks_Kennedy""","eb 00 0e 00 46 72 61 6e 6b 73 5f 4b 65 6e 6e 65 64 79",""
389,2663,"RPC","IN",105,19,"TextDrawSetString","id=105 bytes=19 | TextDrawID=238 length=15 text=""sabu enak bang?""","ee 00 0f 00 73 61 62 75 20 65 6e 61 6b 20 62 61 6e 67 3f",""
390,2663,"RPC","IN",105,18,"TextDrawSetString","id=105 bytes=18 | TextDrawID=235 length=14 text=""Franks_Kennedy""","eb 00 0e 00 46 72 61 6e 6b 73 5f 4b 65 6e 6e 65 64 79",""
391,2663,"RPC","IN",105,19,"TextDrawSetString","id=105 bytes=19 | TextDrawID=238 length=15 text=""sabu enak bang?""","ee 00 0f 00 73 61 62 75 20 65 6e 61 6b 20 62 61 6e 67 3f",""
392,2663,"RPC","IN",105,18,"TextDrawSetString","id=105 bytes=18 | TextDrawID=235 length=14 text=""Franks_Kennedy""","eb 00 0e 00 46 72 61 6e 6b 73 5f 4b 65 6e 6e 65 64 79",""
393,2663,"RPC","IN",105,19,"TextDrawSetString","id=105 bytes=19 | TextDrawID=238 length=15 text=""sabu enak bang?""","ee 00 0f 00 73 61 62 75 20 65 6e 61 6b 20 62 61 6e 67 3f",""
394,2663,"RPC","IN",105,18,"TextDrawSetString","id=105 bytes=18 | TextDrawID=235 length=14 text=""Franks_Kennedy""","eb 00 0e 00 46 72 61 6e 6b 73 5f 4b 65 6e 6e 65 64 79",""
395,2663,"RPC","IN",105,19,"TextDrawSetString","id=105 bytes=19 | TextDrawID=238 length=15 text=""sabu enak bang?""","ee 00 0f 00 73 61 62 75 20 65 6e 61 6b 20 62 61 6e 67 3f",""
396,2664,"RPC","IN",105,18,"TextDrawSetString","id=105 bytes=18 | TextDrawID=235 length=14 text=""Franks_Kennedy""","eb 00 0e 00 46 72 61 6e 6b 73 5f 4b 65 6e 6e 65 64 79",""
397,2664,"RPC","IN",105,19,"TextDrawSetString","id=105 bytes=19 | TextDrawID=238 length=15 text=""sabu enak bang?""","ee 00 0f 00 73 61 62 75 20 65 6e 61 6b 20 62 61 6e 67 3f",""
398,2664,"RPC","IN",105,18,"TextDrawSetString","id=105 bytes=18 | TextDrawID=235 length=14 text=""Franks_Kennedy""","eb 00 0e 00 46 72 61 6e 6b 73 5f 4b 65 6e 6e 65 64 79",""
399,2664,"RPC","IN",105,19,"TextDrawSetString","id=105 bytes=19 | TextDrawID=238 length=15 text=""sabu enak bang?""","ee 00 0f 00 73 61 62 75 20 65 6e 61 6b 20 62 61 6e 67 3f",""
400,2664,"RPC","IN",105,18,"TextDrawSetString","id=105 bytes=18 | TextDrawID=235 length=14 text=""Franks_Kennedy""","eb 00 0e 00 46 72 61 6e 6b 73 5f 4b 65 6e 6e 65 64 79",""
401,2664,"RPC","IN",105,19,"TextDrawSetString","id=105 bytes=19 | TextDrawID=238 length=15 text=""sabu enak bang?""","ee 00 0f 00 73 61 62 75 20 65 6e 61 6b 20 62 61 6e 67 3f",""
402,2664,"RPC","IN",105,18,"TextDrawSetString","id=105 bytes=18 | TextDrawID=235 length=14 text=""Franks_Kennedy""","eb 00 0e 00 46 72 61 6e 6b 73 5f 4b 65 6e 6e 65 64 79",""
403,2664,"RPC","IN",105,19,"TextDrawSetString","id=105 bytes=19 | TextDrawID=238 length=15 text=""sabu enak bang?""","ee 00 0f 00 73 61 62 75 20 65 6e 61 6b 20 62 61 6e 67 3f",""
404,2664,"RPC","IN",105,18,"TextDrawSetString","id=105 bytes=18 | TextDrawID=235 length=14 text=""Franks_Kennedy""","eb 00 0e 00 46 72 61 6e 6b 73 5f 4b 65 6e 6e 65 64 79",""
405,2664,"RPC","IN",105,19,"TextDrawSetString","id=105 bytes=19 | TextDrawID=238 length=15 text=""sabu enak bang?""","ee 00 0f 00 73 61 62 75 20 65 6e 61 6b 20 62 61 6e 67 3f",""
406,2664,"RPC","IN",105,18,"TextDrawSetString","id=105 bytes=18 | TextDrawID=235 length=14 text=""Franks_Kennedy""","eb 00 0e 00 46 72 61 6e 6b 73 5f 4b 65 6e 6e 65 64 79",""
407,2665,"RPC","IN",105,19,"TextDrawSetString","id=105 bytes=19 | TextDrawID=238 length=15 text=""sabu enak bang?""","ee 00 0f 00 73 61 62 75 20 65 6e 61 6b 20 62 61 6e 67 3f",""
408,2665,"RPC","IN",105,18,"TextDrawSetString","id=105 bytes=18 | TextDrawID=235 length=14 text=""Franks_Kennedy""","eb 00 0e 00 46 72 61 6e 6b 73 5f 4b 65 6e 6e 65 64 79",""
409,2665,"RPC","IN",105,19,"TextDrawSetString","id=105 bytes=19 | TextDrawID=238 length=15 text=""sabu enak bang?""","ee 00 0f 00 73 61 62 75 20 65 6e 61 6b 20 62 61 6e 67 3f",""
410,2665,"RPC","IN",105,18,"TextDrawSetString","id=105 bytes=18 | TextDrawID=235 length=14 text=""Franks_Kennedy""","eb 00 0e 00 46 72 61 6e 6b 73 5f 4b 65 6e 6e 65 64 79",""
411,2665,"RPC","IN",105,19,"TextDrawSetString","id=105 bytes=19 | TextDrawID=238 length=15 text=""sabu enak bang?""","ee 00 0f 00 73 61 62 75 20 65 6e 61 6b 20 62 61 6e 67 3f",""
412,2665,"RPC","IN",105,18,"TextDrawSetString","id=105 bytes=18 | TextDrawID=235 length=14 text=""Franks_Kennedy""","eb 00 0e 00 46 72 61 6e 6b 73 5f 4b 65 6e 6e 65 64 79",""
413,2665,"RPC","IN",105,19,"TextDrawSetString","id=105 bytes=19 | TextDrawID=238 length=15 text=""sabu enak bang?""","ee 00 0f 00 73 61 62 75 20 65 6e 61 6b 20 62 61 6e 67 3f",""
414,2665,"RPC","IN",105,18,"TextDrawSetString","id=105 bytes=18 | TextDrawID=235 length=14 text=""Franks_Kennedy""","eb 00 0e 00 46 72 61 6e 6b 73 5f 4b 65 6e 6e 65 64 79",""
415,2665,"RPC","IN",105,19,"TextDrawSetString","id=105 bytes=19 | TextDrawID=238 length=15 text=""sabu enak bang?""","ee 00 0f 00 73 61 62 75 20 65 6e 61 6b 20 62 61 6e 67 3f",""
416,2666,"RPC","IN",105,18,"TextDrawSetString","id=105 bytes=18 | TextDrawID=235 length=14 text=""Franks_Kennedy""","eb 00 0e 00 46 72 61 6e 6b 73 5f 4b 65 6e 6e 65 64 79",""
417,2666,"RPC","IN",105,19,"TextDrawSetString","id=105 bytes=19 | TextDrawID=238 length=15 text=""sabu enak bang?""","ee 00 0f 00 73 61 62 75 20 65 6e 61 6b 20 62 61 6e 67 3f",""
418,2666,"RPC","IN",105,18,"TextDrawSetString","id=105 bytes=18 | TextDrawID=235 length=14 text=""Franks_Kennedy""","eb 00 0e 00 46 72 61 6e 6b 73 5f 4b 65 6e 6e 65 64 79",""
419,2666,"RPC","IN",105,19,"TextDrawSetString","id=105 bytes=19 | TextDrawID=238 length=15 text=""sabu enak bang?""","ee 00 0f 00 73 61 62 75 20 65 6e 61 6b 20 62 61 6e 67 3f",""
420,2666,"RPC","IN",105,18,"TextDrawSetString","id=105 bytes=18 | TextDrawID=235 length=14 text=""Franks_Kennedy""","eb 00 0e 00 46 72 61 6e 6b 73 5f 4b 65 6e 6e 65 64 79",""
421,2666,"RPC","IN",105,19,"TextDrawSetString","id=105 bytes=19 | TextDrawID=238 length=15 text=""sabu enak bang?""","ee 00 0f 00 73 61 62 75 20 65 6e 61 6b 20 62 61 6e 67 3f",""
422,2666,"RPC","IN",105,18,"TextDrawSetString","id=105 bytes=18 | TextDrawID=235 length=14 text=""Franks_Kennedy""","eb 00 0e 00 46 72 61 6e 6b 73 5f 4b 65 6e 6e 65 64 79",""
423,2666,"RPC","IN",105,19,"TextDrawSetString","id=105 bytes=19 | TextDrawID=238 length=15 text=""sabu enak bang?""","ee 00 0f 00 73 61 62 75 20 65 6e 61 6b 20 62 61 6e 67 3f",""
424,2666,"RPC","IN",105,18,"TextDrawSetString","id=105 bytes=18 | TextDrawID=235 length=14 text=""Franks_Kennedy""","eb 00 0e 00 46 72 61 6e 6b 73 5f 4b 65 6e 6e 65 64 79",""
425,2666,"RPC","IN",105,19,"TextDrawSetString","id=105 bytes=19 | TextDrawID=238 length=15 text=""sabu enak bang?""","ee 00 0f 00 73 61 62 75 20 65 6e 61 6b 20 62 61 6e 67 3f",""
426,2666,"RPC","IN",105,18,"TextDrawSetString","id=105 bytes=18 | TextDrawID=235 length=14 text=""Franks_Kennedy""","eb 00 0e 00 46 72 61 6e 6b 73 5f 4b 65 6e 6e 65 64 79",""
427,2666,"RPC","IN",105,19,"TextDrawSetString","id=105 bytes=19 | TextDrawID=238 length=15 text=""sabu enak bang?""","ee 00 0f 00 73 61 62 75 20 65 6e 61 6b 20 62 61 6e 67 3f",""
428,2666,"RPC","IN",105,18,"TextDrawSetString","id=105 bytes=18 | TextDrawID=235 length=14 text=""Franks_Kennedy""","eb 00 0e 00 46 72 61 6e 6b 73 5f 4b 65 6e 6e 65 64 79",""
429,2666,"RPC","IN",105,19,"TextDrawSetString","id=105 bytes=19 | TextDrawID=238 length=15 text=""sabu enak bang?""","ee 00 0f 00 73 61 62 75 20 65 6e 61 6b 20 62 61 6e 67 3f",""
430,2667,"RPC","IN",105,18,"TextDrawSetString","id=105 bytes=18 | TextDrawID=235 length=14 text=""Franks_Kennedy""","eb 00 0e 00 46 72 61 6e 6b 73 5f 4b 65 6e 6e 65 64 79",""
431,2667,"RPC","IN",105,19,"TextDrawSetString","id=105 bytes=19 | TextDrawID=238 length=15 text=""sabu enak bang?""","ee 00 0f 00 73 61 62 75 20 65 6e 61 6b 20 62 61 6e 67 3f",""
432,2667,"RPC","IN",105,18,"TextDrawSetString","id=105 bytes=18 | TextDrawID=235 length=14 text=""Franks_Kennedy""","eb 00 0e 00 46 72 61 6e 6b 73 5f 4b 65 6e 6e 65 64 79",""
433,2667,"RPC","IN",105,19,"TextDrawSetString","id=105 bytes=19 | TextDrawID=238 length=15 text=""sabu enak bang?""","ee 00 0f 00 73 61 62 75 20 65 6e 61 6b 20 62 61 6e 67 3f",""
434,2667,"RPC","IN",105,18,"TextDrawSetString","id=105 bytes=18 | TextDrawID=235 length=14 text=""Franks_Kennedy""","eb 00 0e 00 46 72 61 6e 6b 73 5f 4b 65 6e 6e 65 64 79",""
435,2667,"RPC","IN",105,19,"TextDrawSetString","id=105 bytes=19 | TextDrawID=238 length=15 text=""sabu enak bang?""","ee 00 0f 00 73 61 62 75 20 65 6e 61 6b 20 62 61 6e 67 3f",""
436,2667,"RPC","IN",105,18,"TextDrawSetString","id=105 bytes=18 | TextDrawID=235 length=14 text=""Franks_Kennedy""","eb 00 0e 00 46 72 61 6e 6b 73 5f 4b 65 6e 6e 65 64 79",""
437,2667,"RPC","IN",105,19,"TextDrawSetString","id=105 bytes=19 | TextDrawID=238 length=15 text=""sabu enak bang?""","ee 00 0f 00 73 61 62 75 20 65 6e 61 6b 20 62 61 6e 67 3f",""
438,2667,"RPC","IN",105,18,"TextDrawSetString","id=105 bytes=18 | TextDrawID=235 length=14 text=""Franks_Kennedy""","eb 00 0e 00 46 72 61 6e 6b 73 5f 4b 65 6e 6e 65 64 79",""
439,2667,"RPC","IN",105,19,"TextDrawSetString","id=105 bytes=19 | TextDrawID=238 length=15 text=""sabu enak bang?""","ee 00 0f 00 73 61 62 75 20 65 6e 61 6b 20 62 61 6e 67 3f",""
440,2667,"RPC","IN",105,18,"TextDrawSetString","id=105 bytes=18 | TextDrawID=235 length=14 text=""Franks_Kennedy""","eb 00 0e 00 46 72 61 6e 6b 73 5f 4b 65 6e 6e 65 64 79",""
441,2667,"RPC","IN",105,19,"TextDrawSetString","id=105 bytes=19 | TextDrawID=238 length=15 text=""sabu enak bang?""","ee 00 0f 00 73 61 62 75 20 65 6e 61 6b 20 62 61 6e 67 3f",""
442,2667,"RPC","IN",105,18,"TextDrawSetString","id=105 bytes=18 | TextDrawID=235 length=14 text=""Franks_Kennedy""","eb 00 0e 00 46 72 61 6e 6b 73 5f 4b 65 6e 6e 65 64 79",""
443,2667,"RPC","IN",105,19,"TextDrawSetString","id=105 bytes=19 | TextDrawID=238 length=15 text=""sabu enak bang?""","ee 00 0f 00 73 61 62 75 20 65 6e 61 6b 20 62 61 6e 67 3f",""
444,2667,"RPC","IN",105,18,"TextDrawSetString","id=105 bytes=18 | TextDrawID=235 length=14 text=""Franks_Kennedy""","eb 00 0e 00 46 72 61 6e 6b 73 5f 4b 65 6e 6e 65 64 79",""
445,2668,"RPC","IN",105,19,"TextDrawSetString","id=105 bytes=19 | TextDrawID=238 length=15 text=""sabu enak bang?""","ee 00 0f 00 73 61 62 75 20 65 6e 61 6b 20 62 61 6e 67 3f",""
446,2668,"RPC","IN",105,18,"TextDrawSetString","id=105 bytes=18 | TextDrawID=235 length=14 text=""Franks_Kennedy""","eb 00 0e 00 46 72 61 6e 6b 73 5f 4b 65 6e 6e 65 64 79",""
447,2668,"RPC","IN",105,19,"TextDrawSetString","id=105 bytes=19 | TextDrawID=238 length=15 text=""sabu enak bang?""","ee 00 0f 00 73 61 62 75 20 65 6e 61 6b 20 62 61 6e 67 3f",""
448,2668,"RPC","IN",105,18,"TextDrawSetString","id=105 bytes=18 | TextDrawID=235 length=14 text=""Franks_Kennedy""","eb 00 0e 00 46 72 61 6e 6b 73 5f 4b 65 6e 6e 65 64 79",""
449,2668,"RPC","IN",105,19,"TextDrawSetString","id=105 bytes=19 | TextDrawID=238 length=15 text=""sabu enak bang?""","ee 00 0f 00 73 61 62 75 20 65 6e 61 6b 20 62 61 6e 67 3f",""
450,2668,"RPC","IN",105,18,"TextDrawSetString","id=105 bytes=18 | TextDrawID=235 length=14 text=""Franks_Kennedy""","eb 00 0e 00 46 72 61 6e 6b 73 5f 4b 65 6e 6e 65 64 79",""
451,2668,"RPC","IN",105,19,"TextDrawSetString","id=105 bytes=19 | TextDrawID=238 length=15 text=""sabu enak bang?""","ee 00 0f 00 73 61 62 75 20 65 6e 61 6b 20 62 61 6e 67 3f",""
452,2668,"RPC","IN",105,18,"TextDrawSetString","id=105 bytes=18 | TextDrawID=235 length=14 text=""Franks_Kennedy""","eb 00 0e 00 46 72 61 6e 6b 73 5f 4b 65 6e 6e 65 64 79",""
453,2668,"RPC","IN",105,19,"TextDrawSetString","id=105 bytes=19 | TextDrawID=238 length=15 text=""sabu enak bang?""","ee 00 0f 00 73 61 62 75 20 65 6e 61 6b 20 62 61 6e 67 3f",""
454,2668,"RPC","IN",105,18,"TextDrawSetString","id=105 bytes=18 | TextDrawID=235 length=14 text=""Franks_Kennedy""","eb 00 0e 00 46 72 61 6e 6b 73 5f 4b 65 6e 6e 65 64 79",""
455,2668,"RPC","IN",105,19,"TextDrawSetString","id=105 bytes=19 | TextDrawID=238 length=15 text=""sabu enak bang?""","ee 00 0f 00 73 61 62 75 20 65 6e 61 6b 20 62 61 6e 67 3f",""
456,2668,"RPC","IN",105,18,"TextDrawSetString","id=105 bytes=18 | TextDrawID=235 length=14 text=""Franks_Kennedy""","eb 00 0e 00 46 72 61 6e 6b 73 5f 4b 65 6e 6e 65 64 79",""
457,2668,"RPC","IN",105,19,"TextDrawSetString","id=105 bytes=19 | TextDrawID=238 length=15 text=""sabu enak bang?""","ee 00 0f 00 73 61 62 75 20 65 6e 61 6b 20 62 61 6e 67 3f",""
458,2669,"RPC","IN",105,18,"TextDrawSetString","id=105 bytes=18 | TextDrawID=235 length=14 text=""Franks_Kennedy""","eb 00 0e 00 46 72 61 6e 6b 73 5f 4b 65 6e 6e 65 64 79",""
459,2669,"RPC","IN",105,19,"TextDrawSetString","id=105 bytes=19 | TextDrawID=238 length=15 text=""sabu enak bang?""","ee 00 0f 00 73 61 62 75 20 65 6e 61 6b 20 62 61 6e 67 3f",""
460,2669,"RPC","IN",105,18,"TextDrawSetString","id=105 bytes=18 | TextDrawID=235 length=14 text=""Franks_Kennedy""","eb 00 0e 00 46 72 61 6e 6b 73 5f 4b 65 6e 6e 65 64 79",""
461,2669,"RPC","IN",105,19,"TextDrawSetString","id=105 bytes=19 | TextDrawID=238 length=15 text=""sabu enak bang?""","ee 00 0f 00 73 61 62 75 20 65 6e 61 6b 20 62 61 6e 67 3f",""
462,2669,"RPC","IN",105,18,"TextDrawSetString","id=105 bytes=18 | TextDrawID=235 length=14 text=""Franks_Kennedy""","eb 00 0e 00 46 72 61 6e 6b 73 5f 4b 65 6e 6e 65 64 79",""
463,2669,"RPC","IN",105,19,"TextDrawSetString","id=105 bytes=19 | TextDrawID=238 length=15 text=""sabu enak bang?""","ee 00 0f 00 73 61 62 75 20 65 6e 61 6b 20 62 61 6e 67 3f",""
464,2669,"RPC","IN",105,18,"TextDrawSetString","id=105 bytes=18 | TextDrawID=235 length=14 text=""Franks_Kennedy""","eb 00 0e 00 46 72 61 6e 6b 73 5f 4b 65 6e 6e 65 64 79",""
465,2669,"RPC","IN",105,19,"TextDrawSetString","id=105 bytes=19 | TextDrawID=238 length=15 text=""sabu enak bang?""","ee 00 0f 00 73 61 62 75 20 65 6e 61 6b 20 62 61 6e 67 3f",""
466,2669,"RPC","IN",105,18,"TextDrawSetString","id=105 bytes=18 | TextDrawID=235 length=14 text=""Franks_Kennedy""","eb 00 0e 00 46 72 61 6e 6b 73 5f 4b 65 6e 6e 65 64 79",""
467,2669,"RPC","IN",105,19,"TextDrawSetString","id=105 bytes=19 | TextDrawID=238 length=15 text=""sabu enak bang?""","ee 00 0f 00 73 61 62 75 20 65 6e 61 6b 20 62 61 6e 67 3f",""
468,2669,"RPC","IN",105,18,"TextDrawSetString","id=105 bytes=18 | TextDrawID=235 length=14 text=""Franks_Kennedy""","eb 00 0e 00 46 72 61 6e 6b 73 5f 4b 65 6e 6e 65 64 79",""
469,2669,"RPC","IN",105,19,"TextDrawSetString","id=105 bytes=19 | TextDrawID=238 length=15 text=""sabu enak bang?""","ee 00 0f 00 73 61 62 75 20 65 6e 61 6b 20 62 61 6e 67 3f",""
470,2669,"RPC","IN",105,18,"TextDrawSetString","id=105 bytes=18 | TextDrawID=235 length=14 text=""Franks_Kennedy""","eb 00 0e 00 46 72 61 6e 6b 73 5f 4b 65 6e 6e 65 64 79",""
471,2670,"RPC","IN",105,19,"TextDrawSetString","id=105 bytes=19 | TextDrawID=238 length=15 text=""sabu enak bang?""","ee 00 0f 00 73 61 62 75 20 65 6e 61 6b 20 62 61 6e 67 3f",""
472,2670,"RPC","IN",105,18,"TextDrawSetString","id=105 bytes=18 | TextDrawID=235 length=14 text=""Franks_Kennedy""","eb 00 0e 00 46 72 61 6e 6b 73 5f 4b 65 6e 6e 65 64 79",""
473,2670,"RPC","IN",105,19,"TextDrawSetString","id=105 bytes=19 | TextDrawID=238 length=15 text=""sabu enak bang?""","ee 00 0f 00 73 61 62 75 20 65 6e 61 6b 20 62 61 6e 67 3f",""
474,2670,"RPC","IN",105,18,"TextDrawSetString","id=105 bytes=18 | TextDrawID=235 length=14 text=""Franks_Kennedy""","eb 00 0e 00 46 72 61 6e 6b 73 5f 4b 65 6e 6e 65 64 79",""
475,2670,"RPC","IN",105,19,"TextDrawSetString","id=105 bytes=19 | TextDrawID=238 length=15 text=""sabu enak bang?""","ee 00 0f 00 73 61 62 75 20 65 6e 61 6b 20 62 61 6e 67 3f",""
476,2688,"RPC","IN",138,3,"ServerQuit","id=138 bytes=3","51 00 00",""
477,2688,"PACKET","IN",200,44,"VehicleSync","id=200 bytes=44","c8 28 00 29 00 80 00 00 00 08 00 67 20 1e 00 08 e6 e7 87 8a 0c 39 58 42 44 50 73 c7 e4 2f de e3 53 c6 df 31 44 96 d7 96 40 7f 00 00",""
478,2688,"PACKET","IN",211,27,"PassengerSync","id=211 bytes=27","d3 97 00 29 00 01 00 64 4c 00 00 00 00 00 00 67 3f a0 c3 bc 82 24 45 0c 8c 7e 42",""
479,2714,"PACKET","IN",207,35,"PlayerSync","id=207 bytes=35","cf 55 00 00 00 32 ed e6 b0 da b6 49 91 7b 67 1f 10 84 00 00 00 00 72 71 80 00 00 00 00 00 01 28 00 04 11",""
480,2742,"PACKET","IN",207,35,"PlayerSync","id=207 bytes=35","cf 1b 00 00 00 14 4b 23 30 e7 5e 49 91 72 1f 1e 90 84 00 00 00 03 f6 d3 00 00 00 00 00 00 01 28 00 04 11",""
481,2743,"PACKET","IN",200,44,"VehicleSync","id=200 bytes=44","c8 28 00 29 00 80 00 00 00 08 00 62 f0 0a 50 07 37 11 e6 da 0c 3e b8 42 44 58 43 87 e4 28 8f 4f 53 c6 ef 7d da d0 a7 c6 40 7f 00 00",""
482,2743,"PACKET","IN",203,34,"AimSync","id=203 bytes=34","cb 28 00 12 85 6f b1 3e d5 dd 6b bf 0d 51 34 be cd e3 a1 c3 71 01 25 45 40 04 84 42 00 00 00 00 3f 36",""
483,2743,"PACKET","IN",200,44,"VehicleSync","id=200 bytes=44","c8 3c 00 47 00 00 00 00 00 20 00 22 d0 89 40 e6 ae 9a 2d ea 2c 33 4d d2 44 55 9e 67 c4 2b f8 c7 a3 e0 7d f6 32 a2 c7 b6 80 3a 00 50",""
484,2743,"PACKET","IN",207,35,"PlayerSync","id=207 bytes=35","cf 7e 00 00 00 27 c2 66 f0 e4 cb 89 d1 7b 67 1f 10 84 00 00 00 00 5a b7 94 00 00 00 00 00 01 28 00 04 11",""
485,2765,"PACKET","IN",207,35,"PlayerSync","id=207 bytes=35","cf 4b 00 00 00 34 a8 a3 70 ff 5d 09 91 7b 23 5e 90 80 00 00 00 03 47 12 00 00 00 00 00 00 01 28 00 04 11",""
486,2793,"PACKET","IN",211,27,"PassengerSync","id=211 bytes=27","d3 97 00 29 00 01 00 64 4c 00 00 00 00 00 00 4c 39 a0 c3 d9 82 24 45 f9 8c 7e 42",""
487,2793,"RPC","IN",16,16,"PlaySound","id=16 bytes=16","42 51 00 00 00 00 00 00 00 00 00 00 00 00 00 00",""
488,2794,"RPC","IN",134,80,"ShowTextDraw","id=134 bytes=80","2c 08 11 9a 99 19 3f 00 00 00 40 1a ff 00 aa cd cc 74 42 00 00 a0 41 00 00 00 32 00 01 00 00 00 ff 04 00 00 00 59 43 00 00 b8 43 00 00 00 00 00 00 00 00 00 00 00 00 00 00 00 00 80 3f ff ff ff ff 0d 00 6c 64 5f 64 75 61 6c 3a 77 68 69 74 65",""
489,2794,"RPC","IN",105,7,"TextDrawSetString","id=105 bytes=7 | TextDrawID=2086 length=3 text=""100""","26 08 03 00 31 30 30",""
490,2794,"RPC","IN",105,5,"TextDrawSetString","id=105 bytes=5 | TextDrawID=2087 length=1 text=""0""","27 08 01 00 30",""
491,2794,"RPC","IN",105,6,"TextDrawSetString","id=105 bytes=6 | TextDrawID=2088 length=2 text=""46""","28 08 02 00 34 36",""
492,2794,"RPC","IN",105,5,"TextDrawSetString","id=105 bytes=5 | TextDrawID=2089 length=1 text=""2""","29 08 01 00 32",""
493,2794,"RPC","IN",105,7,"TextDrawSetString","id=105 bytes=7 | TextDrawID=2090 length=3 text=""100""","2a 08 03 00 31 30 30",""
494,2794,"PACKET","IN",200,44,"VehicleSync","id=200 bytes=44","c8 3c 00 47 00 00 00 00 00 20 00 2d c0 94 11 22 de 97 27 aa 2c 3e 7d 12 44 51 dd a7 c4 27 0e 03 83 e0 3d f3 d2 ad 77 e6 80 3a 00 50",""
495,2794,"PACKET","IN",203,34,"AimSync","id=203 bytes=34","cb 3c 00 12 68 9b 46 3f b6 11 1c bf 62 8c 26 be 97 0f a4 c3 b3 f9 24 45 e3 65 81 42 00 00 00 00 00 36",""
496,2794,"PACKET","IN",207,35,"PlayerSync","id=207 bytes=35","cf 7c 00 00 00 2e 67 68 30 c9 79 09 91 7b 67 1f 10 84 00 00 00 03 5a 96 40 00 00 00 00 00 01 28 00 04 11",""
497,2794,"PACKET","IN",200,44,"VehicleSync","id=200 bytes=44","c8 28 00 29 00 80 00 00 00 08 00 29 80 0b 30 0e a7 37 f5 9a 0c 3e 28 52 44 53 f3 47 e4 25 e4 94 03 da 1f 76 aa d0 77 d6 40 7f 00 00",""
498,2814,"PACKET","IN",207,35,"PlayerSync","id=207 bytes=35","cf 60 00 00 00 18 4b 23 30 d2 98 49 91 73 1f 1e 90 84 00 00 00 00 9a bd c0 00 00 00 00 00 01 28 00 04 11",""
499,2842,"PACKET","IN",207,35,"PlayerSync","id=207 bytes=35","cf 46 00 00 00 14 32 e6 b0 ea bf 49 91 7b 67 1f 10 84 00 00 00 00 f1 9b c0 00 00 00 00 00 01 28 00 04 11",""
500,2842,"PACKET","IN",207,35,"PlayerSync","id=207 bytes=35","cf 6b 00 00 00 39 02 a6 f0 d3 4e 89 d1 7b 67 1f 10 84 00 00 00 03 7b 67 40 00 00 00 00 00 01 a5 04 e8 80",""
501,2860,"PACKET","IN",211,27,"PassengerSync","id=211 bytes=27","d3 97 00 29 00 01 00 64 4c 00 00 00 00 00 00 da 29 a0 c3 9b 83 24 45 90 8d 7e 42",""
502,2860,"PACKET","IN",207,35,"PlayerSync","id=207 bytes=35","cf 08 00 00 00 29 d3 29 70 c2 4e ca 91 4b 41 1e d0 84 00 00 00 01 cc a7 c0 00 00 00 00 00 01 a5 04 04 80",""
503,2879,"PACKET","IN",200,44,"VehicleSync","id=200 bytes=44","c8 28 00 29 00 80 00 00 00 08 00 20 10 1c 50 0e 87 6b b4 0a 0c 3f a8 62 44 5e 72 f7 e4 25 2d a7 83 d3 ef 9f 2a 87 e7 d6 40 7f 00 00",""
504,2879,"PACKET","IN",207,35,"PlayerSync","id=207 bytes=35","cf 5b 00 00 00 07 c2 e6 f0 dc f9 09 91 7b 67 1f 10 80 00 00 00 01 0b e2 00 00 00 00 00 00 01 a5 04 e8 80",""
505,2879,"PACKET","OUT",205,9,"UNKNOWN_PACKET","id=205 bytes=9","cd b8 4a 04 00 00 00 00 00",""
506,2902,"PACKET","IN",200,44,"VehicleSync","id=200 bytes=44","c8 3c 00 47 00 c5 ff 00 00 20 00 21 40 88 60 e1 6e 82 14 ea 2c 39 5c d2 44 53 2d 57 c4 22 4f c1 63 e1 4e 57 b3 1f 67 e6 80 3a 00 50",""
507,2902,"PACKET","IN",207,35,"PlayerSync","id=207 bytes=35","cf 4f 00 00 00 0a f1 a3 30 c2 14 89 91 76 20 de 90 80 00 00 00 03 60 5a 00 00 00 00 00 00 01 28 00 04 11",""
508,2928,"PACKET","IN",207,35,"PlayerSync","id=207 bytes=35","cf 5e 00 00 00 21 d0 22 b0 c3 a9 09 91 6c 1a 9e 90 84 00 00 00 02 14 82 c0 00 00 00 00 00 01 28 00 04 11",""
509,2949,"PACKET","IN",207,35,"PlayerSync","id=207 bytes=35","cf 63 00 00 00 35 85 e6 f0 f9 48 49 d1 7b 67 1f 10 84 00 00 00 03 a1 c6 00 00 00 00 00 00 01 28 00 04 11",""
510,2949,"RPC","IN",87,2,"ClearPlayerAnimation","id=87 bytes=2","4f 00",""
511,2950,"RPC","IN",86,29,"ApplyPlayerAnimation","id=86 bytes=29","4f 00 05 43 41 52 52 59 0b 63 72 72 79 5f 70 72 74 69 61 6c 33 33 83 40 00 00 00 00 00",""
512,2975,"PACKET","IN",200,44,"VehicleSync","id=200 bytes=44","c8 28 00 29 00 80 00 00 00 08 00 21 50 1c 70 0c c7 a0 92 1a 0c 33 58 82 44 50 92 b7 e4 23 10 59 93 dc 5f a2 0a 4b 67 d6 40 7f 00 00",""
513,2975,"PACKET","IN",207,35,"PlayerSync","id=207 bytes=35","cf 2d 00 00 00 34 a7 e5 b0 d2 4e 89 d1 6c 24 9f 10 84 00 00 00 01 78 73 c0 00 00 00 00 00 01 28 00 04 11",""
514,2975,"PACKET","IN",203,34,"AimSync","id=203 bytes=34","cb 2d 00 04 24 c7 24 3f 33 96 3e 3f 46 97 35 be be 20 97 c3 a5 27 27 45 99 0a 80 42 00 00 00 00 3f 28",""
515,2975,"PACKET","IN",211,27,"PassengerSync","id=211 bytes=27","d3 97 00 29 00 01 00 64 4c 00 00 00 00 00 00 d2 0e a0 c3 c7 84 24 45 53 8a 7e 42",""
516,2995,"PACKET","IN",207,35,"PlayerSync","id=207 bytes=35","cf 00 00 00 00 1d e3 e3 70 f6 e5 09 91 41 63 5e 90 80 00 00 00 03 4b 47 00 00 00 00 00 00 01 28 00 04 11",""
517,2995,"PACKET","IN",207,35,"PlayerSync","id=207 bytes=35","cf 30 00 00 00 11 cb 23 30 f6 e1 09 91 71 df 1e 90 84 00 00 00 00 0a cf 00 00 00 00 00 00 01 28 00 04 11",""
518,2995,"RPC","IN",87,2,"ClearPlayerAnimation","id=87 bytes=2","63 00",""
519,2995,"RPC","IN",86,29,"ApplyPlayerAnimation","id=86 bytes=29","63 00 05 43 41 52 52 59 0b 63 72 72 79 5f 70 72 74 69 61 6c 33 33 83 40 00 00 00 00 00",""
520,3017,"PACKET","IN",200,44,"VehicleSync","id=200 bytes=44","c8 3c 00 47 00 96 ff 00 00 20 00 2e b0 8c 10 e2 9e 3e 80 ca 2c 32 0c 92 44 5f 3d 37 c4 27 1b 8a 73 df cf 41 c4 c4 88 26 80 3a 00 50",""
521,3041,"PACKET","IN",200,44,"VehicleSync","id=200 bytes=44","c8 28 00 29 00 80 00 00 00 08 00 2f c0 0b 80 00 d8 00 3f 69 fc 3a 28 92 44 5c c2 47 e4 22 6b 7b 83 d3 3f cd 99 ec 27 d6 40 7f 00 00",""
522,3042,"PACKET","IN",207,35,"PlayerSync","id=207 bytes=35","cf 85 00 00 00 19 15 a5 b0 d1 07 09 d1 6c 24 9f 10 80 00 00 00 00 31 f1 80 00 00 00 00 00 01 28 00 04 11",""
523,3042,"PACKET","IN",203,34,"AimSync","id=203 bytes=34","cb 85 00 04 46 60 3e 3e d4 7c 77 3f 00 cf 33 be ee 8a 96 c3 1e fa 26 45 05 43 80 42 00 00 00 00 3f c6",""
524,3042,"PACKET","IN",211,27,"PassengerSync","id=211 bytes=27","d3 97 00 29 00 01 00 64 4c 00 00 00 00 00 00 5e ed 9f c3 07 86 24 45 34 85 7e 42",""
525,3062,"PACKET","IN",207,35,"PlayerSync","id=207 bytes=35","cf 0b 00 00 00 04 80 26 f0 c6 7c 89 91 7b 67 1f 10 84 00 00 00 02 c5 e7 c0 00 00 00 00 00 01 28 00 04 11",""
526,3062,"PACKET","IN",207,35,"PlayerSync","id=207 bytes=35","cf 4f 00 00 00 0a f1 a3 30 c2 14 89 91 76 20 de 90 80 00 00 00 03 60 5a 00 00 00 00 00 00 01 a5 04 e8 80",""
527,3083,"RPC","IN",72,6,"SetPlayerColor","id=72 bytes=6","1f 00 ff ff ff ff",""
528,3083,"RPC","IN",72,6,"SetPlayerColor","id=72 bytes=6","1f 00 ff ff ff ff",""
529,3083,"RPC","IN",11,13,"SetPlayerName","id=11 bytes=13","1f 00 09 41 62 79 5f 59 6f 75 6a 69 01",""
530,3083,"PACKET","IN",207,35,"PlayerSync","id=207 bytes=35","cf 83 00 00 00 03 66 a3 70 d0 20 49 91 77 21 9e 90 80 00 00 00 03 f2 9a 40 00 00 00 00 00 01 28 00 04 11",""
531,3110,"PACKET","IN",200,44,"VehicleSync","id=200 bytes=44","c8 28 00 29 00 80 00 00 00 08 00 2f 30 0a f0 05 48 5c 8c 99 fc 3e 08 a2 44 55 b1 e7 e4 23 a4 dd 33 d2 cf da 29 ab 27 d6 40 7f 00 00",""
532,3111,"PACKET","IN",207,35,"PlayerSync","id=207 bytes=35","cf 63 00 00 00 35 85 e6 f0 f9 48 49 d1 7b 67 1f 10 84 00 00 00 03 a1 c6 00 00 00 00 00 00 01 a5 04 e8 80",""
533,3130,"PACKET","OUT",203,32,"AimSync","id=203 bytes=32","cb 00 00 00 39 05 00 00 00 00 00 00 00 00 00 00 00 40 01 00 00 00 80 3f 00 00 f3 04 b5 3f 39 05",""
534,3138,"PACKET","IN",200,44,"VehicleSync","id=200 bytes=44","c8 3c 00 47 00 94 ff 00 00 20 00 28 00 96 f1 03 ad fd ef 2a 1c 33 9c 82 44 50 3d 37 c4 26 6d 26 23 c3 ef f2 d7 74 c7 56 80 3a 00 50",""
535,3138,"PACKET","IN",207,35,"PlayerSync","id=207 bytes=35","cf 92 00 00 00 2c 75 e2 f0 dd a6 09 91 79 9e 1e 90 84 00 00 00 00 c2 8d c0 00 00 00 00 00 01 a5 04 04 80",""
536,3138,"PACKET","IN",211,27,"PassengerSync","id=211 bytes=27","d3 97 00 29 00 01 00 64 4c 00 00 00 00 00 00 df c4 9f c3 50 87 24 45 ef 7e 7e 42",""
537,3171,"PACKET","IN",207,39,"PlayerSync","id=207 bytes=39","cf 6b 00 8a 00 40 40 00 00 39 02 a6 f0 d3 4e 89 d1 7b 67 1f 10 84 00 00 00 01 4f 8b 40 00 00 00 00 00 01 c8 04 e8 80",""
538,3192,"PACKET","IN",200,44,"VehicleSync","id=200 bytes=44","c8 28 00 29 00 80 00 00 00 08 00 21 00 19 70 04 f8 b8 b9 59 fc 31 28 c2 44 57 71 67 e4 29 a1 3e f3 d4 0f ee 99 49 37 d6 40 7f 00 00",""
539,3193,"PACKET","IN",207,45,"PlayerSync","id=207 bytes=45","cf 6b 00 94 00 41 00 00 00 3a 42 a6 f0 d3 4e 89 d1 7b 67 1f 10 84 00 00 00 00 ef ab 40 00 03 ea 6c 6c e4 04 03 e5 fb fd fd c8 04 e8 80",""
540,3193,"PACKET","IN",211,27,"PassengerSync","id=211 bytes=27","d3 97 00 29 00 01 00 64 4c 00 00 00 00 00 00 c5 9d 9f c3 4e 88 24 45 c4 78 7e 42",""
541,3193,"PACKET","IN",203,34,"AimSync","id=203 bytes=34","cb 97 00 12 85 8b 99 3e c1 dd 72 bf 82 35 cd bd b3 fc a0 c3 49 10 25 45 22 ae 82 42 00 00 00 00 3f 36",""
542,3193,"PACKET","IN",200,44,"VehicleSync","id=200 bytes=44","c8 3c 00 47 00 94 ff 00 00 20 00 22 e0 6d 90 a4 cd f1 7f 6a 1c 38 7c 82 44 53 0c e7 c4 28 f5 c5 f3 ce 41 c0 1d 05 67 36 80 3a 00 50",""
543,3193,"PACKET","IN",207,35,"PlayerSync","id=207 bytes=35","cf 54 00 00 00 31 4a e3 30 d7 9b 89 91 71 1f 1e 90 84 00 00 00 03 1e c2 c0 00 00 00 00 00 01 a5 04 04 80",""
544,3193,"PACKET","IN",207,45,"PlayerSync","id=207 bytes=45","cf 6b 00 a3 00 42 00 00 00 3b 82 a6 f0 d3 4e 89 d1 7b 67 1f 10 84 00 00 00 03 2f c3 40 00 01 eb a4 78 e4 00 00 7d ff fd fd c8 04 e8 80",""
545,3213,"RPC","IN",105,19,"TextDrawSetString","id=105 bytes=19 | TextDrawID=303 length=15 text=""09 Agustus 2026""","2f 01 0f 00 30 39 20 41 67 75 73 74 75 73 20 32 30 32 36",""
546,3213,"RPC","IN",105,12,"TextDrawSetString","id=105 bytes=12 | TextDrawID=304 length=8 text=""12:19:04""","30 01 08 00 31 32 3a 31 39 3a 30 34",""
547,3243,"PACKET","IN",207,45,"PlayerSync","id=207 bytes=45","cf 6b 00 a9 80 42 40 00 00 3c 82 a6 f0 d3 4e 89 d1 7b 67 1f 10 84 00 00 00 02 3b d7 40 00 03 5f 1b e4 e0 00 01 95 ff fd fd c8 04 e8 80",""
548,3243,"PACKET","OUT",207,69,"PlayerSync","id=207 bytes=69","cf 00 00 00 00 00 00 f7 9e a0 c3 55 1c 27 45 ed 9c 7c 42 58 d8 36 3f 00 00 00 80 00 00 00 00 cb 2c 33 bf 64 00 04 00 00 00 00 00 00 00 00 00 00 00 00 00 00 00 00 00 00 00 00 00 00 00 00 00 00 00 28 00 04 11",""
549,3263,"PACKET","IN",200,44,"VehicleSync","id=200 bytes=44","c8 28 00 29 00 80 00 00 00 08 00 26 a0 15 b0 0f c9 17 15 99 fc 30 d8 d2 44 5f 80 c7 e4 2a 2c 00 53 e3 5f ff 38 d7 27 d6 40 7f 00 00",""
550,3264,"PACKET","IN",207,35,"PlayerSync","id=207 bytes=35","cf 55 00 00 00 32 ed e6 b0 da b6 49 91 7b 67 1f 10 84 00 00 00 00 72 71 80 00 00 00 00 00 01 28 00 04 11",""
551,3264,"PACKET","IN",207,45,"PlayerSync","id=207 bytes=45","cf 6b 00 ad 80 42 c0 00 00 3e 02 a6 f0 d3 4e 89 d1 7b 67 1f 10 84 00 00 00 02 7f db 40 00 03 1f 78 94 e4 00 01 0d ff fd fd c8 04 e8 80",""
552,3264,"RPC","IN",86,27,"ApplyPlayerAnimation","id=86 bytes=27","6b 00 07 42 44 5f 46 49 52 45 07 77 61 73 68 5f 75 70 33 33 83 40 80 00 00 00 00",""
553,3264,"PACKET","IN",200,44,"VehicleSync","id=200 bytes=44","c8 3c 00 47 00 94 ff 00 00 20 00 25 10 31 50 5f 0d f3 90 3a 2c 36 ac 92 44 5c 7d 07 c4 22 8b f0 b3 d1 b0 b7 cb 34 98 86 80 3a 00 50",""
554,3264,"PACKET","IN",207,35,"PlayerSync","id=207 bytes=35","cf 4b 00 00 00 34 a8 a3 70 ff 5d 09 91 7b 23 5e 90 80 00 00 00 03 47 12 00 00 00 00 00 00 01 28 00 04 11",""
555,3265,"PACKET","IN",207,45,"PlayerSync","id=207 bytes=45","cf 6b 00 b1 00 43 00 00 00 3f 82 a6 f0 d3 4e 89 d1 7b 67 1f 10 84 00 00 00 02 47 db 40 00 00 d4 a0 6c e4 00 01 4d ff fd fd c8 04 e8 80",""
556,3265,"PACKET","IN",211,27,"PassengerSync","id=211 bytes=27","d3 97 00 29 00 01 00 64 4c 00 00 00 00 00 00 0b 63 9f c3 84 89 24 45 07 70 7e 42",""
557,3291,"PACKET","IN",207,45,"PlayerSync","id=207 bytes=45","cf 6b 00 b6 00 44 00 00 00 00 c2 e6 f0 d3 4e 89 d1 7b 67 1f 10 84 00 00 00 02 bb d7 40 00 00 40 18 4c e4 00 01 71 ff fd fd c8 04 e8 80",""
558,3330,"PACKET","IN",207,35,"PlayerSync","id=207 bytes=35","cf 1b 00 00 00 14 4b 23 30 e7 5e 49 91 72 1f 1e 90 84 00 00 00 03 f6 d3 00 00 00 00 00 00 01 28 00 04 11",""
559,3330,"PACKET","IN",207,45,"PlayerSync","id=207 bytes=45","cf 6b 00 b8 00 44 00 00 00 02 c2 e6 f0 d3 4e 89 d1 7b 67 1f 10 84 00 00 00 03 77 d7 40 00 03 44 d9 70 e4 00 00 89 ff fd fd c8 04 e8 80",""
560,3330,"PACKET","IN",207,45,"PlayerSync","id=207 bytes=45","cf 6b 00 b8 00 44 00 00 00 04 42 e6 f0 d3 4e 89 d1 7b 67 1f 10 84 00 00 00 03 77 d7 40 00 02 16 c9 24 e4 00 00 ed ff fd fd 28 00 04 11",""
561,3330,"PACKET","IN",207,35,"PlayerSync","id=207 bytes=35","cf 7c 00 00 00 2e 67 68 30 c9 79 09 91 7b 67 1f 10 84 00 00 00 03 5a 96 40 00 00 00 00 00 01 28 00 04 11",""
562,3330,"RPC","IN",24,18,"SetVehicleParamsEx","id=24 bytes=18","5e 00 00 00 ff 00 ff 01 ff ff ff ff ff ff ff ff ff ff",""
563,3330,"PACKET","IN",207,35,"PlayerSync","id=207 bytes=35","cf 20 00 00 00 11 55 e5 b0 c2 d0 89 d1 6c e4 9f 10 80 00 00 00 02 72 8b c0 00 00 00 00 00 01 a5 04 04 80",""
564,3331,"PACKET","IN",200,44,"VehicleSync","id=200 bytes=44","c8 28 00 29 00 80 00 00 00 08 00 0f 90 10 00 0a 69 85 a1 c9 fc 39 38 d2 44 5f 80 27 e4 2f a7 41 23 ed 6f fd 08 55 a7 d6 40 7f 00 00",""
565,3331,"PACKET","IN",207,35,"PlayerSync","id=207 bytes=35","cf 7e 00 00 00 27 c2 66 f0 e4 cb 89 d1 7b 67 1f 10 84 00 00 00 00 5a b7 94 00 00 00 00 00 01 28 00 04 11",""
566,3351,"PACKET","IN",200,44,"VehicleSync","id=200 bytes=44","c8 3c 00 47 00 00 00 00 00 20 00 23 00 31 e0 42 3e 1a 91 9a 2c 3d 4c a2 44 53 2e 07 c4 21 79 06 f3 dd 80 ef bb a0 58 a6 80 3a 00 50",""
567,3351,"PACKET","IN",207,45,"PlayerSync","id=207 bytes=45","cf 6b 00 b8 00 44 00 00 00 06 42 e6 f0 d3 4e 89 d1 7b 67 1f 10 84 00 00 00 03 77 d7 40 00 00 29 09 d0 e4 00 00 45 ff fd fd 28 00 04 11",""
568,3351,"PACKET","IN",211,27,"PassengerSync","id=211 bytes=27","d3 97 00 29 00 01 00 64 4c 00 00 00 00 00 00 f4 21 9f c3 62 8a 24 45 aa 66 7e 42",""
569,3377,"PACKET","IN",207,45,"PlayerSync","id=207 bytes=45","cf 6b 00 b8 00 44 00 00 00 09 02 e6 f0 d3 4e 89 d1 7b 67 1f 10 84 00 00 00 03 77 d7 40 00 02 07 de 48 e4 04 03 81 fb fd fd 28 00 04 11",""
570,3426,"PACKET","IN",207,35,"PlayerSync","id=207 bytes=35","cf 46 00 00 00 14 32 e6 b0 ea bf 49 91 7b 67 1f 10 84 00 00 00 00 f1 9b c0 00 00 00 00 00 01 28 00 04 11",""
571,3426,"PACKET","IN",207,39,"PlayerSync","id=207 bytes=39","cf 6b 00 b8 00 44 00 00 00 09 02 e6 f0 d3 4e 89 d1 7b 67 1f 10 84 00 00 00 03 77 d7 40 00 03 69 18 4c d9 28 00 04 11",""
572,3426,"PACKET","IN",200,44,"VehicleSync","id=200 bytes=44","c8 28 00 29 00 00 00 00 00 08 00 05 d0 26 a0 06 ba 0c 1c b9 ec 3f 38 d2 44 59 3f 57 d4 26 62 32 53 ec cf f9 d8 65 b7 d6 40 7f 00 00",""
573,3426,"PACKET","IN",207,35,"PlayerSync","id=207 bytes=35","cf 60 00 00 00 18 4b 23 30 d2 98 49 91 73 1f 1e 90 84 00 00 00 00 9a bd c0 00 00 00 00 00 01 28 00 04 11",""
574,3446,"PACKET","IN",207,39,"PlayerSync","id=207 bytes=39","cf 6b 00 b8 00 44 00 00 00 09 02 e6 f0 d3 4e 89 d1 7b 67 1f 10 84 00 00 00 03 77 d7 40 00 00 2d 90 7c d9 28 00 04 11",""
575,3446,"PACKET","IN",211,27,"PassengerSync","id=211 bytes=27","d3 97 00 29 00 01 00 64 4c 00 00 00 00 00 00 30 da 9e c3 ad 8a 24 45 17 5d 7e 42",""
576,3446,"PACKET","IN",207,35,"PlayerSync","id=207 bytes=35","cf 08 00 00 00 29 d3 29 70 c2 4e ca 91 4b 41 1e d0 84 00 00 00 01 cc a7 c0 00 00 00 00 00 01 a5 04 04 80",""
577,3446,"PACKET","IN",207,45,"PlayerSync","id=207 bytes=45","cf 6b 00 b8 00 44 00 00 00 09 42 e6 f0 d3 4e 89 d1 7b 67 1f 10 84 00 00 00 03 77 d7 40 00 00 6e da 94 dc 00 02 f9 ff fd fd 28 00 04 11",""
578,3470,"PACKET","IN",207,35,"PlayerSync","id=207 bytes=35","cf 5b 00 00 00 07 c2 e6 f0 dc f9 09 91 7b 67 1f 10 80 00 00 00 01 0b e2 00 00 00 00 00 00 01 a5 04 e8 80",""
579,3470,"PACKET","IN",200,44,"VehicleSync","id=200 bytes=44","c8 28 00 29 00 00 00 00 00 08 00 2b 60 10 70 0e 2a 49 f7 c9 ec 3c 08 e2 44 5c de 87 d4 2a df 43 43 e8 af f7 e8 a7 37 d6 40 7f 00 00",""
580,3471,"PACKET","IN",207,35,"PlayerSync","id=207 bytes=35","cf 2d 00 00 00 34 a7 e5 b0 d2 4e 89 d1 6c 24 9f 10 84 00 00 00 01 78 73 c0 00 00 00 00 00 01 28 00 04 11",""
581,3471,"PACKET","IN",207,35,"PlayerSync","id=207 bytes=35","cf 30 00 00 00 11 cb 23 30 f6 e1 09 91 71 df 1e 90 84 00 00 00 00 0a cf 00 00 00 00 00 00 01 28 00 04 11",""
582,3471,"PACKET","IN",207,35,"PlayerSync","id=207 bytes=35","cf 5e 00 00 00 21 d0 22 b0 c3 a9 09 91 6c 1a 9e 90 84 00 00 00 02 14 82 c0 00 00 00 00 00 01 28 00 04 11",""
583,3471,"PACKET","IN",207,39,"PlayerSync","id=207 bytes=39","cf 6b 00 b8 00 44 00 00 00 09 42 e6 f0 d3 4e 89 d1 7b 67 1f 10 84 00 00 00 03 77 d7 40 00 00 00 00 00 01 28 00 04 11",""
584,3510,"PACKET","IN",207,35,"PlayerSync","id=207 bytes=35","cf 15 00 00 00 0d a7 68 30 e3 bc 89 91 7b 67 1f 10 84 00 00 00 03 e6 8d 80 00 00 00 00 00 01 a5 04 e8 80",""
585,3510,"PACKET","IN",203,34,"AimSync","id=203 bytes=34","cb 15 00 04 3c dd 39 bf 87 70 27 3f c8 6b 59 be 3d 5a 9f c3 2f ce 26 45 7f fb 80 42 00 00 00 00 3f 36",""
586,3510,"PACKET","IN",200,44,"VehicleSync","id=200 bytes=44","c8 3c 00 47 00 00 00 00 00 20 00 28 80 31 70 40 4e 22 83 8a 2c 31 6c d2 44 5d cf 27 c4 2c 85 66 c3 df 91 2a 2c 28 b8 76 80 3a 00 50",""
587,3530,"RPC","IN",87,2,"ClearPlayerAnimation","id=87 bytes=2","2d 00",""
588,3530,"RPC","IN",86,29,"ApplyPlayerAnimation","id=86 bytes=29","2d 00 05 43 41 52 52 59 0b 63 72 72 79 5f 70 72 74 69 61 6c 33 33 83 40 00 00 00 00 00",""
589,3530,"PACKET","IN",211,27,"PassengerSync","id=211 bytes=27","d3 97 00 29 00 01 00 64 4c 00 00 00 00 00 00 6b 88 9e c3 bc 8a 24 45 c9 51 7e 42",""
590,3530,"RPC","IN",86,27,"ApplyPlayerAnimation","id=86 bytes=27","15 00 07 42 44 5f 46 49 52 45 07 77 61 73 68 5f 75 70 33 33 83 40 80 00 00 00 00",""
591,3557,"PACKET","IN",207,35,"PlayerSync","id=207 bytes=35","cf 00 00 00 00 1d e3 e3 70 f6 e5 09 91 41 63 5e 90 80 00 00 00 03 4b 47 00 00 00 00 00 00 01 28 00 04 11",""
592,3557,"PACKET","IN",200,44,"VehicleSync","id=200 bytes=44","c8 28 00 29 00 00 00 00 00 00 00 23 a0 18 30 12 2a 72 a2 69 ec 3d 48 f2 44 54 cd b7 d4 20 a8 d3 43 e4 3f f7 38 d8 67 d6 40 7f 00 00",""
593,3557,"PACKET","IN",207,35,"PlayerSync","id=207 bytes=35","cf 2d 00 00 00 34 a7 e5 b0 d2 4e 89 d1 6c 24 9f 10 84 00 00 00 01 78 73 c0 00 00 00 00 00 01 a5 04 e8 80",""
594,3557,"PACKET","IN",200,44,"VehicleSync","id=200 bytes=44","c8 3c 00 47 00 00 00 00 00 00 00 21 50 36 20 34 be 20 a5 5a 2c 37 4c f2 44 5e 2f 87 c4 23 fb 66 23 d6 71 5d 6c 69 88 16 80 3a 00 50",""
595,3557,"PACKET","IN",207,35,"PlayerSync","id=207 bytes=35","cf 4f 00 00 00 0a f1 a3 30 c2 14 89 91 76 20 de 90 80 00 00 00 03 60 5a 00 00 00 00 00 00 01 a5 04 e8 80",""
596,3580,"RPC","IN",86,27,"ApplyPlayerAnimation","id=86 bytes=27","54 00 07 42 44 5f 46 49 52 45 07 77 61 73 68 5f 75 70 33 33 83 40 80 00 00 00 00",""
597,3581,"PACKET","IN",207,35,"PlayerSync","id=207 bytes=35","cf 0b 00 00 00 04 80 26 f0 c6 7c 89 91 7b 67 1f 10 84 00 00 00 02 c5 e7 c0 00 00 00 00 00 01 28 00 04 11",""
598,3581,"PACKET","IN",207,35,"PlayerSync","id=207 bytes=35","cf 85 00 00 00 19 15 a5 b0 d1 07 09 d1 6c 24 9f 10 80 00 00 00 00 31 f1 80 00 00 00 00 00 01 28 00 04 11",""
599,3581,"RPC","IN",87,2,"ClearPlayerAnimation","id=87 bytes=2","7e 00",""
600,3582,"RPC","IN",86,29,"ApplyPlayerAnimation","id=86 bytes=29","7e 00 05 43 41 52 52 59 0b 63 72 72 79 5f 70 72 74 69 61 6c 33 33 83 40 00 00 00 00 00",""
601,3582,"RPC","IN",87,2,"ClearPlayerAnimation","id=87 bytes=2","7c 00",""
602,3582,"RPC","IN",86,29,"ApplyPlayerAnimation","id=86 bytes=29","7c 00 05 43 41 52 52 59 0b 63 72 72 79 5f 70 72 74 69 61 6c 33 33 83 40 00 00 00 00 00",""
603,3628,"PACKET","IN",211,27,"PassengerSync","id=211 bytes=27","d3 97 00 29 00 01 00 64 4c 00 00 00 00 00 00 58 29 9e c3 73 8b 24 45 ba 3e 7e 42",""
604,3628,"PACKET","IN",200,44,"VehicleSync","id=200 bytes=44","c8 28 00 29 00 00 00 00 00 00 00 24 80 15 50 3e 1a 73 5d b9 dc 3d b9 02 44 56 0c f7 d4 2e 83 32 f3 e2 bf f4 68 e6 a7 d6 40 7f 00 00",""
605,3648,"PACKET","IN",207,35,"PlayerSync","id=207 bytes=35","cf 15 00 00 00 0d a7 68 30 e3 bc 89 91 7b 67 1f 10 84 00 00 00 03 e6 8d 80 00 00 00 00 00 01 28 00 04 11",""
606,3648,"PACKET","IN",207,35,"PlayerSync","id=207 bytes=35","cf 7c 00 00 00 2e 67 68 30 c9 79 09 91 7b 67 1f 10 84 00 00 00 03 5a 96 40 00 00 00 00 00 01 fb 04 e8 80",""
607,3648,"RPC","IN",87,2,"ClearPlayerAnimation","id=87 bytes=2","30 00",""
608,3649,"RPC","IN",86,29,"ApplyPlayerAnimation","id=86 bytes=29","30 00 05 43 41 52 52 59 0b 63 72 72 79 5f 70 72 74 69 61 6c 33 33 83 40 00 00 00 00 00",""
609,3655,"PACKET","OUT",203,32,"AimSync","id=203 bytes=32","cb 00 00 00 39 05 00 00 00 00 00 00 00 00 00 00 00 40 01 00 00 00 80 3f 00 00 f3 04 b5 3f 39 05",""
610,3676,"PACKET","IN",200,44,"VehicleSync","id=200 bytes=44","c8 3c 00 47 00 00 00 00 00 00 00 25 30 27 70 25 8e 2e e7 2a 2c 3f 8d 12 44 55 cf 97 c4 2b 3a 65 23 df 51 5a fc 78 38 06 80 3a 00 50",""
611,3676,"PACKET","IN",207,35,"PlayerSync","id=207 bytes=35","cf 83 00 00 00 03 66 a3 70 d0 20 49 91 77 21 9e 90 80 00 00 00 03 f2 9a 40 00 00 00 00 00 01 28 00 04 11",""
612,3676,"PACKET","IN",203,34,"AimSync","id=203 bytes=34","cb 83 00 04 12 de ed 3d cd 2e 76 bf 58 6e 7e be 2d c2 8d c3 c5 aa 26 45 da 9b 7f 42 00 00 00 00 3f c6",""
613,3694,"PACKET","IN",211,27,"PassengerSync","id=211 bytes=27","d3 97 00 29 00 01 00 64 4c 00 00 00 00 00 00 da ca 9d c3 8b 8c 24 45 36 29 7e 42",""
614,3715,"PACKET","IN",200,44,"VehicleSync","id=200 bytes=44","c8 28 00 29 00 00 00 00 00 00 00 24 80 11 b0 54 8a 81 f7 89 dc 35 79 22 44 56 5b e7 d4 2a 7d f2 93 e0 3f f9 38 f3 37 d6 40 7f 00 00",""
615,3716,"PACKET","IN",207,35,"PlayerSync","id=207 bytes=35","cf 54 00 00 00 31 4a e3 30 d7 9b 89 91 71 1f 1e 90 84 00 00 00 03 1e c2 c0 00 00 00 00 00 01 a5 04 04 80",""
616,3761,"PACKET","IN",200,44,"VehicleSync","id=200 bytes=44","c8 3c 00 47 00 00 00 00 00 00 00 20 80 20 c0 25 ae 25 f8 ea 2c 34 bd 42 44 5e bf d7 c4 22 03 e3 c3 d3 81 60 1c 81 98 36 80 3a 00 50",""
617,3761,"PACKET","IN",207,35,"PlayerSync","id=207 bytes=35","cf 7e 00 00 00 27 c2 66 f0 e4 cb 89 d1 7b 67 1f 10 84 00 00 00 00 5a b7 94 00 00 00 00 00 01 a5 04 e8 80",""
618,3761,"PACKET","IN",207,35,"PlayerSync","id=207 bytes=35","cf 63 00 00 00 35 85 e6 f0 f9 48 49 d1 7b 67 1f 10 84 00 00 00 03 a1 c6 00 00 00 00 00 00 01 a5 04 e8 80",""
619,3761,"PACKET","IN",203,34,"AimSync","id=203 bytes=34","cb 63 00 04 10 e8 3b bf e7 a3 28 bf fa 1e 29 be 72 42 9a c3 d5 39 27 45 be 41 80 42 00 00 00 00 3f 44",""
620,3761,"PACKET","IN",211,27,"PassengerSync","id=211 bytes=27","d3 97 00 29 00 01 00 64 4c 00 00 00 00 00 00 7d 74 9d c3 bd 8d 24 45 dc 14 7e 42",""
621,3785,"PACKET","IN",207,35,"PlayerSync","id=207 bytes=35","cf 30 00 00 00 11 cb 23 30 f6 e1 09 91 71 df 1e 90 84 00 00 00 00 0a cf 00 00 00 00 00 00 01 00 00 00 80",""
622,3811,"PACKET","IN",207,35,"PlayerSync","id=207 bytes=35","cf 55 00 00 00 32 ed e6 b0 da b6 49 91 7b 67 1f 10 84 00 00 00 00 72 71 80 00 00 00 00 00 01 28 00 04 11",""
623,3811,"PACKET","OUT",207,69,"PlayerSync","id=207 bytes=69","cf 00 00 00 00 00 00 f7 9e a0 c3 55 1c 27 45 ed 9c 7c 42 58 d8 36 3f 00 00 00 80 00 00 00 00 cb 2c 33 bf 64 00 04 00 00 00 00 00 00 00 00 00 00 00 00 00 00 00 00 00 00 00 00 00 00 00 00 00 00 00 28 00 04 11",""
624,3831,"PACKET","IN",207,35,"PlayerSync","id=207 bytes=35","cf 1b 00 00 00 14 4b 23 30 e7 5e 49 91 72 1f 1e 90 84 00 00 00 03 f6 d3 00 00 00 00 00 00 01 28 00 04 11",""
625,3831,"PACKET","IN",200,44,"VehicleSync","id=200 bytes=44","c8 28 00 29 00 00 00 00 00 00 00 20 d0 18 70 56 9a 8d 72 19 dc 3b a9 32 44 51 0a f7 d4 2b 07 e2 43 ed cf ec 59 03 47 d6 40 7f 00 00",""
626,3831,"PACKET","IN",203,34,"AimSync","id=203 bytes=34","cb 28 00 12 b0 47 50 3f a6 4f 0e bf 02 7e 2e be c0 cc a0 c3 e5 dd 24 45 30 ac 83 42 00 00 00 00 3f 36",""
627,3831,"PACKET","IN",207,35,"PlayerSync","id=207 bytes=35","cf 4b 00 00 00 34 a8 a3 70 ff 5d 09 91 7b 23 5e 90 80 00 00 00 03 47 12 00 00 00 00 00 00 01 28 00 04 11",""
628,3832,"PACKET","IN",207,35,"PlayerSync","id=207 bytes=35","cf 54 00 00 00 31 4a e3 30 d7 9b 89 91 71 1f 1e 90 84 00 00 00 03 1e c2 c0 00 00 00 00 00 01 28 00 04 11",""
629,3859,"RPC","IN",16,16,"PlaySound","id=16 bytes=16","42 51 00 00 00 00 00 00 00 00 00 00 00 00 00 00",""
630,3860,"RPC","IN",134,80,"ShowTextDraw","id=134 bytes=80","2c 08 11 9a 99 19 3f 00 00 00 40 1a ff 00 aa 33 33 a3 42 00 00 a0 41 00 00 00 32 00 01 00 00 00 ff 04 00 00 00 59 43 00 00 b8 43 00 00 00 00 00 00 00 00 00 00 00 00 00 00 00 00 80 3f ff ff ff ff 0d 00 6c 64 5f 64 75 61 6c 3a 77 68 69 74 65",""
631,3860,"RPC","IN",105,7,"TextDrawSetString","id=105 bytes=7 | TextDrawID=2086 length=3 text=""100""","26 08 03 00 31 30 30",""
632,3860,"RPC","IN",105,5,"TextDrawSetString","id=105 bytes=5 | TextDrawID=2087 length=1 text=""0""","27 08 01 00 30",""
633,3860,"RPC","IN",105,6,"TextDrawSetString","id=105 bytes=6 | TextDrawID=2088 length=2 text=""46""","28 08 02 00 34 36",""
634,3860,"RPC","IN",105,5,"TextDrawSetString","id=105 bytes=5 | TextDrawID=2089 length=1 text=""2""","29 08 01 00 32",""
635,3860,"RPC","IN",105,7,"TextDrawSetString","id=105 bytes=7 | TextDrawID=2090 length=3 text=""100""","2a 08 03 00 31 30 30",""
636,3860,"RPC","IN",164,63,"WorldVehicleAdd","id=164 bytes=63","73 00 f7 01 00 00 85 4b ac c3 a4 f4 26 45 29 5c 7f 42 c3 35 49 43 7e 7e c3 b5 f4 43 00 04 00 00 00 33 00 33 03 05 00 00 00 00 00 00 00 0b 00 00 00 00 00 00 00 00 00 ff ff ff ff ff ff ff ff",""
637,3865,"RPC","IN",123,14,"SetVehicleNumberPlate","id=123 bytes=14","73 00 0b 42 4b 20 32 31 34 31 20 4e 58 4d",""
638,3865,"RPC","IN",24,18,"SetVehicleParamsEx","id=24 bytes=18","73 00 00 ff ff 00 ff ff ff ff ff ff ff ff ff ff ff ff",""
639,3865,"RPC","IN",32,50,"WorldPlayerAdd","id=32 bytes=50","1f 00 ff 17 00 00 00 28 5a ac c3 d6 fd 26 45 6b e9 80 42 b1 af 87 43 ff ff ff ff 06 01 00 e8 03 e8 03 e8 03 01 00 e8 03 01 00 e8 03 e8 03 e8 03 2d 01",""
640,3868,"PACKET","IN",211,27,"PassengerSync","id=211 bytes=27","d3 97 00 29 00 01 00 64 4c 00 00 00 00 00 00 cb 1d 9d c3 13 8f 24 45 3c 01 7e 42",""
641,3903,"PACKET","IN",207,55,"PlayerSync","id=207 bytes=55","cf 1f 00 00 00 31 96 ab 30 f4 bf c9 91 47 c0 e0 50 80 00 00 00 00 6a cf e0 00 03 7f 2f 14 f3 2d a3 83 f7 fd fe e6 00 00 01 e0 74 00 00 48 79 01 e7 fa 7d a5 04 e8 80",""
642,3903,"PACKET","IN",207,35,"PlayerSync","id=207 bytes=35","cf 20 00 00 00 11 55 e5 b0 c2 d0 89 d1 6c e4 9f 10 80 00 00 00 02 72 8b c0 00 00 00 00 00 01 a5 04 04 80",""
643,3903,"PACKET","IN",200,44,"VehicleSync","id=200 bytes=44","c8 3c 00 47 00 00 00 00 00 00 00 2f c0 1c 40 15 ae 2a aa 3a 2c 31 cd 62 44 5a c0 37 d4 2b 24 b2 63 d6 c1 64 6c 8a e8 36 80 3a 00 50",""
644,3904,"PACKET","IN",203,34,"AimSync","id=203 bytes=34","cb 3c 00 12 f6 a7 3f 3f 07 db 24 bf e9 52 21 be 2c 24 a4 c3 98 ff 24 45 1b 6f 81 42 00 00 00 00 3f 36",""
645,3904,"PACKET","IN",200,44,"VehicleSync","id=200 bytes=44","c8 28 00 29 00 00 00 00 00 00 00 2d c0 0f d0 47 9a 8a 1c 99 cc 34 09 52 44 56 5a 07 d4 26 62 a1 f3 eb 7f ed c9 17 b7 d6 40 7f 00 00",""
646,3904,"PACKET","OUT",205,9,"UNKNOWN_PACKET","id=205 bytes=9","cd b8 4a 04 00 00 00 00 00",""
647,3923,"PACKET","IN",200,44,"VehicleSync","id=200 bytes=44","c8 3c 00 47 00 00 00 00 00 08 00 4b a0 07 f0 35 3e 23 8a 9a 2c 39 6d 62 44 59 80 37 d4 27 6e 30 c3 c0 41 79 bc 88 38 96 80 3a 00 50",""
648,3943,"PACKET","IN",211,27,"PassengerSync","id=211 bytes=27","d3 97 00 29 00 01 00 64 4c 00 00 00 00 00 00 a6 ce 9c c3 69 90 24 45 77 f2 7d 42",""
649,3963,"PACKET","IN",207,55,"PlayerSync","id=207 bytes=55","cf 1f 00 00 00 1a 95 eb 30 d1 80 09 d1 47 00 60 50 80 00 00 00 02 3a cf e0 00 03 75 65 08 f0 bd da 7b ff fd fe e6 00 00 01 e0 74 00 00 48 79 01 e7 fa 7d a5 04 e8 80",""
650,3963,"PACKET","IN",207,35,"PlayerSync","id=207 bytes=35","cf 60 00 00 00 18 4b 23 30 d2 98 49 91 73 1f 1e 90 84 00 00 00 00 9a bd c0 00 00 00 00 00 01 28 00 04 11",""
651,3993,"RPC","IN",86,27,"ApplyPlayerAnimation","id=86 bytes=27","4f 00 07 42 44 5f 46 49 52 45 07 77 61 73 68 5f 75 70 33 33 83 40 80 00 00 00 00",""
652,3993,"PACKET","IN",200,44,"VehicleSync","id=200 bytes=44","c8 3c 00 47 00 00 00 00 00 08 00 49 c0 3f e0 82 9e 2b da 5a 2c 34 cd 62 44 59 d0 47 d4 27 66 68 33 cb ce 96 b3 8e c8 86 80 3a 00 50",""
653,3993,"PACKET","IN",207,35,"PlayerSync","id=207 bytes=35","cf 46 00 00 00 14 32 e6 b0 ea bf 49 91 7b 67 1f 10 84 00 00 00 00 f1 9b c0 00 00 00 00 00 01 28 00 04 11",""
654,3993,"PACKET","IN",207,35,"PlayerSync","id=207 bytes=35","cf 5e 00 00 00 21 d0 22 b0 c3 a9 09 91 6c 1a 9e 90 84 00 00 00 02 14 82 c0 00 00 00 00 00 01 28 00 04 11",""
655,4016,"PACKET","IN",200,44,"VehicleSync","id=200 bytes=44","c8 28 00 29 00 00 00 00 00 00 00 21 80 11 70 47 fa 84 47 69 cc 3c 29 62 44 5f c9 37 d4 27 4d 81 93 e9 ff e8 b9 2b 67 d6 40 7f 00 00",""
656,4016,"PACKET","IN",207,35,"PlayerSync","id=207 bytes=35","cf 5b 00 00 00 07 c2 e6 f0 dc f9 09 91 7b 67 1f 10 80 00 00 00 01 0b e2 00 00 00 00 00 00 01 a5 04 e8 80",""
657,4016,"RPC","IN",86,27,"ApplyPlayerAnimation","id=86 bytes=27","63 00 07 42 44 5f 46 49 52 45 07 77 61 73 68 5f 75 70 33 33 83 40 80 00 00 00 00",""
658,4017,"PACKET","IN",207,35,"PlayerSync","id=207 bytes=35","cf 08 00 00 00 29 d3 29 70 c2 4e ca 91 4b 41 1e d0 84 00 00 00 01 cc a7 c0 00 00 00 00 00 01 a5 04 04 80",""
659,4017,"PACKET","IN",207,55,"PlayerSync","id=207 bytes=55","cf 1f 00 00 00 0f 95 2b 30 c3 c0 09 d1 59 fb a0 10 80 00 00 00 01 1e d3 e0 00 01 34 cf 08 e9 76 ca af d7 fd fe e6 00 00 01 e0 74 00 00 48 79 01 e7 fa 7d a5 04 e8 80",""
660,4017,"PACKET","IN",203,34,"AimSync","id=203 bytes=34","cb 1f 00 04 b1 a4 7f 3f af b1 8a 3c f6 b6 4c bd 16 eb ac c3 93 00 27 45 9f 4b 82 42 00 00 00 00 3f 15",""
661,4017,"PACKET","IN",211,27,"PassengerSync","id=211 bytes=27","d3 97 00 29 00 01 00 64 4c 00 00 00 00 00 00 50 80 9c c3 d1 91 24 45 09 e8 7d 42",""
662,4085,"PACKET","IN",200,44,"VehicleSync","id=200 bytes=44","c8 28 00 29 00 00 00 00 00 00 00 29 50 16 a0 38 1a 8c b3 69 cc 3e e9 72 44 5e 68 a7 d4 21 de 11 53 e9 8f eb d9 2b 97 d6 40 7f 00 00",""
663,4085,"PACKET","IN",207,35,"PlayerSync","id=207 bytes=35","cf 2d 00 00 00 34 a7 e5 b0 d2 4e 89 d1 6c 24 9f 10 84 00 00 00 01 78 73 c0 00 00 00 00 00 01 a5 04 e8 80",""
664,4085,"PACKET","IN",207,35,"PlayerSync","id=207 bytes=35","cf 4f 00 00 00 0a f1 a3 30 c2 14 89 91 76 20 de 90 80 00 00 00 03 60 5a 00 00 00 00 00 00 01 28 00 04 11",""
665,4111,"PACKET","IN",207,35,"PlayerSync","id=207 bytes=35","cf 85 00 00 00 19 15 a5 b0 d1 07 09 d1 6c 24 9f 10 80 00 00 00 00 31 f1 80 00 00 00 00 00 01 28 00 04 11",""
666,4111,"PACKET","IN",203,34,"AimSync","id=203 bytes=34","cb 85 00 04 46 60 3e 3e d4 7c 77 3f 00 cf 33 be ee 8a 96 c3 1e fa 26 45 05 43 80 42 00 00 00 00 3f c6",""
667,4111,"PACKET","IN",200,44,"VehicleSync","id=200 bytes=44","c8 3c 00 47 00 00 00 00 00 08 00 42 f0 40 40 a1 be 28 d9 2a 2c 3a 8d 42 44 55 d0 27 d4 2b 17 a4 43 da 8e 9e a3 71 f7 b6 80 3a 00 50",""
668,4112,"PACKET","IN",211,27,"PassengerSync","id=211 bytes=27","d3 97 00 29 00 01 00 64 4c 00 00 00 00 00 00 ad 34 9c c3 3c 93 24 45 7d e0 7d 42",""
669,4133,"PACKET","IN",207,35,"PlayerSync","id=207 bytes=35","cf 00 00 00 00 1d e3 e3 70 f6 e5 09 91 41 63 5e 90 80 00 00 00 03 4b 47 00 00 00 00 00 00 01 28 00 04 11",""
670,4133,"PACKET","IN",207,35,"PlayerSync","id=207 bytes=35","cf 0b 00 00 00 04 80 26 f0 c6 7c 89 91 7b 67 1f 10 84 00 00 00 02 c5 e7 c0 00 00 00 00 00 01 28 00 04 11",""
671,4134,"PACKET","IN",207,55,"PlayerSync","id=207 bytes=55","cf 1f 00 00 00 1d 14 eb 30 f6 bf c9 91 5c 39 a0 10 80 00 00 00 02 7a d3 e0 00 01 3f cc 0c ef b6 df 74 33 fd fe e6 00 00 01 e0 74 00 00 48 79 01 e7 fa 7d a5 04 e8 80",""
672,4177,"PACKET","IN",200,44,"VehicleSync","id=200 bytes=44","c8 28 00 29 00 00 00 00 00 00 00 25 a0 2b e0 28 0a 86 fe 89 bc 35 f9 92 44 52 27 f7 d4 2b 59 01 03 e9 ef e8 c9 28 b7 d6 40 7f 00 00",""
673,4177,"PACKET","IN",207,35,"PlayerSync","id=207 bytes=35","cf 63 00 00 00 35 85 e6 f0 f9 48 49 d1 7b 67 1f 10 84 00 00 00 03 a1 c6 00 00 00 00 00 00 01 28 00 04 11",""
674,4180,"PACKET","OUT",203,32,"AimSync","id=203 bytes=32","cb 00 00 00 39 05 00 00 00 00 00 00 00 00 00 00 00 40 01 00 00 00 80 3f 00 00 f3 04 b5 3f 39 05",""
675,4202,"PACKET","IN",211,27,"PassengerSync","id=211 bytes=27","d3 97 00 29 00 01 00 64 4c 00 00 00 00 00 00 9a eb 9b c3 a0 94 24 45 a9 d9 7d 42",""
676,4202,"PACKET","IN",203,34,"AimSync","id=203 bytes=34","cb 97 00 12 e1 2d 5d 3f 48 9c fb be 52 af e0 bd 81 96 9f c3 7a df 24 45 2a 89 82 42 00 00 00 00 3f 36",""
677,4202,"PACKET","IN",207,35,"PlayerSync","id=207 bytes=35","cf 7c 00 00 00 2e 67 68 30 c9 79 09 91 7b 67 1f 10 84 00 00 00 03 5a 96 40 00 00 00 00 00 01 fb 04 e8 80",""
678,4226,"PACKET","IN",207,37,"PlayerSync","id=207 bytes=37","cf 08 00 7d ff c0 00 29 d3 29 70 c2 4e ca 91 4b 41 1e d0 84 00 00 00 02 64 e7 c0 00 00 00 00 00 01 c8 04 04 80",""
679,4227,"PACKET","IN",207,55,"PlayerSync","id=207 bytes=55","cf 1f 00 00 00 2c 95 2b 30 f8 3f c9 91 65 7b 60 10 80 00 00 00 02 7e d3 e0 00 00 10 a9 e0 ef 4a e1 38 37 fd fe e6 00 00 01 e0 74 00 00 48 79 01 e7 fa 7d a5 04 e8 80",""
680,4247,"PACKET","IN",207,35,"PlayerSync","id=207 bytes=35","cf 83 00 00 00 03 66 a3 70 d0 20 49 91 77 21 9e 90 80 00 00 00 03 f2 9a 40 00 00 00 00 00 01 28 00 04 11",""
681,4248,"PACKET","IN",207,35,"PlayerSync","id=207 bytes=35","cf 92 00 00 00 2c 75 e2 f0 dd a6 09 91 79 9e 1e 90 84 00 00 00 00 c2 8d c0 00 00 00 00 00 01 a5 04 04 80",""
682,4248,"PACKET","IN",203,34,"AimSync","id=203 bytes=34","cb 92 00 04 a4 e5 10 bf 24 2e 32 3f 8f 35 e2 be 22 d4 8a c3 90 70 26 45 10 9a 81 42 00 00 00 00 3f 37",""
683,4248,"PACKET","IN",207,43,"PlayerSync","id=207 bytes=43","cf 08 00 79 ff c0 00 0a d3 29 70 e1 8e ca 91 4b 01 1e d0 84 00 00 00 00 4d 33 c0 00 00 ea af 6c f3 3a 3c 13 ff fd fd c8 04 04 80",""
684,4248,"PACKET","IN",200,44,"VehicleSync","id=200 bytes=44","c8 28 00 29 00 00 00 00 00 00 00 2f 10 25 a0 27 ea 86 aa 19 bc 3a 69 a2 44 58 f7 37 d4 2b 43 80 b3 eb 1f e0 39 25 97 d6 40 7f 00 00",""
685,4276,"PACKET","IN",207,43,"PlayerSync","id=207 bytes=43","cf 08 00 74 3f c0 00 39 12 e9 70 fe 4e ca 91 4d c1 1e d0 84 00 00 00 00 85 7b c0 00 02 27 f3 20 f3 be 26 73 ff fd fd c8 04 04 80",""
686,4276,"PACKET","IN",207,55,"PlayerSync","id=207 bytes=55","cf 1f 00 00 00 12 15 ab 30 f8 7f c9 91 62 bd 20 10 80 00 00 00 02 7e d3 e0 00 02 1c c1 54 ed aa d8 90 33 fd fe e6 00 00 01 e0 74 00 00 48 79 01 e7 fa 7d a5 04 e8 80",""
687,4276,"PACKET","IN",200,44,"VehicleSync","id=200 bytes=44","c8 3c 00 47 00 00 00 00 00 08 00 42 00 4d 20 91 9e 27 76 ba 2c 35 2d 12 44 52 5f 37 c4 20 e3 1a 63 db ee 9e a3 7a a7 d6 80 3a 00 50",""
688,4276,"RPC","IN",105,19,"TextDrawSetString","id=105 bytes=19 | TextDrawID=303 length=15 text=""09 Agustus 2026""","2f 01 0f 00 30 39 20 41 67 75 73 74 75 73 20 32 30 32 36",""
689,4276,"RPC","IN",105,12,"TextDrawSetString","id=105 bytes=12 | TextDrawID=304 length=8 text=""12:19:05""","30 01 08 00 31 32 3a 31 39 3a 30 35",""
690,4296,"PACKET","IN",207,43,"PlayerSync","id=207 bytes=43","cf 08 00 72 bf c0 00 32 52 e9 70 d7 8f 0a 91 52 41 1e d0 84 00 00 00 01 f5 bf c0 00 01 cf b2 c8 f1 52 13 b3 ff fd fd c8 04 04 80",""
691,4324,"PACKET","IN",207,43,"PlayerSync","id=207 bytes=43","cf 08 00 71 bf c0 00 34 12 e9 70 ec 8f 0a 91 57 c1 1e d0 84 00 00 00 02 c1 ff c0 00 00 08 16 68 f2 fd fb f7 ff fd fd c8 04 04 80",""
692,4325,"PACKET","IN",211,27,"PassengerSync","id=211 bytes=27","d3 97 00 29 00 01 00 64 4c 00 00 00 00 00 00 23 a4 9b c3 f6 95 24 45 e8 d1 7d 42",""
693,4325,"PACKET","IN",200,44,"VehicleSync","id=200 bytes=44","c8 28 00 29 00 00 00 00 00 00 00 23 60 32 f0 27 da 89 15 b9 bc 3d b9 b2 44 5a b6 77 d4 25 be 60 53 ec bf e4 b9 14 a7 d6 40 7f 00 00",""
694,4325,"PACKET","IN",207,35,"PlayerSync","id=207 bytes=35","cf 30 00 00 00 11 cb 23 30 f6 e1 09 91 71 df 1e 90 84 00 00 00 00 0a cf 00 00 00 00 00 00 01 00 00 00 80",""
695,4325,"PACKET","IN",200,44,"VehicleSync","id=200 bytes=44","c8 3c 00 47 00 c1 ff eb ff 08 00 4a c0 45 a0 bb ee 04 13 ba 2c 3a 7c d2 44 59 7f 37 c4 27 29 7d d3 d7 be f1 d4 16 b7 f6 80 3a 00 50",""
696,4325,"PACKET","IN",207,35,"PlayerSync","id=207 bytes=35","cf 7e 00 00 00 27 c2 66 f0 e4 cb 89 d1 7b 67 1f 10 84 00 00 00 00 5a b7 94 00 00 00 00 00 01 a5 04 e8 80",""
697,4325,"PACKET","OUT",207,69,"PlayerSync","id=207 bytes=69","cf 00 00 00 00 00 00 f7 9e a0 c3 55 1c 27 45 ed 9c 7c 42 58 d8 36 3f 00 00 00 80 00 00 00 00 cb 2c 33 bf 64 00 04 00 00 00 00 00 00 00 00 00 00 00 00 00 00 00 00 00 00 00 00 00 00 00 00 00 00 00 28 00 04 11",""
698,4344,"PACKET","IN",207,41,"PlayerSync","id=207 bytes=41","cf 08 00 00 00 3b d2 e9 70 fe 8f 0a 91 5e 01 1e d0 84 00 00 00 03 46 3f c0 00 01 89 7d f4 f0 d9 e7 43 ff fd fd a5 04 04 80",""
699,4344,"PACKET","IN",207,55,"PlayerSync","id=207 bytes=55","cf 1f 00 00 00 09 56 2b 30 f4 ff c9 91 56 3d e0 10 80 00 00 00 02 7a d3 e0 00 00 7b 82 f8 ec d1 f8 0c 03 fd fe e6 00 00 01 e0 74 00 00 48 79 01 e7 fa 7d a5 04 e8 80",""
700,4364,"PACKET","IN",207,35,"PlayerSync","id=207 bytes=35","cf 55 00 00 00 32 ed e6 b0 da b6 49 91 7b 67 1f 10 84 00 00 00 00 72 71 80 00 00 00 00 00 01 28 00 04 11",""
701,4365,"PACKET","IN",211,27,"PassengerSync","id=211 bytes=27","d3 97 00 29 00 01 00 64 4c 00 00 00 00 00 00 9c 60 9b c3 2e 97 24 45 62 c8 7d 42",""
702,4393,"PACKET","IN",207,35,"PlayerSync","id=207 bytes=35","cf 1b 00 00 00 14 4b 23 30 e7 5e 49 91 72 1f 1e 90 84 00 00 00 03 f6 d3 00 00 00 00 00 00 01 28 00 04 11",""
703,4393,"PACKET","IN",207,39,"PlayerSync","id=207 bytes=39","cf 6b 00 b8 00 44 00 00 00 09 42 e6 f0 d3 4e 89 d1 7b 67 1f 10 84 00 00 00 03 77 d7 40 00 00 00 00 00 01 28 00 04 11",""
704,4393,"PACKET","IN",203,34,"AimSync","id=203 bytes=34","cb 6b 00 04 90 65 60 3f bb d6 c9 be 65 62 8d be d5 81 9b c3 f9 40 27 45 32 17 80 42 00 00 00 00 3f 3a",""
705,4394,"RPC","IN",87,2,"ClearPlayerAnimation","id=87 bytes=2","27 00",""
706,4394,"RPC","IN",86,29,"ApplyPlayerAnimation","id=86 bytes=29","27 00 05 43 41 52 52 59 0b 63 72 72 79 5f 70 72 74 69 61 6c 33 33 83 40 00 00 00 00 00",""
707,4394,"PACKET","IN",207,35,"PlayerSync","id=207 bytes=35","cf 4b 00 00 00 34 a8 a3 70 ff 5d 09 91 7b 23 5e 90 80 00 00 00 03 47 12 00 00 00 00 00 00 01 28 00 04 11",""
708,4394,"PACKET","IN",207,35,"PlayerSync","id=207 bytes=35","cf 54 00 00 00 31 4a e3 30 d7 9b 89 91 71 1f 1e 90 84 00 00 00 03 1e c2 c0 00 00 00 00 00 01 28 00 04 11",""
709,4416,"PACKET","IN",200,44,"VehicleSync","id=200 bytes=44","c8 28 00 29 00 00 00 00 00 08 00 28 b0 2b d0 17 fa 8c b1 19 bc 31 59 d2 44 56 75 b7 d4 2c 04 81 23 ee 1f ea 69 06 d7 d6 40 7f 00 00",""
710,4417,"PACKET","IN",207,55,"PlayerSync","id=207 bytes=55","cf 1f 00 00 00 01 96 6b 30 ce ff c9 91 4f 3a 60 10 80 00 00 00 00 42 d7 e0 00 02 5d 48 c4 f0 1e 95 e4 17 fd fe e6 00 00 01 e0 74 00 00 48 79 01 e7 fa 7d a5 04 e8 80",""
711,4417,"PACKET","IN",200,44,"VehicleSync","id=200 bytes=44","c8 3c 00 47 00 9a ff d4 ff 08 00 4c 30 11 c0 72 3d bd be 4a 1c 3c 6c 82 44 5f 6e 67 c4 27 c6 60 d3 ed ff 72 e5 3b 87 d6 80 3a 00 50",""
712,4443,"PACKET","IN",207,41,"PlayerSync","id=207 bytes=41","cf 08 00 00 00 29 d3 29 70 e5 cf 4a 91 73 01 1e d0 84 00 00 00 02 86 6f c0 00 00 86 73 60 ef e9 a4 5b fb fd fd a5 04 04 80",""
713,4443,"PACKET","IN",211,27,"PassengerSync","id=211 bytes=27","d3 97 00 29 00 01 00 64 4c 00 00 00 00 00 00 d2 1d 9b c3 54 98 24 45 e4 bd 7d 42",""
714,4483,"PACKET","IN",207,35,"PlayerSync","id=207 bytes=35","cf 15 00 00 00 0d a7 68 30 e3 bc 89 91 7b 67 1f 10 84 00 00 00 03 e6 8d 80 00 00 00 00 00 01 28 00 04 11",""
715,4483,"PACKET","IN",203,34,"AimSync","id=203 bytes=34","cb 15 00 04 bd 19 3f bf 05 70 21 3f c8 6b 59 be 24 51 9f c3 7d cf 26 45 7f fb 80 42 00 00 00 00 3f 36",""
716,4504,"PACKET","IN",207,35,"PlayerSync","id=207 bytes=35","cf 60 00 00 00 18 4b 23 30 d2 98 49 91 73 1f 1e 90 84 00 00 00 00 9a bd c0 00 00 00 00 00 01 28 00 04 11",""
717,4505,"PACKET","IN",207,55,"PlayerSync","id=207 bytes=55","cf 1f 00 00 00 3b d5 eb 30 d9 7f 89 91 5a b5 60 10 80 00 00 00 02 2e d7 e0 00 00 d0 66 38 f0 be ae 04 1f fd fe e6 00 00 01 e0 74 00 00 48 79 01 e7 fa 7d a5 04 e8 80",""
718,4505,"PACKET","IN",200,44,"VehicleSync","id=200 bytes=44","c8 28 00 29 00 00 00 00 00 08 00 20 90 10 60 18 2a 86 5b 99 ac 38 49 e2 44 51 44 e7 d4 2e e4 12 33 ee df e5 69 0b 27 d6 40 7f 00 00",""
719,4527,"PACKET","IN",207,35,"PlayerSync","id=207 bytes=35","cf 08 00 00 00 3e d3 69 70 f4 cf 4a 91 4b 81 5e d0 84 00 00 00 02 86 6f c0 00 00 00 00 00 01 a5 04 04 80",""
720,4527,"PACKET","IN",207,35,"PlayerSync","id=207 bytes=35","cf 20 00 00 00 11 55 e5 b0 c2 d0 89 d1 6c e4 9f 10 80 00 00 00 02 72 8b c0 00 00 00 00 00 01 a5 04 04 80",""
721,4527,"PACKET","IN",200,44,"VehicleSync","id=200 bytes=44","c8 3c 00 47 00 98 ff d4 ff 08 00 4e 60 10 70 7b ad 26 e8 aa 1c 3b 7c 52 44 5a ed b7 c4 2e ef 52 43 ed 6f da b6 80 87 e6 80 3a 00 50",""
722,4528,"PACKET","IN",211,27,"PassengerSync","id=211 bytes=27","d3 97 00 29 00 01 00 64 4c 00 00 00 00 00 00 09 d0 9a c3 9c 99 24 45 4e b0 7d 42",""
723,4554,"PACKET","IN",207,35,"PlayerSync","id=207 bytes=35","cf 5e 00 00 00 21 d0 22 b0 c3 a9 09 91 6c 1a 9e 90 84 00 00 00 02 14 82 c0 00 00 00 00 00 01 28 00 04 11",""
724,4554,"RPC","IN",86,27,"ApplyPlayerAnimation","id=86 bytes=27","2d 00 07 42 44 5f 46 49 52 45 07 77 61 73 68 5f 75 70 33 33 83 40 80 00 00 00 00",""
725,4554,"PACKET","IN",207,35,"PlayerSync","id=207 bytes=35","cf 46 00 00 00 14 32 e6 b0 ea bf 49 91 7b 67 1f 10 84 00 00 00 00 f1 9b c0 00 00 00 00 00 01 28 00 04 11",""
726,4577,"PACKET","IN",207,55,"PlayerSync","id=207 bytes=55","cf 1f 00 00 00 3f 55 6b 30 e5 bf 49 91 6b f0 20 10 80 00 00 00 03 e6 d7 e0 00 00 77 8e 78 f3 5a b0 70 23 fd fe e6 00 00 01 e0 74 00 00 48 79 01 e7 fa 7d a5 04 e8 80",""
727,4577,"PACKET","IN",200,44,"VehicleSync","id=200 bytes=44","c8 28 00 29 00 80 00 00 00 08 00 25 10 0f d0 0a 7a 8d 95 b9 ac 3e c9 f2 44 5c a4 07 d4 24 bb 53 13 e6 0f f5 a8 cb 77 d6 40 7f 00 00",""
728,4598,"PACKET","IN",207,35,"PlayerSync","id=207 bytes=35","cf 2d 00 00 00 34 a7 e5 b0 d2 4e 89 d1 6c 24 9f 10 84 00 00 00 01 78 73 c0 00 00 00 00 00 01 a5 04 e8 80",""
729,4627,"RPC","IN",86,27,"ApplyPlayerAnimation","id=86 bytes=27","7e 00 07 42 44 5f 46 49 52 45 07 77 61 73 68 5f 75 70 33 33 83 40 80 00 00 00 00",""
730,4627,"RPC","IN",86,27,"ApplyPlayerAnimation","id=86 bytes=27","7c 00 07 42 44 5f 46 49 52 45 07 77 61 73 68 5f 75 70 33 33 83 40 80 00 00 00 00",""
731,4646,"PACKET","IN",207,35,"PlayerSync","id=207 bytes=35","cf 0b 00 00 00 04 80 26 f0 c6 7c 89 91 7b 67 1f 10 84 00 00 00 02 c5 e7 c0 00 00 00 00 00 01 28 00 04 11",""
732,4647,"PACKET","IN",200,44,"VehicleSync","id=200 bytes=44","c8 3c 00 47 00 00 00 00 00 08 00 4f c0 24 c0 7d 2c b0 c4 2a 1c 33 ec 42 44 59 ed 07 c4 28 bc 43 83 eb cf e3 a6 ea 57 d6 80 3a 00 50",""
733,4655,"PACKET","IN",211,27,"PassengerSync","id=211 bytes=27","d3 97 00 29 00 01 00 64 4c 00 00 00 00 00 00 98 79 9a c3 01 9b 24 45 48 a1 7d 42",""
734,4656,"PACKET","IN",207,55,"PlayerSync","id=207 bytes=55","cf 1f 00 00 00 2d 54 eb 30 f2 ff 09 91 71 2b 60 10 80 00 00 00 00 b6 db e0 00 00 b3 b2 a4 f0 22 9c 64 1b fd fe e6 00 00 01 e0 74 00 00 48 79 01 e7 fa 7d a5 04 e8 80",""
735,4656,"PACKET","IN",207,35,"PlayerSync","id=207 bytes=35","cf 4f 00 00 00 0a f1 a3 30 c2 14 89 91 76 20 de 90 80 00 00 00 03 60 5a 00 00 00 00 00 00 01 28 00 04 11",""
736,4656,"RPC","IN",86,27,"ApplyPlayerAnimation","id=86 bytes=27","30 00 07 42 44 5f 46 49 52 45 07 77 61 73 68 5f 75 70 33 33 83 40 80 00 00 00 00",""
737,4675,"PACKET","IN",207,35,"PlayerSync","id=207 bytes=35","cf 00 00 00 00 1d e3 e3 70 f6 e5 09 91 41 63 5e 90 80 00 00 00 03 4b 47 00 00 00 00 00 00 01 28 00 04 11",""
738,4676,"PACKET","IN",207,55,"PlayerSync","id=207 bytes=55","cf 1f 00 02 00 0f 94 eb 30 e8 ff 09 91 65 2a 60 10 80 00 00 00 00 92 db e0 00 00 00 d2 60 f3 e6 97 0c 17 fd fe e6 00 00 01 e0 74 00 00 48 79 01 e7 fa 7d a5 04 e8 80",""
739,4676,"PACKET","IN",207,35,"PlayerSync","id=207 bytes=35","cf 2d 00 00 00 34 a7 e5 b0 d2 4e 89 d1 6c 24 9f 10 84 00 00 00 01 78 73 c0 00 00 00 00 00 01 28 00 04 11",""
740,4676,"PACKET","IN",200,44,"VehicleSync","id=200 bytes=44","c8 3c 00 47 00 00 00 00 00 08 00 44 30 48 d0 69 8c 75 ce ba 0c 36 0c 22 44 5f 7b e7 c4 22 87 a4 d3 e2 4f e9 d6 a3 77 c6 80 3a 00 50",""
741,4700,"PACKET","IN",200,44,"VehicleSync","id=200 bytes=44","c8 28 00 29 00 80 00 00 00 08 00 22 40 12 d0 1c 0a a4 9f 99 9c 39 aa 02 44 5c 43 17 d4 2e 35 93 b3 ee af fa c8 37 27 d6 40 7f 00 00",""
742,4701,"PACKET","IN",207,35,"PlayerSync","id=207 bytes=35","cf 7c 00 00 00 2e 67 68 30 c9 79 09 91 7b 67 1f 10 84 00 00 00 03 5a 96 40 00 00 00 00 00 01 28 00 04 11",""
743,4701,"PACKET","IN",207,35,"PlayerSync","id=207 bytes=35","cf 85 00 00 00 19 15 a5 b0 d1 07 09 d1 6c 24 9f 10 80 00 00 00 00 31 f1 80 00 00 00 00 00 01 28 00 04 11",""
744,4701,"PACKET","IN",203,34,"AimSync","id=203 bytes=34","cb 85 00 04 46 60 3e 3e d4 7c 77 3f 00 cf 33 be ee 8a 96 c3 1e fa 26 45 05 43 80 42 00 00 00 00 3f c6",""
745,4701,"PACKET","IN",207,55,"PlayerSync","id=207 bytes=55","cf 1f 00 00 00 30 d4 ab 30 df 7f 09 91 63 a9 60 10 80 00 00 00 00 6a db e0 00 03 f6 32 04 f0 9a 9b 44 17 fd fe e6 00 00 01 e0 74 00 00 48 79 01 e7 fa 7d a5 04 e8 80",""
746,4701,"PACKET","IN",207,35,"PlayerSync","id=207 bytes=35","cf 7e 00 00 00 27 c2 66 f0 e4 cb 89 d1 7b 67 1f 10 84 00 00 00 00 5a b7 94 00 00 00 00 00 01 28 00 04 11",""
747,4701,"PACKET","IN",211,27,"PassengerSync","id=211 bytes=27","d3 97 00 29 00 01 00 64 4c 00 00 00 00 00 00 95 18 9a c3 00 9c 24 45 18 92 7d 42",""
748,4707,"PACKET","OUT",203,32,"AimSync","id=203 bytes=32","cb 00 00 00 39 05 00 00 00 00 00 00 00 00 00 00 00 40 01 00 00 00 80 3f 00 00 f3 04 b5 3f 39 05",""
749,4725,"RPC","IN",87,2,"ClearPlayerAnimation","id=87 bytes=2","46 00",""
750,4725,"RPC","IN",86,29,"ApplyPlayerAnimation","id=86 bytes=29","46 00 05 43 41 52 52 59 0b 63 72 72 79 5f 70 72 74 69 61 6c 33 33 83 40 00 00 00 00 00",""
751,4725,"PACKET","IN",200,44,"VehicleSync","id=200 bytes=44","c8 28 00 29 00 00 00 00 00 08 00 22 b0 21 d0 1f da d7 a9 e9 9c 3a 9a 02 44 54 92 27 d4 2f 90 f4 73 ef 5f f2 28 13 47 d6 40 7f 00 00",""
752,4749,"PACKET","IN",200,44,"VehicleSync","id=200 bytes=44","c8 3c 00 47 00 00 00 00 00 08 00 40 e0 51 80 5e dc 5f c7 9a 0c 3a bb f2 44 5c 2a 97 c4 21 e8 66 03 eb 3f d0 86 83 b7 d6 80 3a 00 50",""
753,4777,"PACKET","IN",207,35,"PlayerSync","id=207 bytes=35","cf 63 00 00 00 35 85 e6 f0 f9 48 49 d1 7b 67 1f 10 84 00 00 00 03 a1 c6 00 00 00 00 00 00 01 28 00 04 11",""
754,4778,"PACKET","IN",203,34,"AimSync","id=203 bytes=34","cb 63 00 04 28 dd 7f be 84 20 65 be 9e 2b 71 bf 32 cf 9a c3 06 2a 27 45 37 c9 83 42 00 00 00 00 3f 44",""
755,4778,"PACKET","IN",207,55,"PlayerSync","id=207 bytes=55","cf 1f 00 00 00 1a 94 6b 30 ce bf 09 91 74 a7 20 10 80 00 00 00 00 3e db e0 00 00 43 f7 80 e4 64 03 ed eb fd fe e6 00 00 01 e0 74 00 00 48 79 01 e7 fa 7d a5 04 e8 80",""
756,4778,"PACKET","IN",207,35,"PlayerSync","id=207 bytes=35","cf 83 00 00 00 03 66 a3 70 d0 20 49 91 77 21 9e 90 80 00 00 00 03 f2 9a 40 00 00 00 00 00 01 28 00 04 11",""
757,4778,"PACKET","IN",203,34,"AimSync","id=203 bytes=34","cb 83 00 04 12 de ed 3d cd 2e 76 bf 58 6e 7e be 2d c2 8d c3 c5 aa 26 45 da 9b 7f 42 00 00 00 00 3f c6",""
758,4778,"PACKET","IN",211,27,"PassengerSync","id=211 bytes=27","d3 97 00 29 00 01 00 64 4c 00 00 00 00 00 00 29 b7 99 c3 36 9c 24 45 0b 85 7d 42",""
759,4800,"PACKET","IN",207,35,"PlayerSync","id=207 bytes=35","cf 92 00 00 00 2c 75 e2 f0 dd a6 09 91 79 9e 1e 90 84 00 00 00 00 c2 8d c0 00 00 00 00 00 01 a5 04 04 80",""
760,4826,"PACKET","IN",207,35,"PlayerSync","id=207 bytes=35","cf 30 00 00 00 11 cb 23 30 f6 e1 09 91 71 df 1e 90 84 00 00 00 00 0a cf 00 00 00 00 00 00 01 28 00 04 11",""
761,4827,"PACKET","IN",200,44,"VehicleSync","id=200 bytes=44","c8 28 00 29 00 00 00 00 00 08 00 24 d0 20 90 16 eb 0e c3 49 9c 3e da 02 44 58 50 f7 d4 23 32 45 53 ee df f0 f8 32 77 d6 40 7f 00 00",""
762,4827,"PACKET","IN",203,34,"AimSync","id=203 bytes=34","cb 28 00 12 70 83 78 3f 7a 52 3c be 36 03 1e be ef 99 9d c3 93 b9 24 45 45 18 83 42 00 00 00 00 3f 36",""
763,4851,"PACKET","IN",207,55,"PlayerSync","id=207 bytes=55","cf 1f 00 00 00 02 14 6b 30 cc bf 09 91 4e 27 20 10 80 00 00 00 00 3e db e0 00 00 00 df fc e6 d8 01 f6 37 fd fe e6 00 00 01 e0 74 00 00 48 79 01 e7 fa 7d a5 04 e8 80",""
764,4851,"PACKET","IN",200,44,"VehicleSync","id=200 bytes=44","c8 3c 00 47 00 00 00 00 00 08 00 46 30 57 40 56 6c 59 6d e9 fc 3e eb b2 44 51 69 17 c4 21 81 b7 83 eb 0f de e6 79 57 d6 80 3a 00 50",""
765,4851,"PACKET","IN",203,34,"AimSync","id=203 bytes=34","cb 3c 00 12 3e 31 61 3f f6 7f e5 be 75 d1 22 be f5 a9 a1 c3 31 d9 24 45 c1 39 81 42 00 00 00 00 3f 36",""
766,4851,"PACKET","IN",211,27,"PassengerSync","id=211 bytes=27","d3 97 00 29 00 01 00 64 4c 00 00 00 00 00 00 c6 47 99 c3 ce 9b 24 45 82 76 7d 42",""
767,4877,"PACKET","IN",207,55,"PlayerSync","id=207 bytes=55","cf 1f 00 02 00 3c d4 2b 30 cb bf 09 91 49 a7 20 10 80 00 00 00 00 3e db e0 00 03 c9 a7 a4 e6 88 05 8a 53 fd fe e6 00 00 01 e0 74 00 00 48 79 01 e7 fa 7d a5 04 e8 80",""
768,4878,"PACKET","IN",207,35,"PlayerSync","id=207 bytes=35","cf 46 00 00 00 14 32 e6 b0 ea bf 49 91 7b 67 1f 10 84 00 00 00 00 f1 9b c0 00 00 00 00 00 01 a5 04 e8 80",""
769,4901,"PACKET","IN",207,35,"PlayerSync","id=207 bytes=35","cf 46 00 02 00 14 32 e6 b0 ea bf 49 91 7b 67 1f 10 84 00 00 00 00 f1 9b c0 00 00 00 00 00 01 a5 04 e8 80",""
770,4901,"RPC","IN",16,16,"PlaySound","id=16 bytes=16","42 51 00 00 00 00 00 00 00 00 00 00 00 00 00 00",""
771,4901,"RPC","IN",134,80,"ShowTextDraw","id=134 bytes=80","2c 08 11 9a 99 19 3f 00 00 00 40 1a ff 00 aa 00 00 cc 42 00 00 a0 41 00 00 00 32 00 01 00 00 00 ff 04 00 00 00 59 43 00 00 b8 43 00 00 00 00 00 00 00 00 00 00 00 00 00 00 00 00 80 3f ff ff ff ff 0d 00 6c 64 5f 64 75 61 6c 3a 77 68 69 74 65",""
772,4902,"RPC","IN",105,7,"TextDrawSetString","id=105 bytes=7 | TextDrawID=2086 length=3 text=""100""","26 08 03 00 31 30 30",""
773,4902,"RPC","IN",105,5,"TextDrawSetString","id=105 bytes=5 | TextDrawID=2087 length=1 text=""0""","27 08 01 00 30",""
774,4902,"RPC","IN",105,6,"TextDrawSetString","id=105 bytes=6 | TextDrawID=2088 length=2 text=""46""","28 08 02 00 34 36",""
775,4902,"RPC","IN",105,5,"TextDrawSetString","id=105 bytes=5 | TextDrawID=2089 length=1 text=""2""","29 08 01 00 32",""
776,4902,"RPC","IN",105,7,"TextDrawSetString","id=105 bytes=7 | TextDrawID=2090 length=3 text=""100""","2a 08 03 00 31 30 30",""
777,4902,"PACKET","IN",207,39,"PlayerSync","id=207 bytes=39","cf 6b 00 b8 00 44 00 00 00 09 42 e6 f0 d3 4e 89 d1 7b 67 1f 10 84 00 00 00 03 77 d7 40 00 00 00 00 00 01 28 00 04 11",""
778,4902,"PACKET","OUT",207,69,"PlayerSync","id=207 bytes=69","cf 00 00 00 00 00 00 f7 9e a0 c3 55 1c 27 45 ed 9c 7c 42 58 d8 36 3f 00 00 00 80 00 00 00 00 cb 2c 33 bf 64 00 04 00 00 00 00 00 00 00 00 00 00 00 00 00 00 00 00 00 00 00 00 00 00 00 00 00 00 00 28 00 04 11",""
779,4928,"PACKET","IN",207,35,"PlayerSync","id=207 bytes=35","cf 54 00 00 00 31 4a e3 30 d7 9b 89 91 71 1f 1e 90 84 00 00 00 03 1e c2 c0 00 00 00 00 00 01 28 00 04 11",""
780,4928,"PACKET","IN",207,35,"PlayerSync","id=207 bytes=35","cf 55 00 00 00 32 ed e6 b0 da b6 49 91 7b 67 1f 10 84 00 00 00 00 72 71 80 00 00 00 00 00 01 28 00 04 11",""
781,4928,"PACKET","OUT",205,9,"UNKNOWN_PACKET","id=205 bytes=9","cd b8 4a 04 00 00 00 00 00",""
782,4950,"PACKET","IN",207,55,"PlayerSync","id=207 bytes=55","cf 1f 00 00 00 2b 14 2b 30 c8 3f 09 91 75 66 e0 10 80 00 00 00 00 3e db e0 00 00 ad ee b4 e7 ac 04 4e 5b fd fe e6 00 00 01 e0 74 00 00 48 79 01 e7 fa 7d a5 04 e8 80",""
783,4950,"PACKET","IN",200,44,"VehicleSync","id=200 bytes=44","c8 28 00 29 00 00 00 00 00 08 00 2d 50 10 90 18 bb 14 bd 09 8c 34 1a 12 44 52 ff e7 c4 2e 6b 96 03 ee af f8 d8 34 57 d6 40 7f 00 00",""
784,4950,"PACKET","IN",207,35,"PlayerSync","id=207 bytes=35","cf 1b 00 00 00 14 4b 23 30 e7 5e 49 91 72 1f 1e 90 84 00 00 00 03 f6 d3 00 00 00 00 00 00 01 28 00 04 11",""
785,4950,"PACKET","IN",211,27,"PassengerSync","id=211 bytes=27","d3 97 00 29 00 01 00 64 4c 00 00 00 00 00 00 c9 d5 98 c3 c0 9b 24 45 a1 61 7d 42",""
786,4978,"PACKET","IN",207,35,"PlayerSync","id=207 bytes=35","cf 4b 00 00 00 34 a8 a3 70 ff 5d 09 91 7b 23 5e 90 80 00 00 00 03 47 12 00 00 00 00 00 00 01 28 00 04 11",""
787,4978,"PACKET","IN",200,44,"VehicleSync","id=200 bytes=44","c8 28 00 29 00 00 00 00 00 08 00 22 30 12 e0 13 fb 24 84 c9 8c 3a 9a 12 44 5b 9e 87 c4 29 ac d6 d3 ee ef f2 28 36 f7 d6 40 7f 00 00",""
788,4998,"PACKET","IN",207,35,"PlayerSync","id=207 bytes=35","cf 60 00 00 00 18 4b 23 30 d2 98 49 91 73 1f 1e 90 84 00 00 00 00 9a bd c0 00 00 00 00 00 01 28 00 04 11",""
789,5028,"PACKET","IN",207,59,"PlayerSync","id=207 bytes=59","cf 1f 00 8c 80 7d 3f c0 00 08 8e 6b 30 f0 fe c9 91 70 fa e0 90 80 00 00 00 02 42 af e0 00 00 6c cb 14 ea c7 ff 1a 23 fd fe e6 00 01 81 19 7a 00 01 f8 7b 00 e7 a8 7f c8 04 e8 80",""
790,5029,"PACKET","IN",203,34,"AimSync","id=203 bytes=34","cb 1f 00 04 cd b4 01 bf 30 09 2a bf 78 b6 0c bf f9 f0 ab c3 be 0b 27 45 50 6d 83 42 00 00 00 00 3f 15",""
791,5029,"PACKET","IN",207,59,"PlayerSync","id=207 bytes=59","cf 1f 00 9a 80 79 bf c0 00 31 cd 6b 30 f3 be c9 91 50 c4 e0 d0 80 00 00 00 01 2e 87 e0 00 00 c7 00 14 f5 63 ff 9a 33 fd fe e6 00 00 81 67 7a 01 00 0c 7c 01 13 bc 7f c8 04 e8 80",""
792,5029,"PACKET","IN",200,44,"VehicleSync","id=200 bytes=44","c8 3c 00 47 00 14 00 00 00 08 00 4a 30 4c e0 65 1c 62 fb e9 ec 3e 5b 42 44 51 76 37 c4 2e 61 88 f3 e4 8f de 66 57 17 d6 80 3a 00 50",""
793,5029,"PACKET","IN",207,35,"PlayerSync","id=207 bytes=35","cf 5b 00 00 00 07 c2 e6 f0 dc f9 09 91 7b 67 1f 10 80 00 00 00 01 0b e2 00 00 00 00 00 00 01 a5 04 e8 80",""
794,5029,"PACKET","IN",203,34,"AimSync","id=203 bytes=34","cb 5b 00 04 4a 6c 99 3e 04 8d 5a 3f ce 0d da be 9d 61 9b c3 a7 c5 26 45 5d 6d 81 42 00 00 00 00 23 27",""
795,5029,"PACKET","IN",211,27,"PassengerSync","id=211 bytes=27","d3 97 00 29 00 01 00 64 4c 00 00 00 00 00 00 7c 64 98 c3 ed 9b 24 45 40 4b 7d 42",""
796,5051,"PACKET","IN",207,35,"PlayerSync","id=207 bytes=35","cf 20 00 00 00 11 55 e5 b0 c2 d0 89 d1 6c e4 9f 10 80 00 00 00 02 72 8b c0 00 00 00 00 00 01 a5 04 04 80",""
797,5077,"PACKET","IN",207,59,"PlayerSync","id=207 bytes=59","cf 1f 00 a7 80 75 ff c0 00 0f cc ab 30 f9 be c9 91 75 04 20 d0 80 00 00 00 03 66 57 e0 00 02 3c b8 18 f4 d7 f6 3a 6b fd fe e6 00 00 81 d9 7a 00 00 14 7d 00 6d bc 7f c8 04 e8 80",""
798,5077,"PACKET","IN",200,44,"VehicleSync","id=200 bytes=44","c8 28 00 29 00 00 00 00 00 08 00 2d 10 07 60 18 0b 28 3d f9 7c 3f aa 12 44 59 2d 77 c4 2f 39 97 73 ee ff ff b8 27 b7 d6 40 7f 00 00",""
799,5077,"PACKET","IN",207,35,"PlayerSync","id=207 bytes=35","cf 08 00 00 00 3e d3 69 70 f4 cf 4a 91 4b 81 5e d0 84 00 00 00 02 86 6f c0 00 00 00 00 00 01 a5 04 04 80",""
800,5077,"PACKET","IN",207,59,"PlayerSync","id=207 bytes=59","cf 1f 00 b1 80 73 3f c0 00 3f cb ab 30 c2 7f 09 91 64 c3 e0 d0 80 00 00 00 02 7e 2b e0 00 01 e8 80 1c f5 73 e6 ae a3 fd fe e6 00 00 40 23 7c 01 00 14 7d 00 5f bc 7f c8 04 e8 80",""
801,5100,"PACKET","IN",207,59,"PlayerSync","id=207 bytes=59","cf 1f 00 b8 00 70 ff c0 00 33 c9 ab 30 e6 3f 09 91 62 44 20 d0 80 00 00 00 00 f5 ab e0 00 02 0a 50 1c f7 23 b7 3b 07 fd fe e6 00 00 c0 b3 7c 01 01 fe 7a 00 7d be 7f c8 04 e8 80",""
802,5128,"PACKET","IN",207,59,"PlayerSync","id=207 bytes=59","cf 1f 00 b7 80 70 ff c0 00 2d 89 2b 30 f4 ff 09 91 4a 44 a0 d0 80 00 00 00 00 1d 83 e0 00 00 d5 88 18 f5 1f 81 5b 53 fd fe e6 00 00 c0 db 7c 01 01 de 7a 01 cb be 7f c8 04 e8 80",""
803,5129,"PACKET","IN",200,44,"VehicleSync","id=200 bytes=44","c8 3c 00 47 00 5f 00 02 00 08 00 40 70 51 40 63 3c ad c2 99 ec 3f 1a f2 44 5c 54 97 c4 28 46 f9 73 e1 ff b1 d5 d5 27 d6 80 3a 00 50",""
804,5129,"PACKET","IN",207,35,"PlayerSync","id=207 bytes=35","cf 5e 00 00 00 21 d0 22 b0 c3 a9 09 91 6c 1a 9e 90 84 00 00 00 02 14 82 c0 00 00 00 00 00 01 28 00 04 11",""
805,5129,"PACKET","IN",211,27,"PassengerSync","id=211 bytes=27","d3 97 00 29 00 01 00 64 4c 00 00 00 00 00 00 5b de 97 c3 3e 9c 24 45 ed 33 7d 42",""
806,5129,"PACKET","IN",207,59,"PlayerSync","id=207 bytes=59","cf 1f 00 b7 00 70 3f c0 00 3e 08 ab 30 c3 7f 49 91 5f 85 20 d0 80 00 00 00 02 4d 5b e0 00 02 c5 34 14 f6 a3 61 47 73 fd fe e6 00 01 60 fd 7c 01 01 bc 7a 01 67 c0 7f c8 04 e8 80",""
807,5152,"PACKET","IN",207,59,"PlayerSync","id=207 bytes=59","cf 1f 00 b7 00 6f ff c0 00 03 88 6b 30 d6 3f 49 91 41 06 20 d0 80 00 00 00 03 e5 2b e0 00 00 05 b4 10 f4 9f 47 eb 8b fd fe e6 00 00 61 13 7c 01 01 8c 7a 01 b1 c2 7f c8 04 e8 80",""
808,5176,"PACKET","IN",200,44,"VehicleSync","id=200 bytes=44","c8 28 00 29 00 00 00 00 00 08 00 2b 20 0c b0 1a 1b 25 f6 c9 7c 35 0a 22 44 55 2c 57 c4 20 bc 68 03 ee ff f0 68 37 37 d6 40 7f 00 00",""
809,5176,"PACKET","IN",207,35,"PlayerSync","id=207 bytes=35","cf 4f 00 00 00 0a f1 a3 30 c2 14 89 91 76 20 de 90 80 00 00 00 03 60 5a 00 00 00 00 00 00 01 28 00 04 11",""
810,5199,"PACKET","IN",207,35,"PlayerSync","id=207 bytes=35","cf 0b 00 00 00 04 80 26 f0 c6 7c 89 91 7b 67 1f 10 84 00 00 00 02 c5 e7 c0 00 00 00 00 00 01 28 00 04 11",""
811,5199,"PACKET","IN",207,59,"PlayerSync","id=207 bytes=59","cf 1f 00 b6 80 6f ff c0 00 10 47 6b 30 c8 ff 89 91 74 88 a0 d0 80 00 00 00 00 84 c7 e0 00 00 85 78 4c f6 96 f2 df c3 fd fe e6 00 01 71 3d 7c 00 00 f8 7b 00 51 ca 7f c8 04 e8 80",""
812,5199,"PACKET","IN",200,44,"VehicleSync","id=200 bytes=44","c8 3c 00 47 00 7c 00 03 00 08 00 43 90 56 d0 4f 9d 0e f8 39 dc 36 6a 82 44 54 b2 c7 c4 28 0c 39 f3 ed bf 69 45 04 67 d6 80 3a 00 50",""
813,5199,"PACKET","IN",207,35,"PlayerSync","id=207 bytes=35","cf 7c 00 00 00 2e 67 68 30 c9 79 09 91 7b 67 1f 10 84 00 00 00 03 5a 96 40 00 00 00 00 00 01 28 00 04 11",""
814,5200,"PACKET","IN",211,27,"PassengerSync","id=211 bytes=27","d3 97 00 29 00 01 00 64 4c 00 00 00 00 00 00 ec 58 97 c3 98 9c 24 45 88 1c 7d 42",""
815,5200,"PACKET","IN",203,34,"AimSync","id=203 bytes=34","cb 97 00 12 85 b5 78 3f b0 45 53 be a0 ab ee bd a7 70 9b c3 ee c0 24 45 6d 47 82 42 00 00 00 00 3f 36",""
816,5227,"PACKET","IN",207,35,"PlayerSync","id=207 bytes=35","cf 2d 00 00 00 34 a7 e5 b0 d2 4e 89 d1 6c 24 9f 10 84 00 00 00 01 78 73 c0 00 00 00 00 00 01 28 00 04 11",""
817,5227,"PACKET","IN",207,35,"PlayerSync","id=207 bytes=35","cf 00 00 00 00 1d e3 e3 70 f6 e5 09 91 41 63 5e 90 80 00 00 00 03 4b 47 00 00 00 00 00 00 01 28 00 04 11",""
818,5228,"PACKET","IN",200,44,"VehicleSync","id=200 bytes=44","c8 28 00 29 00 00 00 00 00 08 00 2b b0 01 40 2b 3b 2f cd 29 6c 3c 8a 22 44 56 3a c7 c4 23 92 68 73 ee df f2 f8 35 f7 d6 40 7f 00 00",""
819,5228,"PACKET","IN",207,35,"PlayerSync","id=207 bytes=35","cf 7e 00 00 00 27 c2 66 f0 e4 cb 89 d1 7b 67 1f 10 84 00 00 00 00 5a b7 94 00 00 00 00 00 01 28 00 04 11",""
820,5234,"PACKET","OUT",203,32,"AimSync","id=203 bytes=32","cb 00 00 00 39 05 00 00 00 00 00 00 00 00 00 00 00 40 01 00 00 00 80 3f 00 00 f3 04 b5 3f 39 05",""
821,5271,"PACKET","IN",207,35,"PlayerSync","id=207 bytes=35","cf 85 00 00 00 19 15 a5 b0 d1 07 09 d1 6c 24 9f 10 80 00 00 00 00 31 f1 80 00 00 00 00 00 01 28 00 04 11",""
822,5294,"PACKET","IN",207,59,"PlayerSync","id=207 bytes=59","cf 1f 00 b6 80 6f bf c0 00 32 46 ab 30 c1 40 49 d1 60 08 e0 d0 84 00 00 00 02 1c 93 e0 00 03 d0 48 1c f5 41 a8 97 fb fd fe e6 00 01 11 8d 7c 00 01 a1 7a 01 8d cc 7f c8 04 04 80",""
823,5294,"PACKET","IN",200,44,"VehicleSync","id=200 bytes=44","c8 3c 00 47 00 00 00 00 00 08 00 4e a0 31 10 47 3d 4f 0c 99 cc 3b 79 e2 44 5f d0 97 c4 27 b7 6a a3 ee 3f 53 84 e3 a7 d6 80 3a 00 50",""
824,5294,"PACKET","IN",207,35,"PlayerSync","id=207 bytes=35","cf 92 00 00 00 2c 75 e2 f0 dd a6 09 91 79 9e 1e 90 84 00 00 00 00 c2 8d c0 00 00 00 00 00 01 a5 04 04 80",""
825,5294,"PACKET","IN",211,27,"PassengerSync","id=211 bytes=27","d3 97 00 29 00 01 00 64 4c 00 00 00 00 00 00 6d d8 96 c3 fa 9c 24 45 a8 05 7d 42",""
826,5338,"PACKET","IN",200,44,"VehicleSync","id=200 bytes=44","c8 28 00 29 00 00 00 00 00 08 00 2c d0 01 30 2b 8b 20 15 99 6c 32 ca 32 44 52 99 87 c4 2d d1 88 c3 ee cf f5 28 35 77 d6 40 7f 00 00",""
827,5338,"PACKET","IN",207,35,"PlayerSync","id=207 bytes=35","cf 83 00 00 00 03 66 a3 70 d0 20 49 91 77 21 9e 90 80 00 00 00 03 f2 9a 40 00 00 00 00 00 01 28 00 04 11",""
828,5339,"RPC","IN",105,19,"TextDrawSetString","id=105 bytes=19 | TextDrawID=303 length=15 text=""09 Agustus 2026""","2f 01 0f 00 30 39 20 41 67 75 73 74 75 73 20 32 30 32 36",""
829,5339,"RPC","IN",105,12,"TextDrawSetString","id=105 bytes=12 | TextDrawID=304 length=8 text=""12:19:06""","30 01 08 00 31 32 3a 31 39 3a 30 36",""
830,5380,"PACKET","IN",207,35,"PlayerSync","id=207 bytes=35","cf 30 00 00 00 11 cb 23 30 f6 e1 09 91 71 df 1e 90 84 00 00 00 00 0a cf 00 00 00 00 00 00 01 28 00 04 11",""
831,5381,"PACKET","IN",211,27,"PassengerSync","id=211 bytes=27","d3 97 00 29 00 01 00 64 4c 00 00 00 00 00 00 03 44 96 c3 72 9d 24 45 30 ed 7c 42",""
832,5403,"RPC","IN",99,42,"MoveObject","id=99 bytes=42","28 00 f8 e3 a1 c3 d7 9b 26 45 53 c5 7d 42 f8 e3 a1 c3 d7 9b 26 45 ed 5e 7b 42 00 00 80 3e 00 00 00 00 00 00 00 00 08 cc 84 43",""
833,5403,"PACKET","IN",200,44,"VehicleSync","id=200 bytes=44","c8 3c 00 47 00 00 00 00 00 00 00 41 30 06 f0 18 cd 59 70 29 cc 32 79 42 44 51 6e 77 b4 20 f8 1a c3 eb 9f 5d 54 d4 c7 d6 80 3a 00 50",""
834,5404,"PACKET","IN",207,35,"PlayerSync","id=207 bytes=35","cf 46 00 02 00 14 32 e6 b0 ea bf 49 91 7b 67 1f 10 84 00 00 00 00 f1 9b c0 00 00 00 00 00 01 a5 04 e8 80",""
835,5404,"PACKET","IN",207,39,"PlayerSync","id=207 bytes=39","cf 6b 00 b8 00 44 00 00 00 09 42 e6 f0 d3 4e 89 d1 7b 67 1f 10 84 00 00 00 03 77 d7 40 00 00 00 00 00 01 28 00 04 11",""
836,5404,"RPC","IN",86,27,"ApplyPlayerAnimation","id=86 bytes=27","27 00 07 42 44 5f 46 49 52 45 07 77 61 73 68 5f 75 70 33 33 83 40 80 00 00 00 00",""
837,5428,"PACKET","IN",200,44,"VehicleSync","id=200 bytes=44","c8 28 00 29 00 00 00 00 00 08 00 2f 00 0d 90 1b bb 2f 0b 19 5c 3b ba 32 44 58 47 c7 c4 21 09 59 23 ee cf f7 28 35 d7 d6 40 7f 00 00",""
838,5430,"PACKET","OUT",207,69,"PlayerSync","id=207 bytes=69","cf 00 00 00 00 00 00 f7 9e a0 c3 55 1c 27 45 ed 9c 7c 42 58 d8 36 3f 00 00 00 80 00 00 00 00 cb 2c 33 bf 64 00 04 00 00 00 00 00 00 00 00 00 00 00 00 00 00 00 00 00 00 00 00 00 00 00 00 00 00 00 28 00 04 11",""
839,5451,"RPC","IN",72,6,"SetPlayerColor","id=72 bytes=6","2a 00 aa 00 00 ff",""
840,5451,"PACKET","IN",207,35,"PlayerSync","id=207 bytes=35","cf 1b 00 00 00 14 4b 23 30 e7 5e 49 91 72 1f 1e 90 84 00 00 00 03 f6 d3 00 00 00 00 00 00 01 28 00 04 11",""
841,5451,"PACKET","IN",207,35,"PlayerSync","id=207 bytes=35","cf 54 00 00 00 31 4a e3 30 d7 9b 89 91 71 1f 1e 90 84 00 00 00 03 1e c2 c0 00 00 00 00 00 01 28 00 04 11",""
842,5476,"PACKET","IN",200,44,"VehicleSync","id=200 bytes=44","c8 28 00 29 00 00 00 00 00 08 00 22 30 19 20 1b cb 29 81 59 5c 34 4a 42 44 51 76 37 c4 2d 99 39 83 ee cf f7 a8 36 97 d6 40 7f 00 00",""
843,5476,"PACKET","IN",207,35,"PlayerSync","id=207 bytes=35","cf 55 00 00 00 32 ed e6 b0 da b6 49 91 7b 67 1f 10 84 00 00 00 00 72 71 80 00 00 00 00 00 01 28 00 04 11",""
844,5477,"PACKET","IN",211,27,"PassengerSync","id=211 bytes=27","d3 97 00 29 00 01 00 64 4c 00 00 00 00 00 00 b7 b2 95 c3 f0 9d 24 45 2e d5 7c 42",""
845,5496,"PACKET","IN",207,35,"PlayerSync","id=207 bytes=35","cf 15 00 00 00 0d a7 68 30 e3 bc 89 91 7b 67 1f 10 84 00 00 00 03 e6 8d 80 00 00 00 00 00 01 28 00 04 11",""
846,5496,"PACKET","IN",203,34,"AimSync","id=203 bytes=34","cb 15 00 04 a8 58 74 bf 07 f1 4d 3e 24 92 61 be 95 f4 9e c3 5f e7 26 45 ad 09 81 42 00 00 00 00 3f 36",""
847,5496,"PACKET","IN",200,44,"VehicleSync","id=200 bytes=44","c8 3c 00 47 00 00 00 00 00 00 00 21 80 34 c0 2c 7d 5b 06 99 bc 3f 98 b2 44 5f 5c a7 b4 21 7c da a3 e9 4f 58 24 d0 57 d6 80 3a 00 50",""
848,5543,"PACKET","IN",207,49,"PlayerSync","id=207 bytes=49","cf 1f 00 00 00 19 c7 6b 30 fc 40 49 d1 53 c8 60 d0 84 00 00 00 00 3e af e0 00 00 00 00 00 02 e6 00 01 61 8d 7c 01 00 4d 7d 00 e7 cc 7f a5 04 04 80",""
849,5543,"PACKET","IN",200,44,"VehicleSync","id=200 bytes=44","c8 3c 00 47 00 00 00 00 00 00 00 23 10 4a c0 4d 1d 58 bb e9 ac 3b c8 22 44 56 4a 67 b4 25 a1 7a 93 e7 0f 53 34 db e7 c6 80 3a 00 50",""
850,5543,"PACKET","IN",207,35,"PlayerSync","id=207 bytes=35","cf 60 00 00 00 18 4b 23 30 d2 98 49 91 73 1f 1e 90 84 00 00 00 00 9a bd c0 00 00 00 00 00 01 28 00 04 11",""
851,5543,"PACKET","IN",211,27,"PassengerSync","id=211 bytes=27","d3 97 00 29 00 01 00 64 4c 00 00 00 00 00 00 bb 19 95 c3 77 9e 24 45 8d bd 7c 42",""
852,5562,"RPC","IN",87,2,"ClearPlayerAnimation","id=87 bytes=2","1b 00",""
853,5562,"RPC","IN",86,29,"ApplyPlayerAnimation","id=86 bytes=29","1b 00 05 43 41 52 52 59 0b 63 72 72 79 5f 70 72 74 69 61 6c 33 33 83 40 00 00 00 00 00",""
854,5590,"PACKET","IN",200,44,"VehicleSync","id=200 bytes=44","c8 28 00 29 00 00 00 00 00 08 00 25 e0 14 f0 1b cb 23 96 e9 4c 3d 6a 42 44 52 c4 87 c4 25 30 a9 f3 ee cf f7 18 36 e7 d6 40 7f 00 00",""
855,5611,"PACKET","IN",207,35,"PlayerSync","id=207 bytes=35","cf 5b 00 00 00 07 c2 e6 f0 dc f9 09 91 7b 67 1f 10 80 00 00 00 01 0b e2 00 00 00 00 00 00 01 a5 04 e8 80",""
856,5611,"RPC","IN",87,2,"ClearPlayerAnimation","id=87 bytes=2","92 00",""
857,5612,"RPC","IN",86,29,"ApplyPlayerAnimation","id=86 bytes=29","92 00 05 43 41 52 52 59 0b 63 72 72 79 5f 70 72 74 69 61 6c 33 33 83 40 00 00 00 00 00",""
858,5635,"PACKET","IN",207,35,"PlayerSync","id=207 bytes=35","cf 20 00 00 00 11 55 e5 b0 c2 d0 89 d1 6c e4 9f 10 80 00 00 00 02 72 8b c0 00 00 00 00 00 01 a5 04 04 80",""
859,5635,"PACKET","IN",207,35,"PlayerSync","id=207 bytes=35","cf 5e 00 00 00 21 d0 22 b0 c3 a9 09 91 6c 1a 9e 90 84 00 00 00 02 14 82 c0 00 00 00 00 00 01 28 00 04 11",""
860,5635,"PACKET","IN",200,44,"VehicleSync","id=200 bytes=44","c8 28 00 29 00 00 00 00 00 08 00 28 b0 11 80 1b ab 26 8b 79 3c 37 1a 52 44 5c 12 a7 c4 28 20 ba 63 ee df f5 b8 36 b7 d6 40 7f 00 00",""
861,5635,"PACKET","IN",211,27,"PassengerSync","id=211 bytes=27","d3 97 00 29 00 01 00 64 4c 00 00 00 00 00 00 7f 6b 94 c3 0e 9f 24 45 f7 a3 7c 42",""
862,5660,"PACKET","IN",200,44,"VehicleSync","id=200 bytes=44","c8 3c 00 47 00 00 00 00 00 00 00 24 00 4a a0 5d 3d 56 c1 39 ac 37 47 92 44 5d 18 37 b4 20 59 4a 63 e6 af 51 e4 d2 57 d6 80 3a 00 50",""
863,5683,"PACKET","IN",207,35,"PlayerSync","id=207 bytes=35","cf 1b 00 00 00 14 4b 23 30 e7 5e 49 91 72 1f 1e 90 84 00 00 00 03 f6 d3 00 00 00 00 00 00 01 a5 04 e8 80",""
864,5683,"PACKET","IN",207,35,"PlayerSync","id=207 bytes=35","cf 4f 00 00 00 0a f1 a3 30 c2 14 89 91 76 20 de 90 80 00 00 00 03 60 5a 00 00 00 00 00 00 01 28 00 04 11",""
865,5710,"PACKET","IN",207,35,"PlayerSync","id=207 bytes=35","cf 0b 00 00 00 04 80 26 f0 c6 7c 89 91 7b 67 1f 10 84 00 00 00 02 c5 e7 c0 00 00 00 00 00 01 28 00 04 11",""
866,5710,"PACKET","IN",207,59,"PlayerSync","id=207 bytes=59","cf 1f 00 b8 80 71 bf c0 00 0a 8b eb 30 dd 00 89 d1 6d 48 e0 d0 84 00 00 00 01 0e 93 e0 00 01 b1 44 18 f6 c4 08 7e 6b fd fe e6 00 00 71 13 7c 00 00 eb 7d 00 17 cc 7f c8 04 04 80",""
867,5729,"PACKET","IN",200,44,"VehicleSync","id=200 bytes=44","c8 28 00 29 00 00 00 00 00 08 00 29 f0 1f a0 0b 9b 2a 10 39 3c 30 5a 62 44 5a 30 d7 c4 24 1b ea c3 ee df f4 38 36 67 d6 40 7f 00 00",""
868,5756,"PACKET","IN",207,35,"PlayerSync","id=207 bytes=35","cf 7e 00 00 00 27 c2 66 f0 e4 cb 89 d1 7b 67 1f 10 84 00 00 00 00 5a b7 94 00 00 00 00 00 01 28 00 04 11",""
869,5757,"RPC","IN",86,27,"ApplyPlayerAnimation","id=86 bytes=27","46 00 07 42 44 5f 46 49 52 45 07 77 61 73 68 5f 75 70 33 33 83 40 80 00 00 00 00",""
870,5757,"PACKET","IN",207,35,"PlayerSync","id=207 bytes=35","cf 63 00 00 00 35 85 e6 f0 f9 48 49 d1 7b 67 1f 10 84 00 00 00 03 a1 c6 00 00 00 00 00 00 01 28 00 04 11",""
871,5757,"PACKET","IN",203,34,"AimSync","id=203 bytes=34","cb 63 00 04 e2 bb f2 be 7f c7 00 bf e5 fd 38 bf 04 8e 9a c3 2d 34 27 45 ef c9 82 42 00 00 00 00 3f 44",""
872,5762,"PACKET","OUT",203,32,"AimSync","id=203 bytes=32","cb 00 00 00 39 05 00 00 00 00 00 00 00 00 00 00 00 40 01 00 00 00 80 3f 00 00 f3 04 b5 3f 39 05",""
873,5777,"PACKET","IN",207,35,"PlayerSync","id=207 bytes=35","cf 00 00 00 00 1d e3 e3 70 f6 e5 09 91 41 63 5e 90 80 00 00 00 03 4b 47 00 00 00 00 00 00 01 28 00 04 11",""
874,5777,"PACKET","IN",207,35,"PlayerSync","id=207 bytes=35","cf 2d 00 00 00 34 a7 e5 b0 d2 4e 89 d1 6c 24 9f 10 84 00 00 00 01 78 73 c0 00 00 00 00 00 01 28 00 04 11",""
875,5777,"PACKET","IN",200,44,"VehicleSync","id=200 bytes=44","c8 3c 00 47 00 00 00 00 00 00 00 29 00 4f b0 5d 4d 5f 66 19 9c 3d f6 f2 44 53 b6 57 b4 2d 40 fa 43 e7 df 54 44 d9 37 d6 80 3a 00 50",""
876,5777,"PACKET","IN",211,27,"PassengerSync","id=211 bytes=27","d3 97 00 29 00 01 00 64 4c 00 00 00 00 00 00 fd be 93 c3 a2 9f 24 45 a5 89 7c 42",""
877,5799,"PACKET","IN",207,35,"PlayerSync","id=207 bytes=35","cf 85 00 00 00 19 15 a5 b0 d1 07 09 d1 6c 24 9f 10 80 00 00 00 00 31 f1 80 00 00 00 00 00 01 28 00 04 11",""
878,5799,"PACKET","IN",203,34,"AimSync","id=203 bytes=34","cb 85 00 04 46 60 3e 3e d4 7c 77 3f 00 cf 33 be ee 8a 96 c3 1e fa 26 45 05 43 80 42 00 00 00 00 3f c6",""
879,5818,"PACKET","IN",207,35,"PlayerSync","id=207 bytes=35","cf 08 00 00 00 3e d3 69 70 f4 cf 4a 91 4b 81 5e d0 84 00 00 00 02 86 6f c0 00 00 00 00 00 01 a5 04 04 80",""
880,5818,"PACKET","IN",203,34,"AimSync","id=203 bytes=34","cb 08 00 04 9a 82 72 bf 65 17 98 3e 19 85 f5 3d c1 c9 a3 c3 9a 2e 2a 45 82 e2 7b 42 00 00 00 00 3f 36",""
881,5818,"PACKET","IN",200,44,"VehicleSync","id=200 bytes=44","c8 3c 00 47 00 00 00 00 00 08 00 2c 30 31 60 4d ed 5b ab 79 8c 3b 36 62 44 57 d4 97 b4 2e 39 da 53 e8 5f 55 64 db 07 d6 80 3a 00 50",""
882,5818,"PACKET","IN",200,44,"VehicleSync","id=200 bytes=44","c8 28 00 29 00 00 00 00 00 48 01 29 80 1e f0 0b 9b 2c 25 19 2c 39 4a 62 44 5c 1f 07 b4 27 e1 8b 33 ee ef f2 f8 36 77 d6 40 7f 00 00",""
883,5818,"PACKET","IN",203,34,"AimSync","id=203 bytes=34","cb 28 00 12 02 1d 75 bf 57 dd c4 bc 83 35 93 be cc b7 96 c3 12 ac 24 45 37 3a 82 42 00 00 00 00 3f 36",""
884,5818,"PACKET","IN",211,27,"PassengerSync","id=211 bytes=27","d3 97 00 29 00 01 00 64 4c 00 00 00 00 00 00 b4 01 93 c3 3e a0 24 45 74 6c 7c 42",""
885,5843,"PACKET","IN",207,35,"PlayerSync","id=207 bytes=35","cf 83 00 00 00 03 66 a3 70 d0 20 49 91 77 21 9e 90 80 00 00 00 03 f2 9a 40 00 00 00 00 00 01 28 00 04 11",""
886,5844,"PACKET","IN",203,34,"AimSync","id=203 bytes=34","cb 83 00 04 12 de ed 3d cd 2e 76 bf 58 6e 7e be 2d c2 8d c3 c5 aa 26 45 da 9b 7f 42 00 00 00 00 3f c6",""
887,5865,"PACKET","IN",211,27,"PassengerSync","id=211 bytes=27","d3 97 00 29 00 01 00 64 4c 00 00 00 00 00 00 d4 40 92 c3 d9 a0 24 45 0f 4d 7c 42",""
888,5891,"PACKET","IN",200,44,"VehicleSync","id=200 bytes=44","c8 28 00 29 00 00 00 00 00 48 01 2a 20 11 a0 1b 8b 2c 78 89 1c 33 2a 72 44 54 5d 07 b4 25 c3 cb 83 ee ef f2 28 36 a7 d6 40 7f 00 00",""
889,5891,"PACKET","IN",200,44,"VehicleSync","id=200 bytes=44","c8 3c 00 47 00 00 00 00 00 08 00 0c 20 0c 90 0e 6d 5e 92 59 8c 3d 75 e2 44 51 93 27 b4 2d 9b 1a d3 e8 4f 54 f4 df f7 d6 80 3a 00 50",""
890,5892,"PACKET","IN",203,34,"AimSync","id=203 bytes=34","cb 3c 00 12 e5 0a 6a 3f 87 83 be be f0 40 24 be 7a 35 9a c3 d5 79 24 45 f2 90 80 42 00 00 00 00 3f 36",""
891,5892,"PACKET","IN",207,35,"PlayerSync","id=207 bytes=35","cf 92 00 00 00 2c 75 e2 f0 dd a6 09 91 79 9e 1e 90 84 00 00 00 00 c2 8d c0 00 00 00 00 00 01 a5 04 04 80",""
892,5911,"PACKET","IN",207,59,"PlayerSync","id=207 bytes=59","cf 1f 00 b6 80 6f bf c0 00 26 93 6b 30 c0 00 c9 d1 73 ca 20 d0 84 00 00 00 02 42 d7 e0 00 02 16 94 68 f7 24 00 a2 3b fd fe e6 00 00 00 c5 7a 01 81 67 7d 00 e7 ca 7f c8 04 04 80",""
893,5950,"RPC","IN",135,2,"HideTextDraw","id=135 bytes=2","f0 00",""
894,5950,"RPC","IN",135,2,"HideTextDraw","id=135 bytes=2","2c 08",""
895,5951,"RPC","IN",135,2,"HideTextDraw","id=135 bytes=2","2d 08",""
896,5951,"RPC","IN",87,2,"ClearPlayerAnimation","id=87 bytes=2","79 00",""
897,5951,"RPC","IN",86,29,"ApplyPlayerAnimation","id=86 bytes=29","79 00 05 43 41 52 52 59 0b 63 72 72 79 5f 70 72 74 69 61 6c 33 33 83 40 00 00 00 00 00",""
898,5951,"RPC","IN",88,1,"SetPlayerSpecialAction","id=88 bytes=1","00",""
899,5951,"RPC","IN",15,1,"TogglePlayerControllable","id=15 bytes=1","01",""
900,5951,"RPC","IN",16,16,"PlaySound","id=16 bytes=16","d5 9d 00 00 00 00 00 00 00 00 00 00 00 00 00 00",""
901,5951,"RPC","IN",134,67,"ShowTextDraw","id=134 bytes=67","2b 08 10 9a 99 d9 3e 33 33 b3 3f 32 32 32 ff 00 00 c8 43 00 00 88 41 32 32 32 ff 00 00 32 32 32 ff 01 00 00 80 76 44 00 00 d9 42 00 00 00 00 00 00 00 00 00 00 00 00 00 00 00 00 80 3f ff ff ff ff 00 00",""
902,5951,"RPC","IN",134,80,"ShowTextDraw","id=134 bytes=80","2c 08 10 8f c2 f5 3e 29 5c 8f 3f 00 00 00 66 00 00 50 42 00 00 88 42 80 80 80 80 00 00 00 00 00 66 04 00 00 80 a2 43 00 00 a1 43 00 00 00 00 00 00 00 00 00 00 00 00 00 00 00 00 80 3f ff ff ff ff 0d 00 4c 44 5f 53 50 41 43 3a 77 68 69 74 65",""
903,5951,"RPC","IN",134,68,"ShowTextDraw","id=134 bytes=68","2d 08 00 8f c2 f5 3e 29 5c 8f 3f ff ff ff ff 00 00 30 42 00 00 44 42 80 80 80 80 00 00 00 00 00 00 05 00 00 80 a4 43 00 80 a5 43 f4 0a 00 00 00 00 00 00 00 00 00 00 00 00 00 00 80 3f 00 00 00 00 01 00 5f",""
904,5951,"RPC","IN",134,77,"ShowTextDraw","id=134 bytes=77","2e 08 10 93 18 04 3e 9a 99 59 3f ff ff ff e6 00 00 a0 44 00 00 a0 44 80 80 80 80 00 00 ff ff ff e6 01 00 00 00 a3 43 00 00 a1 43 00 00 00 00 00 00 00 00 00 00 00 00 00 00 00 00 80 3f ff ff ff ff 0a 00 52 65 6d 6f 76 65 64 20 38 78",""
905,5952,"RPC","IN",134,78,"ShowTextDraw","id=134 bytes=78","2f 08 18 93 18 04 3e 9a 99 59 3f ff ff ff e6 00 00 a0 44 00 00 a0 44 80 80 80 80 00 00 ff ff ff e6 01 00 00 00 b0 43 00 00 bb 43 00 00 00 00 00 00 00 00 00 00 00 00 00 00 00 00 80 3f ff ff ff ff 0b 00 41 79 61 6d 20 50 6f 74 6f 6e 67",""
906,5952,"RPC","IN",134,80,"ShowTextDraw","id=134 bytes=80","30 08 10 8f c2 f5 3e 29 5c 8f 3f 1a ff 00 aa 00 00 50 42 00 00 40 40 80 80 80 80 00 00 ff ff ff e6 04 00 00 80 a2 43 00 00 c2 43 00 00 00 00 00 00 00 00 00 00 00 00 00 00 00 00 80 3f ff ff ff ff 0d 00 4c 44 5f 53 50 41 43 3a 77 68 69 74 65",""
907,5952,"RPC","IN",135,2,"HideTextDraw","id=135 bytes=2","2b 08",""
908,5952,"RPC","IN",135,2,"HideTextDraw","id=135 bytes=2","2c 08",""
909,5952,"RPC","IN",135,2,"HideTextDraw","id=135 bytes=2","2d 08",""
910,5952,"RPC","IN",135,2,"HideTextDraw","id=135 bytes=2","2e 08",""
911,5952,"RPC","IN",135,2,"HideTextDraw","id=135 bytes=2","2f 08",""
912,5952,"RPC","IN",135,2,"HideTextDraw","id=135 bytes=2","30 08",""
913,5952,"RPC","IN",16,16,"PlaySound","id=16 bytes=16","d5 9d 00 00 00 00 00 00 00 00 00 00 00 00 00 00",""
914,5952,"RPC","IN",134,67,"ShowTextDraw","id=134 bytes=67","2b 08 10 9a 99 d9 3e 33 33 b3 3f 32 32 32 ff 00 00 c8 43 00 00 88 41 32 32 32 ff 00 00 32 32 32 ff 01 00 00 80 76 44 00 00 d9 42 00 00 00 00 00 00 00 00 00 00 00 00 00 00 00 00 80 3f ff ff ff ff 00 00",""
915,5952,"RPC","IN",134,80,"ShowTextDraw","id=134 bytes=80","2c 08 10 8f c2 f5 3e 29 5c 8f 3f 00 00 00 66 00 00 50 42 00 00 88 42 80 80 80 80 00 00 00 00 00 66 04 00 00 80 a2 43 00 00 a1 43 00 00 00 00 00 00 00 00 00 00 00 00 00 00 00 00 80 3f ff ff ff ff 0d 00 4c 44 5f 53 50 41 43 3a 77 68 69 74 65",""
916,5952,"RPC","IN",134,68,"ShowTextDraw","id=134 bytes=68","2d 08 00 8f c2 f5 3e 29 5c 8f 3f ff ff ff ff 00 00 30 42 00 00 44 42 80 80 80 80 00 00 00 00 00 00 05 00 00 80 a4 43 00 80 a5 43 d0 0a 00 00 00 00 00 00 00 00 00 00 00 00 00 00 80 3f 00 00 00 00 01 00 5f",""
917,5952,"RPC","IN",134,78,"ShowTextDraw","id=134 bytes=78","2e 08 10 93 18 04 3e 9a 99 59 3f ff ff ff e6 00 00 a0 44 00 00 a0 44 80 80 80 80 00 00 ff ff ff e6 01 00 00 00 a3 43 00 00 a1 43 00 00 00 00 00 00 00 00 00 00 00 00 00 00 00 00 80 3f ff ff ff ff 0b 00 52 65 63 65 69 76 65 64 20 38 78",""
918,5953,"RPC","IN",134,77,"ShowTextDraw","id=134 bytes=77","2f 08 18 93 18 04 3e 9a 99 59 3f ff ff ff e6 00 00 a0 44 00 00 a0 44 80 80 80 80 00 00 ff ff ff e6 01 00 00 00 b0 43 00 00 bb 43 00 00 00 00 00 00 00 00 00 00 00 00 00 00 00 00 80 3f ff ff ff ff 0a 00 41 79 61 6d 20 4b 65 6d 61 73",""
919,5953,"RPC","IN",134,80,"ShowTextDraw","id=134 bytes=80","30 08 10 8f c2 f5 3e 29 5c 8f 3f 1a ff 00 aa 00 00 50 42 00 00 40 40 80 80 80 80 00 00 ff ff ff e6 04 00 00 80 a2 43 00 00 c2 43 00 00 00 00 00 00 00 00 00 00 00 00 00 00 00 00 80 3f ff ff ff ff 0d 00 4c 44 5f 53 50 41 43 3a 77 68 69 74 65",""
920,5953,"RPC","IN",134,67,"ShowTextDraw","id=134 bytes=67","31 08 10 9a 99 d9 3e 33 33 b3 3f 32 32 32 ff 00 00 c8 43 00 00 88 41 32 32 32 ff 00 00 32 32 32 ff 01 00 00 20 82 44 00 00 d9 42 00 00 00 00 00 00 00 00 00 00 00 00 00 00 00 00 80 3f ff ff ff ff 00 00",""
921,5954,"RPC","IN",134,80,"ShowTextDraw","id=134 bytes=80","32 08 10 8f c2 f5 3e 29 5c 8f 3f 00 00 00 66 00 00 50 42 00 00 88 42 80 80 80 80 00 00 00 00 00 66 04 00 00 00 be 43 00 00 a1 43 00 00 00 00 00 00 00 00 00 00 00 00 00 00 00 00 80 3f ff ff ff ff 0d 00 4c 44 5f 53 50 41 43 3a 77 68 69 74 65",""
922,5954,"RPC","IN",134,68,"ShowTextDraw","id=134 bytes=68","33 08 00 8f c2 f5 3e 29 5c 8f 3f ff ff ff ff 00 00 30 42 00 00 44 42 80 80 80 80 00 00 00 00 00 00 05 00 00 00 c0 43 00 80 a5 43 f4 0a 00 00 00 00 00 00 00 00 00 00 00 00 00 00 80 3f 00 00 00 00 01 00 5f",""
923,5956,"RPC","IN",134,77,"ShowTextDraw","id=134 bytes=77","34 08 10 93 18 04 3e 9a 99 59 3f ff ff ff e6 00 00 a0 44 00 00 a0 44 80 80 80 80 00 00 ff ff ff e6 01 00 00 80 be 43 00 00 a1 43 00 00 00 00 00 00 00 00 00 00 00 00 00 00 00 00 80 3f ff ff ff ff 0a 00 52 65 6d 6f 76 65 64 20 38 78",""
924,5956,"RPC","IN",134,78,"ShowTextDraw","id=134 bytes=78","35 08 18 93 18 04 3e 9a 99 59 3f ff ff ff e6 00 00 a0 44 00 00 a0 44 80 80 80 80 00 00 ff ff ff e6 01 00 00 80 cb 43 00 00 bb 43 00 00 00 00 00 00 00 00 00 00 00 00 00 00 00 00 80 3f ff ff ff ff 0b 00 41 79 61 6d 20 50 6f 74 6f 6e 67",""
925,5956,"RPC","IN",134,80,"ShowTextDraw","id=134 bytes=80","36 08 10 8f c2 f5 3e 29 5c 8f 3f 1a ff 00 aa 00 00 50 42 00 00 40 40 80 80 80 80 00 00 ff ff ff e6 04 00 00 00 be 43 00 00 c2 43 00 00 00 00 00 00 00 00 00 00 00 00 00 00 00 00 80 3f ff ff ff ff 0d 00 4c 44 5f 53 50 41 43 3a 77 68 69 74 65",""
926,5956,"RPC","IN",105,7,"TextDrawSetString","id=105 bytes=7 | TextDrawID=2086 length=3 text=""100""","26 08 03 00 31 30 30",""
927,5956,"RPC","IN",105,5,"TextDrawSetString","id=105 bytes=5 | TextDrawID=2087 length=1 text=""0""","27 08 01 00 30",""
928,5956,"RPC","IN",105,6,"TextDrawSetString","id=105 bytes=6 | TextDrawID=2088 length=2 text=""46""","28 08 02 00 34 36",""
929,5956,"RPC","IN",105,5,"TextDrawSetString","id=105 bytes=5 | TextDrawID=2089 length=1 text=""2""","29 08 01 00 32",""
930,5956,"RPC","IN",105,7,"TextDrawSetString","id=105 bytes=7 | TextDrawID=2090 length=3 text=""100""","2a 08 03 00 31 30 30",""
931,5956,"PACKET","OUT",205,9,"UNKNOWN_PACKET","id=205 bytes=9","cd b8 4a 04 00 00 00 00 00",""
932,5957,"PACKET","OUT",207,69,"PlayerSync","id=207 bytes=69","cf 00 00 00 00 00 00 f7 9e a0 c3 55 1c 27 45 ed 9c 7c 42 58 d8 36 3f 00 00 00 80 00 00 00 00 cb 2c 33 bf 64 00 04 00 00 00 00 00 00 00 00 00 00 00 00 00 00 00 00 00 00 00 00 00 00 00 00 00 00 00 a5 04 e8 80",""
933,6049,"PACKET","IN",200,44,"VehicleSync","id=200 bytes=44","c8 3c 00 47 00 00 00 00 00 08 00 4d 20 02 40 3d dd 5f e8 a9 7c 37 b5 62 44 5c a1 d7 b4 28 4d 5b 53 e8 1f 54 64 d3 b7 e6 80 3a 00 50",""
934,6050,"PACKET","IN",207,35,"PlayerSync","id=207 bytes=35","cf 46 00 02 00 14 32 e6 b0 ea bf 49 91 7b 67 1f 10 84 00 00 00 00 f1 9b c0 00 00 00 00 00 01 28 00 04 11",""
935,6050,"PACKET","IN",211,27,"PassengerSync","id=211 bytes=27","d3 97 00 29 00 01 00 64 4c 00 00 00 00 00 00 fc 86 91 c3 6b a1 24 45 c0 2d 7c 42",""
936,6050,"PACKET","IN",207,35,"PlayerSync","id=207 bytes=35","cf 15 00 00 00 0d a7 68 30 e3 bc 89 91 7b 67 1f 10 84 00 00 00 03 e6 8d 80 00 00 00 00 00 01 28 00 04 11",""
937,6050,"PACKET","IN",200,44,"VehicleSync","id=200 bytes=44","c8 28 00 29 00 00 00 00 00 48 01 2b e0 16 70 1b 7b 2c 4c 89 0c 3c 8a 72 44 53 cb 17 b4 28 3b 1b c3 ee ef f1 e8 36 97 d6 40 7f 00 00",""
938,6050,"PACKET","IN",207,35,"PlayerSync","id=207 bytes=35","cf 46 00 00 00 14 32 e6 b0 ea bf 49 91 7b 67 1f 10 84 00 00 00 00 f1 9b c0 00 00 00 00 00 01 28 00 04 11",""
939,6050,"PACKET","IN",207,35,"PlayerSync","id=207 bytes=35","cf 55 00 00 00 32 ed e6 b0 da b6 49 91 7b 67 1f 10 84 00 00 00 00 72 71 80 00 00 00 00 00 01 28 00 04 11",""
940,6050,"PACKET","IN",207,35,"PlayerSync","id=207 bytes=35","cf 4b 00 00 00 34 a8 a3 70 ff 5d 09 91 7b 23 5e 90 80 00 00 00 03 47 12 00 00 00 00 00 00 01 28 00 04 11",""
941,6051,"PACKET","IN",203,34,"AimSync","id=203 bytes=34","cb 4b 00 04 94 d8 cf 3d d5 99 4d bf 19 4c 16 bf d3 c5 8d c3 9c 97 26 45 0b a4 81 42 00 00 00 00 3f 22",""
942,6051,"PACKET","IN",207,35,"PlayerSync","id=207 bytes=35","cf 60 00 00 00 18 4b 23 30 d2 98 49 91 73 1f 1e 90 84 00 00 00 00 9a bd c0 00 00 00 00 00 01 28 00 04 11",""
943,6051,"PACKET","IN",207,35,"PlayerSync","id=207 bytes=35","cf 54 00 00 00 31 4a e3 30 d7 9b 89 91 71 1f 1e 90 84 00 00 00 03 1e c2 c0 00 00 00 00 00 01 28 00 04 11",""
944,6051,"PACKET","IN",200,44,"VehicleSync","id=200 bytes=44","c8 3c 00 47 00 00 00 00 00 08 00 4c e0 16 10 4d 5d 51 0d 89 6c 3d 24 c2 44 55 70 67 b4 22 2b eb e3 e7 ef 54 34 d0 c7 e6 80 3a 00 50",""
945,6074,"PACKET","IN",200,44,"VehicleSync","id=200 bytes=44","c8 28 00 29 00 00 00 00 00 48 01 2b f0 19 e0 1b 7b 23 d0 09 0c 36 4a 82 44 5d 19 07 b4 26 64 3c 13 ee ef f2 18 36 a7 d6 40 7f 00 00",""
946,6075,"PACKET","IN",211,27,"PassengerSync","id=211 bytes=27","d3 97 00 29 00 01 00 64 4c 00 00 00 00 00 00 98 c4 90 c3 03 a2 24 45 c4 0d 7c 42",""
947,6137,"PACKET","IN",207,35,"PlayerSync","id=207 bytes=35","cf 5b 00 00 00 07 c2 e6 f0 dc f9 09 91 7b 67 1f 10 80 00 00 00 01 0b e2 00 00 00 00 00 00 01 a5 04 e8 80",""
948,6138,"PACKET","IN",207,59,"PlayerSync","id=207 bytes=59","cf 1f 00 b4 80 6e 7f c0 00 15 d8 eb 30 ca 40 89 d1 4b 4c 20 d0 84 00 00 00 03 cf 9b e0 00 02 7e e0 3c f7 3c 50 28 eb fd fe e6 00 00 01 f8 7a 00 c1 6f 7c 00 d7 ca 7f c8 04 04 80",""
949,6138,"PACKET","IN",211,27,"PassengerSync","id=211 bytes=27","d3 97 00 29 00 01 00 64 4c 00 00 00 00 00 00 67 fb 8f c3 9f a2 24 45 ae ec 7b 42",""
950,6161,"PACKET","IN",207,35,"PlayerSync","id=207 bytes=35","cf 20 00 00 00 11 55 e5 b0 c2 d0 89 d1 6c e4 9f 10 80 00 00 00 02 72 8b c0 00 00 00 00 00 01 a5 04 04 80",""
951,6161,"PACKET","IN",200,44,"VehicleSync","id=200 bytes=44","c8 3c 00 47 00 00 00 00 00 08 00 4f 40 17 00 4d 4d 58 b3 79 6c 32 94 42 44 5c fe e7 a4 2a 95 bc 63 e7 ef 54 64 dc 37 d6 80 3a 00 50",""
952,6161,"PACKET","IN",207,35,"PlayerSync","id=207 bytes=35","cf 5e 00 00 00 21 d0 22 b0 c3 a9 09 91 6c 1a 9e 90 84 00 00 00 02 14 82 c0 00 00 00 00 00 01 28 00 04 11",""
953,6183,"PACKET","IN",200,44,"VehicleSync","id=200 bytes=44","c8 28 00 29 00 00 00 00 00 48 01 2a 30 1a d0 1b 7b 2d 82 a8 fc 30 ca 92 44 57 16 e7 b4 28 30 0c 63 ee ef f2 98 36 d7 d6 40 7f 00 00",""
954,6208,"PACKET","IN",200,44,"VehicleSync","id=200 bytes=44","c8 3c 00 47 00 00 00 00 00 08 00 44 a0 17 10 3d 9d 59 58 e9 5c 30 b3 b2 44 50 9d 47 a4 24 13 6c c3 e8 0f 54 c4 d9 57 d6 80 3a 00 50",""
955,6250,"PACKET","IN",207,35,"PlayerSync","id=207 bytes=35","cf 0b 00 00 00 04 80 26 f0 c6 7c 89 91 7b 67 1f 10 84 00 00 00 02 c5 e7 c0 00 00 00 00 00 01 28 00 04 11",""
956,6250,"PACKET","IN",200,44,"VehicleSync","id=200 bytes=44","c8 28 00 29 00 00 00 00 00 48 01 28 50 1a 30 1b 8b 24 26 88 ec 3a 7a 92 44 54 74 f7 b4 21 02 dc a3 ee ef f3 28 37 07 d6 40 7f 00 00",""
957,6251,"PACKET","IN",207,35,"PlayerSync","id=207 bytes=35","cf 4f 00 00 00 0a f1 a3 30 c2 14 89 91 76 20 de 90 80 00 00 00 03 60 5a 00 00 00 00 00 00 01 28 00 04 11",""
958,6251,"PACKET","IN",211,27,"PassengerSync","id=211 bytes=27","d3 97 00 29 00 01 00 64 4c 00 00 00 00 00 00 80 24 8f c3 47 a3 24 45 50 ca 7b 42",""
959,6251,"PACKET","IN",203,34,"AimSync","id=203 bytes=34","cb 97 00 12 75 cb 7d 3f dd 49 47 bd 9a 0a f9 bd b7 51 93 c3 4b b2 24 45 26 b3 81 42 00 00 00 00 3f 36",""
960,6271,"PACKET","IN",207,35,"PlayerSync","id=207 bytes=35","cf 1b 00 00 00 14 4b 23 30 e7 5e 49 91 72 1f 1e 90 84 00 00 00 03 f6 d3 00 00 00 00 00 00 01 a5 04 e8 80",""
961,6271,"PACKET","IN",200,44,"VehicleSync","id=200 bytes=44","c8 3c 00 47 00 00 00 00 00 08 00 45 40 02 e0 2d dd 52 0e 29 4c 3c 03 12 44 5d 1b 77 a4 29 71 1d 13 e8 3f 55 34 d8 47 d6 80 3a 00 50",""
962,6271,"PACKET","IN",207,35,"PlayerSync","id=207 bytes=35","cf 7c 00 00 00 2e 67 68 30 c9 79 09 91 7b 67 1f 10 84 00 00 00 03 5a 96 40 00 00 00 00 00 01 28 00 04 11",""
963,6271,"PACKET","IN",203,34,"AimSync","id=203 bytes=34","cb 7c 00 04 66 a0 c1 be aa 1b 62 3f 63 f6 8d be 3b 71 a0 c3 27 d7 26 45 26 04 80 42 00 00 00 00 3f 20",""
964,6271,"PACKET","IN",207,35,"PlayerSync","id=207 bytes=35","cf 2d 00 00 00 34 a7 e5 b0 d2 4e 89 d1 6c 24 9f 10 84 00 00 00 01 78 73 c0 00 00 00 00 00 01 28 00 04 11",""
965,6272,"PACKET","IN",207,35,"PlayerSync","id=207 bytes=35","cf 7e 00 00 00 27 c2 66 f0 e4 cb 89 d1 7b 67 1f 10 84 00 00 00 00 5a b7 94 00 00 00 00 00 01 28 00 04 11",""
966,6288,"PACKET","OUT",203,32,"AimSync","id=203 bytes=32","cb 00 00 00 39 05 00 00 00 00 00 00 00 00 00 00 00 40 01 00 00 00 80 3f 00 00 f3 04 b5 3f 39 05",""
967,6293,"PACKET","IN",211,27,"PassengerSync","id=211 bytes=27","d3 97 00 29 00 01 00 64 4c 00 00 00 00 00 00 f6 5d 8e c3 e6 a3 24 45 73 a8 7b 42",""
968,6311,"PACKET","IN",207,35,"PlayerSync","id=207 bytes=35","cf 00 00 00 00 1d e3 e3 70 f6 e5 09 91 41 63 5e 90 80 00 00 00 03 4b 47 00 00 00 00 00 00 01 28 00 04 11",""
969,6311,"PACKET","IN",200,44,"VehicleSync","id=200 bytes=44","c8 28 00 29 00 00 00 00 00 48 01 27 90 19 70 1b 8b 21 e8 88 dc 35 ca a2 44 58 32 b7 b4 2e bc fc e3 ee ef f3 b8 37 27 d6 40 7f 00 00",""
970,6332,"PACKET","IN",207,35,"PlayerSync","id=207 bytes=35","cf 08 00 00 00 3e d3 69 70 f4 cf 4a 91 4b 81 5e d0 84 00 00 00 02 86 6f c0 00 00 00 00 00 01 a5 04 04 80",""
971,6332,"PACKET","IN",207,59,"PlayerSync","id=207 bytes=59","cf 1f 00 b2 00 6c 7f c0 00 3f 5e ab 30 f7 bf 89 91 57 0f e0 d0 84 00 00 00 02 e3 cb e0 00 02 27 a9 88 f4 64 c4 d4 6f fd fe e6 00 00 61 78 7c 00 80 cf 7d 00 3b cc 7f c8 04 04 80",""
972,6332,"PACKET","IN",203,34,"AimSync","id=203 bytes=34","cb 1f 00 04 cb 15 5a 3e 8a ec 50 bf 66 87 09 bf 81 ae ac c3 3d 1d 27 45 2b c7 86 42 00 00 00 00 3f 15",""
973,6357,"PACKET","IN",200,44,"VehicleSync","id=200 bytes=44","c8 3c 00 47 00 00 00 00 00 08 00 01 60 0b 50 1d cd 51 12 a9 4c 3d 62 72 44 5e 89 87 a4 28 41 ad 63 e8 5f 55 84 d8 27 d6 80 3a 00 50",""
974,6378,"PACKET","IN",207,35,"PlayerSync","id=207 bytes=35","cf 83 00 00 00 03 66 a3 70 d0 20 49 91 77 21 9e 90 80 00 00 00 03 f2 9a 40 00 00 00 00 00 01 28 00 04 11",""
975,6378,"PACKET","IN",211,27,"PassengerSync","id=211 bytes=27","d3 97 00 29 00 01 00 64 4c 00 00 00 00 00 00 c5 87 8d c3 94 a4 24 45 83 86 7b 42",""
976,6399,"PACKET","IN",200,44,"VehicleSync","id=200 bytes=44","c8 28 00 29 00 00 00 00 00 48 01 28 50 19 00 1b 8b 23 9a 88 cc 31 2a b2 44 5b f0 77 b4 23 55 dd 33 ee df f4 18 37 07 d6 40 7f 00 00",""
977,6399,"PACKET","IN",207,39,"PlayerSync","id=207 bytes=39","cf 6b 00 b8 00 44 00 00 00 09 42 e6 f0 d3 4e 89 d1 7b 67 1f 10 84 00 00 00 03 77 d7 40 00 00 00 00 00 01 28 00 04 11",""
978,6399,"PACKET","IN",203,34,"AimSync","id=203 bytes=34","cb 6b 00 04 d4 63 60 3f 2b d5 c9 be a1 6f 8d be d1 81 9b c3 f9 40 27 45 4c 17 80 42 00 00 00 00 3f 3a",""
979,6399,"PACKET","IN",207,35,"PlayerSync","id=207 bytes=35","cf 85 00 00 00 19 15 a5 b0 d1 07 09 d1 6c 24 9f 10 80 00 00 00 00 31 f1 80 00 00 00 00 00 01 28 00 04 11",""
980,6399,"RPC","IN",105,19,"TextDrawSetString","id=105 bytes=19 | TextDrawID=303 length=15 text=""09 Agustus 2026""","2f 01 0f 00 30 39 20 41 67 75 73 74 75 73 20 32 30 32 36",""
981,6399,"RPC","IN",105,12,"TextDrawSetString","id=105 bytes=12 | TextDrawID=304 length=8 text=""12:19:07""","30 01 08 00 31 32 3a 31 39 3a 30 37",""
982,6426,"PACKET","IN",207,35,"PlayerSync","id=207 bytes=35","cf 30 00 00 00 11 cb 23 30 f6 e1 09 91 71 df 1e 90 84 00 00 00 00 0a cf 00 00 00 00 00 00 01 28 00 04 11",""
983,6427,"PACKET","IN",203,34,"AimSync","id=203 bytes=34","cb 30 00 04 22 b2 7d bf c4 e2 7e bd ab bc f2 bd 57 43 8b c3 af 86 26 45 0c c2 7d 42 00 00 00 00 3f c6",""
984,6427,"PACKET","IN",200,44,"VehicleSync","id=200 bytes=44","c8 3c 00 47 00 00 00 00 00 08 00 01 f0 00 20 3e 0d 5a 37 39 3c 30 51 e2 44 5d 97 f7 a4 2b 7c 2d a3 e8 cf 55 c4 db 87 e6 80 3a 00 50",""
985,6449,"PACKET","IN",207,35,"PlayerSync","id=207 bytes=35","cf 92 00 00 00 2c 75 e2 f0 dd a6 09 91 79 9e 1e 90 84 00 00 00 00 c2 8d c0 00 00 00 00 00 01 a5 04 04 80",""
986,6476,"PACKET","IN",207,59,"PlayerSync","id=207 bytes=59","cf 1f 00 ad 80 69 ff c0 00 2c e5 eb 30 e1 3e 49 91 77 d5 60 d0 84 00 00 00 02 b7 db e0 00 00 3c 9a bc f7 58 f0 20 4f fd fe e6 00 00 f0 62 7e 00 00 e8 78 00 c7 ce 7f c8 04 04 80",""
987,6476,"PACKET","IN",211,27,"PassengerSync","id=211 bytes=27","d3 97 00 29 00 01 00 64 4c 00 00 00 00 00 00 c7 a1 8c c3 4e a5 24 45 1f 63 7b 42",""
988,6476,"PACKET","OUT",207,69,"PlayerSync","id=207 bytes=69","cf 00 00 00 00 00 00 f7 9e a0 c3 55 1c 27 45 ed 9c 7c 42 58 d8 36 3f 00 00 00 80 00 00 00 00 cb 2c 33 bf 64 00 04 00 00 00 00 00 00 00 00 00 00 00 00 00 00 00 00 00 00 00 00 00 00 00 00 00 00 00 a5 04 e8 80",""
989,6498,"PACKET","IN",200,44,"VehicleSync","id=200 bytes=44","c8 28 00 29 00 00 00 00 00 48 01 29 c0 18 80 1b 8b 26 9c 58 bc 3c ba b2 44 55 ce 37 a4 2c 4e 5d 73 ee df f4 38 36 d7 d6 40 7f 00 00",""
990,6527,"PACKET","IN",207,35,"PlayerSync","id=207 bytes=35","cf 15 00 00 00 0d a7 68 30 e3 bc 89 91 7b 67 1f 10 84 00 00 00 03 e6 8d 80 00 00 00 00 00 01 28 00 04 11",""
991,6527,"PACKET","IN",207,35,"PlayerSync","id=207 bytes=35","cf 54 00 00 00 31 4a e3 30 d7 9b 89 91 71 1f 1e 90 84 00 00 00 03 1e c2 c0 00 00 00 00 00 01 28 00 04 11",""
992,6527,"PACKET","IN",207,35,"PlayerSync","id=207 bytes=35","cf 55 00 00 00 32 ed e6 b0 da b6 49 91 7b 67 1f 10 84 00 00 00 00 72 71 80 00 00 00 00 00 01 28 00 04 11",""
993,6527,"PACKET","IN",207,35,"PlayerSync","id=207 bytes=35","cf 60 00 00 00 18 4b 23 30 d2 98 49 91 73 1f 1e 90 84 00 00 00 00 9a bd c0 00 00 00 00 00 01 28 00 04 11",""
994,6547,"PACKET","IN",200,44,"VehicleSync","id=200 bytes=44","c8 3c 00 47 00 00 00 00 00 08 00 01 b0 1b 60 7d 0d 55 5b 59 2c 3d a1 32 44 5f f8 37 a4 2a a3 6d f3 e8 cf 55 f4 d8 38 16 80 3a 00 50",""
995,6547,"PACKET","IN",211,27,"PassengerSync","id=211 bytes=27","d3 97 00 29 00 01 00 64 4c 00 00 00 00 00 00 b2 c3 8b c3 03 a6 24 45 3b 3f 7b 42",""
996,6575,"PACKET","IN",200,44,"VehicleSync","id=200 bytes=44","c8 3c 00 47 00 00 00 00 00 08 00 05 30 54 20 ac 1d 52 4f 69 1c 3c 30 92 44 5e 5a c7 a4 2d f7 3e 33 ed 2f 52 04 eb 88 36 80 3a 00 50",""
997,6575,"PACKET","IN",207,35,"PlayerSync","id=207 bytes=35","cf 46 00 00 00 14 32 e6 b0 ea bf 49 91 7b 67 1f 10 84 00 00 00 00 f1 9b c0 00 00 00 00 00 01 28 00 04 11",""
998,6576,"PACKET","IN",200,44,"VehicleSync","id=200 bytes=44","c8 28 00 29 00 00 00 00 00 48 01 2a e0 17 c0 1b 7b 2b 6d 48 ac 38 ea c2 44 5a 2b c7 a4 26 49 7d c3 ee df f4 18 36 c7 d6 40 7f 00 00",""
999,6598,"RPC","IN",86,27,"ApplyPlayerAnimation","id=86 bytes=27","1b 00 07 42 44 5f 46 49 52 45 07 77 61 73 68 5f 75 70 33 33 83 40 80 00 00 00 00",""
1000,6626,"PACKET","IN",207,59,"PlayerSync","id=207 bytes=59","cf 1f 00 ab 80 68 ff c0 00 19 ec eb 30 da 3c c9 91 79 c8 60 d0 84 00 00 00 03 27 df e0 00 01 f4 0e cc f4 35 14 60 5b 5d 5a e6 00 01 d9 02 7e 01 c1 30 7d 01 b1 aa 7f c8 04 04 80",""
1001,6627,"PACKET","IN",207,35,"PlayerSync","id=207 bytes=35","cf 4b 00 00 00 34 a8 a3 70 ff 5d 09 91 7b 23 5e 90 80 00 00 00 03 47 12 00 00 00 00 00 00 01 28 00 04 11",""
1002,6627,"PACKET","IN",211,27,"PassengerSync","id=211 bytes=27","d3 97 00 29 00 01 00 64 4c 00 00 00 00 00 00 e0 14 8b c3 93 a6 24 45 82 22 7b 42",""
1003,6655,"RPC","IN",86,27,"ApplyPlayerAnimation","id=86 bytes=27","92 00 07 42 44 5f 46 49 52 45 07 77 61 73 68 5f 75 70 33 33 83 40 80 00 00 00 00",""
1004,6655,"PACKET","IN",200,44,"VehicleSync","id=200 bytes=44","c8 28 00 29 00 00 00 00 00 48 01 2a 50 15 d0 1b 7b 22 ce 78 9c 34 fa d2 44 53 59 87 a4 23 e0 ee 13 ee ff f3 d8 3c 07 d6 40 7f 00 00",""
1005,6656,"PACKET","IN",200,44,"VehicleSync","id=200 bytes=44","c8 3c 00 47 00 00 00 00 00 08 00 03 00 8e d0 b8 ad 50 42 a9 1c 3f ff e2 34 53 6e 37 a4 26 3d be 73 ec ef 51 94 ed b8 36 80 3a 00 50",""
1006,6656,"RPC","IN",137,17,"ServerJoin","id=137 bytes=17","51 00 00 00 00 00 00 09 6b 6b 68 61 69 7a 7a 7a 7a",""
1007,6657,"RPC","IN",72,6,"SetPlayerColor","id=72 bytes=6","51 00 ff 83 7f 7f",""
1008,6698,"PACKET","IN",207,35,"PlayerSync","id=207 bytes=35","cf 5b 00 00 00 07 c2 e6 f0 dc f9 09 91 7b 67 1f 10 80 00 00 00 01 0b e2 00 00 00 00 00 00 01 a5 04 e8 80",""
1009,6698,"PACKET","IN",211,27,"PassengerSync","id=211 bytes=27","d3 97 00 29 00 01 00 64 4c 00 00 00 00 00 00 96 29 8a c3 54 a7 24 45 e3 fd 7a 42",""
1010,6719,"RPC","IN",72,6,"SetPlayerColor","id=72 bytes=6","13 00 aa 00 a5 ff",""
1011,6719,"PACKET","IN",207,35,"PlayerSync","id=207 bytes=35","cf 20 00 00 00 11 55 e5 b0 c2 d0 89 d1 6c e4 9f 10 80 00 00 00 02 72 8b c0 00 00 00 00 00 01 a5 04 04 80",""
1012,6719,"PACKET","IN",200,44,"VehicleSync","id=200 bytes=44","c8 3c 00 47 00 b7 ff f3 ff 08 00 0c 40 8e 20 c0 bd 4c 74 b9 0c 39 8f 32 34 55 31 37 b4 23 b6 2e c3 ef 8f 6d e5 0d 28 26 80 3a 00 50",""
1013,6745,"PACKET","IN",200,44,"VehicleSync","id=200 bytes=44","c8 28 00 29 00 00 00 00 00 48 01 22 20 1d a0 0b 8b 2d 3f 48 8c 31 3a e2 44 59 d7 c7 a4 26 37 7e 53 ef 2f f3 58 36 77 e6 40 7f 00 00",""
1014,6746,"PACKET","IN",207,35,"PlayerSync","id=207 bytes=35","cf 63 00 00 00 35 85 e6 f0 f9 48 49 d1 7b 67 1f 10 84 00 00 00 03 a1 c6 00 00 00 00 00 00 01 28 00 04 11",""
1015,6746,"PACKET","IN",203,34,"AimSync","id=203 bytes=34","cb 63 00 04 0b 23 04 bf 71 c7 10 bf 7c aa 24 bf ce 81 9a c3 72 36 27 45 91 6d 82 42 00 00 00 00 3f 44",""
1016,6773,"PACKET","IN",207,35,"PlayerSync","id=207 bytes=35","cf 0b 00 00 00 04 80 26 f0 c6 7c 89 91 7b 67 1f 10 84 00 00 00 02 c5 e7 c0 00 00 00 00 00 01 28 00 04 11",""
1017,6774,"PACKET","IN",207,35,"PlayerSync","id=207 bytes=35","cf 1b 00 00 00 14 4b 23 30 e7 5e 49 91 72 1f 1e 90 84 00 00 00 03 f6 d3 00 00 00 00 00 00 01 28 00 04 11",""
1018,6774,"PACKET","IN",207,59,"PlayerSync","id=207 bytes=59","cf 1f 00 ac 80 69 7f c0 00 3c 33 eb 30 c0 3b 49 91 68 62 20 90 84 00 00 00 03 27 df e0 00 00 ee d3 80 f4 bd 47 94 ae 7c ae e6 00 01 29 54 7e 01 40 2e 7e 01 c9 54 7f 6c 04 04 80",""
1019,6774,"PACKET","IN",207,35,"PlayerSync","id=207 bytes=35","cf 4f 00 00 00 0a f1 a3 30 c2 14 89 91 76 20 de 90 80 00 00 00 03 60 5a 00 00 00 00 00 00 01 28 00 04 11",""
1020,6774,"PACKET","IN",207,35,"PlayerSync","id=207 bytes=35","cf 5e 00 00 00 21 d0 22 b0 c3 a9 09 91 6c 1a 9e 90 84 00 00 00 02 14 82 c0 00 00 00 00 00 01 28 00 04 11",""
1021,6774,"PACKET","IN",207,35,"PlayerSync","id=207 bytes=35","cf 6b 00 00 00 09 42 e6 f0 d3 4e 89 d1 7b 67 1f 10 84 00 00 00 03 77 d7 40 00 00 00 00 00 01 28 00 04 11",""
1022,6795,"PACKET","IN",207,35,"PlayerSync","id=207 bytes=35","cf 7e 00 00 00 27 c2 66 f0 e4 cb 89 d1 7b 67 1f 10 84 00 00 00 00 5a b7 94 00 00 00 00 00 01 28 00 04 11",""
1023,6796,"PACKET","IN",211,27,"PassengerSync","id=211 bytes=27","d3 97 00 29 00 01 00 64 4c 00 00 00 00 00 00 de 22 89 c3 27 a8 24 45 16 e0 7a 42",""
1024,6796,"RPC","IN",87,2,"ClearPlayerAnimation","id=87 bytes=2","55 00",""
1025,6796,"RPC","IN",86,29,"ApplyPlayerAnimation","id=86 bytes=29","55 00 05 43 41 52 52 59 0b 63 72 72 79 5f 70 72 74 69 61 6c 33 33 83 40 00 00 00 00 00",""
1026,6815,"PACKET","OUT",203,32,"AimSync","id=203 bytes=32","cb 00 00 00 39 05 00 00 00 00 00 00 00 00 00 00 00 40 01 00 00 00 80 3f 00 00 f3 04 b5 3f 39 05",""
1027,6828,"PACKET","IN",207,35,"PlayerSync","id=207 bytes=35","cf 2d 00 00 00 34 a7 e5 b0 d2 4e 89 d1 6c 24 9f 10 84 00 00 00 01 78 73 c0 00 00 00 00 00 01 28 00 04 11",""
1028,6829,"PACKET","IN",200,44,"VehicleSync","id=200 bytes=44","c8 3c 00 47 00 9f ff ee ff 08 00 0c 40 80 80 cd bd 1b 87 88 fc 3b 7e 92 34 50 43 37 b4 29 99 6f 03 e7 8f 8c b5 4e 88 16 80 3a 00 50",""
1029,6852,"PACKET","IN",200,44,"VehicleSync","id=200 bytes=44","c8 28 00 29 00 00 00 00 00 48 01 26 00 02 b0 0b 9b 22 70 38 8c 3d 4a e2 44 55 46 97 a4 25 fb fe 93 ef 3f f3 08 3f a7 e6 40 7f 00 00",""
1030,6852,"PACKET","IN",203,34,"AimSync","id=203 bytes=34","cb 28 00 12 fa 77 74 bf 3e c8 c4 bc ca 6f 97 be 1a 70 8c c3 fc ac 24 45 25 46 81 42 00 00 00 00 00 36",""
1031,6852,"PACKET","IN",207,35,"PlayerSync","id=207 bytes=35","cf 7c 00 00 00 2e 67 68 30 c9 79 09 91 7b 67 1f 10 84 00 00 00 03 5a 96 40 00 00 00 00 00 01 28 00 04 11",""
1032,6852,"PACKET","IN",211,27,"PassengerSync","id=211 bytes=27","d3 97 00 29 00 01 00 64 4c 00 00 00 00 00 00 4f 52 88 c3 ce a8 24 45 99 cc 7a 42",""
1033,6877,"PACKET","IN",207,35,"PlayerSync","id=207 bytes=35","cf 00 00 00 00 1d e3 e3 70 f6 e5 09 91 41 63 5e 90 80 00 00 00 03 4b 47 00 00 00 00 00 00 01 28 00 04 11",""
1034,6902,"PACKET","IN",207,35,"PlayerSync","id=207 bytes=35","cf 08 00 00 00 3e d3 69 70 f4 cf 4a 91 4b 81 5e d0 84 00 00 00 02 86 6f c0 00 00 00 00 00 01 a5 04 04 80",""
1035,6902,"PACKET","IN",207,59,"PlayerSync","id=207 bytes=59","cf 1f 00 ac 80 69 7f c0 00 39 7b 6b 30 d1 b9 89 91 7c d7 a0 50 84 00 00 00 03 27 df e0 00 01 43 24 4c fa 41 71 59 03 08 5a e6 00 00 d5 a4 7e 01 00 c8 7e 00 f0 6e 7f 6c 04 04 80",""
1036,6923,"PACKET","IN",200,44,"VehicleSync","id=200 bytes=44","c8 28 00 29 00 00 00 00 00 48 01 00 f0 00 70 0b 9b 26 e0 28 7c 3a 1a f2 44 5a a5 e7 a4 2e 92 6e e3 ef 4f f2 c8 37 a7 f6 40 7f 00 00",""
1037,6923,"PACKET","IN",200,44,"VehicleSync","id=200 bytes=44","c8 3c 00 47 00 9a ff ed ff 08 00 00 e0 87 70 6b ac e0 1a 08 ec 3c 2e 02 34 50 53 97 b4 2e eb 6f 43 e4 6f a2 a5 a2 17 f6 80 3a 00 50",""
1038,6923,"PACKET","IN",203,34,"AimSync","id=203 bytes=34","cb 3c 00 12 2b af 6a 3f 9d 0c c1 be 01 31 07 be bf 7e 90 c3 5f f9 23 45 5a 55 80 42 00 00 00 00 01 36",""
1039,6943,"PACKET","IN",207,35,"PlayerSync","id=207 bytes=35","cf 85 00 00 00 19 15 a5 b0 d1 07 09 d1 6c 24 9f 10 80 00 00 00 00 31 f1 80 00 00 00 00 00 01 28 00 04 11",""
1040,6943,"PACKET","IN",203,34,"AimSync","id=203 bytes=34","cb 85 00 04 46 60 3e 3e d4 7c 77 3f 00 cf 33 be ee 8a 96 c3 1e fa 26 45 05 43 80 42 00 00 00 00 3f c6",""
1041,6943,"PACKET","IN",211,27,"PassengerSync","id=211 bytes=27","d3 97 00 29 00 01 00 64 4c 00 00 00 00 00 00 15 52 87 c3 9b a9 24 45 c7 bd 7a 42",""
1042,6943,"PACKET","IN",200,44,"VehicleSync","id=200 bytes=44","c8 3c 00 47 00 9a ff ed ff 08 00 06 a0 36 50 01 6c ba 8c a8 dc 33 5d 92 34 51 40 d7 b4 2c a0 9f 93 ec ff bc f5 fb e7 b6 80 3a 00 50",""
1043,6943,"PACKET","IN",207,35,"PlayerSync","id=207 bytes=35","cf 83 00 00 00 03 66 a3 70 d0 20 49 91 77 21 9e 90 80 00 00 00 03 f2 9a 40 00 00 00 00 00 01 28 00 04 11",""
1044,6944,"PACKET","IN",203,34,"AimSync","id=203 bytes=34","cb 83 00 04 12 de ed 3d cd 2e 76 bf 58 6e 7e be 2d c2 8d c3 c5 aa 26 45 da 9b 7f 42 00 00 00 00 3f c6",""
1045,6965,"PACKET","IN",207,35,"PlayerSync","id=207 bytes=35","cf 92 00 00 00 2c 75 e2 f0 dd a6 09 91 79 9e 1e 90 84 00 00 00 00 c2 8d c0 00 00 00 00 00 01 a5 04 04 80",""
1046,6966,"PACKET","OUT",205,9,"UNKNOWN_PACKET","id=205 bytes=9","cd b8 4a 04 00 00 00 00 00",""
1047,6966,"PACKET","OUT",203,32,"AimSync","id=203 bytes=32","cb 04 17 ce 48 3e 40 78 6b 3f 79 02 ae be cf f6 a0 c3 d3 e8 26 45 aa e2 81 42 00 00 00 00 3f c6",""
1048,6995,"PACKET","IN",207,35,"PlayerSync","id=207 bytes=35","cf 55 00 00 00 32 ed e6 b0 da b6 49 91 7b 67 1f 10 84 00 00 00 00 72 71 80 00 00 00 00 00 01 a5 04 e8 80",""
1049,6995,"RPC","IN",134,80,"ShowTextDraw","id=134 bytes=80","f0 00 13 9a 99 19 3f 00 00 00 40 00 00 00 66 00 00 cc 42 00 00 a0 41 00 00 00 32 00 01 00 00 00 66 04 00 00 00 59 43 00 00 b8 43 00 00 00 00 00 00 00 00 00 00 00 00 00 00 00 00 80 3f ff ff ff ff 0d 00 6c 64 5f 64 75 61 6c 3a 77 68 69 74 65",""
1050,6995,"RPC","IN",134,80,"ShowTextDraw","id=134 bytes=80","37 08 11 9a 99 19 3f 00 00 00 40 1a ff 00 aa 5c 8f 82 3f 00 00 a0 41 00 00 00 32 00 01 00 00 00 ff 04 00 00 00 59 43 00 00 b8 43 00 00 00 00 00 00 00 00 00 00 00 00 00 00 00 00 80 3f ff ff ff ff 0d 00 6c 64 5f 64 75 61 6c 3a 77 68 69 74 65",""
1051,6996,"RPC","IN",134,82,"ShowTextDraw","id=134 bytes=82","38 08 18 56 99 59 3e 33 33 b3 3f ff ff ff e6 00 00 a0 44 00 00 a0 44 00 00 00 32 00 00 00 00 00 ff 01 00 00 00 86 43 00 c0 b9 43 00 00 00 00 00 00 00 00 00 00 00 00 00 00 00 00 80 3f ff ff ff ff 0f 00 4d 45 4e 47 45 4d 41 53 20 28 41 55 54 4f 29",""
1052,6996,"RPC","IN",86,27,"ApplyPlayerAnimation","id=86 bytes=27","79 00 07 42 44 5f 46 49 52 45 07 77 61 73 68 5f 75 70 33 33 83 40 80 00 00 00 00",""
1053,7019,"PACKET","IN",200,44,"VehicleSync","id=200 bytes=44","c8 28 00 29 00 00 00 00 00 08 00 23 10 03 b0 0b 9b 21 3e e8 5c 37 db 02 44 53 95 57 a4 26 1c 4f 23 ef 4f f2 d8 35 e7 f6 40 7f 00 00",""
1054,7019,"RPC","IN",87,2,"ClearPlayerAnimation","id=87 bytes=2","85 00",""
1055,7020,"RPC","IN",86,29,"ApplyPlayerAnimation","id=86 bytes=29","85 00 05 43 41 52 52 59 0b 63 72 72 79 5f 70 72 74 69 61 6c 33 33 83 40 00 00 00 00 00",""
1056,7020,"RPC","IN",16,16,"PlaySound","id=16 bytes=16","42 51 00 00 00 00 00 00 00 00 00 00 00 00 00 00",""
1057,7020,"RPC","IN",134,80,"ShowTextDraw","id=134 bytes=80","37 08 11 9a 99 19 3f 00 00 00 40 1a ff 00 aa 33 33 23 42 00 00 a0 41 00 00 00 32 00 01 00 00 00 ff 04 00 00 00 59 43 00 00 b8 43 00 00 00 00 00 00 00 00 00 00 00 00 00 00 00 00 80 3f ff ff ff ff 0d 00 6c 64 5f 64 75 61 6c 3a 77 68 69 74 65",""
1058,7020,"RPC","IN",105,7,"TextDrawSetString","id=105 bytes=7 | TextDrawID=2086 length=3 text=""100""","26 08 03 00 31 30 30",""
1059,7020,"RPC","IN",105,5,"TextDrawSetString","id=105 bytes=5 | TextDrawID=2087 length=1 text=""0""","27 08 01 00 30",""
1060,7020,"RPC","IN",105,6,"TextDrawSetString","id=105 bytes=6 | TextDrawID=2088 length=2 text=""46""","28 08 02 00 34 36",""
1061,7020,"RPC","IN",105,5,"TextDrawSetString","id=105 bytes=5 | TextDrawID=2089 length=1 text=""2""","29 08 01 00 32",""
1062,7020,"RPC","IN",105,7,"TextDrawSetString","id=105 bytes=7 | TextDrawID=2090 length=3 text=""100""","2a 08 03 00 31 30 30",""
1063,7020,"PACKET","IN",200,44,"VehicleSync","id=200 bytes=44","c8 3c 00 47 00 9a ff ed ff 00 00 23 00 06 f0 48 7c 64 7e 48 cc 3b 8d 22 34 5d 8c 47 a4 27 87 3f 83 e7 0f d0 f6 7e d7 a6 80 3a 00 50",""
1064,7042,"PACKET","IN",207,59,"PlayerSync","id=207 bytes=59","cf 1f 00 94 80 69 7f c0 00 31 04 6b 70 ce 77 89 91 54 4f a0 10 84 00 00 00 01 b3 df e0 00 02 3a c2 78 f6 f9 04 a0 43 fd fe e6 00 01 84 02 80 01 a1 40 7e 00 e1 ba 7b ac 04 64 80",""
1065,7043,"PACKET","IN",211,27,"PassengerSync","id=211 bytes=27","d3 97 00 29 00 01 00 64 4c 00 00 00 00 00 00 43 52 86 c3 66 aa 24 45 59 b5 7a 42",""
1066,7043,"PACKET","IN",207,35,"PlayerSync","id=207 bytes=35","cf 60 00 00 00 18 4b 23 30 d2 98 49 91 73 1f 1e 90 84 00 00 00 00 9a bd c0 00 00 00 00 00 01 28 00 04 11",""
1067,7043,"PACKET","OUT",207,69,"PlayerSync","id=207 bytes=69","cf 00 00 00 00 00 00 f7 9e a0 c3 55 1c 27 45 ed 9c 7c 42 58 d8 36 3f 00 00 00 80 00 00 00 00 cb 2c 33 bf 64 00 04 00 00 00 00 00 00 00 00 00 00 00 00 00 00 00 00 00 00 00 00 00 00 00 00 00 00 00 28 00 04 11",""
1068,7066,"PACKET","IN",207,35,"PlayerSync","id=207 bytes=35","cf 15 00 00 00 0d a7 68 30 e3 bc 89 91 7b 67 1f 10 84 00 00 00 03 e6 8d 80 00 00 00 00 00 01 28 00 04 11",""
1069,7067,"PACKET","IN",207,35,"PlayerSync","id=207 bytes=35","cf 54 00 00 00 31 4a e3 30 d7 9b 89 91 71 1f 1e 90 84 00 00 00 03 1e c2 c0 00 00 00 00 00 01 28 00 04 11",""
1070,7067,"PACKET","IN",200,44,"VehicleSync","id=200 bytes=44","c8 28 00 29 00 00 00 00 00 08 00 26 10 07 d0 0b 9b 27 ff e8 4c 33 cb 12 44 50 94 97 a4 24 9b 1f 63 ef 3f f3 28 31 37 f6 40 7f 00 00",""
1071,7093,"RPC","IN",137,13,"ServerJoin","id=137 bytes=13","a6 00 00 00 00 00 00 05 42 41 47 41 4b",""
1072,7093,"RPC","IN",72,6,"SetPlayerColor","id=72 bytes=6","a6 00 ff 83 7f 7f",""
1073,7093,"PACKET","IN",207,35,"PlayerSync","id=207 bytes=35","cf 46 00 00 00 14 32 e6 b0 ea bf 49 91 7b 67 1f 10 84 00 00 00 00 f1 9b c0 00 00 00 00 00 01 28 00 04 11",""
1074,7093,"PACKET","IN",207,35,"PlayerSync","id=207 bytes=35","cf 85 00 00 00 19 15 a5 b0 d1 07 09 d1 6c 24 9f 10 80 00 00 00 00 31 f1 80 00 00 00 00 00 01 a5 04 e8 80",""
1075,7094,"PACKET","IN",211,27,"PassengerSync","id=211 bytes=27","d3 97 00 29 00 01 00 64 4c 00 00 00 00 00 00 60 6d 85 c3 1b ab 24 45 36 ab 7a 42",""
1076,7123,"PACKET","IN",200,44,"VehicleSync","id=200 bytes=44","c8 3c 00 47 00 00 00 00 00 00 00 69 b0 02 80 8c 5c 27 0e 38 bc 31 ec d2 34 58 97 a7 a4 28 78 8f 53 e4 cf ea c6 ba 77 b6 80 3a 00 50",""
1077,7124,"PACKET","IN",207,35,"PlayerSync","id=207 bytes=35","cf 4b 00 00 00 34 a8 a3 70 ff 5d 09 91 7b 23 5e 90 80 00 00 00 03 47 12 00 00 00 00 00 00 01 28 00 04 11",""
1078,7166,"PACKET","IN",207,59,"PlayerSync","id=207 bytes=59","cf 1f 00 fb ff e9 7f c0 00 1f ce 2b 70 f0 35 49 91 55 96 20 10 84 00 00 00 01 b3 df e0 00 01 45 b9 c0 f6 05 03 6c 43 fd fe e6 00 01 00 3e 80 01 81 a6 7e 01 81 bc 7b ac 04 64 80",""
1079,7166,"PACKET","IN",200,44,"VehicleSync","id=200 bytes=44","c8 28 00 29 00 00 00 00 00 08 00 27 50 09 80 0b 9b 2f 30 48 4c 30 4b 22 44 5b 13 87 a4 2d 5c 0f a3 ef 3f f3 68 3e 67 e6 40 7f 00 00",""
1080,7193,"PACKET","IN",211,27,"PassengerSync","id=211 bytes=27","d3 97 00 29 00 01 00 64 4c 00 00 00 00 00 00 cb 8b 84 c3 ce ab 24 45 9c 9d 7a 42",""
1081,7243,"PACKET","IN",200,44,"VehicleSync","id=200 bytes=44","c8 28 00 29 00 00 00 00 00 08 00 26 90 08 90 0b 9b 2f a1 38 3c 3c 6b 22 44 5a c2 87 a4 25 d9 7f e3 ef 3f f3 98 30 e7 f6 40 7f 00 00",""
1082,7243,"PACKET","IN",207,35,"PlayerSync","id=207 bytes=35","cf 5b 00 00 00 07 c2 e6 f0 dc f9 09 91 7b 67 1f 10 80 00 00 00 01 0b e2 00 00 00 00 00 00 01 a5 04 e8 80",""
1083,7244,"PACKET","IN",207,35,"PlayerSync","id=207 bytes=35","cf 63 00 00 00 35 85 e6 f0 f9 48 49 d1 7b 67 1f 10 84 00 00 00 03 a1 c6 00 00 00 00 00 00 01 28 00 04 11",""
1084,7293,"PACKET","IN",207,35,"PlayerSync","id=207 bytes=35","cf 0b 00 00 00 04 80 26 f0 c6 7c 89 91 7b 67 1f 10 84 00 00 00 02 c5 e7 c0 00 00 00 00 00 01 28 00 04 11",""
1085,7293,"PACKET","IN",207,35,"PlayerSync","id=207 bytes=35","cf 4f 00 00 00 0a f1 a3 30 c2 14 89 91 76 20 de 90 80 00 00 00 03 60 5a 00 00 00 00 00 00 01 28 00 04 11",""
1086,7293,"PACKET","IN",211,27,"PassengerSync","id=211 bytes=27","d3 97 00 29 00 01 00 64 4c 00 00 00 00 00 00 db aa 83 c3 82 ac 24 45 1e 8e 7a 42",""
1087,7293,"PACKET","IN",203,34,"AimSync","id=203 bytes=34","cb 97 00 12 d7 3c 7e 3f 1a 3f 22 3c 5a 09 ef bd c7 d9 87 c3 9d b3 24 45 4f 00 81 42 00 00 00 00 02 36",""
1088,7294,"PACKET","IN",207,59,"PlayerSync","id=207 bytes=59","cf 1f 00 d2 7f ce 00 00 00 0f d5 6b 70 e9 74 09 91 58 5a 60 10 84 00 00 00 02 43 93 e0 00 02 59 1a b0 f6 9c 95 48 97 fd fe e6 00 01 f0 66 80 01 51 e0 7e 01 f1 bc 7b ac 04 64 80",""
1089,7294,"PACKET","IN",200,44,"VehicleSync","id=200 bytes=44","c8 3c 00 47 00 00 00 00 00 00 00 26 30 05 30 67 9c 0d db d8 9c 39 1c 32 34 5e 51 27 a4 20 25 ce f3 ee ff ea 16 f7 d7 e6 80 3a 00 50",""
1090,7318,"PACKET","IN",200,44,"VehicleSync","id=200 bytes=44","c8 28 00 29 00 00 00 00 00 08 00 20 00 01 60 0b 9b 2d 11 e8 2c 38 cb 32 44 55 62 17 a4 2a c3 00 13 ff 4f f3 b8 3c a7 f6 40 7f 00 00",""
1091,7319,"PACKET","IN",207,35,"PlayerSync","id=207 bytes=35","cf 7e 00 00 00 27 c2 66 f0 e4 cb 89 d1 7b 67 1f 10 84 00 00 00 00 5a b7 94 00 00 00 00 00 01 28 00 04 11",""
1092,7319,"PACKET","IN",211,27,"PassengerSync","id=211 bytes=27","d3 97 00 29 00 01 00 64 4c 00 00 00 00 00 00 69 a1 82 c3 58 ad 24 45 3e 7f 7a 42",""
1093,7342,"PACKET","OUT",203,32,"AimSync","id=203 bytes=32","cb 00 00 00 39 05 00 00 00 00 00 00 00 00 00 00 00 40 01 00 00 00 80 3f 00 00 f3 04 b5 3f 39 05",""
1094,7344,"PACKET","IN",207,35,"PlayerSync","id=207 bytes=35","cf 1b 00 00 00 14 4b 23 30 e7 5e 49 91 72 1f 1e 90 84 00 00 00 03 f6 d3 00 00 00 00 00 00 01 28 00 04 11",""
1095,7344,"PACKET","IN",207,35,"PlayerSync","id=207 bytes=35","cf 2d 00 00 00 34 a7 e5 b0 d2 4e 89 d1 6c 24 9f 10 84 00 00 00 01 78 73 c0 00 00 00 00 00 01 28 00 04 11",""
1096,7344,"PACKET","IN",207,35,"PlayerSync","id=207 bytes=35","cf 5e 00 00 00 21 d0 22 b0 c3 a9 09 91 6c 1a 9e 90 84 00 00 00 02 14 82 c0 00 00 00 00 00 01 28 00 04 11",""
1097,7396,"PACKET","IN",207,35,"PlayerSync","id=207 bytes=35","cf 20 00 00 00 11 55 e5 b0 c2 d0 89 d1 6c e4 9f 10 80 00 00 00 02 72 8b c0 00 00 00 00 00 01 a5 04 04 80",""
1098,7397,"PACKET","IN",200,44,"VehicleSync","id=200 bytes=44","c8 28 00 29 00 00 00 00 00 08 00 4a 40 09 30 0b 9b 2b 52 18 1c 35 9b 42 44 5c d2 47 a4 2b 78 40 23 ff 4f f3 c8 38 48 06 40 7f 00 00",""
1099,7397,"PACKET","IN",207,35,"PlayerSync","id=207 bytes=35","cf 30 00 00 00 11 cb 23 30 f6 e1 09 91 71 df 1e 90 84 00 00 00 00 0a cf 00 00 00 00 00 00 01 28 00 04 11",""
1100,7397,"PACKET","IN",203,34,"AimSync","id=203 bytes=34","cb 30 00 04 b8 b1 7b bf 37 9a 0f 3e 5b 9f ef bd 2c 45 8b c3 bc 80 26 45 2e bf 7d 42 00 00 00 00 3f c6",""
1101,7397,"PACKET","IN",200,44,"VehicleSync","id=200 bytes=44","c8 3c 00 47 00 00 00 00 00 00 00 26 40 2c 30 46 0c 01 6a 98 8c 32 cb f2 34 5c a1 37 a4 2b ef 9e b3 ef 7f ec f6 f8 d8 06 80 3a 00 50",""
1102,7398,"PACKET","IN",207,35,"PlayerSync","id=207 bytes=35","cf 7c 00 00 00 2e 67 68 30 c9 79 09 91 7b 67 1f 10 84 00 00 00 03 5a 96 40 00 00 00 00 00 01 28 00 04 11",""
1103,7398,"PACKET","IN",211,27,"PassengerSync","id=211 bytes=27","d3 97 00 29 00 01 00 64 4c 00 00 00 00 00 00 02 ba 81 c3 13 ae 24 45 d8 7c 7a 42",""
1104,7428,"PACKET","IN",207,59,"PlayerSync","id=207 bytes=59","cf 1f 00 d2 7f ce 00 00 00 0c e6 6b 70 f1 73 89 91 71 5f a0 10 84 00 00 00 03 86 43 e0 00 03 d7 26 70 f5 18 08 0e 63 fd fe e6 00 01 38 ac 80 00 31 d0 7e 01 b1 b6 7b ac 04 64 80",""
1105,7429,"PACKET","IN",203,34,"AimSync","id=203 bytes=34","cb 1f 00 04 58 7e 6a 3f a4 fe ab be 85 9d 60 be 88 f4 ae c3 77 de 26 45 c7 0b 83 42 00 00 00 00 3f 15",""
1106,7483,"PACKET","IN",207,35,"PlayerSync","id=207 bytes=35","cf 00 00 00 00 1d e3 e3 70 f6 e5 09 91 41 63 5e 90 80 00 00 00 03 4b 47 00 00 00 00 00 00 01 28 00 04 11",""
1107,7483,"RPC","IN",105,19,"TextDrawSetString","id=105 bytes=19 | TextDrawID=303 length=15 text=""09 Agustus 2026""","2f 01 0f 00 30 39 20 41 67 75 73 74 75 73 20 32 30 32 36",""
1108,7483,"RPC","IN",105,12,"TextDrawSetString","id=105 bytes=12 | TextDrawID=304 length=8 text=""12:19:08""","30 01 08 00 31 32 3a 31 39 3a 30 38",""
1109,7483,"PACKET","IN",207,35,"PlayerSync","id=207 bytes=35","cf 08 00 00 00 3e d3 69 70 f4 cf 4a 91 4b 81 5e d0 84 00 00 00 02 86 6f c0 00 00 00 00 00 01 a5 04 04 80",""
1110,7483,"PACKET","IN",200,44,"VehicleSync","id=200 bytes=44","c8 28 00 29 00 00 00 00 00 08 00 4e 30 0e 20 0b 9b 24 10 78 0c 33 eb 52 44 57 b3 57 a4 2c 1e 50 33 ff 3f f3 c8 31 d8 16 40 7f 00 00",""
1111,7483,"PACKET","IN",200,44,"VehicleSync","id=200 bytes=44","c8 3c 00 47 00 45 00 0a 00 00 00 20 00 37 50 42 ec 2c ea 18 7c 37 3b a2 34 5d d1 d7 a4 25 47 5e 83 e6 3f ec 76 b7 18 06 80 3a 00 50",""
1112,7484,"PACKET","IN",207,35,"PlayerSync","id=207 bytes=35","cf 6b 00 00 00 09 42 e6 f0 d3 4e 89 d1 7b 67 1f 10 84 00 00 00 03 77 d7 40 00 00 00 00 00 01 28 00 04 11",""
1113,7484,"PACKET","IN",203,34,"AimSync","id=203 bytes=34","cb 6b 00 04 87 b3 31 3f 27 ec 28 bf c9 49 93 be fb 72 9b c3 a3 46 27 45 c6 2d 80 42 00 00 00 00 3f 3a",""
1114,7484,"PACKET","IN",207,35,"PlayerSync","id=207 bytes=35","cf 83 00 00 00 03 66 a3 70 d0 20 49 91 77 21 9e 90 80 00 00 00 03 f2 9a 40 00 00 00 00 00 01 28 00 04 11",""
1115,7484,"PACKET","IN",211,27,"PassengerSync","id=211 bytes=27","d3 97 00 29 00 01 00 64 4c 00 00 00 00 00 00 c0 c5 80 c3 d9 ae 24 45 1d 84 7a 42",""
1116,7554,"PACKET","IN",207,35,"PlayerSync","id=207 bytes=35","cf 55 00 00 00 32 ed e6 b0 da b6 49 91 7b 67 1f 10 84 00 00 00 00 72 71 80 00 00 00 00 00 01 a5 04 e8 80",""
1117,7555,"PACKET","IN",207,59,"PlayerSync","id=207 bytes=59","cf 1f 00 c3 ff ca 00 00 00 21 b3 ab 70 dc f5 49 91 4c 60 60 10 84 00 00 00 01 34 7b e0 00 01 5c 8a d4 f5 81 44 d3 df fd fe e6 00 01 90 cc 80 01 d1 46 7e 01 11 b2 7b ac 04 64 80",""
1118,7555,"PACKET","IN",207,35,"PlayerSync","id=207 bytes=35","cf 92 00 00 00 2c 75 e2 f0 dd a6 09 91 79 9e 1e 90 84 00 00 00 00 c2 8d c0 00 00 00 00 00 01 a5 04 04 80",""
1119,7593,"RPC","IN",72,6,"SetPlayerColor","id=72 bytes=6","1c 00 ff ff ff ff",""
1120,7593,"RPC","IN",72,6,"SetPlayerColor","id=72 bytes=6","1c 00 ff ff ff ff",""
1121,7593,"RPC","IN",11,16,"SetPlayerName","id=11 bytes=16","1c 00 0c 55 6a 61 6e 67 5f 53 65 72 63 65 6e 01",""
1122,7594,"PACKET","IN",200,44,"VehicleSync","id=200 bytes=44","c8 28 00 29 00 00 00 00 00 08 00 4b 90 0c 90 0b 9b 22 6b a7 dc 32 fb 62 44 55 64 a7 a4 29 d5 60 53 ff 3f f3 b8 30 a8 16 40 7f 00 00",""
1123,7594,"PACKET","IN",200,44,"VehicleSync","id=200 bytes=44","c8 3c 00 47 00 7c 00 0a 00 00 00 27 10 1c b0 4b 2c 70 29 d8 6c 39 8b 32 34 56 11 d7 a4 2d 9d 5e 43 e9 1f c9 26 2c 07 f6 80 3a 00 50",""
1124,7594,"PACKET","IN",207,35,"PlayerSync","id=207 bytes=35","cf 60 00 00 00 18 4b 23 30 d2 98 49 91 73 1f 1e 90 84 00 00 00 00 9a bd c0 00 00 00 00 00 01 28 00 04 11",""
1125,7594,"PACKET","IN",207,35,"PlayerSync","id=207 bytes=35","cf 15 00 00 00 0d a7 68 30 e3 bc 89 91 7b 67 1f 10 84 00 00 00 03 e6 8d 80 00 00 00 00 00 01 28 00 04 11",""
1126,7594,"PACKET","OUT",207,69,"PlayerSync","id=207 bytes=69","cf 00 00 00 00 00 00 f7 9e a0 c3 55 1c 27 45 ed 9c 7c 42 58 d8 36 3f 00 00 00 80 00 00 00 00 cb 2c 33 bf 64 00 04 00 00 00 00 00 00 00 00 00 00 00 00 00 00 00 00 00 00 00 00 00 00 00 00 00 00 00 28 00 04 11",""
1127,7631,"PACKET","IN",207,35,"PlayerSync","id=207 bytes=35","cf 54 00 00 00 31 4a e3 30 d7 9b 89 91 71 1f 1e 90 84 00 00 00 03 1e c2 c0 00 00 00 00 00 01 28 00 04 11",""
1128,7631,"PACKET","IN",211,27,"PassengerSync","id=211 bytes=27","d3 97 00 29 00 01 00 64 4c 00 00 00 00 00 00 5a ba 7f c3 97 af 24 45 57 93 7a 42",""
1129,7631,"PACKET","IN",207,35,"PlayerSync","id=207 bytes=35","cf 85 00 00 00 19 15 a5 b0 d1 07 09 d1 6c 24 9f 10 80 00 00 00 00 31 f1 80 00 00 00 00 00 01 a5 04 e8 80",""
1130,7632,"PACKET","IN",211,27,"PassengerSync","id=211 bytes=27","d3 97 00 29 00 01 00 64 4c 00 00 00 00 00 00 74 7e 7d c3 7f b0 24 45 e4 a7 7a 42",""
1131,7668,"PACKET","IN",200,44,"VehicleSync","id=200 bytes=44","c8 28 00 29 00 00 00 00 00 08 00 47 f0 09 80 0b 9b 28 19 47 bc 30 db 72 44 5c 35 87 a4 20 2a 60 63 ff 4f f3 88 3b 58 06 40 7f 00 00",""
1132,7707,"PACKET","IN",200,44,"VehicleSync","id=200 bytes=44","c8 3c 00 47 00 7c 00 09 00 00 00 20 00 05 d0 53 5c e0 fb 78 5c 3e 9a a2 34 51 91 57 a4 2f 04 7e 13 e4 ef 92 95 75 67 f6 80 3a 00 50",""
1133,7707,"PACKET","IN",207,35,"PlayerSync","id=207 bytes=35","cf 46 00 00 00 14 32 e6 b0 ea bf 49 91 7b 67 1f 10 84 00 00 00 00 f1 9b c0 00 00 00 00 00 01 28 00 04 11",""
1134,7707,"PACKET","IN",207,35,"PlayerSync","id=207 bytes=35","cf 4b 00 00 00 34 a8 a3 70 ff 5d 09 91 7b 23 5e 90 80 00 00 00 03 47 12 00 00 00 00 00 00 01 28 00 04 11",""
1135,7708,"PACKET","IN",207,59,"PlayerSync","id=207 bytes=59","cf 1f 00 c1 ff c6 80 00 00 31 33 eb 70 e9 f7 09 91 75 1d 20 10 80 00 00 00 02 e4 4b e0 00 00 2e ce 6c f6 4e 38 a7 ff fd fe e6 00 01 4e ba 80 00 a0 b4 7e 01 11 b2 7b ac 04 64 80",""
1136,7708,"PACKET","IN",211,27,"PassengerSync","id=211 bytes=27","d3 97 00 29 00 01 00 64 4c 00 00 00 00 00 00 57 b6 7b c3 37 b1 24 45 b2 b4 7a 42",""
1137,7708,"RPC","IN",87,2,"ClearPlayerAnimation","id=87 bytes=2","0b 00",""
1138,7708,"RPC","IN",86,29,"ApplyPlayerAnimation","id=86 bytes=29","0b 00 05 43 41 52 52 59 0b 63 72 72 79 5f 70 72 74 69 61 6c 33 33 83 40 00 00 00 00 00",""
1139,7744,"PACKET","IN",200,44,"VehicleSync","id=200 bytes=44","c8 28 00 29 00 00 00 00 00 08 00 46 40 07 e0 0b 9b 26 98 27 9c 3e 3b 72 44 5f 36 17 a4 2a 2e 70 73 ff 4f f3 68 37 c8 06 40 7f 00 00",""
1140,7744,"PACKET","IN",200,44,"VehicleSync","id=200 bytes=44","c8 3c 00 47 00 7c 00 09 00 00 00 69 50 09 50 51 0d 57 de 08 4c 3f f9 f2 34 5b 50 97 a4 20 cd fd d3 ef 2f 4f b4 b2 b7 f6 80 3a 00 50",""
1141,7785,"PACKET","IN",207,35,"PlayerSync","id=207 bytes=35","cf 5b 00 00 00 07 c2 e6 f0 dc f9 09 91 7b 67 1f 10 80 00 00 00 01 0b e2 00 00 00 00 00 00 01 a5 04 e8 80",""
1142,7785,"PACKET","IN",211,27,"PassengerSync","id=211 bytes=27","d3 97 00 29 00 01 00 64 4c 00 00 00 00 00 00 26 e2 79 c3 f4 b1 24 45 d3 bd 7a 42",""
1143,7785,"RPC","IN",87,2,"ClearPlayerAnimation","id=87 bytes=2","20 00",""
1144,7785,"RPC","IN",86,29,"ApplyPlayerAnimation","id=86 bytes=29","20 00 05 43 41 52 52 59 0b 63 72 72 79 5f 70 72 74 69 61 6c 33 33 83 40 00 00 00 00 00",""
1145,7785,"PACKET","IN",207,35,"PlayerSync","id=207 bytes=35","cf 0b 00 00 00 04 80 26 f0 c6 7c 89 91 7b 67 1f 10 84 00 00 00 02 c5 e7 c0 00 00 00 00 00 01 a5 04 e8 80",""
1146,7785,"RPC","IN",87,2,"ClearPlayerAnimation","id=87 bytes=2","15 00",""
1147,7785,"RPC","IN",86,29,"ApplyPlayerAnimation","id=86 bytes=29","15 00 05 43 41 52 52 59 0b 63 72 72 79 5f 70 72 74 69 61 6c 33 33 83 40 00 00 00 00 00",""
1148,7823,"PACKET","IN",207,59,"PlayerSync","id=207 bytes=59","cf 1f 00 c2 7f f8 bf c0 00 3c 6e eb 70 ea b8 c9 91 4c d8 e0 10 80 00 00 00 01 29 2b e0 00 00 9b f6 f0 f5 76 fb 1b bf fd fe e6 00 01 a4 94 80 01 01 f6 7c 01 11 b4 7b ac 04 64 80",""
1149,7824,"PACKET","IN",200,44,"VehicleSync","id=200 bytes=44","c8 28 00 29 00 80 00 00 00 08 00 40 70 0c a0 08 4b 33 96 c7 7c 34 ab 82 44 5b 56 97 a4 29 ef 40 83 ff ef f0 e8 07 98 06 40 7f 00 00",""
1150,7824,"PACKET","IN",200,44,"VehicleSync","id=200 bytes=44","c8 3c 00 47 00 00 00 00 00 00 00 63 10 05 b0 53 0d 92 f1 f8 4c 33 f9 42 34 56 af e7 94 20 21 7d b3 e5 df 28 64 62 87 f6 80 3a 00 50",""
1151,7824,"RPC","IN",135,2,"HideTextDraw","id=135 bytes=2","d2 00",""
1152,7824,"RPC","IN",135,2,"HideTextDraw","id=135 bytes=2","d3 00",""
1153,7824,"RPC","IN",135,2,"HideTextDraw","id=135 bytes=2","d4 00",""
1154,7824,"RPC","IN",135,2,"HideTextDraw","id=135 bytes=2","d5 00",""
1155,7824,"RPC","IN",135,2,"HideTextDraw","id=135 bytes=2","d6 00",""
1156,7824,"RPC","IN",135,2,"HideTextDraw","id=135 bytes=2","d7 00",""
1157,7824,"RPC","IN",135,2,"HideTextDraw","id=135 bytes=2","d8 00",""
1158,7824,"RPC","IN",135,2,"HideTextDraw","id=135 bytes=2","d9 00",""
1159,7824,"RPC","IN",135,2,"HideTextDraw","id=135 bytes=2","da 00",""
1160,7824,"RPC","IN",135,2,"HideTextDraw","id=135 bytes=2","db 00",""
1161,7824,"RPC","IN",135,2,"HideTextDraw","id=135 bytes=2","dc 00",""
1162,7824,"RPC","IN",135,2,"HideTextDraw","id=135 bytes=2","dd 00",""
1163,7825,"RPC","IN",135,2,"HideTextDraw","id=135 bytes=2","de 00",""
1164,7825,"RPC","IN",135,2,"HideTextDraw","id=135 bytes=2","df 00",""
1165,7825,"RPC","IN",135,2,"HideTextDraw","id=135 bytes=2","e0 00",""
1166,7825,"RPC","IN",135,2,"HideTextDraw","id=135 bytes=2","e1 00",""
1167,7825,"RPC","IN",135,2,"HideTextDraw","id=135 bytes=2","e2 00",""
1168,7825,"RPC","IN",135,2,"HideTextDraw","id=135 bytes=2","e3 00",""
1169,7825,"RPC","IN",135,2,"HideTextDraw","id=135 bytes=2","e4 00",""
1170,7825,"RPC","IN",135,2,"HideTextDraw","id=135 bytes=2","e5 00",""
1171,7825,"RPC","IN",135,2,"HideTextDraw","id=135 bytes=2","e6 00",""
1172,7825,"RPC","IN",135,2,"HideTextDraw","id=135 bytes=2","e7 00",""
1173,7825,"RPC","IN",135,2,"HideTextDraw","id=135 bytes=2","e8 00",""
1174,7825,"RPC","IN",135,2,"HideTextDraw","id=135 bytes=2","e9 00",""
1175,7825,"RPC","IN",135,2,"HideTextDraw","id=135 bytes=2","ea 00",""
1176,7825,"RPC","IN",135,2,"HideTextDraw","id=135 bytes=2","eb 00",""
1177,7825,"RPC","IN",135,2,"HideTextDraw","id=135 bytes=2","ec 00",""
1178,7825,"RPC","IN",135,2,"HideTextDraw","id=135 bytes=2","ed 00",""
1179,7825,"RPC","IN",135,2,"HideTextDraw","id=135 bytes=2","ee 00",""
1180,7825,"RPC","IN",135,2,"HideTextDraw","id=135 bytes=2","ef 00",""
1181,7825,"RPC","IN",86,27,"ApplyPlayerAnimation","id=86 bytes=27","55 00 07 42 44 5f 46 49 52 45 07 77 61 73 68 5f 75 70 33 33 83 40 80 00 00 00 00",""
1182,7859,"PACKET","IN",207,35,"PlayerSync","id=207 bytes=35","cf 1b 00 00 00 14 4b 23 30 e7 5e 49 91 72 1f 1e 90 84 00 00 00 03 f6 d3 00 00 00 00 00 00 01 28 00 04 11",""
1183,7859,"PACKET","IN",207,35,"PlayerSync","id=207 bytes=35","cf 63 00 00 00 35 85 e6 f0 f9 48 49 d1 7b 67 1f 10 84 00 00 00 03 a1 c6 00 00 00 00 00 00 01 28 00 04 11",""
1184,7859,"PACKET","IN",211,27,"PassengerSync","id=211 bytes=27","d3 97 00 29 00 01 00 64 4c 00 00 00 00 00 00 10 fe 77 c3 b8 b2 24 45 c0 c4 7a 42",""
1185,7859,"PACKET","IN",207,35,"PlayerSync","id=207 bytes=35","cf 15 00 00 00 0d a7 68 30 e3 bc 89 91 7b 67 1f 10 84 00 00 00 03 e6 8d 80 00 00 00 00 00 01 a5 04 e8 80",""
1186,7860,"PACKET","IN",207,35,"PlayerSync","id=207 bytes=35","cf 2d 00 00 00 34 a7 e5 b0 d2 4e 89 d1 6c 24 9f 10 84 00 00 00 01 78 73 c0 00 00 00 00 00 01 28 00 04 11",""
1187,7860,"PACKET","IN",207,35,"PlayerSync","id=207 bytes=35","cf 30 00 00 40 11 cb 23 30 f6 e1 09 91 71 df 1e 90 84 00 00 00 00 0a cf 00 00 00 00 00 00 01 28 00 04 11",""
1188,7867,"PACKET","OUT",203,32,"AimSync","id=203 bytes=32","cb 00 00 00 39 05 00 00 00 00 00 00 00 00 00 00 00 40 01 00 00 00 80 3f 00 00 f3 04 b5 3f 39 05",""
1189,7900,"PACKET","IN",200,44,"VehicleSync","id=200 bytes=44","c8 28 00 29 00 00 00 00 00 08 00 0b a0 08 60 1b 9b 5b 26 57 5c 3d 8b 72 44 57 37 27 a4 2b e1 80 a3 ff 9f fb d7 d9 48 06 40 7f 00 00",""
1190,7900,"PACKET","IN",203,34,"AimSync","id=203 bytes=34","cb 28 00 12 80 94 7e 3f 3b db c9 3c 5f 69 d1 bd ec 50 7f c3 e5 b4 24 45 84 de 80 42 00 00 00 00 05 36",""
1191,7900,"PACKET","IN",207,35,"PlayerSync","id=207 bytes=35","cf 7e 00 00 00 27 c2 66 f0 e4 cb 89 d1 7b 67 1f 10 84 00 00 00 00 5a b7 94 00 00 00 00 00 01 28 00 04 11",""
1192,7901,"PACKET","IN",207,35,"PlayerSync","id=207 bytes=35","cf 30 00 00 00 11 cb 23 30 f6 e1 09 91 71 df 1e 90 84 00 00 00 00 0a cf 00 00 00 00 00 00 01 28 00 04 11",""
1193,7901,"PACKET","IN",200,44,"VehicleSync","id=200 bytes=44","c8 3c 00 47 00 00 00 00 00 00 00 20 60 1e a0 40 7d b3 83 e8 3c 3b 48 52 34 56 6f 17 94 27 00 7d 83 e3 bf 15 34 42 a7 f6 80 3a 00 50",""
1194,7901,"PACKET","IN",203,34,"AimSync","id=203 bytes=34","cb 3c 00 12 28 5e 73 3f ff 10 8c be f7 d9 15 be 6a 6d 85 c3 af 9b 23 45 9c a2 7f 42 00 00 00 00 02 36",""
1195,7944,"PACKET","IN",207,59,"PlayerSync","id=207 bytes=59","cf 1f 00 ca 7f ef 3f c0 00 09 a5 2b 70 d8 7a 49 91 62 93 a0 10 80 00 00 00 03 95 c3 e0 00 02 25 82 9c f6 1b 8a d3 47 fd fe e6 00 00 a0 60 80 00 81 08 7c 00 c1 b8 7b ac 04 64 80",""
1196,7945,"PACKET","IN",207,35,"PlayerSync","id=207 bytes=35","cf 5e 00 00 00 21 d0 22 b0 c3 a9 09 91 6c 1a 9e 90 84 00 00 00 02 14 82 c0 00 00 00 00 00 01 28 00 04 11",""
1197,7945,"PACKET","IN",211,27,"PassengerSync","id=211 bytes=27","d3 97 00 29 00 01 00 64 4c 00 00 00 00 00 00 38 bc 75 c3 d7 b2 24 45 aa cf 7a 42",""
1198,7982,"PACKET","IN",200,44,"VehicleSync","id=200 bytes=44","c8 28 00 29 00 00 00 00 00 08 00 03 70 12 00 22 9b 74 35 57 3c 30 db 72 44 5e d7 d7 a4 20 95 90 b3 ff 2f f7 e7 cc d8 06 40 7f 00 00",""
1199,7983,"PACKET","IN",207,35,"PlayerSync","id=207 bytes=35","cf 7c 00 00 00 2e 67 68 30 c9 79 09 91 7b 67 1f 10 84 00 00 00 03 5a 96 40 00 00 00 00 00 01 28 00 04 11",""
1200,7988,"PACKET","IN",207,35,"PlayerSync","id=207 bytes=35","cf 55 00 00 00 32 ed e6 b0 da b6 49 91 7b 67 1f 10 84 00 00 00 00 72 71 80 00 00 00 00 00 01 28 00 04 11",""
1201,7988,"PACKET","IN",211,27,"PassengerSync","id=211 bytes=27","d3 97 00 29 00 01 00 64 4c 00 00 00 00 00 00 5f be 73 c3 e5 b1 24 45 d3 de 7a 42",""
1202,7988,"PACKET","OUT",205,9,"UNKNOWN_PACKET","id=205 bytes=9","cd b8 4a 04 00 00 00 00 00",""
1203,7988,"PACKET","OUT",203,32,"AimSync","id=203 bytes=32","cb 04 74 77 70 3f 48 4c ae be 36 f6 2c 3d c3 43 a2 c3 65 2f 27 45 08 6c 7e 42 00 00 00 00 3f c6",""
1204,8026,"PACKET","IN",207,35,"PlayerSync","id=207 bytes=35","cf 00 00 00 00 1d e3 e3 70 f6 e5 09 91 41 63 5e 90 80 00 00 00 03 4b 47 00 00 00 00 00 00 01 28 00 04 11",""
1205,8067,"RPC","IN",86,27,"ApplyPlayerAnimation","id=86 bytes=27","85 00 07 42 44 5f 46 49 52 45 07 77 61 73 68 5f 75 70 33 33 83 40 80 00 00 00 00",""
1206,8067,"PACKET","IN",207,59,"PlayerSync","id=207 bytes=59","cf 1f 00 d4 7f e9 3f c0 00 25 17 eb 70 e0 bb 49 91 51 8e 60 10 80 00 00 00 00 ca 33 e0 00 00 cf 1e bc f5 1f ca 96 e7 fd fe e6 00 01 d0 22 80 01 80 36 7c 01 a1 bc 7b ac 04 64 80",""
1207,8068,"PACKET","IN",200,44,"VehicleSync","id=200 bytes=44","c8 28 00 29 00 00 00 00 00 08 00 02 30 18 a0 2d 0b 72 23 c7 1c 3f fb 52 44 59 e8 e7 a4 24 99 10 c3 fe bf fb 47 b1 78 16 40 7f 00 00",""
1208,8068,"PACKET","IN",207,35,"PlayerSync","id=207 bytes=35","cf 83 00 00 00 03 66 a3 70 d0 20 49 91 77 21 9e 90 80 00 00 00 03 f2 9a 40 00 00 00 00 00 01 28 00 04 11",""
1209,8068,"PACKET","IN",203,34,"AimSync","id=203 bytes=34","cb 83 00 04 12 de ed 3d cd 2e 76 bf 58 6e 7e be 2d c2 8d c3 c5 aa 26 45 da 9b 7f 42 00 00 00 00 3f c6",""
1210,8068,"PACKET","IN",207,35,"PlayerSync","id=207 bytes=35","cf 08 00 00 00 3e d3 69 70 f4 cf 4a 91 4b 81 5e d0 84 00 00 00 02 86 6f c0 00 00 00 00 00 01 a5 04 04 80",""
1211,8068,"PACKET","IN",207,35,"PlayerSync","id=207 bytes=35","cf 20 00 00 00 11 55 e5 b0 c2 d0 89 d1 6c e4 9f 10 80 00 00 00 02 72 8b c0 00 00 00 00 00 01 a5 04 04 80",""
1212,8068,"PACKET","IN",200,44,"VehicleSync","id=200 bytes=44","c8 3c 00 47 00 00 00 00 00 00 00 2c 00 1f 90 48 bd bf a6 38 2c 32 c7 72 34 55 9e 47 94 28 ef 4d 43 ed 6f 09 54 32 07 f6 80 3a 00 50",""
1213,8068,"PACKET","IN",207,35,"PlayerSync","id=207 bytes=35","cf 4f 00 00 00 0a f1 a3 30 c2 14 89 91 76 20 de 90 80 00 00 00 03 60 5a 00 00 00 00 00 00 01 28 00 04 11",""
1214,8068,"PACKET","IN",203,34,"AimSync","id=203 bytes=34","cb 4f 00 04 78 0e 33 be 47 ea 59 3f ca 56 fd be da 9b 8c c3 48 38 26 45 1f 54 80 42 00 00 00 00 3f 26",""
1215,8068,"RPC","IN",16,16,"PlaySound","id=16 bytes=16","42 51 00 00 00 00 00 00 00 00 00 00 00 00 00 00",""
1216,8069,"RPC","IN",134,80,"ShowTextDraw","id=134 bytes=80","37 08 11 9a 99 19 3f 00 00 00 40 1a ff 00 aa cd cc 74 42 00 00 a0 41 00 00 00 32 00 01 00 00 00 ff 04 00 00 00 59 43 00 00 b8 43 00 00 00 00 00 00 00 00 00 00 00 00 00 00 00 00 80 3f ff ff ff ff 0d 00 6c 64 5f 64 75 61 6c 3a 77 68 69 74 65",""
1217,8069,"RPC","IN",105,7,"TextDrawSetString","id=105 bytes=7 | TextDrawID=2086 length=3 text=""100""","26 08 03 00 31 30 30",""
1218,8069,"RPC","IN",105,5,"TextDrawSetString","id=105 bytes=5 | TextDrawID=2087 length=1 text=""0""","27 08 01 00 30",""
1219,8069,"RPC","IN",105,6,"TextDrawSetString","id=105 bytes=6 | TextDrawID=2088 length=2 text=""46""","28 08 02 00 34 36",""
1220,8069,"RPC","IN",105,5,"TextDrawSetString","id=105 bytes=5 | TextDrawID=2089 length=1 text=""2""","29 08 01 00 32",""
1221,8069,"RPC","IN",105,7,"TextDrawSetString","id=105 bytes=7 | TextDrawID=2090 length=3 text=""100""","2a 08 03 00 31 30 30",""
1222,8069,"PACKET","IN",211,27,"PassengerSync","id=211 bytes=27","d3 97 00 29 00 01 00 64 4c 00 00 00 00 00 00 f2 d1 71 c3 cb b0 24 45 bb ef 7a 42",""
1223,8101,"PACKET","IN",200,44,"VehicleSync","id=200 bytes=44","c8 3c 00 47 00 f0 ff ff ff 00 00 2c 30 16 30 59 2d b8 89 78 1c 37 36 92 34 57 fd 77 94 26 2e ed 13 ed 8f 09 a4 31 87 f6 80 3a 00 50",""
1224,8137,"PACKET","IN",200,44,"VehicleSync","id=200 bytes=44","c8 28 00 29 00 00 00 00 00 08 00 09 30 0a 30 21 ab 8f 20 a6 fc 3b bb 42 44 5e aa 47 a4 2d 3c d0 d3 fe 6f f3 b7 b6 38 16 40 7f 00 00",""
1225,8138,"PACKET","IN",207,35,"PlayerSync","id=207 bytes=35","cf 60 00 00 00 18 4b 23 30 d2 98 49 91 73 1f 1e 90 84 00 00 00 00 9a bd c0 00 00 00 00 00 01 28 00 04 11",""
1226,8173,"RPC","IN",26,5,"PlayerEnterVehicle","id=26 bytes=5","1f 00 73 00 00",""
1227,8174,"PACKET","IN",207,49,"PlayerSync","id=207 bytes=49","cf 1f 00 00 00 01 0a ab 70 e7 3b c9 91 71 49 a0 10 80 00 00 00 03 b6 7f e0 00 00 00 00 00 02 e6 00 01 09 d6 7e 00 80 58 7c 00 31 be 7b a5 04 04 80",""
1228,8174,"PACKET","IN",203,34,"AimSync","id=203 bytes=34","cb 1f 00 04 58 7e 6a 3f a4 fe ab be 85 9d 60 be 62 a1 ae c3 de 00 27 45 27 c2 82 42 00 00 00 00 3f 15",""
1229,8174,"PACKET","IN",207,35,"PlayerSync","id=207 bytes=35","cf 54 00 00 00 31 4a e3 30 d7 9b 89 91 71 1f 1e 90 84 00 00 00 03 1e c2 c0 00 00 00 00 00 01 28 00 04 11",""
1230,8174,"PACKET","IN",207,35,"PlayerSync","id=207 bytes=35","cf 85 00 00 00 19 15 a5 b0 d1 07 09 d1 6c 24 9f 10 80 00 00 00 00 31 f1 80 00 00 00 00 00 01 28 00 04 11",""
1231,8174,"PACKET","IN",203,34,"AimSync","id=203 bytes=34","cb 85 00 04 46 60 3e 3e d4 7c 77 3f 00 cf 33 be ee 8a 96 c3 1e fa 26 45 05 43 80 42 00 00 00 00 3f c6",""
1232,8174,"PACKET","IN",211,27,"PassengerSync","id=211 bytes=27","d3 97 00 29 00 01 00 64 4c 00 00 00 00 00 00 98 d5 6f c3 92 af 24 45 cf 02 7b 42",""
1233,8174,"PACKET","IN",207,35,"PlayerSync","id=207 bytes=35","cf 92 00 00 00 2c 75 e2 f0 dd a6 09 91 79 9e 1e 90 84 00 00 00 00 c2 8d c0 00 00 00 00 00 01 a5 04 04 80",""
1234,8207,"PACKET","IN",200,44,"VehicleSync","id=200 bytes=44","c8 3c 00 47 00 a6 ff f5 ff 00 00 2c 90 15 d0 50 2d 82 1b 88 0c 3f 95 b2 34 59 0c a7 94 2e 05 2c e3 e0 bf 53 34 c3 97 f6 80 3a 00 50",""
1235,8207,"PACKET","IN",207,35,"PlayerSync","id=207 bytes=35","cf 4b 00 00 00 34 a8 a3 70 ff 5d 09 91 7b 23 5e 90 80 00 00 00 03 47 12 00 00 00 00 00 00 01 28 00 04 11",""
1236,8207,"PACKET","IN",200,44,"VehicleSync","id=200 bytes=44","c8 28 00 29 00 00 00 00 00 08 00 42 60 03 50 23 ab 8c db a6 cc 34 cb 32 44 5c 8c 07 a4 2d 11 30 f3 fe 3f ff 67 a8 98 16 40 7f 00 00",""
1237,8236,"PACKET","IN",207,35,"PlayerSync","id=207 bytes=35","cf 46 00 00 00 14 32 e6 b0 ea bf 49 91 7b 67 1f 10 84 00 00 00 00 f1 9b c0 00 00 00 00 00 01 28 00 04 11",""
1238,8237,"PACKET","IN",211,27,"PassengerSync","id=211 bytes=27","d3 97 00 29 00 01 00 64 4c 00 00 00 00 00 00 1e 77 6d c3 0e ae 24 45 3b 1c 7b 42",""
1239,8262,"PACKET","IN",207,35,"PlayerSync","id=207 bytes=35","cf 5b 00 00 00 07 c2 e6 f0 dc f9 09 91 7b 67 1f 10 80 00 00 00 01 0b e2 00 00 00 00 00 00 01 a5 04 e8 80",""
1240,8293,"PACKET","IN",207,55,"PlayerSync","id=207 bytes=55","cf 1f 00 00 00 10 48 2b 70 cc fc 09 91 7c 08 a0 10 80 00 00 00 02 4d bb e0 00 0e c7 6c 14 f7 27 b1 c3 0f fd fe e6 00 01 09 d6 7e 00 80 58 7c 00 31 be 7b c8 04 04 80",""
1241,8293,"PACKET","IN",200,44,"VehicleSync","id=200 bytes=44","c8 28 00 29 00 00 00 00 00 08 00 4d 00 07 60 14 6b 8c b7 a6 ac 3d db 12 44 5e 4d b7 a4 24 14 c1 03 fe 2f fe 17 a7 68 16 40 7f 00 00",""
1242,8294,"PACKET","IN",200,44,"VehicleSync","id=200 bytes=44","c8 3c 00 47 00 9f ff f3 ff 00 00 21 70 2d 30 42 8d 33 ec 47 fc 36 05 12 34 52 ec 17 94 24 31 7c b3 e4 df 84 b5 47 f7 f6 80 3a 00 50",""
1243,8294,"PACKET","IN",207,35,"PlayerSync","id=207 bytes=35","cf 0b 00 00 00 04 80 26 f0 c6 7c 89 91 7b 67 1f 10 84 00 00 00 02 c5 e7 c0 00 00 00 00 00 01 a5 04 e8 80",""
1244,8316,"RPC","IN",99,42,"MoveObject","id=99 bytes=42","28 00 f8 e3 a1 c3 d7 9b 26 45 ed 5e 7b 42 f8 e3 a1 c3 d7 9b 26 45 53 c5 7d 42 00 00 80 3e 00 00 00 00 00 00 00 00 08 cc 84 43",""
1245,8316,"RPC","IN",26,5,"PlayerEnterVehicle","id=26 bytes=5","1f 00 73 00 00",""
1246,8316,"PACKET","IN",207,55,"PlayerSync","id=207 bytes=55","cf 1f 00 00 00 34 c4 eb 70 d7 7c 89 91 64 06 e0 10 80 00 00 00 03 40 77 e0 00 0d 76 fc 60 f6 2e b8 ef df fd fe e6 00 01 09 d6 7e 00 80 58 7c 00 31 be 7b c8 04 04 80",""
1247,8316,"PACKET","IN",211,27,"PassengerSync","id=211 bytes=27","d3 97 00 29 00 01 00 64 4c 00 00 00 00 00 00 dd 22 6b c3 88 ac 24 45 4b 35 7b 42",""
1248,8316,"PACKET","IN",203,34,"AimSync","id=203 bytes=34","cb 97 00 12 4e b6 7e 3f f1 c6 4b bb 44 12 cd bd f5 7b 73 c3 58 b5 24 45 fc 09 81 42 00 00 00 00 07 36",""
1249,8362,"PACKET","IN",200,44,"VehicleSync","id=200 bytes=44","c8 28 00 29 00 00 00 00 00 08 00 46 40 1a f0 04 cb 88 b2 56 8c 36 1b 02 44 57 6f 57 a4 2c 58 b1 13 fe 3f fe f7 a4 f8 16 40 7f 00 00",""
1250,8384,"PACKET","IN",207,35,"PlayerSync","id=207 bytes=35","cf 15 00 00 00 0d a7 68 30 e3 bc 89 91 7b 67 1f 10 84 00 00 00 03 e6 8d 80 00 00 00 00 00 01 a5 04 e8 80",""
1251,8384,"PACKET","IN",207,35,"PlayerSync","id=207 bytes=35","cf 2d 00 00 00 34 a7 e5 b0 d2 4e 89 d1 6c 24 9f 10 84 00 00 00 01 78 73 c0 00 00 00 00 00 01 28 00 04 11",""
1252,8385,"PACKET","IN",207,35,"PlayerSync","id=207 bytes=35","cf 1b 00 00 00 14 4b 23 30 e7 5e 49 91 72 1f 1e 90 84 00 00 00 03 f6 d3 00 00 00 00 00 00 01 28 00 04 11",""
1253,8385,"PACKET","IN",211,27,"PassengerSync","id=211 bytes=27","d3 97 00 29 00 01 00 64 4c 00 00 00 00 00 00 98 c2 68 c3 fb aa 24 45 53 4b 7b 42",""
1254,8393,"PACKET","OUT",203,32,"AimSync","id=203 bytes=32","cb 00 00 00 39 05 00 00 00 00 00 00 00 00 00 00 00 40 01 00 00 00 80 3f 00 00 f3 04 b5 3f 39 05",""
1255,8422,"PACKET","IN",207,55,"PlayerSync","id=207 bytes=55","cf 1f 00 00 00 2a 84 eb 70 fc 3d 09 91 7f c5 a0 10 84 00 00 00 01 38 ab e0 00 0c f6 c8 68 f5 dd 8a 2f f3 fd fe e6 00 01 09 d6 7e 00 80 58 7c 00 31 be 7b c8 04 04 80",""
1256,8444,"PACKET","IN",200,44,"VehicleSync","id=200 bytes=44","c8 28 00 29 00 00 00 00 00 08 00 4c e0 12 b0 04 eb 88 bd b6 5c 3f 5a e2 44 57 a0 c7 b4 29 6c 01 23 fe 5f f1 27 b3 b8 16 40 7f 00 00",""
1257,8444,"PACKET","IN",200,44,"VehicleSync","id=200 bytes=44","c8 3c 00 47 00 00 00 00 00 00 00 2a 90 2b 30 30 bc e2 30 d7 ec 3c 54 82 34 5c cb d7 94 20 90 7c 83 ec 5f ac c5 be e7 f6 80 3a 00 50",""
1258,8444,"PACKET","IN",207,35,"PlayerSync","id=207 bytes=35","cf 6b 00 00 00 09 42 e6 f0 d3 4e 89 d1 7b 67 1f 10 84 00 00 00 03 77 d7 40 00 00 00 00 00 01 28 00 04 11",""
1259,8444,"PACKET","IN",203,34,"AimSync","id=203 bytes=34","cb 6b 00 04 63 73 2e bf 30 5c 2b bf 03 82 97 be 12 45 9a c3 9f 52 27 45 c1 d9 80 42 00 00 00 00 3f 3a",""
1260,8491,"PACKET","IN",207,35,"PlayerSync","id=207 bytes=35","cf 30 00 00 00 11 cb 23 30 f6 e1 09 91 71 df 1e 90 84 00 00 00 00 0a cf 00 00 00 00 00 00 01 28 00 04 11",""
1261,8492,"PACKET","IN",200,44,"VehicleSync","id=200 bytes=44","c8 3c 00 47 00 00 00 00 00 00 00 22 f0 30 f0 3d bc bc b3 97 cc 39 c4 02 34 58 bb f7 94 27 ef ac 43 e6 ef b2 05 e2 b8 06 80 3a 00 50",""
1262,8492,"PACKET","IN",207,35,"PlayerSync","id=207 bytes=35","cf 7c 00 00 00 2e 67 68 30 c9 79 09 91 7b 67 1f 10 84 00 00 00 03 5a 96 40 00 00 00 00 00 01 28 00 04 11",""
1263,8492,"PACKET","IN",207,35,"PlayerSync","id=207 bytes=35","cf 7e 00 00 00 27 c2 66 f0 e4 cb 89 d1 7b 67 1f 10 84 00 00 00 00 5a b7 94 00 00 00 00 00 01 28 00 04 11",""
1264,8492,"PACKET","IN",207,55,"PlayerSync","id=207 bytes=55","cf 1f 00 00 00 38 c6 ab 70 dc 3d c9 91 6c 05 20 10 84 00 00 00 02 c4 b3 e0 00 0d 63 50 50 f7 f9 4c c7 e3 fd fe e6 00 01 09 d6 7e 00 80 58 7c 00 31 be 7b c8 04 04 80",""
1265,8514,"PACKET","IN",207,35,"PlayerSync","id=207 bytes=35","cf 55 00 00 00 32 ed e6 b0 da b6 49 91 7b 67 1f 10 84 00 00 00 00 72 71 80 00 00 00 00 00 01 28 00 04 11",""
1266,8514,"PACKET","IN",207,35,"PlayerSync","id=207 bytes=35","cf 5e 00 00 00 21 d0 22 b0 c3 a9 09 91 6c 1a 9e 90 84 00 00 00 02 14 82 c0 00 00 00 00 00 01 28 00 04 11",""
1267,8514,"PACKET","IN",211,27,"PassengerSync","id=211 bytes=27","d3 97 00 29 00 01 00 64 4c 00 00 00 00 00 00 d5 38 66 c3 5f a9 24 45 79 60 7b 42",""
1268,8515,"RPC","IN",105,19,"TextDrawSetString","id=105 bytes=19 | TextDrawID=303 length=15 text=""09 Agustus 2026""","2f 01 0f 00 30 39 20 41 67 75 73 74 75 73 20 32 30 32 36",""
1269,8515,"RPC","IN",105,12,"TextDrawSetString","id=105 bytes=12 | TextDrawID=304 length=8 text=""12:19:09""","30 01 08 00 31 32 3a 31 39 3a 30 39",""
1270,8515,"PACKET","OUT",207,69,"PlayerSync","id=207 bytes=69","cf 00 00 00 00 00 00 f7 9e a0 c3 55 1c 27 45 ed 9c 7c 42 58 d8 36 3f 00 00 00 80 00 00 00 00 cb 2c 33 bf 64 00 04 00 00 00 00 00 00 00 00 00 00 00 00 00 00 00 00 00 00 00 00 00 00 00 00 00 00 00 28 00 04 11",""
1271,8541,"PACKET","IN",200,44,"VehicleSync","id=200 bytes=44","c8 28 00 29 00 00 00 00 00 08 00 40 00 20 00 04 fb 87 c9 76 3c 39 7a d2 44 5e a2 27 b4 21 ce f1 33 fe 6f f3 b7 b3 f8 16 40 7f 00 00",""
1272,8541,"PACKET","IN",207,35,"PlayerSync","id=207 bytes=35","cf 20 00 00 00 11 55 e5 b0 c2 d0 89 d1 6c e4 9f 10 80 00 00 00 02 72 8b c0 00 00 00 00 00 01 a5 04 04 80",""
1273,8562,"RPC","IN",95,24,"CreatePickup","id=95 bytes=24","28 00 00 00 fa 04 00 00 17 00 00 00 b0 a2 80 c3 71 dd 22 45 07 70 7b 42",""
1274,8564,"RPC","IN",95,24,"CreatePickup","id=95 bytes=24","35 00 00 00 b5 09 00 00 17 00 00 00 f8 d3 70 c3 1f 25 22 45 c6 9c 7a 42",""
1275,8571,"PACKET","IN",207,35,"PlayerSync","id=207 bytes=35","cf 00 00 00 00 1d e3 e3 70 f6 e5 09 91 41 63 5e 90 80 00 00 00 03 4b 47 00 00 00 00 00 00 01 28 00 04 11",""
1276,8571,"PACKET","IN",207,35,"PlayerSync","id=207 bytes=35","cf 08 00 00 00 3e d3 69 70 f4 cf 4a 91 4b 81 5e d0 84 00 00 00 02 86 6f c0 00 00 00 00 00 01 a5 04 04 80",""
1277,8571,"PACKET","IN",207,49,"PlayerSync","id=207 bytes=49","cf 1f 00 00 00 2a c7 2b 70 c3 3e 09 91 65 c3 60 10 84 00 00 00 00 50 4b e0 00 0c 00 00 00 02 e6 00 01 09 d6 7e 00 80 58 7c 00 31 be 7b f2 03 04 80",""
1278,8571,"PACKET","IN",200,44,"VehicleSync","id=200 bytes=44","c8 3c 00 47 00 02 00 00 00 20 00 28 30 7f 80 84 ac b3 ab e7 ac 32 73 a2 34 5d 8c 27 94 20 86 3a 93 e8 7f b7 a5 ed 87 f6 80 3a 00 50",""
1279,8571,"PACKET","IN",211,27,"PassengerSync","id=211 bytes=27","d3 97 00 29 00 01 00 64 4c 00 00 00 00 00 00 24 d4 63 c3 e7 a7 24 45 e3 76 7b 42",""
1280,8590,"PACKET","IN",200,44,"VehicleSync","id=200 bytes=44","c8 28 00 29 00 00 00 00 00 08 00 4f 80 10 d0 05 0b 89 a6 46 1c 34 ea c2 44 58 03 97 b4 28 11 11 53 fe 7f f5 e7 b4 d8 16 40 7f 00 00",""
1281,8609,"RPC","IN",87,2,"ClearPlayerAnimation","id=87 bytes=2","83 00",""
1282,8610,"RPC","IN",86,29,"ApplyPlayerAnimation","id=86 bytes=29","83 00 05 43 41 52 52 59 0b 63 72 72 79 5f 70 72 74 69 61 6c 33 33 83 40 00 00 00 00 00",""
1283,8610,"PACKET","IN",207,35,"PlayerSync","id=207 bytes=35","cf 83 00 00 00 03 66 a3 70 d0 20 49 91 77 21 9e 90 80 00 00 00 03 f2 9a 40 00 00 00 00 00 01 28 00 04 11",""
1284,8632,"PACKET","IN",207,35,"PlayerSync","id=207 bytes=35","cf 60 00 00 00 18 4b 23 30 d2 98 49 91 73 1f 1e 90 84 00 00 00 00 9a bd c0 00 00 00 00 00 01 28 00 04 11",""
1285,8633,"PACKET","IN",207,49,"PlayerSync","id=207 bytes=49","cf 1f 00 00 00 1c 47 eb 70 ff be 09 91 65 c3 60 10 80 00 00 00 02 e2 ab e0 00 0c 00 00 00 02 e6 00 01 09 d6 7e 00 80 58 7c 00 31 be 7b f2 03 04 80",""
1286,8658,"PACKET","IN",200,44,"VehicleSync","id=200 bytes=44","c8 28 00 29 00 00 00 00 00 08 00 4c 00 15 30 05 2b 84 43 a5 fc 31 2a b2 44 5a f5 07 b4 20 f2 e1 63 fe 8f f7 67 b5 98 16 40 7f 00 00",""
1287,8659,"PACKET","IN",200,44,"VehicleSync","id=200 bytes=44","c8 3c 00 47 00 7f 00 01 00 20 00 2f 10 53 90 89 4c d3 68 17 9c 30 53 42 34 53 9b 87 94 2e a6 59 23 e1 3f 98 15 69 27 e6 80 3a 00 50",""
1288,8659,"PACKET","IN",211,27,"PassengerSync","id=211 bytes=27","d3 97 00 29 00 01 00 64 4c 00 00 00 00 00 00 ad 76 61 c3 7f a6 24 45 41 8f 7b 42",""
1289,8678,"PACKET","IN",207,35,"PlayerSync","id=207 bytes=35","cf 83 00 00 00 03 66 a3 70 d0 20 49 91 77 21 9e 90 80 00 00 00 03 f2 9a 40 00 00 00 00 00 01 a5 04 e8 80",""
1290,8679,"PACKET","IN",203,34,"AimSync","id=203 bytes=34","cb 83 00 04 12 de ed 3d cd 2e 76 bf 58 6e 7e be 2d c2 8d c3 c5 aa 26 45 da 9b 7f 42 00 00 00 00 3f c6",""
1291,8707,"PACKET","IN",207,35,"PlayerSync","id=207 bytes=35","cf 92 00 00 00 2c 75 e2 f0 dd a6 09 91 79 9e 1e 90 84 00 00 00 00 c2 8d c0 00 00 00 00 00 01 a5 04 04 80",""
1292,8707,"PACKET","IN",207,35,"PlayerSync","id=207 bytes=35","cf 54 00 00 00 31 4a e3 30 d7 9b 89 91 71 1f 1e 90 84 00 00 00 03 1e c2 c0 00 00 00 00 00 01 28 00 04 11",""
1293,8728,"PACKET","IN",207,49,"PlayerSync","id=207 bytes=49","cf 1f 00 00 00 14 88 ab 70 fe be 49 91 65 c3 60 10 80 00 00 00 02 13 e7 e0 00 0c 00 00 00 02 e6 00 01 09 d6 7e 00 80 58 7c 00 31 be 7b 14 04 04 80",""
1294,8728,"PACKET","IN",207,35,"PlayerSync","id=207 bytes=35","cf 85 00 00 00 19 15 a5 b0 d1 07 09 d1 6c 24 9f 10 80 00 00 00 00 31 f1 80 00 00 00 00 00 01 28 00 04 11",""
1295,8728,"PACKET","IN",203,34,"AimSync","id=203 bytes=34","cb 85 00 04 46 60 3e 3e d4 7c 77 3f 00 cf 33 be ee 8a 96 c3 1e fa 26 45 05 43 80 42 00 00 00 00 3f c6",""
1296,8729,"PACKET","IN",211,27,"PassengerSync","id=211 bytes=27","d3 97 00 29 00 01 00 64 4c 00 00 00 00 00 00 d4 fe 5e c3 15 a5 24 45 d7 aa 7b 42",""
1297,8729,"RPC","IN",86,27,"ApplyPlayerAnimation","id=86 bytes=27","0b 00 07 42 44 5f 46 49 52 45 07 77 61 73 68 5f 75 70 33 33 83 40 80 00 00 00 00",""
1298,8756,"PACKET","IN",200,44,"VehicleSync","id=200 bytes=44","c8 28 00 29 00 80 ff 00 00 08 00 4b 40 15 30 09 8b 74 c0 d5 dc 34 1a a2 44 59 b6 87 b4 2a 32 01 73 ff af f4 97 e6 78 16 40 7f 00 00",""
1299,8777,"PACKET","IN",207,35,"PlayerSync","id=207 bytes=35","cf 4b 00 00 00 34 a8 a3 70 ff 5d 09 91 7b 23 5e 90 80 00 00 00 03 47 12 00 00 00 00 00 00 01 28 00 04 11",""
1300,8777,"PACKET","IN",207,35,"PlayerSync","id=207 bytes=35","cf 63 00 00 00 35 85 e6 f0 f9 48 49 d1 7b 67 1f 10 84 00 00 00 03 a1 c6 00 00 00 00 00 00 01 28 00 04 11",""
1301,8777,"PACKET","IN",203,34,"AimSync","id=203 bytes=34","cb 63 00 04 98 2f 28 bf 5f 7e 40 bf 36 d3 5f bd df 58 9a c3 37 3d 27 45 75 82 7f 42 00 00 00 00 3f 44",""
1302,8800,"PACKET","IN",207,35,"PlayerSync","id=207 bytes=35","cf 46 00 00 00 14 32 e6 b0 ea bf 49 91 7b 67 1f 10 84 00 00 00 00 f1 9b c0 00 00 00 00 00 01 28 00 04 11",""
1303,8801,"PACKET","IN",207,49,"PlayerSync","id=207 bytes=49","cf 1f 00 00 00 08 49 6b 70 fb fe 89 91 65 c3 60 10 80 00 00 00 00 fb f3 e0 00 0c 00 00 00 02 e6 00 01 09 d6 7e 00 80 58 7c 00 31 be 7b 14 04 04 80",""
1304,8801,"PACKET","IN",211,27,"PassengerSync","id=211 bytes=27","d3 97 00 29 00 01 00 64 4c 00 00 00 00 00 00 06 7b 5c c3 c9 a3 24 45 91 c8 7b 42",""
1305,8825,"RPC","IN",86,27,"ApplyPlayerAnimation","id=86 bytes=27","20 00 07 42 44 5f 46 49 52 45 07 77 61 73 68 5f 75 70 33 33 83 40 80 00 00 00 00",""
1306,8825,"PACKET","IN",207,35,"PlayerSync","id=207 bytes=35","cf 0b 00 00 00 04 80 26 f0 c6 7c 89 91 7b 67 1f 10 84 00 00 00 02 c5 e7 c0 00 00 00 00 00 01 a5 04 e8 80",""
1307,8826,"PACKET","IN",200,44,"VehicleSync","id=200 bytes=44","c8 28 00 29 00 00 00 00 00 08 00 63 a0 23 50 03 bb 5e 1d 55 ac 36 9a a2 44 58 68 27 b4 2c 71 41 83 ff af f7 28 17 a8 16 40 7f 00 00",""
1308,8826,"PACKET","IN",200,44,"VehicleSync","id=200 bytes=44","c8 3c 00 47 00 7f 00 01 00 00 00 20 90 48 c0 7e cd 30 b6 17 8c 35 02 c2 34 56 7b 37 94 24 ed 88 03 e3 cf 34 a4 81 a8 06 80 3a 00 50",""
1309,8826,"PACKET","IN",207,35,"PlayerSync","id=207 bytes=35","cf 5b 00 00 00 07 c2 e6 f0 dc f9 09 91 7b 67 1f 10 80 00 00 00 01 0b e2 00 00 00 00 00 00 01 a5 04 e8 80",""
1310,8826,"RPC","IN",86,27,"ApplyPlayerAnimation","id=86 bytes=27","15 00 07 42 44 5f 46 49 52 45 07 77 61 73 68 5f 75 70 33 33 83 40 80 00 00 00 00",""
1311,8846,"PACKET","IN",200,44,"VehicleSync","id=200 bytes=44","c8 3c 00 47 00 7f 00 01 00 00 00 2c 90 2a b0 68 1d df a5 e7 7c 36 22 22 34 5d bb 87 94 23 e9 e7 83 e6 1e 8e c3 5b f8 06 80 3a 00 50",""
1312,8874,"RPC","IN",87,2,"ClearPlayerAnimation","id=87 bytes=2","7c 00",""
1313,8874,"RPC","IN",86,29,"ApplyPlayerAnimation","id=86 bytes=29","7c 00 05 43 41 52 52 59 0b 63 72 72 79 5f 70 72 74 69 61 6c 33 33 83 40 00 00 00 00 00",""
1314,8875,"PACKET","IN",200,44,"VehicleSync","id=200 bytes=44","c8 28 00 29 00 00 00 00 00 08 00 6c 50 2a 20 06 3b 3d 0a 85 8c 30 fa b2 44 52 b9 d7 b4 24 33 41 93 ff 4f fe b8 29 08 16 40 7f 00 00",""
1315,8875,"PACKET","IN",203,34,"AimSync","id=203 bytes=34","cb 28 00 12 ea bf 7e 3f 91 13 d5 bc 9d 05 c3 bd 7d b0 62 c3 0d ae 24 45 d9 4e 81 42 00 00 00 00 0b 36",""
1316,8895,"PACKET","IN",207,35,"PlayerSync","id=207 bytes=35","cf 0b 00 00 00 04 80 26 f0 c6 7c 89 91 7b 67 1f 10 84 00 00 00 02 c5 e7 c0 00 00 00 00 00 01 28 00 04 11",""
1317,8895,"PACKET","IN",207,35,"PlayerSync","id=207 bytes=35","cf 15 00 00 00 0d a7 68 30 e3 bc 89 91 7b 67 1f 10 84 00 00 00 03 e6 8d 80 00 00 00 00 00 01 a5 04 e8 80",""
1318,8896,"PACKET","IN",207,49,"PlayerSync","id=207 bytes=49","cf 1f 00 00 00 0c 0a 2b 70 fe fe c9 91 65 c3 60 10 80 00 00 00 00 fb f3 e0 00 0c 00 00 00 02 e6 00 01 09 d6 7e 00 80 58 7c 00 31 be 7b 14 04 04 80",""
1319,8896,"PACKET","IN",211,27,"PassengerSync","id=211 bytes=27","d3 97 00 29 00 01 00 64 4c 00 00 00 00 00 00 b0 fb 59 c3 db a3 24 45 ab e3 7b 42",""
1320,8919,"PACKET","OUT",203,32,"AimSync","id=203 bytes=32","cb 00 00 00 39 05 00 00 00 00 00 00 00 00 00 00 00 40 01 00 00 00 80 3f 00 00 f3 04 b5 3f 39 05",""
1321,8925,"PACKET","IN",207,35,"PlayerSync","id=207 bytes=35","cf 7c 00 00 00 2e 67 68 30 c9 79 09 91 7b 67 1f 10 84 00 00 00 03 5a 96 40 00 00 00 00 00 01 fb 04 e8 80",""
1322,8946,"PACKET","IN",207,35,"PlayerSync","id=207 bytes=35","cf 1b 00 00 00 14 4b 23 30 e7 5e 49 91 72 1f 1e 90 84 00 00 00 03 f6 d3 00 00 00 00 00 00 01 28 00 04 11",""
1323,8967,"PACKET","IN",207,35,"PlayerSync","id=207 bytes=35","cf 15 00 00 00 0d a7 68 30 e3 bc 89 91 7b 67 1f 10 84 00 00 00 03 e6 8d 80 00 00 00 00 00 01 28 00 04 11",""
1324,8968,"PACKET","IN",200,44,"VehicleSync","id=200 bytes=44","c8 28 00 29 00 00 00 00 00 08 00 60 20 3c c0 07 bb 2c 67 95 6c 30 8a c2 44 50 9b 97 b4 26 84 91 a3 fe df fd f8 39 98 16 40 7f 00 00",""
1325,8968,"PACKET","IN",200,44,"VehicleSync","id=200 bytes=44","c8 3c 00 47 00 7f 00 01 00 00 00 23 f0 28 10 61 1e 8c e8 37 6c 3d e1 52 34 55 5b e7 94 2c 90 37 03 ec dd 7d d2 27 58 06 80 3a 00 50",""
1326,8968,"PACKET","IN",203,34,"AimSync","id=203 bytes=34","cb 3c 00 12 02 a9 6b 3f 4b 57 ba be 38 4d 11 be 99 8b 7a c3 39 32 23 45 dc 57 7f 42 00 00 00 00 00 36",""
1327,8992,"PACKET","IN",207,49,"PlayerSync","id=207 bytes=49","cf 1f 00 00 00 04 4a eb 70 fd bf 09 91 65 c3 60 10 80 00 00 00 00 fb f3 e0 00 0c 00 00 00 02 e6 00 01 09 d6 7e 00 80 58 7c 00 31 be 7b 14 04 04 80",""
1328,8992,"PACKET","IN",211,27,"PassengerSync","id=211 bytes=27","d3 97 00 29 00 01 00 64 4c 00 00 00 00 00 00 15 69 57 c3 e0 a4 24 45 d9 ff 7b 42",""
1329,9015,"PACKET","IN",207,35,"PlayerSync","id=207 bytes=35","cf 30 00 00 00 11 cb 23 30 f6 e1 09 91 71 df 1e 90 84 00 00 00 00 0a cf 00 00 00 00 00 00 01 28 00 04 11",""
1330,9016,"PACKET","OUT",205,9,"UNKNOWN_PACKET","id=205 bytes=9","cd b8 4a 04 00 00 00 00 00",""
1331,9016,"PACKET","OUT",203,32,"AimSync","id=203 bytes=32","cb 04 b1 4d 4e bf 00 28 cd 3e b6 2e df be 04 36 9f c3 e6 05 27 45 a5 8e 82 42 00 00 00 00 3f c6",""
1332,9043,"PACKET","IN",200,44,"VehicleSync","id=200 bytes=44","c8 28 00 29 00 00 00 00 00 08 00 6e 80 2a 80 01 7b 26 45 b5 4c 32 9a d2 44 51 4d 47 b4 24 75 11 b3 fe 8f f6 a8 49 58 16 40 7f 00 00",""
1333,9043,"PACKET","IN",200,44,"VehicleSync","id=200 bytes=44","c8 3c 00 47 00 00 00 00 00 00 00 25 e0 15 b0 42 7e ec ac 87 5c 39 e0 82 34 5b bb f7 94 2f 8b 86 d3 e3 6d 2e 51 d3 38 06 80 3a 00 50",""
1334,9043,"PACKET","IN",207,35,"PlayerSync","id=207 bytes=35","cf 7e 00 00 00 27 c2 66 f0 e4 cb 89 d1 7b 67 1f 10 84 00 00 00 00 5a b7 94 00 00 00 00 00 01 28 00 04 11",""
1335,9064,"RPC","IN",63,4,"DestroyPickup","id=63 bytes=4","28 00 00 00",""
1336,9064,"RPC","IN",122,2,"StopObject","id=122 bytes=2","28 00",""
1337,9064,"RPC","IN",99,42,"MoveObject","id=99 bytes=42","28 00 f8 e3 a1 c3 d7 9b 26 45 b9 1c 7c 42 f8 e3 a1 c3 d7 9b 26 45 ed 5e 7b 42 00 00 80 3e 00 00 00 00 00 00 00 00 08 cc 84 43",""
1338,9065,"PACKET","IN",207,35,"PlayerSync","id=207 bytes=35","cf 00 00 00 00 1d e3 e3 70 f6 e5 09 91 41 63 5e 90 80 00 00 00 03 4b 47 00 00 00 00 00 00 01 28 00 04 11",""
1339,9065,"PACKET","IN",207,49,"PlayerSync","id=207 bytes=49","cf 1f 00 00 00 01 0b ab 70 fe 3f 49 91 65 c3 60 10 80 00 00 00 00 fb f3 e0 00 0c 00 00 00 02 e6 00 01 09 d6 7e 00 80 58 7c 00 31 be 7b 14 04 04 80",""
1340,9065,"PACKET","IN",203,34,"AimSync","id=203 bytes=34","cb 1f 00 04 58 7e 6a 3f a4 fe ab be 85 9d 60 be 86 88 ae c3 79 0d 27 45 ed 8d 82 42 00 00 00 00 3f 15",""
1341,9065,"PACKET","IN",207,35,"PlayerSync","id=207 bytes=35","cf 55 00 00 00 32 ed e6 b0 da b6 49 91 7b 67 1f 10 84 00 00 00 00 72 71 80 00 00 00 00 00 01 28 00 04 11",""
1342,9090,"PACKET","IN",207,35,"PlayerSync","id=207 bytes=35","cf 08 00 00 00 3e d3 69 70 f4 cf 4a 91 4b 81 5e d0 84 00 00 00 02 86 6f c0 00 00 00 00 00 01 a5 04 04 80",""
1343,9091,"PACKET","IN",207,35,"PlayerSync","id=207 bytes=35","cf 2d 00 00 00 34 a7 e5 b0 d2 4e 89 d1 6c 24 9f 10 84 00 00 00 01 78 73 c0 00 00 00 00 00 01 28 00 04 11",""
1344,9091,"PACKET","IN",203,34,"AimSync","id=203 bytes=34","cb 2d 00 04 f9 99 67 3f de 33 81 be 27 c4 af be 3b f1 97 c3 0d 46 27 45 ac 7c 81 42 00 00 00 00 3f 28",""
1345,9091,"PACKET","IN",207,35,"PlayerSync","id=207 bytes=35","cf 5e 00 00 00 21 d0 22 b0 c3 a9 09 91 6c 1a 9e 90 84 00 00 00 02 14 82 c0 00 00 00 00 00 01 28 00 04 11",""
1346,9091,"PACKET","IN",211,27,"PassengerSync","id=211 bytes=27","d3 97 00 29 00 01 00 64 4c 00 00 00 00 00 00 08 df 54 c3 37 a6 24 45 84 1f 7c 42",""
1347,9111,"PACKET","IN",200,44,"VehicleSync","id=200 bytes=44","c8 28 00 29 00 00 00 00 00 08 00 68 70 23 c0 0e 9b 16 32 c5 2c 36 ca e2 44 55 ce f7 b4 20 e5 e1 c3 fe 6f fb 98 48 b8 16 40 7f 00 00",""
1348,9111,"PACKET","IN",207,35,"PlayerSync","id=207 bytes=35","cf 4f 00 00 00 0a f1 a3 30 c2 14 89 91 76 20 de 90 80 00 00 00 03 60 5a 00 00 00 00 00 00 01 28 00 04 11",""
1349,9111,"PACKET","IN",203,34,"AimSync","id=203 bytes=34","cb 4f 00 04 e7 82 d6 be 89 bd 49 3f 07 f0 e6 be c5 60 8c c3 31 3a 26 45 c7 29 80 42 00 00 00 00 3f 26",""
1350,9111,"RPC","IN",16,16,"PlaySound","id=16 bytes=16","42 51 00 00 00 00 00 00 00 00 00 00 00 00 00 00",""
1351,9112,"RPC","IN",134,80,"ShowTextDraw","id=134 bytes=80","37 08 11 9a 99 19 3f 00 00 00 40 1a ff 00 aa 33 33 a3 42 00 00 a0 41 00 00 00 32 00 01 00 00 00 ff 04 00 00 00 59 43 00 00 b8 43 00 00 00 00 00 00 00 00 00 00 00 00 00 00 00 00 80 3f ff ff ff ff 0d 00 6c 64 5f 64 75 61 6c 3a 77 68 69 74 65",""
1352,9134,"PACKET","IN",207,49,"PlayerSync","id=207 bytes=49","cf 1f 00 00 00 2b 8c 2b 70 f8 7f 89 91 65 c3 60 10 80 00 00 00 00 fb f3 e0 00 0c 00 00 00 02 e6 00 01 09 d6 7e 00 80 58 7c 00 31 be 7b 14 04 04 80",""
1353,9134,"PACKET","IN",207,35,"PlayerSync","id=207 bytes=35","cf 20 00 00 00 11 55 e5 b0 c2 d0 89 d1 6c e4 9f 10 80 00 00 00 02 72 8b c0 00 00 00 00 00 01 a5 04 04 80",""
1354,9134,"RPC","IN",105,7,"TextDrawSetString","id=105 bytes=7 | TextDrawID=2086 length=3 text=""100""","26 08 03 00 31 30 30",""
1355,9134,"RPC","IN",105,5,"TextDrawSetString","id=105 bytes=5 | TextDrawID=2087 length=1 text=""0""","27 08 01 00 30",""
1356,9134,"RPC","IN",105,6,"TextDrawSetString","id=105 bytes=6 | TextDrawID=2088 length=2 text=""46""","28 08 02 00 34 36",""
1357,9134,"RPC","IN",105,5,"TextDrawSetString","id=105 bytes=5 | TextDrawID=2089 length=1 text=""2""","29 08 01 00 32",""
1358,9134,"RPC","IN",105,7,"TextDrawSetString","id=105 bytes=7 | TextDrawID=2090 length=3 text=""100""","2a 08 03 00 31 30 30",""
1359,9158,"PACKET","IN",211,27,"PassengerSync","id=211 bytes=27","d3 97 00 29 00 01 00 64 4c 00 00 00 00 00 00 02 4f 52 c3 b8 a7 24 45 06 41 7c 42",""
1360,9179,"PACKET","IN",200,44,"VehicleSync","id=200 bytes=44","c8 28 00 29 00 00 00 00 00 08 00 4d 80 17 d0 0d 3b 11 48 24 fc 30 ab 02 44 5e c0 f7 c4 2c 0a 11 d3 fe 4f fe 38 48 38 16 40 7f 00 00",""
1361,9206,"PACKET","IN",200,44,"VehicleSync","id=200 bytes=44","c8 3c 00 47 00 00 00 00 00 00 00 2c 50 1f 10 41 bf 06 c1 17 5c 3e 7f a2 24 54 8b b7 94 20 f1 46 93 eb 3d 17 c1 d2 27 e6 80 3a 00 50",""
1362,9227,"PACKET","IN",207,49,"PlayerSync","id=207 bytes=49","cf 1f 00 00 00 2c 0c 6b 70 ce 7f c9 91 65 c3 60 10 80 00 00 00 00 fb f3 e0 00 0c 00 00 00 02 e6 00 01 09 d6 7e 00 80 58 7c 00 31 be 7b 14 04 04 80",""
1363,9251,"PACKET","IN",200,44,"VehicleSync","id=200 bytes=44","c8 3c 00 47 00 00 00 00 00 00 00 28 80 41 50 c6 3f 0c 75 47 4c 3a ae c2 24 51 07 d7 94 28 f1 e6 43 e6 dd 17 21 d9 a7 96 80 3a 00 50",""
1364,9252,"PACKET","IN",207,35,"PlayerSync","id=207 bytes=35","cf 54 00 00 00 31 4a e3 30 d7 9b 89 91 71 1f 1e 90 84 00 00 00 03 1e c2 c0 00 00 00 00 00 01 28 00 04 11",""
1365,9252,"PACKET","IN",207,35,"PlayerSync","id=207 bytes=35","cf 60 00 00 00 18 4b 23 30 d2 98 49 91 73 1f 1e 90 84 00 00 00 00 9a bd c0 00 00 00 00 00 01 28 00 04 11",""
1366,9252,"PACKET","IN",207,35,"PlayerSync","id=207 bytes=35","cf 83 00 00 00 03 66 a3 70 d0 20 49 91 77 21 9e 90 80 00 00 00 03 f2 9a 40 00 00 00 00 00 01 a5 04 e8 80",""
1367,9252,"PACKET","IN",211,27,"PassengerSync","id=211 bytes=27","d3 97 00 29 00 01 00 64 4c 00 00 00 00 00 00 91 ac 4f c3 57 a9 24 45 ed 63 7c 42",""
1368,9252,"PACKET","IN",200,44,"VehicleSync","id=200 bytes=44","c8 28 00 29 00 00 00 00 00 08 00 44 30 11 70 1c bb 13 26 14 dc 35 9b 12 44 5b a2 97 c4 2d 2a 11 e3 fe 4f fe 58 48 38 16 40 7f 00 00",""
1369,9275,"PACKET","IN",207,35,"PlayerSync","id=207 bytes=35","cf 92 00 00 00 2c 75 e2 f0 dd a6 09 91 79 9e 1e 90 84 00 00 00 00 c2 8d c0 00 00 00 00 00 01 a5 04 04 80",""
1370,9301,"PACKET","IN",207,35,"PlayerSync","id=207 bytes=35","cf 85 00 00 00 19 15 a5 b0 d1 07 09 d1 6c 24 9f 10 80 00 00 00 00 31 f1 80 00 00 00 00 00 01 28 00 04 11",""
1371,9326,"PACKET","IN",207,35,"PlayerSync","id=207 bytes=35","cf 46 00 00 00 14 32 e6 b0 ea bf 49 91 7b 67 1f 10 84 00 00 00 00 f1 9b c0 00 00 00 00 00 01 28 00 04 11",""
1372,9327,"PACKET","IN",207,35,"PlayerSync","id=207 bytes=35","cf 4b 00 00 00 34 a8 a3 70 ff 5d 09 91 7b 23 5e 90 80 00 00 00 03 47 12 00 00 00 00 00 00 01 28 00 04 11",""
1373,9349,"PACKET","IN",200,44,"VehicleSync","id=200 bytes=44","c8 28 00 29 00 00 00 00 00 08 00 4a 90 0b 40 1c 7b 16 da f4 ac 3f bb 22 44 58 a4 a7 c4 20 3e 21 f3 fe 5f fc d8 48 68 16 40 7f 00 00",""
1374,9349,"PACKET","IN",200,44,"VehicleSync","id=200 bytes=44","c8 3c 00 47 00 0b 00 02 00 00 00 23 90 2e 20 5c df 00 2b f7 3c 34 9e 12 24 5d e3 77 94 21 b8 15 f3 ea 7d 03 b1 de 37 46 80 3a 00 50",""
1375,9349,"PACKET","IN",211,27,"PassengerSync","id=211 bytes=27","d3 97 00 29 00 01 00 64 4c 00 00 00 00 00 00 79 09 4d c3 fa aa 24 45 81 88 7c 42",""
1376,9349,"PACKET","IN",203,34,"AimSync","id=203 bytes=34","cb 97 00 12 e9 de 7e 3f d3 5e 45 3b bf 0d c0 bd a5 6d 55 c3 05 b3 24 45 c7 9a 81 42 00 00 00 00 0d 36",""
1377,9411,"PACKET","IN",207,35,"PlayerSync","id=207 bytes=35","cf 5b 00 00 00 07 c2 e6 f0 dc f9 09 91 7b 67 1f 10 80 00 00 00 01 0b e2 00 00 00 00 00 00 01 a5 04 e8 80",""
1378,9412,"PACKET","IN",211,27,"PassengerSync","id=211 bytes=27","d3 97 00 29 00 01 00 64 4c 00 00 00 00 00 00 66 61 4a c3 99 ac 24 45 11 ac 7c 42",""
1379,9412,"PACKET","IN",207,35,"PlayerSync","id=207 bytes=35","cf 0b 00 00 00 04 80 26 f0 c6 7c 89 91 7b 67 1f 10 84 00 00 00 02 c5 e7 c0 00 00 00 00 00 01 28 00 04 11",""
1380,9412,"PACKET","IN",207,35,"PlayerSync","id=207 bytes=35","cf 7c 00 00 00 2e 67 68 30 c9 79 09 91 7b 67 1f 10 84 00 00 00 03 5a 96 40 00 00 00 00 00 01 fb 04 e8 80",""
1381,9432,"PACKET","IN",200,44,"VehicleSync","id=200 bytes=44","c8 28 00 29 00 00 00 00 00 00 00 00 70 0b 00 1c 5b 1a 30 a4 8c 38 ab 42 44 5e f6 a7 c4 29 02 51 e3 fe 6f fa 78 48 78 16 40 7f 00 00",""
1382,9432,"PACKET","IN",200,44,"VehicleSync","id=200 bytes=44","c8 3c 00 47 00 45 00 07 00 00 00 2c 90 03 50 3a df 24 c2 e7 3c 3e 6d 42 24 51 c0 87 94 27 c1 35 83 e4 9c 7b c1 5d 57 c6 80 3a 00 50",""
1383,9432,"RPC","IN",87,2,"ClearPlayerAnimation","id=87 bytes=2","60 00",""
1384,9433,"RPC","IN",86,29,"ApplyPlayerAnimation","id=86 bytes=29","60 00 05 43 41 52 52 59 0b 63 72 72 79 5f 70 72 74 69 61 6c 33 33 83 40 00 00 00 00 00",""
1385,9445,"PACKET","OUT",203,32,"AimSync","id=203 bytes=32","cb 00 00 00 39 05 00 00 00 00 00 00 00 00 00 00 00 40 01 00 00 00 80 3f 00 00 f3 04 b5 3f 39 05",""
1386,9471,"PACKET","IN",207,35,"PlayerSync","id=207 bytes=35","cf 1b 00 00 00 14 4b 23 30 e7 5e 49 91 72 1f 1e 90 84 00 00 00 03 f6 d3 00 00 00 00 00 00 01 28 00 04 11",""
1387,9471,"PACKET","IN",207,35,"PlayerSync","id=207 bytes=35","cf 6b 00 00 00 09 42 e6 f0 d3 4e 89 d1 7b 67 1f 10 84 00 00 00 03 77 d7 40 00 00 00 00 00 01 28 00 04 11",""
1388,9471,"PACKET","IN",203,34,"AimSync","id=203 bytes=34","cb 6b 00 04 f8 79 2e bf 55 58 2b bf 27 75 97 be 0b 45 9a c3 9f 52 27 45 9a d9 80 42 00 00 00 00 3f 3a",""
1389,9492,"PACKET","IN",207,35,"PlayerSync","id=207 bytes=35","cf 15 00 00 00 0d a7 68 30 e3 bc 89 91 7b 67 1f 10 84 00 00 00 03 e6 8d 80 00 00 00 00 00 01 28 00 04 11",""
1390,9493,"PACKET","IN",211,27,"PassengerSync","id=211 bytes=27","d3 97 00 29 00 01 00 64 4c 00 00 00 00 00 00 89 b2 47 c3 32 ae 24 45 c2 ce 7c 42",""
1391,9514,"PACKET","IN",200,44,"VehicleSync","id=200 bytes=44","c8 28 00 29 00 00 00 00 00 00 00 0b d0 00 90 1c 3b 1b f6 54 5c 30 db 62 44 5e d8 a7 c4 25 0a d1 b3 fe 8f f7 e8 47 d8 16 40 7f 00 00",""
1392,9543,"PACKET","IN",207,35,"PlayerSync","id=207 bytes=35","cf 30 00 00 00 11 cb 23 30 f6 e1 09 91 71 df 1e 90 84 00 00 00 00 0a cf 00 00 00 00 00 00 01 28 00 04 11",""
1393,9543,"PACKET","IN",207,35,"PlayerSync","id=207 bytes=35","cf 60 00 00 00 18 4b 23 30 d2 98 49 91 73 1f 1e 90 84 00 00 00 00 9a bd c0 00 00 00 00 00 01 fb 04 e8 80",""
1394,9561,"PACKET","OUT",207,69,"PlayerSync","id=207 bytes=69","cf 00 00 00 00 00 00 f7 9e a0 c3 55 1c 27 45 ed 9c 7c 42 58 d8 36 3f 00 00 00 80 00 00 00 00 cb 2c 33 bf 64 00 04 00 00 00 00 00 00 00 00 00 00 00 00 00 00 00 00 00 00 00 00 00 00 00 00 00 00 00 28 00 04 11",""
1395,9589,"RPC","IN",113,7,"SetPlayerAttachedObject","id=113 bytes=7","4b 00 09 00 00 00 00",""
1396,9589,"RPC","IN",86,29,"ApplyPlayerAnimation","id=86 bytes=29","4b 00 05 43 41 52 52 59 0b 63 72 72 79 5f 70 72 74 69 61 6c 33 33 83 40 00 00 00 00 00",""
1397,9589,"PACKET","IN",207,35,"PlayerSync","id=207 bytes=35","cf 7e 00 00 00 27 c2 66 f0 e4 cb 89 d1 7b 67 1f 10 84 00 00 00 00 5a b7 94 00 00 00 00 00 01 28 00 04 11",""
1398,9590,"PACKET","IN",211,27,"PassengerSync","id=211 bytes=27","d3 97 00 29 00 01 00 64 4c 00 00 00 00 00 00 cb 30 45 c3 a3 af 24 45 13 ef 7c 42",""
1399,9590,"RPC","IN",105,19,"TextDrawSetString","id=105 bytes=19 | TextDrawID=303 length=15 text=""09 Agustus 2026""","2f 01 0f 00 30 39 20 41 67 75 73 74 75 73 20 32 30 32 36",""
1400,9590,"RPC","IN",105,12,"TextDrawSetString","id=105 bytes=12 | TextDrawID=304 length=8 text=""12:19:10""","30 01 08 00 31 32 3a 31 39 3a 31 30",""
1401,9590,"PACKET","IN",207,35,"PlayerSync","id=207 bytes=35","cf 08 00 00 00 3e d3 69 70 f4 cf 4a 91 4b 81 5e d0 84 00 00 00 02 86 6f c0 00 00 00 00 00 01 a5 04 04 80",""
1402,9590,"PACKET","IN",200,44,"VehicleSync","id=200 bytes=44","c8 3c 00 47 00 61 00 07 00 00 00 23 c0 0a 30 57 3f ae b7 c7 2c 3f 9b b2 24 56 21 d7 94 2b bf 94 73 e5 aa 17 10 43 48 26 80 3a 00 50",""
1403,9590,"PACKET","IN",207,35,"PlayerSync","id=207 bytes=35","cf 55 00 00 00 32 ed e6 b0 da b6 49 91 7b 67 1f 10 84 00 00 00 00 72 71 80 00 00 00 00 00 01 28 00 04 11",""
1404,9610,"PACKET","IN",207,35,"PlayerSync","id=207 bytes=35","cf 00 00 00 00 1d e3 e3 70 f6 e5 09 91 41 63 5e 90 80 00 00 00 03 4b 47 00 00 00 00 00 00 01 28 00 04 11",""
1405,9610,"PACKET","IN",200,44,"VehicleSync","id=200 bytes=44","c8 28 00 29 00 00 00 00 00 00 00 0d c0 08 50 0c 2b 16 b0 f4 3c 35 8b 72 44 55 8a 67 c4 2c 8a 71 93 fe 9f f6 48 47 38 16 40 7f 00 00",""
1406,9611,"RPC","IN",95,24,"CreatePickup","id=95 bytes=24","3d 00 00 00 b5 09 00 00 17 00 00 00 54 c3 6a c3 e1 3e 22 45 c6 9c 7a 42",""
1407,9611,"RPC","IN",95,24,"CreatePickup","id=95 bytes=24","42 00 00 00 ba 04 00 00 17 00 00 00 ec 71 61 c3 52 68 22 45 65 d9 7a 42",""
1408,9631,"RPC","IN",87,2,"ClearPlayerAnimation","id=87 bytes=2","6b 00",""
1409,9631,"RPC","IN",86,29,"ApplyPlayerAnimation","id=86 bytes=29","6b 00 05 43 41 52 52 59 0b 63 72 72 79 5f 70 72 74 69 61 6c 33 33 83 40 00 00 00 00 00",""
1410,9631,"RPC","IN",86,27,"ApplyPlayerAnimation","id=86 bytes=27","83 00 07 42 44 5f 46 49 52 45 07 77 61 73 68 5f 75 70 33 33 83 40 80 00 00 00 00",""
1411,9656,"PACKET","IN",200,44,"VehicleSync","id=200 bytes=44","c8 28 00 29 00 00 00 00 00 00 00 08 c0 03 f0 0c 2b 1f 2f 74 0c 37 db 82 44 5a 5b e7 c4 20 db 21 73 fe 9f f5 a8 47 38 16 40 7f 00 00",""
1412,9656,"PACKET","IN",207,35,"PlayerSync","id=207 bytes=35","cf 5e 00 00 00 21 d0 22 b0 c3 a9 09 91 6c 1a 9e 90 84 00 00 00 02 14 82 c0 00 00 00 00 00 01 28 00 04 11",""
1413,9656,"PACKET","IN",211,27,"PassengerSync","id=211 bytes=27","d3 97 00 29 00 01 00 64 4c 00 00 00 00 00 00 fc 99 42 c3 13 b1 24 45 6e 0c 7d 42",""
1414,9675,"PACKET","IN",207,35,"PlayerSync","id=207 bytes=35","cf 20 00 00 00 11 55 e5 b0 c2 d0 89 d1 6c e4 9f 10 80 00 00 00 02 72 8b c0 00 00 00 00 00 01 a5 04 04 80",""
1415,9675,"PACKET","IN",200,44,"VehicleSync","id=200 bytes=44","c8 3c 00 47 00 62 00 07 00 00 00 21 10 01 d0 6f af d8 86 07 2c 34 9a f2 24 59 72 47 94 22 30 f4 03 ed 78 73 d0 08 d8 06 80 3a 00 50",""
1416,9675,"PACKET","IN",207,35,"PlayerSync","id=207 bytes=35","cf 4b 00 00 00 34 a8 a3 70 ff 5d 09 91 7b 23 5e 90 80 00 00 00 03 47 12 00 00 00 00 00 00 01 03 01 04 11",""
1417,9716,"PACKET","IN",207,35,"PlayerSync","id=207 bytes=35","cf 6b 00 00 00 09 42 e6 f0 d3 4e 89 d1 7b 67 1f 10 84 00 00 00 03 77 d7 40 00 00 00 00 00 01 a5 04 e8 80",""
1418,9740,"PACKET","IN",200,44,"VehicleSync","id=200 bytes=44","c8 28 00 29 00 00 00 00 00 00 00 00 b0 01 d0 0c 1b 10 ad 83 ec 3a 6b 92 44 5b 6d 77 c4 23 6b b1 53 fe 9f f5 c8 47 d8 16 40 7f 00 00",""
1419,9741,"PACKET","IN",200,44,"VehicleSync","id=200 bytes=44","c8 3c 00 47 00 62 00 07 00 00 00 63 c0 02 10 6c 3f fe 36 c7 2c 3a 6a 32 24 58 42 37 94 20 7a 73 93 e2 26 f1 d0 18 a7 f6 80 3a 00 50",""
1420,9741,"PACKET","IN",207,35,"PlayerSync","id=207 bytes=35","cf 4b 00 00 00 34 a8 a3 70 ff 5d 09 91 7b 23 5e 90 80 00 00 00 03 47 12 00 00 00 00 00 00 01 a5 04 04 80",""
1421,9769,"PACKET","IN",207,35,"PlayerSync","id=207 bytes=35","cf 54 00 00 00 31 4a e3 30 d7 9b 89 91 71 1f 1e 90 84 00 00 00 03 1e c2 c0 00 00 00 00 00 01 28 00 04 11",""
1422,9769,"PACKET","IN",207,49,"PlayerSync","id=207 bytes=49","cf 1f 00 00 00 2c 0c 6b 70 ce 7f c9 91 65 c3 60 10 80 00 00 00 00 fb f3 e0 00 0c 00 00 00 02 e6 00 01 09 d6 7e 00 80 58 7c 00 31 be 7b 14 04 04 80",""
1423,9770,"PACKET","IN",211,27,"PassengerSync","id=211 bytes=27","d3 97 00 29 00 01 00 64 4c 00 00 00 00 00 00 a7 2a 40 c3 66 b2 24 45 fb 26 7d 42",""
1424,9808,"PACKET","IN",200,44,"VehicleSync","id=200 bytes=44","c8 28 00 29 00 00 00 00 00 00 00 47 50 00 70 0c 0b 1e d9 e3 cc 3d fb a2 44 5d 7f 27 c4 27 1b f1 33 fe 9f f6 a8 48 a8 16 40 7f 00 00",""
1425,9809,"PACKET","IN",200,44,"VehicleSync","id=200 bytes=44","c8 3c 00 47 00 00 00 00 00 00 00 18 90 03 70 5b 4f f2 49 47 2c 33 e9 92 24 55 22 07 94 2f 00 93 73 eb 85 f2 30 47 77 f6 80 3a 00 50",""
1426,9809,"PACKET","IN",207,35,"PlayerSync","id=207 bytes=35","cf 63 00 00 00 35 85 e6 f0 f9 48 49 d1 7b 67 1f 10 84 00 00 00 03 a1 c6 00 00 00 00 00 00 01 28 00 04 11",""
1427,9809,"PACKET","IN",203,34,"AimSync","id=203 bytes=34","cb 63 00 04 7a f2 7d bf 91 73 19 3d 77 34 f7 bd 80 f7 99 c3 88 20 27 45 07 0e 80 42 00 00 00 00 3f 44",""
1428,9809,"PACKET","IN",207,35,"PlayerSync","id=207 bytes=35","cf 83 00 00 00 03 66 a3 70 d0 20 49 91 77 21 9e 90 80 00 00 00 03 f2 9a 40 00 00 00 00 00 01 28 00 04 11",""
1429,9809,"PACKET","IN",203,34,"AimSync","id=203 bytes=34","cb 83 00 04 12 de ed 3d cd 2e 76 bf 58 6e 7e be 2d c2 8d c3 c5 aa 26 45 da 9b 7f 42 00 00 00 00 3f c6",""
1430,9828,"RPC","IN",24,18,"SetVehicleParamsEx","id=24 bytes=18","5e 00 00 00 ff 00 ff 00 ff ff ff ff ff ff ff ff ff ff",""
1431,9828,"PACKET","IN",207,35,"PlayerSync","id=207 bytes=35","cf 92 00 00 00 2c 75 e2 f0 dd a6 09 91 79 9e 1e 90 84 00 00 00 00 c2 8d c0 00 00 00 00 00 01 a5 04 04 80",""
1432,9828,"PACKET","IN",211,27,"PassengerSync","id=211 bytes=27","d3 97 00 29 00 01 00 64 4c 00 00 00 00 00 00 ce b4 3d c3 bd b3 24 45 22 42 7d 42",""
1433,9855,"PACKET","IN",207,49,"PlayerSync","id=207 bytes=49","cf 1f 00 00 00 16 8c 2b 70 d2 3f c9 91 67 82 a0 10 82 34 01 30 00 fb f3 e0 00 0c 00 00 00 02 e6 00 01 09 d6 7e 00 80 58 7c 00 31 be 7b 03 04 04 80",""
1434,9897,"PACKET","IN",200,44,"VehicleSync","id=200 bytes=44","c8 28 00 29 00 00 00 00 00 00 00 6b 30 01 30 0b fb 1d 07 b3 ac 31 0b c2 44 59 90 d7 d4 2b 4c 91 13 fe 8f f7 e8 49 18 16 40 7f 00 00",""
1435,9897,"PACKET","IN",203,34,"AimSync","id=203 bytes=34","cb 28 00 12 af ca 7e 3f 06 c5 e4 3c 56 56 be bd d6 06 44 c3 a7 b7 24 45 0d 00 82 42 00 00 00 00 0e 36",""
1436,9897,"PACKET","IN",207,35,"PlayerSync","id=207 bytes=35","cf 85 00 00 00 19 15 a5 b0 d1 07 09 d1 6c 24 9f 10 80 00 00 00 00 31 f1 80 00 00 00 00 00 01 28 00 04 11",""
1437,9897,"PACKET","IN",203,34,"AimSync","id=203 bytes=34","cb 85 00 04 46 60 3e 3e d4 7c 77 3f 00 cf 33 be ee 8a 96 c3 1e fa 26 45 05 43 80 42 00 00 00 00 3f c6",""
1438,9897,"RPC","IN",86,27,"ApplyPlayerAnimation","id=86 bytes=27","7c 00 07 42 44 5f 46 49 52 45 07 77 61 73 68 5f 75 70 33 33 83 40 80 00 00 00 00",""
1439,9898,"PACKET","IN",211,27,"PassengerSync","id=211 bytes=27","d3 97 00 29 00 01 00 64 4c 00 00 00 00 00 00 29 4a 3b c3 11 b5 24 45 10 5e 7d 42",""
1440,9945,"PACKET","IN",207,35,"PlayerSync","id=207 bytes=35","cf 0b 00 00 00 04 80 26 f0 c6 7c 89 91 7b 67 1f 10 84 00 00 00 02 c5 e7 c0 00 00 00 00 00 01 28 00 04 11",""
1441,9945,"PACKET","IN",207,49,"PlayerSync","id=207 bytes=49","cf 1f 00 00 00 1f 8b ab 70 d7 7f c9 91 53 41 a0 10 81 44 06 e0 00 fb f3 e0 00 0c 00 00 00 02 e6 00 01 09 d6 7e 00 80 58 7c 00 31 be 7b 03 04 04 80",""
1442,9971,"PACKET","IN",207,35,"PlayerSync","id=207 bytes=35","cf 5b 00 00 00 07 c2 e6 f0 dc f9 09 91 7b 67 1f 10 80 00 00 00 01 0b e2 00 00 00 00 00 00 01 a5 04 e8 80",""
1443,9971,"PACKET","OUT",203,32,"AimSync","id=203 bytes=32","cb 00 00 00 39 05 00 00 00 00 00 00 00 00 00 00 00 40 01 00 00 00 80 3f 00 00 f3 04 b5 3f 39 05",""
1444,9972,"PACKET","IN",207,35,"PlayerSync","id=207 bytes=35","cf 7c 00 00 00 2e 67 68 30 c9 79 09 91 7b 67 1f 10 84 00 00 00 03 5a 96 40 00 00 00 00 00 01 28 00 04 11",""
1445,9972,"PACKET","IN",200,44,"VehicleSync","id=200 bytes=44","c8 28 00 29 00 00 00 00 00 08 00 41 30 12 d0 0b fb 13 ff 93 7c 37 fb d2 44 50 22 d7 d4 2f 88 81 23 fe 7f f9 68 48 d8 16 40 7f 00 00",""
1446,9972,"PACKET","IN",200,44,"VehicleSync","id=200 bytes=44","c8 3c 00 47 00 00 00 00 00 00 00 14 00 06 50 39 ff e7 5e 97 2c 32 58 32 24 5a 72 07 94 26 2f c3 03 ec 96 26 00 36 98 06 80 3a 00 50",""
1447,9972,"PACKET","IN",203,34,"AimSync","id=203 bytes=34","cb 3c 00 12 3e b6 d7 3e c8 f6 64 bf 3f cf 19 be 54 83 74 c3 55 c5 22 45 da db 7e 42 00 00 00 00 3f 36",""
1448,9972,"RPC","IN",87,2,"ClearPlayerAnimation","id=87 bytes=2","4b 00",""
1449,9972,"RPC","IN",86,29,"ApplyPlayerAnimation","id=86 bytes=29","4b 00 05 43 41 52 52 59 0b 63 72 72 79 5f 70 72 74 69 61 6c 33 33 83 40 00 00 00 00 00",""
1450,9992,"PACKET","IN",211,27,"PassengerSync","id=211 bytes=27","d3 97 00 29 00 01 00 64 4c 00 00 00 00 00 00 a5 ec 38 c3 65 b6 24 45 23 7b 7d 42",""
1451,10011,"PACKET","IN",207,35,"PlayerSync","id=207 bytes=35","cf 1b 00 00 00 14 4b 23 30 e7 5e 49 91 72 1f 1e 90 84 00 00 00 03 f6 d3 00 00 00 00 00 00 01 28 00 04 11",""
1452,10011,"PACKET","IN",207,49,"PlayerSync","id=207 bytes=49","cf 1f 00 00 00 1f 4b 2b 70 dd 3f c9 91 5b 00 60 10 80 94 08 b0 04 f3 f3 e0 00 0c 00 00 00 02 e6 00 01 09 d6 7e 00 80 58 7c 00 31 be 7b 03 04 04 80",""
1453,10040,"PACKET","OUT",205,9,"UNKNOWN_PACKET","id=205 bytes=9","cd b8 4a 04 00 00 00 00 00",""
1454,10060,"PACKET","IN",200,44,"VehicleSync","id=200 bytes=44","c8 28 00 29 00 00 00 00 00 08 00 49 50 1d e0 0b eb 1c 66 b3 5c 3f 9b e2 44 5b f4 c7 d4 26 9f 51 33 fe 6f fa 88 48 d8 16 40 7f 00 00",""
1455,10060,"PACKET","IN",200,44,"VehicleSync","id=200 bytes=44","c8 3c 00 47 00 00 00 00 00 00 00 13 f0 0d 80 37 8f e5 c0 f7 3c 3e 17 82 24 5a 42 27 94 27 31 52 c3 e3 d6 34 50 34 58 06 80 3a 00 50",""
1456,10084,"PACKET","IN",207,37,"PlayerSync","id=207 bytes=37","cf 08 00 fb ff 80 00 3e d3 69 70 f4 cf 4a 91 4b 81 5e d0 84 00 00 00 01 26 a7 c0 00 00 00 00 00 01 c8 04 04 80",""
1457,10084,"PACKET","IN",207,35,"PlayerSync","id=207 bytes=35","cf 4f 00 00 00 0a f1 a3 30 c2 14 89 91 76 20 de 90 80 00 00 00 03 60 5a 00 00 00 00 00 00 01 28 00 04 11",""
1458,10084,"PACKET","IN",203,34,"AimSync","id=203 bytes=34","cb 4f 00 04 97 fc d5 be 3e 17 4a 3f 96 32 e6 be 03 61 8c c3 26 3a 26 45 73 28 80 42 00 00 00 00 3f 26",""
1459,10084,"PACKET","IN",211,27,"PassengerSync","id=211 bytes=27","d3 97 00 29 00 01 00 64 4c 00 00 00 00 00 00 36 ed 36 c3 8a b7 24 45 71 94 7d 42",""
1460,10108,"PACKET","IN",207,45,"PlayerSync","id=207 bytes=45","cf 08 00 ea ff fd 7f c0 00 0d 93 a9 70 fa cf 4a 91 51 01 5e d0 84 00 00 00 02 12 db c0 00 00 26 36 d8 ec d5 69 2b eb fd fd c8 04 04 80",""
1461,10109,"PACKET","IN",207,35,"PlayerSync","id=207 bytes=35","cf 30 00 00 00 11 cb 23 30 f6 e1 09 91 71 df 1e 90 84 00 00 00 00 0a cf 00 00 00 00 00 00 01 28 00 04 11",""
1462,10109,"PACKET","IN",207,49,"PlayerSync","id=207 bytes=49","cf 1f 00 00 00 24 0a ab 70 e2 7f c9 91 41 7e 5f d0 83 c0 0a 6c 04 eb f3 e0 00 0c 00 00 00 02 e6 00 01 09 d6 7e 00 80 58 7c 00 31 be 7b 03 04 04 80",""
1463,10109,"PACKET","IN",203,34,"AimSync","id=203 bytes=34","cb 1f 00 04 58 7e 6a 3f a4 fe ab be 85 9d 60 be 35 86 ae c3 4f 0f 27 45 fa 7e 82 42 00 00 00 00 3f 15",""
1464,10109,"PACKET","IN",207,35,"PlayerSync","id=207 bytes=35","cf 55 00 00 00 32 ed e6 b0 da b6 49 91 7b 67 1f 10 84 00 00 00 00 72 71 80 00 00 00 00 00 01 28 00 04 11",""
1465,10109,"PACKET","IN",207,35,"PlayerSync","id=207 bytes=35","cf 60 00 00 00 18 4b 23 30 d2 98 49 91 73 1f 1e 90 84 00 00 00 00 9a bd c0 00 00 00 00 00 01 fb 04 e8 80",""
1466,10128,"PACKET","IN",207,45,"PlayerSync","id=207 bytes=45","cf 08 00 e5 7f fc 3f c0 00 1b d3 a9 70 fb cf 4a 91 54 81 5e d0 84 00 00 00 02 8b 0f c0 00 01 00 7f 74 ea 88 39 be ef fd fd c8 04 04 80",""
1467,10128,"RPC","IN",135,2,"HideTextDraw","id=135 bytes=2","31 08",""
1468,10128,"RPC","IN",135,2,"HideTextDraw","id=135 bytes=2","32 08",""
1469,10128,"RPC","IN",135,2,"HideTextDraw","id=135 bytes=2","33 08",""
1470,10128,"RPC","IN",135,2,"HideTextDraw","id=135 bytes=2","34 08",""
1471,10129,"RPC","IN",135,2,"HideTextDraw","id=135 bytes=2","35 08",""
1472,10129,"RPC","IN",135,2,"HideTextDraw","id=135 bytes=2","36 08",""
1473,10150,"PACKET","IN",207,35,"PlayerSync","id=207 bytes=35","cf 2d 00 00 00 34 a7 e5 b0 d2 4e 89 d1 6c 24 9f 10 84 00 00 00 01 78 73 c0 00 00 00 00 00 01 28 00 04 11",""
1474,10151,"PACKET","IN",203,34,"AimSync","id=203 bytes=34","cb 2d 00 04 23 23 67 3f 6b 6c 83 be e3 8f b0 be 90 f0 97 c3 41 46 27 45 fa 7e 81 42 00 00 00 00 3f 28",""
1475,10151,"PACKET","IN",207,35,"PlayerSync","id=207 bytes=35","cf 00 00 00 00 1d e3 e3 70 f6 e5 09 91 41 63 5e 90 80 00 00 00 03 4b 47 00 00 00 00 00 00 01 28 00 04 11",""
1476,10151,"PACKET","IN",207,45,"PlayerSync","id=207 bytes=45","cf 08 00 e0 7f fb 7f c0 00 28 53 a9 70 f6 8f 4a 91 56 81 5e d0 84 00 00 00 03 3b 3f c0 00 02 4c ee 4c ec 8d 6d ac 17 fd fd c8 04 04 80",""
1477,10152,"PACKET","IN",200,44,"VehicleSync","id=200 bytes=44","c8 28 00 29 00 00 00 00 00 08 00 4a 60 15 00 1b eb 11 4e e3 2c 36 fc 02 44 5b 76 b7 d4 20 14 81 53 fe 6f fb 08 48 c8 16 40 7f 00 00",""
1478,10152,"PACKET","IN",200,44,"VehicleSync","id=200 bytes=44","c8 3c 00 47 00 b9 ff ed ff 00 00 15 50 08 e0 48 9f eb 43 57 3c 39 46 d2 24 52 02 37 94 26 1f 52 43 ea d6 9f 60 1e 27 f6 80 3a 00 50",""
1479,10152,"PACKET","IN",207,35,"PlayerSync","id=207 bytes=35","cf 7e 00 00 00 27 c2 66 f0 e4 cb 89 d1 7b 67 1f 10 84 00 00 00 00 5a b7 94 00 00 00 00 00 01 28 00 04 11",""
1480,10152,"PACKET","IN",211,27,"PassengerSync","id=211 bytes=27","d3 97 00 29 00 01 00 64 4c 00 00 00 00 00 00 c5 7a 34 c3 f8 b8 24 45 4c b2 7d 42",""
1481,10152,"PACKET","OUT",207,69,"PlayerSync","id=207 bytes=69","cf 00 00 00 00 00 00 f7 9e a0 c3 55 1c 27 45 ed 9c 7c 42 58 d8 36 3f 00 00 00 80 00 00 00 00 cb 2c 33 bf 64 00 04 00 00 00 00 00 00 00 00 00 00 00 00 00 00 00 00 00 00 00 00 00 00 00 00 00 00 00 28 00 04 11",""
1482,10174,"PACKET","IN",207,45,"PlayerSync","id=207 bytes=45","cf 08 00 d8 7f f9 ff c0 00 32 d3 a9 70 eb cf 4a 91 56 81 5e d0 84 00 00 00 03 b3 67 c0 00 02 6a d4 78 f2 1d c3 c0 03 fd fd c8 04 04 80",""
1483,10174,"PACKET","IN",207,35,"PlayerSync","id=207 bytes=35","cf 5e 00 00 00 21 d0 22 b0 c3 a9 09 91 6c 1a 9e 90 84 00 00 00 02 14 82 c0 00 00 00 00 00 01 28 00 04 11",""
1484,10174,"RPC","IN",16,16,"PlaySound","id=16 bytes=16","42 51 00 00 00 00 00 00 00 00 00 00 00 00 00 00",""
1485,10174,"RPC","IN",134,80,"ShowTextDraw","id=134 bytes=80","37 08 11 9a 99 19 3f 00 00 00 40 1a ff 00 aa 00 00 cc 42 00 00 a0 41 00 00 00 32 00 01 00 00 00 ff 04 00 00 00 59 43 00 00 b8 43 00 00 00 00 00 00 00 00 00 00 00 00 00 00 00 00 80 3f ff ff ff ff 0d 00 6c 64 5f 64 75 61 6c 3a 77 68 69 74 65",""
1486,10174,"RPC","IN",105,7,"TextDrawSetString","id=105 bytes=7 | TextDrawID=2086 length=3 text=""100""","26 08 03 00 31 30 30",""
1487,10174,"RPC","IN",105,5,"TextDrawSetString","id=105 bytes=5 | TextDrawID=2087 length=1 text=""0""","27 08 01 00 30",""
1488,10175,"RPC","IN",105,6,"TextDrawSetString","id=105 bytes=6 | TextDrawID=2088 length=2 text=""46""","28 08 02 00 34 36",""
1489,10175,"RPC","IN",105,5,"TextDrawSetString","id=105 bytes=5 | TextDrawID=2089 length=1 text=""2""","29 08 01 00 32",""
1490,10175,"RPC","IN",105,7,"TextDrawSetString","id=105 bytes=7 | TextDrawID=2090 length=3 text=""100""","2a 08 03 00 31 30 30",""
1491,10197,"PACKET","IN",207,45,"PlayerSync","id=207 bytes=45","cf 08 00 d4 ff f9 7f c0 00 3e 13 a9 70 db 8f 4a 91 55 81 5e d0 84 00 00 00 00 13 8f c0 00 00 7c 89 b8 f0 61 d5 dc 03 fd fd c8 04 04 80",""
1492,10197,"PACKET","IN",207,49,"PlayerSync","id=207 bytes=49","cf 1f 00 00 00 2b 4a 2b 70 e7 ff c9 91 7e 7b 9f d0 82 dc 0c 20 08 e3 f3 e0 00 0c 00 00 00 02 e6 00 01 09 d6 7e 00 80 58 7c 00 31 be 7b 03 04 04 80",""
1493,10223,"PACKET","IN",207,45,"PlayerSync","id=207 bytes=45","cf 08 00 d1 7f f8 ff c0 00 14 13 e9 70 fc 0f 0a 91 53 01 5e d0 84 00 00 00 02 6b b7 c0 00 02 ea 16 98 f3 49 d1 f4 03 fd fd c8 04 04 80",""
1494,10223,"PACKET","IN",200,44,"VehicleSync","id=200 bytes=44","c8 28 00 29 00 80 00 00 00 08 00 4d f0 0d 50 1e 5b 23 5c 83 0c 31 1c 12 44 53 78 67 d4 26 e2 71 63 ff bf f3 58 18 88 16 40 7f 00 00",""
1495,10223,"PACKET","IN",207,35,"PlayerSync","id=207 bytes=35","cf 6b 00 00 00 09 42 e6 f0 d3 4e 89 d1 7b 67 1f 10 84 00 00 00 03 77 d7 40 00 00 00 00 00 01 a5 04 e8 80",""
1496,10245,"PACKET","IN",207,45,"PlayerSync","id=207 bytes=45","cf 08 00 cc 7f f8 3f c0 00 35 53 e9 70 db 0f 0a 91 53 41 5e d0 84 00 00 00 03 6b cf c0 00 02 74 af c4 f0 09 c0 00 07 fd fd c8 04 04 80",""
1497,10245,"PACKET","IN",207,35,"PlayerSync","id=207 bytes=35","cf 20 00 00 00 11 55 e5 b0 c2 d0 89 d1 6c e4 9f 10 80 00 00 00 02 72 8b c0 00 00 00 00 00 01 a5 04 04 80",""
1498,10246,"PACKET","IN",200,44,"VehicleSync","id=200 bytes=44","c8 3c 00 47 00 98 ff e0 ff 00 00 10 d0 0c 40 55 0f f7 64 37 3c 35 76 22 24 59 32 27 94 20 3e 21 a3 e9 08 00 00 0a c7 f6 80 3a 00 50",""
1499,10246,"PACKET","IN",211,27,"PassengerSync","id=211 bytes=27","d3 97 00 29 00 01 00 64 4c 00 00 00 00 00 00 e9 f3 31 c3 74 ba 24 45 e2 d1 7d 42",""
1500,10272,"PACKET","IN",207,45,"PlayerSync","id=207 bytes=45","cf 08 00 ca 7f f7 bf c0 00 24 94 29 70 f6 4e ca 91 56 01 5e d0 84 00 00 00 02 8f d3 c0 00 03 23 40 20 f6 d9 ae 78 07 fd fd c8 04 04 80",""
1501,10272,"PACKET","IN",207,49,"PlayerSync","id=207 bytes=49","cf 1f 00 00 00 2e 89 ab 70 ed 7f c9 91 49 39 1f d0 82 14 11 e4 08 d3 f3 e0 00 0c 00 00 00 02 e6 00 01 09 d6 7e 00 80 58 7c 00 31 be 7b 03 04 04 80",""
1502,10273,"PACKET","IN",207,45,"PlayerSync","id=207 bytes=45","cf 08 00 c7 ff f6 7f c0 00 21 14 69 70 d1 8e ca 91 5c 41 5e d0 84 00 00 00 03 57 cf c0 00 00 81 a8 34 f4 d5 9a 80 0b fd fd c8 04 04 80",""
1503,10273,"PACKET","IN",207,35,"PlayerSync","id=207 bytes=35","cf 4b 00 00 00 34 a8 a3 70 ff 5d 09 91 7b 23 5e 90 80 00 00 00 03 47 12 00 00 00 00 00 00 01 a5 04 04 80",""
1504,10293,"PACKET","IN",207,45,"PlayerSync","id=207 bytes=45","cf 08 00 c6 ff f5 ff c0 00 2c 54 a9 70 ec 8e 8a 91 66 01 5e d0 84 00 00 00 02 fb cf c0 00 03 c0 20 3c f5 ad 83 d0 0f fd fd c8 04 04 80",""
1505,10293,"PACKET","IN",203,34,"AimSync","id=203 bytes=34","cb 08 00 04 e7 f7 74 bf 79 62 87 3e 12 d4 f5 3d d2 c7 a3 c3 7f 2d 2a 45 90 e0 7b 42 00 00 00 00 3f 36",""
1506,10293,"PACKET","IN",200,44,"VehicleSync","id=200 bytes=44","c8 28 00 29 00 00 00 00 00 08 00 07 60 0a 70 25 fb 58 c6 e2 ec 3d ec 02 44 5b 2a 27 d4 22 04 91 73 ff af f7 b7 e8 08 16 40 7f 00 00",""
1507,10314,"PACKET","IN",211,27,"PassengerSync","id=211 bytes=27","d3 97 00 29 00 01 00 64 4c 00 00 00 00 00 00 1f 7a 2f c3 5f bb 24 45 21 f3 7d 42",""
1508,10341,"PACKET","IN",207,45,"PlayerSync","id=207 bytes=45","cf 08 00 c6 7f f5 3f c0 00 2d d5 69 70 ca ce 8a 91 4d c1 9e d0 84 00 00 00 01 43 cf c0 00 01 7b 20 68 f5 f4 d7 ac 5f fd fd c8 04 04 80",""
1509,10341,"PACKET","IN",207,45,"PlayerSync","id=207 bytes=45","cf 08 00 c5 7f f4 bf c0 00 3c 95 a9 70 ec 8e 4a 91 5a 01 9e d0 84 00 00 00 01 7f cf c0 00 00 66 73 ac f1 3d 61 38 1b fd fd c8 04 04 80",""
1510,10341,"PACKET","IN",207,49,"PlayerSync","id=207 bytes=49","cf 1f 00 00 00 35 c9 2b 70 f2 bf c9 91 5d 77 5f d0 81 34 17 98 08 bf f3 e0 00 0c 00 00 00 02 e6 00 01 09 d6 7e 00 80 58 7c 00 31 be 7b 03 04 04 80",""
1511,10341,"PACKET","IN",207,35,"PlayerSync","id=207 bytes=35","cf 46 00 00 00 14 32 e6 b0 ea bf 49 91 7b 67 1f 10 84 00 00 00 00 f1 9b c0 00 00 00 00 00 01 28 00 04 11",""
1512,10341,"PACKET","IN",203,34,"AimSync","id=203 bytes=34","cb 46 00 04 96 eb 6a bf 3b 90 9d 3e 2c b7 80 be bb d7 98 c3 b9 e8 26 45 1f a5 81 42 00 00 00 00 23 37",""
1513,10341,"PACKET","IN",207,35,"PlayerSync","id=207 bytes=35","cf 92 00 00 00 2c 75 e2 f0 dd a6 09 91 79 9e 1e 90 84 00 00 00 00 c2 8d c0 00 00 00 00 00 01 a5 04 04 80",""
1514,10341,"PACKET","IN",200,44,"VehicleSync","id=200 bytes=44","c8 3c 00 47 00 91 ff de ff 00 00 56 c0 01 c0 7e 4f f4 d3 07 3c 3f a5 72 24 57 62 17 94 24 c3 b1 03 e9 69 c3 c0 37 57 f6 80 3a 00 50",""
1515,10361,"PACKET","IN",207,45,"PlayerSync","id=207 bytes=45","cf 08 00 c5 7f f4 bf c0 00 14 96 29 70 ce ce 4a 91 68 81 9e d0 84 00 00 00 03 43 cf c0 00 02 71 3f d8 f2 9d 4f b4 1f fd fd c8 04 04 80",""
1516,10388,"RPC","IN",26,5,"PlayerEnterVehicle","id=26 bytes=5","08 00 5e 00 00",""
1517,10388,"PACKET","IN",200,44,"VehicleSync","id=200 bytes=44","c8 28 00 29 00 00 00 00 00 08 00 05 a0 14 60 3d 8b 6a c1 f2 cc 32 fc 02 44 53 6b e7 d4 2f 07 81 83 ff 5f f3 c7 d7 c8 16 40 7f 00 00",""
1518,10388,"PACKET","IN",207,35,"PlayerSync","id=207 bytes=35","cf 83 00 00 00 03 66 a3 70 d0 20 49 91 77 21 9e 90 80 00 00 00 03 f2 9a 40 00 00 00 00 00 01 28 00 04 11",""
1519,10389,"PACKET","IN",207,45,"PlayerSync","id=207 bytes=45","cf 08 00 c5 7f f4 bf c4 00 03 d6 a9 70 ed 4e 0a 91 7c 01 9e d0 84 00 00 00 00 ff d3 c0 00 0c 37 48 1c f7 81 3b 34 27 fd fd c8 04 04 80",""
1520,10389,"PACKET","IN",211,27,"PassengerSync","id=211 bytes=27","d3 97 00 29 00 01 00 64 4c 00 00 00 00 00 00 ba ff 2c c3 d0 ba 24 45 97 18 7e 42",""
1521,10389,"PACKET","IN",203,34,"AimSync","id=203 bytes=34","cb 97 00 12 d0 c8 7e 3f cd bc f4 3c fa b8 bd bd b9 5c 35 c3 2d bf 24 45 fc 58 82 42 00 00 00 00 0f 36",""
1522,10389,"RPC","IN",87,2,"ClearPlayerAnimation","id=87 bytes=2","63 00",""
1523,10389,"RPC","IN",86,29,"ApplyPlayerAnimation","id=86 bytes=29","63 00 05 43 41 52 52 59 0b 63 72 72 79 5f 70 72 74 69 61 6c 33 33 83 40 00 00 00 00 00",""
1524,10411,"PACKET","IN",207,45,"PlayerSync","id=207 bytes=45","cf 08 00 c5 7f f4 bf c0 00 10 56 69 70 d3 0e 0a 91 68 c1 9e d0 84 00 00 00 00 ff d3 c0 00 0e 9b 7b 08 f1 ba 7a ac 0f fd fd c8 04 04 80",""
1525,10411,"PACKET","IN",200,44,"VehicleSync","id=200 bytes=44","c8 3c 00 47 00 00 00 00 00 00 00 29 30 05 b0 67 9f f6 b0 67 3c 3d b4 e2 24 52 a1 e7 94 20 4e 00 a3 e8 1a 59 e0 57 87 f6 80 3a 00 50",""
1526,10438,"PACKET","IN",207,45,"PlayerSync","id=207 bytes=45","cf 08 00 c5 7f f4 bf c0 00 23 16 29 70 f8 8d ca 91 57 01 9e d0 84 00 00 00 00 57 e7 c0 00 0c ef 8b 1c f2 4e 6b 28 0b fd fd c8 04 04 80",""
1527,10438,"PACKET","IN",207,49,"PlayerSync","id=207 bytes=49","cf 1f 00 00 00 34 88 ab 70 f8 7f c9 91 41 77 1f d0 80 88 19 6c 0c ab f3 e0 00 0c 00 00 00 02 e6 00 01 09 d6 7e 00 80 58 7c 00 31 be 7b 03 04 04 80",""
1528,10439,"PACKET","IN",207,35,"PlayerSync","id=207 bytes=35","cf 54 00 00 00 31 4a e3 30 d7 9b 89 91 71 1f 1e 90 84 00 00 00 03 1e c2 c0 00 00 00 00 00 01 28 00 04 11",""
1529,10439,"PACKET","IN",207,35,"PlayerSync","id=207 bytes=35","cf 85 00 00 00 19 15 a5 b0 d1 07 09 d1 6c 24 9f 10 80 00 00 00 00 31 f1 80 00 00 00 00 00 01 28 00 04 11",""
1530,10459,"PACKET","IN",207,45,"PlayerSync","id=207 bytes=45","cf 08 00 c5 7f f4 bf c0 00 0b 95 e9 70 f9 0d 8a 91 72 01 5e d0 84 00 00 00 02 9b f3 c0 00 0d 5b 85 b4 f6 da 57 68 07 fd fd c8 04 04 80",""
1531,10460,"RPC","IN",86,27,"ApplyPlayerAnimation","id=86 bytes=27","60 00 07 42 44 5f 46 49 52 45 07 77 61 73 68 5f 75 70 33 33 83 40 80 00 00 00 00",""
1532,10480,"PACKET","IN",207,41,"PlayerSync","id=207 bytes=41","cf 08 00 00 00 11 55 a9 70 f6 8d 4a 91 53 81 5e d0 84 00 00 00 03 93 fb c0 00 0c b9 9d f8 f7 c2 37 08 03 fd fd c8 04 04 80",""
1533,10480,"PACKET","IN",207,35,"PlayerSync","id=207 bytes=35","cf 0b 00 00 00 04 80 26 f0 c6 7c 89 91 7b 67 1f 10 84 00 00 00 02 c5 e7 c0 00 00 00 00 00 01 28 00 04 11",""
1534,10481,"PACKET","IN",200,44,"VehicleSync","id=200 bytes=44","c8 28 00 29 00 00 00 00 00 08 00 08 00 18 00 39 0b 71 c6 b2 9c 3f 7b e2 44 5e dd e7 d4 2a 5c d1 93 fe df f0 c7 c8 c8 16 40 7f 00 00",""
1535,10481,"PACKET","IN",207,35,"PlayerSync","id=207 bytes=35","cf 5b 00 00 00 07 c2 e6 f0 dc f9 09 91 7b 67 1f 10 80 00 00 00 01 0b e2 00 00 00 00 00 00 01 a5 04 e8 80",""
1536,10499,"PACKET","OUT",203,32,"AimSync","id=203 bytes=32","cb 00 00 00 39 05 00 00 00 00 00 00 00 00 00 00 00 40 01 00 00 00 80 3f 00 00 f3 04 b5 3f 39 05",""
1537,10508,"PACKET","IN",200,44,"VehicleSync","id=200 bytes=44","c8 3c 00 47 00 00 00 00 00 00 00 24 a0 0b 30 41 2f ff 5e a7 2c 33 44 82 24 5b 91 c7 94 2d 59 10 73 e4 a9 fe 20 32 38 06 80 3a 00 50",""
1538,10508,"PACKET","IN",211,27,"PassengerSync","id=211 bytes=27","d3 97 00 29 00 01 00 64 4c 00 00 00 00 00 00 68 88 2a c3 8f b9 24 45 92 3b 7e 42",""
1539,10508,"RPC","IN",99,42,"MoveObject","id=99 bytes=42","28 00 f8 e3 a1 c3 d7 9b 26 45 ed 5e 7b 42 f8 e3 a1 c3 d7 9b 26 45 53 c5 7d 42 00 00 80 3e 00 00 00 00 00 00 00 00 08 cc 84 43",""
1540,10508,"RPC","IN",122,2,"StopObject","id=122 bytes=2","28 00",""
1541,10508,"RPC","IN",99,42,"MoveObject","id=99 bytes=42","28 00 f8 e3 a1 c3 d7 9b 26 45 ed 5e 7b 42 f8 e3 a1 c3 d7 9b 26 45 ed 5e 7b 42 00 00 80 3e 00 00 00 00 00 00 00 00 08 cc 84 43",""
1542,10508,"RPC","IN",122,2,"StopObject","id=122 bytes=2","28 00",""
1543,10508,"RPC","IN",99,42,"MoveObject","id=99 bytes=42","28 00 f8 e3 a1 c3 d7 9b 26 45 ed 5e 7b 42 f8 e3 a1 c3 d7 9b 26 45 53 c5 7d 42 00 00 80 3e 00 00 00 00 00 00 00 00 08 cc 84 43",""
1544,10508,"RPC","IN",122,2,"StopObject","id=122 bytes=2","28 00",""
1545,10508,"RPC","IN",99,42,"MoveObject","id=99 bytes=42","28 00 f8 e3 a1 c3 d7 9b 26 45 ed 5e 7b 42 f8 e3 a1 c3 d7 9b 26 45 ed 5e 7b 42 00 00 80 3e 00 00 00 00 00 00 00 00 08 cc 84 43",""
1546,10509,"RPC","IN",122,2,"StopObject","id=122 bytes=2","28 00",""
1547,10509,"RPC","IN",99,42,"MoveObject","id=99 bytes=42","28 00 f8 e3 a1 c3 d7 9b 26 45 ed 5e 7b 42 f8 e3 a1 c3 d7 9b 26 45 53 c5 7d 42 00 00 80 3e 00 00 00 00 00 00 00 00 08 cc 84 43",""
1548,10509,"RPC","IN",122,2,"StopObject","id=122 bytes=2","28 00",""
1549,10509,"RPC","IN",99,42,"MoveObject","id=99 bytes=42","28 00 f8 e3 a1 c3 d7 9b 26 45 ed 5e 7b 42 f8 e3 a1 c3 d7 9b 26 45 ed 5e 7b 42 00 00 80 3e 00 00 00 00 00 00 00 00 08 cc 84 43",""
1550,10509,"RPC","IN",122,2,"StopObject","id=122 bytes=2","28 00",""
1551,10509,"RPC","IN",99,42,"MoveObject","id=99 bytes=42","28 00 f8 e3 a1 c3 d7 9b 26 45 ed 5e 7b 42 f8 e3 a1 c3 d7 9b 26 45 53 c5 7d 42 00 00 80 3e 00 00 00 00 00 00 00 00 08 cc 84 43",""
1552,10509,"RPC","IN",122,2,"StopObject","id=122 bytes=2","28 00",""
1553,10509,"RPC","IN",99,42,"MoveObject","id=99 bytes=42","28 00 f8 e3 a1 c3 d7 9b 26 45 ed 5e 7b 42 f8 e3 a1 c3 d7 9b 26 45 ed 5e 7b 42 00 00 80 3e 00 00 00 00 00 00 00 00 08 cc 84 43",""
1554,10509,"RPC","IN",122,2,"StopObject","id=122 bytes=2","28 00",""
1555,10509,"RPC","IN",99,42,"MoveObject","id=99 bytes=42","28 00 f8 e3 a1 c3 d7 9b 26 45 ed 5e 7b 42 f8 e3 a1 c3 d7 9b 26 45 53 c5 7d 42 00 00 80 3e 00 00 00 00 00 00 00 00 08 cc 84 43",""
1556,10509,"RPC","IN",122,2,"StopObject","id=122 bytes=2","28 00",""
1557,10509,"RPC","IN",99,42,"MoveObject","id=99 bytes=42","28 00 f8 e3 a1 c3 d7 9b 26 45 ed 5e 7b 42 f8 e3 a1 c3 d7 9b 26 45 ed 5e 7b 42 00 00 80 3e 00 00 00 00 00 00 00 00 08 cc 84 43",""
1558,10509,"PACKET","IN",207,35,"PlayerSync","id=207 bytes=35","cf 1b 00 00 00 14 4b 23 30 e7 5e 49 91 72 1f 1e 90 84 00 00 00 03 f6 d3 00 00 00 00 00 00 01 28 00 04 11",""
1559,10510,"PACKET","IN",207,49,"PlayerSync","id=207 bytes=49","cf 1f 00 00 00 36 08 2b 70 fe 3f c9 91 67 b6 9f d0 83 cc 1b 34 0c 93 f3 e0 00 0c 00 00 00 02 e6 00 01 09 d6 7e 00 80 58 7c 00 31 be 7b 03 04 04 80",""
1560,10529,"PACKET","IN",207,35,"PlayerSync","id=207 bytes=35","cf 15 00 00 00 0d a7 68 30 e3 bc 89 91 7b 67 1f 10 84 00 00 00 03 e6 8d 80 00 00 00 00 00 01 28 00 04 11",""
1561,10529,"PACKET","IN",203,34,"AimSync","id=203 bytes=34","cb 15 00 04 33 57 74 bf cd ef 4d 3e 78 ac 61 be 95 f4 9e c3 5f e7 26 45 d5 09 81 42 00 00 00 00 3f 36",""
1562,10529,"PACKET","IN",207,35,"PlayerSync","id=207 bytes=35","cf 7c 00 00 00 2e 67 68 30 c9 79 09 91 7b 67 1f 10 84 00 00 00 03 5a 96 40 00 00 00 00 00 01 28 00 04 11",""
1563,10549,"PACKET","IN",200,44,"VehicleSync","id=200 bytes=44","c8 28 00 29 00 00 00 00 00 08 00 0e 20 03 30 3c 7b 76 f5 42 7c 3d 6b d2 44 5f bf 97 d4 25 ac f1 a3 fe 7f f7 e7 ba 88 16 40 7f 00 00",""
1564,10574,"PACKET","IN",207,41,"PlayerSync","id=207 bytes=41","cf 08 00 00 00 36 55 29 70 ce 8c 8a 91 44 81 1e d0 80 00 00 00 01 37 ff c0 00 0d 3c 60 c0 f5 92 49 50 07 fd fd c8 04 04 80",""
1565,10574,"PACKET","IN",207,35,"PlayerSync","id=207 bytes=35","cf 60 00 00 00 18 4b 23 30 d2 98 49 91 73 1f 1e 90 84 00 00 00 00 9a bd c0 00 00 00 00 00 01 28 00 04 11",""
1566,10574,"PACKET","IN",211,27,"PassengerSync","id=211 bytes=27","d3 97 00 29 00 01 00 64 4c 00 00 00 00 00 00 c5 14 28 c3 25 b8 24 45 93 5a 7e 42",""
1567,10596,"PACKET","IN",200,44,"VehicleSync","id=200 bytes=44","c8 3c 00 47 00 00 00 00 00 00 00 21 b0 02 c0 4c 6f e9 ac 97 2c 3f 93 e2 24 54 01 f7 94 22 f0 a0 33 eb 99 b0 a0 3b 68 06 80 3a 00 50",""
1568,10596,"PACKET","IN",207,35,"PlayerSync","id=207 bytes=35","cf 4f 00 00 00 0a f1 a3 30 c2 14 89 91 76 20 de 90 80 00 00 00 03 60 5a 00 00 00 00 00 00 01 28 00 04 11",""
1569,10597,"PACKET","IN",207,49,"PlayerSync","id=207 bytes=49","cf 1f 00 00 00 39 07 ab 70 c3 80 09 d1 4e b6 5f d0 83 04 1c f8 10 77 f3 e0 00 0c 00 00 00 02 e6 00 01 09 d6 7e 00 80 58 7c 00 31 be 7b 03 04 04 80",""
1570,10624,"PACKET","IN",200,44,"VehicleSync","id=200 bytes=44","c8 28 00 29 00 00 00 00 00 08 00 45 d0 04 f0 2e 0b 72 71 22 5c 37 cb c2 44 59 21 97 e4 2e 2e 11 b3 fe 3f f1 17 bc a8 16 40 7f 00 00",""
1571,10624,"RPC","IN",105,19,"TextDrawSetString","id=105 bytes=19 | TextDrawID=303 length=15 text=""09 Agustus 2026""","2f 01 0f 00 30 39 20 41 67 75 73 74 75 73 20 32 30 32 36",""
1572,10624,"RPC","IN",105,12,"TextDrawSetString","id=105 bytes=12 | TextDrawID=304 length=8 text=""12:19:11""","30 01 08 00 31 32 3a 31 39 3a 31 31",""
1573,10665,"PACKET","IN",207,35,"PlayerSync","id=207 bytes=35","cf 08 00 00 00 13 94 e9 70 ff cc 0a 91 5e 7f de 90 84 00 00 00 01 db ff c0 00 0c 00 00 00 01 f1 03 04 80",""
1574,10666,"PACKET","IN",207,35,"PlayerSync","id=207 bytes=35","cf 30 00 00 00 11 cb 23 30 f6 e1 09 91 71 df 1e 90 84 00 00 00 00 0a cf 00 00 00 00 00 00 01 28 00 04 11",""
1575,10666,"PACKET","IN",211,27,"PassengerSync","id=211 bytes=27","d3 97 00 29 00 01 00 64 4c 00 00 00 00 00 00 92 a1 25 c3 9d b6 24 45 fd 77 7e 42",""
1576,10666,"RPC","IN",86,27,"ApplyPlayerAnimation","id=86 bytes=27","6b 00 07 42 44 5f 46 49 52 45 07 77 61 73 68 5f 75 70 33 33 83 40 80 00 00 00 00",""
1577,10666,"PACKET","IN",207,35,"PlayerSync","id=207 bytes=35","cf 55 00 00 00 32 ed e6 b0 da b6 49 91 7b 67 1f 10 84 00 00 00 00 72 71 80 00 00 00 00 00 01 28 00 04 11",""
1578,10666,"RPC","IN",87,2,"ClearPlayerAnimation","id=87 bytes=2","1a 00",""
1579,10666,"RPC","IN",86,29,"ApplyPlayerAnimation","id=86 bytes=29","1a 00 05 43 41 52 52 59 0b 63 72 72 79 5f 70 72 74 69 61 6c 33 33 83 40 00 00 00 00 00",""
1580,10687,"PACKET","IN",207,49,"PlayerSync","id=207 bytes=49","cf 1f 00 00 00 3a 07 2b 70 c9 00 09 d1 74 75 df d0 82 48 22 c4 10 57 f3 e0 00 0c 00 00 00 02 e6 00 01 09 d6 7e 00 80 58 7c 00 31 be 7b 03 04 04 80",""
1581,10687,"PACKET","IN",200,44,"VehicleSync","id=200 bytes=44","c8 28 00 29 00 00 00 00 00 08 00 4c d0 1c c0 0e fb 70 ec a2 2c 30 9b b2 44 52 f3 87 e4 2b bf 91 c3 fe 1f fd 87 a9 68 16 40 7f 00 00",""
1582,10687,"PACKET","IN",207,35,"PlayerSync","id=207 bytes=35","cf 2d 00 00 00 34 a7 e5 b0 d2 4e 89 d1 6c 24 9f 10 84 00 00 00 01 78 73 c0 00 00 00 00 00 01 28 00 04 11",""
1583,10707,"PACKET","IN",207,35,"PlayerSync","id=207 bytes=35","cf 00 00 00 00 1d e3 e3 70 f6 e5 09 91 41 63 5e 90 80 00 00 00 03 4b 47 00 00 00 00 00 00 01 28 00 04 11",""
1584,10708,"PACKET","OUT",207,69,"PlayerSync","id=207 bytes=69","cf 00 00 00 00 00 00 f7 9e a0 c3 55 1c 27 45 ed 9c 7c 42 58 d8 36 3f 00 00 00 80 00 00 00 00 cb 2c 33 bf 64 00 04 00 00 00 00 00 00 00 00 00 00 00 00 00 00 00 00 00 00 00 00 00 00 00 00 00 00 00 28 00 04 11",""
1585,10726,"PACKET","IN",207,35,"PlayerSync","id=207 bytes=35","cf 08 00 00 00 0f 54 a9 70 cb 0c 0a 91 5d 3f de 90 84 00 00 00 01 db ff c0 00 0c 00 00 00 01 f1 03 04 80",""
1586,10747,"PACKET","IN",200,44,"VehicleSync","id=200 bytes=44","c8 3c 00 47 00 00 00 00 00 20 00 2b 10 0b 00 89 2f ee 4a c7 2c 39 83 62 24 56 82 37 94 2e 6d 8b 23 d9 09 ac 90 22 88 06 80 3a 00 50",""
1587,10747,"PACKET","IN",207,35,"PlayerSync","id=207 bytes=35","cf 5e 00 00 00 21 d0 22 b0 c3 a9 09 91 6c 1a 9e 90 84 00 00 00 02 14 82 c0 00 00 00 00 00 01 28 00 04 11",""
1588,10747,"PACKET","IN",211,27,"PassengerSync","id=211 bytes=27","d3 97 00 29 00 01 00 64 4c 00 00 00 00 00 00 b7 f1 22 c3 dc b4 24 45 d4 93 7e 42",""
1589,10747,"RPC","IN",95,24,"CreatePickup","id=95 bytes=24","25 00 00 00 fb 04 00 00 17 00 00 00 60 65 59 c3 0a 1f 22 45 65 d9 7a 42",""
1590,10747,"PACKET","IN",200,44,"VehicleSync","id=200 bytes=44","c8 3c 00 47 00 00 00 00 00 20 00 23 50 12 50 c6 af e6 5a 07 2c 3e 53 22 24 5c 51 f7 94 2e bb 91 83 d6 19 af 00 21 37 96 80 3a 00 50",""
1591,10772,"PACKET","IN",207,49,"PlayerSync","id=207 bytes=49","cf 1f 00 00 00 32 86 ab 70 cf 00 09 d1 53 f5 9f d0 81 c8 24 ac 14 2f f3 e0 00 0c 00 00 00 02 e6 00 01 09 d6 7e 00 80 58 7c 00 31 be 7b 03 04 04 80",""
1592,10772,"PACKET","IN",200,44,"VehicleSync","id=200 bytes=44","c8 28 00 29 00 00 00 00 00 08 00 65 20 36 50 1f 5b 76 1f 91 fc 33 8b 92 44 56 f5 67 e4 2d 05 11 e3 fe 3f fe 57 a2 48 16 40 7f 00 00",""
1593,10773,"PACKET","IN",207,35,"PlayerSync","id=207 bytes=35","cf 6b 00 00 00 09 42 e6 f0 d3 4e 89 d1 7b 67 1f 10 84 00 00 00 03 77 d7 40 00 00 00 00 00 01 28 00 04 11",""
1594,10792,"PACKET","IN",207,35,"PlayerSync","id=207 bytes=35","cf 63 00 00 00 35 85 e6 f0 f9 48 49 d1 7b 67 1f 10 84 00 00 00 03 a1 c6 00 00 00 00 00 00 01 28 00 04 11",""
1595,10792,"PACKET","IN",203,34,"AimSync","id=203 bytes=34","cb 63 00 04 d4 4d 7c bf aa c0 db 3d dd 1c 06 be 5b f9 99 c3 ff 1d 27 45 f5 19 80 42 00 00 00 00 3f 44",""
1596,10812,"PACKET","IN",207,35,"PlayerSync","id=207 bytes=35","cf 08 00 00 00 31 14 29 70 fe 4b 8a 91 5c bf de 90 84 00 00 00 01 db ff c0 00 0c 00 00 00 01 13 04 04 80",""
1597,10813,"PACKET","IN",207,35,"PlayerSync","id=207 bytes=35","cf 4b 00 00 00 34 a8 a3 70 ff 5d 09 91 7b 23 5e 90 80 00 00 00 03 47 12 00 00 00 00 00 00 01 a5 04 04 80",""
1598,10813,"PACKET","IN",211,27,"PassengerSync","id=211 bytes=27","d3 97 00 29 00 01 00 64 4c 00 00 00 00 00 00 b6 57 20 c3 1d b3 24 45 bb a7 7e 42",""
1599,10840,"PACKET","IN",207,49,"PlayerSync","id=207 bytes=49","cf 1f 00 00 00 29 06 6b 70 d2 40 09 d1 5f b5 5f d0 83 ac 25 b8 14 17 f3 e0 00 0c 00 00 00 02 e6 00 01 09 d6 7e 00 80 58 7c 00 31 be 7b f6 03 e8 80",""
1600,10840,"PACKET","IN",200,44,"VehicleSync","id=200 bytes=44","c8 3c 00 47 00 00 00 00 00 20 00 23 40 12 a0 b7 5f eb 39 e7 2c 36 93 22 24 5d 91 87 94 29 c3 3c e3 bb 26 73 bf d8 97 56 80 3a 00 50",""
1601,10840,"PACKET","IN",207,35,"PlayerSync","id=207 bytes=35","cf 54 00 00 00 31 4a e3 30 d7 9b 89 91 71 1f 1e 90 84 00 00 00 03 1e c2 c0 00 00 00 00 00 01 28 00 04 11",""
1602,10862,"PACKET","IN",207,35,"PlayerSync","id=207 bytes=35","cf 92 00 00 00 2c 75 e2 f0 dd a6 09 91 79 9e 1e 90 84 00 00 00 00 c2 8d c0 00 00 00 00 00 01 a5 04 04 80",""
1603,10892,"PACKET","IN",200,44,"VehicleSync","id=200 bytes=44","c8 28 00 29 00 80 ff 00 00 08 00 69 70 41 30 39 5b 7c e2 81 dc 3b 7b 72 44 55 b6 b7 e4 28 38 d1 f3 ff 5f f1 07 dd 88 06 40 7f 00 00",""
1604,10892,"PACKET","IN",203,34,"AimSync","id=203 bytes=34","cb 28 00 12 c2 e2 7e 3f 3a 59 2e bc 46 9f bd bd d0 44 26 c3 69 b9 24 45 2d b2 82 42 00 00 00 00 0f 36",""
1605,10892,"PACKET","IN",207,35,"PlayerSync","id=207 bytes=35","cf 63 00 00 00 35 85 e6 f0 f9 48 49 d1 7b 67 1f 10 84 00 00 00 03 a1 c6 00 00 00 00 00 00 01 a5 04 e8 80",""
1606,10892,"PACKET","IN",207,35,"PlayerSync","id=207 bytes=35","cf 46 00 00 00 14 32 e6 b0 ea bf 49 91 7b 67 1f 10 84 00 00 00 00 f1 9b c0 00 00 00 00 00 01 28 00 04 11",""
1607,10916,"PACKET","IN",207,35,"PlayerSync","id=207 bytes=35","cf 08 00 00 00 1b 53 e9 70 f6 4b 4a 91 5c bf de 90 84 00 00 00 01 db ff c0 00 0c 00 00 00 01 13 04 04 80",""
1608,10916,"PACKET","IN",207,35,"PlayerSync","id=207 bytes=35","cf 20 00 00 00 11 55 e5 b0 c2 d0 89 d1 6c e4 9f 10 80 00 00 00 02 72 8b c0 00 00 00 00 00 01 a5 04 04 80",""
1609,10916,"PACKET","IN",211,27,"PassengerSync","id=211 bytes=27","d3 97 00 29 00 01 00 64 4c 00 00 00 00 00 00 93 aa 1d c3 66 b1 24 45 d4 b2 7e 42",""
1610,10916,"PACKET","IN",200,44,"VehicleSync","id=200 bytes=44","c8 3c 00 47 00 00 00 00 00 20 00 29 90 04 40 5a 6f ed 4a 37 2c 3f d3 32 24 51 21 77 94 21 33 b0 a3 d6 06 66 1f d8 78 26 80 3a 00 50",""
1611,10942,"PACKET","IN",207,35,"PlayerSync","id=207 bytes=35","cf 83 00 00 00 03 66 a3 70 d0 20 49 91 77 21 9e 90 80 00 00 00 03 f2 9a 40 00 00 00 00 00 01 28 00 04 11",""
1612,10942,"PACKET","IN",203,34,"AimSync","id=203 bytes=34","cb 83 00 04 12 de ed 3d cd 2e 76 bf 58 6e 7e be 2d c2 8d c3 c5 aa 26 45 da 9b 7f 42 00 00 00 00 3f c6",""
1613,10942,"RPC","IN",87,2,"ClearPlayerAnimation","id=87 bytes=2","2d 00",""
1614,10942,"RPC","IN",86,29,"ApplyPlayerAnimation","id=86 bytes=29","2d 00 05 43 41 52 52 59 0b 63 72 72 79 5f 70 72 74 69 61 6c 33 33 83 40 00 00 00 00 00",""
1615,10942,"PACKET","IN",200,44,"VehicleSync","id=200 bytes=44","c8 28 00 29 00 00 00 00 00 08 00 6a d0 54 90 4a fb 59 1d e1 ac 38 2b 72 44 55 87 b7 e4 25 86 12 03 ff df fc 48 0e a8 06 40 7f 00 00",""
1616,10982,"RPC","IN",86,33,"ApplyPlayerAnimation","id=86 bytes=33","20 00 06 44 45 41 4c 45 52 0e 44 45 41 4c 45 52 5f 49 44 4c 45 5f 30 31 00 00 a0 40 60 00 00 00 00",""
1617,10982,"PACKET","IN",207,35,"PlayerSync","id=207 bytes=35","cf 08 00 00 00 03 93 a9 70 ec cb 0a 91 5c bf de 90 84 00 00 00 01 db ff c0 00 0c 00 00 00 01 13 04 04 80",""
1618,10982,"PACKET","IN",207,35,"PlayerSync","id=207 bytes=35","cf 0b 00 00 00 04 80 26 f0 c6 7c 89 91 7b 67 1f 10 84 00 00 00 02 c5 e7 c0 00 00 00 00 00 01 28 00 04 11",""
1619,10983,"PACKET","IN",207,35,"PlayerSync","id=207 bytes=35","cf 85 00 00 00 19 15 a5 b0 d1 07 09 d1 6c 24 9f 10 80 00 00 00 00 31 f1 80 00 00 00 00 00 01 28 00 04 11",""
1620,10983,"PACKET","IN",203,34,"AimSync","id=203 bytes=34","cb 85 00 04 46 60 3e 3e d4 7c 77 3f 00 cf 33 be ee 8a 96 c3 1e fa 26 45 05 43 80 42 00 00 00 00 3f c6",""
1621,10983,"PACKET","IN",211,27,"PassengerSync","id=211 bytes=27","d3 97 00 29 00 01 00 64 4c 00 00 00 00 00 00 02 1b 1b c3 4e b0 24 45 98 bf 7e 42",""
1622,11007,"RPC","IN",87,2,"ClearPlayerAnimation","id=87 bytes=2","7e 00",""
1623,11007,"RPC","IN",86,29,"ApplyPlayerAnimation","id=86 bytes=29","7e 00 05 43 41 52 52 59 0b 63 72 72 79 5f 70 72 74 69 61 6c 33 33 83 40 00 00 00 00 00",""
1624,11007,"RPC","IN",137,15,"ServerJoin","id=137 bytes=15","ab 00 00 00 00 00 00 07 59 75 64 69 73 73 73",""
1625,11008,"RPC","IN",72,6,"SetPlayerColor","id=72 bytes=6","ab 00 ff 83 7f 7f",""
1626,11008,"PACKET","IN",207,35,"PlayerSync","id=207 bytes=35","cf 2d 00 00 00 34 a7 e5 b0 d2 4e 89 d1 6c 24 9f 10 84 00 00 00 01 78 73 c0 00 00 00 00 00 01 a5 04 e8 80",""
1627,11008,"RPC","IN",86,27,"ApplyPlayerAnimation","id=86 bytes=27","4b 00 07 42 44 5f 46 49 52 45 07 77 61 73 68 5f 75 70 33 33 83 40 80 00 00 00 00",""
1628,11026,"PACKET","OUT",203,32,"AimSync","id=203 bytes=32","cb 00 00 00 39 05 00 00 00 00 00 00 00 00 00 00 00 40 01 00 00 00 80 3f 00 00 f3 04 b5 3f 39 05",""
1629,11029,"PACKET","IN",200,44,"VehicleSync","id=200 bytes=44","c8 28 00 29 00 00 00 00 00 08 00 66 d0 6e f0 48 6b 37 95 a1 8c 31 9b 82 44 57 99 07 e4 20 b9 22 13 ff 6f fa e8 22 38 16 40 7f 00 00",""
1630,11029,"PACKET","IN",207,35,"PlayerSync","id=207 bytes=35","cf 5b 00 00 00 07 c2 e6 f0 dc f9 09 91 7b 67 1f 10 80 00 00 00 01 0b e2 00 00 00 00 00 00 01 a5 04 e8 80",""
1631,11048,"PACKET","OUT",205,9,"UNKNOWN_PACKET","id=205 bytes=9","cd b8 4a 04 00 00 00 00 00",""
1632,11091,"PACKET","IN",207,35,"PlayerSync","id=207 bytes=35","cf 08 00 00 00 2c d3 29 70 e4 0a ca 91 5c bf de 90 84 00 00 00 01 db ff c0 00 0c 00 00 00 01 13 04 04 80",""
1633,11091,"PACKET","IN",207,35,"PlayerSync","id=207 bytes=35","cf 1b 00 00 00 14 4b 23 30 e7 5e 49 91 72 1f 1e 90 84 00 00 00 03 f6 d3 00 00 00 00 00 00 01 28 00 04 11",""
1634,11091,"PACKET","IN",207,35,"PlayerSync","id=207 bytes=35","cf 7c 00 00 00 2e 67 68 30 c9 79 09 91 7b 67 1f 10 84 00 00 00 03 5a 96 40 00 00 00 00 00 01 28 00 04 11",""
1635,11091,"PACKET","IN",211,27,"PassengerSync","id=211 bytes=27","d3 97 00 29 00 01 00 64 4c 00 00 00 00 00 00 58 8c 18 c3 a7 b0 24 45 72 ce 7e 42",""
1636,11091,"PACKET","IN",207,35,"PlayerSync","id=207 bytes=35","cf 15 00 00 00 0d a7 68 30 e3 bc 89 91 7b 67 1f 10 84 00 00 00 03 e6 8d 80 00 00 00 00 00 01 28 00 04 11",""
1637,11091,"PACKET","IN",200,44,"VehicleSync","id=200 bytes=44","c8 28 00 29 00 00 00 00 00 08 00 65 00 6a 70 47 6b 2e 8d 11 5c 33 cb 92 44 52 ea a7 e4 28 8b b2 23 fe cf f1 78 45 48 16 40 7f 00 00",""
1638,11091,"PACKET","IN",200,44,"VehicleSync","id=200 bytes=44","c8 3c 00 47 00 00 00 00 00 20 00 23 f0 0d 10 2b 0f ed 5b 87 2c 36 33 a2 24 5a 22 27 94 2f 90 65 03 d5 e6 65 df d2 48 36 80 3a 00 50",""
1639,11092,"PACKET","IN",203,34,"AimSync","id=203 bytes=34","cb 3c 00 12 34 47 0c 3e 08 d1 7a bf 61 84 15 be 3f 36 73 c3 f7 74 22 45 9c c4 7e 42 00 00 00 00 3f 36",""
1640,11131,"PACKET","IN",207,35,"PlayerSync","id=207 bytes=35","cf 4b 00 00 00 34 a8 a3 70 ff 5d 09 91 7b 23 5e 90 80 00 00 00 03 47 12 00 00 00 00 00 00 01 28 00 04 11",""
1641,11131,"PACKET","IN",207,35,"PlayerSync","id=207 bytes=35","cf 4f 00 00 00 0a f1 a3 30 c2 14 89 91 76 20 de 90 80 00 00 00 03 60 5a 00 00 00 00 00 00 01 28 00 04 11",""
1642,11132,"PACKET","IN",207,35,"PlayerSync","id=207 bytes=35","cf 60 00 00 00 18 4b 23 30 d2 98 49 91 73 1f 1e 90 84 00 00 00 00 9a bd c0 00 00 00 00 00 01 28 00 04 11",""
1643,11174,"RPC","IN",72,6,"SetPlayerColor","id=72 bytes=6","98 00 ff ff ff ff",""
1644,11174,"RPC","IN",72,6,"SetPlayerColor","id=72 bytes=6","98 00 ff ff ff ff",""
1645,11174,"RPC","IN",11,18,"SetPlayerName","id=11 bytes=18","98 00 0e 56 65 72 65 65 6e 5f 43 68 61 69 64 65 6e 01",""
1646,11174,"PACKET","IN",207,35,"PlayerSync","id=207 bytes=35","cf 08 00 00 00 16 12 e9 70 db 4a 8a 91 5c bf de 90 84 00 00 00 01 db ff c0 00 0c 00 00 00 01 13 04 04 80",""
1647,11174,"PACKET","IN",200,44,"VehicleSync","id=200 bytes=44","c8 3c 00 47 00 00 00 00 00 20 00 23 d0 0a e0 2b 0f e3 9c 37 2c 39 13 d2 24 50 82 57 94 2b de 14 f3 d7 26 66 af db c8 06 80 3a 00 50",""
1648,11174,"PACKET","IN",211,27,"PassengerSync","id=211 bytes=27","d3 97 00 29 00 01 00 64 4c 00 00 00 00 00 00 cb d7 15 c3 c4 b1 24 45 68 e7 7e 42",""
1649,11174,"RPC","IN",135,2,"HideTextDraw","id=135 bytes=2","2b 08",""
1650,11174,"RPC","IN",135,2,"HideTextDraw","id=135 bytes=2","2c 08",""
1651,11174,"RPC","IN",135,2,"HideTextDraw","id=135 bytes=2","2d 08",""
1652,11174,"RPC","IN",135,2,"HideTextDraw","id=135 bytes=2","2e 08",""
1653,11174,"RPC","IN",135,2,"HideTextDraw","id=135 bytes=2","2f 08",""
1654,11174,"RPC","IN",135,2,"HideTextDraw","id=135 bytes=2","30 08",""
1655,11193,"PACKET","IN",207,41,"PlayerSync","id=207 bytes=41","cf 20 00 00 00 11 55 e5 b0 c2 d0 89 d1 6c e4 9f 10 80 00 00 00 02 72 8b c0 00 00 4d 27 b0 dd 29 9e 5b f7 fd fd a5 04 04 80",""
1656,11194,"PACKET","IN",200,44,"VehicleSync","id=200 bytes=44","c8 28 00 29 00 00 00 00 00 08 00 67 60 5a f0 30 fb 27 e5 b1 3c 3a 7b a2 44 56 7c 57 e4 25 4d 52 33 fe 5f fd 98 46 48 16 40 7f 00 00",""
1657,11194,"PACKET","IN",207,35,"PlayerSync","id=207 bytes=35","cf 7e 00 00 00 27 c2 66 f0 e4 cb 89 d1 7b 67 1f 10 84 00 00 00 00 5a b7 94 00 00 00 00 00 01 a5 04 e8 80",""
1658,11194,"PACKET","IN",203,34,"AimSync","id=203 bytes=34","cb 7e 00 04 74 92 74 bf 94 bd a8 3b b7 3e 97 be 92 f4 99 c3 63 2e 27 45 52 d8 80 42 00 00 00 00 3f c6",""
1659,11221,"PACKET","IN",207,41,"PlayerSync","id=207 bytes=41","cf 20 00 00 00 12 15 e5 b0 c3 10 89 d1 6c e4 9f 10 80 00 00 00 02 72 8b c0 00 03 8c a1 7c e5 29 9e 5b f7 fd fd a5 04 04 80",""
1660,11222,"PACKET","OUT",207,69,"PlayerSync","id=207 bytes=69","cf 00 00 00 00 00 00 f7 9e a0 c3 55 1c 27 45 ed 9c 7c 42 58 d8 36 3f 00 00 00 80 00 00 00 00 cb 2c 33 bf 64 00 04 00 00 00 00 00 00 00 00 00 00 00 00 00 00 00 00 00 00 00 00 00 00 00 00 00 00 00 28 00 04 11",""
1661,11242,"PACKET","IN",207,35,"PlayerSync","id=207 bytes=35","cf 00 00 00 00 1d e3 e3 70 f6 e5 09 91 41 63 5e 90 80 00 00 00 03 4b 47 00 00 00 00 00 00 01 28 00 04 11",""
1662,11242,"PACKET","IN",207,49,"PlayerSync","id=207 bytes=49","cf 1f 00 00 00 29 06 6b 70 d2 40 09 d1 5f b5 5f d0 83 ac 25 b8 14 17 f3 e0 00 0c 00 00 00 02 e6 00 01 09 d6 7e 00 80 58 7c 00 31 be 7b 1e 04 e8 80",""
1663,11243,"PACKET","IN",203,34,"AimSync","id=203 bytes=34","cb 1f 00 04 58 7e 6a 3f a4 fe ab be 85 9d 60 be ce 81 ae c3 ce 10 27 45 fd 76 82 42 00 00 00 00 3f 15",""
1664,11243,"PACKET","IN",200,44,"VehicleSync","id=200 bytes=44","c8 3c 00 47 00 00 00 00 00 20 00 24 10 09 90 2b 1f e8 0c d7 2c 3b a4 02 24 5a 62 47 94 26 fc b4 f3 d7 e6 66 df d7 67 f6 80 3a 00 50",""
1665,11243,"RPC","IN",135,2,"HideTextDraw","id=135 bytes=2","f0 00",""
1666,11243,"RPC","IN",135,2,"HideTextDraw","id=135 bytes=2","37 08",""
1667,11243,"RPC","IN",135,2,"HideTextDraw","id=135 bytes=2","38 08",""
1668,11243,"RPC","IN",87,2,"ClearPlayerAnimation","id=87 bytes=2","79 00",""
1669,11243,"RPC","IN",86,29,"ApplyPlayerAnimation","id=86 bytes=29","79 00 05 43 41 52 52 59 0b 63 72 72 79 5f 70 72 74 69 61 6c 33 33 83 40 00 00 00 00 00",""
1670,11243,"RPC","IN",88,1,"SetPlayerSpecialAction","id=88 bytes=1","00",""
1671,11243,"RPC","IN",15,1,"TogglePlayerControllable","id=15 bytes=1","01",""
1672,11243,"RPC","IN",16,16,"PlaySound","id=16 bytes=16","d5 9d 00 00 00 00 00 00 00 00 00 00 00 00 00 00",""
1673,11244,"RPC","IN",134,67,"ShowTextDraw","id=134 bytes=67","2b 08 10 9a 99 d9 3e 33 33 b3 3f 32 32 32 ff 00 00 c8 43 00 00 88 41 32 32 32 ff 00 00 32 32 32 ff 01 00 00 80 76 44 00 00 d9 42 00 00 00 00 00 00 00 00 00 00 00 00 00 00 00 00 80 3f ff ff ff ff 00 00",""
1674,11244,"RPC","IN",134,80,"ShowTextDraw","id=134 bytes=80","2c 08 10 8f c2 f5 3e 29 5c 8f 3f 00 00 00 66 00 00 50 42 00 00 88 42 80 80 80 80 00 00 00 00 00 66 04 00 00 80 a2 43 00 00 a1 43 00 00 00 00 00 00 00 00 00 00 00 00 00 00 00 00 80 3f ff ff ff ff 0d 00 4c 44 5f 53 50 41 43 3a 77 68 69 74 65",""
1675,11244,"RPC","IN",134,68,"ShowTextDraw","id=134 bytes=68","2d 08 00 8f c2 f5 3e 29 5c 8f 3f ff ff ff ff 00 00 30 42 00 00 44 42 80 80 80 80 00 00 00 00 00 00 05 00 00 80 a4 43 00 80 a5 43 f4 0a 00 00 00 00 00 00 00 00 00 00 00 00 00 00 80 3f 00 00 00 00 01 00 5f",""
1676,11245,"RPC","IN",134,77,"ShowTextDraw","id=134 bytes=77","2e 08 10 93 18 04 3e 9a 99 59 3f ff ff ff e6 00 00 a0 44 00 00 a0 44 80 80 80 80 00 00 ff ff ff e6 01 00 00 00 a3 43 00 00 a1 43 00 00 00 00 00 00 00 00 00 00 00 00 00 00 00 00 80 3f ff ff ff ff 0a 00 52 65 6d 6f 76 65 64 20 38 78",""
1677,11245,"RPC","IN",134,78,"ShowTextDraw","id=134 bytes=78","2f 08 18 93 18 04 3e 9a 99 59 3f ff ff ff e6 00 00 a0 44 00 00 a0 44 80 80 80 80 00 00 ff ff ff e6 01 00 00 00 b0 43 00 00 bb 43 00 00 00 00 00 00 00 00 00 00 00 00 00 00 00 00 80 3f ff ff ff ff 0b 00 41 79 61 6d 20 50 6f 74 6f 6e 67",""
1678,11245,"RPC","IN",134,80,"ShowTextDraw","id=134 bytes=80","30 08 10 8f c2 f5 3e 29 5c 8f 3f 1a ff 00 aa 00 00 50 42 00 00 40 40 80 80 80 80 00 00 ff ff ff e6 04 00 00 80 a2 43 00 00 c2 43 00 00 00 00 00 00 00 00 00 00 00 00 00 00 00 00 80 3f ff ff ff ff 0d 00 4c 44 5f 53 50 41 43 3a 77 68 69 74 65",""
1679,11245,"RPC","IN",135,2,"HideTextDraw","id=135 bytes=2","2b 08",""
1680,11245,"RPC","IN",135,2,"HideTextDraw","id=135 bytes=2","2c 08",""
1681,11245,"RPC","IN",135,2,"HideTextDraw","id=135 bytes=2","2d 08",""
1682,11245,"RPC","IN",135,2,"HideTextDraw","id=135 bytes=2","2e 08",""
1683,11246,"RPC","IN",135,2,"HideTextDraw","id=135 bytes=2","2f 08",""
1684,11246,"RPC","IN",135,2,"HideTextDraw","id=135 bytes=2","30 08",""
1685,11246,"RPC","IN",16,16,"PlaySound","id=16 bytes=16","d5 9d 00 00 00 00 00 00 00 00 00 00 00 00 00 00",""
1686,11246,"RPC","IN",134,67,"ShowTextDraw","id=134 bytes=67","2b 08 10 9a 99 d9 3e 33 33 b3 3f 32 32 32 ff 00 00 c8 43 00 00 88 41 32 32 32 ff 00 00 32 32 32 ff 01 00 00 80 76 44 00 00 d9 42 00 00 00 00 00 00 00 00 00 00 00 00 00 00 00 00 80 3f ff ff ff ff 00 00",""
1687,11246,"RPC","IN",134,80,"ShowTextDraw","id=134 bytes=80","2c 08 10 8f c2 f5 3e 29 5c 8f 3f 00 00 00 66 00 00 50 42 00 00 88 42 80 80 80 80 00 00 00 00 00 66 04 00 00 80 a2 43 00 00 a1 43 00 00 00 00 00 00 00 00 00 00 00 00 00 00 00 00 80 3f ff ff ff ff 0d 00 4c 44 5f 53 50 41 43 3a 77 68 69 74 65",""
1688,11247,"RPC","IN",134,68,"ShowTextDraw","id=134 bytes=68","2d 08 00 8f c2 f5 3e 29 5c 8f 3f ff ff ff ff 00 00 30 42 00 00 44 42 80 80 80 80 00 00 00 00 00 00 05 00 00 80 a4 43 00 80 a5 43 d0 0a 00 00 00 00 00 00 00 00 00 00 00 00 00 00 80 3f 00 00 00 00 01 00 5f",""
1689,11247,"RPC","IN",134,78,"ShowTextDraw","id=134 bytes=78","2e 08 10 93 18 04 3e 9a 99 59 3f ff ff ff e6 00 00 a0 44 00 00 a0 44 80 80 80 80 00 00 ff ff ff e6 01 00 00 00 a3 43 00 00 a1 43 00 00 00 00 00 00 00 00 00 00 00 00 00 00 00 00 80 3f ff ff ff ff 0b 00 52 65 63 65 69 76 65 64 20 38 78",""
1690,11247,"RPC","IN",134,77,"ShowTextDraw","id=134 bytes=77","2f 08 18 93 18 04 3e 9a 99 59 3f ff ff ff e6 00 00 a0 44 00 00 a0 44 80 80 80 80 00 00 ff ff ff e6 01 00 00 00 b0 43 00 00 bb 43 00 00 00 00 00 00 00 00 00 00 00 00 00 00 00 00 80 3f ff ff ff ff 0a 00 41 79 61 6d 20 4b 65 6d 61 73",""
1691,11247,"RPC","IN",134,80,"ShowTextDraw","id=134 bytes=80","30 08 10 8f c2 f5 3e 29 5c 8f 3f 1a ff 00 aa 00 00 50 42 00 00 40 40 80 80 80 80 00 00 ff ff ff e6 04 00 00 80 a2 43 00 00 c2 43 00 00 00 00 00 00 00 00 00 00 00 00 00 00 00 00 80 3f ff ff ff ff 0d 00 4c 44 5f 53 50 41 43 3a 77 68 69 74 65",""
1692,11247,"RPC","IN",134,67,"ShowTextDraw","id=134 bytes=67","31 08 10 9a 99 d9 3e 33 33 b3 3f 32 32 32 ff 00 00 c8 43 00 00 88 41 32 32 32 ff 00 00 32 32 32 ff 01 00 00 20 82 44 00 00 d9 42 00 00 00 00 00 00 00 00 00 00 00 00 00 00 00 00 80 3f ff ff ff ff 00 00",""
1693,11248,"RPC","IN",134,80,"ShowTextDraw","id=134 bytes=80","32 08 10 8f c2 f5 3e 29 5c 8f 3f 00 00 00 66 00 00 50 42 00 00 88 42 80 80 80 80 00 00 00 00 00 66 04 00 00 00 be 43 00 00 a1 43 00 00 00 00 00 00 00 00 00 00 00 00 00 00 00 00 80 3f ff ff ff ff 0d 00 4c 44 5f 53 50 41 43 3a 77 68 69 74 65",""
1694,11248,"RPC","IN",134,68,"ShowTextDraw","id=134 bytes=68","33 08 00 8f c2 f5 3e 29 5c 8f 3f ff ff ff ff 00 00 30 42 00 00 44 42 80 80 80 80 00 00 00 00 00 00 05 00 00 00 c0 43 00 80 a5 43 f4 0a 00 00 00 00 00 00 00 00 00 00 00 00 00 00 80 3f 00 00 00 00 01 00 5f",""
1695,11248,"RPC","IN",134,77,"ShowTextDraw","id=134 bytes=77","34 08 10 93 18 04 3e 9a 99 59 3f ff ff ff e6 00 00 a0 44 00 00 a0 44 80 80 80 80 00 00 ff ff ff e6 01 00 00 80 be 43 00 00 a1 43 00 00 00 00 00 00 00 00 00 00 00 00 00 00 00 00 80 3f ff ff ff ff 0a 00 52 65 6d 6f 76 65 64 20 38 78",""
1696,11248,"RPC","IN",134,78,"ShowTextDraw","id=134 bytes=78","35 08 18 93 18 04 3e 9a 99 59 3f ff ff ff e6 00 00 a0 44 00 00 a0 44 80 80 80 80 00 00 ff ff ff e6 01 00 00 80 cb 43 00 00 bb 43 00 00 00 00 00 00 00 00 00 00 00 00 00 00 00 00 80 3f ff ff ff ff 0b 00 41 79 61 6d 20 50 6f 74 6f 6e 67",""
1697,11248,"RPC","IN",134,80,"ShowTextDraw","id=134 bytes=80","36 08 10 8f c2 f5 3e 29 5c 8f 3f 1a ff 00 aa 00 00 50 42 00 00 40 40 80 80 80 80 00 00 ff ff ff e6 04 00 00 00 be 43 00 00 c2 43 00 00 00 00 00 00 00 00 00 00 00 00 00 00 00 00 80 3f ff ff ff ff 0d 00 4c 44 5f 53 50 41 43 3a 77 68 69 74 65",""
1698,11249,"RPC","IN",105,7,"TextDrawSetString","id=105 bytes=7 | TextDrawID=2086 length=3 text=""100""","26 08 03 00 31 30 30",""
1699,11249,"RPC","IN",105,5,"TextDrawSetString","id=105 bytes=5 | TextDrawID=2087 length=1 text=""0""","27 08 01 00 30",""
1700,11249,"RPC","IN",105,6,"TextDrawSetString","id=105 bytes=6 | TextDrawID=2088 length=2 text=""46""","28 08 02 00 34 36",""
1701,11249,"RPC","IN",105,5,"TextDrawSetString","id=105 bytes=5 | TextDrawID=2089 length=1 text=""2""","29 08 01 00 32",""
1702,11249,"RPC","IN",105,7,"TextDrawSetString","id=105 bytes=7 | TextDrawID=2090 length=3 text=""100""","2a 08 03 00 31 30 30",""
1703,11249,"RPC","IN",99,42,"MoveObject","id=99 bytes=42","28 00 f8 e3 a1 c3 d7 9b 26 45 ed 5e 7b 42 f8 e3 a1 c3 d7 9b 26 45 53 c5 7d 42 00 00 80 3e 00 00 00 00 00 00 00 00 08 cc 84 43",""
1704,11249,"RPC","IN",122,2,"StopObject","id=122 bytes=2","28 00",""
1705,11249,"RPC","IN",99,42,"MoveObject","id=99 bytes=42","28 00 f8 e3 a1 c3 d7 9b 26 45 ed 5e 7b 42 f8 e3 a1 c3 d7 9b 26 45 ed 5e 7b 42 00 00 80 3e 00 00 00 00 00 00 00 00 08 cc 84 43",""
1706,11249,"RPC","IN",122,2,"StopObject","id=122 bytes=2","28 00",""
1707,11249,"RPC","IN",99,42,"MoveObject","id=99 bytes=42","28 00 f8 e3 a1 c3 d7 9b 26 45 ed 5e 7b 42 f8 e3 a1 c3 d7 9b 26 45 53 c5 7d 42 00 00 80 3e 00 00 00 00 00 00 00 00 08 cc 84 43",""
1708,11249,"RPC","IN",122,2,"StopObject","id=122 bytes=2","28 00",""
1709,11250,"RPC","IN",99,42,"MoveObject","id=99 bytes=42","28 00 f8 e3 a1 c3 d7 9b 26 45 ed 5e 7b 42 f8 e3 a1 c3 d7 9b 26 45 ed 5e 7b 42 00 00 80 3e 00 00 00 00 00 00 00 00 08 cc 84 43",""
1710,11250,"RPC","IN",122,2,"StopObject","id=122 bytes=2","28 00",""
1711,11250,"RPC","IN",99,42,"MoveObject","id=99 bytes=42","28 00 f8 e3 a1 c3 d7 9b 26 45 ed 5e 7b 42 f8 e3 a1 c3 d7 9b 26 45 53 c5 7d 42 00 00 80 3e 00 00 00 00 00 00 00 00 08 cc 84 43",""
1712,11250,"RPC","IN",122,2,"StopObject","id=122 bytes=2","28 00",""
1713,11250,"RPC","IN",99,42,"MoveObject","id=99 bytes=42","28 00 f8 e3 a1 c3 d7 9b 26 45 ed 5e 7b 42 f8 e3 a1 c3 d7 9b 26 45 ed 5e 7b 42 00 00 80 3e 00 00 00 00 00 00 00 00 08 cc 84 43",""
1714,11250,"RPC","IN",122,2,"StopObject","id=122 bytes=2","28 00",""
1715,11250,"RPC","IN",99,42,"MoveObject","id=99 bytes=42","28 00 f8 e3 a1 c3 d7 9b 26 45 ed 5e 7b 42 f8 e3 a1 c3 d7 9b 26 45 53 c5 7d 42 00 00 80 3e 00 00 00 00 00 00 00 00 08 cc 84 43",""
1716,11250,"RPC","IN",122,2,"StopObject","id=122 bytes=2","28 00",""
1717,11250,"RPC","IN",99,42,"MoveObject","id=99 bytes=42","28 00 f8 e3 a1 c3 d7 9b 26 45 ed 5e 7b 42 f8 e3 a1 c3 d7 9b 26 45 ed 5e 7b 42 00 00 80 3e 00 00 00 00 00 00 00 00 08 cc 84 43",""
1718,11250,"RPC","IN",122,2,"StopObject","id=122 bytes=2","28 00",""
1719,11250,"RPC","IN",99,42,"MoveObject","id=99 bytes=42","28 00 f8 e3 a1 c3 d7 9b 26 45 ed 5e 7b 42 f8 e3 a1 c3 d7 9b 26 45 53 c5 7d 42 00 00 80 3e 00 00 00 00 00 00 00 00 08 cc 84 43",""
1720,11251,"RPC","IN",122,2,"StopObject","id=122 bytes=2","28 00",""
1721,11251,"RPC","IN",99,42,"MoveObject","id=99 bytes=42","28 00 f8 e3 a1 c3 d7 9b 26 45 ed 5e 7b 42 f8 e3 a1 c3 d7 9b 26 45 ed 5e 7b 42 00 00 80 3e 00 00 00 00 00 00 00 00 08 cc 84 43",""
1722,11251,"PACKET","IN",200,44,"VehicleSync","id=200 bytes=44","c8 28 00 29 00 00 00 00 00 08 00 65 e0 45 c0 2e 9b 1b 52 01 1c 31 2b c2 44 5e 4d f7 e4 21 1c d2 43 fe 1f f3 38 58 88 16 40 7f 00 00",""
1723,11251,"PACKET","IN",211,27,"PassengerSync","id=211 bytes=27","d3 97 00 29 00 01 00 64 4c 00 00 00 00 00 00 c5 fb 12 c3 60 b3 24 45 88 0a 7f 42",""
1724,11307,"PACKET","IN",207,35,"PlayerSync","id=207 bytes=35","cf 08 00 00 00 21 52 a9 70 ef 0a 4a 91 5c bf de 90 84 00 00 00 01 db ff c0 00 0c 00 00 00 01 13 04 04 80",""
1725,11307,"RPC","IN",87,2,"ClearPlayerAnimation","id=87 bytes=2","00 00",""
1726,11308,"RPC","IN",86,29,"ApplyPlayerAnimation","id=86 bytes=29","00 00 05 43 41 52 52 59 0b 63 72 72 79 5f 70 72 74 69 61 6c 33 33 83 40 00 00 00 00 00",""
1727,11308,"PACKET","OUT",207,69,"PlayerSync","id=207 bytes=69","cf 00 00 00 00 00 00 f7 9e a0 c3 55 1c 27 45 ed 9c 7c 42 58 d8 36 3f 00 00 00 80 00 00 00 00 cb 2c 33 bf 64 00 04 00 00 00 00 00 00 00 00 00 00 00 00 00 00 00 00 00 00 00 00 00 00 00 00 00 00 00 a5 04 e8 80",""
1728,11339,"PACKET","IN",200,44,"VehicleSync","id=200 bytes=44","c8 28 00 29 00 80 00 00 00 08 00 6d c0 25 c0 03 5b 2a 09 b0 ec 38 6b d2 44 5b 70 07 f4 2c ac 92 53 fe ff f8 f8 3b 58 16 40 7f 00 00",""
1729,11339,"PACKET","IN",211,27,"PassengerSync","id=211 bytes=27","d3 97 00 29 00 01 00 64 4c 00 00 00 00 00 00 63 c4 10 c3 d0 b4 24 45 60 2d 7f 42",""
1730,11339,"PACKET","IN",207,41,"PlayerSync","id=207 bytes=41","cf 20 00 00 00 14 d5 e5 b0 c4 90 89 d1 6c e4 9f 10 80 00 00 00 02 72 8b c0 00 02 5e 66 64 e5 29 9e 5b f7 fd fd a5 04 04 80",""
1731,11339,"PACKET","IN",200,44,"VehicleSync","id=200 bytes=44","c8 3c 00 47 00 00 00 00 00 20 00 24 50 09 30 2b 1f eb 6d 77 2c 3d e4 32 24 59 d2 37 94 2c 3b 54 f3 d7 d6 66 df d6 67 f6 80 3a 00 50",""
1732,11390,"PACKET","IN",211,27,"PassengerSync","id=211 bytes=27","d3 97 00 29 00 01 00 64 4c 00 00 00 00 00 00 f4 f7 0d c3 76 b6 24 45 84 5c 7f 42",""
1733,11410,"PACKET","IN",200,44,"VehicleSync","id=200 bytes=44","c8 28 00 29 00 00 00 00 00 08 00 45 d0 0f 10 12 bb 4c f0 30 cc 32 2b e2 44 58 92 17 f4 2a 3c b2 63 ff bf f3 08 17 68 16 40 7f 00 00",""
1734,11410,"PACKET","IN",207,35,"PlayerSync","id=207 bytes=35","cf 46 00 00 00 14 32 e6 b0 ea bf 49 91 7b 67 1f 10 84 00 00 00 00 f1 9b c0 00 00 00 00 00 01 28 00 04 11",""
1735,11410,"PACKET","IN",207,35,"PlayerSync","id=207 bytes=35","cf 63 00 00 00 35 85 e6 f0 f9 48 49 d1 7b 67 1f 10 84 00 00 00 03 a1 c6 00 00 00 00 00 00 01 a5 04 e8 80",""
1736,11432,"PACKET","IN",207,35,"PlayerSync","id=207 bytes=35","cf 54 00 00 00 31 4a e3 30 d7 9b 89 91 71 1f 1e 90 84 00 00 00 03 1e c2 c0 00 00 00 00 00 01 28 00 04 11",""
1737,11432,"PACKET","IN",207,35,"PlayerSync","id=207 bytes=35","cf 92 00 00 00 2c 75 e2 f0 dd a6 09 91 79 9e 1e 90 84 00 00 00 00 c2 8d c0 00 00 00 00 00 01 a5 04 04 80",""
1738,11432,"RPC","IN",86,27,"ApplyPlayerAnimation","id=86 bytes=27","63 00 07 42 44 5f 46 49 52 45 07 77 61 73 68 5f 75 70 33 33 83 40 80 00 00 00 00",""
1739,11432,"PACKET","IN",207,41,"PlayerSync","id=207 bytes=41","cf 20 00 00 00 16 55 e5 b0 c5 d0 89 d1 6c e4 9f 10 80 00 00 00 02 72 8b c0 00 01 72 64 64 e5 29 9e 5b f7 fd fd a5 04 04 80",""
1740,11497,"PACKET","IN",200,44,"VehicleSync","id=200 bytes=44","c8 28 00 29 00 00 00 00 00 08 00 01 40 27 80 37 8b 5e 08 d0 9c 34 0b e2 44 5c e3 87 f4 2c 0d f2 73 ff ef fd 27 ff 48 06 40 7f 00 00",""
1741,11498,"PACKET","IN",200,44,"VehicleSync","id=200 bytes=44","c8 3c 00 47 00 18 00 01 00 20 00 24 60 09 d0 2a ef ee 3e b7 2c 31 f4 a2 24 50 52 37 94 2c 07 74 f3 d1 16 8b df d0 e8 06 80 3a 00 50",""
1742,11498,"PACKET","IN",211,27,"PassengerSync","id=211 bytes=27","d3 97 00 29 00 01 00 64 4c 00 00 00 00 00 00 8a 9a 0b c3 f6 b6 24 45 1e 84 7f 42",""
1743,11498,"PACKET","IN",203,34,"AimSync","id=203 bytes=34","cb 97 00 12 ad e0 7e 3f 3d 75 ce 3b a8 21 bf bd 57 fb 13 c3 8a be 24 45 32 15 83 42 00 00 00 00 11 36",""
1744,11498,"PACKET","IN",207,35,"PlayerSync","id=207 bytes=35","cf 6b 00 00 00 09 42 e6 f0 d3 4e 89 d1 7b 67 1f 10 84 00 00 00 03 77 d7 40 00 00 00 00 00 01 28 00 04 11",""
1745,11498,"PACKET","IN",203,34,"AimSync","id=203 bytes=34","cb 6b 00 04 6d 7b 2e bf c4 59 2b bf f5 67 97 be 0b 45 9a c3 9f 52 27 45 7f d9 80 42 00 00 00 00 3f 3a",""
1746,11499,"PACKET","IN",207,35,"PlayerSync","id=207 bytes=35","cf 83 00 00 00 03 66 a3 70 d0 20 49 91 77 21 9e 90 80 00 00 00 03 f2 9a 40 00 00 00 00 00 01 28 00 04 11",""
1747,11520,"PACKET","IN",207,35,"PlayerSync","id=207 bytes=35","cf 0b 00 00 00 04 80 26 f0 c6 7c 89 91 7b 67 1f 10 84 00 00 00 02 c5 e7 c0 00 00 00 00 00 01 28 00 04 11",""
1748,11552,"PACKET","OUT",203,32,"AimSync","id=203 bytes=32","cb 00 00 00 39 05 00 00 00 00 00 00 00 00 00 00 00 40 01 00 00 00 80 3f 00 00 f3 04 b5 3f 39 05",""
1749,11558,"PACKET","IN",207,35,"PlayerSync","id=207 bytes=35","cf 20 00 00 00 16 95 e5 b0 c6 10 89 d1 6c e4 9f 10 80 00 00 00 02 72 8b c0 00 00 00 00 00 01 a5 04 04 80",""
1750,11558,"PACKET","IN",207,35,"PlayerSync","id=207 bytes=35","cf 85 00 00 00 19 15 a5 b0 d1 07 09 d1 6c 24 9f 10 80 00 00 00 00 31 f1 80 00 00 00 00 00 01 28 00 04 11",""
1751,11558,"PACKET","IN",211,27,"PassengerSync","id=211 bytes=27","d3 97 00 29 00 01 00 64 4c 00 00 00 00 00 00 5a 65 09 c3 be b6 24 45 04 a1 7f 42",""
1752,11578,"PACKET","IN",200,44,"VehicleSync","id=200 bytes=44","c8 28 00 29 00 00 00 00 00 08 00 0d e0 38 40 41 bb 60 6a 00 6c 3e bb d2 44 5e c4 57 f4 24 02 62 93 ff df fa 87 e5 a8 06 40 7f 00 00",""
1753,11578,"PACKET","IN",207,35,"PlayerSync","id=207 bytes=35","cf 2d 00 00 00 34 a7 e5 b0 d2 4e 89 d1 6c 24 9f 10 84 00 00 00 01 78 73 c0 00 00 00 00 00 01 a5 04 e8 80",""
1754,11578,"PACKET","IN",200,44,"VehicleSync","id=200 bytes=44","c8 3c 00 47 00 5d 00 09 00 20 00 25 30 07 30 28 8f e4 8f 27 2c 31 24 d2 24 52 22 37 94 2b fa c4 c3 de 97 36 cf f1 e8 06 80 3a 00 50",""
1755,11579,"PACKET","IN",207,35,"PlayerSync","id=207 bytes=35","cf 5b 00 00 00 07 c2 e6 f0 dc f9 09 91 7b 67 1f 10 80 00 00 00 01 0b e2 00 00 00 00 00 00 01 a5 04 e8 80",""
1756,11599,"RPC","IN",137,13,"ServerJoin","id=137 bytes=13","ac 00 00 00 00 00 00 05 5a 61 68 77 61",""
1757,11599,"RPC","IN",72,6,"SetPlayerColor","id=72 bytes=6","ac 00 ff 83 7f 7f",""
1758,11599,"PACKET","IN",207,35,"PlayerSync","id=207 bytes=35","cf 1b 00 00 00 14 4b 23 30 e7 5e 49 91 72 1f 1e 90 84 00 00 00 03 f6 d3 00 00 00 00 00 00 01 28 00 04 11",""
1759,11624,"PACKET","IN",207,35,"PlayerSync","id=207 bytes=35","cf 15 00 00 00 0d a7 68 30 e3 bc 89 91 7b 67 1f 10 84 00 00 00 03 e6 8d 80 00 00 00 00 00 01 28 00 04 11",""
1760,11624,"PACKET","IN",200,44,"VehicleSync","id=200 bytes=44","c8 3c 00 47 00 7b 00 0b 00 20 00 26 00 0f f0 11 3f ed 9f 47 2c 34 75 02 24 53 d2 37 94 29 a3 96 73 d7 67 ef cf f2 a8 06 80 3a 00 50",""
1761,11625,"PACKET","IN",211,27,"PassengerSync","id=211 bytes=27","d3 97 00 29 00 01 00 64 4c 00 00 00 00 00 00 3d 7b 06 c3 2b b6 24 45 0a b8 7f 42",""
1762,11646,"PACKET","IN",207,35,"PlayerSync","id=207 bytes=35","cf 4f 00 00 00 0a f1 a3 30 c2 14 89 91 76 20 de 90 80 00 00 00 03 60 5a 00 00 00 00 00 00 01 28 00 04 11",""
1763,11647,"PACKET","IN",207,35,"PlayerSync","id=207 bytes=35","cf 60 00 00 00 18 4b 23 30 d2 98 49 91 73 1f 1e 90 84 00 00 00 00 9a bd c0 00 00 00 00 00 01 28 00 04 11",""
1764,11647,"PACKET","IN",207,35,"PlayerSync","id=207 bytes=35","cf 7c 00 00 00 2e 67 68 30 c9 79 09 91 7b 67 1f 10 84 00 00 00 03 5a 96 40 00 00 00 00 00 01 28 00 04 11",""
1765,11674,"PACKET","IN",200,44,"VehicleSync","id=200 bytes=44","c8 28 00 29 00 00 00 00 00 08 00 02 10 4b f0 45 5b 69 dc a0 3c 34 4b d2 44 57 b4 c7 f4 23 53 02 a3 ff af fe 07 d4 f8 06 40 7f 00 00",""
1766,11675,"PACKET","IN",207,35,"PlayerSync","id=207 bytes=35","cf 4b 00 00 00 34 a8 a3 70 ff 5d 09 91 7b 23 5e 90 80 00 00 00 03 47 12 00 00 00 00 00 00 01 28 00 04 11",""
1767,11675,"RPC","IN",86,28,"ApplyPlayerAnimation","id=86 bytes=28","5b 00 09 50 4c 41 59 49 44 4c 45 53 06 73 74 72 6c 65 67 48 e1 6a 40 60 00 00 00 00",""
1768,11698,"RPC","IN",105,19,"TextDrawSetString","id=105 bytes=19 | TextDrawID=303 length=15 text=""09 Agustus 2026""","2f 01 0f 00 30 39 20 41 67 75 73 74 75 73 20 32 30 32 36",""
1769,11698,"RPC","IN",105,12,"TextDrawSetString","id=105 bytes=12 | TextDrawID=304 length=8 text=""12:19:12""","30 01 08 00 31 32 3a 31 39 3a 31 32",""
1770,11698,"RPC","IN",59,57,"ChatBubble","id=59 bytes=57","1f 00 aa ff bb ff 00 00 f0 41 88 13 00 00 2a 2a 20 4d 65 6e 63 6f 62 61 20 6d 65 6e 67 68 69 64 75 70 6b 61 6e 20 6d 65 73 69 6e 20 6b 65 6e 64 61 72 61 61 6e 6e 79 61 2e",""
1771,11698,"PACKET","IN",200,38,"VehicleSync","id=200 bytes=38","c8 1f 00 73 00 00 00 00 00 00 00 0d 50 97 80 50 6f c0 75 5a cc 3d 8f b2 64 51 43 c7 f4 20 00 00 00 0e 90 1f 80 00",""
1772,11699,"PACKET","IN",200,44,"VehicleSync","id=200 bytes=44","c8 3c 00 47 00 7c 00 0a 00 20 00 26 60 0b c0 14 5f d6 ef 47 2c 36 85 32 24 59 32 37 94 2b a1 66 13 d5 38 2f 9f f4 88 06 80 3a 00 50",""
1773,11725,"RPC","IN",24,18,"SetVehicleParamsEx","id=24 bytes=18","73 00 00 ff ff 00 ff ff ff ff ff ff ff ff ff ff ff ff",""
1774,11725,"RPC","IN",86,27,"ApplyPlayerAnimation","id=86 bytes=27","1a 00 07 42 44 5f 46 49 52 45 07 77 61 73 68 5f 75 70 33 33 83 40 80 00 00 00 00",""
1775,11725,"PACKET","IN",207,41,"PlayerSync","id=207 bytes=41","cf 20 00 00 00 11 d5 e5 b0 c3 50 89 d1 6c e4 9f 10 80 00 00 00 02 72 8b c0 00 02 76 64 64 ea d2 61 a0 0b fd fd a5 04 04 80",""
1776,11725,"PACKET","IN",203,34,"AimSync","id=203 bytes=34","cb 20 00 04 d3 bb c8 3e 70 b0 64 bf 1a fd 60 be a2 c4 96 c3 37 61 27 45 83 71 80 42 00 00 00 00 3f 37",""
1777,11726,"PACKET","IN",200,44,"VehicleSync","id=200 bytes=44","c8 28 00 29 00 00 00 00 00 08 00 08 80 34 60 46 bb 65 56 60 1c 38 cb c2 44 54 55 47 f4 2b 10 12 b3 ff 8f f7 47 d7 38 06 40 7f 00 00",""
1778,11726,"PACKET","IN",211,27,"PassengerSync","id=211 bytes=27","d3 97 00 29 00 01 00 64 4c 00 00 00 00 00 00 9a bf 03 c3 73 b5 24 45 ce c2 7f 42",""
1779,11746,"PACKET","IN",207,35,"PlayerSync","id=207 bytes=35","cf 55 00 00 00 32 ed e6 b0 da b6 49 91 7b 67 1f 10 84 00 00 00 00 72 71 80 00 00 00 00 00 01 28 00 04 11",""
1780,11746,"PACKET","IN",203,34,"AimSync","id=203 bytes=34","cb 55 00 04 06 03 6c bf c6 1f c5 3e 10 3b 2f bd 93 70 99 c3 55 c8 26 45 d3 7c 7f 42 00 00 00 00 3a 36",""
1781,11773,"PACKET","IN",207,35,"PlayerSync","id=207 bytes=35","cf 30 00 00 00 11 cb 23 30 f6 e1 09 91 71 df 1e 90 84 00 00 00 00 0a cf 00 00 00 00 00 00 01 28 00 04 11",""
1782,11773,"RPC","IN",87,2,"ClearPlayerAnimation","id=87 bytes=2","5e 00",""
1783,11774,"RPC","IN",86,29,"ApplyPlayerAnimation","id=86 bytes=29","5e 00 05 43 41 52 52 59 0b 63 72 72 79 5f 70 72 74 69 61 6c 33 33 83 40 00 00 00 00 00",""
1784,11774,"PACKET","IN",207,35,"PlayerSync","id=207 bytes=35","cf 00 00 00 00 1d e3 e3 70 f6 e5 09 91 41 63 5e 90 80 00 00 00 03 4b 47 00 00 00 00 00 00 01 28 00 04 11",""
1785,11793,"RPC","IN",87,2,"ClearPlayerAnimation","id=87 bytes=2","27 00",""
1786,11793,"RPC","IN",86,29,"ApplyPlayerAnimation","id=86 bytes=29","27 00 05 43 41 52 52 59 0b 63 72 72 79 5f 70 72 74 69 61 6c 33 33 83 40 00 00 00 00 00",""
1787,11793,"PACKET","IN",200,44,"VehicleSync","id=200 bytes=44","c8 28 00 29 00 00 00 00 00 08 00 0a 30 22 40 37 5b 68 5e 5f dc 2b 8b b2 44 50 35 d7 f4 2f 6d b2 b3 ff 7f f3 c7 d6 98 06 40 7f 00 00",""
1788,11794,"PACKET","IN",211,27,"PassengerSync","id=211 bytes=27","d3 97 00 29 00 01 00 64 4c 00 00 00 00 00 00 8e d8 00 c3 83 b4 24 45 e6 c9 7f 42",""
1789,11840,"PACKET","IN",207,35,"PlayerSync","id=207 bytes=35","cf 5e 00 00 00 21 d0 22 b0 c3 a9 09 91 6c 1a 9e 90 84 00 00 00 02 14 82 c0 00 00 00 00 00 01 a5 04 e8 80",""
1790,11840,"PACKET","IN",203,34,"AimSync","id=203 bytes=34","cb 5e 00 04 19 ff 47 bf f3 99 0a 3f f6 15 9f be 00 7f 89 c3 4a 93 26 45 d5 38 7f 42 00 00 00 00 3f 36",""
1791,11860,"PACKET","IN",207,35,"PlayerSync","id=207 bytes=35","cf 08 00 00 00 21 52 a9 70 ef 0a 4a 91 5c bf de 90 84 00 00 00 01 db ff c0 00 0c 00 00 00 01 02 04 04 80",""
1792,11861,"PACKET","IN",203,34,"AimSync","id=203 bytes=34","cb 08 00 04 67 a2 6b bf db f1 be be 47 a9 ef bd a2 bc a3 c3 a3 3d 2a 45 44 fa 7e 42 00 00 00 00 3f 36",""
1793,11861,"PACKET","IN",207,41,"PlayerSync","id=207 bytes=41","cf 20 00 00 00 07 d5 e5 b0 fc d0 49 d1 6c e4 9f 10 80 00 00 00 02 72 8b c0 00 03 0f 32 b0 ea d2 61 a0 0b fd fd a5 04 04 80",""
1794,11861,"PACKET","IN",207,39,"PlayerSync","id=207 bytes=39","cf 2d 00 e4 ff c3 00 00 00 34 a7 e5 b0 d2 4e 89 d1 6c 24 9f 10 80 00 00 00 03 d0 1f c0 00 00 00 00 00 01 c8 04 e8 80",""
1795,11862,"PACKET","IN",200,44,"VehicleSync","id=200 bytes=44","c8 3c 00 47 00 7c 00 08 00 20 00 25 50 0f 20 1b 6f b7 0f 47 2c 37 f5 72 24 51 d2 47 94 26 f1 d5 c3 d1 a7 ff ef f2 a8 06 80 3a 00 50",""
1796,11888,"PACKET","IN",200,44,"VehicleSync","id=200 bytes=44","c8 28 00 29 00 00 00 00 00 00 00 0d 50 18 90 17 9b 6b 41 7f 9c 2d fb a2 44 50 b6 37 f4 2e e8 c2 a3 ff 6f f2 77 d4 08 06 40 7f 00 00",""
1797,11889,"PACKET","IN",203,34,"AimSync","id=203 bytes=34","cb 28 00 12 5a c8 7e 3f a6 51 a6 3a 87 79 c7 bd 9c a3 05 c3 f1 ba 24 45 81 44 83 42 00 00 00 00 13 36",""
1798,11889,"PACKET","IN",200,44,"VehicleSync","id=200 bytes=44","c8 3c 00 47 00 7d 00 07 00 20 00 23 f0 02 80 2d 6f 97 7f 87 2c 35 85 b2 24 51 e2 47 94 2d 86 77 33 d3 17 69 ef fe 17 f6 80 3a 00 50",""
1799,11889,"PACKET","IN",207,35,"PlayerSync","id=207 bytes=35","cf 5b 00 00 00 07 c2 e6 f0 dc f9 09 91 7b 67 1f 10 80 00 00 00 01 0b e2 00 00 00 00 00 00 01 10 05 03 16",""
1800,11889,"RPC","IN",113,59,"SetPlayerAttachedObject","id=113 bytes=59","1f 00 00 00 00 00 d6 25 00 00 01 00 00 00 4f 77 93 9f 53 4d e2 1d 80 00 00 00 00 00 00 00 00 00 00 00 00 00 00 00 00 00 40 1f ce 62 40 1f cc 37 49 1f 80 00 7f ff 80 00 00 00 00",""
1801,11889,"RPC","IN",113,59,"SetPlayerAttachedObject","id=113 bytes=59","1f 00 02 00 00 00 c3 a5 00 00 00 80 00 00 00 00 60 1f 05 6b d1 9d 8a 57 23 df 00 00 48 60 00 00 00 00 00 00 60 1f 80 00 40 1f 80 00 40 1f 80 00 40 1f ff 80 00 7f 80 00 00 00 00",""
1802,11890,"RPC","IN",113,59,"SetPlayerAttachedObject","id=113 bytes=59","1f 00 03 00 00 00 e9 05 80 00 00 80 00 00 4d 4c 8c df 0f c2 f5 de 80 00 00 00 00 00 48 60 00 00 60 5f 80 00 00 00 00 00 40 1f 80 00 40 1f 80 00 40 1f 80 00 00 00 00 00 00 00 00",""
1803,11890,"RPC","IN",153,8,"SetPlayerSkin","id=153 bytes=8","1f 00 00 00 17 00 00 00",""
1804,11890,"RPC","IN",153,8,"SetPlayerSkin","id=153 bytes=8","1f 00 00 00 a8 00 00 00",""
1805,11890,"PACKET","IN",207,45,"PlayerSync","id=207 bytes=45","cf 2d 00 d3 7f c6 00 00 00 25 27 e5 b0 f1 8e 89 d1 6c 24 9f 10 80 00 00 00 00 60 0b c0 00 03 dd 5e 3c f3 ce 1e ff ff fd fd c8 04 e8 80",""
1806,11890,"PACKET","OUT",207,69,"PlayerSync","id=207 bytes=69","cf 00 00 00 00 00 00 f7 9e a0 c3 55 1c 27 45 ed 9c 7c 42 58 d8 36 3f 00 00 00 80 00 00 00 00 cb 2c 33 bf 64 00 04 00 00 00 00 00 00 00 00 00 00 00 00 00 00 00 00 00 00 00 00 00 00 00 00 00 00 00 a5 04 e8 80",""
1807,11911,"PACKET","IN",211,27,"PassengerSync","id=211 bytes=27","d3 97 00 29 00 01 00 64 4c 00 00 00 00 00 00 39 eb fb c2 7a b3 24 45 fb cb 7f 42",""
